,scenario,total_system_cost,asset_name,asset_cost
0,fast_slow_2055,569.0987034816908,RE_PV_MY,95.48093715984658
1,fast_slow_2055,569.0987034816908,RE_WIND_MY,289.75734792585206
2,fast_slow_2055,569.0987034816908,PP_CO2_MY,183.86041839599218
3,fast_slow_2055,569.0987034816908,EL_Demand_MY,0.0
