,scenario,total_system_cost,asset_name,asset_cost
0,slow_fast_2055,543.0811354073757,RE_PV_MY,85.8004325371725
1,slow_fast_2055,543.0811354073757,RE_WIND_MY,236.4089193281649
2,slow_fast_2055,543.0811354073757,PP_CO2_MY,220.87178354203826
3,slow_fast_2055,543.0811354073757,EL_Demand_MY,0.0
