,scenario,total_system_cost,asset_name,asset_cost
0,slow_fast_2055,543.0811354073805,RE_PV_MY,85.80043253756986
1,slow_fast_2055,543.0811354073805,RE_WIND_MY,236.40891932802927
2,slow_fast_2055,543.0811354073805,PP_CO2_MY,220.87178354178144
3,slow_fast_2055,543.0811354073805,EL_Demand_MY,0.0
