,scenario,total_system_cost,asset_name,asset_cost
0,slow_fast_2055,493.53387206656294,RE_PV_MY,9.296378335173003
1,slow_fast_2055,493.53387206656294,RE_WIND_MY,243.25743957912954
2,slow_fast_2055,493.53387206656294,PP_CO2_MY,240.98005415226038
3,slow_fast_2055,493.53387206656294,EL_Demand_MY,0.0
