,scenario,total_system_cost,asset_name,asset_cost
0,slow_fast_2055,543.0811357201321,RE_PV_MY,85.80043961374595
1,slow_fast_2055,543.0811357201321,RE_WIND_MY,236.40891699017726
2,slow_fast_2055,543.0811357201321,PP_CO2_MY,220.87177911620898
3,slow_fast_2055,543.0811357201321,EL_Demand_MY,0.0
