RE_PV_MY_y1,RE_PV_MY_y2,RE_PV_MY_y3,RE_PV_MY_y4,RE_PV_MY_y5,RE_PV_MY_y6,RE_PV_MY_y7,RE_PV_MY_y8,RE_PV_MY_y9,RE_PV_MY_y10,RE_PV_MY_y11,RE_PV_MY_y12,RE_PV_MY_y13,RE_PV_MY_y14,RE_PV_MY_y15,RE_PV_MY_y16,RE_PV_MY_y17,RE_PV_MY_y18,RE_PV_MY_y19,RE_PV_MY_y20,RE_PV_MY_y21,RE_PV_MY_y22,RE_PV_MY_y23,RE_PV_MY_y24,RE_PV_MY_y25,RE_PV_MY_y26,RE_PV_MY_y27,RE_PV_MY_y28,RE_PV_MY_y29,RE_PV_MY_y30,RE_WIND_MY_y1,RE_WIND_MY_y2,RE_WIND_MY_y3,RE_WIND_MY_y4,RE_WIND_MY_y5,RE_WIND_MY_y6,RE_WIND_MY_y7,RE_WIND_MY_y8,RE_WIND_MY_y9,RE_WIND_MY_y10,RE_WIND_MY_y11,RE_WIND_MY_y12,RE_WIND_MY_y13,RE_WIND_MY_y14,RE_WIND_MY_y15,RE_WIND_MY_y16,RE_WIND_MY_y17,RE_WIND_MY_y18,RE_WIND_MY_y19,RE_WIND_MY_y20,RE_WIND_MY_y21,RE_WIND_MY_y22,RE_WIND_MY_y23,RE_WIND_MY_y24,RE_WIND_MY_y25,RE_WIND_MY_y26,RE_WIND_MY_y27,RE_WIND_MY_y28,RE_WIND_MY_y29,RE_WIND_MY_y30,PP_CO2_MY_y1,PP_CO2_MY_y2,PP_CO2_MY_y3,PP_CO2_MY_y4,PP_CO2_MY_y5,PP_CO2_MY_y6,PP_CO2_MY_y7,PP_CO2_MY_y8,PP_CO2_MY_y9,PP_CO2_MY_y10,PP_CO2_MY_y11,PP_CO2_MY_y12,PP_CO2_MY_y13,PP_CO2_MY_y14,PP_CO2_MY_y15,PP_CO2_MY_y16,PP_CO2_MY_y17,PP_CO2_MY_y18,PP_CO2_MY_y19,PP_CO2_MY_y20,PP_CO2_MY_y21,PP_CO2_MY_y22,PP_CO2_MY_y23,PP_CO2_MY_y24,PP_CO2_MY_y25,PP_CO2_MY_y26,PP_CO2_MY_y27,PP_CO2_MY_y28,PP_CO2_MY_y29,PP_CO2_MY_y30,EL_Demand_MY_y1,EL_Demand_MY_y2,EL_Demand_MY_y3,EL_Demand_MY_y4,EL_Demand_MY_y5,EL_Demand_MY_y6,EL_Demand_MY_y7,EL_Demand_MY_y8,EL_Demand_MY_y9,EL_Demand_MY_y10,EL_Demand_MY_y11,EL_Demand_MY_y12,EL_Demand_MY_y13,EL_Demand_MY_y14,EL_Demand_MY_y15,EL_Demand_MY_y16,EL_Demand_MY_y17,EL_Demand_MY_y18,EL_Demand_MY_y19,EL_Demand_MY_y20,EL_Demand_MY_y21,EL_Demand_MY_y22,EL_Demand_MY_y23,EL_Demand_MY_y24,EL_Demand_MY_y25,EL_Demand_MY_y26,EL_Demand_MY_y27,EL_Demand_MY_y28,EL_Demand_MY_y29,EL_Demand_MY_y30,EL_Demand_MY_y31,HVDC MEX-CHL_y0,HVDC CHL-MEX_y0,HVDC MEX-CHL_y1,HVDC CHL-MEX_y1,HVDC MEX-CHL_y2,HVDC CHL-MEX_y2,HVDC MEX-CHL_y3,HVDC CHL-MEX_y3,HVDC MEX-CHL_y4,HVDC CHL-MEX_y4,HVDC MEX-CHL_y5,HVDC CHL-MEX_y5,HVDC MEX-CHL_y6,HVDC CHL-MEX_y6,HVDC MEX-CHL_y7,HVDC CHL-MEX_y7,HVDC MEX-CHL_y8,HVDC CHL-MEX_y8,HVDC MEX-CHL_y9,HVDC CHL-MEX_y9,HVDC MEX-CHL_y10,HVDC CHL-MEX_y10,HVDC MEX-CHL_y11,HVDC CHL-MEX_y11,HVDC MEX-CHL_y12,HVDC CHL-MEX_y12,HVDC MEX-CHL_y13,HVDC CHL-MEX_y13,HVDC MEX-CHL_y14,HVDC CHL-MEX_y14,HVDC MEX-CHL_y15,HVDC CHL-MEX_y15,HVDC MEX-CHL_y16,HVDC CHL-MEX_y16,HVDC MEX-CHL_y17,HVDC CHL-MEX_y17,HVDC MEX-CHL_y18,HVDC CHL-MEX_y18,HVDC MEX-CHL_y19,HVDC CHL-MEX_y19,HVDC MEX-CHL_y20,HVDC CHL-MEX_y20,HVDC MEX-CHL_y21,HVDC CHL-MEX_y21,HVDC MEX-CHL_y22,HVDC CHL-MEX_y22,HVDC MEX-CHL_y23,HVDC CHL-MEX_y23,HVDC MEX-CHL_y24,HVDC CHL-MEX_y24,HVDC MEX-CHL_y25,HVDC CHL-MEX_y25,HVDC MEX-CHL_y26,HVDC CHL-MEX_y26,HVDC MEX-CHL_y27,HVDC CHL-MEX_y27,HVDC MEX-CHL_y28,HVDC CHL-MEX_y28,HVDC MEX-CHL_y29,HVDC CHL-MEX_y29
0.0,0.0,0.0,0.0,0.0,0.0,0.0,0.0,0.0,0.0,0.0,0.0,0.0,0.0,0.0,0.0,0.0,0.0,0.0,0.0,0.0,0.0,0.0,0.0,0.0,0.0,0.0,0.0,0.0,0.0,2.832656623531517,2.949616266908974,3.077722164302054,3.218036553718446,3.288733783947954,3.444879230403735,3.6292539928551384,3.820753487169904,3.9844905810345073,3.9766331447656005,4.138691003344043,4.354474406315886,4.520190507479674,4.642541400036751,4.846290470021791,5.093980459692963,5.060605530134536,5.165490765302716,5.303692783001375,5.798958265997066,6.351598988860553,6.956906372613903,7.619899550039878,8.346075977275442,9.141457018027404,10.012637871963392,10.96684226128014,12.011982328900084,13.156724244968967,14.410560065634725,7.527371586660996,7.828377383293182,7.989162085910422,7.178935476504205,8.033799156286552,7.6696763098423855,7.586425067403389,7.897049143101938,7.231396089250709,7.441915955534328,12.844962072105746,13.585912875625404,14.374262714768932,15.284836608950686,15.668987523791353,16.375139792964436,17.651293735437456,17.986584631670922,18.347772549315813,18.225126036646465,17.876574377521038,17.504029813761406,17.130331844413856,16.091531436305008,15.197856989321139,13.227576192989648,11.527501359164946,10.898338055866308,8.723866996340922,7.45883165667211,10.36002821,10.77799365,11.06688425,10.39697203,11.32253294,11.11455554,11.21567906,11.71780263,11.21588667,11.4185491,12.44091085,12.23220685,12.7122169,13.12104182,12.37485073,12.60593848,13.28798992,13.41757498,14.0160358,14.46164405,13.65267385,14.85769389,14.59052822,14.70362403,15.5766916,14.64054992,14.87586381,16.14877003,15.70501191,16.33968032,,0.0,0.0,0.0,0.0,0.0,0.0,0.0,0.0,0.0,0.0,0.0,0.0,0.0,0.0,0.0,0.0,0.0,0.0,0.0,0.0,1.0887872825549039e-09,4.542742226405676,9.739869803661983e-10,5.7081804325385255,1.0229672255956091e-09,6.1822363228756405,1.0742858839972428e-09,6.806336189645672,1.1281591267770707e-09,8.140427264504883,1.1847067348190567e-09,8.863181773383683,1.2442525064024568e-09,9.423909346334149,1.3067142911355612e-09,9.734500417774056,1.372313160945331e-09,9.635429533157287,1.4411996658646329e-09,9.562440253525802,1.5135787787901377e-09,10.575499517308831,1.5897112488154485e-09,9.603242297348821,1.6695363824518376e-09,10.159703175476576,1.7534083646498854e-09,9.733983384654746,1.84146004003536e-09,8.762622408476199,1.933934042592651e-09,8.599664146137899,2.0312077571374902e-09,7.61847981168931,2.1335501666389506e-09,6.761550356072771,2.24120865098434e-09,6.1755793326839825,2.3537322296011295e-09,5.529711403750346
0.0,0.0,0.0,0.0,0.0,0.0,0.0,0.0,0.0,0.0,0.0,0.0,0.0,0.0,0.0,0.0,0.0,0.0,0.0,0.0,0.0,0.0,0.0,0.0,0.0,0.0,0.0,0.0,0.0,0.0,2.726305539540334,2.838873974766021,2.9621701818704027,3.0972165175135173,3.165259445415089,3.315542466699776,3.4929949443657833,3.6773046583750384,3.834894301370586,3.8273318697477237,3.9833053237478167,4.190987215713093,4.350481564883663,4.4682388367587835,4.664338220482843,4.902728777714353,4.870606897998671,4.971554254370621,5.104567526539757,5.581238443380677,6.113130467144543,6.695711800774043,7.333813135499328,8.032725527424795,8.798244270301574,9.63671694937486,10.555096074764469,11.560996730804964,12.6627597193707,13.86952072074243,7.251808422651993,7.429258835435849,7.534740478341745,6.877715090708907,7.4896743048190215,7.179318943545984,7.309226985892517,7.486178781896483,6.9257100489143735,7.045059010551887,12.154371340491748,13.260420123655516,14.137909403444896,15.059210475072746,15.53658131484176,16.267533570476893,17.5623733991222,17.932875669305023,18.301862191915806,18.166086727602227,17.83766284468555,17.408735820586212,17.03895112282573,15.993539199404717,14.963929054627538,13.012028541978983,11.298820594410572,10.517406466712579,8.613195190967783,7.25707104755291,9.978113962,10.26813281,10.49691066,9.974931608,10.65493375,10.49486141,10.80222193,11.16348344,10.76060435,10.87239088,11.70736987,11.55019787,12.11085621,12.44527372,11.87252301,12.00298649,12.54711555,12.92294669,13.35299701,13.71683141,12.99965568,13.98165455,13.77703059,14.16158656,14.77445109,14.04625152,14.16433949,15.19660626,15.12605907,15.56671983,,0.0,0.0,0.0,0.0,0.0,0.0,0.0,0.0,0.0,0.0,0.0,0.0,0.0,0.0,0.0,0.0,0.0,0.0,0.0,0.0,1.0820326856730844e-09,4.43030679518952,9.739523972848446e-10,5.901209469966233,1.0229286248242738e-09,6.377534758955919,1.0742395523025665e-09,7.082175592490143,1.1281047691376717e-09,8.328396526016613,1.1846550384842074e-09,9.16727585891788,1.2441975220049121e-09,9.885864747883486,1.3066517568543446e-09,9.981483234476334,1.3722461270362729e-09,10.053432709296073,1.4411220602178713e-09,10.030493761865642,1.5134998892622867e-09,10.951137632757735,1.5896239834843247e-09,10.122793072334298,1.6694488861941907e-09,10.595733669348386,1.7533127559205414e-09,9.864678167904126,1.841354897471447e-09,8.987722236057277,1.933815264753568e-09,8.602493972539056,2.0310763089010127e-09,7.6895771804198,2.1334123603159372e-09,6.881796938824652,2.2410901936542966e-09,6.149895841712963,2.3536012501529343e-09,5.5598719397392875
0.0,0.0,0.0,0.0,0.0,0.0,0.0,0.0,0.0,0.0,0.0,0.0,0.0,0.0,0.0,0.0,0.0,0.0,0.0,0.0,0.0,0.0,0.0,0.0,0.0,0.0,0.0,0.0,0.0,0.0,2.6462321000094433,2.7554943240785295,2.8751692381030365,3.006249171435715,3.0722936324766175,3.218162739677636,3.390403317931081,3.5692997308537078,3.7222608593390194,3.714920541453035,3.8663129495079236,4.06789508369596,4.22270497584636,4.3370036369194045,4.527343448975161,4.75873231413938,4.727553875778941,4.825536339948231,4.954642922257639,5.417313691542746,5.933583686453235,6.499054211879605,7.118414078379974,7.7967989401586655,8.53983387926566,9.353680048069887,10.245085756761778,11.221442429493226,12.290845893140428,13.462163506869015,6.965679278182688,7.030899459123069,7.243407532108904,6.643072615786538,7.224725727757297,6.927557080567931,7.015370782326995,7.070438479417503,6.687087110945749,6.8404790088464,12.023737837312972,13.079507327310989,13.903929007669003,14.91342849715432,15.442171653034997,16.2200722626784,17.503331080020658,17.883910847907128,18.25942067886467,18.121877756517932,17.8185401223186,17.34485336468171,16.97049204132018,15.90809246584151,14.818335907419096,12.873487600165676,11.220153555779854,10.366865892160995,8.484568284715861,7.012621361755823,9.611911378,9.786393783,10.11857677,9.649321787,10.29701936,10.14571982,10.4057741,10.63973821,10.40934797,10.55539955,11.31410265,11.16594748,11.5426641,11.99671615,11.48497047,11.65303194,12.12969985,12.44866703,12.7265287,13.22244385,12.62064262,13.51199087,13.31869824,13.6418481,14.24194437,13.58774237,13.75136935,14.68613062,14.5709239,14.83639266,,0.0,0.0,0.0,0.0,0.0,0.0,0.0,0.0,0.0,0.0,0.0,0.0,0.0,0.0,0.0,0.0,0.0,0.0,0.0,0.0,1.0786935789042218e-09,4.575948137767912,9.739344791481424e-10,5.981454931604775,1.0229030155628047e-09,6.583969884143053,1.0742143988888867e-09,7.253715984732583,1.1280797623742539e-09,8.484544632702377,1.1846309555777675e-09,9.325772637544627,1.244167859802405e-09,10.10118510656246,1.3066218448613189e-09,10.260780158656344,1.3722074078722669e-09,10.487534901963217,1.4410808290380792e-09,10.316747598943726,1.513458861722108e-09,11.131481189699707,1.589580328325573e-09,10.331916707535651,1.669398233149553e-09,10.770207880723769,1.7532641510621893e-09,10.063043307075128,1.8412959423299601e-09,9.116225417813272,1.9337535120102147e-09,8.639425279421113,2.0310050091132573e-09,7.713869963786704,2.13333006996913e-09,6.90217770296174,2.2409977757888264e-09,6.204490279231111,2.353507730049226e-09,5.63839221006922
0.0,0.0,0.0,0.0,0.0,0.0,0.0,0.0,0.0,0.0,0.0,0.0,0.0,0.0,0.0,0.0,0.0,0.0,0.0,0.0,0.0,0.0,0.0,0.0,0.0,0.0,0.0,0.0,0.0,0.0,2.5733947429786324,2.6796495318252105,2.796030402050459,2.923502369209765,2.9877289609909274,3.129583031022331,3.297082699174431,3.471055000603009,3.6198058845193426,3.6126676083796507,3.7598929507878,3.955926550560116,4.106475311048475,4.217627909315958,4.402728631101503,4.627748533624515,4.59742827964122,4.692713783205492,4.8182667156930785,5.268202503791153,5.770262202505986,6.320168190509227,6.92248021917002,7.582192584163001,8.304775537540582,9.096220646375377,9.963090474082732,10.912572996371782,11.952541203039305,13.091618379798163,7.028847920213547,6.989366215376365,7.10494257116138,6.459069835012351,7.054181209242852,6.86153534122317,7.098224131083671,7.041070149668146,6.501782035765267,6.9633157919198165,12.109602477349965,13.008720975111157,13.874246945893866,14.834351884087464,15.373026945928094,16.252191349803827,17.46500784131555,17.863627862920158,18.238194178579402,18.090781879565316,17.80539816473453,17.29753386244911,16.930137507390302,15.921616710631012,14.777408914682471,12.786218399777603,11.36561248180628,10.303354418622341,8.704346177117282,7.159957301277706,9.602242663,9.669015747,9.900972973,9.382572204,10.04191017,9.991118372,10.39530683,10.51212515,10.12158792,10.5759834,11.03379516,10.99579971,11.40422135,11.73872225,11.16747551,11.67575626,11.94486633,12.4361448,12.57388668,12.93809022,12.64525386,13.17723059,13.11574665,13.62812563,13.935666,13.21211756,13.7781856,14.32228096,14.55626687,14.65844492,,0.0,0.0,0.0,0.0,0.0,0.0,0.0,0.0,0.0,0.0,0.0,0.0,0.0,0.0,0.0,0.0,0.0,0.0,0.0,0.0,1.0769438674174125e-09,4.835700269083251,9.739256343917634e-10,5.968847816269168,1.0228976454930638e-09,6.57650090757008,1.0742021767945021e-09,7.313257544062411,1.1280641790345507e-09,8.608280067721994,1.184616589635895e-09,9.204183624155135,1.2441494735828882e-09,10.117569791719735,1.3066041161377572e-09,10.120196846926621,1.3721920496802885e-09,10.48257421511348,1.4410566793284833e-09,10.420894164239694,1.5134270989934553e-09,10.930406508168346,1.5895506576742103e-09,10.440471463932882,1.6693630649234715e-09,10.736871077584055,1.7532326777144004e-09,9.875683665868983,1.8412613312775753e-09,9.146518453351817,1.9337103125711096e-09,8.670321487338839,2.0309523857481527e-09,7.550517357134111,2.133270233480934e-09,6.893646456301972,2.2409371531606024e-09,6.100620511531374,2.353447064540154e-09,5.59313076252032
0.0,0.0,0.0,0.0,0.0,0.0,0.0,0.0,0.0,0.0,0.0,0.0,0.0,0.0,0.0,0.0,0.0,0.0,0.0,0.0,0.0,0.0,0.0,0.0,0.0,0.0,0.0,0.0,0.0,0.0,2.5447226263483134,2.6497935510766286,2.764877734933126,2.890929441512721,2.9544404367709087,3.0947140044516632,3.260347433452579,3.4323813792788482,3.5794749182798133,3.5724161750165195,3.718001169708881,3.911850612444478,4.060721996529139,4.1706361605183275,4.353674536642418,4.576187324037878,4.54620489069436,4.640428747156559,4.764582800465821,5.209505517239451,5.705971393134753,6.249750467003752,6.8453516866133,7.497713702452444,8.212245818401819,8.994872845001495,9.852084227236718,10.79098785420013,11.819368996817431,12.945754862322127,6.823053695843723,6.999659190124955,7.05696658327868,6.3388566157093065,7.077316133462887,6.886097604793843,6.881128116805367,7.0584749309923085,6.3772927010046985,6.9500492152829185,12.76462996155817,13.007367291114374,13.852319700508541,14.784522753056738,15.3161515709048,16.22770133671663,17.44392976485763,17.827798266576565,18.2210350939686,18.067694068539705,17.79018432741777,17.281086832859156,16.916948961486803,15.84613419777617,14.756601842508891,12.735005346446169,11.423460099994074,10.370309992345222,8.606195893153483,7.259911498451789,9.367776322,9.649452741,9.821844318,9.229786057,10.03175657,9.980811609,10.14147555,10.49085631,9.956767619,10.52246539,11.02263865,10.98445653,11.38114756,11.64490629,10.98562393,11.61667303,11.9325441,12.1324806,12.54844634,12.8346889,12.58126464,13.16390679,13.10221654,13.29535579,13.82429204,12.99697096,13.70846336,14.30779939,14.2008338,14.62878696,,0.0,0.0,0.0,0.0,0.0,0.0,0.0,0.0,0.0,0.0,0.0,0.0,0.0,0.0,0.0,0.0,0.0,0.0,0.0,0.0,1.0774821035397508e-09,5.4599924822130115,9.739502729910666e-10,5.934761374156758,1.0229206970883567e-09,6.531894137665432,1.0742289405831755e-09,7.3102526242341215,1.1280911736740042e-09,8.684202178239746,1.1846555319027403e-09,9.187215631481363,1.244190093795365e-09,10.057590556314988,1.3066481724168467e-09,10.335746414534327,1.3722358848445552e-09,10.43717155527547,1.4411102985118114e-09,10.442510686662484,1.5134772956024518e-09,10.91489108148044,1.5895962861006609e-09,10.366930510837491,1.669417108864981e-09,10.660084109123886,1.753292164363326e-09,10.04849211130387,1.8413209366917545e-09,9.144555622039613,1.933771123124275e-09,8.732907232633732,2.031018524727669e-09,7.567080968476043,2.1333334807406525e-09,6.853498457853305,2.2409540775664315e-09,6.224731091345893,2.353491111440926e-09,5.576879402218364
0.0,0.0,0.0,0.0,0.0,0.0,0.0,0.0,0.0,0.0,0.0,0.0,0.0,0.0,0.0,0.0,0.0,0.0,0.0,0.0,0.0,0.0,0.0,0.0,0.0,0.0,0.0,0.0,0.0,0.0,2.53541851295821,2.6401052733035177,2.754768681911302,2.8803595133609754,2.9436382972593544,3.0833989912910034,3.248426824936001,3.4198317735889274,3.5663875034975985,3.559354568684716,3.704407269882891,3.8975479527807178,4.045875027547057,4.155387319114338,4.337756463240974,4.559455690768164,4.529582880358262,4.623462231908412,4.747162348361111,5.190458321471667,5.685108999609924,6.22689988737563,6.820323446746238,7.470300271325667,8.182219887288273,8.961985442652441,9.816062655443409,10.751533426614525,11.776154562282509,12.898422092175633,6.987057251233941,7.098603682898137,7.038638775300493,6.190378670860949,7.145232272974485,6.986308448954572,7.060525035322064,7.168063626682299,6.21880488078681,7.097591991614809,13.607727218087165,13.073946781038035,13.911322697158159,14.770532842345784,15.263561209677516,16.27039865377239,17.450161266949063,17.8367194357743,18.222677641437585,18.06104476453776,17.80727415499823,17.300626139803366,16.94546723679965,15.923410279960178,14.754031381578056,12.665028295035423,11.644389891685227,10.531531443264297,8.865861818560909,7.463768800868745,9.522475764,9.738708956,9.793407457,9.070738184,10.08887057,10.06970744,10.30895186,10.5878954,9.785192384,10.65694656,11.08539406,11.0822915,11.48642173,11.61119118,10.79631942,11.76513859,12.03882337,12.33283636,12.66451788,12.79752905,12.74205806,13.23885313,13.21891371,13.51491527,13.78426703,12.77300687,13.88366282,14.38925826,14.43534634,14.76410139,,0.0,0.0,0.0,0.0,0.0,0.0,0.0,0.0,0.0,0.0,0.0,0.0,0.0,0.0,0.0,0.0,0.0,0.0,0.0,0.0,1.0830421004470736e-09,6.226740428920897,9.739705916781816e-10,5.889203234416597,1.0229432189024766e-09,6.470775995332906,1.0742403775616815e-09,7.314728982119196,1.128102196993937e-09,8.80499825361115,1.1846872075666627e-09,9.064715755267336,1.2442209092669325e-09,9.940920778070284,1.3066800146724959e-09,10.1273453084838,1.3722717265724614e-09,10.305322110639695,1.4411315739606596e-09,10.453974036892786,1.5135158097810646e-09,10.750325095536002,1.5896415393567431e-09,10.288672898153582,1.6694594188665407e-09,10.546876974569644,1.7533366678441265e-09,9.878795282361022,1.8413454924508903e-09,9.151984239995292,1.9337960303461684e-09,8.85400686887412,2.0310635030592908e-09,7.576789728373934,2.133368591628338e-09,6.893806611186902,2.2409515111065817e-09,6.206670042218201,2.353498542908093e-09,5.598089504488611
3.72748800000926e-09,5.075656000022376e-09,6.626049200041022e-09,8.409001380066621e-09,1.0381604387099253e-08,1.2728134645189777e-08,1.5439782041996318e-08,1.854838454832755e-08,2.208068223061459e-08,2.5970294965247398e-08,3.0616151210077194e-08,3.600006669163298e-08,4.2129199895429095e-08,4.913007587979562e-08,5.7258059261761614e-08,6.342771224626438e-08,6.376426825690603e-08,6.430909486904099e-08,6.497785987294852e-08,6.609039402740876e-08,6.631259870500941e-08,6.65681340842221e-08,6.686199977028734e-08,6.719994530922992e-08,6.758858267897379e-08,6.803551565412437e-08,6.854948857548006e-08,6.914055743493729e-08,6.982028662315122e-08,7.060197518921248e-08,2.5089248842479153,2.612517729665452,2.7259829732528322,2.8502614545556404,2.912879012468142,3.051179289642754,3.2144826797179396,3.3840965477088334,3.5291208566415504,3.5221614118512123,3.6656983978373505,3.856820874464538,4.0035980187454525,4.111965971428574,4.2924294655143935,4.511812066816192,4.482251409663626,4.575149777336432,4.697557300499318,5.136221092034983,5.6257029622068595,6.161832454606977,6.749055087633649,7.3922400375885555,8.096720513274915,8.868337978294507,9.713490587731055,10.639186240848062,11.653100689711334,12.763641185547302,7.254060163216936,7.352388479460728,6.9981869043328855,6.239261903257314,7.412062737384276,7.281350597874885,7.354842485100536,7.449719824014189,6.2763362965622,7.424331312478208,12.951571690063107,13.259483836488714,14.05803420858607,14.758012161400027,15.273840664131646,16.358112848016006,17.474399569586847,17.853400162104915,18.231344869386877,18.05640986894928,17.844464091763232,17.349573570188067,17.01592788232877,16.059640603051744,14.796073929500272,12.762985619278272,12.120896798808538,10.954471268082692,9.344947433802346,7.912938913023445,9.762985051,9.964906214,9.724169884,9.089523366,10.32494176,10.3325299,10.56932518,10.83381639,9.805457175,10.94649275,11.34478307,11.37154271,11.75321245,11.52910221,10.81867822,12.08479404,12.35304036,12.64432696,12.95867178,12.70705289,13.08825614,13.5486313,13.56393141,13.85626165,13.68681482,12.79945932,14.26087797,14.72595496,14.79994006,15.10702151,,0.0,0.0,0.0,0.0,0.0,0.0,0.0,0.0,0.0,0.0,0.0,0.0,0.0,0.0,0.0,0.0,0.0,0.0,0.0,0.0,9.582699078691803e-10,5.2724870490846705,9.739958464550088e-10,5.744762037550972,1.022968800189873e-09,6.308419820088237,1.0742549743710152e-09,7.3408759726178126,1.1281068871353992e-09,8.747591967596737,1.184731809052969e-09,8.785130938986518,1.24425608324468e-09,9.603610683777521,1.3067164400532666e-09,9.784223044551359,1.3723078657187444e-09,9.970230455704904,1.4411504108402483e-09,10.485578137958118,1.5135655129532205e-09,10.38191098121038,1.589684049449569e-09,9.962774792337623,1.669506749272383e-09,10.201051627848026,1.753387599859515e-09,9.595619058915297,1.8413720559871172e-09,9.205979691492919,1.9337963145699508e-09,8.831864346794623,2.0311190649280094e-09,7.573509486334475,2.13340596171328e-09,6.8677026193794815,2.2409085028703186e-09,6.198108134708628,2.3534473168582022e-09,5.569558660616549
0.007594551240018868,0.01034136919254559,0.01350020983795858,0.017132876580191986,0.021151946423766912,0.02593287242038418,0.031457704451999004,0.03779131062836362,0.044988172360195394,0.052913043806307465,0.06237871969984055,0.07334815058640672,0.08583592148547196,0.10009982022589903,0.11666013813227706,0.1292304658499854,0.12991618016159365,0.13102623433823338,0.13238880615327198,0.13465553313999826,0.1351082629166752,0.13562890215979642,0.13622763728932608,0.13691618268821906,0.13770800989686433,0.13861861118669455,0.13966580266986184,0.1408700728752968,0.14225498361121716,0.14384763095674163,2.4597116160273678,2.5612724586060507,2.672512049484004,2.7943527733741464,2.855742070252525,2.9913295485393334,3.1514296966252697,3.317716540825309,3.459896157093524,3.4530732237728134,3.5937946913529384,3.7811682467731647,3.925066316030553,4.03130860080094,4.208232252624353,4.423311602414489,4.394330785877464,4.485406925904382,4.605413391025454,5.035472668744455,5.515353214174763,6.040966375585426,6.61667047127933,7.247239167293642,7.937901060038853,8.694383031163,9.522957734135852,10.430495606303152,11.424521837692128,12.513278768928576,7.32710220792501,7.645166092403455,6.999829682889815,6.012540478267473,7.642235343557903,7.603856839286288,7.420456409181044,7.752144878817943,6.01416379083056,7.745147492720803,13.035449123205785,13.424719924568898,14.186445623186955,14.717456157271206,15.160283278332658,16.407707514651733,17.481773968427646,17.83850585829302,18.230292771234947,18.04061553803242,17.86173451095327,17.372129009262274,17.059378250746423,16.100959825533806,14.804337887675937,12.640258677957782,12.514438076210716,11.302394327068805,9.585234456172412,8.36374633388517,9.794408375,10.21677992,9.685841942,8.824026128,10.51912936,10.62111926,10.60334381,11.10765273,9.51904812,11.25113376,11.55815146,11.68915188,12.05028751,11.48366011,10.50267384,12.421114,12.69806293,12.68502422,13.28621612,12.65696788,13.45250245,13.80344882,13.94277439,13.90085967,13.63286806,12.42559802,14.65775836,15.00291515,14.84757542,15.4888677,,0.0,0.0,0.0,0.0,0.0,0.0,0.0,0.0,0.0,0.0,0.0,0.0,0.0,0.0,0.0,0.0,0.0,0.0,0.0,0.0,9.60148405226846e-10,5.133471074826442,9.74011889401551e-10,5.59008444252589,1.0229908943298898e-09,6.147060351330283,1.0742591661448652e-09,7.365204468957195,1.1280983451019662e-09,8.982501829782125,1.1847700881548231e-09,8.539135583642611,1.2442774587544085e-09,9.307958005229267,1.3067444524107713e-09,9.769914799336552,1.3723419434081008e-09,9.681878849254343,1.4411511543486836e-09,10.553775860800375,1.5136080278683117e-09,10.059693538972224,1.5897165490272355e-09,9.745275467981816,1.6695336095110952e-09,9.869501970338476,1.7534249253739947e-09,9.584255506590779,1.841375350371976e-09,9.24707889874093,1.9337705480623896e-09,9.047662301494121,2.0311737885523076e-09,7.5193032542618745,2.133423530037068e-09,6.8708448575555146,2.2408454083341387e-09,6.304435858850707,2.3533837869777725e-09,5.532005035214264
0.13208529139232816,0.17985825890479293,0.23479717154425367,0.29797692107978074,0.36787703691775014,0.45102744086272106,0.547115942437924,0.657270735121539,0.7824393657511131,0.9202696234088195,1.084897725729655,1.2756793044258699,1.492868023800363,1.740947358836266,2.0289662749095876,2.247590831781553,2.2595168523979394,2.278823039787935,2.302521042414342,2.341944213723125,2.3498181410408114,2.3588731574551556,2.369286426330613,2.3812616855362374,2.3950332336212856,2.4108705139171462,2.4290833862549954,2.4500281894399136,2.4741147130968337,2.501814215288657,2.3995339622666982,2.4986100854252187,2.6071281631222307,2.7259880136252512,2.7858754011626785,2.9181456871943223,3.0743289324954888,3.236547514355333,3.3752486595443116,3.3685926515315643,3.505871322119736,3.6886607218737,3.8290382775342193,3.932681309861354,4.105276466347295,4.315093829098623,4.286822037770855,4.37566997007428,4.49274043755236,4.912278173582283,5.380418283621216,5.893172146147683,6.45479145177371,7.069933077226655,7.743697699585985,8.481672090456465,9.289975440777464,10.175310100385163,11.145017153057506,12.20713728784572,8.091881436533935,8.226684845872509,7.270469515545579,5.999184121516905,8.007592102154195,8.023665012189477,7.879467275325496,7.9622318607952325,5.576166885989011,7.7705307653600695,12.042134561420806,13.253058432527837,13.915674537588623,14.3219475658394,14.706069499175648,16.143079475362505,17.332945015908454,17.73054172547405,18.14271248067083,17.932812361876415,17.748066308969545,17.196183626974214,16.86761534015157,15.844546786503303,14.33456245201655,11.841856801041429,11.98235232509981,10.59094334283919,9.06542090803675,7.685427729335832,10.62350069,10.90515319,10.11239485,9.023149056,11.16134454,11.39283814,11.50091215,11.85605011,9.733854911,12.05939304,12.26380115,12.53847284,12.86219654,11.98938678,10.73967712,13.31342235,13.62069026,13.75880589,14.18139799,13.21436562,14.41890372,14.64617869,14.95584108,15.07756127,14.23324328,12.705994,15.71074283,15.91887498,16.10441608,16.53245704,,0.0,0.0,0.0,0.0,0.0,0.0,0.0,0.0,0.0,0.0,0.0,0.0,0.0,0.0,0.0,0.0,0.0,0.0,0.0,0.0,9.269001906960595e-10,4.369102459838047,9.740046723110645e-10,5.678925619424238,1.0229771619405424e-09,6.375384299549936,1.074250697956378e-09,8.00618945519581,1.128071316419702e-09,10.100635121125178,1.1847542261633904e-09,9.392341786968451,1.2442570712949841e-09,10.258593646839158,1.3067257788475125e-09,10.626228846136412,1.3723249961019662e-09,10.756575971477556,1.4411488942005865e-09,11.97266913006493,1.5135880903899173e-09,11.059399014558409,1.5896741582044857e-09,10.802050241550738,1.669492468227944e-09,10.735852139278544,1.7533832478153004e-09,10.218180280340453,1.84135606645652e-09,10.240050106352726,1.9337117696325446e-09,10.028405406601497,2.031132418030456e-09,7.990668323377058,2.1333355733900185e-09,7.297406653971905,2.2407719644159525e-09,6.580136695565243,2.353269135338705e-09,5.861922193913372
1.0691351216786562,1.4558228209371682,1.9005136750854787,2.411908157357228,2.977699155461656,3.6507416744449572,4.428508757672903,5.320132317252106,6.3332820610870435,7.448918539142552,8.781464232543927,10.325703444975048,12.08368940592488,14.091712610126823,16.423017902607636,18.192625932005736,18.28915846313344,18.445428118798926,18.637246349689363,18.95634847385383,19.020082233700556,19.093376057516238,19.17766395489586,19.274595036873112,19.386065781135457,19.514257137021414,19.661677196270908,19.831210264378626,20.026173292656072,20.25038077506477,2.387471254106564,2.4860493112330584,2.5940218572051843,2.7122841868099297,2.771870514187469,2.9034758636590356,3.0588739594531744,3.2202770515379635,3.3582809315653726,3.3516583840009586,3.4882469403561354,3.670117438682292,3.809789301690491,3.912911309655623,4.084638812240731,4.2934014011678086,4.265271735091574,4.353673019548016,4.470154961543413,4.887583637501058,5.353370358250965,5.863546553489158,6.422342540134333,7.034391784307549,7.704769321451186,8.439033837884919,9.243273762735345,10.124157752425118,11.088989986336337,12.145770732135512,7.58748342440759,7.523272108032248,6.237288317921399,4.287183805054654,5.990530060585508,5.371995582142545,4.468855653132887,3.924461341482251,0.4610976176323928,2.0780534471576355,8.2796054698421,9.878911061361183,10.595296863539959,11.387916138916689,11.757970445685588,14.055090042761398,16.3613079036963,17.012806173434775,17.667453324823626,17.319172890774325,16.96176468668882,15.896383688034211,15.175167154750747,12.870992217563348,10.07191635455653,6.7767833311820675,6.805394750752401,5.53881436444737,4.36361577575174,3.559156676462535,11.0440898,11.46514424,10.73182385,9.411376149,11.74009973,11.92621312,11.95623837,12.46487071,10.15266061,12.87863037,12.89972261,13.12548265,13.52268382,12.72378986,11.201759,14.21785033,14.25836591,14.30352312,14.90962764,14.02380408,15.39843097,15.40563485,15.65602408,15.67448861,15.10509252,13.25267799,16.7780293,16.74432494,16.74199706,17.38141604,,0.0,0.0,0.0,0.0,0.0,0.0,0.0,0.0,0.0,0.0,0.0,0.0,0.0,0.0,0.0,0.0,0.0,0.0,0.0,0.0,9.268034090173425e-10,7.649594033309831,9.738393869827646e-10,10.749249295615119,1.0227797566722613e-09,12.966091751781695,1.0740518312749572e-09,16.668750199357458,1.1279168281246154e-09,21.063868161226306,1.1845611538352085e-09,22.32326704666006,1.24408153046407e-09,24.657372192682686,1.3065672880064952e-09,25.508384192581335,1.3721671100559494e-09,25.86522699689569,1.4410049794872766e-09,27.139300923011486,1.5134262929497013e-09,25.936786309566216,1.5894607712650393e-09,25.447671450012447,1.6692515954883358e-09,25.119149570802747,1.753122775223383e-09,23.505490429817428,1.841110158114831e-09,22.05765893827093,1.9336889670522587e-09,21.477396317273847,2.030749449838449e-09,18.932316411001995,2.1328649708002174e-09,18.749857442557364,2.2401909468981047e-09,18.736781996116925,2.3524844845123304e-09,18.57389214510443
2.367145886357881,3.22330165006321,4.207880778326602,5.340146775832141,6.592850766697539,8.083017723006849,9.805052771969505,11.779174656510918,14.022364689046626,16.492468089591018,19.442824871029778,22.86188708789852,26.754200745318588,31.200115738808503,36.36180168574065,40.27984748025027,40.493577793028585,40.839570610092075,41.26427065686242,41.97078685413969,42.111898210771976,42.27417627088128,42.460796039988345,42.675408774440854,42.922213419035785,43.20603876028511,43.53243790267898,43.907796916367275,44.33945978200601,44.83587207724621,2.311801452775722,2.4072551238031115,2.5118055296808417,2.6263195892401487,2.6840173554268723,2.8114515339863453,2.9619243587366095,3.1182118541869963,3.2518417648245763,3.245429115853765,3.377688560850769,3.5537947575324096,3.6890397851987546,3.7888933886366543,3.9551780671537,4.157324022015655,4.130085912744484,4.215685359222477,4.328475459737369,4.732673926147913,5.18369775140282,5.677704147205315,6.218789352528545,6.81143997791981,7.460570207911554,8.171562548821807,8.95031245982135,9.803277237340215,10.737529558160512,11.760816125151319,6.80748617105894,6.245410596335875,4.390471422204358,1.8281274961493272,2.849068398110099,1.3306399932532806,2.527022368773221e-10,2.6542872255974573e-10,2.7885405751203274e-10,2.930670116095924e-10,6.0313447557028885,7.567601005553757,8.087000693015542,8.0471635552584,2.5655519888568805,7.139747853042659,8.431895670007602,6.909310491202703,6.862363091393495,1.8880560884123816,2.6650711589304663,2.5447611913308865,1.8364317237030647,0.9119719372901413,4.772553462657574e-10,5.011901843059227e-10,5.264840311929185e-10,5.529598644939492e-10,5.807718879005451e-10,6.099293884466563e-10,11.48643351,11.87596737,11.11015773,9.794593861,12.12593652,12.22510925,12.43511594,12.91151639,10.56606235,13.32186932,13.32367025,13.45443501,14.00723343,13.17234742,11.65787853,14.70718072,14.61571072,14.87641538,15.44387473,14.51819164,15.92839295,15.91193896,16.04839716,16.3022915,15.63759923,13.79230799,17.3554724,17.29462492,17.41255637,18.00423312,,0.0,0.0,0.0,0.0,0.0,0.0,0.0,0.0,0.0,0.0,0.0,0.0,0.0,0.0,0.0,0.0,0.0,0.0,0.0,0.0,9.266779714591704e-10,15.528187938151161,9.73663773476032e-10,20.528847841581307,1.022601146975711e-09,24.523007794159074,1.0739296040086863e-09,29.863825263361704,1.1285260842294054e-09,31.224653212443737,1.1846358611556916e-09,36.8697386360335,1.2442458160465049e-09,38.43984865654188,1.3068755773043378e-09,37.08815108131653,1.3725737604568135e-09,37.0112344788322,1.4429915500963724e-09,34.07332522958301,1.5152305620140818e-09,34.03227417203172,1.591368128239569e-09,34.584702650390966,1.6720430940626375e-09,34.46761995724298,1.756825093163272e-09,34.09652919072573,6.6705832673829875,38.490382870590075,17.300436000811032,44.2376515915708,8.252082988391894,39.614391886219046,9.22025908433351,41.23022503420463,11.179266911607227,43.519772951161016,13.910200735068049,45.243296328373695
3.488066628812666,4.749640055975189,6.200449497215425,7.868880354645585,9.714780521382258,11.910590108622886,14.44806488892644,17.356997839093,20.66241147653117,24.30218935875206,28.64963625323206,33.687735885884386,39.42318694344802,45.97438761625079,53.580300121967525,59.35366832236015,59.66860690551388,60.178438600283194,60.804247963758506,61.84532261177278,62.05325479578062,62.292376807363354,62.56736712065606,62.88360598091229,63.24728067016944,63.66550656276382,64.1464663391842,64.69957008197238,65.3356393860273,66.0671190853304,2.3479968011361247,2.4449449685316895,2.5511322962815046,2.667439276367328,2.726040403326768,2.855469789770743,3.008298533237154,3.1670329863773587,3.3027551100642425,3.2962420597102877,3.430572260688465,3.609435711947338,3.7467982401821325,3.848215228726974,4.0171033885502085,4.222414296547343,4.194749726408364,4.281689383907079,4.3962454133147135,4.80677232297496,5.264857725448941,5.766598666779499,6.316155519819629,6.918085140955227,7.577378654985749,8.299502840903681,9.090445461740142,9.9567649143434,10.905644610783694,11.944952542291027,5.85220451024332,4.828104885694861,2.5427973367145165,2.1755292346452757e-10,2.2941919977923144e-10,2.402928032554683e-10,2.5251413143639074e-10,2.653595042779724e-10,2.788143696837792e-10,2.9301201116491103e-10,4.958168249500491,5.605051530997933,4.502253412509523,0.06319484687552103,2.911036033917622e-10,3.0594643498223537e-10,3.215428339761303e-10,3.37861195870296e-10,3.549936927744527e-10,3.7295653022868367e-10,3.9184178057918595e-10,4.1164667521942816e-10,4.324520581422035e-10,4.542459862385275e-10,4.771300662842289e-10,5.011413721496145e-10,5.263849208047298e-10,5.528765200509734e-10,5.807058550158394e-10,6.098837808024717e-10,11.68826794,12.02268991,11.29437913,10.1151943,12.39881451,12.41449602,12.65362019,13.07103271,10.9119148,13.63062711,13.62350164,13.66286603,14.18028687,13.39076271,12.03946872,15.04804554,14.84213178,15.13781704,15.63467726,14.75892284,16.29756152,16.27001587,16.29701286,16.58874801,15.89689172,14.24376315,17.75771604,17.68381733,17.71852195,18.22666779,,0.0,0.0,0.0,0.0,0.0,0.0,0.0,0.0,0.0,0.0,0.0,0.0,0.0,0.0,0.0,0.0,0.0,0.0,0.0,0.0,9.266509106348654e-10,23.414875123988956,9.737071331900212e-10,29.239357099426474,1.0228268480147755e-09,33.49195172676583,1.090279497810962e-09,36.49503498252168,16.729075532364313,52.40595853058393,13.566179723962854,54.386708968837056,14.650151606467254,54.88492223290592,17.026167866066757,54.88423391710734,17.55367115100376,55.060425535801315,20.110128608032852,56.28162768190437,19.72723603157891,55.09000009471065,20.000188536307512,55.542227593307594,20.50129199402137,55.4935210813251,21.42446427687927,54.89148519979505,23.396794362862156,53.44267472833812,27.106063766146093,50.258972989240306,24.174040105227046,52.209433706652064,24.416250393769893,51.86563171543508,24.278614587917872,49.85676716486669,25.074542796497074,48.12811929360611
4.263125277958591,5.805024025795341,7.578207585811679,9.617368679835222,11.873433284908947,14.557158211383708,17.658467340268324,21.213773735307875,25.253659990768657,29.702207208208815,35.015669570809706,41.173249738406774,48.18313486560601,56.19003156835382,65.48600017090881,72.5422277414338,72.92714660271834,73.55026439740776,74.31513043940849,75.58753493177974,75.84167025775736,76.1339258825995,76.47001985113442,76.85652791491246,77.30101218821135,77.81216910244231,78.39999955373074,79.07600457259599,79.8534103441059,80.74742698090223,2.446167524367217,2.5471691349806544,2.6577961990870658,2.7789660224043304,2.8400172868652276,2.9748581698105663,3.134076746631664,3.299447953305317,3.440844675456029,3.434059311756767,3.5740059143311584,3.760347720910275,3.9034534336056006,4.0091107086399935,4.18506015269794,4.39895519518604,4.370133957858628,4.460708598611997,4.580054263274667,5.00774547384353,5.4849836175992355,6.0077025564557,6.580236610185988,7.207333159237546,7.894192009414449,8.646508508013525,9.470520768929665,10.373061398312243,11.361614149679088,12.444375978247319,5.087748187865923,3.8673494994254645,1.1078307553123385,2.1744342980061802e-10,2.2860189242311826e-10,2.4024149320139366e-10,2.5247635728793007e-10,2.6532915507514534e-10,2.787837595098012e-10,2.929705448142355e-10,3.932149620042864,2.679662806644651,2.6372906234075335e-10,2.7699228149190147e-10,2.910703264186649e-10,3.0590748815550114e-10,3.214978978090284e-10,3.378200937517904e-10,3.549516657246873e-10,3.7292862048066817e-10,3.918082637933161e-10,4.1161736620929847e-10,4.324255071927227e-10,4.5422109482458294e-10,4.771087432751754e-10,5.011178395606421e-10,5.263608860775751e-10,5.528568684779347e-10,5.80685349818937e-10,6.098508791249005e-10,11.79704099,12.21954266,11.34383454,10.24669057,12.58919451,12.46602984,12.77137697,13.28505043,11.05376834,13.69375092,13.83268633,13.71958195,14.41246689,13.44939769,12.19598032,15.11773345,14.90374295,15.27869218,15.89067065,14.82354867,16.37303598,16.51983698,16.36466339,16.74312577,15.96650044,14.42893031,17.83995252,17.95534693,17.88341358,18.52510098,,0.0,0.0,0.0,0.0,0.0,0.0,0.0,0.0,0.0,0.0,0.0,0.0,0.0,0.0,0.0,0.0,0.0,0.0,0.0,0.0,9.270214112461102e-10,28.689138775751953,9.735518255645627e-10,33.89367831655856,1.2555106881742548,38.47841648991534,14.743794391514639,53.719890281758765,22.56845272319268,60.24223367627955,20.842655688154515,63.971773969717695,21.577741005879318,62.93869522648888,22.928550351725246,60.94553286310288,23.37536957068259,60.78026632542717,25.100627816346936,60.24334081673818,24.670555639116504,58.941080983565314,24.89903948071236,58.21388132890951,25.44526200252145,57.536483431380596,26.33990694510247,56.462680672144735,28.0298372493536,53.61973690986742,31.50961543665662,50.05891751423244,29.081551933144855,52.03023640530206,29.689574861679457,51.23558514954613,29.47947304347081,47.5858189363551,30.48047607250033,45.18053745787935
4.796723626823917,6.531615677066545,8.526741534850151,10.821136271306647,13.359583464202728,16.379219511324028,19.868707106145308,23.86901699003656,28.41455965833207,33.419913747563754,39.39844095311,46.32674081487684,54.2140252408835,63.223113195718405,73.68262102689361,81.62204839459957,82.05514601100784,82.75625696909641,83.61685823596255,85.04852451210743,85.33446894091182,85.66330503400073,86.04146654101525,86.47635227404017,86.97647086696722,87.55160724876272,88.21301408774072,88.9736319524344,89.84834249662381,90.85425962194651,2.5678411411785707,2.6738666232745176,2.7899963338157967,2.917193205773247,2.9812811911798143,3.1228291282244998,3.2899673180371036,3.4635641726404285,3.6119940396669388,3.6048711685261603,3.7517787862910756,3.9473893291050537,4.0976131927350785,4.208525914368204,4.393227173263532,4.617761463954503,4.587506643623608,4.6825865130753686,4.807868491798956,5.256833280710252,5.757809492465251,6.3065287372013845,6.9075409259617135,7.565829576311713,8.286853135040836,9.076590238917175,9.941589288793528,10.889022748124285,11.926746616133574,13.063365568760082,4.490488512188926,3.047072939860121,0.10127979154517745,2.1741091175151017e-10,2.2856129662305866e-10,2.4021443496684965e-10,2.524523915324077e-10,2.6530564896516205e-10,2.787578931799831e-10,2.929348248578542e-10,2.632927744025849,2.509309044456902e-10,2.6355270183391155e-10,2.7696115436974945e-10,2.9104881699010095e-10,3.0589213530735133e-10,3.214847934525604e-10,3.3780895496219965e-10,3.549411488096196e-10,3.7292652925602716e-10,3.918019991359271e-10,4.1161278438722635e-10,4.324227178016478e-10,4.5421699952718044e-10,4.77095969897596e-10,5.010983190841399e-10,5.263453958959576e-10,5.528424674441956e-10,5.806645872664144e-10,6.098152002832468e-10,11.85505328,12.25255524,11.41801766,10.38695326,12.63107811,12.57811588,12.83418058,13.3209416,11.20507878,13.67453933,13.87870696,13.84293908,14.45140392,13.53735015,12.36292603,15.09652409,15.03774726,15.35382559,15.93360122,14.92048741,16.35006549,16.57479762,16.51180329,16.82546058,16.07091352,14.62644194,17.81492403,18.01508344,17.97135579,18.57514878,,0.0,0.0,0.0,0.0,0.0,0.0,0.0,0.0,0.0,0.0,0.0,0.0,0.0,0.0,0.0,0.0,0.0,0.0,0.0,0.0,9.271469742538263e-10,31.9044405239953,1.011351568830856,37.10345613434317,11.209844952742921,50.34585314419311,19.686953466211744,59.90080005734151,24.8753952971909,63.53581393256954,23.272357693299014,67.09022110465222,23.811226108886892,65.098898400907,24.951844716449582,62.22540977707692,25.311794840373548,62.15266696129738,27.066890256488037,60.60064918979004,26.511472915181905,59.163556299866016,26.65664488930186,57.764489988265844,27.376583506525957,56.66540901667121,28.364840900657203,55.55053966130515,30.253452301665128,52.25866539402287,33.42981875964025,50.42928017894404,31.51276707634199,50.72171133591301,32.252075027987274,50.157923951093146,32.372310679829724,45.639626748605394,31.95481571140716,47.6222985133331
4.9827594489483795,6.784937441424412,8.857442132776612,11.240822527837198,13.877720694187142,17.014470112485682,20.639293770836964,24.7947514172219,29.516588121423354,34.71606954327996,40.92646756530551,48.123474165459534,56.31665852581226,65.67515437125333,76.54032308468335,84.78767269524879,85.23756754189105,85.96587034250295,86.85984911381972,88.34704104318362,88.64407552241265,88.9856651734885,89.37849327218652,89.83024558564584,90.34976074607049,90.94720318048546,91.6342619799725,92.42437959924648,93.33301486119515,94.3779454119218,2.717785509990239,2.8300021554474575,2.9529130472184297,3.0875373469768554,3.155367632623923,3.3051810015664,3.4820789191027655,3.665812643302018,3.822909799892195,3.8153710017689395,3.970857020146782,4.177889881462008,4.336885791793534,4.454275058167598,4.649761607959491,4.887407166304185,4.855385671288755,4.956017555147878,5.0886151449978465,5.56379640844583,6.094026206280063,6.674786903848832,7.310894095896796,8.007622303347791,8.770748708969677,9.606601061047678,10.52211014227935,11.524867238953654,12.623187086945585,13.82617681644684,4.304373401252707,2.8051238733292587,2.068983564221901e-10,2.173911988582066e-10,2.2853931813440925e-10,2.401950800911605e-10,2.524351691843235e-10,2.652881527234049e-10,2.787369065992803e-10,2.929107689510026e-10,1.983210106850582,2.5078999350657007e-10,2.6353646139447504e-10,2.769450642296623e-10,2.910347838234583e-10,3.058809470657922e-10,3.2148337326477753e-10,3.3781206269905593e-10,3.549457003566709e-10,3.729204790723806e-10,3.918081091999564e-10,4.11612168019917e-10,4.3241628367221515e-10,4.5421239090701204e-10,4.770796770925806e-10,5.010754141203506e-10,5.263355819794979e-10,5.528320780178587e-10,5.80645419056255e-10,6.097857080781611e-10,12.00491836,12.42006347,11.29932467,10.45082288,12.68057691,12.63737977,12.99642326,13.50305606,11.27397908,13.84607143,13.93309498,13.9081624,14.64897325,13.39662621,12.43894596,15.28589343,15.10860011,15.54792024,16.15143411,14.76538543,16.55515914,16.63975111,16.5896014,17.03815883,15.90385259,14.71638028,18.03839272,18.08568113,18.19853981,18.82909503,,0.0,0.0,0.0,0.0,0.0,0.0,0.0,0.0,0.0,0.0,0.0,0.0,0.0,0.0,0.0,0.0,0.0,0.0,0.0,0.0,9.263120954699114e-10,32.94743971287106,3.446267612509668,40.70102715845894,12.833918513349188,52.994542297151185,20.52997946596305,61.360172188556966,24.80825757611799,64.58834148814233,23.208169676869893,67.95106988300687,23.455088683232372,65.88147733852458,24.52472108770851,62.56429675173635,24.892641681489224,62.47447139447223,26.734984300056826,61.94361206652703,26.011394260768007,59.01552275114594,25.89523908911585,57.59765413125106,26.58773945868078,56.77684191211786,27.585974016851992,55.033215592152644,29.48418242404769,52.56457305499533,31.787910155015947,52.78381499138746,30.694789311354302,49.654070054830484,31.129852503762027,49.18014115201577,31.09169963441356,45.679931221266045,29.98857981896258,50.28303041451004
4.919789308572223,6.699192089374534,8.745505287301894,11.098765464923844,13.702339556653301,16.799447978187132,20.378462550841256,24.481405169358396,29.143569171487187,34.27734160651188,40.40925507811,47.51530875939585,55.60495090090676,64.84517778250662,75.57303679714319,83.71615966988806,84.16036892364994,84.87946772192925,85.76214874361554,87.23054613041364,87.5238268055417,87.86109958190191,88.24896327467745,88.69500652132645,89.2079562549199,89.79784844847994,90.47622447098493,91.25635689673129,92.15350918612594,93.18523431842195,2.892558159122184,3.011991121073535,3.142806044300639,3.2860876297130743,3.3582798779470853,3.517727296106917,3.706000989089912,3.9015500789959674,4.068749683379553,4.060726087720058,4.226210946416602,4.4465574711892355,4.615777932482433,4.74071615111503,4.948773855639776,5.201701688333814,5.167620986845894,5.274724205865406,5.415848749723115,5.921587497536731,6.485914786168358,7.104022465407573,7.781035806479235,8.52256851895594,9.33476929893254,10.224372813241281,11.198755542464323,12.265996945783655,13.434946454844178,14.715296852113585,4.197405252496838,2.752897029753007,2.0685995851138222e-10,2.173730524613611e-10,2.2852167747695457e-10,2.4017897959446364e-10,2.5241805200392004e-10,2.6527088464637136e-10,2.7871727886345826e-10,2.9289391531576165e-10,2.8307205475291557,0.15402087697569314,2.6353881225513255e-10,2.76937830763935e-10,2.9102549200075654e-10,3.058765288489419e-10,3.2147758813457814e-10,3.3781113819564126e-10,3.549573015986954e-10,3.729099746694441e-10,3.9181549327489347e-10,4.116008503663067e-10,4.324044832156643e-10,4.542025115705524e-10,4.770609353418636e-10,5.010551570887694e-10,5.263264311986417e-10,5.528228782547716e-10,5.806219390781899e-10,6.097590786951358e-10,12.00975272,12.46408024,11.17815892,10.3218313,12.64250091,12.70566207,13.00165689,13.55091095,11.13482751,14.03407062,13.89125804,13.983311,14.70088929,13.25297052,12.28541553,15.49344223,15.19023491,15.55418136,16.20867486,14.60705215,16.77994177,16.58978689,16.67923836,17.04502006,15.73331122,14.53474011,18.2833144,18.03137521,18.20586833,18.89582543,,0.0,0.0,0.0,0.0,0.0,0.0,0.0,0.0,0.0,0.0,0.0,0.0,0.0,0.0,0.0,0.0,0.0,0.0,0.0,0.0,9.271651746281176e-10,33.57492853262433,9.785380871830902e-10,38.132576108161665,10.543521271156141,51.709846626172784,19.295579851064264,61.209824244266386,23.28097529624726,64.62291333598621,21.630155463661946,68.76968515121123,21.986290198948073,67.00031594971308,22.858957683200533,63.99058730095417,23.149784213374097,63.441314359497476,25.00201773857075,63.2012736798882,23.926943246922782,60.37369712408533,23.94021731417824,60.0232296561303,24.473530500848856,59.14729468797804,25.17275222292629,57.1699664430318,26.898672995412824,54.67448264483033,28.82425133364801,53.98255104300419,27.378092675556903,51.15196573062166,27.87141011338156,49.39731491550402,27.33959332038741,48.44438804675725,26.88642080384258,51.769496906067175
4.484956777175142,6.107088145113673,7.97253921824727,10.117807952355907,12.491266760283684,15.314639171903382,18.577324757903018,22.317631333881067,26.567732857785085,31.247759995292924,36.83770809196797,43.31569761914601,50.69034174959157,59.11387690038732,68.89356073937614,76.31695873974415,76.72190683369443,77.37744852999874,78.18211433619456,79.52072832928397,79.78808757355857,80.09555070444057,80.44913330491957,80.85575329543137,81.3233662844717,81.86112122180205,82.47953939965078,83.19072030405431,84.00857834392359,84.94911508931031,3.103108196584526,3.231234713939004,3.3715716883992837,3.5252827765275456,3.602729916706331,3.7737835526222177,3.975761735171215,4.185544892619041,4.364914998347823,4.356307363137951,4.533837906408936,4.770223510257391,4.951761571579585,5.085794074636718,5.308996351914085,5.580334865299557,5.543773420960402,5.658672710287361,5.810069745262453,6.352621343999222,6.958026158207195,7.621126051210256,8.347419364017524,9.142928429536308,10.01424950899996,10.968607487336895,12.013915781010066,13.158841955071724,14.412879593526668,15.786427018921454,4.3189576464315715,2.980257521148354,2.0690545551760709e-10,2.173616538820021e-10,2.285121658299788e-10,2.401649459599913e-10,2.524022531565691e-10,2.6525406980924256e-10,2.787031165085071e-10,2.928872574526179e-10,3.9094133603409036,2.6141833977879974,2.6379078628647297e-10,2.7694165823609755e-10,2.910203790589052e-10,3.0587718112332676e-10,3.214789710521891e-10,3.378099975088006e-10,3.5496202096725335e-10,3.72905612556773e-10,3.918142461645393e-10,4.115951870690291e-10,4.3239725098201924e-10,4.541921763015682e-10,4.770464774911779e-10,5.010358027691639e-10,5.26312775414699e-10,5.528075596961242e-10,5.805919670463979e-10,6.097286032641619e-10,11.90702262,12.31858038,11.02731992,10.18657799,12.59046371,12.60517114,12.89044215,13.39272394,10.98892101,14.00388097,13.83408089,13.87271494,14.52927796,13.07413384,12.12443216,15.46011323,15.07009312,15.42113261,16.01946236,14.40994339,16.74384529,16.52150245,16.54731982,16.89921884,15.52100462,14.34428247,18.24398391,17.95715712,18.05013734,18.67524438,,0.0,0.0,0.0,0.0,0.0,0.0,0.0,0.0,0.0,0.0,0.0,0.0,0.0,0.0,0.0,0.0,0.0,0.0,0.0,0.0,9.271550745154505e-10,31.446878469286567,9.738586337195176e-10,36.827389587788716,0.7933364846138838,41.645103506064274,15.49763269282795,57.77377366362579,20.643961302690588,62.37225167016698,18.879261772697674,67.12668697720287,19.263153243521067,66.3269882394879,20.174251374758324,64.31225037690591,20.35870601795342,64.17727404444085,22.120457875427622,63.16364083519074,21.008250246747096,62.07426839677123,21.014494093315943,62.14753178277223,21.3540215217702,61.39959428635695,21.860109926129216,59.818769985572345,23.30616240231075,56.595824696282264,25.177881616093014,53.981523701539174,23.118920152407362,54.609131477109564,23.22538967231804,53.126314958159014,22.798654522523766,52.06167297314369,22.95707290069131,52.76286823744347
3.7870014365734086,5.156694418221983,6.731841347121465,8.54326031536009,10.547358094186755,12.931353282992113,15.686295106322303,18.844529863129793,22.43322455435152,26.38493922485672,31.104971663120843,36.574847263791035,42.80183880545877,49.91449145786233,58.172247014385526,64.44040527952639,64.7823347762234,65.33586014312823,66.01530271424357,67.1455996974042,67.37135211653604,67.63096739850914,67.92952497274841,68.27286618309058,68.66770857494335,69.1217773255183,69.64395638861092,70.24446231106398,70.93504412172057,71.7292132035847,3.2630703297963057,3.397801641356663,3.5453728469107415,3.70700758835614,3.7884470513832826,3.9683183316613135,4.1807082881144035,4.401305558139481,4.589922013956339,4.580870663734662,4.767552729483377,5.016123775493911,5.207019942853204,5.347961687789925,5.582669819890632,5.86799556307087,5.829549412733957,5.950371645851753,6.1095730470114376,6.680092639647652,7.316705468337357,8.013987499602312,8.777720508447887,9.614237273037478,10.530474085293433,11.534028265757797,12.633221159621181,13.837167136271251,15.155849164501554,16.600201590017033,4.703460003821639,3.503651800622403,0.6277035861782955,2.1737276923153327e-10,2.2851971645841677e-10,2.4016482116718373e-10,2.5239752721964877e-10,2.6524745035132015e-10,2.7870487939789296e-10,2.9289793931081443e-10,4.811028430265372,5.244822939626696,4.137506681418275,2.7716423225133843e-10,2.910480801453124e-10,3.0590364587245014e-10,3.2150934509050156e-10,3.378385803908378e-10,3.5498699623256486e-10,3.7292710190537743e-10,3.918346997682702e-10,4.116137907833759e-10,4.324165691088929e-10,4.542092317523913e-10,4.77055536333512e-10,5.010451623759734e-10,5.263196182480517e-10,5.528071809285427e-10,5.805847632176244e-10,6.097208621251505e-10,11.75353177,12.05814786,10.90491778,10.23041008,12.34296971,12.47118322,12.72427425,13.10958248,11.03620552,13.77196956,13.5621408,13.72525354,14.22210812,12.92901227,12.1766027,15.20408587,14.90990407,15.22234212,15.68078787,14.24999447,16.46655868,16.19673502,16.37142844,16.68137467,15.34872304,14.40600485,17.94185424,17.60416865,17.81745693,18.28042284,,0.0,0.0,0.0,0.0,0.0,0.0,0.0,0.0,0.0,0.0,0.0,0.0,0.0,0.0,0.0,0.0,0.0,0.0,0.0,0.0,9.267735263035049e-10,27.121412023438303,9.739538291686448e-10,33.11054043950919,1.022918289389114e-09,37.924257310356865,1.1960085655114983,43.14057455724207,14.634727289564994,57.648780219797246,11.651823783761204,60.57258179652077,12.31095992840945,61.27706795912225,13.69677944597596,61.72579907736011,14.498959611817284,62.10791038338548,17.204460047770834,63.05142082473895,15.597298692460813,62.88449667963083,15.777484497331587,63.72347046572577,15.977287846783113,63.90766060488073,16.28761630855604,63.950351728463865,18.3505300165466,61.73270952038075,20.03729203359027,58.85910257005833,17.703639326276612,62.26961695321728,17.707632649722537,62.46739542982006,17.300035094921157,62.23085415267192,17.850566097333978,60.92165954726713
2.9799995788154034,4.0578139332013885,5.297300440748121,6.722709924430185,8.299738778745112,10.175709722385973,12.343579370889014,14.828801096498477,17.652752670706054,20.762365447710835,24.476569129331086,28.780826008863393,33.680859051430005,39.27782072768471,45.77586634307424,50.70829356891903,50.97735862558921,51.41292892781032,51.947583748956895,52.83701687703162,53.01466194139109,53.218953765382025,53.45388936294815,53.72406530012325,54.034767627842555,54.392075304675885,54.802979132980276,55.27551853544893,55.81893884815846,56.44387220746682,3.400286124427833,3.5406830398854425,3.694459781388266,3.8628914463584105,3.947755530832291,4.135190601700235,4.356511795822446,4.586385430326596,4.782933421246807,4.7735014515203,4.968033709084145,5.227057448464257,5.425981015373333,5.572849519948561,5.817427394223869,6.114751407322411,6.074688552919751,6.200591497469056,6.366487497444801,6.960998083637481,7.624381201144937,8.350984729752023,9.146833574636478,10.018526814439497,10.973292419996762,12.019047187764068,13.164462384900396,14.419035650325386,15.793169747951088,17.298258825075134,5.155699976948249,4.2456805071143355,1.8649385380743468,2.1754479539064193e-10,2.2868077404921856e-10,2.401768310954426e-10,2.524018581568033e-10,2.652493789300254e-10,2.787158104761669e-10,2.9291632544048425e-10,5.574217202039842,6.687563544009582,7.10370101049941,7.030246574151351,4.373020466996525,6.937635103257769,9.554998555731657,9.704536149048103,10.466007673221696,5.6454720034467885,7.598708068793989,7.083038436836604,6.369578268281218,4.866906842199777,2.0580118073636715,5.01179184253856e-10,2.0700050720886685,1.8756670771251025,1.4170788852243317,0.615132181085992,11.53598568,11.84417748,10.85669876,10.38945796,12.03455412,12.1413668,12.48876069,12.87695452,11.20778076,13.35068672,13.2232616,13.36227163,13.96973852,12.87184317,12.36590721,14.73899477,14.51559256,14.94059183,15.40253418,14.18698429,15.96284869,15.79202483,15.93846504,16.37261915,15.28085454,14.62996894,17.39301514,17.16429071,17.48767367,17.95603894,,0.0,0.0,0.0,0.0,0.0,0.0,0.0,0.0,0.0,0.0,0.0,0.0,0.0,0.0,0.0,0.0,0.0,0.0,0.0,0.0,9.268164316648763e-10,21.795558441023847,9.73891553651618e-10,27.333175371934985,1.0228611447525369e-09,32.24080255792995,1.0742186094103954e-09,39.00907365244387,1.1284340865089506e-09,43.600406994987154,1.1849548656785908e-09,49.021685310224875,1.2445718457103449e-09,52.09145317500244,1.3071952319562177e-09,52.377464745127156,1.3729180676675818e-09,53.37754474046262,1.4420208869485164e-09,51.2565026749981,1.514424188142494e-09,52.27490252225557,1.5904728086042083e-09,52.8609521029431,1.6703229373720591e-09,53.03183616688711,1.7541905446159177e-09,52.23687980783478,1.8446905184115963e-09,51.785217316331675,4.400071132796405,54.39151441217979,2.0333931955101856e-09,52.644431451212256,2.135188176285291e-09,54.40593055420465,2.242935119711809e-09,55.54151381270544,2.3565826658793326e-09,56.401224275069524
1.8907132527406971,2.57455156544335,3.3609656250532076,4.265341793606652,5.265915544020734,6.456158371608047,7.831601476961894,9.408394200696701,11.200100046700433,13.173048677354902,15.52959066284379,18.260502298934384,21.36941462171089,24.920505598905983,29.04330516212418,32.1727705454015,32.34348361264897,32.61983886744974,32.95906004156325,33.52337656517363,33.636086607099855,33.76570315530076,33.91476218571694,34.08618007067908,34.283310638365194,34.5100107911764,34.77071596687506,35.07052691887687,35.415309513596846,35.81180949732965,3.489559419188826,3.6336424053941703,3.7914565001870426,3.964310278215833,4.051402438842903,4.2437585503873745,4.470890453219591,4.706799337693867,4.908507625743795,4.898828023029133,5.098467655365137,5.36429197028201,5.568438204217841,5.719162688796004,5.9701618675919335,6.275292016200715,6.234177325899787,6.363385807180039,6.53363734723787,7.14375659601292,7.824556599753346,8.570236843851436,9.386980415213216,10.28155964892688,11.261392283614498,12.334602968388294,13.51009063142185,14.797602268744113,16.20781376510905,17.752418417072036,6.0759461082623565,5.440353449363942,3.6696578449708186,2.17733871839907,2.5382789473702356,1.3087503082507324,0.09991379007759138,2.6529486109754145e-10,2.787490148925739e-10,2.929649398289563e-10,6.647559997033985,8.091430679818911,8.763846858337299,9.641569303855526,10.621141193896296,13.01390264295568,16.11958944809159,16.94440214274673,17.695940081647098,17.208281321671404,16.8610262562665,15.461890855856861,14.426495059377036,11.365123604132668,8.06407600193884,6.006068319204709,5.293189014182379,4.373439141631684,3.6008813839199063,3.0362480664088602,11.45621878,11.64854742,10.82207997,10.40699079,11.85559693,12.00866723,12.40240572,12.6642661,11.22669456,13.20797201,13.02662799,13.21622813,13.73900061,12.83079869,12.38677542,14.58143947,14.35694379,14.83728339,15.14813081,14.14174621,15.79221077,15.55719299,15.76426493,16.25940879,15.23212843,14.65465789,17.20708919,16.90905289,17.36675313,17.65945938,,0.0,0.0,0.0,0.0,0.0,0.0,0.0,0.0,0.0,0.0,0.0,0.0,0.0,0.0,0.0,0.0,0.0,0.0,0.0,0.0,9.268797431408576e-10,14.2489903258115,9.739672282030986e-10,18.49999681963291,1.0229230991304667e-09,21.962699074893223,1.0742346649464646e-09,27.45043890221666,1.128174331637941e-09,33.24783280430478,1.1848216950016176e-09,36.88052573528353,1.2443562188693383e-09,40.34030659740213,1.3068473877963845e-09,41.090343428176176,1.372468304271174e-09,42.040506661287566,1.4413912558258177e-09,43.73366827374035,1.5138859505666201e-09,42.52945869404562,1.5899932889862711e-09,42.2406378659821,1.669819613077839e-09,41.963972731329044,1.753689107252219e-09,39.473454534811474,1.8418132094413281e-09,38.37665049504589,1.9344344869199788e-09,38.19602418995362,2.0314991846446935e-09,36.36690642372206,2.1336142599849325e-09,37.332515440558176,2.2408159418761886e-09,37.85725153399613,2.3529618820867606e-09,38.941016602247245
0.7217647935377931,0.9828146475363327,1.2830219796353433,1.6282604115500101,2.0102215076284953,2.4645872701089337,2.9896517702491097,3.591579890787031,4.275549391792425,5.028706888837955,5.928298107735913,6.97080197252646,8.157604602445737,9.513205427834697,11.087051473093254,12.28170007090186,12.34686843080914,12.45236485822098,12.581859851892167,12.797283210544359,12.84030937541764,12.889789465016474,12.946691568049456,13.012128986531097,13.087382017777223,13.173923003699644,13.27344513749736,13.38789559134502,13.519513613238484,13.670874338341463,3.5792957744198244,3.7270839510173333,3.888956340846799,4.066255169429225,4.155586963237748,4.352889640890678,4.585862392571825,4.827837831850389,5.034733183484893,5.024804663310072,5.229578162364887,5.5022383273954585,5.711634318325482,5.866234783870107,6.123688574485301,6.4366653490196,6.394493366948895,6.527024530775049,6.701654203096008,7.327463076567024,8.025770307907868,8.790626218396724,9.628372897156341,10.545956834402883,11.55098652087009,12.651795536458081,13.857511651232446,15.17813251174646,16.62460854027347,18.208933734313437,7.140655142234737,6.901968191648246,5.766321869729437,4.980477139242842,5.768478849367971,5.250454199246532,4.811190657437909,4.204969297634654,2.205523015007987,3.16269399815265,9.976406364918704,10.609402663855862,11.140800147545823,11.838060494732439,12.902164755405316,14.83852485124573,16.86415173233554,17.44502006163743,17.991480684511856,17.6336490848151,17.412196869852384,16.481021698988215,15.841137432778416,13.797049870586598,10.779385190630432,8.265080010862656,7.51246945134615,5.675019877281597,4.234698755697977,3.6509914606366447,11.44171571,11.61186679,10.93830019,10.67499272,11.93428732,12.06793111,12.38670482,12.62438702,11.51580559,13.21620555,13.11309099,13.28145144,13.69573725,12.96859088,12.70576097,14.5905292,14.42779664,14.81850004,15.10043017,14.2936169,15.80205527,15.66045238,15.84206304,16.23882509,15.39570893,15.03204619,17.21781568,17.02128513,17.34476758,17.60385071,,0.0,0.0,0.0,0.0,0.0,0.0,0.0,0.0,0.0,0.0,0.0,0.0,0.0,0.0,0.0,0.0,0.0,0.0,0.0,0.0,9.64286428484229e-10,8.021191645587143,9.740418622594532e-10,9.800991524375021,1.0230174207967219e-09,11.314301818943994,1.0743208348541999e-09,14.248909827096043,1.1282503585190432e-09,17.40714383367579,1.1848981155154114e-09,18.966361071892617,1.244421215804157e-09,21.177716890855184,1.3069044431000581e-09,21.60590941143308,1.3725201255088807e-09,22.174564570339403,1.4414129801642157e-09,23.464778472808764,1.5139300073382922e-09,22.47622128410382,1.5900213715860412e-09,22.500985003374414,1.6698327698080632e-09,22.57413885900607,1.753695234911811e-09,21.11631060259344,1.8417618104719056e-09,20.02204480040448,1.934342175756316e-09,19.058752362204483,2.0315145983601748e-09,17.425610561318,2.133733697642324e-09,17.219762851678983,2.2410905244790453e-09,17.03405333058241,2.3531963860560714e-09,17.926948824730392
0.07118150180417684,0.0969266210171773,0.12653350811219588,0.1605814282715466,0.19825099139386093,0.2430612088377296,0.2948438394102752,0.35420687288277347,0.4216609475421633,0.49593844377746354,0.5846574482846482,0.6874707073918397,0.8045149222096927,0.9382062624663926,1.0934212661810376,1.2112392618516978,1.2176662610207456,1.2280704733145347,1.240841459386682,1.2620868267554632,1.266330130197215,1.2712099291546932,1.2768216979552334,1.2832752320752345,1.29069679631247,1.2992315951842432,1.309046613885494,1.3203338853899877,1.3333142476170645,1.348241664170855,3.5962920509500136,3.744781999313716,3.907423039758704,4.085563771360323,4.175319756955776,4.373559325852369,4.607638348029482,4.850762807042287,5.058640600707516,5.048664934980872,5.254410800455043,5.528365691559035,5.738755998798874,5.894090584245763,6.152766893505634,6.467229837427088,6.424857601810916,6.55801808951842,6.733476990377113,7.362257515630744,8.063880657015044,8.832368483774504,9.67409320042532,10.596034282574095,11.605836349852725,12.711872554143469,13.923314008703963,15.250205833885731,16.703550450013363,18.295398808052262,8.1186901274387,8.189540109871603,7.408788812341317,6.991150630590865,8.143279361885229,7.885482975556545,7.8571191028194365,7.8753681403473825,6.642096802035983,8.199921051543008,13.377023869452552,13.580626099480057,14.120474698379326,14.535194275953844,15.193329272366698,16.51497704167895,17.57164529320189,17.94400362669845,18.316503680517,18.047779178044852,17.93922697947501,17.371948397133632,16.966363777747567,15.830885879677203,13.929039283275731,11.94907317771724,11.476582033683748,9.656213264129645,7.083413144391168,5.49339639215998,11.78616368,12.03124873,11.44274536,11.23729583,12.51685011,12.50210351,12.75960129,13.08033782,12.12239835,13.74452443,13.75319615,13.7592831,14.19038165,13.56666764,13.3750344,15.17378678,14.94687078,15.26460467,15.6458074,14.95280032,16.4337437,16.42490496,16.41201876,16.727688,16.10571788,15.82385623,17.90609925,17.85216568,17.86692442,18.23964315,,0.0,0.0,0.0,0.0,0.0,0.0,0.0,0.0,0.0,0.0,0.0,0.0,0.0,0.0,0.0,0.0,0.0,0.0,0.0,0.0,9.63024326949835e-10,5.462895968759225,9.741136760504216e-10,6.037179399027658,1.02311155750062e-09,6.473363970014352,1.0744207229746275e-09,7.80082348332427,1.1283360322459212e-09,9.064483032744702,1.1849877483151844e-09,9.019659361682637,1.244502542302342e-09,10.267298376794725,1.3069856813210701e-09,10.465487520330678,1.3726058225740195e-09,10.645014731119797,1.4415008758333995e-09,11.719323201312937,1.5140180875449026e-09,10.835694067612772,1.5901127191259742e-09,11.050621851035348,1.6699280431456033e-09,11.505259917149626,1.7538044500906272e-09,10.98250739539909,1.8418610663544762e-09,10.719854550567229,1.9344515568532366e-09,10.136321098228015,2.031711720776207e-09,8.8028434075145,2.134035974943006e-09,8.374587304710682,2.2415656741662706e-09,7.2533534233946995,2.3535716593623775e-09,6.897393715820779
0.002578496676006406,0.0035110943682654786,0.004583581714365877,0.00581694216238421,0.007181493918607502,0.00880471053811636,0.010680497609503235,0.01283087910760071,0.015274352522517036,0.017964999281722693,0.02117877887926062,0.024903112310530297,0.029142951471045234,0.033985820302488104,0.039608367748109004,0.04387623654141266,0.04410904978044316,0.044485934590907016,0.0449485540117075,0.04571815155815491,0.04587186205234965,0.04604862912065417,0.04625191124918408,0.04648568569697103,0.046754526311898276,0.04706369301902666,0.04741923473217762,0.0478281077022308,0.04829831161767997,0.04883904612018036,3.4059998230278965,3.5466326555906993,3.7006677970988444,3.869382487594821,3.954389174127149,4.142139203049455,4.363832296050391,4.594092200596412,4.790970462540729,4.781522643726748,4.976381785160667,5.235840777199797,5.435098606951521,5.582213903219646,5.827202755926391,6.125026379862152,6.084896205514423,6.21101071210636,6.377185476782524,6.972695053701204,7.637192892455962,8.365017375245221,9.162203531245412,10.035361527913498,10.991731481665072,12.039243492009607,13.186583396940774,14.443264794813453,15.81970792990912,17.32732609577401,8.358247930489156,8.402852960243631,7.4889805513989876,7.44600355046573,8.410590642189142,8.249380306659125,8.36415395659939,8.388339380568455,7.406669605222486,8.763898877292732,13.777411334057714,14.017900837748318,14.593463121171446,14.920491306570733,15.613070982415834,16.77034494034849,17.706043236058985,18.05581410769141,18.39525395126826,18.138091811520454,18.035722076341727,17.52299483354518,17.163386118222057,16.206180103968347,14.520946634306268,12.767455543962924,12.255550182115993,10.581844997353206,8.394685125008431,6.637569360226833,11.76682625,11.95299671,11.19423193,11.32120298,12.37216131,12.40032422,12.73866675,12.99526246,12.21291442,13.56338652,13.59421578,13.64726915,14.09808649,13.27202688,13.47490371,14.97381275,14.82518871,15.2395602,15.54404605,14.62805555,16.21716481,16.23504092,16.27840896,16.70024306,15.75593406,15.94201051,17.67011631,17.64580319,17.83761035,18.12101132,,0.0,0.0,0.0,0.0,0.0,0.0,0.0,0.0,0.0,0.0,0.0,0.0,0.0,0.0,0.0,0.0,0.0,0.0,0.0,0.0,9.61368762375514e-10,5.180756118664611,9.740959976358466e-10,5.631375577855319,1.0231014096733222e-09,5.959618190220429,1.0744084267016968e-09,7.264664150751262,1.1283031852258043e-09,8.00497839678151,1.1849559858987065e-09,7.965434807477029,1.2444669429029473e-09,9.009859782115075,1.30694765671275e-09,9.071750555187958,1.3725683457627915e-09,9.273341932901594,1.4414638489332183e-09,10.52844946766196,1.5139603191426676e-09,9.501622021775697,1.5900555640028466e-09,9.699019918883716,1.6698733448801883e-09,10.093432601738307,1.7537539619536055e-09,9.587784258651544,1.841804075345218e-09,9.803498583410118,1.9343648405330447e-09,8.911752220174694,2.0316962290151272e-09,7.819436505030687,2.1340210688827516e-09,7.42713471117418,2.24166925470321e-09,6.425081017908609,2.3538974549828127e-09,5.892723183561946
1.500588000003728e-06,2.043324750009008e-06,2.6674720125165143e-06,3.3852413644018196e-06,4.1793591190712065e-06,5.124010086942208e-06,6.215647549994841e-06,7.467088632506864e-06,8.889098177398153e-06,1.0454953304024228e-05,1.2325252049645047e-05,1.4492673907109601e-05,1.6960100693196636e-05,1.9778468047197133e-05,2.3050579004275357e-05,2.5534317981492462e-05,2.5669806522541214e-05,2.5889139294705835e-05,2.6158366382675967e-05,2.660624318382816e-05,2.669569690514166e-05,2.679856868464088e-05,2.6916871231053177e-05,2.7052919159414252e-05,2.7209374277013346e-05,2.7389297662230217e-05,2.759620955520245e-05,2.7834158232079533e-05,2.8107799210423014e-05,2.8422486335363115e-05,3.2892196039565973,3.425030612136361,3.5737844093976916,3.7367144435400603,3.8188065381782095,4.000119253346137,4.214211239678715,4.436576310550811,4.62670428249077,4.617580397443133,4.805758477688837,5.056321498058946,5.248747450470937,5.390818660591208,5.627407673786602,5.915019932527134,5.87626568618739,5.998056152710885,6.15853334650293,6.73362491330269,7.375339367672772,8.078209209545454,8.848062547349679,9.691282908247688,10.614862169540261,11.62645853443444,12.734460032903803,13.948054074178813,15.277303627592858,16.73323066344205,7.990543625648211,8.016880514741205,7.14690930334224,7.117360291441262,7.748677812697091,7.674861402890047,7.997160604932721,8.003030182632706,7.082283428696494,8.250061457904344,13.333712127138844,13.664818837241517,14.387284672403833,14.740142129581795,15.462354431989775,16.61770903754561,17.62218943743325,18.014035606744052,18.367129938926798,18.09620103110745,17.967509689452484,17.398353155713,17.035228366438627,16.07538958578614,14.286215013520682,12.520980545906028,11.888489123703298,10.031212657854088,8.170880633281449,6.53247305943116,11.27976473,11.44191317,10.72069638,10.85407812,11.56748853,11.67498578,12.21137806,12.43961396,11.7089966,12.86765231,12.71006182,12.84899252,13.49528369,12.71059699,12.91891487,14.20573069,13.95801144,14.6087526,14.87941724,14.00926327,15.38530498,15.17913038,15.32622774,16.00897376,15.08943055,15.28422623,16.7637273,16.49813811,17.09926226,17.34619721,,0.0,0.0,0.0,0.0,0.0,0.0,0.0,0.0,0.0,0.0,0.0,0.0,0.0,0.0,0.0,0.0,0.0,0.0,0.0,0.0,9.59464507843677e-10,5.4294211106472385,9.740686469277357e-10,5.872162308571516,1.0230794771766892e-09,6.140765393602227,1.0743755683341408e-09,7.420383579299753,1.1282697446968866e-09,8.170870287046867,1.184920060012652e-09,8.327023815116158,1.2444341284455781e-09,9.540469354188948,1.306916536417924e-09,9.40336504939392,1.3725387891846823e-09,9.646272204635657,1.4414218364837453e-09,10.820589281535861,1.51390403692897e-09,9.95757077374835,1.5899982373751259e-09,10.297458784800455,1.6698218905795207e-09,10.557090091681784,1.7537086654178586e-09,9.757725788026164,1.8417524463835131e-09,9.811673843562474,1.9343206782628034e-09,8.863240240821906,2.031665187151628e-09,7.859249454059196,2.133995375103458e-09,7.481156457497532,2.2416278708138238e-09,6.348950110047212,2.3538828327135496e-09,5.9195349368009875
0.0,0.0,0.0,0.0,0.0,0.0,0.0,0.0,0.0,0.0,0.0,0.0,0.0,0.0,0.0,0.0,0.0,0.0,0.0,0.0,0.0,0.0,0.0,0.0,0.0,0.0,0.0,0.0,0.0,0.0,2.0460816675527655,2.1305638388721304,2.223097161119496,2.324448908978301,2.375514860819302,2.4883016817883425,2.621479073738128,2.7598027948019865,2.8780732068496913,2.872397631430412,2.989455099944481,3.145319549350424,3.2650194359490423,3.3533958089234868,3.5005676310971103,3.6794788139395584,3.6553714685740526,3.731132065566929,3.8309580072228897,4.188697670022465,4.587880558057926,5.02510557532387,5.503998136735929,6.028529159251205,6.603047988212799,7.232318461574694,7.921558411048458,8.676482927708014,9.503351750808664,10.409021172747565,8.556873002640506,8.054426191330231,8.328214449093219,8.94791260124553,8.727446479415605,9.059137898458594,8.857190136521059,8.313288065469857,9.282152753436526,9.527315098870412,12.794302540495874,14.267943306791603,14.450291004952446,15.313313300372993,16.204274549184863,16.82111387602824,17.6833218386937,17.993248440725438,18.308373805996204,18.211248789543042,18.050727531419696,17.581249813590368,17.3715425343114,16.60027707552589,15.621208488797487,15.056610148044202,14.167109367828079,12.75943541310871,11.530868623396875,9.560033189391334,10.60295467,10.18499003,10.55131161,11.27236151,11.10296134,11.54743958,11.47866921,11.07309086,12.16022596,12.39971273,12.19965118,12.70862061,12.0127926,12.50977219,13.41677083,13.68913112,13.80552378,13.73219614,13.24487558,13.78791982,14.82580951,14.56956688,15.15879268,15.04840102,14.85102068,15.87323414,16.15410472,15.8356059,16.07326989,15.44067352,,0.0,0.0,0.0,0.0,0.0,0.0,0.0,0.0,0.0,0.0,0.0,0.0,0.0,0.0,0.0,0.0,0.0,0.0,0.0,0.0,1.101730262575984e-09,3.5841064614075804,9.73589817741212e-10,4.7046422467382,1.0224665492182254e-09,5.702517841528235,1.073683419558776e-09,6.156936919954331,1.1275908449334355e-09,6.288071350972322,1.1840926623899033e-09,6.811461570692721,1.243459885928149e-09,7.533169528028924,1.3058513882218257e-09,7.992184367091896,1.371287848361643e-09,8.894456234059076,1.4399204183361805e-09,8.612026640447423,1.5125948404075402e-09,7.8127985804035855,1.5886079465831929e-09,8.036788509887302,1.668261041287456e-09,7.716747992069066,1.7520664552895142e-09,7.580405215850586,1.839851456393673e-09,7.373235798137928,1.932415766375653e-09,6.415694470802974,2.0294860034512086e-09,5.934563060120275,2.1315801106040996e-09,5.600312442123662,2.239164428579806e-09,4.960950485579156,2.3514303745512166e-09,4.528380843582084
0.0,0.0,0.0,0.0,0.0,0.0,0.0,0.0,0.0,0.0,0.0,0.0,0.0,0.0,0.0,0.0,0.0,0.0,0.0,0.0,0.0,0.0,0.0,0.0,0.0,0.0,0.0,0.0,0.0,0.0,1.801582127450045,1.8759689773743602,1.9574448940975773,2.0466854656856306,2.0916492164571276,2.1909584102649995,2.3082215737652687,2.4300160982082217,2.534153613308558,2.5291562491268054,2.632225763166159,2.7694649608030963,2.8748611332891127,2.9526768415105997,3.0822621501993686,3.2397940779427117,3.218567475290674,3.2852749482482713,3.3731720420912334,3.6881630773955956,4.039645018743879,4.424623189103273,4.846289779098508,5.308141195120859,5.8140070510906785,6.368081923134653,6.974960130484841,7.639673830996332,8.367734747169594,9.165179868651315,8.557237492743232,7.906756742827912,8.173495736115033,8.662120584538,8.452864143777568,8.843719709981753,8.906149086493896,8.20573420206347,9.018128596977368,9.253040911173688,12.3960379731873,14.06932115703723,14.283991521965845,15.137965649985363,16.001848109786856,16.647927489183065,17.576354925819878,17.925806941925185,18.247769894329156,18.142250064325026,17.960142247668895,17.465117325998616,17.252614377997865,16.529622518046757,15.50424445456566,14.880359737686764,14.037720829656232,12.69996510078094,11.884074415867174,9.82697443120173,10.35881962,9.78272572,10.13094063,10.70880605,10.54451336,11.03467812,11.21437066,10.6357503,11.55228221,11.78219716,11.58604275,12.14429717,11.53833776,12.01137489,12.74600681,13.00740149,13.1924926,13.4160097,12.72175864,13.2386003,14.08747238,13.83675831,14.4856699,14.70190872,14.25934655,15.07966061,15.34961743,15.03911909,15.70317978,14.83083179,,0.0,0.0,0.0,0.0,0.0,0.0,0.0,0.0,0.0,0.0,0.0,0.0,0.0,0.0,0.0,0.0,0.0,0.0,0.0,0.0,1.095495250069689e-09,3.4422209873152556,9.735005477884917e-10,4.694488948436687,1.022352544949308e-09,5.620514895881806,1.073562107553461e-09,6.079267602153939,1.1274568830858826e-09,6.338103450676826,1.1839442040031534e-09,6.8803200778509614,1.2432991733885233e-09,7.60242980187195,1.30567993596984e-09,7.795072190973019,1.3710835641955417e-09,8.899183297260556,1.4397010808949116e-09,8.591812842602721,1.512367619783313e-09,7.912314887339059,1.588356277983462e-09,8.052982206075251,1.6679842903826568e-09,7.613234258118348,1.7517703309619367e-09,7.135854994241102,1.8395160576672432e-09,7.0589049567841515,1.9320534274632984e-09,6.168781052005781,2.0290784521665197e-09,5.663063531385087,2.1310980052315187e-09,5.300519843084439,2.238654341607247e-09,4.548629384410255,2.3508419897092775e-09,4.161322511296287
0.0,0.0,0.0,0.0,0.0,0.0,0.0,0.0,0.0,0.0,0.0,0.0,0.0,0.0,0.0,0.0,0.0,0.0,0.0,0.0,0.0,0.0,0.0,0.0,0.0,0.0,0.0,0.0,0.0,0.0,1.5801422861275813,1.6453859435253182,1.716847321474037,1.7951189687422453,1.834556040666081,1.9216587345405844,2.0245086021256555,2.1313328625125556,2.222670408925273,2.2182872912519516,2.3086881089902587,2.4290586745038523,2.5215001715655894,2.589751232237341,2.7034086796554284,2.841577712667971,2.822960158724545,2.8814683428450243,2.9585616447227316,3.234835841192484,3.543115696921702,3.8807746229024573,4.250612444529697,4.655695810558512,5.099383621370346,5.5853548805527495,6.117639200735607,6.70065021663262,7.339222182347272,8.038650056392028,8.44268948406562,7.8011006096768885,8.106233381738532,8.56929208148131,8.390118919568552,8.699460525706032,8.826124448133402,8.13885921775902,8.958090621360515,9.148116049048339,12.49014205048274,13.923353698287912,14.151451193296442,15.01568823029945,15.86927723114415,16.513950485942942,17.475823613340026,17.845433863917293,18.18455130849946,18.07525135802492,17.8813554703037,17.375581001951268,17.14371270700474,16.420617887948787,15.425228103410593,14.820307526431776,14.025373317929196,12.817388254749252,12.070146137103071,10.132075629204165,10.02283177,9.446486553,9.823080703,10.36441105,10.22467496,10.62111926,10.85063305,10.27019208,11.18076103,11.36640334,11.23461247,11.68915188,11.14175698,11.64637217,12.33609547,12.5483702,12.69806293,12.98086203,12.28450284,12.83630454,13.59032538,13.41705885,13.94277439,14.22505297,13.82603226,14.594699,14.80792932,14.58294937,15.19384785,14.32108567,,0.0,0.0,0.0,0.0,0.0,0.0,0.0,0.0,0.0,0.0,0.0,0.0,0.0,0.0,0.0,0.0,0.0,0.0,0.0,0.0,1.0909029235506296e-09,3.5642176904307505,9.734456448595699e-10,4.663260493388267,1.0222839244858952e-09,5.531194385488973,1.0734926238035287e-09,5.95906729319485,1.1273739606835945e-09,6.2365904414903,1.1838525561885737e-09,6.8071579993362485,1.2432017297022258e-09,7.600720842826184,1.3055642505148528e-09,7.746040177562039,1.3709652078074718e-09,8.858610114062547,1.4395804103642824e-09,8.473782660099657,1.5122264222745472e-09,7.8341457881519085,1.5881903611721654e-09,7.839296775827228,1.667812427658665e-09,7.451550762556638,1.75156265117869e-09,6.851260729580938,1.839327349374602e-09,6.6985794659089,1.9318291459722716e-09,5.810963408169053,2.0288222356622033e-09,5.33508319990901,2.1307763545496824e-09,4.935089102689131,2.2382602793411743e-09,4.215520470823851,2.3504323056748627e-09,3.849640017039496
0.0,0.0,0.0,0.0,0.0,0.0,0.0,0.0,0.0,0.0,0.0,0.0,0.0,0.0,0.0,0.0,0.0,0.0,0.0,0.0,0.0,0.0,0.0,0.0,0.0,0.0,0.0,0.0,0.0,0.0,1.4340641574159558,1.493276287484391,1.5581313335492353,1.6291670655049457,1.6649583305169129,1.7440087124960673,1.8373505020257848,1.9342992668985668,2.0171930054477665,2.013215090288967,2.095258697157628,2.2045014629049886,2.28839709607546,2.3503386064535183,2.4534888562738106,2.578884689071687,2.56198825699502,2.6150875826059403,2.685053902709054,2.935787603246309,3.215568161893379,3.5220118077800078,3.8576595331201022,4.225294486685561,4.627965051326238,5.069010120777355,5.552086785347499,6.0812006560518395,6.660739078636713,7.295507512891652,8.407479203777218,7.761248268717791,8.127710608663346,8.658850904718664,8.431527439717732,8.646496727750488,8.817021248233228,8.12719229337295,9.081157874838038,9.126765870011221,12.647546018395708,13.857839129217945,14.085809158446668,14.967906873192987,15.836344291763444,16.437921112103034,17.418035495792118,17.802696195152507,18.15575305904869,18.054734496971793,17.83359813795944,17.329538617281347,17.080405959792092,16.365416665044055,15.406799303426489,14.882031070718043,14.0574462833872,12.980777350767744,12.246072791732061,10.372624904240915,9.841543361,9.254524556,9.685841942,10.28801797,10.09648577,10.39050544,10.65437175,10.06149156,11.09835088,11.13998096,11.09376144,11.43534812,10.9153454,11.48366011,12.24516968,12.29840266,12.42235293,12.74607012,12.03486954,12.65696788,13.31960177,13.24884597,13.64003826,13.9677567,13.63286806,14.4871257,14.51295065,14.40011945,14.91902846,14.03006697,,0.0,0.0,0.0,0.0,0.0,0.0,0.0,0.0,0.0,0.0,0.0,0.0,0.0,0.0,0.0,0.0,0.0,0.0,0.0,0.0,1.0886735957171823e-09,3.6490432765091203,9.734108866311244e-10,4.626992472719504,1.0222360665774112e-09,5.45886085514911,1.0734457481184968e-09,5.834585370304568,1.1273188666163897e-09,6.044663468727934,1.1837916751392761e-09,6.718403141900127,1.2431379974869503e-09,7.5576708235488494,1.3054840712313715e-09,7.671713658558237,1.3708631421923064e-09,8.805937422598166,1.439466175396874e-09,8.33355422110036,1.5121323753598543e-09,7.729564530779437,1.588083971358957e-09,7.602704456034883,1.6677037765905119e-09,7.298027233934513,1.751428109161591e-09,6.622954452803326,1.8391980640165583e-09,6.401896295880727,1.9316733478732194e-09,5.463915492679879,2.028645980320553e-09,5.096582419978981,2.1305736022978837e-09,4.661858558126832,2.2379905388562466e-09,3.9877834117422473,2.3501385341270578e-09,3.638065448575844
0.0,0.0,0.0,0.0,0.0,0.0,0.0,0.0,0.0,0.0,0.0,0.0,0.0,0.0,0.0,0.0,0.0,0.0,0.0,0.0,0.0,0.0,0.0,0.0,0.0,0.0,0.0,0.0,0.0,0.0,1.314735909914628,1.369021008179536,1.428479476309903,1.4936043364539064,1.5264174160704382,1.5988900285006484,1.68446486276158,1.7733465365283871,1.8493427004476395,1.8456957869683353,1.9209125585272246,2.021065251336482,2.0979799423869814,2.15476730966567,2.249334443816606,2.364296109569472,2.348805626883777,2.3974865661652665,2.4616310000446386,2.691501189755052,2.948001253191604,3.2289457726741118,3.5366643048637334,3.873708413171442,4.242872825001268,4.6472186052786455,5.090098538416765,5.575184929183554,6.106500052992626,6.6884495080986195,8.41320004927855,7.809696900022681,8.21903452290274,8.657907983769697,8.491377954164236,8.722044761745936,8.846916467497424,8.20572826474314,9.101750699838124,9.055512483331732,14.033839162697163,13.8700931034578,14.063571311784838,14.945162210768206,15.762957177667902,16.335852731526717,17.351478393012346,17.735549647244504,18.097937183171958,17.989653695926705,17.762152108065877,17.26795766886598,17.021265036407378,16.30514278282643,15.411101215469868,14.880110450331163,14.026002647600656,13.128396026028428,12.434715405882509,10.69000239647135,9.727935959,9.178717908,9.647513999,10.15151232,10.01779537,10.32093479,10.53138133,9.979074801,10.9510934,10.90120827,11.00729844,11.35878163,10.82593446,11.438218,12.08269574,12.03480054,12.33917784,12.59893386,11.93628823,12.60688286,13.03411142,13.14558658,13.54871004,13.80651771,13.5789213,14.29490456,14.20188223,14.28788722,14.74680831,13.91514239,,0.0,0.0,0.0,0.0,0.0,0.0,0.0,0.0,0.0,0.0,0.0,0.0,0.0,0.0,0.0,0.0,0.0,0.0,0.0,0.0,1.0899432467681436e-09,4.9474532821812796,9.734692447745412e-10,4.532376725390885,1.0222989033444971e-09,5.33561679479884,1.0735220311489904e-09,5.661711521091967,1.1274020880618094e-09,5.929595882175309,1.1838819997084925e-09,6.665348301821794,1.2432449947082323e-09,7.361106180657939,1.3055971689509732e-09,7.534102354209718,1.370991421764578e-09,8.623279954057168,1.4396299792576232e-09,8.07427202656415,1.5122678301269795e-09,7.6760419421843915,1.5882266440766138e-09,7.35131686251379,1.6678670550778954e-09,7.009219302293617,1.751601154503743e-09,6.37233348707182,1.839400941422862e-09,6.075052741599331,1.9319092343570563e-09,5.232424496794615,2.028924046474152e-09,4.9142189572621415,2.1309098059364246e-09,4.415693736519588,2.238322943032284e-09,3.7944071502489636,2.350480367843019e-09,3.463309516013576
0.0,0.0,0.0,0.0,0.0,0.0,0.0,0.0,0.0,0.0,0.0,0.0,0.0,0.0,0.0,0.0,0.0,0.0,0.0,0.0,0.0,0.0,0.0,0.0,0.0,0.0,0.0,0.0,0.0,0.0,1.3025834401644931,1.3563667661650456,1.4152756431342561,1.479798536079438,1.5123083152730927,1.5841110431860934,1.668894885448642,1.7569550011796133,1.832248711415057,1.8286355073715448,1.9031570293870246,2.002383982996051,2.078587730160951,2.1348501960067057,2.228543219829887,2.342442262926027,2.3270949630809565,2.3753259308985455,2.438877459931796,2.666622895533154,2.9207520575298704,3.1990997286653218,3.5039739328604087,3.8379026487156995,4.203654771192389,4.604263070941274,5.043049341656533,5.523651943971557,6.050055974289391,6.62662630869445,8.401180731028676,7.783225129037156,8.245838594078407,8.776910804144245,8.541024654961612,8.81154777706055,8.836318274810354,8.179582117091893,9.23232751887079,9.126090782928562,14.082639107665612,13.930785703891774,14.045706290746706,14.967604523338979,15.807663463024358,16.352494098182916,17.36043245425479,17.7349489659886,18.098003455685877,17.985873178468967,17.765731142654687,17.275360902722593,17.04004063682853,16.301841041516084,15.446235693096636,14.980593002724795,14.11361938443448,13.219900974284688,12.446823350886813,10.680012532788075,9.703764171,9.139591895,9.661114237,10.25670934,10.05333297,10.39565882,10.50521316,9.936537118,11.06457623,10.95472629,11.04634625,11.44101971,10.77978688,11.45434262,12.20790502,12.09388377,12.42851404,12.56762827,11.88540755,12.62465496,13.09810063,13.19221985,13.64680331,13.77221154,13.5980637,14.44303828,14.27160447,14.33857274,14.71016573,13.85582648,,0.0,0.0,0.0,0.0,0.0,0.0,0.0,0.0,0.0,0.0,0.0,0.0,0.0,0.0,0.0,0.0,0.0,0.0,0.0,0.0,1.094393908829261e-09,4.9394498880134545,9.734710572751075e-10,4.492149977484363,1.022286683671973e-09,5.3445071415346925,1.0735312556878212e-09,5.648112100003766,1.1274056782959396e-09,5.828301663544957,1.183887909491381e-09,6.6010525918345095,1.2432498119864513e-09,7.259013378097504,1.3055828951360033e-09,7.542646627687108,1.3709645721414886e-09,8.651473366458255,1.439652602121238e-09,8.027841114884529,1.5122793764857995e-09,7.58838257111144,1.5882436817516308e-09,7.2822407823616055,1.6678766145444265e-09,6.897211260711389,1.751581031402332e-09,6.367532151305742,1.8394334132292242e-09,6.051826765417241,1.9319199141735554e-09,5.141817794850794,2.028937599410471e-09,4.885064257335711,2.130936907203082e-09,4.404980179563858,2.2382790673443106e-09,3.7867135965500287,2.350407843582187e-09,3.4508123629261136
0.0,0.0,0.0,0.0,0.0,0.0,0.0,0.0,0.0,0.0,0.0,0.0,0.0,0.0,0.0,0.0,0.0,0.0,0.0,0.0,0.0,0.0,0.0,0.0,0.0,0.0,0.0,0.0,0.0,0.0,1.350218144175023,1.405968294515377,1.467031434184002,1.5339138910638817,1.5676125336052402,1.642041044700969,1.7299253818005642,1.8212058037465815,1.8992529603182284,1.8955076235453758,1.9727543534317413,2.0756099778953856,2.1546004509073717,2.2129204017670054,2.3100397239140045,2.4281039874771593,2.4121954459772827,2.4621901916883187,2.528065762454,2.764139713588497,3.0275622283478043,3.316088908764138,3.6321121818245903,3.9782524728081308,4.3573799335228065,4.772638241243765,5.227470665690846,5.725648620188357,6.271302933751749,6.868958103395593,8.399472424018146,7.682270710686752,8.511833809028845,8.987040339159948,8.723060826629595,9.107912755545886,8.825007308458432,8.059500603524858,9.450381339967786,9.340531316754904,14.270385878827264,14.134245881053479,13.999352519811946,15.123686419873156,15.909810574257738,16.429131770602368,17.414476662931243,17.74005323715378,18.096986329132218,17.996103965910585,17.79807179054686,17.322166072278314,17.121288825741935,16.31794224405064,15.621416658281465,15.149578740132364,14.304659283277942,13.395896537333991,12.388952425337592,10.453097128482714,9.749690568,9.088239005,9.978865243,10.52095423,10.29067336,10.7499538,10.55493269,9.880706407,11.3496343,11.23603894,11.30712983,11.83094169,10.71921817,11.83107234,12.52241881,12.4044495,12.85209087,12.62710889,11.81862667,13.03987589,13.43445421,13.5036635,14.11190071,13.83739326,14.04529973,14.8151361,14.63809312,14.67707963,14.77978664,13.77797434,,0.0,0.0,0.0,0.0,0.0,0.0,0.0,0.0,0.0,0.0,0.0,0.0,0.0,0.0,0.0,0.0,0.0,0.0,0.0,0.0,1.1019842816040182e-09,4.93601040322646,9.735088682512868e-10,4.378914169545199,1.0223024771831975e-09,5.434734801346438,1.07359394930296e-09,5.505534482298064,1.1274607109607676e-09,5.697431488862301,1.1839490511537794e-09,6.4527862588049505,1.2433200347931642e-09,6.974581239670054,1.3056378446589959e-09,7.575134539642075,1.3710049302497911e-09,8.806425422426887,1.4397919831464623e-09,7.720367790381327,1.5123761861813663e-09,7.391179809821398,1.5883495608446731e-09,7.134591482016016,1.6679981192256313e-09,6.641500298588752,1.7516679851280114e-09,6.458801457932754,1.839614027514291e-09,5.933496862932355,1.932077344432303e-09,5.10708088256074,2.0291069487703887e-09,4.894036830213394,2.13115040210824e-09,4.444465528829922,2.238435858625361e-09,3.880468720463251,2.3505087850889954e-09,3.5440808933220227
0.0,0.0,0.0,0.0,0.0,0.0,0.0,0.0,0.0,0.0,0.0,0.0,0.0,0.0,0.0,0.0,0.0,0.0,0.0,0.0,0.0,0.0,0.0,0.0,0.0,0.0,0.0,0.0,0.0,0.0,1.3668257954852079,1.4232616713591264,1.4850758862046751,1.5527809957258494,1.586894130775228,1.6622381108010307,1.7512034231730094,1.8436065921548785,1.9226137269105583,1.9188223225837842,1.9970191854248425,2.1011399316421473,2.181101985608122,2.240139270487064,2.3384531580045973,2.457969609223435,2.441865393038529,2.4924750729420078,2.55916091167354,2.798138566835992,3.064801172310454,3.356876724087102,3.6767870759485124,4.027184884342748,4.410975603877362,4.831341578983801,5.291768431518203,5.796073963099764,6.3484398118433445,6.953446125970022,8.350232859707928,7.517032099842888,8.796703744008374,9.214885294498142,8.957619229459773,9.299004329445959,8.768402237085954,7.8762541981164444,9.693164833375631,9.560106077716652,13.361761875405692,14.260997339120099,13.905664603074987,15.26804635594481,16.002423427320753,16.488398358947602,17.44034130152017,17.73284689205475,18.081500253972465,18.01485160288897,17.818830465947748,17.36364049527007,17.165297810937517,16.3064646090544,15.789170023662905,15.332516036219337,14.509222859012056,13.650361480289884,12.33106813882506,10.217194683649607,9.717058655,8.940293771,10.28177963,10.76766629,10.54451336,10.96124244,10.51960566,9.71986079,11.61577856,11.4789284,11.58604275,12.06347698,10.54472263,12.19021157,12.81606439,12.67259649,13.10469668,12.58484634,11.62623412,13.43570907,13.72486682,13.83675831,14.38926789,13.79107993,14.47165315,15.16254495,14.95452478,15.03911909,14.73031915,13.55368605,,0.0,0.0,0.0,0.0,0.0,0.0,0.0,0.0,0.0,0.0,0.0,0.0,0.0,0.0,0.0,0.0,0.0,0.0,0.0,0.0,9.271658089623271e-10,3.772738311644519,9.735449570768052e-10,4.298660291358459,1.0223218849624136e-09,5.54204395931037,1.0736550539791375e-09,5.317974057089587,1.1275225626276419e-09,5.524812196015773,1.1840163498457175e-09,6.273771478896342,1.2433885710126306e-09,6.7775100153201215,1.3057040814539597e-09,7.640475625796824,1.371053667917287e-09,9.01442704648685,1.439908296764698e-09,7.377281100607033,1.5124810477668783e-09,7.158764819184827,1.5884582933328643e-09,6.883758910330606,1.6681126576375775e-09,6.452816997908176,1.7517795925928332e-09,6.542569564471266,1.8397860933724233e-09,5.728492478668214,1.9322507966384795e-09,5.001312666387682,2.0292886489256976e-09,4.846466511774822,2.13136550315408e-09,4.407316354697181,2.2386262041072634e-09,3.949188802042517,2.35061606920564e-09,3.6169547610635697
0.017558441856043622,0.023909026872105405,0.031212199640593238,0.039610848324373824,0.04890285280673654,0.05995625260306778,0.07272954742006019,0.08737271095561895,0.10401170307914034,0.12233383826600275,0.14421828075010423,0.1695793729764281,0.19845083520153334,0.23142866743400903,0.2697157722130946,0.2987781040569768,0.3003634610438105,0.30292988282458433,0.30608012004504975,0.31132074490122746,0.31236744657049703,0.3135711534900248,0.3149554164473436,0.3165473188481073,0.3183780066087966,0.32048329753333094,0.32290438209622757,0.3256886293430791,0.32889051367619576,0.3325726806574675,1.3746062071052942,1.4313633341188166,1.4935294153375775,1.5616199240973365,1.5959272420727417,1.671700104242584,1.7611718357591601,1.854100993270112,1.9335578620236087,1.929744875805142,2.0083868603159205,2.113100295277056,2.1935175189478295,2.252890863022323,2.3517643847780927,2.47196116204062,2.455765275482538,2.5066630419460676,2.5737284778993352,2.814066470663923,3.082247005373499,3.375985145041371,3.6977165294200414,4.050108914730433,4.436084294361318,4.858843127671202,5.321890877795839,5.829067078507989,6.384577171150315,6.993027375619278,8.556943167231944,7.551046556211125,9.36781231523529,9.77758009780269,9.480976845355912,9.857010283401758,8.936918737079905,7.850169427045632,10.237490215183874,10.11435035622975,13.749060110858082,14.547513094128599,13.844861475148681,15.451807431645516,16.13257513647086,16.57383336159913,17.47734053162869,17.71141384546312,18.049891203195184,18.02694996243467,17.84189971723083,17.39508404085722,17.217053368542615,16.2576139231048,15.913614936365398,15.496976067328545,14.704994837622484,13.854382262210411,12.241577457327756,9.955529098233441,9.949107816,9.006318917,10.89255393,11.37881087,11.12580694,11.58866664,10.77082012,9.791643131,12.27505978,12.16642907,12.22475334,12.75399335,10.62259667,12.91435353,13.54347069,13.43158882,13.85481272,12.88537999,11.71209526,14.23383801,14.54688215,14.59954541,15.2129131,14.12041915,15.33132086,16.02313136,15.8501873,15.86818945,15.08208796,13.65378165,,0.0,0.0,0.0,0.0,0.0,0.0,0.0,0.0,0.0,0.0,0.0,0.0,0.0,0.0,0.0,0.0,0.0,0.0,0.0,0.0,9.266402773125862e-10,3.6769119124912275,9.736004522517115e-10,4.076199412977864,1.022372085258459e-09,5.614233159925289,1.073729557520296e-09,5.02177343275911,1.1276048104263045e-09,5.21058460415202,1.1841004561330893e-09,5.912983808421554,1.2434911442666213e-09,6.378656548916008,1.305817131871418e-09,7.635626781033702,1.3711739916506758e-09,9.217604541980428,1.4400615296267425e-09,6.918499168881429,1.5126168783498535e-09,6.689632020100972,1.5885955550950669e-09,6.485094930361607,1.6682666838077253e-09,6.016812215431669,1.7519459681997574e-09,6.503851007757336,1.8399819692604205e-09,5.3367563784629946,1.9324728456913975e-09,4.653171133717171,2.029559757331184e-09,4.4996027987586755,2.1317104811992154e-09,4.1409485213686885,2.2389602259371894e-09,3.872957183528369,2.3508696209451764e-09,3.6273475059542233
0.7433321487378467,1.0121825424364623,1.3213604951905806,1.6769151408586456,2.0702897759535572,2.538232631522903,3.078986803255337,3.698901389324376,4.4033088686105915,5.178971779339081,6.105444059112456,7.1790994172297395,8.401365392134803,9.797473491877426,11.418348288042372,12.648694679479695,12.715810362363253,12.824459172577217,12.957823660230574,13.179684174222064,13.223996021895374,13.27495464671408,13.333557065249742,13.400949846559282,13.478451545057256,13.567578498318985,13.670074494556516,13.787944890209374,13.923495845177879,14.079379443314929,1.4208167817458084,1.47948193117381,1.5437378693431791,1.6141173984209676,1.6495780364307386,1.7278981790398265,1.8203777102492105,1.916430896843723,1.9985588924590478,1.9946177238685383,2.0759034410180384,2.1841370608707624,2.267257695960467,2.3286270126515753,2.4308243970768486,2.555061867680151,2.5383215188456787,2.5909303317340253,2.6602503278063274,2.90866783941507,3.1858638845684895,3.489476712825519,3.822023843615909,4.186262715971073,4.5852135528621085,5.022184404509042,5.5007985783182605,6.025024682892154,6.599209535234325,7.2281142040024555,8.340909999709638,6.947485952591696,8.774232245679842,8.646324410944803,7.983425117851141,7.957690089684774,6.4733235867546775,4.64688397410334,6.475731829217134,5.702296347093569,10.31178684339676,11.368167455390365,10.901788397228206,12.631401138526872,13.56276074755976,14.60208580365343,16.46078224830709,16.99109478074105,17.523250945726733,17.411004290565618,17.04868114433451,16.12960074559269,15.53544678457074,13.500152098837003,11.913334873877625,10.151546822691742,8.584842921177382,7.015278139247968,5.4129631199912,3.718266039025998,10.50505893,9.439150426,11.63933061,11.93735695,11.70329293,12.2238209,11.3726881,10.26221626,12.87759959,12.87588585,12.85928023,13.45301711,11.1331043,13.79974167,14.20827236,14.21482042,14.61417044,13.60540851,12.27496272,15.20968797,15.39514947,15.3573361,16.04670589,14.90946104,16.38241255,16.80965091,16.7744538,16.69182922,15.92486742,14.30996393,,0.0,0.0,0.0,0.0,0.0,0.0,0.0,0.0,0.0,0.0,0.0,0.0,0.0,0.0,0.0,0.0,0.0,0.0,0.0,0.0,9.265625134523098e-10,5.633854114094138,9.73481782837447e-10,7.278386824086307,1.022241470742724e-09,10.437307185950473,1.073581979545402e-09,10.95775997371256,1.1274530883719824e-09,13.203661073368494,1.1839528929839179e-09,15.591021931537544,1.2433529068870588e-09,17.100743690276374,1.3057301164992688e-09,18.80107577585162,1.3711424849284854e-09,20.86636221460397,1.4399574305906491e-09,18.28966833508347,1.5124839374474318e-09,18.06339158172368,1.5883827477255196e-09,17.536696006104435,1.6680038423823093e-09,16.644321804457107,1.7517172760191988e-09,16.177903622440432,1.8396819182503884e-09,13.594587422923288,1.9321012061952175e-09,11.931658816702768,2.0291190185909283e-09,10.981262195294994,2.131106081180698e-09,10.136418493655288,2.2380582494270222e-09,10.010801081775837,2.3497701086660576e-09,10.715795757785596
2.0144092842290044,2.7429863141000923,3.580849898453769,4.544393020462743,5.61042725355879,6.878539273667262,8.343967919358123,10.023919068688619,11.932843589932396,14.03486833278341,16.54558223789999,19.455158159143277,22.767464685676018,26.550878496963612,30.943403754362343,34.27760798316809,34.45948960223647,34.75392483201506,35.115338854765895,35.71657462796248,35.83665849290229,35.974754937567894,36.1335658489175,36.316198396952,36.526225827169995,36.76775737189105,37.04551864828379,37.36494411608042,37.732283403959066,38.15472358481158,1.4438651077960651,1.5034819165155218,1.5687802071068357,1.6403014247923946,1.6763373011842708,1.7559279441184878,1.8499076676226656,1.9475190179376798,2.0309792844306545,2.0269741826575842,2.109578507340554,2.2195678804980075,2.3040368889484895,2.3664017316206754,2.4702569502353944,2.5965097867654747,2.579497877921936,2.632960104908529,2.703404601966324,2.9558519138123045,3.237544601256708,3.54608260181506,3.8840242738270963,4.254171787182336,4.659594358560762,5.103653700991737,5.590031898756722,6.122761938769377,6.706261151597662,7.3453678394061965,7.444410448167876,5.59372381958602,6.848252224652641,6.112085644968947,4.719867165492065,4.053158022461604,1.6092789632783129,2.6552999779430564e-10,2.791027727018835e-10,2.93198039040436e-10,6.694348341495057,8.323913616406204,7.208828891822118,9.479613724317286,10.056372443820635,9.895651780459096,9.660006476935736,4.186601848929288,3.553089198016727e-10,4.8324818871811415,4.386568615661441,2.4678444384117832,0.6361434659057,4.545737519007029e-10,4.775356699618354e-10,5.015133910374402e-10,5.266696229723868e-10,5.531091859663904e-10,5.808711960072068e-10,6.099785290943703e-10,10.90268484,9.84019205,11.99788233,12.29678009,12.00663172,12.68762524,11.80315455,10.69822752,13.2653326,13.25600099,13.19258118,13.96346042,11.60611703,14.22484525,14.63607074,14.63446289,15.168671,14.12038543,12.79648963,15.67822521,15.84963699,15.7553844,16.65556067,15.47379752,16.88707578,17.31577447,17.26966042,17.12446637,16.52763794,14.91795204,,0.0,0.0,0.0,0.0,0.0,0.0,0.0,0.0,0.0,0.0,0.0,0.0,0.0,0.0,0.0,0.0,0.0,0.0,0.0,0.0,9.264740954136395e-10,12.156927907302663,9.732802079098131e-10,16.035179236642836,1.0221373015551512e-09,20.674213437073508,1.0733835982646253e-09,24.172048703558087,1.1272999825735706e-09,28.833962409107684,1.1838724143063436e-09,32.135306661116736,1.2434166345382693e-09,31.530322957854167,1.3061136181948853e-09,27.453101356652,5.64025047413921,28.038685255052332,1.4402340341724974e-09,27.826683219836234,1.5128490582948225e-09,27.611134720745415,1.5894780142399504e-09,26.233297578766997,1.6704248896051544e-09,23.99817291967168,5.5513764890808845,28.098815155333266,5.159786945585775,27.066069300734036,6.316989866935502,27.959285123004914,9.042017153115205,30.157009865418665,12.771003806748796,32.88448672305419,20.011429063867975,37.3925801106077,29.986352005542845,41.49872793926155
3.162988042459858,4.306986162174237,5.622583999848797,7.135521513178067,8.809388665466438,10.800554605529058,13.101543446122289,15.739371537389655,18.736729364284017,22.03728957250269,25.979565912318563,30.54812798139381,35.749050166576595,41.6896962599351,48.586757832341775,53.82206338290573,54.107650522897835,54.56996725185645,55.13745283747602,56.081502081196504,56.27005553548738,56.48689200789806,56.73625395114545,57.0230201858524,57.35280135573139,57.732049701045646,58.1681852980998,58.669741234625675,59.24653056149307,59.90983828706407,1.5257037121669756,1.5886996152327837,1.6576990278617072,1.7332740845151102,1.7713524826185163,1.8554543413883053,1.9547608571040394,2.0579048410684218,2.1460956545448573,2.1418635426877413,2.2291498993767167,2.3453734953478076,2.4346302265064956,2.500529922717662,2.610271678864297,2.7436805550297287,2.725704407304093,2.7821968855375094,2.856634192791833,3.123390275981557,3.421049369343983,3.747075374304373,4.104171657537988,4.495299216564249,4.923701231966169,5.392929959436088,5.906876184634248,6.469801485094496,7.086373566691169,7.761704967661586,6.32276613556558,4.213497602794205,5.016804532502371,3.7448279025305915,1.575656172149786,0.3150522733300755,2.526321916546806e-10,2.6543712593340837e-10,2.789559411948416e-10,2.931139351788706e-10,5.22815802299648,5.974540714240586,0.6435282295762774,2.5900378074764014,2.912407331975391e-10,3.059877214061655e-10,3.2157649115501604e-10,3.3788093551246683e-10,3.5498229083489036e-10,3.729964837813481e-10,3.9189130243184046e-10,4.11685247247182e-10,4.324893323805674e-10,4.542729912459709e-10,4.7717052520585e-10,5.011983237676952e-10,5.264268342559503e-10,5.529181692856649e-10,5.80740791197115e-10,6.098859058331232e-10,11.01145789,10.10918338,12.29708756,12.6136235,12.15639732,12.97106122,11.92091133,10.9906741,13.60713208,13.41243827,13.3571398,14.275398,11.92338166,14.57958685,15.01318917,14.80716773,15.50753246,14.26126057,13.14629427,16.06921145,16.0366824,15.95191033,17.02763859,15.62817528,17.30820854,17.76193914,17.47346387,17.33806965,16.69252957,15.32574894,,0.0,0.0,0.0,0.0,0.0,0.0,0.0,0.0,0.0,0.0,0.0,0.0,0.0,0.0,0.0,0.0,0.0,0.0,0.0,0.0,9.265191412594078e-10,20.079734035259246,9.732483732299595e-10,24.592644191577676,1.0254211730024882e-09,26.903826963288527,1.0772311547362763e-09,32.20067714078732,2.7546801097014764,37.61334265125859,10.668498625424013,46.19400238353703,14.436729197694874,46.417000381614464,19.1628429086313,47.56103488863055,22.334305383485365,45.7408618423516,19.061686136485296,46.49029432676383,20.884135504095006,48.60868969320113,22.442311343909612,48.4151178066905,23.11568304395391,46.875427998396084,25.036593625753127,46.57329150114497,25.85059339707869,46.16379691128536,26.978566772962857,46.63626019300448,27.793730878331548,46.509465380186185,29.23193320131029,46.187463077048406,31.235812148015622,45.29517500216943,33.07588042744827,38.883534583910325
4.026312326122003,5.4825599213181695,7.15724465579761,9.083132100453456,11.21387425220313,13.74852056139169,16.67755462879357,20.035366803701738,23.850840843507942,28.05227507944761,33.07057916624886,38.88611103815114,45.506603060345874,53.068723520408106,61.848309042143704,68.51256922469484,68.87610617345861,69.46461030922855,70.1869886987781,71.38871221319955,71.62873053984293,71.9047516154525,72.2221758523718,72.58721372479394,73.0070072780361,73.4897698642053,74.044946838227,74.68340035824198,75.41762190608436,76.26197668568747,1.496706374506653,1.558504985163818,1.6261930034175367,1.70033168981176,1.7376863745502689,1.820189803705474,1.9176089119612172,2.018792554014654,2.105307223704769,2.1011555468466363,2.186782949744083,2.300797614302348,2.3883579429739576,2.4530051576400447,2.5606611754267057,2.691534498851325,2.673900003584994,2.729318792704633,2.8023413536253368,3.0640275034095694,3.356029324544718,3.6758589192345617,4.026168274298838,4.409862110901212,4.830121970132241,5.2904325939481796,5.794610820214126,6.346837231443909,6.951690819666404,7.614186954844132,5.424383949563319,3.2185090837189767,3.6929257609975044,1.907805129958275,2.2880019681257515e-10,2.404136632437134e-10,2.525879529530894e-10,2.6541212902732875e-10,2.78922862082117e-10,2.930840735520731e-10,4.120099283957226,3.234456464982577,2.6355668841750863e-10,2.770145186565538e-10,2.9111046079122713e-10,3.059229890985053e-10,3.2150992645041916e-10,3.3782901771946774e-10,3.549542947118093e-10,3.7294120141553865e-10,3.9182910291767085e-10,4.1162881511995587e-10,4.324379662730037e-10,4.5423472148108217e-10,4.771264681283089e-10,5.011511281183685e-10,5.263820853677653e-10,5.528747431874136e-10,5.807006860520397e-10,6.098435201756044e-10,10.94740265,10.25957399,12.47636342,12.69126892,12.32012411,13.02130669,11.85156567,11.15417832,13.69089322,13.62376583,13.53703863,14.33069603,12.10076143,14.79213864,15.10560555,15.04047076,15.56760335,14.17830077,13.34186686,16.30348007,16.28935777,16.16675648,17.09359786,15.53726393,17.56054016,17.87127594,17.74877729,17.5715851,16.59542672,15.55374448,,0.0,0.0,0.0,0.0,0.0,0.0,0.0,0.0,0.0,0.0,0.0,0.0,0.0,0.0,0.0,0.0,0.0,0.0,0.0,0.0,9.268015011009613e-10,25.84042277051799,9.736400877676246e-10,30.09066908803169,12.179254036556951,41.099321040498914,10.365709684864964,44.94966501323389,14.625710555731514,51.44370163244361,16.854968634133833,53.89928887381059,18.60216372718671,51.472301756362235,20.69905843778791,49.21565711460947,22.00858236842365,43.65095737408641,19.863218861141196,45.63059851967249,22.210625729508013,49.90995373166328,22.703523010429596,47.538811198178806,22.818702013195015,45.319649762684996,23.821742084605507,43.568555168871214,24.12332935383118,43.177405584788,24.443475062917415,43.59063106986353,25.03099823699107,42.81783844707956,25.353963734182443,42.30517111573528,27.281876127948745,39.56247211429468,35.57854837426764,29.869314523704535
4.598573468699425,6.261798030708606,8.174506277023559,10.374120760290882,12.807706019960246,15.70260247256551,19.04794114981717,22.88300031306916,27.240768977991298,32.03935449321051,37.77091184948174,44.413007247546346,51.974472056294616,60.611399273574165,70.63883027650316,78.25028402915002,78.66549060828969,79.3376390373655,80.16268931351831,81.53521420044218,81.80934641361974,82.12459845873927,82.48713831059057,82.9040591401795,83.38351809415731,83.93489589116409,84.56898035763867,85.2981774939588,86.13675420052726,87.1011174126063,1.6175346509279973,1.6843222291863729,1.7574746636537721,1.8375985251269147,1.8779688328694375,1.967132718152492,2.072416417046413,2.18176855846592,2.2752675095099946,2.2707806700791813,2.3633207257739706,2.4865397310365864,2.581168756532424,2.6510349050232027,2.7673819334831062,2.9088205878024658,2.8897624695029975,2.949655186765618,3.0285728185741094,3.311384746253281,3.626959712636297,3.9726089733161705,4.351198608539367,4.7658678359998445,5.2200550408377895,5.717526286296998,6.262406541448849,6.859213884917417,7.5128969682212565,8.22887604936139,4.6769080105641505,2.504193040305771,2.6136200495350392,0.42444642480553585,2.2870719354895266e-10,2.4036186089531786e-10,2.5255345092458024e-10,2.653884714093229e-10,2.788891972954843e-10,2.930426262611419e-10,2.924870510514132,0.7295156950174637,2.635283097177441e-10,2.7698271642871065e-10,2.9108419099096273e-10,3.059012461412968e-10,3.214922850133544e-10,3.3781600406780536e-10,3.5495297110251894e-10,3.729333297465329e-10,3.918131757957667e-10,4.1161800869875323e-10,4.3242902978907096e-10,4.542287229659464e-10,4.771154065767421e-10,5.011356733463927e-10,5.263624074603562e-10,5.52853758834998e-10,5.806762788241925e-10,6.097952632686184e-10,10.89301613,10.4503133,12.54560099,12.63616571,12.30108612,13.03419014,11.79268728,11.36154953,13.63144983,13.67316707,13.51612016,14.34487501,12.32573089,14.87422761,15.04001973,15.09500913,15.58300615,14.10786319,13.58991015,16.39395622,16.34842474,16.14177437,17.11051049,15.46007505,17.65799237,17.79368209,17.81313628,17.54443214,16.51298091,15.84290955,,0.0,0.0,0.0,0.0,0.0,0.0,0.0,0.0,0.0,0.0,0.0,0.0,0.0,0.0,0.0,0.0,0.0,0.0,0.0,0.0,9.269386293026312e-10,29.54298292633785,9.80072908264585e-10,33.28418766420105,15.128392443656072,45.73550077361812,14.12192818426217,50.36633011435683,16.28446958622954,54.10674276908118,17.450807081875695,54.55262867198013,18.85710176171128,51.72966430121409,20.878273873316765,47.454989797145416,22.272497040278633,40.89074568202873,20.019450271609884,42.94891537412741,21.946039832420833,48.73846031063114,22.79274496635435,45.082417080375585,23.030659651249582,42.46635690364181,24.569557357963514,39.14303361655323,24.71334989006984,39.243911377434785,25.1821482981119,39.04950661760049,26.177315724957733,37.77882834408368,26.427654298243304,37.52904268286047,29.73095631948715,33.777537813058615,36.4739443619704,28.073555521820854
4.838416347528021,6.588387934414795,8.60085525933921,10.915192683007684,13.475703846661574,16.521586317828785,20.041404247063696,24.07648448999466,28.66153663510431,33.71039684357548,39.74088890771996,46.72940897260119,54.68524901537268,63.77264320944955,74.32306420816037,82.3315004147207,82.76836247939892,83.4755674353144,84.34364897643616,85.78775917614983,86.07618901002121,86.40788331893684,86.78933177415175,87.22799749760676,87.73246307952797,88.31259849866615,88.97975423058747,89.74698332216482,90.62929677726866,91.64395725013863,1.6888150665787904,1.7585457943615581,1.8349218605030686,1.918576565748909,1.9607258847257114,2.0538189833955514,2.1637422526468097,2.277913249778752,2.3755324489359113,2.370847886520058,2.467465934380572,2.596114870869797,2.694913943830215,2.7678589061822514,2.8893330362740115,3.037004512909226,3.0171065544288203,3.0796385831760418,3.1620339034496663,3.457308594596939,3.786790103729974,4.147671200683967,4.54294426617823,4.975886854814629,5.450088872148584,5.96948234173468,6.538374008972727,7.161481052099338,7.843970196438753,8.591500556231038,4.333152796084572,2.1950811614242984,2.2173893903700046,0.002771741485719357,2.286882221674815e-10,2.4034494270225436e-10,2.5253843938432783e-10,2.653776796664945e-10,2.7887461250497364e-10,2.930274803461654e-10,2.580604998142552,2.510292605306213e-10,2.635178202989062e-10,2.769780441506089e-10,2.910814732332941e-10,3.058990485866769e-10,3.2149230801661057e-10,3.3781794978408e-10,3.549543237296248e-10,3.7293814194271483e-10,3.9181535365556705e-10,4.116210767794443e-10,4.3243336233294525e-10,4.542245117560178e-10,4.771132842215202e-10,5.01130653828701e-10,5.263517581934885e-10,5.528432791048332e-10,5.806614961479762e-10,6.097677271742519e-10,10.86038421,10.54201489,12.65316651,12.83654099,12.49527371,13.1578713,11.75736025,11.46124723,13.84760761,13.72119606,13.72948855,14.48099323,12.43388929,15.00175868,15.27851361,15.14803255,15.73087296,14.06560065,13.70916173,16.53451739,16.40585096,16.3965919,17.27287176,15.41376172,17.80939134,18.07584156,17.87570751,17.82139233,16.46351342,15.98193122,,0.0,0.0,0.0,0.0,0.0,0.0,0.0,0.0,0.0,0.0,0.0,0.0,0.0,0.0,0.0,0.0,0.0,0.0,0.0,0.0,9.269146676279341e-10,31.059471290810986,0.6023564607728346,35.22472764158342,15.392623174944054,47.17883859661338,14.3807210786842,52.11203589300053,16.069191056563003,55.32682083593855,17.125425785955596,54.94649557815501,18.418298634506275,51.773434594925526,20.516773564851686,46.45008264893277,21.856144636088306,40.18362625723303,19.498177958817013,42.32415641803858,21.49956699451654,48.05073483289952,22.372788190181954,44.28416228875175,22.717328279635815,41.373830266090735,24.64783278631678,37.293815933402705,24.63290045121023,37.83342721429485,25.12139844147785,37.649816385791404,26.477802770953875,35.91248774413448,26.794975862427176,35.64263863129244,31.126823089056558,31.45490308005945,35.57781732725581,27.979207562929815
4.811201443739953,6.551329870189882,8.5524775606119,10.853797404602583,13.399906321743993,16.42865645198628,19.92867626972866,23.941060177185186,28.500322529926887,33.52078413957075,39.51735616675846,46.466567522441096,54.377657918682495,63.4139377520032,73.90501522345636,81.86840594298127,82.30281076582561,83.00603786753194,83.86923666315911,85.3052240976286,85.59203158451398,85.92186019439592,86.3011630957223,86.73736143220573,87.23898951910992,87.81586181897893,88.4792649637412,89.24217858008639,90.1195292386744,91.128482495554,1.7720457321497165,1.8452130321178937,1.9253531757741342,2.0131306751219102,2.0573572587686138,2.1550383083134106,2.2703789776356245,2.3901767176053355,2.4926069295720916,2.4876914956680003,2.5890712161288687,2.724060418536423,2.827728652580857,2.9042685957491803,3.03172939240809,3.1866786317358704,3.1658000328285754,3.2314138568979307,3.3178699044128135,3.6276967567509635,3.973416257740625,4.352082827175211,4.766836320677494,5.221115822111104,5.718688160031868,6.2636791417567075,6.860607764040339,7.5144236840284195,8.23054826119434,9.014919510561365,4.213081804301618,1.9706276278927048,2.1778085438262034,0.08482869049910209,2.286821665004704e-10,2.4033623918960166e-10,2.5252940671677174e-10,2.6536865998335295e-10,2.788664101532581e-10,2.9302118039577973e-10,2.91501103265344,0.9805145439039836,2.635170227209777e-10,2.769848745257736e-10,2.91087493243566e-10,3.0590557829846445e-10,3.215009402559387e-10,3.3782206429329377e-10,3.5494832624789267e-10,3.72944514512185e-10,3.9182526803139085e-10,4.1162953774894493e-10,4.3244238503925906e-10,4.542193849054289e-10,4.771125399567742e-10,5.011286584108998e-10,5.263488681623449e-10,5.528393063860503e-10,5.806482619473245e-10,6.097483790637993e-10,10.79632898,10.36717053,12.65563928,12.95175677,12.60823251,13.20296339,11.68801459,11.27115695,13.97189833,13.84744369,13.8536048,14.53061966,12.22766728,15.00469043,15.41564758,15.28740839,15.78478274,13.98264084,13.48178872,16.53774868,16.55679989,16.54481909,17.33206598,15.32285038,17.81287177,18.23808326,18.04018047,17.98249989,16.36641057,15.71686324,,0.0,0.0,0.0,0.0,0.0,0.0,0.0,0.0,0.0,0.0,0.0,0.0,0.0,0.0,0.0,0.0,0.0,0.0,0.0,0.0,9.268017380724886e-10,31.167833616108634,9.778506664129182e-10,35.64052282548092,14.922337217312858,48.15463032226966,13.705861944808653,53.2683833017562,15.670218333509352,56.79158232700077,16.747803257114093,57.085206795204805,17.89550563570656,54.30543513627455,19.942146354101883,48.3389020332291,20.980705301021125,42.682101553456896,18.618958687160802,45.395739005376875,20.90377475838038,50.062017510976645,21.620985832997633,46.80696394751195,21.80422545923391,44.15601058717197,23.633503298177697,39.38257675717577,23.70258060111619,39.8661574266641,24.359569128671684,39.14644766074297,25.474839749890307,37.68558638464986,26.049373481002476,37.15351260468538,29.850589248646042,33.171766561091566,33.38515131229308,30.06701706646509
4.540097973095279,6.182172958779004,8.070559192319628,10.242203360896406,12.644843131682592,15.502928058726505,18.805727383623026,22.592019905052545,26.894375150107845,31.631941815000697,37.290616643837545,43.848251105723676,51.31356426979464,59.84066425413662,69.74058636729279,77.25525281546717,77.66517962455238,78.32878100903334,79.14333993952758,80.49841178943069,80.76905813527661,81.08030143296523,81.43823122527141,81.84985048638397,82.3232126366146,82.86757910931297,83.49360055283393,84.21352521275902,85.0414385714757,85.99353893353123,1.9380201835415631,2.018040524744353,2.105686804464967,2.2016857746441536,2.2500547361226033,2.3568848489875154,2.483028627939806,2.614046938467442,2.7260710327639215,2.7206952064270715,2.831570417427757,2.9792030626127373,3.092581135382052,3.1762900103936373,3.3156891196003655,3.4851513111191785,3.4623171678731572,3.534076554811492,3.628630302512917,3.9674763505243664,4.345576846807311,4.759710320386686,5.213310713998812,5.710139225122785,6.254315493357454,6.850351759955134,7.503190282760028,8.218244316789121,9.001443000264445,9.859280518271893,4.220315083554383,2.1706251066771234,2.530085073427673,0.4878301046827419,2.2867352923404888e-10,2.403180910940444e-10,2.52516540188824e-10,2.6535714796765345e-10,2.788547621167919e-10,2.9301448534906135e-10,4.022427107209697,2.8817027419786196,2.635467132626126e-10,2.7702046720579497e-10,2.9111579647679383e-10,3.059274829444686e-10,3.2152138492423874e-10,3.3783630072980967e-10,3.549694691334781e-10,3.729572019358502e-10,3.9184191264746816e-10,4.1164131047484187e-10,4.324516497375508e-10,4.542396061220713e-10,4.771303541252258e-10,5.011499990336203e-10,5.263713727405942e-10,5.528619562474943e-10,5.80670238791619e-10,6.097877638075145e-10,10.69843324,10.37083859,12.70633107,12.93171924,12.56888731,12.94142928,11.58203349,11.27514486,13.95028256,13.87488883,13.8103733,14.24278635,12.23199362,15.06479128,15.39179819,15.31770748,15.47210603,13.85585321,13.48655878,16.60399015,16.58961487,16.4931894,16.98873953,15.18391039,17.88422071,18.20986732,18.07593546,17.92638377,16.2180081,15.7224241,,0.0,0.0,0.0,0.0,0.0,0.0,0.0,0.0,0.0,0.0,0.0,0.0,0.0,0.0,0.0,0.0,0.0,0.0,0.0,0.0,9.267853964346784e-10,30.33424086904302,9.733889334650117e-10,35.466370560911095,13.27021643828176,48.289972395006224,11.47059987035662,52.74791746446372,15.75354988554828,60.28451057778969,18.10744446545559,63.432470648615926,19.47277304954781,62.20839406681944,21.59445056709364,58.01949591928277,22.0700893441843,52.29768205024049,19.985042172349303,55.64631665239956,22.707136552552505,60.30783543180568,23.298380665067462,58.73907871533843,23.20298025784257,56.97272563939528,24.21734671503298,51.89870876813346,24.225011680063602,53.18806440677843,24.639351784744584,53.48380601745207,25.198243143152443,51.94254906720508,25.536076706562117,51.660367146587056,28.58208953613066,45.75624411193749,31.573273934887126,40.31671416077979
3.8843412432096507,5.289240350923318,6.904874324797749,8.762853394757675,10.818463826414918,13.263736422843872,16.089490340879706,19.328903297824787,23.009840586038006,27.06312879654604,31.904483355372424,37.51495479214436,43.90200282249933,51.197476697828584,59.66748681579938,66.09675970519194,66.44747804225491,67.01523103835007,67.71213777196984,68.87148752725773,69.10304261036897,69.36933095591765,69.67556255326808,70.02772889018722,70.43272017760248,70.89846015807282,71.43406113554342,72.0500022595285,72.75833455194265,73.57291668781797,2.140505442323816,2.2288863463493733,2.32568995052989,2.4317189381901336,2.4851415114757085,2.603133284695292,2.742456624903879,2.887163790035662,3.0108922143056396,3.004954719108873,3.127414224216849,3.2904715974923087,3.41569546454173,3.5081502821203934,3.6621138757124996,3.84928155657291,3.824061691318673,3.903318532699258,4.0077513003586525,4.382000142572978,4.799604756246302,5.257007089603429,5.757999865330192,6.306737252584393,6.90776931284456,7.566079728447796,8.28712712665852,9.076890341919714,9.941917991598896,10.889382776289112,4.569647864657849,2.845375762927911,3.201289274884559,1.5680802772753142,2.2869153084805713e-10,2.403125886597747e-10,2.525075736515405e-10,2.6534985199986384e-10,2.788507853175705e-10,2.930165600239145e-10,4.884634397907813,5.3236593773381005,0.1846839730820444,1.5719948863245463,2.912115731878878e-10,3.0599733582105766e-10,3.215950161201112e-10,3.3788871168398835e-10,3.550027693694668e-10,3.7301983965459267e-10,3.91911547798028e-10,4.1170131622426763e-10,4.325104157530487e-10,4.5427193302257626e-10,4.771730345276995e-10,5.011855200250241e-10,5.263971009669784e-10,5.528771373450379e-10,5.806665420332086e-10,6.09781106787649e-10,10.59449455,10.36350246,12.43185355,12.76265261,12.34931571,12.68891358,11.46951034,11.26716904,13.76789943,13.60043746,13.56911362,13.96487832,12.22334094,14.73936717,15.19056899,15.01471653,15.17021128,13.72123918,13.47701865,16.24531682,16.26146504,16.20506239,16.65725193,15.03639387,17.49789231,17.97179526,17.71838555,17.61321964,16.06044498,15.71130237,,0.0,0.0,0.0,0.0,0.0,0.0,0.0,0.0,0.0,0.0,0.0,0.0,0.0,0.0,0.0,0.0,0.0,0.0,0.0,0.0,9.26360700463498e-10,26.347418358064974,9.733535099497904e-10,32.16420744757119,1.027234307059293e-09,35.27904132075391,1.0803765253726025e-09,41.53825469693418,6.4556735057587336,51.57501588091782,13.342135228600535,60.469238954400815,15.487587026446532,60.93154429075838,19.9422091848489,61.698006251496764,21.18994706612593,58.98881632685936,18.143839733349328,60.93066073202191,19.976496772632487,62.8685634722356,21.437723261416625,63.54479006229432,21.691637831302728,62.90796032882868,23.49558391994158,61.348526318478385,23.050349762060357,61.4067146638737,23.59905182709531,61.26698583628923,24.16513076567657,61.31085334513444,25.00963444015672,61.10655684360234,28.10760281349285,60.626262956894,30.039824155678208,56.55880638476908
2.9841660196394137,4.063487303676914,5.304706780322892,6.732109178469093,8.311342931551781,10.189936735269473,12.36083735755817,14.849533757905142,17.67743359680626,20.79139403134532,24.510790670024292,28.821065480467528,33.727949429273416,39.33273641187519,45.83986717033679,50.779190593852654,51.04863183971574,51.48481112789168,52.02021346849746,52.91089014389394,53.088783579982575,53.29336103146203,53.52862510063992,53.79917878016851,54.11031551159429,54.46812275269001,54.879601079896055,55.35280115610151,55.89698124360818,56.52278834393282,2.375988652796436,2.4740925963494313,2.581545845724497,2.699239389766475,2.7585391352471076,2.889511525575957,3.0441622304328066,3.204789050403976,3.342129197399677,3.335538501139528,3.471470131496767,3.6524659192190736,3.7914660269906775,3.894092067139767,4.064993642106782,4.272752182263432,4.244757806503252,4.332733922822918,4.4486556420732395,4.864076684618255,5.327623192757969,5.835345683124213,6.39145412682314,7.000559705207325,7.667713045212235,8.398446098519917,9.198818011808378,10.075465368434324,11.035657218150716,12.087355351141314,5.297186527755765,3.869939330174496,4.206831374164763,2.996927801987538,0.9545184534353387,2.403588163478899e-10,2.5251043665304395e-10,2.6534909576521534e-10,2.7885485996774147e-10,2.930271027598933e-10,5.71545722436437,7.223072594256799,6.418660185798834,8.466411806490324,8.546236173007182,7.801435806982219,8.755778235764271,4.396017658906719,3.56753307389961e-10,7.645791923032533,6.7422797826893826,5.039172512869862,4.471377864601893,0.992549285211809,2.500357332971923,1.828896852865002,1.152752690992907,0.04420700844276815,5.807432104442755e-10,6.098226841753069e-10,10.6573412,10.40751923,12.093084,12.42827637,12.02440052,12.38872911,11.5375476,11.31502394,13.40718614,13.20934426,13.21210508,13.63450807,12.27525697,14.33771758,14.79258234,14.58295443,14.81132619,13.80263371,13.53425941,15.80262992,15.79385152,15.77870103,16.26318759,15.1255899,17.02107257,17.50094163,17.20887694,17.14980913,16.1557157,15.77803277,,0.0,0.0,0.0,0.0,0.0,0.0,0.0,0.0,0.0,0.0,0.0,0.0,0.0,0.0,0.0,0.0,0.0,0.0,0.0,0.0,9.263409400756045e-10,20.485612946453326,9.732520110809656e-10,26.062095924539964,1.022182596310261e-09,31.662818672690282,1.073317250437328e-09,37.35552270616254,1.1272228252018451e-09,43.65851464614067,1.1838279893775114e-09,48.2704241538231,1.243335267101406e-09,49.237841692744006,1.3059772080166404e-09,46.410929000420936,0.1422725340528442,43.01798395864491,1.4400068373941555e-09,49.618128832424986,1.5126616253578798e-09,49.364835036354904,1.5886494535236003e-09,48.38917819842794,1.6683380637104052e-09,48.12826950308547,1.7551573576778236e-09,46.666697871662656,1.8400852119438421e-09,47.25731332090406,1.933463069642543e-09,47.19452407525775,2.031689137462346e-09,48.02229484394079,2.2116300947700395e-09,48.32266440433141,8.419278630291815,55.694214918870024,16.52124241105835,59.937327922127324
1.863168432004629,2.537044259011185,3.3120014600705048,4.2032022412908,5.189199151695736,6.362101948862911,7.71750693700638,9.271328185373225,11.036931598198155,12.981137363548184,15.303348111101746,17.994474511989107,21.058094703613047,24.557451678181078,28.620188312906564,31.704062138152988,31.872288175266288,32.144617353695125,32.47889659046447,33.0349918793325,33.14605990711644,33.27378813905393,33.42067560576738,33.589596192471625,33.783854867161466,34.00725234302736,34.2641594402394,34.55960260198237,34.89936223790586,35.290085819025556,2.6097072353390365,2.7174613573985913,2.835484447292036,2.964755137653939,3.0298880138789293,3.173743749161403,3.3436069608144514,3.5200341393596415,3.6708840076430462,3.663645005177362,3.8129478054399812,4.011747583472954,4.164420697689017,4.277141740862374,4.464854369959878,4.693049468792589,4.662301373727339,4.758931425822176,4.886256002521837,5.342540715483679,5.851684845774271,6.4093504116824525,7.020161506022539,7.689182897654061,8.42196202790885,9.224575009277252,10.103677007770676,11.066557426721726,12.121200349603194,13.276350743031134,6.1457906728482925,5.249605953791476,5.787340782849817,5.053681991278476,3.6466633646596507,2.6570549222220468,0.4345646224377762,2.653949419344843e-10,2.789060924709689e-10,2.930634952566842e-10,6.806465892332362,8.71972286230489,9.188661158667166,10.86543536253527,12.242981713646437,13.83305066247389,16.429422301140566,17.147306210239858,17.786574699348318,17.59779175672759,17.150962586269852,16.024340227261817,15.246096406520655,12.420919154141565,10.186455476052238,8.022354713390099,6.434608976586676,5.0931815187016065,3.8811686454074428,3.0544499802540552,10.61866634,10.50411157,11.93482669,12.22163937,11.86575053,12.19290062,11.49567852,11.42003885,13.18427343,12.8745136,13.0377845,13.41898756,12.38918382,14.15008565,14.54663554,14.21330547,14.57720373,13.75254477,13.65987108,15.59582728,15.39350872,15.57051678,16.00611557,15.07070003,16.79832466,17.20996467,16.77266605,16.92353447,16.09708757,15.92446893,,0.0,0.0,0.0,0.0,0.0,0.0,0.0,0.0,0.0,0.0,0.0,0.0,0.0,0.0,0.0,0.0,0.0,0.0,0.0,0.0,9.265292092797733e-10,12.884977309441949,9.73515212326981e-10,17.30695739836361,1.0223394272568196e-09,22.02199274059657,1.0736470319542418e-09,25.54994313223623,1.1275196604607572e-09,30.781388857203122,1.184060807455395e-09,36.01685680014468,1.243469702191855e-09,38.38680812089526,1.3058715079451412e-09,40.298310220556964,1.3713060497801408e-09,41.491856213174366,1.4400528987148483e-09,40.37949707242453,1.5126923584067716e-09,40.755198620086205,1.5887093769981784e-09,40.13696199897067,1.668384678797518e-09,39.68081794933182,1.75214917887916e-09,38.628998215340715,1.840063870349651e-09,35.593947712248905,1.932429807457483e-09,34.04421739687765,2.029473448170124e-09,34.02977937583972,2.131424688970672e-09,33.79580707871125,2.2388336173122104e-09,34.80464366428913,2.351198526673393e-09,35.69641761375262
0.6007293936494925,0.8180028349546062,1.0678672924560613,1.3552114185834043,1.6731200498983636,2.05129154209885,2.4883060399244017,2.9892946141923846,3.558566747292351,4.185424486231151,4.934159936199702,5.801842483450582,6.789625803773615,7.917900927689065,9.227822925728884,10.222136494652224,10.276376531964576,10.364181874423393,10.47196137506575,10.651259596286472,10.687070544904092,10.728253135809828,10.7756131153467,10.83007709180887,10.892710664733903,10.96473927358885,11.04757217376116,11.142830008942912,11.252376519375838,11.378355006311693,2.828576888491472,2.9453680806873077,3.073289473501157,3.2134017750519144,3.2839971835621906,3.4399177414649587,3.624026958077652,3.8152506451552757,3.9787519165931,3.9709057970004906,4.132730251671568,4.348202872495355,4.513680300966166,4.635854977592445,4.839310597883198,5.08664385192975,5.053316990629385,5.158051164788071,5.296054136965459,5.790606313615328,6.342451095416671,6.946886684924654,7.608924986113676,8.334055537406906,9.128291030239227,9.998217165538831,10.951047261533148,11.994682065677031,13.137775266660576,14.38980524969337,7.422617808051607,7.0794251945600095,8.028583114255744,7.818335776588424,7.143435286774229,6.840832636682895,5.635868392256641,4.9837104109241555,5.8252849364011325,4.8608980270693065,10.219829045040367,11.763103658037862,11.975511470117532,13.488486305882054,14.528291824304635,15.556714015012894,17.19422254500699,17.66425250847749,18.124763724682914,17.99731997457463,17.72962734498493,17.018241844989372,16.52462989269596,14.841545710073303,13.452573505617048,11.642005876193643,9.549706250459677,7.776251887827777,5.657135464597664,4.1167944872937206,10.85192409,10.84279611,12.16973988,12.38694897,12.10055252,12.33204192,11.74820139,11.78825567,13.3626036,13.01722831,13.29577896,13.57212055,12.78864883,14.42860179,14.74339298,14.37086076,14.7435539,14.05464369,14.10030692,15.90279995,15.56414664,15.87862948,16.18877201,15.40175456,17.12896609,17.44274623,16.958592,17.25842097,16.45068851,16.4379223,,0.0,0.0,0.0,0.0,0.0,0.0,0.0,0.0,0.0,0.0,0.0,0.0,0.0,0.0,0.0,0.0,0.0,0.0,0.0,0.0,9.266090628153875e-10,5.99094027347899,9.736850144988305e-10,8.341028464580164,1.0225693299413678e-09,10.490168745484246,1.0738862844459157e-09,11.613640421820827,1.1277619150259048e-09,13.852032368606805,1.1842967348993046e-09,16.494633602319965,1.2437033457238735e-09,17.78036216836194,1.3061215069609065e-09,19.131841858488677,1.371578493337905e-09,19.792472317553766,1.4403610430551021e-09,18.53638593535723,1.5129852171498799e-09,19.195002346231508,1.5890374534753203e-09,18.81475218669643,1.6687330744551186e-09,18.720395985177753,1.7525419977095595e-09,18.603923780362678,1.840501493231788e-09,16.3446091117167,1.9329273501287327e-09,15.16221608650456,2.030010624700508e-09,14.589733686997237,2.1320636629847422e-09,13.655342993753468,2.239585432533646e-09,13.596598742006785,2.3519634398376437e-09,13.44703244474101
0.016463320956040903,0.02241781966584883,0.029265493182143686,0.03714031772590112,0.045852779422236284,0.05621677811838495,0.06819340189641669,0.08192327058716958,0.09752448793666244,0.11470387063214121,0.13522337933990092,0.15900269897093133,0.186073446647697,0.21699444982833194,0.2528935859603169,0.28014329870815474,0.28162977690013397,0.28403613082560547,0.2869898875924872,0.2919036544133035,0.29288507324691593,0.2940137049054461,0.29531163131262633,0.2968042466807402,0.2985207543538941,0.30049473817777866,0.30276481957494794,0.3053754131812429,0.30837759582776714,0.3118301058695706,2.989545093423263,3.1129826202604156,3.248183743406998,3.3962695335912976,3.470882374411991,3.635676034693446,3.8302625094037084,4.032368323735699,4.205174099595691,4.196881474273773,4.367915009344415,4.595649711898089,4.770544103622066,4.899671477367757,5.114705317828073,5.376113773466562,5.3408903524292635,5.451584722359162,5.597441145788673,6.120137219266778,6.70338629638318,7.342219010549805,8.041932482377486,8.808328648071294,9.647762368356613,10.567194122185509,11.574247722154997,12.677273530202957,13.88541769776291,15.208698004486589,8.342645905813779,8.381096690276292,9.260733443624241,9.488290628907077,9.063574956401036,9.084628257435323,8.387501438959037,8.406409825949435,9.636776082754572,9.205144445395325,14.510611126899493,14.560045512518634,14.697528977844133,15.882597245229702,16.572675536068562,16.992204081541413,17.864183671707092,18.1140830061128,18.427509768211106,18.385346867065216,18.195042796776946,17.774890076979126,17.48064478850726,16.496136779937412,15.986828021173942,15.130180338876325,13.466885708179895,12.060636963580698,9.55137467119027,7.756575940647715,11.34865432,11.51649713,12.53818268,12.92170048,12.58031011,12.77652107,12.28595735,12.52070142,13.93947467,13.51672979,13.82292438,14.06129539,13.58325252,14.86543236,15.3798735,14.92230429,15.27495028,14.69797353,14.97640853,16.38426235,16.16137934,16.50817866,16.77225783,16.10674634,17.64755106,18.19575934,17.60933283,17.94267555,17.20369363,17.45926817,,0.0,0.0,0.0,0.0,0.0,0.0,0.0,0.0,0.0,0.0,0.0,0.0,0.0,0.0,0.0,0.0,0.0,0.0,0.0,0.0,9.647767029719034e-10,5.190825136150465,9.738206903191844e-10,5.253402533983657,1.0227484738716677e-09,6.070894008740282,1.0740844913859614e-09,6.1338308130827786,1.1279729726474647e-09,6.560400940546632,1.1845051914236595e-09,7.726156864440876,1.2439192851338504e-09,8.211753521797146,1.3063440202875205e-09,9.151730330096939,1.3718365297525728e-09,9.335532272431434,1.440660982266166e-09,8.413125391625941,1.5132625380457425e-09,9.02993482733256,1.5893409269415992e-09,8.90294413340668,1.6690635888802782e-09,9.045631073218544,1.752896373379062e-09,9.49452333576272,1.8409187725457834e-09,8.285560085010767,1.9333913539574716e-09,7.802109860422482,2.0305300730308552e-09,7.734565421152743,2.1327279469064823e-09,7.100610358270231,2.2403795201261136e-09,6.541476336153282,2.3529617703635533e-09,5.817835882446248
8.153880000020258e-06,1.1102997500048948e-05,1.4494482625089736e-05,1.8394690518895736e-05,2.270975959677962e-05,2.784279453635264e-05,3.3774523216866946e-05,4.057459119946652e-05,4.8301492379469415e-05,5.681002023647869e-05,6.697283077204387e-05,7.875014588794715e-05,9.215762477125115e-05,0.00010747204098705292,0.00012525200463510354,0.00013874812053870335,0.00013948433681198195,0.00014067614502602716,0.0001421390684720749,0.00014457273693495667,0.0001450588096672081,0.00014561779330923583,0.0001462606244975036,0.00014699988036394047,0.00014785002461025517,0.00014882769049339708,0.00014995200625886264,0.00015124496938892534,0.00015273187698814332,0.00015444182072640232,2.9667964607730095,3.089294702579991,3.223467026833013,3.3704259735891817,3.4444710557530294,3.608010735805492,3.8011165249620795,4.001684436107115,4.173175264377413,4.164945740925933,4.334677814088957,4.560679593094663,4.734243144123621,4.862387936540504,5.075785499342801,5.335204794509327,5.3002494024332325,5.410101455060902,5.554847999196878,6.073566671233726,6.652377575121664,7.2863491581511415,7.980738233044301,8.741302586775717,9.574348723418625,10.486784156883981,11.486174687159282,12.580807134971188,13.779758055064551,15.092968997838112,8.103874155539904,8.213220944624942,8.9277125788975,9.180561851944343,8.852784754722467,8.82191758164691,8.183873060773681,8.28634844957385,9.366359214416882,9.060808789354892,14.409575700403279,14.433407601679063,14.63893773649146,15.769679743161424,16.497251284628735,16.95846511025577,17.842161378167972,18.09070934839551,18.41215559067111,18.35516801778365,18.170625694581762,17.737954170394552,17.4359201753841,16.39245309117211,15.808813888783007,14.921440477883081,13.2764175986266,11.862133419072421,9.327416477016364,7.609082243571712,11.07067877,11.30252675,12.1511941,12.55100622,12.29727852,12.42995616,11.98502336,12.28807346,13.53958278,13.22581134,13.51193647,13.6798808,13.33088293,14.40661367,14.93865984,14.60113388,14.86061513,14.33795926,14.69815484,15.87856527,15.81354051,16.13677795,16.31730802,15.71222539,17.10286282,17.67376431,17.23032993,17.53900155,16.7823039,17.13488427,,0.0,0.0,0.0,0.0,0.0,0.0,0.0,0.0,0.0,0.0,0.0,0.0,0.0,0.0,0.0,0.0,0.0,0.0,0.0,0.0,9.634328890228971e-10,5.2323840178898715,9.73830608129905e-10,5.314285145515867,1.022749770045816e-09,6.042390108866394,1.074088215890457e-09,6.225561482400205,1.127981299704765e-09,6.634502196666144,1.1845157677995268e-09,7.692674773610589,1.243944729402673e-09,8.281935135698967,1.306357779956325e-09,9.162992220401042,1.3718549952728302e-09,9.268990889775804,1.4406911712713331e-09,8.550313992635305,1.513280304121842e-09,9.00960781943883,1.5893614447589973e-09,8.887670997311556,1.6690996672785e-09,9.099496650074393,1.7529140821616348e-09,9.421677288901682,1.8409390832697332e-09,8.280447643352852,1.93342510407536e-09,7.734609153640693,2.030594268988203e-09,7.532412309035221,2.132817593378328e-09,6.904090250318494,2.2405097479458017e-09,6.325023365330714,2.35306741489012e-09,5.567321414673445
1.1100240000027577e-06,1.5115005000066636e-06,1.973198475012216e-06,2.5041511462698394e-06,3.091580718217057e-06,3.79036362595725e-06,4.597876269859198e-06,5.5235998103475434e-06,6.5754972819109625e-06,7.733801074209703e-06,9.11730973535387e-06,1.0720608095670115e-05,1.254582791003587e-05,1.4630647596556784e-05,1.7051113236039303e-05,1.888839960274785e-05,1.8988624002975693e-05,1.9150870163207058e-05,1.9350024447458936e-05,1.9681330574338638e-05,1.9747501820241776e-05,1.982359875302202e-05,1.991111022571057e-05,2.0011748419292735e-05,2.0127482341900283e-05,2.0260576352882625e-05,2.0413634465492225e-05,2.0589651294962944e-05,2.0792070648806063e-05,2.102485290561107e-05,2.822748339961407,2.9392988729287923,3.066956671689716,3.2067802586743004,3.2772301987102437,3.4328294676488444,3.6165593099167124,3.8073889626144455,3.97055332431537,3.9627233723896196,4.124214372562345,4.339242991799156,4.504379438475767,4.626302362697945,4.829338743560772,5.076162344191086,5.042904156020744,5.147422515569856,5.285141119652496,5.778674225060575,6.329381878822415,6.93257197198873,7.59324608103472,8.316882432673685,9.109481328624687,9.977614899360184,10.928481599387432,11.969965895928581,13.110703645934842,14.360153703512228,7.782622400207286,7.941399055772941,8.600808835324706,8.71429369739825,8.469212439943837,8.597735842234275,7.864722112465727,8.022069564057665,8.889476870473638,8.76632326411009,14.144342954174196,14.260330902346796,14.466464200336372,15.611661466183646,16.315776531597884,16.87209552291549,17.809909518438264,18.049685341107303,18.382761583448172,18.32380778245075,18.13309435874756,17.670623475731265,17.395618940899134,16.258081944642758,15.65104233449158,14.604357744360284,13.076867142712889,11.59313846609248,9.118143494586826,7.493259514029394,10.60537185,10.88069944,11.66776748,11.92107646,11.74644573,12.0305691,11.48128602,11.82946405,12.86003677,12.72905437,12.90669543,13.2403324,12.8333543,13.83345678,14.18889473,14.05272026,14.38312854,13.7353267,14.14959757,15.24684782,15.21958931,15.41396222,15.7930164,15.05183164,16.42243757,16.78672545,16.5831646,16.75337593,16.07693414,16.49538459,,0.0,0.0,0.0,0.0,0.0,0.0,0.0,0.0,0.0,0.0,0.0,0.0,0.0,0.0,0.0,0.0,0.0,0.0,0.0,0.0,9.617737717348973e-10,5.3618710146134685,9.738042717612095e-10,5.359252215350494,1.022694931780952e-09,6.13750188526682,1.0740414052190615e-09,6.404521680186778,1.127922597704276e-09,6.95623759696228,1.1844588081079372e-09,7.895556496231428,1.243892304885732e-09,8.46970412384424,1.3062841253957315e-09,9.46180030834727,1.3717680380710813e-09,9.518324483964765,1.4406157604741032e-09,8.855653869723279,1.5131901784756453e-09,9.24290667599789,1.5892633490347702e-09,9.189253052291729,1.669007345738287e-09,9.195868534065887,1.7527920489747195e-09,9.52315275013871,1.8408249561406913e-09,8.338106221725639,1.933291646343984e-09,7.795267455480492,2.030465954301108e-09,7.422204556978297,2.1326919382610368e-09,6.809749022978447,2.240382759959865e-09,6.15193379396568,2.3528916027176525e-09,5.35804965383771
0.0,0.0,0.0,0.0,0.0,0.0,0.0,0.0,0.0,0.0,0.0,0.0,0.0,0.0,0.0,0.0,0.0,0.0,0.0,0.0,0.0,0.0,0.0,0.0,0.0,0.0,0.0,0.0,0.0,0.0,2.634765361949315,2.7435541274343027,2.8627104622716395,2.9932223958206032,3.0589806708783955,3.2042176933717528,3.375711913210851,3.5538331264422363,3.7061314388451203,3.6988229282607237,3.8495593178630165,4.0502679498626675,4.204407014808455,4.318210393246561,4.50772541870584,4.73811162219618,4.707068287247798,4.804626170651434,4.933173304165261,5.393839213589643,5.9078720907507405,6.470892301106197,7.087568337509392,7.763013600182644,8.502828796389446,9.313148380795093,10.200691421595216,11.172817314184806,12.23758680434261,13.40382882690828,7.690213758243324,7.676191972767749,7.691073917940606,7.575320964402284,7.3484590893555986,7.307392206874063,7.802023297047738,7.774483843829424,7.694840331440297,8.301563062039637,11.673519883818534,13.32277136049702,14.344311563203345,15.202159590891338,15.916026727497353,16.724866633463993,17.582152010898046,17.99010890102427,18.34281151878114,18.218145280865418,18.027991348880768,17.45313180707075,17.016266734600073,16.12707917952814,15.254198225630631,13.916956187504834,12.81478561795937,10.664355956513896,9.133896124924663,7.870677844601898,10.32497912,10.4197461,10.55378438,10.56854336,10.40743976,10.5116099,11.17773521,11.32831697,11.40097177,12.00038599,11.43542977,11.56863054,12.28967809,12.51270394,12.5790611,13.24827929,12.56713919,13.37218188,13.55015962,13.79115111,14.3483515,13.65688711,13.79901701,14.65388008,14.85450112,14.88214897,15.6338696,14.84361778,15.65188016,15.79656899,,0.0,0.0,0.0,0.0,0.0,0.0,0.0,0.0,0.0,0.0,0.0,0.0,0.0,0.0,0.0,0.0,0.0,0.0,0.0,0.0,1.0896470392651736e-09,4.087649432638174,9.738234650932814e-10,5.804408770957161,1.0228426777820675e-09,6.259040488638949,1.074141845660999e-09,7.00766604479638,1.1280348225866834e-09,7.844691046894687,1.1845965524612624e-09,8.214698966385988,1.2439645824606922e-09,9.722081108908274,1.3064088552278488e-09,9.422553192475934,1.3720445455901915e-09,9.72582520378671,1.4408791104758438e-09,9.820833385337677,1.5133753270789848e-09,9.587511940558292,1.5894036801310947e-09,10.267136999151171,1.6690995424056792e-09,10.304818063132561,1.7529562850442922e-09,9.236212700784895,1.841092076628394e-09,8.90252590314835,1.9335809313465996e-09,8.347955599485083,2.030803197836946e-09,7.381607440799004,2.1329724432259957e-09,6.993555492006157,2.240721966608165e-09,5.719602770641307,2.353177621814812e-09,5.477937682953584
0.0,0.0,0.0,0.0,0.0,0.0,0.0,0.0,0.0,0.0,0.0,0.0,0.0,0.0,0.0,0.0,0.0,0.0,0.0,0.0,0.0,0.0,0.0,0.0,0.0,0.0,0.0,0.0,0.0,0.0,2.535604235008212,2.640298663767882,2.7549704715899175,2.8805705026989603,2.943853921834247,3.083624853482476,3.248664775588379,3.4200822798325348,3.5666487451012494,3.5596152951185585,3.7046786215783563,3.897833452232612,4.0461713921118525,4.155691705568691,4.338074208425308,4.559789675652102,4.529914677027686,4.623800905338235,4.7475100829534576,5.190838527956312,5.685525439772563,6.227356014285776,6.820823042550928,7.470847478610551,8.182819243427415,8.962641917431652,9.816781692269085,10.752320987649696,11.777017177884339,12.899366915044325,7.376037311184212,7.291594977433909,7.450153268622162,7.2546613275237,7.038403847399523,6.937125466763068,7.481594674669972,7.377842940438832,7.366881835183906,7.707985555181352,11.677828736301036,13.040577239337212,14.095984410298794,15.045642902962799,15.745948250380792,16.523964385133297,17.49318778496291,17.915128840226142,18.283619198200903,18.156423452374977,17.936177053426835,17.353479200788346,16.94061315914386,16.016284509940554,15.13256323433347,13.730507514036198,12.396390823593752,10.451948364753118,8.986827381365844,7.670964853310378,9.911641546,9.931893641,10.20512374,10.13523183,9.982257769,10.02075032,10.73025945,10.79792522,10.93353058,11.26760085,10.96825063,11.02841137,11.71427542,12.09932736,12.06331811,12.43929346,11.98029276,12.83685632,12.91574121,13.33553904,13.47219144,13.09895331,13.1546457,14.06724459,14.36375963,14.2719791,14.67921136,14.23720169,15.02529196,15.05697371,,0.0,0.0,0.0,0.0,0.0,0.0,0.0,0.0,0.0,0.0,0.0,0.0,0.0,0.0,0.0,0.0,0.0,0.0,0.0,0.0,1.0833565156076475e-09,4.414256728830513,9.738224514253627e-10,5.909999322167601,1.0228426599303448e-09,6.427880383038129,1.0741435146790097e-09,7.10200724919019,1.128040955442876e-09,8.020704349497898,1.1845947037540002e-09,8.644460601511717,1.2439675212923406e-09,10.0428097027534,1.306414412665951e-09,9.702073426364938,1.3720572666630994e-09,10.115388071995092,1.440894982391289e-09,10.011722941214202,1.5133693230953926e-09,10.149511054126757,1.589394031076759e-09,10.481881906048686,1.6690957292992012e-09,10.606790502718308,1.7529555324263687e-09,9.4198873996256,1.8410959566370534e-09,8.951622848889492,1.9335979101545335e-09,8.42117033265346,2.030791261344538e-09,7.533961157107901,2.132969307485942e-09,6.967067663710777,2.2406916033547515e-09,5.738552600624648,2.3531504733224335e-09,5.5133580597986125
0.0,0.0,0.0,0.0,0.0,0.0,0.0,0.0,0.0,0.0,0.0,0.0,0.0,0.0,0.0,0.0,0.0,0.0,0.0,0.0,0.0,0.0,0.0,0.0,0.0,0.0,0.0,0.0,0.0,0.0,2.5052783379578747,2.608720618442797,2.7220209482594817,2.8461187995092456,2.9086453471946454,3.0467446146196995,3.2098106546749743,3.3791780008090586,3.523991527083823,3.517042197358205,3.6603705624059413,3.8512152559227357,3.9977790699225006,4.105989517389624,4.286190720448327,4.505254464531283,4.475736771719878,4.568500118133133,4.690729730549362,5.128755955041214,5.617526397657437,6.152876663455848,6.739245809585667,7.381495935342451,8.084952498084606,8.855448471256409,9.699372710672073,10.623722930105204,11.636163725454521,12.74509012859666,7.2323263362344505,7.063963192758838,7.161642630952399,7.043653316713267,6.662391631038863,6.727931735625696,7.3320379455832665,7.136935059462137,7.144745773201173,7.392399612941489,11.40511238303858,12.891010723427813,13.940570582763712,14.885421009822513,15.6351033578066,16.41842303122682,17.44016491943861,17.876559149720226,18.250469095761176,18.11197024020653,17.887020884848763,17.265735399570847,16.874717175377558,15.951694504520756,14.957905706196897,13.572015697956612,12.16331820450789,10.10649620848464,8.899144451369947,7.503166439285383,9.737604674,9.672683811,9.883663579,9.889772116,9.571036978,9.77467635,10.5418486,10.51611306,10.6687373,10.90944181,10.5164117,10.75759283,11.40854769,11.71820001,11.77116312,12.04389027,11.6860994,12.61145609,12.57865674,12.91547118,13.04395591,12.55933972,12.83161442,13.82024017,13.91130295,13.92633374,14.21260873,13.65069777,14.76146535,14.66400579,,0.0,0.0,0.0,0.0,0.0,0.0,0.0,0.0,0.0,0.0,0.0,0.0,0.0,0.0,0.0,0.0,0.0,0.0,0.0,0.0,1.0772009950699157e-09,4.5490712463902305,9.738414454460252e-10,5.984633149948509,1.0228615466518347e-09,6.529801963313898,1.074164906105342e-09,7.273210517871099,1.1280639318417957e-09,8.150130958946923,1.1846222266025215e-09,8.879787226484694,1.2440061683434486e-09,10.229802291921514,1.30645652070581e-09,9.833603178654089,1.3721040984312916e-09,10.362542087151521,1.4409523716061847e-09,10.32525501613097,1.513409301306453e-09,10.460591373433866,1.5894239809818572e-09,10.859272344001623,1.669149922730421e-09,10.782348565986986,1.753014378215407e-09,9.512950270937885,1.841152941103451e-09,9.131555255410433,1.933656181784113e-09,8.501130430398872,2.03085697367646e-09,7.65008218642535,2.133024779223012e-09,7.079521369898174,2.2407555522165825e-09,5.773842828199148,2.353209055256105e-09,5.58425077932625
0.0,0.0,0.0,0.0,0.0,0.0,0.0,0.0,0.0,0.0,0.0,0.0,0.0,0.0,0.0,0.0,0.0,0.0,0.0,0.0,0.0,0.0,0.0,0.0,0.0,0.0,0.0,0.0,0.0,0.0,2.5058129538878804,2.6092773085232652,2.7226018161569527,2.846726149369679,2.9092660399591126,3.047394777190842,3.210495614857758,3.3798991032758723,3.524743532152098,3.5177927194685514,3.6611516701905478,3.85203708916757,3.9986321792728834,4.106865718397382,4.287105375639919,4.50621586701059,4.476691875246867,4.569475016970672,4.691730712675502,5.129850410133542,5.618725154320085,6.154189661628467,6.740683936484159,7.383071115734392,8.08667779316792,8.857338186961186,9.701442516283537,10.625989988191465,11.638646834176425,12.747809877579785,7.009411273304288,6.900789014678256,7.053496248054851,6.883998092852725,6.5323125412743055,6.6396740870544955,7.090605795400321,6.959416706995205,6.972418528132784,7.178949280831008,11.383992464078979,12.822481811774184,13.838873619034416,14.825776535178372,15.568056138108211,16.358582956933017,17.41519001260224,17.84813245708975,18.232842654092448,18.093663574564374,17.85998305573783,17.230549479692034,16.834088333978517,15.86326722557826,14.886224900353772,13.447922071794892,11.989275334555934,9.9672604415469,8.684057407827712,7.3271097636215385,9.515224227,9.510066323,9.776098064,9.730724242,9.441578581,9.687068864,10.30110141,10.33931581,10.49716206,10.696742,10.37416611,10.66117576,11.2167468,11.59066894,11.58185861,11.80907228,11.5813604,12.32344468,12.36718394,12.77491001,12.78963979,12.38946137,12.71660852,13.50462342,13.75990398,13.70236965,13.93550755,13.46605765,14.42435356,14.41747402,,0.0,0.0,0.0,0.0,0.0,0.0,0.0,0.0,0.0,0.0,0.0,0.0,0.0,0.0,0.0,0.0,0.0,0.0,0.0,0.0,1.0748637535584749e-09,4.670978025213186,9.738541155852887e-10,6.013343141539786,1.0228758827363353e-09,6.620758998935125,1.0741866789269775e-09,7.341973314234812,1.1280849687605734e-09,8.273302904440262,1.1846461449837163e-09,9.055726544670367,1.2440339626159566e-09,10.310521488612208,1.3064967580782117e-09,10.094162794861376,1.3721401625138898e-09,10.55738942760909,1.4410027299010475e-09,10.448603975581264,1.5134461148160166e-09,10.689068420985766,1.5894607481603375e-09,10.99527777229555,1.6691919013518777e-09,10.858163751486508,1.753072739606724e-09,9.741714922387567,1.8412080930715705e-09,9.21299871465074,1.933709177743984e-09,8.60289060994208,2.030916055058096e-09,7.755210302085029,2.1330900512783218e-09,7.1271927810468085,2.240808903651486e-09,5.898350683379064,2.3532727492879056e-09,5.657445622645745
0.0,0.0,0.0,0.0,0.0,0.0,0.0,0.0,0.0,0.0,0.0,0.0,0.0,0.0,0.0,0.0,0.0,0.0,0.0,0.0,0.0,0.0,0.0,0.0,0.0,0.0,0.0,0.0,0.0,0.0,2.5120898710779507,2.615813397965264,2.729421776966492,2.8538570344880902,2.9165535839030343,3.055028325669471,3.218537721545042,3.3883655559491013,3.533572811780981,3.52660458771182,3.670322644352214,3.8616862203145175,4.008648522681079,4.117153180590089,4.297844327797638,4.517503678335022,4.487905730671624,4.580921288823931,4.703483228008253,5.142700390085915,5.632799737362172,6.169605552434719,6.7575689616845045,7.401565283836588,8.106934455490517,8.879525309203387,9.725744071275683,10.652607481374627,11.66780097446022,12.779742407432892,6.959625138114183,6.9040344282362565,6.871109583245185,6.8831289357343115,6.404451000330298,6.678420972575893,7.035460978713002,6.961584674321979,6.970344178503903,7.185232242587745,11.313240038453394,12.837940699358017,13.838079783700337,14.749895433299566,15.56698790955408,16.35414216136612,17.412341834101873,17.841043893133026,18.228896756298564,18.07787933492173,17.85598802966703,17.204375375646734,16.83026570071058,15.851265416460686,14.805557509107441,13.472138264665404,11.998015753780978,9.837788641572274,8.660854783626085,7.338672811963098,9.471715009,9.519847826,9.60053136,9.73698597,9.321004584,9.733449298,10.2539987,10.34995023,10.50391699,10.71183683,10.24168247,10.71222009,11.22828369,11.38251477,11.58931154,11.82573678,11.63681046,12.26709462,12.37990411,12.54548833,12.80768803,12.23124133,12.77749399,13.44287232,13.51279302,13.71118714,13.9551728,13.2940889,14.35839691,14.432303,,0.0,0.0,0.0,0.0,0.0,0.0,0.0,0.0,0.0,0.0,0.0,0.0,0.0,0.0,0.0,0.0,0.0,0.0,0.0,0.0,1.0731726618473658e-09,4.7418802137477645,9.738671405004926e-10,5.987406830270539,1.0228939878701648e-09,6.618444617009248,1.0742046030949414e-09,7.4845338445488725,1.1281120859537585e-09,8.275520698043865,1.1846697658143966e-09,9.045909060427906,1.2440574027070575e-09,10.263437105536575,1.3065323696335386e-09,10.154870562757974,1.3721756992239222e-09,10.55247587514797,1.4410441077407e-09,10.675091395891169,1.5134799320980792e-09,10.68109973795706,1.5894886186282667e-09,11.14273959905662,1.6692266363458876e-09,10.810340673418889,1.7531244658843212e-09,9.809958381372278,1.8412548335167733e-09,9.399698945727199,1.933770536257854e-09,8.64047643505484,2.03096971148407e-09,7.768587026302229,2.1331358397145842e-09,7.196307224255448,2.2408487613347345e-09,5.970258849461274,2.3533191119662537e-09,5.686112220840394
0.0,0.0,0.0,0.0,0.0,0.0,0.0,0.0,0.0,0.0,0.0,0.0,0.0,0.0,0.0,0.0,0.0,0.0,0.0,0.0,0.0,0.0,0.0,0.0,0.0,0.0,0.0,0.0,0.0,0.0,2.528280782608131,2.6326728279536273,2.7470134352221134,2.8722507023648496,2.9353513433278358,3.07471858194278,3.239281827918801,3.4102042359978926,3.5563473810508484,3.5493342454119516,3.693978593092783,3.8865755448049657,4.034485048011467,4.143689039705086,4.325544776767642,4.546619874867354,4.516831162630758,4.610446224284238,4.733798099185887,5.175846101949469,5.669104235566975,6.209369869319097,6.801122817968626,7.449269822625253,8.159185236826415,8.93675559000127,9.788428397834283,10.721265624254947,11.743002238357747,12.862110351780538,7.055833039584071,7.032674855247982,7.050103177989688,7.026287831857651,6.3526540419054625,6.791430289302664,7.136398872339313,7.097933014273286,7.121846819234143,7.2462102548876635,11.241225510821863,12.919033811800334,13.927098962020956,14.845056966707578,15.626618291146467,16.37592476616336,17.43369075539273,17.858650762466613,18.239972972297387,18.09610256644701,17.86534599463355,17.202106336996735,16.867257540663907,15.937379872833645,14.944171098283778,13.606061694502992,12.048036598624318,9.779696027093307,8.83465498566753,7.515306277498101,9.584113822,9.665347683,9.797116613,9.898538534,9.288005385,9.866148871,10.3756807,10.50813725,10.6781942,10.7955445,10.20542379,10.8582636,11.39989502,11.6155888,11.78159722,11.91814902,11.79545923,12.41266561,12.56911662,12.80237598,12.90777373,12.18793901,12.95169411,13.602396,13.78948768,13.93867822,14.06422552,13.24702377,14.52878493,14.65288405,,0.0,0.0,0.0,0.0,0.0,0.0,0.0,0.0,0.0,0.0,0.0,0.0,0.0,0.0,0.0,0.0,0.0,0.0,0.0,0.0,1.0734844124726806e-09,4.729780314857092,9.738809188847659e-10,5.947345757203226,1.0229161977353936e-09,6.561688990660164,1.0742301536430678e-09,7.373157207071752,1.1281325346827116e-09,8.17056584860615,1.1846815998386119e-09,9.004395621757434,1.2440771285616828e-09,10.155062688786474,1.3065714639707375e-09,10.056431377551814,1.3722117024151419e-09,10.404654452324339,1.4410822914240134e-09,10.469572689279872,1.5134973147088704e-09,10.626676501128324,1.5895026205928408e-09,11.22353719729104,1.6692555056249635e-09,10.716686249656254,1.753182206228754e-09,9.784253696533893,1.8413099320488213e-09,9.313868656239334,1.933813889289561e-09,8.604139065690227,2.0309947131720196e-09,7.772239477704117,2.133155675257852e-09,7.253937882656816,2.2408516839011556e-09,6.0488722954000425,2.3533309030892264e-09,5.724532580722804
0.0,0.0,0.0,0.0,0.0,0.0,0.0,0.0,0.0,0.0,0.0,0.0,0.0,0.0,0.0,0.0,0.0,0.0,0.0,0.0,0.0,0.0,0.0,0.0,0.0,0.0,0.0,0.0,0.0,0.0,2.538905304118249,2.6437360331490734,2.758557130658106,2.884320678761319,2.947686485730322,3.087639383277872,3.252894168642506,3.4245348390339525,3.5712921172159704,3.564249510479179,3.7095016929360463,3.902907989270996,4.0514390483225515,4.161101944805037,4.343721888993421,4.565726004610202,4.535812112126184,4.629820569656835,4.7536908025894515,5.197596410942641,5.692927349007622,6.235463325471069,6.829702980492315,7.480573674637889,8.193472345936295,8.974310260609766,9.829562028552212,10.766319289980745,11.792349518427681,12.91616042764159,7.65312897607437,7.698980737053002,7.671588719554131,7.706764891461655,6.411394097503017,7.447160736968017,7.780916091616044,7.820036061237709,7.853997403069506,7.3740096998205225,11.294292124109004,13.29470336841093,14.291574353028613,15.11795224018017,15.851603002698328,16.41204889130476,17.50341620943645,17.9140862834845,18.276206475675142,18.140551636168972,17.880173682857812,17.208711742425287,16.981950793907988,16.199081490787844,15.290963021112477,14.100661759787151,12.201972956776045,9.807703704769457,9.598219984900481,8.279900223999132,10.19203428,10.34271677,10.43014585,10.59108557,9.359080583,10.53480012,11.03381026,11.2445709,11.42528952,10.93825921,10.28351941,11.59415271,12.19882504,12.3661165,12.60589166,12.07570432,12.59486421,13.20000114,13.44998829,13.62958655,13.07841164,12.28120555,13.82945975,14.46519615,14.68047932,14.91389191,14.25015147,13.34839482,15.45034594,15.67979079,,0.0,0.0,0.0,0.0,0.0,0.0,0.0,0.0,0.0,0.0,0.0,0.0,0.0,0.0,0.0,0.0,0.0,0.0,0.0,0.0,1.0733964828091302e-09,4.720274407987424,9.73897692271975e-10,5.603458648279356,1.022952934106791e-09,6.144188361978385,1.0742704979222677e-09,6.912937685643809,1.128173333314447e-09,7.589433232383258,1.18470626671961e-09,8.902070576641599,1.2440899965798623e-09,9.444364112325076,1.3066362983105444e-09,9.343905713941822,1.3722622879123047e-09,9.579908989105103,1.4411379356348312e-09,9.708561497994486,1.513530411046673e-09,10.494689392793154,1.58951414054685e-09,11.1629695188715,1.6692710888513864e-09,9.982194025423437,1.7532786197042033e-09,9.214459016500294,1.8413929073305733e-09,8.803956048177447,1.933897927170203e-09,8.161080111582367,2.0310428468357018e-09,7.781383516573736,2.133180496794716e-09,7.225628176058689,2.24087194735349e-09,5.940223564702344,2.3533522202361906e-09,5.516269863084176
0.0,0.0,0.0,0.0,0.0,0.0,0.0,0.0,0.0,0.0,0.0,0.0,0.0,0.0,0.0,0.0,0.0,0.0,0.0,0.0,0.0,0.0,0.0,0.0,0.0,0.0,0.0,0.0,0.0,0.0,2.5158133907379923,2.619690660768025,2.7334674346334764,2.8580871350498604,2.920876615787466,3.0595566103314096,3.223308366345905,3.3933879263301296,3.538810414140012,3.5318318614916,3.6757629427596417,3.867410165435988,4.0145903011804265,4.123255789014983,4.304214763837606,4.524199702213091,4.49455788329282,4.587711312810103,4.710454918182159,5.150323105430877,5.641148897479658,6.1787503875115535,6.767585299544312,7.41253617869459,8.118950876628642,8.89268689527613,9.740159956501314,10.668397200462419,11.685095453777242,12.798685050628983,8.112521659454949,8.339260799434504,8.328471275579217,8.240198355173483,6.410281568445869,8.13616468991495,8.282837423912982,8.521151493941995,8.433628476145838,7.566981388808206,11.35140516201473,13.694533183005646,14.62913372966879,15.388265779250812,16.014634448678763,16.445020163579642,17.572565012980466,17.947457395196622,18.30672686318625,18.18095093298503,17.890340213167626,17.19728314269616,17.105400368866118,16.368069486093198,15.6102112623548,14.463927046060606,12.420470782540486,9.814158456147036,10.232925696623175,9.066699673146218,10.62833505,10.95895146,11.06193871,11.09828549,9.331158184,11.1957213,11.50614579,11.91453942,11.97243889,11.09881325,10.25283899,12.32153443,12.92564947,13.11517832,13.20957928,12.25295402,13.38502752,13.76506701,14.25135892,14.45518146,13.2703793,12.24456513,14.6970778,15.0844225,15.56973073,15.62810809,14.45931817,13.30857048,16.1117446,16.61401642,,0.0,0.0,0.0,0.0,0.0,0.0,0.0,0.0,0.0,0.0,0.0,0.0,0.0,0.0,0.0,0.0,0.0,0.0,0.0,0.0,9.273735974744183e-10,4.7743291155885395,9.73912594082382e-10,5.240408919038557,1.0229732841422878e-09,5.718074561475935,1.0742942885685432e-09,6.396343248923883,1.128193665891738e-09,7.109269933207469,1.1847208460604856e-09,8.716265846519251,1.244096432579879e-09,8.682095377035193,1.3066675335356522e-09,8.770101698806851,1.3722870410408801e-09,8.765822862208385,1.4411674486578756e-09,8.876092579298241,1.5135466683284426e-09,10.261109811574899,1.5894996937360704e-09,11.131468401182866,1.6692733647003182e-09,9.175907869432987,1.7533246155805655e-09,8.696183165862003,1.841440464573016e-09,8.159431410111598,1.9339409206247683e-09,7.728505852521802,2.031068556874554e-09,7.701312570287264,2.1331630867697824e-09,7.173985177917988,2.2408836805940618e-09,5.806276551774399,2.353361045305426e-09,5.251368305218195
0.0,0.0,0.0,0.0,0.0,0.0,0.0,0.0,0.0,0.0,0.0,0.0,0.0,0.0,0.0,0.0,0.0,0.0,0.0,0.0,0.0,0.0,0.0,0.0,0.0,0.0,0.0,0.0,0.0,0.0,2.4832218311076293,2.5857534042537487,2.69805623632223,2.8210615282883724,2.883037591340408,3.01992103081061,3.1815514350824166,3.3494276686428535,3.492966254530399,3.486078106804551,3.6281446068460674,3.8173091009111246,3.962582564965135,4.069840326082137,4.248455035133581,4.465590138834029,4.43633232021857,4.52827897678359,4.649432477918005,5.083602313171698,5.568069613716869,6.098706648004848,6.679913391661286,7.316509137988967,8.01377245894242,8.777484974383054,9.613979292545762,10.530191519230522,11.533718771122512,12.632882170115874,8.365076489085489,8.471013085948874,8.57654073389064,8.566515761935198,6.35927659489289,8.53653696943602,8.562724725176656,8.671455961629361,8.791550425755677,7.749960833495354,11.30341366573287,13.930109469230352,14.697869618906628,15.483920298770396,16.10638399428731,16.45748328079971,17.59469691439755,17.951409099619376,18.29848350480884,18.179363533184457,17.875532774513218,17.13646918659743,17.124032792616397,16.38920309133706,15.603317892042373,14.522008424992684,12.376057733016236,9.611468760106233,10.400641705627686,9.06692820972539,10.84829832,11.05676649,11.27459697,11.38757729,9.242314186,11.556458,11.74427616,12.02088363,12.28451668,11.23603894,10.15521946,12.7185459,13.04101842,13.36730872,13.5539048,12.4044495,13.81630574,14.04994786,14.3785606,14.73307251,13.43445421,12.12798194,15.17063152,15.39660864,15.86904823,16.03547584,14.63809312,13.18185667,16.44519212,16.7623062,,0.0,0.0,0.0,0.0,0.0,0.0,0.0,0.0,0.0,0.0,0.0,0.0,0.0,0.0,0.0,0.0,0.0,0.0,0.0,0.0,9.273589127216677e-10,4.776338813393097,9.738986990094271e-10,5.028872670738083,1.0229613802530349e-09,5.619433764498366,1.0742831224976617e-09,6.186451905510408,1.1281901210531191e-09,6.800934230111714,1.1847123819870164e-09,8.51862392036011,1.2440895394136092e-09,8.21472349537768,1.3066860054437192e-09,8.429740217202879,1.3722953741740032e-09,8.569355383566705,1.4411707020994354e-09,8.529893337238262,1.5135526542506955e-09,10.009148179157553,1.589487032792934e-09,11.107193895577451,1.6692556526153928e-09,8.63331466529985,1.7533377219201675e-09,8.30910359040001,1.8414281316633865e-09,7.7480421221126905,1.933949976910688e-09,7.264017560560503,2.0310828726864574e-09,7.351943906807306,2.1332085867125068e-09,6.959803610645447,2.2409872843156672e-09,5.489168358124115,2.353409175590357e-09,4.937504181284242
0.6430045617615975,0.87556820087386,1.1430163858535765,1.4505817985809675,1.7908626343780178,2.195647213231143,2.663415760314657,3.199660435621339,3.8089939930210788,4.479965631789248,5.281391889554998,6.210135916301875,7.267432575519981,8.475107877026977,9.877213099770445,10.941499561192046,10.999556636125709,11.093541109575662,11.208905383922888,11.40082137035443,11.439152445153768,11.483233181168162,11.533926027579657,11.592222800947276,11.65926409031312,11.736361573074378,11.825023678238182,11.926985099158996,12.044240733190005,12.179084712259293,2.446184119767217,2.547186415600335,2.657814230227862,2.7789848755909046,2.840036554238542,2.9748783519774786,3.134098008976423,3.299470337568872,3.440868018989601,3.4340826092567687,3.5740301612632104,3.7603732320308123,3.9034799155903657,4.009137907429607,4.185088545171704,4.398985038776194,4.370163605918445,4.460738861152375,4.5800853354852835,5.007779447616139,5.485020829072375,6.007743314182231,6.580281252123858,7.207382055552095,7.8942455655477755,8.646567168046358,9.470585019263629,10.373131771703033,11.361691229654022,12.444460403943864,8.178490158664314,8.000818233728408,7.826136144131403,7.570032276051714,5.105133786616838,6.874215335038095,6.400780200968084,5.920543647082119,5.479129098275617,3.9793017192543036,8.729635658498724,11.07284898953226,11.892353962512765,12.864689973559154,13.799425051269848,14.663364854382458,16.47796281349956,17.24628556266706,17.823970341836848,17.580983144534873,17.120242388666323,15.37391881063862,14.909379296704774,13.483515507714403,11.493289094166068,9.38740297471514,7.130335235329091,4.538821497524255,4.815845284806567,3.8775065557161166,11.26767884,11.42357285,11.62696676,11.79959895,9.736032975,12.0447409,12.19829397,12.41967442,12.72899111,11.89334996,10.69770509,13.25592927,13.47365201,13.78508293,14.04430782,13.13011282,14.40007161,14.59309981,14.85556693,15.19353152,14.22037307,12.77585134,15.8116203,15.99182067,16.36501037,16.61566626,15.49442514,13.88602342,17.08094097,17.31839288,,0.0,0.0,0.0,0.0,0.0,0.0,0.0,0.0,0.0,0.0,0.0,0.0,0.0,0.0,0.0,0.0,0.0,0.0,0.0,0.0,9.266121152418965e-10,6.8873526198858075,9.737033565618663e-10,7.787428868461204,1.0227458468904235e-09,9.589614444249369,1.0740480833707115e-09,11.563852828673218,1.1279588669955454e-09,13.81741887690234,1.1845201607627793e-09,16.873736635076423,1.2439575006172206e-09,17.447611446304695,1.3065106096791676e-09,18.207465724194382,1.3721367790376888e-09,18.75739413208425,1.4409780636128412e-09,18.796052443386877,1.5134322941498953e-09,19.824042593819073,1.5894949113264904e-09,20.089043966963306,1.6691774446810841e-09,17.211966277429475,1.753049842553304e-09,16.291299695286718,1.841074535878835e-09,14.68178838115377,1.9335759832328767e-09,13.154665457019393,2.030816750478593e-09,12.931518794074773,2.1326673330697464e-09,12.952914949693199,2.240336332043002e-09,11.140836279022263,2.3525111243775418e-09,11.182658793359755
1.983208633708927,2.7005009274224054,3.525387065194801,4.474006123635267,5.523528835557502,6.771999405306567,8.21473041581759,9.86866124787124,11.748018944079593,13.817485983836344,16.289312107943005,19.15382238031788,22.41482547057338,26.139638989942643,30.464129589970756,33.74669121480323,33.92575571776863,34.21563051845417,34.57144669537238,35.163370087323244,35.281594005164706,35.417551510667444,35.57390264198,35.75370644297216,35.96048081409181,36.19827134085022,36.47173044658649,36.78620841812903,37.14785808531682,37.56375520237806,2.4033324540867405,2.5025654159686535,2.6112552791194,2.730303286229898,2.7902854762394975,2.922765147763252,3.0791956330656163,3.2416710089387744,3.380591719749126,3.3739251751937047,3.5114211596084344,3.6944999172338324,3.835099692294152,3.9389067928181487,4.111775169562857,4.321924675783978,4.293608129862283,4.382596709536984,4.4998525010071715,4.920054370441151,5.388935552040886,5.902501110247902,6.465009466152836,7.081124868376268,7.7559560684323126,8.495098681854007,9.304681586335352,10.191417741614877,11.162659852496578,12.226461336541497,7.039462952396953,6.405132376811062,5.630035945898143,4.805683570358013,1.810593858436211,2.6347006771767045,1.0757694613760433,2.655085460727687e-10,2.789122506850653e-10,2.930689467327051e-10,5.675670601639994,6.943247226795561,8.280942945688345,8.894515305243521,9.111276969641011,6.67391239688174,0.3158836281187389,4.262702030779084,4.654372521044575,3.5500530237162313,3.926613256295959e-10,4.1168816380378444e-10,4.3250710133700056e-10,4.543516739919286e-10,4.772261327241156e-10,5.012365979550809e-10,5.264272225650554e-10,5.528641389993154e-10,5.8071002906739e-10,6.098683808851157e-10,11.42600404,11.60819872,11.76667829,12.00999298,10.12440817,12.32946523,12.36969551,12.62039912,12.95595678,12.3338444,11.12444186,13.56928475,13.69141092,13.95072673,14.29472639,13.6164133,14.74047334,14.79815141,15.09566011,15.37609947,14.74705355,13.2854864,16.18538948,16.21652608,16.56165501,16.91193372,16.06829274,14.43994379,17.3209499,17.59828984,,0.0,0.0,0.0,0.0,0.0,0.0,0.0,0.0,0.0,0.0,0.0,0.0,0.0,0.0,0.0,0.0,0.0,0.0,0.0,0.0,9.264726707603078e-10,14.351962009760378,9.73558238440602e-10,16.22228477494362,1.0225180781753213e-09,20.839457189182134,1.0738464897685886e-09,25.02233435866177,1.1278524011884996e-09,29.392455339864878,1.184705134406394e-09,31.12611498819453,1.247257969250936e-09,23.794774136512675,1.3069964505429488e-09,28.06277784956943,1.3727514169325005e-09,28.63001160826323,1.4424693992188023e-09,28.257378012362526,0.7237459770365613,26.371498703320636,15.285495895925845,36.66389463957315,15.500314039325708,34.59187992779025,7.280434470120728,31.042874743675817,8.93323999376868,32.395307798193215,11.547459591188952,34.29660972242217,16.66515055142974,37.74337709531371,23.75262261057496,39.224023388862655,19.383325433115232,39.13273724506494,20.899642528750316,39.779308274321174
3.2434704216560584,4.416577627220471,5.765650913622646,7.317085192988763,9.033543973530577,11.07537522439407,13.43491283403381,16.13986058489074,19.213486322372333,22.59802944000193,26.640617186316362,31.325426531666086,36.65868642595772,42.75049253798777,49.82305016582002,55.191568311838736,55.48442223001206,55.958502629838,56.54042791281878,57.50849853385496,57.70184973964008,57.924203626268536,58.17991059586574,58.473973610874275,58.812146078099204,59.20104441536013,59.648277503151476,60.162595554022936,60.75406131238425,61.43424693416496,2.4364916740171094,2.537093771326703,2.647283248511408,2.7679737828733217,2.828783558191417,2.9630910761110747,3.1216798615924817,3.2863969401117665,3.4272343655218025,3.420475841424927,3.5598688832272014,3.745473612146482,3.888013268164784,3.993252614348659,4.1685060878841735,4.38155506549686,4.352847830982627,4.443064202459377,4.561937793652136,4.987937265569293,5.4632876870760745,5.98393900375329,6.554208390910643,7.178824450664861,7.862966420914385,8.612307120929001,9.433059989655582,10.33203060677293,11.316673123705653,12.395152072498204,5.847563454518883,4.735224721654381,3.5120014380778315,2.095252994360701,2.2860032451847469e-10,2.403061484487697e-10,2.525078360853507e-10,2.653520317777479e-10,2.788354580019305e-10,2.93003368401117e-10,3.7298434528726085,3.2261273171657208,4.125805474812856,1.688396162099601,2.9112821311971524e-10,3.059176244488371e-10,3.215013171883227e-10,3.378506432300103e-10,3.549898402474417e-10,3.7297139195421305e-10,3.918454017213354e-10,4.116112832521784e-10,4.32429360869548e-10,4.5424592271811294e-10,4.771268749172517e-10,5.011430879687738e-10,5.263552854079054e-10,5.528112514580132e-10,5.806479766146349e-10,6.097950667798311e-10,11.52752555,11.68889612,11.9249356,12.18031197,10.38332496,12.59099934,12.47960183,12.70813309,13.13969089,12.54517196,11.40893304,13.85711807,13.7865903,14.13835866,14.49744618,13.84971633,15.05315005,14.92963488,15.2006015,15.58290212,14.99972892,13.6252431,16.52871592,16.36061199,16.78440292,17.15176927,16.34360617,14.80922404,17.47484876,17.72062891,,0.0,0.0,0.0,0.0,0.0,0.0,0.0,0.0,0.0,0.0,0.0,0.0,0.0,0.0,0.0,0.0,0.0,0.0,0.0,0.0,9.271778016977551e-10,22.521396482985743,9.741870761861082e-10,24.439909391574908,1.0230106763999953e-09,30.88591486956175,1.0840059775344556e-09,34.29378265510037,7.01529034329498,43.63889759542414,16.767981065389677,53.07758578805403,23.069747380189327,51.63806695408816,20.616530607693885,51.95571023321414,21.046565016163644,52.11743169836577,22.306529321632894,53.113910779293136,23.44206136339012,51.766054268433884,27.930652718003024,50.40300365915149,29.31044961847422,49.32281440754688,25.977559067916513,50.3257489586194,26.688987785739158,49.47196942697257,27.60784268388132,48.84554599353023,29.48661551315677,47.58600101374153,33.60799761427161,46.67145978017488,29.904781961155177,45.12959657629399,30.518798335067718,46.47416078449408
4.2187724258504815,5.744629513480326,7.499365164258679,9.517311162658489,11.749904043761886,14.405707938833183,17.474751559160936,20.99306913298205,24.99092507829726,29.393190344359823,34.65137232109711,40.74489004044071,47.68184547919072,55.60543974953337,64.80469462829458,71.78751037123507,72.1684246001865,72.78505958013513,73.54196808201412,74.80113468795412,75.05262603192473,75.34184107745915,75.67443837979054,76.0569252774349,76.49678520968054,77.00262413170091,77.58433889194798,78.25331086611688,79.02262863622789,79.90734407142007,2.4900462988777052,2.5928596524944965,2.7054711187125084,2.8288144576626357,2.8909608452662345,3.028220472078711,3.190295074074135,3.358632670341256,3.5025657334522537,3.4956586555037563,3.6381155871364403,3.8277999489703847,3.9734726580941926,4.081025188339214,4.2601307719109744,4.477862613083038,4.44852438721694,4.54072373445439,4.662210193423407,5.097573227774463,5.583371956481552,6.115467304035282,6.6982713382117,7.336616596845916,8.035796158628719,8.801607532649742,9.640400730615552,10.559130920348652,11.5654160971675,12.667600251333239,4.830792725463354,3.3770834042262936,1.6656983672402368,2.1764139415881462e-10,2.2854724302427376e-10,2.4024077268233694e-10,2.5246947457972566e-10,2.6532004382575773e-10,2.7879818863588824e-10,2.9295794273136927e-10,1.3213257591453675,2.5078227105831257e-10,2.6358159050213315e-10,2.7697454529913033e-10,2.910771656613232e-10,3.058814749048629e-10,3.214675881604006e-10,3.3782213269419007e-10,3.549717553437102e-10,3.729379523945841e-10,3.9182570707943975e-10,4.115757334232672e-10,4.323921258612672e-10,4.54212484662258e-10,4.770951937549958e-10,5.011155464404539e-10,5.263192865976352e-10,5.527762264470843e-10,5.806176411693184e-10,6.097515093984443e-10,11.53961145,11.71457257,11.87053465,12.1289658,10.60035815,12.59228768,12.49268592,12.73604844,13.08430046,12.59320094,11.64740359,13.85853596,13.81687466,14.07386018,14.43633212,13.90273974,15.05469033,14.94528767,15.23399194,15.51181371,15.05715514,13.91003916,16.53040719,16.37776507,16.70783332,17.07946591,16.4061774,15.11876777,17.49317005,17.75955498,,0.0,0.0,0.0,0.0,0.0,0.0,0.0,0.0,0.0,0.0,0.0,0.0,0.0,0.0,0.0,0.0,0.0,0.0,0.0,0.0,9.369767623785453e-10,27.96341007795499,2.9805256185187297,32.59979646372182,3.9689881215963148,40.35286539046996,13.7211321049946,52.74974511679716,19.35217181156319,61.18896377758114,23.771713024976926,64.71794685120611,27.5871362659028,60.929492438603226,26.117613211728496,60.88398624425769,26.496538491932874,60.71835548866537,27.94206051830939,62.036649281968714,27.80940582470521,58.41791011011601,32.2297512172236,57.28708889924832,32.944790907644276,55.967124232615355,30.548067834093228,57.113198088586344,31.09977051847613,56.0041694357558,32.0568872155133,54.6587445215208,34.25672698099282,54.81246749492703,38.588255415617475,52.862825291957456,34.59269371712394,52.66679171856586,37.051185376166494,53.180880813055616
4.809320686223948,6.548768875179121,8.549134292482167,10.84955452238603,13.394668134396595,16.422234289152062,19.92088590632014,23.931701323810223,28.489181405109413,33.507680454877836,39.501908348683834,46.448403172614405,54.356401026816876,63.38914846777946,73.87612484867631,81.83640258132596,82.27063759000951,82.97358979163684,83.83645115229238,85.27187724170246,85.55857261203172,85.88827228787416,86.26742691505511,86.70345473627133,87.20488673061826,87.78153352404641,88.44467733640174,89.207292720479,90.08430041195899,91.09285925666455,2.529315066508142,2.6337498171625318,2.7481371995558495,2.873425699492814,2.936552154035319,3.075976405815921,3.240606972287758,3.4115993023059175,3.5578022324519942,3.550786227838524,3.695489747475676,3.888165487876092,4.036135498767846,4.145384164269533,4.327314295941368,4.548479832736114,4.5186789343587686,4.612332292609579,4.735734629018164,5.177963467365925,5.671423385907659,6.211910034687291,6.80390506109645,7.4523172135232025,8.162523044076982,8.940411490282859,9.79243270541275,10.725651542345686,11.74780613444258,12.8673720591623,4.20097569745913,2.576070637859226,0.5732631581731741,2.1747220241494892e-10,2.2852832174449573e-10,2.4021991873011825e-10,2.5245208667092864e-10,2.653041990744326e-10,2.7877818043429464e-10,2.929294698609014e-10,2.385640809174264e-10,2.5070364035397354e-10,2.635162882653736e-10,2.76944640744455e-10,2.9105273838724105e-10,3.0585671762429203e-10,3.214423344680975e-10,3.377971394242011e-10,3.549474719269202e-10,3.7290682559403643e-10,3.918019120557315e-10,4.1154839771218443e-10,4.3236004342613383e-10,4.541818961381607e-10,4.770637129899601e-10,5.010861594433266e-10,5.262844432663465e-10,5.527451986868463e-10,5.805903762700456e-10,6.09711396331711e-10,11.53961145,11.75858933,11.87053465,12.20160184,10.76662335,12.70308538,12.49268592,12.78390334,13.16265765,12.62064608,11.83009155,13.9804752,13.86879069,14.07386018,14.52278615,13.93303884,15.18715435,14.94528767,15.2912327,15.51181371,15.08997013,14.12821626,16.67585583,16.37776507,16.70783332,17.18174872,16.44193239,15.35590362,17.49317005,17.82628538,,0.0,0.0,0.0,0.0,0.0,0.0,0.0,0.0,0.0,0.0,0.0,0.0,0.0,0.0,0.0,0.0,0.0,0.0,0.0,0.0,4.2827121500406315,34.04949838825191,11.532048888619558,43.04794752122197,12.97057920413866,51.405427470827114,19.219395919178897,60.55300496491457,22.90590863807744,67.09402507258342,25.591012834771206,68.38018592360889,27.07149554537135,61.04374038779061,28.74864148292508,65.00161030020216,29.14709334854112,64.52285256995245,27.926480531124255,62.171252796574024,30.764780142337038,62.553396646947085,32.291313090798845,57.49411019718903,31.702627534282804,53.27339578506478,32.554090116683085,58.89854633137603,33.736356284190954,58.34445498335519,34.676518846795624,57.50409964814629,35.50693481038636,54.14827847927527,36.867933895293994,47.691643292658355,38.78128241542608,55.489534005616825,40.19206121349671,54.87523504665777
5.136116568780761,6.993761181546833,9.130052486232724,11.586787486627227,14.304842913773307,17.538133788940225,21.274520632679145,25.557873077672014,30.425036339315046,35.78454505200268,42.18608389939389,49.60459671812469,58.04994720622909,67.69647460999133,78.89604657877742,87.39722939070158,87.86097089773662,88.61168907300429,89.53318231917481,91.06614637004326,91.37232284231695,91.724425785393,92.12934416989003,92.59500031201691,93.13050487540755,93.7463351232312,94.45453990813542,95.26897541063498,96.20557623828643,97.28266718955541,2.6281773298192417,2.736694077198649,2.8555524706049393,2.985738068904474,3.051331920353563,3.196205788622836,3.3672712000956415,3.5449470346634224,3.6968645366192145,3.6895743004144834,3.8399337850398805,4.040140560238355,4.193894212074107,4.307413033745039,4.496454191172315,4.7262643313316115,4.695298617901646,4.792612565173554,4.920838276272296,5.380352325323703,5.893099902032792,6.45471232280316,7.069846407273806,7.743602769995335,8.481568114085013,9.289861555466775,10.175185361812833,11.144880526904883,12.206987641234619,13.370313563555817,3.806740871591014,2.138175981455276,0.02587761337449765,2.1744380876334515e-10,2.2850966763227762e-10,2.402036750576572e-10,2.5243630599669695e-10,2.652890879334753e-10,2.7875988448832927e-10,2.929028867411462e-10,2.3852959749616056e-10,2.5068010347464386e-10,2.634980949549259e-10,2.7692702113936996e-10,2.910351953617045e-10,3.058349444151523e-10,3.214227085585684e-10,3.377756497878959e-10,3.5492908059986297e-10,3.728836107795587e-10,3.9177639324358556e-10,4.115215279193342e-10,4.323324379073272e-10,4.541521126128826e-10,4.770344605248091e-10,5.010565298078599e-10,5.262467320600184e-10,5.527101132550969e-10,5.805554967258065e-10,6.096727037474603e-10,11.57103477,11.86863124,12.01148257,12.34186453,10.68158695,12.85897517,12.52670454,12.90354058,13.3139681,12.49714297,11.73665573,14.15204087,13.99858076,14.24096987,14.68973186,13.79669291,15.37352815,14.98598493,15.4343346,15.69599731,14.9423027,14.0166295,16.88049868,16.42236309,16.90621818,17.37926035,16.28103493,15.2346204,17.54080541,17.99311138,,0.0,0.0,0.0,0.0,0.0,0.0,0.0,0.0,0.0,0.0,0.0,0.0,0.0,0.0,0.0,0.0,0.0,0.0,0.0,0.0,7.7036946727477655,38.909641917788356,14.334880860520144,47.23703049532804,15.161491130235518,55.548250167638194,20.508492476892094,63.53171962889613,23.430216860746885,69.35822193347728,25.68602890102087,69.69758031592355,26.783190570045296,62.12737899803814,28.830077310068187,66.67819698250196,28.701917303433685,66.06487913923783,27.309388670774805,62.714116243840905,30.9784194022263,64.22759723526288,31.800615926497002,58.65670686583041,31.063605371081046,53.672313670469805,31.844981644528566,59.09357513916127,32.89795807513705,58.54130470873309,33.72645850003659,57.42414209962959,34.635775865925886,53.48805459332849,35.923539383756356,47.63288995220664,37.91075817986507,55.4121674908808,39.57763009524229,56.32930733516133
5.052932761176554,6.880491228117084,8.982183465103523,11.39912953764356,14.073163728767934,17.254088688464176,20.92996154655221,25.14394142943248,29.932276812674985,35.2049836906225,41.502844132603485,48.801207781283594,57.10977858365759,66.60007221257118,77.61825751938707,85.9817563932687,86.4379872093405,87.17654686066888,88.08311573433511,89.5912521192104,89.89246980123438,90.23887013552391,90.63723051991711,91.09534496192529,91.62217657018034,92.22803291959927,92.92476772133956,93.72601274320289,94.64744451812628,95.70709105876658,2.783924036190975,2.8988715239160796,3.0247735072231086,3.162673949541019,3.23215491553353,3.3856140598289923,3.5668168673247846,3.7550218338966395,3.915942020070647,3.9082197619225427,4.067489602115068,4.2795607007276,4.442425847664671,4.56267183435063,4.762915636783608,5.006344406102565,4.973543653680958,5.076624459451975,5.212448870969146,5.699193883037883,6.242327060203399,6.837220829153747,7.488807974285974,8.202491374350183,8.984188802441345,9.84038199542995,10.778170399711023,11.805330038921365,12.93037799175313,14.16264301448535,3.7281350228234205,2.1724112681675907,0.11580026788472156,2.174315495295078e-10,2.2849482890412906e-10,2.4018913301952695e-10,2.524218876953461e-10,2.652750519664968e-10,2.787451065537017e-10,2.928865709061467e-10,2.385551110284033e-10,2.506798501489719e-10,2.6349812284251557e-10,2.7692449501987656e-10,2.9102900540858596e-10,3.0582250567073654e-10,3.2141140338889544e-10,3.377662966372518e-10,3.549193003017118e-10,3.728745692624316e-10,3.9175759582521646e-10,4.1150293883819737e-10,4.3231341983924573e-10,4.541356310761557e-10,4.770171012404709e-10,5.010360736125565e-10,5.262160609592733e-10,5.526782641377277e-10,5.805233120975824e-10,6.096353912916748e-10,11.56499182,11.95177402,12.12275724,12.3794349,10.56735896,12.83063158,12.5201625,12.99393315,13.35449768,12.39147919,11.61114491,14.12084711,14.09664438,14.37289856,14.73444946,13.6800414,15.33964201,14.97815854,15.54245603,15.84140542,14.81596502,13.86673684,16.84329089,16.41378655,17.0628378,17.43216525,16.14337822,15.07170264,17.53164477,18.1191577,,0.0,0.0,0.0,0.0,0.0,0.0,0.0,0.0,0.0,0.0,0.0,0.0,0.0,0.0,0.0,0.0,0.0,0.0,0.0,0.0,4.441434303685954,36.712104158077125,11.661722126745348,45.549595678436766,12.295453307567492,53.889164714448185,18.580697988846172,63.360902474057376,22.408502359377547,70.34237942366383,25.832761162086904,72.08522586083605,27.549451589024034,66.66117691187019,27.642576679964847,68.99118864058832,27.93898303455145,68.87452653247105,27.83678720716489,68.41353793245409,29.804310131813217,66.12658720000648,31.549290416907034,63.41488597290826,31.602654501092243,60.14605259424766,31.291703125856486,64.41996693531982,32.03335303316792,63.6531663167997,32.99946121803673,62.93753834485016,34.848210366954795,60.5814818493438,35.65294726484912,55.131692965319786,36.16310876247379,60.212619394537654,37.32522067433846,59.70395232904867
4.730211756167752,6.441047612094146,8.408508846414021,10.67108926588715,13.174338084956302,16.15210354335498,19.593205538834003,23.53804670818559,28.02056040722278,32.956509734022546,38.852138057092844,45.684369389562725,53.46228790617296,62.34645490674835,72.66093011021411,80.49026854904957,80.91736078868712,81.60875006902482,82.4574181488655,83.8692327909389,84.1512122844368,84.47548870192374,84.84840658199651,85.277262144039,85.77044604033699,86.33760752101004,86.98984322369843,87.73991428166087,88.60249599811226,89.59446497154308,2.895535715552217,3.015091620021662,3.146041202188836,3.2894702795383326,3.361736841401008,3.521348392366155,3.709815891493853,3.905566276730202,4.072937993904524,4.064906138874764,4.230561345228288,4.451134691442559,4.620529345766595,4.74559617394679,4.953868049984034,5.207056242834426,5.17294045917831,5.280153928661573,5.421423744029786,5.927683091802895,6.492591290568208,7.1113352406768495,7.789045489231794,8.531341524474941,9.344378371877626,10.234897630838157,11.210283375178307,12.278623380955407,13.44877618928793,14.730444560249953,4.128992888471186,2.5151977880850214,0.5818074316083185,2.1743482795458746e-10,2.284903463304297e-10,2.401828156333441e-10,2.524184889560558e-10,2.6526919735356225e-10,2.787406357619724e-10,2.9288599343941485e-10,1.2448102522453646,2.507287171378979e-10,2.63549752806789e-10,2.7694567909295934e-10,2.910438918290243e-10,3.058344421264642e-10,3.2142357384952796e-10,3.377819990509503e-10,3.549341878603692e-10,3.7289109136453015e-10,3.917671737795919e-10,4.115146036234015e-10,4.323261136297036e-10,4.54150363055409e-10,4.770289416372916e-10,5.010463467294544e-10,5.262276579949449e-10,5.526890459308139e-10,5.805291219021255e-10,6.096473856770402e-10,11.75474036,11.97133702,12.13635748,12.29302306,10.52801376,12.66572337,12.72558266,13.015202,13.26127964,12.25425351,11.56791341,13.93935616,14.11971817,14.38902318,14.63159898,13.52854592,15.14248625,15.2239074,15.56789637,15.85917752,14.6518901,13.81510714,16.62680919,16.68308998,17.0819802,17.31048398,15.96460327,15.01558653,17.81928906,18.14881566,,0.0,0.0,0.0,0.0,0.0,0.0,0.0,0.0,0.0,0.0,0.0,0.0,0.0,0.0,0.0,0.0,0.0,0.0,0.0,0.0,9.3463323760396e-10,32.75959624514131,4.661314865372783,39.15173021322504,4.710956943986337,46.935749849466006,13.947102766321224,59.43183267337234,18.984919557337484,67.97427484345809,23.24559018528697,71.31576447995316,26.0350155294414,67.90732088950944,24.18502579346161,68.62123854182506,24.508056582938682,68.89706660289372,25.867857244867896,70.23435851376023,26.039069532958997,66.56205881490753,28.50890138733395,64.95731363434928,29.96431608616371,63.96853035143278,27.082574419061547,65.62978421231959,27.426083288202097,64.86965761408412,27.995787603967596,64.23691104738711,30.845327572252124,63.152278364241354,33.84864574872274,61.56663561650403,29.677693022772836,61.410133662787835,30.823180613060355,61.38567574242474
3.9836054751578973,5.424406740318664,7.081328195257354,8.986787868441288,11.094929367249227,13.60269083656311,16.50065681702753,19.82285288158358,23.597856419357875,27.754726296843366,32.71980153616124,38.47364841375273,45.02391727808001,52.50582678447001,61.192287774367685,67.78586055282557,68.14554148719371,68.727803395242,69.44251956096902,70.631496466863,70.8689689336539,71.14206227043343,71.45611960769854,71.81728554551873,72.2326263739691,72.71026832662838,73.25955657211443,73.8912380543146,74.61767175867178,75.45307051827132,2.9961117467733356,3.119820408991892,3.2553185067217303,3.4037295731670745,3.4785063040264936,3.6436619400626338,3.8386758316159626,4.041225579316167,4.214410929857759,4.206100089458245,4.377509306413907,4.605744237196531,4.781022791328979,4.910433798428541,5.125939969174807,5.387922618764988,5.352621828098356,5.463559342564436,5.609736145363253,6.1335803413197665,6.718110547968084,7.358346483311014,8.059596903293109,8.827676488300446,9.668954057759876,10.590405379589175,11.599671012389509,12.705119659997095,13.915917563726719,15.242104507677027,4.6154893382600894,3.2644923908904104,1.6698903282322268,2.175343468477401e-10,2.284999053703016e-10,2.401909306463339e-10,2.5242191619504535e-10,2.652719062067435e-10,2.78748982570169e-10,2.9290649838542047e-10,3.7580981795821926,2.8957051663499245,3.478576205279486,1.2615435752800597,2.910882130355864e-10,3.0586042351851683e-10,3.2144640729842093e-10,3.3781184553648096e-10,3.5496418535653574e-10,3.729238437025707e-10,3.9178665685153243e-10,4.115317610209271e-10,4.3234141145036923e-10,4.5416663461583297e-10,4.770462173962342e-10,5.01053368352072e-10,5.262344635256305e-10,5.526895051362801e-10,5.805178111265877e-10,6.09643683127413e-10,11.59520656,11.80871954,12.00653703,12.0600868,10.50516816,12.5046802,12.55287272,12.83840475,13.00999622,12.15819553,11.54281125,13.76211889,13.92791728,14.23510637,14.35434986,13.42249909,14.94995133,15.01729052,15.35642357,15.68953473,14.53703766,13.78512861,16.41540129,16.45666926,16.89925731,16.98247359,15.8394608,14.98300298,17.577448,17.90228389,,0.0,0.0,0.0,0.0,0.0,0.0,0.0,0.0,0.0,0.0,0.0,0.0,0.0,0.0,0.0,0.0,0.0,0.0,0.0,0.0,9.270132743060373e-10,29.312597772727344,9.738118321454892e-10,32.212978927896124,1.0226963796566365e-09,39.355598995314914,1.0795424998116288e-09,44.44269778884115,9.517960924611396,57.23801675794362,17.386045837318235,65.34428932155481,20.393343705272436,63.19236616404621,18.48754301347907,64.61334848604115,18.735684889279653,65.1817480439211,19.110856222534014,66.39634726197733,21.142648204514213,65.11665239334587,23.108249037442466,63.96323691733546,23.916671075714948,62.6952975704473,21.44653535216223,65.21709840824067,21.514727009341396,65.34222540253172,22.450096838643326,64.91239310187134,24.237169788767574,63.95316148695321,26.32465889539531,62.38133526486243,23.350444223005265,63.48845356224148,23.887837943248392,63.44091059415296
2.9237110840152636,3.981166862476051,5.197241007708752,6.595726274729617,8.142967010584117,9.983503190590442,12.110424471078728,14.54870344167117,17.319314074279077,20.3701901239792,24.01423710621406,28.237191913523148,33.04466941131795,38.53591142558005,44.91121702132894,49.75047681647081,50.01445956804573,50.44180248766384,50.9663583425777,51.83899118237031,52.01328075186576,52.213713756763504,52.44421171237291,52.709284361298266,53.014117907530974,53.36467648565555,53.767818850445884,54.23143256987491,54.764588347091326,55.377717490588395,3.0641103732640924,3.190626680799927,3.3291999924458224,3.480979340693466,3.557453176140985,3.7263571224395045,3.925796976003938,4.132943716674947,4.31005961686237,4.301560156751739,4.476859612892702,4.710274477910806,4.889531088251314,5.02187915894506,5.242276376771532,5.510204886143388,5.474102921995175,5.5875582326075826,5.737052609200445,6.272785776207041,6.87058226080285,7.525348750381694,8.242514486418406,9.028026117100385,9.888397006187274,10.830761241004536,11.8629327874006,12.993470282169625,14.231748000195283,15.588033584743933,5.3982991429122675,4.5122118269253155,3.205618510056942,1.7867629447992395,2.2855623237468741e-10,2.402318966513252e-10,2.524449349953155e-10,2.652916128919898e-10,2.787748111210978e-10,2.929470870713296e-10,5.262363204868009,6.039132293658566,7.092363237135886,7.633916472332688,7.275024738037178,4.234175864990166,2.371000354737094,6.316854931918863,7.685696135400106,6.6966412726302,1.8374697287996618,4.1168475334252667e-10,4.3261124467566236e-10,2.109758961000401,1.7605312437959462,0.5660095118353003,5.263583851945457e-10,5.527432185889005e-10,5.806263636212828e-10,6.097334422998716e-10,11.3861206,11.68400537,11.73205951,11.86346856,10.63335735,12.18774723,12.32651802,12.70281588,12.79789141,12.16094004,11.68366227,13.41331596,13.78082186,13.90968225,14.12032775,13.425529,14.57104262,14.74649719,15.19424142,15.3308614,14.54031915,13.95334149,15.99935052,16.1599209,16.5129289,16.7056046,15.8430363,15.1658329,17.26048964,17.71321442,,0.0,0.0,0.0,0.0,0.0,0.0,0.0,0.0,0.0,0.0,0.0,0.0,0.0,0.0,0.0,0.0,0.0,0.0,0.0,0.0,9.263975553613003e-10,22.06979765454414,9.734766002222318e-10,25.57328272568967,1.0224110149728828e-09,31.24574187733197,1.0736594168373112e-09,37.28202480751581,1.1276361809317513e-09,43.30819038682847,1.1845005534539226e-09,46.0693285683304,1.2442346002302066e-09,43.28852022553922,1.3064876159481406e-09,47.599718462989486,1.3720481833091195e-09,49.19486566801693,1.4408134985096265e-09,49.4775568320882,1.5164472204889976e-09,46.18101359239648,4.942475835997768,48.875735212107536,2.677605366796184,46.36392183814832,1.756782778224289e-09,47.687148540473736,1.8446527610350558e-09,48.150117258642545,1.9390815620339087e-09,48.055842639681764,6.686008546381625,53.71827544734966,13.683201983313527,58.21070134600214,6.602795556334796,55.67120426378912,8.524749327835522,58.086850037747915
1.594720125063962,2.1715028381358232,2.834802958169988,3.597598096211055,4.44153098454465,5.445440058601815,6.605556114174347,7.935500295794348,9.446712726698468,11.110794195668618,13.09841708050842,15.401801657483349,18.02401052019924,21.019174508740193,24.496545509096038,27.13608982929856,27.28007758818072,27.51316914019641,27.799284886422072,28.275257070889023,28.370322238436774,28.479647181104678,28.605370865160218,28.749953101810203,28.91622267394053,29.107432681866932,29.327324190953426,29.580199426359336,29.87100594700688,30.205433445586934,3.107180170834572,3.235474818929702,3.37599594699022,3.529908738556826,3.607457506761632,3.778735603429997,3.980978826675711,4.191037266698653,4.370642746254413,4.362023815895707,4.539787319074951,4.776483113877435,4.958259393870805,5.092467777647057,5.315962946395829,5.587657516795609,5.55104809563758,5.666098158614005,5.817693860470461,6.360957408646122,6.9671566498151085,7.6311266786685685,8.358373051272782,9.154926003187159,10.027390451419905,10.983000761569631,12.029680734277353,13.176109308385554,14.431792525611487,15.807142353434129,6.718060804293729,6.316153723136367,5.5187878350518185,4.697139025454891,2.7760180589272014,2.9725899882144176,1.776618519408694,0.6188159977795723,2.788690789963517e-10,2.930200132579714e-10,6.84878030099409,8.70910087654961,9.60189903374295,10.797918222181943,12.040140347912898,13.442230585320031,16.24325780950834,17.125728625819214,17.825293353743003,17.50144640820712,16.976843429795398,15.449722058718354,14.598157370625042,12.101547877370368,9.54904427093263,7.248195213049916,5.555376847853933,4.4334508348005714,3.6873175840174,3.098500910168071,11.4199611,11.72313138,11.72958674,11.82464586,10.82500655,12.19676565,12.36315346,12.74535356,12.75601084,12.24464771,11.89424153,13.42324125,13.82696944,13.9067505,14.07411956,13.51794124,14.58182457,14.79032501,15.24512209,15.32763011,14.64040485,14.20482807,16.01118936,16.20794954,16.50944847,16.6509362,15.95208902,15.43917269,17.31178926,17.77253033,,0.0,0.0,0.0,0.0,0.0,0.0,0.0,0.0,0.0,0.0,0.0,0.0,0.0,0.0,0.0,0.0,0.0,0.0,0.0,0.0,9.265270826939673e-10,12.592743171146271,9.735875458644485e-10,15.46414439850728,1.0225555280425893e-09,18.757199508439623,1.0738301888931416e-09,23.00281000922712,1.1277080982460235e-09,27.77852924409553,1.1842694339486406e-09,32.64803669214003,1.243687226513352e-09,34.492558924087724,1.3061693940602868e-09,35.51467091542886,1.371704721855982e-09,36.19715001147438,1.4404631253494463e-09,36.81003077862334,1.5130791240240527e-09,37.67391746897355,1.5891507722542268e-09,37.355667849464986,1.6688400154053716e-09,35.55071192807913,1.7526809500675714e-09,33.798477443440355,1.8406606390115236e-09,31.983208927419415,1.9330712235215948e-09,30.687692457669485,2.0302079438523804e-09,30.960292754328016,2.1325175966376908e-09,31.750586880850385,2.239908554446609e-09,30.67832679800755,2.352259995718493e-09,31.338546380629076
0.2735164230006795,0.37244258693914195,0.4862076754686352,0.6170375272778573,0.7617836186086971,0.9339678248768829,1.1329436757479754,1.361047384750004,1.620241090277786,1.9056539372224346,2.246558584496432,2.641620702536641,3.091365568245891,3.6050773647991026,4.201494292456222,4.654212427423382,4.678908307375203,4.718886712699744,4.767959496219469,4.849595268727199,4.865900251758989,4.884650982243487,4.906214322298507,4.931012163359399,4.959529680576482,4.992324825372102,5.030039241882113,5.073410820861155,5.123288136675175,5.180647049833064,3.1436070250249766,3.273405728302821,3.4155742480049884,3.5712914276367163,3.6497493345192713,3.8230354004428184,4.0276496108856445,4.2401706593656066,4.421881733787408,4.413161759877252,4.593009263614773,4.832479948423856,5.016387272541654,5.1521690408524865,5.378284342801351,5.653164109409954,5.616125499735909,5.732524345736883,5.885897271385913,6.435529739601071,7.048835723911529,7.720589768527856,8.456361973597149,9.26225326981054,10.144946006554006,11.111759361109529,12.17071002835493,13.330578694190267,14.600982843884992,15.992456509040645,8.598672212167651,8.716748824960963,8.455888516739416,8.268751355309172,7.287952377106503,8.183137704927377,7.847605643625854,7.839360796157159,7.39613599622132,6.643522333201236,11.300077004371976,13.2374298836982,13.812501282678477,14.55066757792332,15.31210750667699,16.016258722341657,17.433018236380754,17.889148623397926,18.30334350876075,18.119381454736406,17.82440802206899,17.108150285124594,16.806044243119565,15.746791573583094,14.443254789498713,12.717284076434096,10.477313000511778,8.377523822876714,7.314194107220122,5.867367172636042,12.01579566,12.36259714,12.35767044,12.45708031,11.69948533,12.94014093,13.00819893,13.44057884,13.43825882,12.96233803,12.85509654,14.24136845,14.58119399,14.6514147,14.82686584,14.31026257,15.47056575,15.56200775,16.07670311,16.14837809,15.49851667,15.35233968,16.98704827,17.0535966,17.39347923,17.54150205,16.88708202,16.68639863,18.21502898,18.74197478,,0.0,0.0,0.0,0.0,0.0,0.0,0.0,0.0,0.0,0.0,0.0,0.0,0.0,0.0,0.0,0.0,0.0,0.0,0.0,0.0,9.266178758573856e-10,5.284548313050875,9.737584739036204e-10,6.470162085254715,1.0227544900785087e-09,7.339060134091882,1.0740400049424856e-09,8.656499284232144,1.1279048488617952e-09,10.065020302624667,1.1844391066088881e-09,12.01337268990018,1.243845733816687e-09,12.257486294252322,1.3063261499486151e-09,12.77855193263334,1.3718555843979992e-09,12.880497167204567,1.4406276293748268e-09,13.256128373945403,1.5132044566021862e-09,14.240627328665346,1.5892641276140744e-09,14.361051356868861,1.6689677453838743e-09,13.181572270036048,1.7528718111862506e-09,12.886460407825576,1.8408605384043387e-09,12.154251247755475,1.9332882728274067e-09,11.27986621409863,2.0304335704536655e-09,10.790980251991622,2.1325579192885595e-09,10.095114709233465,2.2402680279850317e-09,8.823436109151768,2.3527850302007477e-09,8.2984959529509
1.86374400000463e-05,2.537828000011188e-05,3.3130246000205107e-05,4.20450069003331e-05,5.1908021935496264e-05,6.364067322594889e-05,7.719891020998158e-05,9.274192274163775e-05,0.00011040341115307294,0.00012985147482623698,0.00015308075605038597,0.0001800003334581649,0.00021064599947714544,0.0002456503793989781,0.0002862902963088081,0.0003171385612313219,0.00031882134128453015,0.0003215454743452049,0.0003248892993647426,0.0003304519701370438,0.0003315629935250471,0.0003328406704211105,0.0003343099988514367,0.0003359997265461496,0.00033794291339486895,0.00034017757827062186,0.0003427474428774003,0.00034570278717468647,0.00034910143311575614,0.0003530098759460624,3.110246415034606,3.238667667542415,3.3793274654161425,3.533392142029159,3.6110174373253,3.782464555563586,3.9849073575514966,4.195173088570769,4.37495580736909,4.366328371631305,4.5442672963441035,4.781196668560217,4.9631523299970794,5.097493154010371,5.321208873460176,5.593171558953019,5.556526010689666,5.671689607986252,5.823434908326225,6.367234562750026,6.974032016705238,7.638657268023453,8.366621305793311,9.163960316363621,10.03728573464221,10.99383906528315,12.041551928334899,13.189111827236916,14.446034184509518,15.822741242425272,8.882567417718844,9.026089064380594,8.891762874550986,8.799663923187746,8.145529984887412,9.090618774010352,8.998354613797872,9.13896879977929,8.92944498950624,8.51354439719467,14.039861326753629,14.584040655436372,15.134410912717456,15.755509194801718,16.346231082943387,16.793532225545547,17.834811340203473,18.176676156345778,18.495913322159137,18.347249573480656,18.086755113336974,17.566818828671217,17.380926321320604,16.664246992415915,15.76407021118679,14.53479807270451,12.627757631108647,10.905620108572114,10.01425404276008,8.57047961510729,11.99283247,12.26478211,12.27112347,12.33309811,11.75659933,12.87314697,12.98333917,13.33423463,13.3045112,12.88000262,12.91785195,14.16763775,14.46582504,14.54880349,14.67929776,14.21936529,15.39047123,15.53226744,15.94950143,16.03528289,15.40007172,15.42728601,16.89910258,17.02100574,17.27166396,17.36691588,16.77981705,16.7678575,18.18021852,18.593685,,0.0,0.0,0.0,0.0,0.0,0.0,0.0,0.0,0.0,0.0,0.0,0.0,0.0,0.0,0.0,0.0,0.0,0.0,0.0,0.0,9.628120523075268e-10,5.66642975442113,9.738084466128708e-10,5.197779574926033,1.0228195623598918e-09,5.631948849339897,1.0741112502723772e-09,6.3044445098487545,1.1279845918585446e-09,6.988428487390055,1.1845133198549193e-09,8.167655633785023,1.2439277977618538e-09,8.001184942994945,1.3064106472028861e-09,8.316419870605214,1.371951458661565e-09,8.370171690623312,1.4407339276900714e-09,8.679531699081705,1.5132942747807036e-09,9.6610469739617,1.5893713822452982e-09,9.778522928338056,1.66908415837558e-09,8.84877935813373,1.7530041391630304e-09,8.807537569578734,1.8410048251006818e-09,8.530029929868842,1.9334538242947675e-09,8.162061436749068,2.0306231429420694e-09,7.889835258129431,2.132842530653313e-09,7.327220139901637,2.2406086134451427e-09,6.280418810074422,2.3531681133855825e-09,5.799888868850079
6.989040000017363e-06,9.516855000041956e-06,1.2423842250076916e-05,1.5766877587624913e-05,1.94655082258111e-05,2.3865252459730834e-05,2.8949591328743096e-05,3.477822102811416e-05,4.1401279182402354e-05,4.8694303059838873e-05,5.740528351889474e-05,6.750012504681184e-05,7.899224980392955e-05,9.211889227461678e-05,0.00010735886111580302,0.00011892696046174572,0.0001195580029816988,0.00012057955287945184,0.00012183348726177849,0.00012391948880139143,0.00012433612257189267,0.00012481525140791642,0.00012536624956928878,0.00012599989745480612,0.00012672859252307585,0.0001275665918514832,0.0001285302910790251,0.0001296385451905074,0.00013091303741840857,0.0001323787034797734,2.910650317772385,3.030830300173047,3.1624634348982936,3.306641207364655,3.379284998328843,3.539729716396583,3.729181009737367,3.9259532056153192,4.094198597707345,4.086124816655671,4.252644737796268,4.474369469700756,4.644648358608596,4.770368031562464,4.979727080015866,5.234236906994694,5.199943040057954,5.3077161603634035,5.449723399571199,5.958625404667004,6.526482405848874,7.148456179244377,7.829704053245425,8.575874849639694,9.393155722931207,10.288323463447774,11.268800689636253,12.342717395481836,13.518978363399393,14.807337001554881,8.54314429338084,8.698405003174718,8.607911591472366,8.633204665981415,8.001611676397433,8.754926318597832,8.670578940930584,8.826012096436147,8.786061561299734,8.281977309341793,13.861496626929872,14.334179522808418,14.959213690968014,15.62885845727606,16.29549999752917,16.744989006301505,17.792386177494507,18.143885408933002,18.47667293795568,18.332092590386146,18.072804057230503,17.568793979717825,17.33306969087653,16.57633440710706,15.685997982671642,14.548794684797864,12.59612206351348,10.998797017257104,9.901004871897769,8.525479344376693,11.4538016,11.72924482,11.77038745,11.93986164,11.38091614,12.2946799,12.3997889,12.75200008,12.88030156,12.36815082,12.50506082,13.5310015,13.83418,13.95512436,14.21125353,13.65428717,14.6988858,14.83415283,15.2530722,15.38094641,14.78807228,14.9343057,16.13972537,16.25597817,16.56687566,16.8131779,16.11298648,16.23203911,17.36308888,17.78179845,,0.0,0.0,0.0,0.0,0.0,0.0,0.0,0.0,0.0,0.0,0.0,0.0,0.0,0.0,0.0,0.0,0.0,0.0,0.0,0.0,9.613998486202036e-10,5.609137950577159,9.737977218897653e-10,5.277614993230515,1.0228039563327426e-09,5.769761042452633,1.0740959280945424e-09,6.444194248388389,1.127973358119568e-09,7.064080907096599,1.1844924985851058e-09,8.325057670982215,1.243900086599154e-09,8.293562976316416,1.3063829369346267e-09,8.617569319648586,1.3719306437825753e-09,8.67344597185323,1.4407178170213503e-09,8.909895505423325,1.5132520976323408e-09,9.811338520128345,1.589324679872462e-09,9.783069275186925,1.6690239826839133e-09,9.023173741393006,1.7529477507495474e-09,8.896357087717398,1.8409604367524878e-09,8.512404775322388,1.933419118376446e-09,8.024067816021168,2.0305616400467873e-09,7.752064804684474,2.1327897944255823e-09,7.109604942590285,2.2405424324387303e-09,6.057025269707013,2.3530597709008875e-09,5.551150276076977
0.0,0.0,0.0,0.0,0.0,0.0,0.0,0.0,0.0,0.0,0.0,0.0,0.0,0.0,0.0,0.0,0.0,0.0,0.0,0.0,0.0,0.0,0.0,0.0,0.0,0.0,0.0,0.0,0.0,0.0,2.8494162203717037,2.9670678630735026,3.0959317073265455,3.2370762759386653,3.3081917909212635,3.4652610820496714,3.6507267097547453,3.8433592232618667,4.008065078273924,4.000161152973141,4.163177837394433,4.380237936880977,4.546934508117404,4.670009297674653,4.874963862261879,5.124119325839685,5.09054693134346,5.196052726815809,5.33507242572577,5.833268179109659,6.38917863669345,6.9980673608859565,7.664983180494943,8.395456077713567,9.195543042037977,10.07187829406287,11.031728295606401,12.083052002298347,13.234566858242822,14.49582107995429,7.921532379821085,8.108038947128845,8.030299032885956,8.062836834284592,7.490161559312875,8.08089015819673,8.009811300504065,8.197463947010178,8.18188258201191,7.8259482273270455,10.887608702368668,13.87724084085655,14.602354697338031,15.351958782120104,16.088950830548796,16.609064580311312,17.67680848857182,18.071385623092308,18.424749632410865,18.274179365045438,18.008352491435964,17.447645802101167,17.14573011287288,16.334354100394656,15.352812301987708,14.158707191023415,12.184181320769886,10.465717686664954,9.272758942143216,7.883312834588139,10.7709486,11.07510681,11.12623074,11.29991311,10.79835335,11.54615124,11.66053801,12.04082317,12.18994766,11.82610938,11.86495567,12.70720271,13.0626501,13.19140379,13.44956373,13.05588004,13.8039835,13.94976997,14.40241092,14.53919504,14.13997636,14.16985311,15.15710141,15.2868289,15.66022207,15.91203107,15.40682541,15.40115855,16.32793585,16.79011053,,0.0,0.0,0.0,0.0,0.0,0.0,0.0,0.0,0.0,0.0,0.0,0.0,0.0,0.0,0.0,0.0,0.0,0.0,0.0,0.0,1.0957279528156505e-09,3.185830870725078,9.737992735471132e-10,5.550276068334344,1.0228172120603547e-09,6.086639106082159,1.0741136534173886e-09,6.830564290452852,1.1280029864150395e-09,7.514350963501641,1.1845192421365021e-09,8.677303866876946,1.2439252734296375e-09,8.963371920676842,1.3064290994226363e-09,9.317668380708033,1.3719822156169182e-09,9.357411138976328,1.4407917906901828e-09,9.568252505037089,1.5132954873227107e-09,10.25755476905627,1.5893517934380122e-09,10.27586005396094,1.6690584803647402e-09,9.653611884389937,1.7530081980915409e-09,9.442981279182074,1.8410217523440314e-09,8.888133275153294,1.933506843613341e-09,8.318554416270587,2.0306486098339712e-09,7.809084207620352,2.132880876342818e-09,7.147611140269997,2.2406390363408165e-09,6.17938995175933,2.3531777787229286e-09,5.589023385985247
0.0,0.0,0.0,0.0,0.0,0.0,0.0,0.0,0.0,0.0,0.0,0.0,0.0,0.0,0.0,0.0,0.0,0.0,0.0,0.0,0.0,0.0,0.0,0.0,0.0,0.0,0.0,0.0,0.0,0.0,2.1665641251241063,2.256020985275757,2.3540030842012003,2.4613228771555775,2.5153958210798333,2.6348240354925,2.7758435090803286,2.92231235070241,3.047547054609748,3.041537275876158,3.165487612699107,3.330530059352292,3.457278411677922,3.5508587815289614,3.706696740104627,3.896143015137034,3.8706161212455736,3.9508378416909125,4.056541982135717,4.435346959398712,4.858035524716576,5.321006310309978,5.828098211771142,6.38351597144224,6.991865043610641,7.658189782356969,8.38801526870633,9.187393123905784,10.062951688709385,11.021950984735335,8.038764645068797,8.238309084926726,7.786828626011131,8.052117283067634,8.268996329154765,8.126724874753812,8.272359251178482,8.487092079569587,8.293981325675855,8.392106644423977,10.892630067169433,14.050015743388206,14.727783275621052,15.133691930492924,15.987763679951033,16.709239607925305,17.766758566551324,18.118628249359162,18.44975232391209,18.26285800982022,18.07186903233294,17.709031463919175,17.39201100522502,16.614136522114016,15.158678917132274,14.13005930618374,12.996358143737218,12.268099610684615,10.810232232286696,9.301768869793367,10.20532877,10.49433007,10.14083171,10.51344016,10.78439215,10.76154891,11.04820276,11.40940443,11.34152838,11.43364392,11.84961546,11.84370277,12.37764692,12.02310189,12.51347529,12.62260298,12.86595338,13.21721922,13.64715091,13.25152547,13.67072209,14.1515329,14.12712208,14.48406454,14.2732683,14.80455512,14.89552905,15.38124638,15.47049936,15.90963995,,0.0,0.0,0.0,0.0,0.0,0.0,0.0,0.0,0.0,0.0,0.0,0.0,0.0,0.0,0.0,0.0,0.0,0.0,0.0,0.0,1.1140457445435459e-09,2.2085022208466087,9.731097892576183e-10,5.536843033337065,1.0219001305985683e-09,5.80741476792517,1.073015651325845e-09,6.661448822679662,1.1268514931796785e-09,7.180985130746161,1.1833487807732013e-09,7.982779643787534,1.2426860737025535e-09,8.771421308558233,1.3050254981838886e-09,8.852246871849445,1.3705119314844736e-09,8.859143396886983,1.4392401024877857e-09,9.446679500100664,1.5115095375783908e-09,9.259182467975524,1.5874851813015175e-09,8.878504875201784,1.6670406728006004e-09,9.092987138017811,1.7506777346999263e-09,8.51358795462921,1.8384451733168683e-09,7.877275661869826,1.930645379879115e-09,6.983693969724054,2.027442028111681e-09,6.488844363686439,2.1292948586863974e-09,6.074246355895904,2.2366586311515362e-09,5.402684562368001,2.3484864524038275e-09,4.414079905968896
0.0,0.0,0.0,0.0,0.0,0.0,0.0,0.0,0.0,0.0,0.0,0.0,0.0,0.0,0.0,0.0,0.0,0.0,0.0,0.0,0.0,0.0,0.0,0.0,0.0,0.0,0.0,0.0,0.0,0.0,2.28554401565543,2.3799135240433795,2.483276446582115,2.596489855640204,2.653532290692928,2.7795190720607073,2.928282826713516,3.0827952090461443,3.2149073513772186,3.2085675372629314,3.339324779699935,3.51343076248764,3.647139677350908,3.7458591437242434,3.9102551611346072,4.110105142571795,4.083176403701185,4.1678036118060575,4.279312642543739,4.678920223433751,5.124821320818942,5.613216792785727,6.148156353231697,6.7340756537888895,7.375833063689867,8.0787499547547,8.848654825538548,9.691931630509151,10.61557271499729,11.627236794833529,7.766293894537278,7.583770002158637,7.261911986629846,7.469862974582604,7.894788669541415,7.99748997818553,7.9537520235451025,7.749691881225393,7.644318988908005,7.586976963036754,10.476413544370994,13.953650009057824,14.317153025829189,14.853077331736273,15.73763358012628,16.4886766845931,17.73552694319224,18.073954196287687,18.376586980900193,18.172218381261644,17.969665555776267,17.616192276317125,17.318600804259038,16.422492767911795,14.734230403878236,13.521064519666812,12.162503626581799,11.631273894919854,10.103372616136188,8.214887853088602,10.05183791,9.963683526,9.745188433,10.06635283,10.54832096,10.77700905,10.88203485,10.83248709,10.85922634,10.7955445,11.59022644,11.86071755,11.75177033,11.55402208,11.98133584,11.91814902,12.88443673,13.01842873,12.95708176,12.73451887,12.90777373,13.84175473,14.14741724,14.26622037,13.71639853,14.17498678,14.06422552,15.04454968,15.23781895,15.10516789,,0.0,0.0,0.0,0.0,0.0,0.0,0.0,0.0,0.0,0.0,0.0,0.0,0.0,0.0,0.0,0.0,0.0,0.0,0.0,0.0,1.1062903926273293e-09,2.225511885042171,9.731726674196442e-10,5.606363222142137,1.0219742257008474e-09,6.212522373806828,1.07309734987304e-09,7.044914396118714,1.126897284580401e-09,7.666552901951808,1.1833665190407315e-09,8.680632807890593,1.242796125222124e-09,8.934266617654822,1.3051022495621051e-09,9.223329078893295,1.3705405185943744e-09,9.698817864283571,1.4392974254333868e-09,10.116619735577487,1.5115347389638782e-09,10.18671314752168,1.5876596040089949e-09,9.38765434007579,1.6672345069776368e-09,9.319339918512464,1.7508879463133066e-09,8.890348052773877,1.8384770657832618e-09,8.393664938695215,1.930691315250291e-09,7.424827695605073,2.02755188794887e-09,6.946932933363589,2.129662129262447e-09,6.2786558467347655,2.237095884852925e-09,5.481126382505607,2.3488607779852005e-09,4.736956759362974
0.0,0.0,0.0,0.0,0.0,0.0,0.0,0.0,0.0,0.0,0.0,0.0,0.0,0.0,0.0,0.0,0.0,0.0,0.0,0.0,0.0,0.0,0.0,0.0,0.0,0.0,0.0,0.0,0.0,0.0,2.4096319214968105,2.5091249867232763,2.618099741067315,2.7374597895018304,2.7975992011436297,2.9304261202451554,3.0872666315272492,3.2501678778760095,3.389452719120686,3.382768700628152,3.5206250810718887,3.704183713491627,3.845152020046351,3.9492312133661547,4.122552702081985,4.3332530392809145,4.304862271768321,4.394084102842169,4.511647237990819,4.932950514755128,5.403060698908239,5.9179723836119695,6.481955151868755,7.099685477941175,7.776285504089017,8.517365512729057,9.329070446193057,10.21813085981729,11.191918730863959,12.258508586017557,7.268751872695544,7.080416048478377,6.785846367144308,6.849244724720547,7.333154969090333,7.541245080000782,7.390469948731009,7.1755526023951814,6.952345941164137,6.9009239996711695,9.946011641935542,13.681406700893033,13.995836032678122,14.576776579254577,15.472542739861987,16.315358198748864,17.666597185349726,18.013311641895047,18.328249145406343,18.090219034320032,17.887857711446067,17.495722403917103,17.183215246614544,16.166558211885143,14.337484675359649,12.906248751946825,11.492851242677421,10.86300126574094,9.245950016257531,7.359938851585683,9.678383794,9.589541035,9.403946108,9.586704514,10.13075417,10.4716712,10.47773658,10.42572048,10.34179866,10.2836927,11.13141469,11.5246757,11.31048408,11.14944074,11.41044114,11.3530709,12.51939053,12.5347574,12.47053531,12.28860067,12.29577429,13.29381377,13.74658785,13.73619006,13.23609835,13.49956753,13.39739495,14.44899478,14.67169101,14.53795947,,0.0,0.0,0.0,0.0,0.0,0.0,0.0,0.0,0.0,0.0,0.0,0.0,0.0,0.0,0.0,0.0,0.0,0.0,0.0,0.0,1.0998322252930848e-09,2.335222033972985,9.732353814839508e-10,5.86091471498169,1.0220646210432776e-09,6.530503973351632,1.0731947285820522e-09,7.376567053279315,1.127002067558118e-09,8.184654302635384,1.1834900514928985e-09,9.29554033875597,1.2429198963973892e-09,9.452068927879775,1.3052434274163135e-09,9.872638345537197,1.3705655076654945e-09,10.369361074237101,1.4393469118300264e-09,10.734568879957544,1.5117332080758064e-09,10.995144121281301,1.5878677197479008e-09,10.119881018502502,1.667455421601163e-09,9.918582549505409,1.751145919648506e-09,9.530053630899989,1.8387606716479533e-09,8.877671830576086,1.9309949826193344e-09,7.924046735859849,2.0279145467654426e-09,7.42452674011416,2.130074696144613e-09,6.632137346864372,2.2375492299062412e-09,5.766177738493992,2.3493502073555423e-09,5.080487969044975
0.0,0.0,0.0,0.0,0.0,0.0,0.0,0.0,0.0,0.0,0.0,0.0,0.0,0.0,0.0,0.0,0.0,0.0,0.0,0.0,0.0,0.0,0.0,0.0,0.0,0.0,0.0,0.0,0.0,0.0,2.4851449451076504,2.587755923122595,2.7001457273439007,2.8232462799090334,2.8852703398951443,3.02225978779984,3.184015365622148,3.352021609772452,3.4956713581266787,3.4887778759223886,3.630954398383868,3.82026538958514,3.9656513596702485,4.072992185819714,4.251745221799218,4.4690484842813705,4.439768007150315,4.531785871168604,4.653033198795386,5.087539273879973,5.57238176678072,6.1034297492557625,6.685086604461491,7.322175357969111,8.01997866968675,8.7842826370114,9.621424772422671,10.538346553339782,11.542650979982467,12.642665618480265,6.929766363084465,6.740129906078813,6.34153950586741,6.440353105313063,7.003066631338595,7.150515282445841,7.008488124635871,6.789228110498506,6.49757288615788,6.700229104376858,9.736027742252178,13.46039406745627,13.771748643044232,14.340993754097674,15.300420446105926,16.25383419626042,17.616845772083636,17.970261370409105,18.29621203397742,18.03677940755404,17.85408686584375,17.42647574768727,17.087074523004013,15.981909108653262,14.014302129560289,12.515311230821224,11.236823720765274,10.431472411948604,8.689398265053144,6.799998936793411,9.414911308,9.327885829,9.041685233,9.263599385,9.888336971,10.17277507,10.19250349,10.14124972,9.993244244,10.18900698,10.86505285,11.19572334,11.00187212,10.71993954,11.02586977,11.24853902,12.16204572,12.19352649,12.1302708,11.8152165,12.1825626,12.97570823,13.35421477,13.36225282,12.72621447,13.04458537,13.27404023,14.10324709,14.27228684,14.14128431,,0.0,0.0,0.0,0.0,0.0,0.0,0.0,0.0,0.0,0.0,0.0,0.0,0.0,0.0,0.0,0.0,0.0,0.0,0.0,0.0,1.0961556107247361e-09,2.5019292915983833,9.732999664906418e-10,6.084936117638762,1.022140050420385e-09,6.735527883341937,1.0732884235714825e-09,7.694046400576362,1.1271048577203714e-09,8.526295898596906,1.1836052239461503e-09,9.474343661268149,1.243048089369767e-09,9.894568059996018,1.3053745786646269e-09,10.30852075237801,1.3707152987032672e-09,10.818974433613066,1.4393538930136607e-09,11.309102182316675,1.5119203370384235e-09,11.243906033551658,1.5880675300446072e-09,10.554197267916813,1.667676640401525e-09,10.41794635848802,1.7513775174699814e-09,9.941831647696398,1.8390233729807816e-09,9.308066330374837,1.931277315121631e-09,8.25500849901691,2.0282491194947623e-09,7.584208264431765,2.1304550016719787e-09,6.866571876594813,2.237903881235704e-09,5.959762406408464,2.3499510254726713e-09,5.301380246716337
0.0,0.0,0.0,0.0,0.0,0.0,0.0,0.0,0.0,0.0,0.0,0.0,0.0,0.0,0.0,0.0,0.0,0.0,0.0,0.0,0.0,0.0,0.0,0.0,0.0,0.0,0.0,0.0,0.0,0.0,2.532647666878179,2.6372200197211155,2.7517581177915504,2.8772116966096637,2.940421325940693,3.0800292817284505,3.244876763796928,3.4160943916080897,3.5624899572805018,3.5554647084491484,3.7003588880042653,3.893288496043497,4.041453470749598,4.150846081206146,4.333015922209634,4.554472864515509,4.52463270077092,4.6184094557548985,4.741974385854331,5.184785900520212,5.678895996941684,6.220094785552994,6.812869818719791,7.462136312548185,8.173277903239184,8.952191287523357,9.805335117330408,10.739783554119237,11.763284926938297,12.884325980583,6.756570345313811,6.497481124480118,6.111887641419599,6.2123116696122755,6.824803248292928,6.972929668517116,6.811552226460971,6.515125515662702,6.24296721800392,6.6239364718500795,9.843016700989619,13.369225458305587,13.652912703356582,14.253962079099615,15.225780251665858,16.257609973610172,17.599268227633644,17.954794876857804,18.283010188102466,18.022107031457942,17.851761097408655,17.40806893663412,17.070831072529188,15.937691633081593,13.8822804427,12.329598475913343,11.173918339632685,10.26923672445885,8.451126701297651,6.478224782826816,9.289218012,9.134701144,8.863645759,9.089523366,9.765224574,10.05295895,10.05642899,9.931219907,9.805457175,10.17940118,10.72978008,11.06385882,10.77401843,10.50885363,10.81867822,11.23793434,12.01879974,12.03073744,11.87904747,11.58256353,12.17107735,12.81415725,13.19692729,13.18386074,12.47562307,12.79945932,13.26152598,13.92765796,14.08174539,13.84841199,,0.0,0.0,0.0,0.0,0.0,0.0,0.0,0.0,0.0,0.0,0.0,0.0,0.0,0.0,0.0,0.0,0.0,0.0,0.0,0.0,1.09487041655143e-09,2.813595509955111,9.734195823432458e-10,6.198655134946633,1.0222683148234667e-09,6.920347744733917,1.0734527621708041e-09,7.895954530965024,1.127282437746346e-09,8.740117954567546,1.1838074039652202e-09,9.574148498852216,1.2432693904244183e-09,10.105101189166911,1.305619422113243e-09,10.542466893413309,1.3709849164681186e-09,11.145937104797426,1.4395286100318813e-09,11.624329402861088,1.5122351006547478e-09,11.359579745277777,1.5883746509483425e-09,10.814006473161244,1.6680215165761186e-09,10.686773602271876,1.7517542920189011e-09,10.215967206704212,1.8394567168180902e-09,9.579935277067404,1.9317712660606933e-09,8.48233044462141,2.0288406470183406e-09,7.717727478207281,2.131072873617273e-09,7.08136231988505,2.2386346331725477e-09,6.132666239609455,2.3509458584982774e-09,5.514138774853536
0.0,0.0,0.0,0.0,0.0,0.0,0.0,0.0,0.0,0.0,0.0,0.0,0.0,0.0,0.0,0.0,0.0,0.0,0.0,0.0,0.0,0.0,0.0,0.0,0.0,0.0,0.0,0.0,0.0,0.0,2.537590313908234,2.6423667473408097,2.7571283748810798,2.882826785527506,2.94615977307009,3.086040183987343,3.251209377965579,3.4227611494915027,3.5694424168101992,3.5624034576922843,3.7075804088289424,3.9008865330992535,4.049340662582692,4.158946760713919,4.3414721194766965,4.563361251191501,4.533462852186384,4.6274226193617425,4.751228695453474,5.1949043891547815,5.689978777543327,6.232233755146174,6.826165632115403,7.476699216960603,8.18922865244231,8.969662143125747,9.824470945471912,10.760743026682837,11.786241837237425,12.909470684433845,6.891824067283853,6.4153050608603674,6.0422253523300204,6.199182507694428,6.821603201163529,7.017164236258255,6.956995012292419,6.4247126927792335,6.227908842474214,6.632092542606952,9.981008559442888,13.386446369211452,13.611427674675175,14.236117673190334,15.246568826418997,16.28014531877821,17.61028081106761,17.965482335939907,18.275323801772227,18.020501110090265,17.86690769746915,17.41963325025735,17.097767516547282,15.99591258585605,13.844398561812891,12.35145121168903,11.259472350301552,10.334833215408713,8.582101392377165,6.389058022587713,9.429414381,9.057671808,8.799353727,9.082009293,9.767762974,10.10320442,10.20820439,9.847473842,9.797351259,10.194496,10.73256921,11.11915685,10.68316537,10.43262816,10.8097347,11.25459884,12.07887063,12.21230985,11.77887614,11.49854996,12.18912559,12.81748819,13.26288655,13.38283652,12.38513173,12.78887834,13.28119123,13.93127835,14.29427239,13.73163378,,0.0,0.0,0.0,0.0,0.0,0.0,0.0,0.0,0.0,0.0,0.0,0.0,0.0,0.0,0.0,0.0,0.0,0.0,0.0,0.0,1.095915802551417e-09,2.9560197592339836,9.734862820878387e-10,6.168176052908257,1.022324445544465e-09,6.977602967885713,1.0735233302444678e-09,7.962436274563626,1.1273679246752898e-09,8.778306246587826,1.1839103558048084e-09,9.588907730696329,1.2433772933996513e-09,10.064873034016394,1.3057235360687358e-09,10.38059510610221,1.3711107053998638e-09,11.247676358066494,1.4396796031152058e-09,11.71685554012816,1.512384389390285e-09,11.367760885940031,1.5885246358763456e-09,10.834378816377773,1.668191488242798e-09,10.661046599685678,1.7519112083523774e-09,10.089775283891084,1.8396587252043112e-09,9.648495485383616,1.932019327661189e-09,8.532235015999689,2.0291303834729253e-09,7.802752067017946,2.131350616578766e-09,7.164297893398811,2.238961674448377e-09,6.074070840988231,2.351369204932194e-09,5.5668949284656595
0.0,0.0,0.0,0.0,0.0,0.0,0.0,0.0,0.0,0.0,0.0,0.0,0.0,0.0,0.0,0.0,0.0,0.0,0.0,0.0,0.0,0.0,0.0,0.0,0.0,0.0,0.0,0.0,0.0,0.0,2.511611533077945,2.615315309515652,2.7289020558494266,2.853313619110362,2.9159982302016023,3.0544466043878855,3.217924865725515,3.3877203624701653,3.5328999687544953,3.525933071535302,3.669623762193065,3.860950899781386,4.007885218414325,4.116369215477697,4.297025956495018,4.516643480736445,4.487051168947485,4.580049015601262,4.702587617231645,5.141721146051877,5.63172717137167,6.168430770905304,6.756282223475316,7.4001559194760445,8.105390778706393,8.877834520021716,9.72389214988498,10.65057907187537,11.665579257535663,12.777308960885401,7.118428686114299,6.381222104685502,6.067978901361692,6.247480856111601,7.026914340032156,7.165997245857809,7.20747536453264,6.3932883478005404,6.284716081529942,6.907335618764089,10.281717734851396,13.472330420560683,13.604848333150542,14.3148894299354,15.308196215286443,16.389850701430895,17.64528087130502,17.990604164662567,18.272941403019786,18.04347964457678,17.927559887266234,17.481394022444004,17.175255215846494,16.100074390262172,13.96728478227581,12.487636966693698,11.677247211054889,10.681070199952478,8.902483253415921,6.413723401265375,9.630040219,8.996537414,8.796880957,9.100794475,9.94291257,10.22044385,10.42540023,9.78100871,9.81761605,10.43326869,10.92501913,11.24818557,10.61105978,10.42969641,10.8320935,11.51820097,12.21903605,12.47214623,11.69937509,11.49531867,12.47461595,13.04732361,13.41679151,13.66757772,12.3816513,12.81533079,13.59225965,14.18108558,14.59840584,13.63895267,,0.0,0.0,0.0,0.0,0.0,0.0,0.0,0.0,0.0,0.0,0.0,0.0,0.0,0.0,0.0,0.0,0.0,0.0,0.0,0.0,1.100204816140149e-09,3.026322368010371,9.73542288630734e-10,6.085095750939547,1.0223505428355228e-09,7.001673772192776,1.073564978535181e-09,8.001562236072514,1.1274095509496662e-09,8.773128672473625,1.183987446244295e-09,9.388293212893867,1.2434574653982529e-09,9.913295991014897,1.3057804720471143e-09,10.098506951064268,1.3711707468743028e-09,11.27615393109233,1.4397741688785022e-09,11.689882121511879,1.5124900974600198e-09,11.084671109565388,1.5886224177325067e-09,10.602501184323504,1.6683126562915738e-09,10.514745930344837,1.7519946047919118e-09,9.832652590812549,1.8397690777519857e-09,9.69102426211082,1.932131247970229e-09,8.550140697900517,2.02930360598758e-09,7.808879712184558,2.1315198951681995e-09,7.150563693135298,2.239123707561004e-09,5.9696566723252245,2.3515261280704436e-09,5.552079693595064
0.0,0.0,0.0,0.0,0.0,0.0,0.0,0.0,0.0,0.0,0.0,0.0,0.0,0.0,0.0,0.0,0.0,0.0,0.0,0.0,0.0,0.0,0.0,0.0,0.0,0.0,0.0,0.0,0.0,0.0,2.496233015187774,2.5993018166859962,2.7121930749685434,2.8358428701669602,2.898143665369314,3.0357443245442397,3.198221613664022,3.3669774579584555,3.511268134110427,3.504343894982309,3.647154772090951,3.8373104196739405,3.983345064126371,4.091164817110726,4.270715402623056,4.488988215717452,4.459577096716574,4.552005520499945,4.673793822152567,5.110238550280417,5.597244284222571,6.130661664610272,6.714913721349738,7.354844999097265,8.055761727614879,8.82347582036054,9.664353066145448,10.58536591345481,11.594151285116945,12.69907390269453,7.670420895004858,6.3960129095151705,6.115597512242611,6.22738124105499,7.785981684864968,7.781203435701874,7.80811206659454,6.4127019503122575,6.2658183331739945,7.679549285317561,12.459007212929954,13.80830421122292,13.589883054510073,14.329697154512838,15.270205368456297,16.588244685582836,17.716706065234607,18.03404801716214,18.263553424871457,18.038493499822966,18.015478780913817,17.608521866280242,17.289778907380963,16.254753225956392,13.963492011081827,12.39657861592296,12.363793452131777,11.422095190513462,9.427324247752324,6.414858247289635,10.16665391,8.995314726,8.827790587,9.063224111,10.68412535,10.81694776,11.00633368,9.779679408,9.777086467,11.18389318,11.73944486,11.90467239,10.60961766,10.46634327,10.7873759,12.34688122,12.93218539,13.16713028,11.69778507,11.53570981,13.37210574,14.01996045,14.1998464,14.42917467,12.42515675,12.76242589,14.57015864,15.23824079,15.41187123,13.63709905,,0.0,0.0,0.0,0.0,0.0,0.0,0.0,0.0,0.0,0.0,0.0,0.0,0.0,0.0,0.0,0.0,0.0,0.0,0.0,0.0,9.271896755514685e-10,4.366717125834916,9.735728697471896e-10,5.740942241493885,1.02235392854517e-09,6.963610459264341,1.0735769040540316e-09,7.954518702282951,1.127416801437538e-09,8.753544871771531,1.184046207469299e-09,8.730351682026305,1.2434961811410883e-09,9.244097772713118,1.30579918092531e-09,9.418923258462046,1.3711912467224743e-09,11.239562177864922,1.4398149666684747e-09,11.613022240986599,1.5125693257918297e-09,10.24061732606335,1.5886894747532308e-09,9.719223081864117,1.6683664316686277e-09,9.804846229753243,1.752017000463951e-09,9.18042355612747,1.8398040767075651e-09,9.594096989825312,1.93215565501759e-09,8.457628547468598,2.0294200390522363e-09,7.457987879521548,2.1316498061196738e-09,6.769220315275282,2.2392213465220576e-09,5.609604304242474,2.3516771017930383e-09,5.4768331014283715
0.0,0.0,0.0,0.0,0.0,0.0,0.0,0.0,0.0,0.0,0.0,0.0,0.0,0.0,0.0,0.0,0.0,0.0,0.0,0.0,0.0,0.0,0.0,0.0,0.0,0.0,0.0,0.0,0.0,0.0,2.4448847975672026,2.545833444730064,2.656402497969058,2.7775087819832396,2.8385280322454696,2.9732982070268874,3.132433292454401,3.297717781404661,3.4390403576258204,3.4322585520507576,3.572131769112544,3.7583758613581653,3.901406531959652,4.0070084021957415,4.182865581490505,4.39664846121761,4.3678423372351185,4.458369482255698,4.577652564171682,5.005119501066538,5.482107389616544,6.004552223946207,6.576786050988288,7.203553761748252,7.890052435344372,8.641974432534516,9.465554596057453,10.367621949165255,11.355656321028336,12.437850368526096,8.15323552262577,6.378565384471094,6.123169065242102,5.961357854238527,8.509388907989306,8.25978510321955,8.341002277804511,6.404862074866029,5.9881407076584034,8.349938608249522,12.969629608113738,14.058442502613243,13.35861337033063,14.083820924300117,14.896110411864555,16.649357700436994,17.70931411521329,18.002621573787764,18.162580074649725,17.9291283754732,17.99390862348226,17.594533320588607,17.209141361145463,16.122989208472646,13.275241624070782,11.380766462804859,12.381492935047113,11.536935356887797,9.499452549851734,5.891081065141678,10.59812032,8.924398829,8.779571563,8.738866636,11.34791694,11.23308331,11.47343557,9.702579856,9.427181065,11.78219716,12.46880214,12.36265348,10.52597517,10.40917417,10.40131395,13.00740149,13.42969562,13.72593502,11.60556384,11.47269963,14.08747238,14.89100337,14.74612444,15.04153979,12.35728824,12.30568024,15.34961743,16.18497398,16.06594137,13.52958896,,0.0,0.0,0.0,0.0,0.0,0.0,0.0,0.0,0.0,0.0,0.0,0.0,0.0,0.0,0.0,0.0,0.0,0.0,0.0,0.0,9.2714315951103e-10,4.07295923804025,9.73497407265643e-10,5.454164884568009,1.0222836333649103e-09,6.734044732918091,1.0735320696421956e-09,7.681655157155141,1.127378237645434e-09,8.67766204404735,1.1839968946531894e-09,8.038604672380034,1.2434336094522746e-09,8.647460833209847,1.3057529941898303e-09,8.735056036842892,1.3711818454520677e-09,11.134668799662206,1.4398333452481758e-09,11.46154824742284,1.5125487206297262e-09,9.38854363402516,1.5885941525412966e-09,8.708082175507625,1.668252733280899e-09,9.03980297315569,1.751919816343818e-09,8.285003181293929,1.8396685658809728e-09,8.808005820543357,1.932083901029044e-09,7.717060656524505,2.029338222551015e-09,6.497430102348017,2.131630530978282e-09,5.7195833273591035,2.2393909184647615e-09,4.789167502253054,2.352736930403628e-09,4.7993424751074265
0.4173285629410368,0.5682690928762553,0.7418507023021553,0.9414695531424058,1.1623216600240514,1.4250385622660293,1.7286338820388267,2.0766721900679594,2.472147297063647,2.9076273020797423,3.427776128925233,4.030557871189218,4.716773991001828,5.500590200169192,6.410597053147947,7.101349756808165,7.13903047805258,7.20002912032688,7.2749038719089905,7.399462899302924,7.424340875779745,7.452950548724943,7.485851672608639,7.523687965071254,7.567199701398773,7.617238198169276,7.6747824694478,7.7409583814067044,7.81706068014132,7.904578323643049,2.4119862230368367,2.5115764967517005,2.6206577235530832,2.7401343912701286,2.800332561392085,2.9332892574182137,3.0902830078128694,3.2533434148416194,3.3927643426451266,3.3860737936136784,3.524064864956007,3.7078028411033648,3.84890887902621,3.9530897616550447,4.12658059202184,4.337486791420687,4.309068285054254,4.3983772892321875,4.516055288011113,4.937770194014086,5.40833969360067,5.923754466498685,6.488288267254671,7.106622139223465,7.783883229191607,8.525687301034022,9.338185300923586,10.228114360203735,11.202853658837336,12.270485612626898,8.165222844215199,6.037737924573165,5.581502374355866,5.242609820809194,7.630218308818646,7.2393572305622875,7.083676720407364,4.58259406536121,3.7622153695755576,5.908406654607135,11.482653573658895,11.986447791298291,10.635828382950374,11.241703681598175,11.917492083938429,14.983724898105232,16.863092003589554,17.20306279895191,16.879106167278636,15.941321882409804,17.257563539797477,16.344580145739524,15.420230360125101,12.187691562322344,5.388788645822334,3.3024381431093794,6.899034855341694,5.825307325498694,3.585518877896057,6.097679862648533e-10,10.99453763,9.117583514,8.9440108,8.924213765,11.59287253,11.59768505,11.90259361,9.91260967,9.627127009,12.20210775,12.73795311,12.76391864,10.75382886,10.60413546,10.62192078,13.47097764,13.86559467,14.23934666,11.85678717,11.6875805,14.58954163,15.21243986,15.22475194,15.60416096,12.58873724,12.56667775,15.89666878,16.53434205,16.66687976,13.82246127,,0.0,0.0,0.0,0.0,0.0,0.0,0.0,0.0,0.0,0.0,0.0,0.0,0.0,0.0,0.0,0.0,0.0,0.0,0.0,0.0,9.263783005026395e-10,5.696541458107348,9.731522950845355e-10,6.960889864187018,1.0220319054386881e-09,8.447682393605813,1.0733829032164045e-09,10.09124818408135,1.1273534701271114e-09,11.83274894980017,1.1836222350905922e-09,12.951583807058768,1.2430413489978993e-09,14.445596097457043,1.3055363081955646e-09,14.562122549309557,1.3714591005511855e-09,16.813278158039033,1.4405313530054826e-09,16.590974476609563,1.5121986077996665e-09,15.500702480103179,1.588105304399209e-09,14.508845301934796,1.66768819896267e-09,14.16961836100887,1.7521026805612428e-09,11.213840707688659,1.8397896733301676e-09,8.151134337540297,1.953122446109208e-09,6.878685893511626,2.0288952175999327e-09,8.015333846954626,2.1304504782178517e-09,7.260038018412707,2.238232643848778e-09,5.938553458245048,5.913573938217856,10.48348933160024
1.6040649991479852,2.1842275917001293,2.8514145731366285,3.6186796017903906,4.467557838497592,5.477349702733063,6.644263903191203,7.982001402723663,9.502069362356023,11.175902154802108,13.175172278109294,15.492054420268612,18.129629121327522,21.142344421784596,24.640092410949343,27.29510415325548,27.43993566362434,27.67439310497033,27.962185456124914,28.440946782122992,28.53656902047367,28.646534594564866,28.77299500475712,28.918424476464246,29.085668368910184,29.2779988451994,29.49917889290296,29.753535947718245,30.046046560686158,30.382433765433678,2.468492242167465,2.5704156344789486,2.6820523260792433,2.804327994390572,2.865936437473481,3.0020079330525435,3.1626796032373132,3.32956005467221,3.4722472207064463,3.465399931023682,3.6066237431016965,3.794666180649391,3.939077934169681,4.045699480385499,4.223254710493082,4.439101845965351,4.410017574326684,4.501418836018535,4.621853697662906,5.05344819183213,5.535041804613047,6.062531288692834,6.640290520606234,7.2731102073217615,7.966237610182017,8.725420054535173,9.556952585835761,10.467730167370435,11.46530485242951,12.557948404970803,7.421127808877352,4.650271939021635,3.9545534049950386,2.937022390040569,4.670599044263489,3.5254445544607935,2.636022883830535,2.654144664891837e-10,2.7887502788753e-10,2.9310732931239353e-10,7.30795794717385,7.734745606646813,5.0645642328822715,4.132207294086342,1.5097791764881718,7.35097907167401,7.186869699902751,6.268742312677507e-10,3.5484945613262907e-10,3.7277308013445455e-10,3.920727652625477e-10,4.117616463149978e-10,4.3239892290742836e-10,4.54095469644173e-10,4.768568074228324e-10,5.008410603028889e-10,5.261648735969901e-10,5.526402876176255e-10,5.803284976343559e-10,6.09314576493708e-10,11.49368505,9.404915165,9.488020304,9.360029986,12.00409332,12.00480219,12.44296639,10.22499579,10.09727017,12.68102538,13.18979205,13.21197443,11.09272517,11.2491202,11.14064495,13.99969685,14.35232295,14.88580705,12.23044213,12.39846458,15.16216309,15.75205345,15.75919114,16.31258335,13.35443318,13.18037462,16.52059337,17.12084598,17.42354914,14.25806251,,0.0,0.0,0.0,0.0,0.0,0.0,0.0,0.0,0.0,0.0,0.0,0.0,0.0,0.0,0.0,0.0,0.0,0.0,0.0,0.0,9.263234064379587e-10,10.899961918952235,9.730874015767225e-10,13.809491778160947,1.023115059466641e-09,16.04054611900744,1.074692579568331e-09,18.07113099691568,1.1326281636837807e-09,19.232481348625335,1.1841729563278717e-09,25.085488221619443,1.2441062919284688e-09,24.684499988614633,0.009411640918477102,17.295134992257715,16.058558237607304,29.089771509624168,17.07685612102234,29.738379270954177,1.6812976099661094,19.927353042831957,2.4694255061894417,20.477093655318164,8.719706992562093,25.02524210034822,18.897909679025567,30.195339059556,28.135093287323592,33.64512539578334,30.50829224719943,33.96809778550982,23.545620609209152,34.065579833902625,25.196869323149578,35.07357993535183,33.220227801051166,37.35634300800714,39.42837166646142,37.05221823696504
2.746287999774823,3.739572914469986,4.881850566372049,6.195469866062483,7.648817527146836,9.377662231378348,11.375512983802485,13.665826932280977,16.26830525990355,19.13404132045341,22.556952206772372,26.5236403567441,31.039379902133607,36.197390257560585,42.185815498421704,46.73140865769486,46.97937182572517,47.38078177979087,47.87350537940973,48.69318318862767,48.85689613407163,49.045166021311495,49.26167639161573,49.510663317441676,49.796998282111986,50.12628349144241,50.50496148212268,50.94044117132999,51.441242813799114,52.01716470235513,2.527879173928126,2.6322546369573616,2.746577081614847,2.8717944552497534,2.9348850728936133,3.0742301735035062,3.238767279175631,3.409662536819864,3.555782467538407,3.5487704459119116,3.6933918173371225,3.885958175687966,4.033844183980156,4.143030828996436,4.324857678902545,4.54589765998561,4.516113679583184,4.6097138708070835,4.7330461516889555,5.1750239366523205,5.668203717916991,6.208383532337053,6.800042483072176,7.448086531813156,8.157889178399907,8.935336017206701,9.786873539752374,10.719562588197816,11.741136902964353,12.860067249924137,6.281155936489294,3.4524695567731083,2.3096368822238427,0.7248248489091077,1.5879251201937623,2.404158838624657e-10,2.525284917946039e-10,2.6533312243222724e-10,2.788171011060309e-10,2.930207148811957e-10,5.1729304679404375,5.126449962031999,2.6344499235367716e-10,2.7682342690341935e-10,2.909033203975173e-10,3.0577588189133203e-10,3.21367609971029e-10,3.376646106401755e-10,3.547436408793335e-10,3.7265833005952504e-10,3.916792298575691e-10,4.114502203404757e-10,4.3221702453526167e-10,4.5395823629129837e-10,4.767387623750406e-10,5.007183882796932e-10,5.260217551425978e-10,5.525008065292547e-10,5.801927142075953e-10,6.09138849275735e-10,11.55532311,9.824297108,9.93806453,9.79208917,12.17162772,12.1413668,12.50969523,10.68094659,10.56336038,12.9952722,13.37387457,13.36227163,11.58736957,11.78269849,11.65489735,14.34662149,14.51559256,14.9656363,12.77581936,12.98655959,15.53789465,15.97189602,15.93846504,16.40006408,13.98787254,13.78878099,16.92998801,17.35979202,17.51698773,14.89385495,,0.0,0.0,0.0,0.0,0.0,0.0,0.0,0.0,0.0,0.0,0.0,0.0,0.0,0.0,0.0,0.0,0.0,0.0,0.0,0.0,9.264038010859153e-10,18.04939992261767,9.734548901555787e-10,22.173776865060564,3.120056122092873,25.401743678696608,10.315439700282031,34.124629963250854,16.05970711167101,40.08584771971184,11.34742299199052,42.01097736122014,14.701851474384496,42.36909864081234,19.682494162469396,39.781265169138436,22.83194796244846,36.59736363863647,22.09840334296999,35.22344864860754,21.54022965076622,41.57051061569791,22.42507452711518,41.86544510882067,23.66694126806107,40.25138926069756,26.314607617392642,36.40133256872723,30.31352891033557,33.30270605548899,32.26059136234643,32.237628091145595,29.21690012497561,36.527440542399994,30.522924482386657,36.727057490351356,35.669906962068985,35.52467909629802,40.12438030778344,32.201686893100735
3.7379994476492864,5.0899692566399395,6.644734536982763,8.432714609381177,10.410880320632558,12.76402775091615,15.483321943535225,18.600690651790885,22.142949348610028,26.043530719654267,30.702488193692716,36.10158621793745,42.24800346470038,49.26862179065025,57.41952593634193,63.60657722884825,63.94408232125322,64.49044533441919,65.16109624334429,66.27676772366911,66.49959901437596,66.75585499866067,67.05054938055868,67.38944791970884,67.77918123969131,68.22737455761614,68.74279687316202,69.33553253593769,70.01717854796736,70.80107146141563,2.6002950077989317,2.7076605014707984,2.8252579266912017,2.9540623865367177,3.018960353097102,3.1622972551192423,3.331547834375399,3.5073387067762676,3.6576445166053557,3.650431622485254,3.799195943983123,3.997278726362165,4.149401206365011,4.261715707343696,4.448751327942587,4.6761234133105445,4.645486215001551,4.741767759024213,4.8686331241038445,5.3232721905796305,5.830580030446487,6.38623430745355,6.994842437060237,7.661450921419264,8.391587194338484,9.19130545406724,10.067236863948755,11.026644537193178,12.077483761702162,13.228467964302732,5.389856934743603,2.2125159120893914,0.6572390065364094,2.1744936433951753e-10,2.286130045324105e-10,2.4024188805940707e-10,2.524744304049039e-10,2.653010440813117e-10,2.787798263668023e-10,2.929704859776171e-10,3.9954053299252887,2.60655505274734,2.6334916763951196e-10,2.767691964891481e-10,2.908572356423925e-10,3.057190567334534e-10,3.2130392508698453e-10,3.3760416840329804e-10,3.546832737518216e-10,3.725849546058671e-10,3.9161653273339004e-10,4.113782869953771e-10,4.321400286563853e-10,4.538806548015918e-10,4.766544650803498e-10,5.006343793079446e-10,5.259374369614467e-10,5.524178973115195e-10,5.801105389077116e-10,6.07798896088796e-10,11.72815139,10.01014567,10.12723147,9.957398771,12.22874172,12.27277803,12.69679767,10.88300059,10.74169055,13.11054177,13.43662998,13.50689724,11.80657059,12.00697727,11.8516548,14.47387769,14.67270105,15.18947126,13.01750256,13.23375337,15.67571758,16.04684235,16.1109739,16.64535319,14.2541259,14.02156256,17.08015897,17.4412509,17.77898222,15.17560553,,0.0,0.0,0.0,0.0,0.0,0.0,0.0,0.0,0.0,0.0,0.0,0.0,0.0,0.0,0.0,0.0,0.0,0.0,0.0,0.0,9.267667635425072e-10,25.060459488169275,9.736965344814035e-10,29.19852275764358,14.26561228422739,40.19892251189655,16.442630764957634,43.564798007115996,18.11207747567001,44.95017909513863,16.4902738877988,51.11241716903101,18.137493072820934,48.28378320312125,20.770083070021695,41.464419015195055,22.875299600739318,36.15856957668938,22.15054396635916,33.909944423811154,22.36159708987196,42.96649396421817,23.23337686635134,42.60223360921988,24.12066920141768,39.61784483211333,26.535319766657782,34.57493448827993,30.410391283951352,30.95474689040992,32.23625009707884,29.897191955446043,29.33437615159354,34.17281761911533,30.68711074738369,33.83874532009873,35.38389601360125,31.911119396289653,39.926692226942556,28.90623928990337
4.3201238181107335,5.882637953007184,7.679529208142232,9.745954151552354,12.032182634202696,14.751789312445313,17.894563348265898,21.497404652813874,25.591304713623636,30.09932958669426,35.48383363305412,41.72374144939223,48.82734965363785,56.941299608037745,66.36155652142077,73.5121267734946,73.90219205008239,74.53364101083531,75.30873341142592,76.59815011756513,76.85568326594705,77.15184638655371,77.4924339752174,77.884109702143,78.33453678806097,78.85252793680306,79.44821775777824,80.1332610517817,80.92106083969807,81.82703059535595,2.6166337648191136,2.7246738814503733,2.84301022119821,2.9726240141256337,3.0379297621506423,3.1821673107560127,3.3524813632264383,3.5293768042789058,3.6806270492963677,3.6733688335015766,3.823067904362474,4.022395324923517,4.175473655024378,4.288493875675574,4.476704720450921,4.705505481121048,4.674675776293584,4.771562298116302,4.899224812122534,5.356720568787992,5.867216039098762,6.42636172773105,7.038794000490851,7.709591068845489,8.444315097815107,9.249058326745866,10.130493585394337,11.095929624193216,12.153371717494023,13.311588042282251,4.599228097261541,1.4590774757423495,2.0694508898513432e-10,2.174155646944241e-10,2.285662141780728e-10,2.402182512326161e-10,2.5245406438032897e-10,2.652879164493389e-10,2.7876217023454275e-10,2.929441031910094e-10,3.02920716357678,1.0085823416567614,2.6331925484975667e-10,2.7673989826600045e-10,2.9082783637497e-10,3.0568504854133376e-10,3.2126649145436875e-10,3.375622253196781e-10,3.5463823207427305e-10,3.7252731347969424e-10,3.9157289472824335e-10,4.113304976354681e-10,4.320874448509072e-10,4.53821448121905e-10,4.765885770850876e-10,5.005672867686869e-10,5.258677631450209e-10,5.523512192372676e-10,5.800409141896229e-10,6.067556060864334e-10,11.53598568,10.06638931,10.21625121,10.00999728,12.18558892,12.26891299,12.48876069,10.94414851,10.79843196,13.08995792,13.38921478,13.50264354,11.87290774,12.11252023,11.91425944,14.45115336,14.66808021,14.94059183,13.09064353,13.35007985,15.65110634,15.99021624,16.10590011,16.37261915,14.3794216,14.09562943,17.05334273,17.37970419,17.48767367,15.26087216,,0.0,0.0,0.0,0.0,0.0,0.0,0.0,0.0,0.0,0.0,0.0,0.0,0.0,0.0,0.0,0.0,0.0,0.0,0.0,0.0,9.27088205523646e-10,28.946893921561713,9.779760608199746e-10,33.252075576573304,15.632508679970085,43.49824994673308,16.59000524828342,44.87355731704071,17.53086542796622,45.1302936554168,16.293418777326508,51.913852169582675,17.628294717645122,48.29363927101942,20.059247092174957,40.50893679103701,22.098199578432826,34.54802081752318,21.50127020740174,31.845693586047098,21.52835385893686,41.45153131256819,22.3639383195297,40.9780741763936,23.279129110594685,37.67797319735753,25.83318406170941,32.6220864705231,29.87211344606924,28.815974014290706,31.567734618865224,27.919899847024762,28.697825686339915,31.760950039347474,30.02366282398587,31.334894496009806,34.601088714989224,29.328626000512514,39.29860990460851,26.550598797347654
4.5010658223231825,6.12902355353352,8.00117494442971,10.154149043965347,12.536132829277188,15.369646215695123,18.644050699338592,22.397791689625063,26.663158706762093,31.35999554215506,36.97002158623036,43.471278723543,50.872411063608034,59.32620182550372,69.14101228361574,76.5910736075075,76.99747619198068,77.65537245964585,78.46292846042884,79.806350480512,80.07467002437268,80.38323749977856,80.73809009645991,81.14617058260427,81.61546314162186,82.15514958442583,82.77578899356892,83.48952431396053,84.3103199322154,85.25423489274388,2.7099373012801515,2.8218298962738375,2.9443858555720976,3.078621397793157,3.1462558084395424,3.295636558037079,3.472023643584642,3.6552267958865556,3.8118702995787577,3.8043532714078685,3.9593902894068203,4.165825297396434,4.324362071757243,4.441412350577122,4.63633438957994,4.873293693643691,4.841364667800375,4.941705954765625,5.073920639652795,5.547729711764504,6.0764283534046895,6.655511975594117,7.289782266979086,7.984498517133899,8.745421225929277,9.5788598688732,10.491725214490316,11.491586627545992,12.586734833270427,13.786250662996107,4.269387446587857,1.2035693903924685,2.0686734305179524e-10,2.174022796146635e-10,2.2854551700817644e-10,2.4020191932553707e-10,2.524396203011763e-10,2.6527561851068883e-10,2.787483733224878e-10,2.929255432779035e-10,2.718196746532882,0.7460087403252942,2.6328951744284166e-10,2.7670804634326474e-10,2.907929850620067e-10,3.056484979818012e-10,3.212245114734007e-10,3.3751185425999166e-10,3.545812842568019e-10,3.72456685738084e-10,3.9152107661204824e-10,4.112717755191999e-10,4.320230006090561e-10,4.537452189488997e-10,4.765051086770506e-10,5.004780525355312e-10,5.257781059469563e-10,5.522542586007979e-10,5.795932445944959e-10,6.053391283479178e-10,11.48039057,10.15442284,10.22614229,10.16153108,12.09928332,12.19290062,12.4285739,11.0398583,10.96190128,13.06388504,13.29438439,13.41898756,11.9767398,12.12424722,12.09462043,14.42236922,14.57720373,14.86858898,13.20512505,13.36300502,15.61993211,15.876964,16.00611557,16.29371496,14.39334334,14.30901253,17.01937549,17.25661077,17.40339572,15.39433296,,0.0,0.0,0.0,0.0,0.0,0.0,0.0,0.0,0.0,0.0,0.0,0.0,0.0,0.0,0.0,0.0,0.0,0.0,0.0,0.0,9.267029842582952e-10,30.353224232738356,9.831676321826319e-10,34.964125201867496,15.441726793810925,44.48903672291519,16.142191890017468,45.79543434511212,16.93717202505177,45.700122040592966,15.744075045141074,53.10931536394656,16.93110418753168,49.3484943876814,19.229141663776666,40.7416814896296,21.084666116059505,34.509669784068954,20.388004964602473,31.86679267797918,20.460348906889553,42.15397838750262,21.36111799682313,41.571575432633615,22.126146811678712,38.36837622370444,24.697587020163397,32.667645355721596,28.51453784810528,28.859976400426785,30.200961093862695,27.82162249319874,27.228803083298853,32.15787477121849,28.597481099145774,31.53286608924132,33.189316318562234,29.285288341058905,37.835473621520954,26.493129661715297
4.338044504650777,5.907040242206041,7.711385340398742,9.786382203325184,12.082094391934309,14.812982510442291,17.968793364357307,21.586579932603897,25.69746226123859,30.224187269783656,35.631027252160884,41.896819380320466,49.02989468812408,57.1775028337834,66.63683674550701,73.81706890855033,74.20875224930623,74.84282057917173,75.62112820889358,76.91589365816681,77.17449510250971,77.47188676347136,77.81388717354314,78.2071876450879,78.65948318731772,79.17962306081816,79.77778391526512,80.46566889776064,81.2567366274421,82.16646451612799,2.785013182530987,2.9000056408206336,3.0259568803870063,3.163911273085776,3.233419421910443,3.3869386035715725,3.5682123025040635,3.756490899946534,3.9174740424474845,3.909748763143239,4.069080914002746,4.281234980561915,4.444163844747155,4.564456874913684,4.764779018135308,5.008303023369367,4.975489438406718,5.078610572175507,5.214488121874169,5.701423561749672,6.244769227296465,6.839895734770826,7.491737798408405,8.205700410711527,8.98770365996797,9.844231818878908,10.782387111334712,11.809948603162837,12.935436705166863,14.168183823287459,4.399633513009482,1.3155870671731527,2.0687223632240394e-10,2.1739919366154882e-10,2.2854605757447716e-10,2.4019938172443716e-10,2.524358583184536e-10,2.652703864991258e-10,2.7874392857969237e-10,2.9292420945019093e-10,3.447257514916556,1.9900658870522387,2.632705243989747e-10,2.766839798431859e-10,2.9076727739292275e-10,3.0562398304133107e-10,3.211956340816052e-10,3.3747403725478517e-10,3.545319631509456e-10,3.7239321287778846e-10,3.9148146571094994e-10,4.1122962285663397e-10,4.31975109609529e-10,4.536855037352735e-10,4.764311522231189e-10,5.000228815100145e-10,5.257035655404609e-10,5.521705829432169e-10,5.783466322091937e-10,6.041467033595085e-10,11.5226912,10.12263295,10.13464978,10.09515677,12.18431972,12.2521645,12.4743682,11.00529643,10.89029902,13.10505274,13.38782022,13.48421087,11.93924489,12.01577252,12.01561933,14.46781787,14.64805658,14.92337376,13.1637845,13.24344724,15.66915458,15.98855076,16.08391368,16.35375075,14.26456721,14.2155472,17.07300797,17.37789399,17.46752024,15.34613878,,0.0,0.0,0.0,0.0,0.0,0.0,0.0,0.0,0.0,0.0,0.0,0.0,0.0,0.0,0.0,0.0,0.0,0.0,0.0,0.0,9.270838800217679e-10,29.75954546164862,9.757243000726208e-10,34.68390937853227,14.314975681469694,44.30123985842369,15.339021405124134,46.403455879169485,16.097859393530964,47.256102231453696,14.8337908405705,54.893260998367964,15.88625379761793,51.35224841236844,17.944281833863776,42.43602290264178,19.582877298705693,35.77603183193339,18.78786853412296,33.200783724894265,18.932276404451983,44.60648402138748,19.84062886794908,44.0464697894703,20.404547059805907,41.02328561345626,22.711949421643734,34.505067230686855,26.365922531483047,30.154871816154166,27.7673736001507,29.328033115591513,24.805086417985525,34.66264747690241,26.113219151510556,33.90253224785307,30.678521537723093,31.212416046887913,35.30857395071861,27.98465596188726
3.87607840270563,5.277988983787768,6.890186152035933,8.744212895525644,10.795450595728132,13.235521564342209,16.055264487857634,19.287786507340233,22.960893639598183,27.00555962257695,31.83661556497438,37.43515230607161,43.808613693064956,51.08856850524844,59.54056106546872,65.95615749002062,66.3061297727337,66.8726750344516,67.56809929554242,68.7249828611944,68.95604537617123,69.22176726836538,69.52734744435816,69.87876464671609,70.28289442938603,70.7476436793994,71.2821053168446,71.89673619980073,72.60356171503193,73.4164110571477,2.900054935832267,3.019797437712746,3.150951400024229,3.2946043349457885,3.366983687167148,3.526844352572216,3.715606003189607,3.9116619067126197,4.0792948500408786,4.071250459257564,4.2371642127131075,4.45808181976108,4.627740857547232,4.753002884337216,4.961599821633728,5.215183179085147,5.181014149067559,5.288394952451412,5.429885255313923,5.936934749621621,6.50272463137724,7.122434288865166,7.801202276712642,8.5446568538029,9.358962652090726,10.250871792955754,11.2277798749459,12.297787297151045,13.469766426697209,14.75343516728453,4.703048641653458,1.642666034699326,2.072167040654111e-10,2.1740308097427774e-10,2.2855706183802222e-10,2.40202012822098e-10,2.5243389890427223e-10,2.6526512019269615e-10,2.7874268739430735e-10,2.9293027923001153e-10,4.097658661710107,3.438070384185593,2.6328665698228604e-10,2.7669462087789217e-10,2.9077495557965366e-10,3.0563940008452773e-10,3.212109566038303e-10,3.374841160180029e-10,3.5453626936296544e-10,3.724007144037596e-10,3.9149260451121374e-10,4.1124409921667685e-10,4.3198919347028937e-10,4.5369543224359414e-10,4.764387903162893e-10,5.000509047180284e-10,5.257141241335472e-10,5.521740999852606e-10,5.781461350954006e-10,6.04140549024138e-10,11.47918198,9.940452456,9.967737775,9.931099516,12.17924292,12.28179645,12.42726549,10.80723034,10.71331984,13.01311154,13.38224196,13.51682252,11.72437021,11.81787947,11.82035248,14.3663159,14.68348301,14.8670237,12.92687136,13.02533508,15.55922439,15.98188887,16.12281274,16.29199965,14.02963777,13.98452913,16.95322875,17.3706532,17.40156359,15.06994906,,0.0,0.0,0.0,0.0,0.0,0.0,0.0,0.0,0.0,0.0,0.0,0.0,0.0,0.0,0.0,0.0,0.0,0.0,0.0,0.0,9.263659183429281e-10,26.789196479965852,9.73836656024395e-10,31.81448199061519,11.139017156082247,41.8886448620416,14.085272380325241,47.05345785314015,15.761387745272145,50.073202411309495,13.803929297497191,57.106608000792654,15.127641781710048,54.71531565864377,17.28048374023645,47.5851945087625,18.619459473442426,41.094428639507484,17.615319405691558,39.08105312602021,18.11089174553702,50.95950175706563,19.043658867210116,50.781673180085335,19.415135546577563,48.132011021821526,21.022539910839956,41.30414088100694,23.97904459751985,36.15672407968884,25.145423294301654,35.22069825336083,22.475047446873628,42.551562044780866,23.597286897034653,41.79064298761556,27.95846630135925,38.542390250159535,32.12793753708498,34.17396776931616
3.0790644860836496,4.192708905624234,5.473399988098849,6.946194732948089,8.575649170918354,10.513983508463983,12.753920216044921,15.321758819032066,18.239587755779436,21.452574205580706,25.290250133945822,29.737594553376066,34.800520679023634,40.58354361964352,47.29760546902504,52.394002666278325,52.67201232316847,53.12206240314024,53.67449089467722,54.593491681412175,54.77704224721954,54.98812539787481,55.23087102110415,55.51002848779107,55.83105957444791,56.20024532405795,56.62480893605376,57.113057089764844,57.67454246639886,58.32025064921015,2.9912028762632814,3.114708852515783,3.2499849483069982,3.398152856028966,3.4728070716686674,3.6376921144493393,3.832386492572527,4.034604379992695,4.207505981284626,4.199208757479819,4.370337135227406,4.598198122774339,4.773189498123702,4.9023884764572765,5.117541558942582,5.379094972572488,5.343852019204639,5.454607772128011,5.600545076851601,6.1235309993047435,6.707103503658831,7.346290467678892,8.046391949371044,8.813213102269405,9.653112311039873,10.573053914406552,11.580665952574776,12.68430341798181,13.89311753384716,15.217131634949741,5.321896177844673,2.419064319059957,1.1046413078043966,2.1751125202384416e-10,0.11809467764709367,2.402290971964162e-10,2.524474980004766e-10,2.6527063668020337e-10,2.787576665474779e-10,2.929565952482009e-10,5.055607770231798,5.061137839307419,1.322304811337558,2.76757352307645e-10,2.9078012983119215e-10,3.060089043189282e-10,3.2123810764843205e-10,3.3747465717946797e-10,3.545050831179937e-10,3.723580360543831e-10,3.914894587786854e-10,4.112397568521825e-10,4.3197191018174056e-10,4.53656273642465e-10,4.759224567502611e-10,4.991768581370099e-10,5.252496305391085e-10,5.512169970514125e-10,5.767426596010318e-10,6.03100649692467e-10,11.39216354,9.726482077,9.828026244,10.00123086,12.16655092,12.20063069,12.33306006,10.57460238,10.78897506,13.07486309,13.36829632,13.42749494,11.47200061,11.65223566,11.90382533,14.43448886,14.58644541,14.75432358,12.64861767,12.84276712,15.6330581,15.96523413,16.01626315,16.16849744,13.83299313,14.08328495,17.03367748,17.35255123,17.26965028,14.74556517,,0.0,0.0,0.0,0.0,0.0,0.0,0.0,0.0,0.0,0.0,0.0,0.0,0.0,0.0,0.0,0.0,0.0,0.0,0.0,0.0,9.261654180899767e-10,21.347898719973035,9.72945517644269e-10,25.96943557605446,1.039950304390313e-09,29.424014379122955,2.6988191094879386,35.42979998837727,9.752200772747017,44.80140007657228,0.8471439774077126,43.76412636537689,5.323185231333648,46.06964429098737,12.664589999365237,47.102152650942415,15.658537312443707,44.69736201306266,14.770866990055485,44.10975261782535,11.94285985947318,49.8934247057259,13.191627716614105,50.630117901737705,14.5393559074739,50.40914868763164,17.186317906218953,46.70996494896252,19.942449625525953,43.08296558431949,20.810955338167954,42.26648057460877,17.776170337280792,49.40974731845749,18.918811507615228,49.49084146010016,23.439208391316015,47.10234603452438,27.051773043379356,42.73699062198508
2.0147961687050056,2.7435131280058447,3.581537631203736,4.545265809883557,5.6115047839420775,6.879860355774746,8.345570449529882,10.025844247800297,11.935135394272079,14.037563848894848,16.5487599580209,19.45889468812418,22.77183737136296,26.55597781952685,30.949346698847815,34.28419129000001,34.466107840983874,34.76059961955843,35.12208305495341,35.7234343006058,35.843541228675605,35.98166419594069,36.14050560827968,36.323173232451985,36.53324100022846,36.774818933141745,37.05263355595555,37.37212037213639,37.739530210656866,38.16205152474743,3.0569297877340125,3.1831496107909794,3.3213981829871666,3.47282184411554,3.549116467051318,3.717624595613196,3.9165970721082126,4.1232583750150855,4.299959213173042,4.291479671111323,4.466368321966295,4.699236191217902,4.878072722884477,5.010110642661452,5.229991370910067,5.4972920035597665,5.461274642513201,5.574464076423254,5.723608120610745,6.258085824413222,6.854481403602791,7.507713481490178,8.223198576401234,9.006869400858282,9.865224054887,10.805379907445047,11.835132612752592,12.963020750877357,14.198396628570546,15.551503827403051,5.82612452375271,3.858508357403588,3.0907660510198345,2.055779246222427,2.5096724792405234,1.0066418288580858,2.5255752008860394e-10,2.6530034929345495e-10,2.787922165401132e-10,2.9299851789104326e-10,6.645022008626733,6.8722680666201486,5.4863272509493095,5.842548093523356,5.689099946646354,9.75498006366187,13.14934169345653,10.585221804172773,4.4301480333857945,4.637098747303455,13.421494996007146,10.626536039868594,8.618490880517934,3.6707893079372345,0.12821514058575942,4.99859677347058e-10,2.454225800335723,1.943723980925505,5.637542225011024e-10,6.036500460749928e-10,10.89785048,9.785171096,9.993701865,10.0738669,11.67029373,11.60412678,11.79792092,10.6384089,10.86733226,12.49165394,12.82302155,12.77100813,11.54122199,11.84866283,11.99027936,13.79063309,13.87329607,14.11412431,12.72493868,13.05926364,14.9357397,15.31403378,15.23320826,15.46693629,14.06618235,14.18556776,16.27388393,16.64476409,16.52030942,14.83453903,,0.0,0.0,0.0,0.0,0.0,0.0,0.0,0.0,0.0,0.0,0.0,0.0,0.0,0.0,0.0,0.0,0.0,0.0,0.0,0.0,9.260998871257554e-10,14.837128739181976,9.727750433511488e-10,18.259390816558998,1.0218782108760096e-09,21.595015355824263,1.073097850667653e-09,25.55997372637023,1.127011591898292e-09,29.878158657095614,1.1833128841972591e-09,35.74583026794639,1.2427600694548225e-09,39.20342810771426,1.3053644468455597e-09,36.8061611909529,1.3713768090346096e-09,32.55090052978914,1.4400455127221878e-09,33.559355233203505,1.512005047871457e-09,41.183777929209946,1.5883447278305463e-09,38.80187993827052,1.66812821960895e-09,37.74898680621883,1.7513312231781715e-09,33.53389565231812,1.849096575493094e-09,32.460497846832645,2.322369107099366,34.61032785097545,2.027736355595431e-09,35.06810804028356,2.130263171149833e-09,35.63410101524155,0.15956798894116078,35.500201265366066,14.474511160868873,45.26472687772061
0.7832440826059459,1.066529933121452,1.3923086612150324,1.7669541985235233,2.181450404167959,2.6745186418928397,3.2443076734490144,3.8975075008533957,4.63973692121562,5.457047710149698,6.433265316320873,7.564568741621943,8.852462173704085,10.323531882794908,12.031436747258192,13.327844459860325,13.398563803235778,13.513046323367268,13.653571586483668,13.887344516986952,13.934035612667916,13.987730372695124,14.04947934672025,14.120490666842326,14.202153684974286,14.296066155814513,14.404065497266593,14.528264739915095,14.671093868926853,14.835347367209527,3.0111196991435025,3.1354480357491554,3.271624862835189,3.4207793415443835,3.4959306397464074,3.6619135639909945,3.857904308026246,4.061468656389909,4.235521517128655,4.227169046540613,4.399436876786199,4.628815068988923,4.80497161847477,4.935030863822728,5.151616535809065,5.41491149397088,5.379433876593587,5.490927092940602,5.6378361162570245,6.164304322733429,6.751762524811071,7.395205493547749,8.099968577206019,8.871895582737872,9.717387231897813,10.643454235223084,11.657775423965957,12.768761421997414,13.985624385646329,15.318454389726213,7.203799618442993,6.128511921330761,5.903451096161437,5.666344580154599,6.0347962863199776,5.053829244362116,4.8043068587834625,3.272301713028051,2.833738161941024,2.789597843609977,10.212595651788826,10.066838329203225,9.637229604111289,10.872005792243026,12.216612968230322,14.462310412225957,16.679395086090846,17.215855663964383,17.719806168645686,17.43242083023287,17.29667877817756,16.28783703146798,15.474180778679498,12.744391845740948,9.342117898517543,7.068302456260945,6.482199129565118,4.816872361233578,3.7122686021442934,3.299828624861702,10.9981634,10.33048989,10.56738462,10.85407812,11.71217733,11.39026145,11.90651884,11.23127787,11.7089966,12.4738146,12.86904219,12.53563704,12.18440392,12.52882856,12.91891487,13.77093868,13.6176097,14.2440425,13.43408808,13.80892321,14.91440997,15.36899442,14.95245856,15.60930689,14.87364352,15.28422623,16.25064319,16.7045006,16.67237615,15.66125457,,0.0,0.0,0.0,0.0,0.0,0.0,0.0,0.0,0.0,0.0,0.0,0.0,0.0,0.0,0.0,0.0,0.0,0.0,0.0,0.0,9.261536099752337e-10,8.176255655463496,9.727494604973474e-10,9.724585100410605,1.0216499024934762e-09,11.110259476916834,1.0728914379262843e-09,13.601739979518458,1.1267187760073296e-09,16.48075138198803,1.1831974069725558e-09,19.434127686781768,1.2425694345548104e-09,21.839783066680983,1.3049480782986494e-09,21.9757865810707,1.3704768510727615e-09,23.577125792225214,1.4391860517840744e-09,23.675146460834092,1.5113999283354325e-09,23.068066946581336,1.5873139357185646e-09,22.30177847868218,1.6669557623782364e-09,22.671170143626306,1.7506289716944596e-09,20.127471206392247,1.8383394746775459e-09,18.38801529651482,1.9304140582251943e-09,16.723596618480194,2.0272018673012977e-09,16.29339686203835,2.128624221807622e-09,15.409397924449067,2.2373002466072254e-09,15.696610708086869,2.355467638279176e-09,17.792375813236355
1.5622560000038813e-05,2.1272970000093786e-05,2.7770941500171933e-05,3.524360872527922e-05,4.351113603416599e-05,5.334585843939834e-05,6.471085120542575e-05,7.773955288637284e-05,9.254403581948762e-05,0.00010884608919258102,0.00012831769257164708,0.00015088263245757944,0.00017657091132643077,0.000205912818025614,0.00023997863072944208,0.00026583673514978456,0.0002672473007826209,0.0002695307652599512,0.0002723336774086814,0.00027699650437958086,0.0002779278033959954,0.0002789987972647544,0.0002802304402137044,0.00028164682960486075,0.00028327567740452255,0.00028514885237390365,0.0002873030035884091,0.00028978027748466367,0.000292629142464678,0.0002959053371900818,2.791719042001062,2.906988383456018,3.033242893153359,3.171529457626582,3.241204970785812,3.395093801705565,3.576803978267062,3.7655359199965877,3.9269066837617506,3.9191628032394905,4.078878600043452,4.2915434991420405,4.454864669573333,4.575447345821462,4.776251832232561,5.020362203724033,4.9874696089775705,5.0908390416900735,5.227043762462514,5.715151663801138,6.259805617473706,6.85636509293223,7.509776686402866,8.225458404732136,9.00934459081902,9.867935130440344,10.808349348488234,11.838385041517373,12.966583136096881,14.202298509085393,8.468692635632115,7.791509283776107,7.947066616117583,8.32747133898812,8.769190838313149,8.393213022682591,8.613574831140927,7.865784300722326,8.477755222488435,8.986803850972224,14.072499642624937,14.141821651954817,14.101437265864025,15.054998629294634,15.978357704513636,16.87064435093785,17.76425793545407,18.10245883286697,18.351235008511086,18.24582481809237,18.13462153518143,17.69780631079675,17.33474381062881,16.38003366441255,15.002027351266959,13.986398798181202,13.383178994495537,12.079689630316004,9.47781349130118,6.796875173197326,11.2604273,10.69851894,10.98033728,11.49903604,12.01043932,11.78836017,12.19044352,11.63139796,12.40475445,12.9060755,13.19676487,12.97376755,12.61847962,13.01843061,13.68656702,14.24814943,14.09355602,14.58370813,13.91268443,14.34854885,15.43124595,15.76038082,15.47505891,15.98152882,15.45487634,16.19242705,16.81378429,17.12989696,17.0699482,16.21919487,,0.0,0.0,0.0,0.0,0.0,0.0,0.0,0.0,0.0,0.0,0.0,0.0,0.0,0.0,0.0,0.0,0.0,0.0,0.0,0.0,9.262625221436452e-10,4.9547416909279285,9.728089627959474e-10,5.459748484325206,1.0216713145204317e-09,5.937998886974786,1.072919487682642e-09,6.612221278591373,1.1267634482186165e-09,7.068282496066743,1.183249791263233e-09,7.643122962121224,1.2426165073471298e-09,8.658438772492907,1.3049670178343078e-09,8.609859276120636,1.3704333954019853e-09,9.66586667548973,1.439133674492178e-09,9.612704629278632,1.5113990970143758e-09,8.963459131383171,1.587203783359623e-09,8.794069583497441,1.6668025247741421e-09,9.369741818492294,1.7505145557820926e-09,8.62424489704581,1.838358277588373e-09,8.55677887888901,1.9305369857185804e-09,7.662192028655759,2.0272885907775813e-09,7.378031357228572,2.1289613346068645e-09,6.788467493414282,2.2358576768490566e-09,5.374741057909627,2.347426498149327e-09,4.780274719059033
1.0346520000025704e-05,1.408867750006211e-05,1.8392158625113867e-05,2.334116191893492e-05,2.8816585706838e-05,3.532993256293486e-05,4.2856747947453014e-05,5.14854056396592e-05,6.12901289857133e-05,7.208666433368304e-05,8.498233148385398e-05,9.992665570655479e-05,0.00011693950706268001,0.0001363720856222268,0.00015893321596555153,0.00017605853950709415,0.0001769927299042796,0.00017850502436075714,0.00018036133898557404,0.00018344943930402065,0.00018406622067015482,0.0001847755192411312,0.0001855912125976726,0.00018652925995760511,0.00018760801442141623,0.0001888485820546467,0.00019027523483267444,0.00019191588552712374,0.0001938026338252911,0.00019597239436711553,2.5840882330187513,2.6907845532430343,2.8076490327862897,2.935650697231615,3.0001441763301613,3.142587707068738,3.3107834037015027,3.4854786300049603,3.634847633663692,3.627679695116003,3.775516818028092,3.9723650162417914,4.123539367372715,4.235153849385687,4.421023739107955,4.646978689817035,4.61653244298524,4.712213896135603,4.838288551548414,5.2900940037863755,5.794239962451183,6.3464310309776355,6.951245908335506,7.613699643506397,8.339285219639848,9.134019101179149,10.00449112162975,10.957919125630486,12.00220881841683,13.146019318921622,8.497457490654456,8.01383373828176,8.162778775267663,8.552090891830028,8.965844327319234,8.455062013245287,8.685972779809726,8.152514364861299,8.757686646493424,9.187754768520582,15.009768212180642,14.243908063748167,14.35834694412303,15.270869130948054,16.165635433541244,16.962665125627353,17.809929526787244,18.143485720255057,18.40468213006976,18.308474105713312,18.191292340986323,17.788978427224645,17.432912370182855,16.544686109612606,15.374327493209634,14.49532528360457,13.891876418236697,12.757311692450669,10.128415104119954,7.746492546752702,11.08155607,10.70463238,10.9704462,11.48776493,11.96601732,11.59768505,11.99679904,11.63804448,12.39259557,12.81550655,13.14795511,12.76391864,12.62569018,13.00670362,13.67315174,14.14816241,13.86559467,14.35204678,13.92063453,14.33562369,15.32295651,15.70208923,15.22475194,15.72766317,15.4409546,16.17655558,16.69579282,17.06654006,16.79879307,16.22846298,,0.0,0.0,0.0,0.0,0.0,0.0,0.0,0.0,0.0,0.0,0.0,0.0,0.0,0.0,0.0,0.0,0.0,0.0,0.0,0.0,9.668932321460488e-10,5.637414903107187,9.728259766523572e-10,5.4524543672416135,1.0216911847135263e-09,5.856313071628836,1.0729342949838476e-09,6.49945573307657,1.1267710142649368e-09,6.913666366554953,1.1832606782578026e-09,7.461657464708118,1.2426189126418611e-09,8.561044293263034,1.3049655088822463e-09,8.503831342213532,1.3704278858397765e-09,9.322516513795945,1.4391305146863409e-09,9.263127869819835,1.5113883661488208e-09,8.662759860582952,1.5872013300883042e-09,8.433505004692814,1.6667876686442183e-09,9.1595919307516,1.7504723486282659e-09,8.430909113450742,1.8382975822882261e-09,8.27284572198978,1.9304731636717686e-09,7.452977654547919,2.0272384210690996e-09,7.200764996342814,2.1289154965934766e-09,6.6488826752704835,2.2358436453961273e-09,5.332024656540271,2.3474995983341967e-09,4.664244859507686
1.6924440000042045e-06,2.3045717500101595e-06,3.008518662518626e-06,3.818057611905248e-06,4.713706403701315e-06,5.779134664268152e-06,7.010342213921121e-06,8.421784896023723e-06,1.0025603880444491e-05,1.1791659662529609e-05,1.390108336192843e-05,1.634561851623777e-05,1.9128515393696664e-05,2.230722195277485e-05,2.5997684995689553e-05,2.8798979641226658e-05,2.895179091811726e-05,2.919916623649471e-05,2.9502815052607142e-05,3.0007954641121256e-05,3.0108845367899496e-05,3.0224869703681723e-05,3.0358297689817966e-05,3.051173987385991e-05,3.0688198385489936e-05,3.089112567383956e-05,3.112449205541098e-05,3.139286339417189e-05,3.170149043367344e-05,3.205641152892552e-05,2.460542850327377,2.5621380143506305,2.6734151975068223,2.79529709621932,2.856707138980625,2.9923404376643736,3.1524946899524684,3.3188377290851325,3.461065393495672,3.45424015443466,3.5950091773907236,3.7824460537812477,3.926392751914514,4.032670940174821,4.209654381530845,4.42480641518018,4.395815804873596,4.486922723147447,4.6069697432219465,5.037174355060746,5.517217071197031,6.04300785818195,6.618906507167337,7.24968829740181,7.940583592246364,8.697321208689921,9.526175919981124,10.434020485259513,11.428382637613067,12.517507503082017,8.419177097421782,8.049567781279947,8.15484369418709,8.61231390594667,8.875772677548001,8.409510343447502,8.625793089964429,8.218171329401873,8.84505704118655,9.05386907420643,14.920485160769003,14.243346840188325,14.42609098293938,15.293348887366575,16.209593872951856,16.942428765664193,17.810079512757756,18.14498157453679,18.41824442268035,18.315297780813435,18.184118290096603,17.7919303218432,17.444573039765622,16.55944352528063,15.421449527680666,14.603034168011638,13.836948133040774,12.79319495151799,10.334593028309822,8.129345988941491,10.87972164,10.6117081,10.8282619,11.40761482,11.73248453,11.40185656,11.77829479,11.53701748,12.30613246,12.50812102,12.89135522,12.54839813,12.51608967,12.83812806,13.57775419,13.80881255,13.63147221,14.09064512,13.79979293,14.14982444,14.95542869,15.395642,14.96767993,15.44120666,15.24082952,16.06369179,16.29533693,16.73346376,16.49282748,16.08758769,,0.0,0.0,0.0,0.0,0.0,0.0,0.0,0.0,0.0,0.0,0.0,0.0,0.0,0.0,0.0,0.0,0.0,0.0,0.0,0.0,9.663976285878562e-10,5.624153019810221,9.728799746438628e-10,5.4774111101841765,1.021709257392073e-09,5.83641319399536,1.0729525274588162e-09,6.48791407542064,1.1267877987366418e-09,6.841520062857529,1.1832709138275168e-09,7.55845143054845,1.2426312418265192e-09,8.574452060183082,1.3049763018300792e-09,8.54128837764918,1.3704396168363192e-09,9.225450739556257,1.4391435391142828e-09,9.202677704709837,1.5114007993296053e-09,8.745936781064074,1.5872090695995362e-09,8.439326405866385,1.6667945292359692e-09,9.095829976251505,1.7504813289743927e-09,8.367955675494349,1.8383076659751728e-09,8.121234289251506,1.9304895820637025e-09,7.236694479009548,2.027249793626449e-09,7.067818248755868,2.128922266761775e-09,6.493783070945064,2.2358261158069415e-09,5.270179888783384,2.3476623064537025e-09,4.55929785987423
0.0,0.0,0.0,0.0,0.0,0.0,0.0,0.0,0.0,0.0,0.0,0.0,0.0,0.0,0.0,0.0,0.0,0.0,0.0,0.0,0.0,0.0,0.0,0.0,0.0,0.0,0.0,0.0,0.0,0.0,2.334674843785977,2.431072951083251,2.5366577980074,2.6523048808448637,2.7105735193981664,2.8392685552820267,2.99123018598178,3.1490640188086565,3.284016088489354,3.2775399915839696,3.4111080359836534,3.58895665993611,3.7255398269120787,3.8263814003646504,3.9943113302358593,4.198457354550641,4.170949746390199,4.257396129618406,4.3713021962419205,4.7794998770127,5.234986215385941,5.733880401806956,6.280319204194657,6.878833624450645,7.534386468957728,8.252413499546634,9.03886850615121,9.900272674886281,10.843768660905724,11.877179814389121,7.962506716406869,7.976446279119038,8.130874022205166,8.29820383937852,8.455847820836567,8.071728414964268,8.156411624276986,8.165959921463173,8.529006441796483,8.371548248716254,11.965902707535509,14.05362701077389,14.410727408752768,15.293235678452378,16.124434332034404,16.798360549674474,17.77883094153734,18.10751472007952,18.421905588955145,18.31519224860042,18.128545503317746,17.728605881820265,17.389836612171514,16.451445409574998,15.468824628833987,14.472886038406013,13.355269287983852,12.407529420607686,10.058250769572666,8.343216860487322,10.29718156,10.40751923,10.66753182,10.95050872,11.16642134,10.91099697,11.14764181,11.31502394,11.81302253,11.64908824,12.26937941,12.00817895,12.27525697,12.64756439,13.03369005,12.86045088,13.04462578,13.33618045,13.53425941,13.93979051,13.92831971,14.65284058,14.32330862,14.61442799,15.01460118,15.42001548,15.17620573,15.92611576,15.60974119,15.77803277,,0.0,0.0,0.0,0.0,0.0,0.0,0.0,0.0,0.0,0.0,0.0,0.0,0.0,0.0,0.0,0.0,0.0,0.0,0.0,0.0,1.1252216935986326e-09,3.10763133450703,9.72903442044111e-10,5.634404721306419,1.0217293826621285e-09,5.861010266291042,1.0729753163936298e-09,6.472052689474418,1.1267962491920961e-09,7.085055612960432,1.1832756388920847e-09,8.136367024950179,1.2426358708181314e-09,8.905154908688742,1.3049795310369263e-09,9.028730400497151,1.3704471913729143e-09,9.258948376036184,1.4391573397615728e-09,9.154901616494293,1.5114028314478183e-09,9.435212009629481,1.5872255319043162e-09,8.809645704599294,1.6668085610246778e-09,9.3468471973875,1.7504809502911418e-09,8.715851045098267,1.8383117293074818e-09,7.988609918917966,1.9304934446318566e-09,7.305284059135419,2.0272647751247473e-09,7.217932065377801,2.1289561160858952e-09,6.381686336798784,2.2358276298976832e-09,5.292278241849183,2.347793342281663e-09,4.442363906315995
0.0,0.0,0.0,0.0,0.0,0.0,0.0,0.0,0.0,0.0,0.0,0.0,0.0,0.0,0.0,0.0,0.0,0.0,0.0,0.0,0.0,0.0,0.0,0.0,0.0,0.0,0.0,0.0,0.0,0.0,1.5668297002974332,1.6315236845444638,1.7023830054912055,1.7799952197251403,1.8191000371365282,1.905468897040242,2.0074522618414394,2.1133765354691554,2.2039445695811075,2.1995983793609284,2.2892375766706055,2.4085940287724568,2.5002567128281084,2.567932763191505,2.680632654738028,2.81763762352218,2.799176921140158,2.857192177990917,2.9336359743100515,3.207582580419462,3.5132652003964755,3.8480793740578365,4.2148013384696394,4.616471906090382,5.05642167880585,5.538298664861303,6.066098527688209,6.64419771744324,7.277389759984558,7.970925004177582,8.89351142989608,8.685516635658363,8.981221824721972,9.434758400499016,9.914653693099156,9.344362903206815,9.31682471841795,9.103279004803069,9.894136030705306,10.02583773093994,13.72144032688031,14.485332600446048,14.8502612921545,15.64384179077016,16.353444505232705,16.90749588063167,17.701674626798024,18.024903714858244,18.36717464801258,18.331574960682424,18.085506282151425,17.78642432770891,17.467174329891414,16.873473172721308,16.25408956698423,15.94732414714215,15.36858958323128,15.243330332312096,13.381312732231894,11.758811563844958,10.46034113,10.31704032,10.68360483,11.21475362,11.73375373,11.2498318,11.32427698,11.21665554,12.0980806,12.22543611,12.89274978,12.38108615,12.16854069,12.66662075,13.34820384,13.49673187,13.44971925,13.54749317,13.41659785,13.9607939,14.61743437,15.39730748,14.76811086,14.84599463,15.03722401,15.79211329,15.92706053,16.73527395,15.85707864,15.64086472,,0.0,0.0,0.0,0.0,0.0,0.0,0.0,0.0,0.0,0.0,0.0,0.0,0.0,0.0,0.0,0.0,0.0,0.0,0.0,0.0,1.1407248479144982e-09,3.1179281245524,9.732177113919177e-10,4.51284047981439,1.0220120061705656e-09,5.181977315608667,1.0731972534068092e-09,5.545153804618834,1.1270703823311362e-09,5.6858733206605745,1.183514801909138e-09,6.228401634878329,1.24282847387417e-09,7.0511322986990494,1.3051196094319088e-09,7.33460272364822,1.3705197788272231e-09,7.884212773161927,1.4392478270360779e-09,7.578363641983216,1.5117431965154586e-09,6.981337113473427,1.5877392739777436e-09,6.237196222738644,1.6672597971874484e-09,6.913864809382396,1.7508737689232237e-09,6.643950449884526,1.8385428902920243e-09,6.273287236916789,1.9309614526136423e-09,5.693509523186705,2.0277734264265906e-09,5.507627582162363,2.1296048845055833e-09,5.1522541010605165,2.236748300270295e-09,4.801623853588622,2.348848558302549e-09,4.088871849464046
0.0,0.0,0.0,0.0,0.0,0.0,0.0,0.0,0.0,0.0,0.0,0.0,0.0,0.0,0.0,0.0,0.0,0.0,0.0,0.0,0.0,0.0,0.0,0.0,0.0,0.0,0.0,0.0,0.0,0.0,1.5679359789474456,1.6326756411475702,1.7035849931563367,1.781252006412508,1.8203844342429518,1.9068142759021935,2.0088696472648664,2.114868709979367,2.205500690723485,2.201151431824273,2.2908539199499014,2.4102946450870903,2.5020220486654536,2.5697458825050123,2.6825253471435264,2.819627049907053,2.8011533131276707,2.859209532337017,2.935707302703093,3.2098473320553267,3.515745782863282,3.850796356033775,4.21777724882793,4.619731420705863,5.059991825164232,5.542209046167685,6.0703815683331355,6.648888931861675,7.282528047137119,7.976552970095829,8.773963391245985,8.411705289055066,8.575721857056557,9.052788583811383,9.409496905992384,8.910133484344565,9.187183282994434,8.805352350292655,9.48188012956265,9.395791048476175,13.505578097250748,14.187467432417119,14.656711908370479,15.386253883762526,16.182469708126984,16.705791100852807,17.600733065112408,17.974468878882067,18.310145028408474,18.247776185180932,17.99037241705958,17.660172283504412,17.34100841916407,16.75017994739515,15.947145018902678,15.570795655613992,14.7691128878213,14.471126317903751,12.974622539409555,11.296976461911598,10.34189937,10.04438093,10.27930685,10.83404059,11.22988134,10.81694776,11.19605293,10.92022106,11.68738082,11.59694248,12.33910764,11.90467239,11.84694972,12.18727982,12.89506548,12.8028826,12.93218539,13.39409579,13.06202315,13.43247778,13.86597125,14.73611429,14.1998464,14.6778944,14.46817272,15.25601028,15.10827124,16.01662563,15.67752997,15.22750696,,0.0,0.0,0.0,0.0,0.0,0.0,0.0,0.0,0.0,0.0,0.0,0.0,0.0,0.0,0.0,0.0,0.0,0.0,0.0,0.0,1.1319523096631201e-09,3.4573243781944694,9.73277810230492e-10,4.693089688100463,1.0220863824440672e-09,5.3117842376622635,1.0732760592415147e-09,5.768719946925091,1.1271480939672293e-09,5.969929575960719,1.183608499818415e-09,6.722535551484885,1.2429373097120637e-09,7.469700989001382,1.3052329250228297e-09,7.439582622018322,1.3705863712241947e-09,8.183829181951143,1.439273109613637e-09,8.025145738117944,1.511885105214276e-09,7.640146950849006,1.5878756163362496e-09,6.774854350510628,1.6674157859439621e-09,7.35893926901383,1.7510510851765694e-09,6.69201696917406,1.8387569709822843e-09,6.538964125194144,1.931196265914604e-09,5.8569944229654425,2.0280605053877986e-09,5.7312232173980595,2.1299531908947443e-09,5.103389621071324,2.2371212226709036e-09,4.579620617919203,2.3492806493315547e-09,4.0460224734495
0.0,0.0,0.0,0.0,0.0,0.0,0.0,0.0,0.0,0.0,0.0,0.0,0.0,0.0,0.0,0.0,0.0,0.0,0.0,0.0,0.0,0.0,0.0,0.0,0.0,0.0,0.0,0.0,0.0,0.0,1.5756487399075314,1.6407068599693868,1.7119650188741116,1.7900140803234308,1.8293390026598346,1.9161939973339228,2.0187513845279703,2.1252718623025797,2.216349666608504,2.2119790134720954,2.302122752935614,2.422151013389456,2.514329628973149,2.5823865999743765,2.6957208328327944,2.8334969462067243,2.8149323361278378,2.8732741369853,2.950148203976197,3.2256367427984434,3.533039924450528,3.869738629314598,4.238524720752731,4.642456126705416,5.084882195645863,5.569471468956537,6.100242100014087,6.681595172212148,7.318351192193332,8.015790060876226,8.286440641285559,7.942720736232919,8.140788929338479,8.528060179900095,8.77101914757506,8.350630282912453,8.65786330573097,8.293802107969096,8.914424883677253,8.87448392682801,13.129961054931663,13.84413369128008,14.376543247502221,15.16940718169059,15.98329118314199,16.57184871426489,17.514787942406816,17.898048521999858,18.261785107450706,18.17789378564516,17.92896371861796,17.537804288940908,17.21386498772325,16.55809381680171,15.703939259321857,15.164924406711496,14.318003997362222,13.757037859784711,12.333301845487352,10.619558176904771,9.862089381,9.583427596,9.852753948,10.31807426,10.60035815,10.26682428,10.67661469,10.41907397,11.13077455,11.08646294,11.64740359,11.29922991,11.30327352,11.68155315,12.28094377,12.23931943,12.27448611,12.77267987,12.46258521,12.87508004,13.25561255,13.91003916,13.47767699,13.99691694,13.86779749,14.52944962,14.44322842,15.11876777,14.95017466,14.52869136,,0.0,0.0,0.0,0.0,0.0,0.0,0.0,0.0,0.0,0.0,0.0,0.0,0.0,0.0,0.0,0.0,0.0,0.0,0.0,0.0,1.1250875786572578e-09,3.7846802188550246,9.73315146494664e-10,4.967054795266243,1.022129952739858e-09,5.587599357102112,1.0733361907637955e-09,6.070240632322916,1.1272027799275545e-09,6.398068246665457,1.183675482163089e-09,7.166026231197075,1.2430098013167536e-09,8.055234169296467,1.3053293465500552e-09,7.998642789784902,1.370680816958475e-09,8.749348102266962,1.4392859869221908e-09,8.52845048932567,1.5119887966842913e-09,8.206391093995126,1.5879807550578078e-09,7.4975037592285965,1.6675298714086147e-09,7.974712719498389,1.7511899118500168e-09,7.203633004580741,1.8389245973615382e-09,6.921023966095483,1.9313645800740674e-09,6.204946256852403,2.0282802393550983e-09,5.975017678620536,2.1302055119177983e-09,5.319865263303544,2.2374010558237242e-09,4.701478379053899,2.3495651099193963e-09,4.106656879223728
0.0,0.0,0.0,0.0,0.0,0.0,0.0,0.0,0.0,0.0,0.0,0.0,0.0,0.0,0.0,0.0,0.0,0.0,0.0,0.0,0.0,0.0,0.0,0.0,0.0,0.0,0.0,0.0,0.0,0.0,1.6326669711781656,1.7000793589405347,1.7739161472576677,1.854789581502433,1.895537560551723,1.9855355896140645,2.0918042359697733,2.2021793858441856,2.296553035967777,2.292024221367443,2.385430005507641,2.509801746167592,2.605316042787571,2.6758358013466106,2.793271276656046,2.936033114383987,2.916796704046504,2.977249728179676,3.056905648269798,3.3423633311157928,3.660890556636815,4.009773426750552,4.391904834386663,4.810453365171012,5.268889570939598,5.77101474711814,6.3209924525868795,6.923383033387542,7.583181436541251,8.30585862751292,7.8849744350146445,7.565449388261506,7.773450647954668,8.13016078972082,8.362136599682897,8.032638040632103,8.211913994288874,7.871275904427224,8.474859204317708,8.507637048932446,13.014598991110097,13.659169345765507,14.165878806533192,15.014066360612865,15.85725242709058,16.4979169503291,17.48161638071282,17.863416207100617,18.230015782027188,18.128817299863606,17.89921077229856,17.474976566051165,17.153844305879698,16.415173997316245,15.50430685256322,14.874467784345406,13.965260538634471,13.244864751021874,11.739170598846387,10.017778738813677,9.517641406,9.265528747,9.547366795,9.984950371,10.25767416,10.01817363,10.30371823,10.07345529,10.77141224,10.79966127,11.27087115,11.02557557,10.92832441,11.31948217,11.88444771,11.92269389,11.9772122,12.32657524,12.04917973,12.47601557,12.91269598,13.46036117,13.15126318,13.50805404,13.43796364,14.06035949,14.06958877,14.6300145,14.42801782,14.04674957,,0.0,0.0,0.0,0.0,0.0,0.0,0.0,0.0,0.0,0.0,0.0,0.0,0.0,0.0,0.0,0.0,0.0,0.0,0.0,0.0,1.1204885908000506e-09,4.129157847601464,9.733722112206502e-10,5.143395522530071,1.0221968669569497e-09,5.842870439947847,1.073410127827643e-09,6.370419992617762,1.1272898167186158e-09,6.7660759944376645,1.1837650292598615e-09,7.511256175438858,1.2431115461738262e-09,8.42120088552143,1.3054363492226635e-09,8.514090696080435,1.3708208946669099e-09,9.237741701137452,1.4394112592264086e-09,8.995165061861844,1.5121245905328662e-09,8.647405349862348,1.5881298081326465e-09,8.024388823775224,1.6676992348950768e-09,8.394485961289119,1.7513725767314904e-09,7.717573323561344,1.8391389571754851e-09,7.335232784631028,1.9316230568911777e-09,6.58512304264842,2.0285586191557968e-09,6.216664222466027,2.130531800085063e-09,5.5382332857166565,2.2377573768935524e-09,4.894334216761465,2.3499570106479514e-09,4.276887797769931
0.0,0.0,0.0,0.0,0.0,0.0,0.0,0.0,0.0,0.0,0.0,0.0,0.0,0.0,0.0,0.0,0.0,0.0,0.0,0.0,0.0,0.0,0.0,0.0,0.0,0.0,0.0,0.0,0.0,0.0,1.6767357630186561,1.7459677395497173,1.821797523445226,1.9048538857470132,1.9467017303771867,2.0391289776933528,2.1482660172597363,2.2616204026978277,2.3585413774234003,2.3538903214894513,2.449817305684919,2.5775460765578524,2.6756384860017217,2.748061707186907,2.8686669896936827,3.015282241388257,2.9955266036897226,3.0576113701094005,3.139417355230103,3.4325800847431047,3.759704966886583,4.118004850298911,4.510450712600984,4.9402966655809735,5.411106937880459,5.9267854291303,6.491608080596643,7.110258330748503,7.787865949742652,8.530049574824286,7.625776733173973,7.305590628652141,7.490656076766911,7.798318756476011,8.185321639857316,7.818001476552676,7.922555462998726,7.579206926573398,8.108898992861857,8.338734908810354,14.11676064405722,13.513965959330246,13.978483753337654,14.85290491520323,15.703217896886061,16.412998327493266,17.410691648746717,17.795753782355852,18.172541823413994,18.049859879126533,17.842790001451327,17.400475120873455,17.059458233489703,16.26678991892125,15.29590004202063,14.575679180128724,13.740880818662736,12.949673737628034,11.3254360177427,9.589150579010058,9.302512496,9.051558368,9.3124536,9.703172642,10.13202337,9.857130454,10.07082148,9.840827329,10.46744037,10.69262523,11.13280925,10.84833831,10.67595481,11.04096604,11.5490657,11.80452742,11.78467728,12.04795551,11.77092604,12.1690429,12.78471754,13.29547924,12.93985527,13.20272913,13.10732221,13.66357273,13.93014431,14.45080497,14.10189882,13.72236567,,0.0,0.0,0.0,0.0,0.0,0.0,0.0,0.0,0.0,0.0,0.0,0.0,0.0,0.0,0.0,0.0,0.0,0.0,0.0,0.0,1.118606540728706e-09,5.433768700724195,9.735284507405084e-10,5.243173726485332,1.02238043872865e-09,5.9781674299667875,1.0736215723752028e-09,6.560000583048787,1.127518154091636e-09,7.022819187271193,1.1840254476441794e-09,7.623753149607574,1.2433967778661617e-09,8.621540973198888,1.30574992845609e-09,8.805409643265813,1.3711661088338809e-09,9.54103313948499,1.439838303051065e-09,9.313397064752587,1.5125174486731937e-09,8.81777742926525,1.5885372454111342e-09,8.223000732146279,1.6681618001479858e-09,8.630053677113922,1.7518887136671765e-09,8.004357455576889,1.8397323889336547e-09,7.5996847710299456,1.932272186365956e-09,6.838891880444636,2.029325788796735e-09,6.302344590504688,2.1313682396509776e-09,5.609127099684482,2.238669070470355e-09,5.011403148860027,2.3509189100770687e-09,4.396834485278547
0.0,0.0,0.0,0.0,0.0,0.0,0.0,0.0,0.0,0.0,0.0,0.0,0.0,0.0,0.0,0.0,0.0,0.0,0.0,0.0,0.0,0.0,0.0,0.0,0.0,0.0,0.0,0.0,0.0,0.0,1.6469232983583244,1.714924326102332,1.7894058517913625,1.8709854668795756,1.9120892542667032,2.0028731394592487,2.110069715771393,2.2214086532870985,2.316606367140219,2.312038007265913,2.4062594038014913,2.5317171492977715,2.6280654696880816,2.699201001560621,2.817661914750606,2.961670338281665,2.9422659570325482,3.0032468524991196,3.083598322189183,3.3715486003988278,3.6928571820830967,4.044786471602443,4.430254622413523,4.852457887997419,5.314897124791954,5.821406820853218,6.376186890949508,6.9838375017267325,7.649397215713794,8.378384770441212,7.529895901834238,7.209474503099458,7.531702445420803,7.7244854653433945,8.25420250596784,7.7975701177867585,7.824677266486995,7.481171202984051,8.034649193144975,8.325696953033866,14.168640143946984,13.487241711567021,13.896720858370506,14.839587721240783,15.644255984002223,16.372797283028834,17.37582550889533,17.758266372149794,18.141917669087636,18.01976363642477,17.813580044796094,17.37966862860811,17.02107769127515,16.197129977554276,15.289194960199243,14.513050719606671,13.741856334390205,13.029993989196678,11.237519331863666,9.506085299029985,9.1768192,8.924398829,9.321108297,9.595470932,10.16629176,9.800443257,9.934746982,9.702579856,10.35125556,10.63773496,11.1704625,10.7859508,10.52597517,11.05122716,11.42087524,11.74392923,11.71690499,11.88516645,11.60556384,12.18035242,12.71908757,13.34044704,12.86543968,13.02433705,13.11950374,13.51191201,13.85863433,14.4996803,13.91135737,13.52958896,,0.0,0.0,0.0,0.0,0.0,0.0,0.0,0.0,0.0,0.0,0.0,0.0,0.0,0.0,0.0,0.0,0.0,0.0,0.0,0.0,1.1197629490311556e-09,5.40443704873154,9.735724366331903e-10,5.233008061462089,1.022422976526652e-09,5.998811158686115,1.0736850004223017e-09,6.487561563460077,1.127580338196127e-09,7.0410426594444,1.184099053361754e-09,7.590538392036635,1.243480107251458e-09,8.601186476690431,1.305832936002711e-09,8.87634677544964,1.3712528292906653e-09,9.619952152117884,1.4399702851898711e-09,9.210959817706632,1.5126270963027375e-09,8.78734965780666,1.588654462765225e-09,8.084008061184518,1.6682925996060846e-09,8.585892634712048,1.7520187161415951e-09,8.025250816626572,1.8399052407378335e-09,7.4845883461201685,1.9324403690084505e-09,6.822545531645724,2.029524908600337e-09,6.259408896585221,2.13160097255019e-09,5.514151192231501,2.238890021207546e-09,4.975559178952409,2.351134744036612e-09,4.354881110915665
0.0,0.0,0.0,0.0,0.0,0.0,0.0,0.0,0.0,0.0,0.0,0.0,0.0,0.0,0.0,0.0,0.0,0.0,0.0,0.0,0.0,0.0,0.0,0.0,0.0,0.0,0.0,0.0,0.0,0.0,1.6104829726079188,1.67697938893206,1.7498129137328884,1.829587473448231,1.8697817859354315,1.9585569592756389,2.0633816715404194,2.172257089865024,2.2653484301505595,2.2608811511961306,2.353017776458003,2.47569960572409,2.569916093876659,2.6394776593377403,2.75531747033697,2.896139519694134,2.877164485685662,2.9367960993140514,3.015369687949819,3.296948690734349,3.611147901026127,3.9552902960592653,4.3322294613395895,4.745090929071638,5.197298094679033,5.692600603169018,6.235105440718477,6.8293109892871415,7.480144326637105,8.193002081033969,7.612262623584699,7.236415249269751,7.707297759479401,7.74208889577475,8.467851974299258,8.02354299597052,7.921084840718025,7.518359042406138,8.060238400134637,8.633465839103831,13.085088015469974,13.610361458389217,13.887026507466615,14.907531195360177,15.632413704900143,16.411226483271253,17.375742339437593,17.74228863639097,18.124045675732738,18.005885175499674,17.817687387951967,17.39368613884836,17.038203335236112,16.20177225509127,15.400357827860352,14.57533090960585,14.005438200958285,13.347421186342569,11.389327684320618,9.584269293598506,9.222745596,8.913394638,9.457110673,9.571676369,10.33763376,9.982099955,9.984466512,9.690616132,10.32558683,10.89434699,11.35872872,10.98587443,10.51299616,11.21247334,11.3925541,12.02722576,11.93408437,11.94464707,11.59125366,12.35807343,13.02590767,13.56528604,13.10390781,13.08951878,13.31092772,13.47840557,14.19294349,14.74405693,13.98097829,13.51290636,,0.0,0.0,0.0,0.0,0.0,0.0,0.0,0.0,0.0,0.0,0.0,0.0,0.0,0.0,0.0,0.0,0.0,0.0,0.0,0.0,9.272060383885262e-10,4.079377072741997,9.736000218733524e-10,5.1001866347104645,1.022440464995993e-09,5.943946441970798,1.0737382266519143e-09,6.334535515356504,1.1276230382932567e-09,6.995177075928726,1.184144767599123e-09,7.280140243691346,1.2435320450319162e-09,8.318822455885684,1.3058813532885153e-09,8.734437666505732,1.3712887355150744e-09,9.548161704523652,1.440082296400481e-09,8.944760437117015,1.5126950932476893e-09,8.402927619905398,1.588730116491053e-09,7.7836903958815,1.6683737459408846e-09,8.266524987598979,1.7520933846153078e-09,7.8573444052378,1.8400558185060704e-09,7.286728203668366,1.9325558539224327e-09,6.7895259439608395,2.029639743324085e-09,6.047600152922149,2.1317239686596703e-09,5.4326752469377615,2.2390114479587413e-09,4.88849372233272,2.35122074316109e-09,4.26436501607701
0.0,0.0,0.0,0.0,0.0,0.0,0.0,0.0,0.0,0.0,0.0,0.0,0.0,0.0,0.0,0.0,0.0,0.0,0.0,0.0,0.0,0.0,0.0,0.0,0.0,0.0,0.0,0.0,0.0,0.0,1.552250690207271,1.6163427109805868,1.68654270133456,1.7634327507702263,1.8021737063480618,1.8877389227672456,1.988773354506871,2.0937120257722377,2.1834373439955943,2.1791315941315443,2.267936718177354,2.386182584413244,2.4769923671003005,2.5440387065123904,2.6556899500433024,2.7914201173465227,2.7731311877910234,2.8306066252760593,2.906339128671875,3.177736721104894,3.4805750306886423,3.8122738311762556,4.175583527350847,4.573516637571368,5.009372773196369,5.486765998546631,6.009654798273138,6.582374900614296,7.209675228711174,7.896757278073225,7.838488830985508,7.3117241812212805,8.192175336878067,7.850823363452829,9.341402033887224,8.777184077479419,8.177561965751735,7.612855737498972,8.188083006289665,9.58110945616902,13.733091455936478,14.027222160655725,13.883990301360384,15.084958828734022,15.627228246573129,16.579470668320894,17.424959572664946,17.724381151159513,18.096282503728265,18.001296458332877,17.866938448243875,17.48948635110462,17.123095973002087,16.200379283105782,15.570328985052422,14.57525602569057,14.587014886496268,14.024220314451204,11.584769283610118,9.681554705288848,9.390739521,8.928066892,9.878718038,9.614256114,11.14357574,10.664923,10.16633532,9.706567763,10.37152035,11.76024105,12.24427724,11.73736042,10.53030151,11.71233651,11.44323404,12.98316221,12.75043243,12.1622209,11.61033391,12.9090086,14.0612204,14.62286205,14.00027734,13.32794665,13.90434207,13.53836446,15.32101344,15.89353221,14.23564425,13.53514982,,0.0,0.0,0.0,0.0,0.0,0.0,0.0,0.0,0.0,0.0,0.0,0.0,0.0,0.0,0.0,0.0,0.0,0.0,0.0,0.0,9.272296666853091e-10,3.7567509349278745,9.73643488714e-10,4.6760443256655995,1.0224620065869478e-09,5.830681159088173,1.07379719849363e-09,5.916661025904665,1.1276747683876515e-09,6.839684157308017,1.1842156524517651e-09,6.387728576392735,1.2436074211667297e-09,7.4476583312178635,1.3059443813022606e-09,8.392766877236157,1.3713398885027877e-09,9.392287723241237,1.4402088940053845e-09,8.270024580320458,1.512800442746492e-09,7.286293079859177,1.5888213253447295e-09,6.678898133254072,1.6684830042188107e-09,7.298402161375658,1.752180557915063e-09,7.445949271751917,1.8402099115484712e-09,6.675359689377475,1.9326918368714468e-09,6.5236575654232265,2.029832671300873e-09,5.2756562460141625,2.131990789622182e-09,4.7130630063729715,2.2392207507662342e-09,4.5588002636962415,2.3513351526869035e-09,4.043162164806623
0.0,0.0,0.0,0.0,0.0,0.0,0.0,0.0,0.0,0.0,0.0,0.0,0.0,0.0,0.0,0.0,0.0,0.0,0.0,0.0,0.0,0.0,0.0,0.0,0.0,0.0,0.0,0.0,0.0,0.0,1.4643031238562922,1.5247638128575625,1.5909864055215597,1.663520011267341,1.7000659781215914,1.7807832324198132,1.8760932457744368,1.975086291882657,2.059727944543747,2.0556661502625473,2.139439745194794,2.2509860259628747,2.336650699397558,2.399898320972874,2.5052236177926317,2.633263572445255,2.616010858789493,2.6702298475039425,2.74167149156283,2.997692213546649,3.283372281556558,3.5962776600483153,3.9390029211108164,4.314389899553037,4.725551257041239,5.175896291898256,5.669159208577488,6.209430081216927,6.801188768021364,7.449342057675944,7.9929088133365935,7.311601488344308,8.94054303469159,7.998325230955811,10.31798854211436,9.628803397827422,8.362204544484275,7.631783775388533,8.363129885741586,10.790030050038778,14.479204732269126,14.522287443926249,13.841917723694472,15.381217174677513,15.617522682893302,16.830840258908545,17.493169115566513,17.68524099747732,18.047638459585695,18.01164420281678,17.945143206496702,17.59768028388391,17.191626110543876,16.06974979497793,15.696508460933597,14.295881838136244,15.107589893923079,14.58082636215403,11.536638447976387,9.59986061224601,9.457211937,8.836365301,10.53152944,9.661845242,12.01805452,11.40958663,10.23829779,9.606870067,10.42285783,12.8456962,13.20513226,12.55690551,10.42214311,12.4863182,11.49987634,14.18149142,13.64071389,12.24831127,11.49108233,13.76206949,15.35905299,15.77037366,14.97782751,13.42228861,14.82317719,13.60537733,16.73512331,17.14075815,14.33641136,13.39612815,,0.0,0.0,0.0,0.0,0.0,0.0,0.0,0.0,0.0,0.0,0.0,0.0,0.0,0.0,0.0,0.0,0.0,0.0,0.0,0.0,9.272366053690586e-10,3.4135122182779702,9.736561885951331e-10,4.216367960485117,1.0224343670503473e-09,5.756425313719488,1.0738167503530096e-09,5.294797296308036,1.1276810701915804e-09,6.622869961377401,1.1842487364896863e-09,5.28261241207823,1.2436495513106036e-09,6.468466085117243,1.3059765560302118e-09,8.107159575781745,1.3713616195212344e-09,9.298227621989648,1.4402847638288164e-09,7.247266927245519,1.5128772964670039e-09,5.86946249897901,1.5888630410228656e-09,5.42358428490459,1.6685042553904737e-09,6.152801522676689,1.7521644925807657e-09,6.961851085605568,1.84024936917736e-09,5.598882529102832,1.9327041403696186e-09,5.866400801220385,2.03008348504118e-09,4.041625793744448,2.1323901156476234e-09,3.6494982946777763,2.23936416417524e-09,4.00141585737262,2.351203860589497e-09,3.653074521366344
0.3675470151249131,0.5004824194214563,0.6533581343628324,0.8291652065458247,1.0236726998655807,1.2550510952512457,1.5224316761585508,1.8289538091363176,2.177254184524253,2.5607874247660964,3.0188896629174695,3.5497678481525994,4.154127839211634,4.8444455736502725,5.645901146684733,6.254256569641124,6.287442499987078,6.341164844646624,6.407108069951604,6.516808921488983,6.538719298128348,6.5639162312608486,6.592892704360333,6.626215648421538,6.664537034087972,6.708606627598959,6.759286660129941,6.817568697530532,6.884593040525249,6.961671034931234,1.3902626003254686,1.4476661756774152,1.5105403117612624,1.5794063530147595,1.6141044220705658,1.690740316663379,1.7812311070227518,1.875218702524228,1.9555805635401036,1.9517241484390444,2.0312618439008947,2.1371679365880847,2.2185010907042155,2.2785506811224416,2.378550345571057,2.500116131644174,2.483735778315033,2.535213256583779,2.603042549728538,2.8461179272808703,3.117352965806672,3.4144367035044603,3.7398325214053036,4.096238560752537,4.4866100956499775,4.914184037823323,5.382505776686113,5.8954585772631685,6.457295779737553,7.072676067605544,7.9640833967425655,7.010485494102965,8.987060004089368,7.379760574662541,9.741999388299941,9.01649537833288,7.2211765070775025,6.03562781761066,6.426472672220994,8.747606187096363,12.941315500190562,13.099746012947039,12.277682418173697,13.958488495386218,14.276796646536923,15.632912706459845,16.92005389661336,17.262128031115513,17.67475970492637,17.676458089987516,17.39549692042653,16.717133975339575,16.159799356636892,14.229669368263423,13.280146723290049,10.990368281901414,11.230224298828041,10.136593456075015,6.699672181724074,3.68526261017758,9.721893012,8.958634089,11.15095845,9.788332134,12.37977651,11.96228679,10.52483929,9.739800329,10.55930742,13.26011776,13.60258317,13.1651838,10.56635431,13.22072128,11.65042559,14.63900775,14.30149373,12.59110746,11.65008443,14.57150795,15.85455924,16.24503376,15.70337945,13.79794116,15.69502643,13.7834905,17.27502367,17.65666437,14.73764767,13.58149038,,0.0,0.0,0.0,0.0,0.0,0.0,0.0,0.0,0.0,0.0,0.0,0.0,0.0,0.0,0.0,0.0,0.0,0.0,0.0,0.0,9.265594375460503e-10,4.388883837575119,9.733861794662297e-10,5.621497998283123,1.0220922376426887e-09,8.083957038716674,1.0734718409556953e-09,7.86076347081581,1.1273221772417052e-09,10.6508225494838,1.1838202046317168e-09,9.748277658468902,1.2432005710079624e-09,11.389738445675851,1.3055419858128823e-09,13.54739867314575,1.3709274539713586e-09,15.03482589544706,1.4396938685900368e-09,12.467876989638325,1.5123294631338016e-09,11.197009945286409,1.5881842750021012e-09,10.450453151076266,1.667753969092457e-09,10.789145133423295,1.751399190563661e-09,11.154182418511093,1.8393638282409994e-09,8.736267424154525,1.9317599814142707e-09,8.829668448508537,2.028762510593302e-09,6.096993066886319,2.130774090967093e-09,5.192956362173625,2.237629671329484e-09,5.303913333359816,2.3502853654514447e-09,4.13811933415769
1.2780674979271751,1.7403224274019222,2.271915596299103,2.8832477405322856,3.5596066690105412,4.364176410284212,5.29393618514832,6.359802480977317,7.570943834275661,8.904600070230138,10.497554324286545,12.343571639042835,14.445106489917903,16.845541327700225,19.63243464141636,21.747862766996587,21.863259865104496,22.050068027860146,22.279371734604002,22.66083339005292,22.737022119923573,22.82463915926519,22.925398754497994,23.04127228900459,23.174526853673424,23.32776960302377,23.503998764753536,23.706662300707855,23.93972536699982,24.207747893103647,1.2407773383738054,1.2920087067653985,1.3481224245654782,1.4095837796726725,1.4405510068423417,1.5089467770331717,1.58970772247122,1.6735894859302778,1.7453105953053705,1.741868833681605,1.8128543942889588,1.907373141877521,1.9799611079654629,2.033553983838065,2.1228013803110617,2.231296043438596,2.2166769555047083,2.262619418790088,2.3231555000974815,2.540094673972247,2.782165696451723,3.047306087373919,3.337714357551407,3.655798535877202,4.004196136397817,4.385796028248205,4.803762389792226,5.261560945591964,5.762987703761501,6.312200431982631,7.797674153892053,6.445945304034557,8.120676179348974,5.906269930018156,7.7337256343831555,6.446035272930093,4.284932442639493,2.271361973363817,1.6861764407044681,3.1282451763900054,9.192238533401675,10.231274770269607,9.014825373461457,11.357325572189845,11.83215863511502,13.364526617666268,15.270748179843821,11.771041913968528,2.1064712571875113,14.516823007156406,13.995448177592472,11.96247259917725,7.22626285274035,0.6851635200917897,2.17010848453653,5.017809787052219e-10,0.2746072298341078,5.534587538728348e-10,5.808980426446681e-10,6.099547687848577e-10,10.31651899,9.478276438,11.7407142,10.19910145,12.73388331,12.31915846,11.16857635,10.30475394,11.00243087,13.77471408,13.99166669,13.55794157,11.17925189,13.91994337,12.13933803,15.20711578,14.72815111,13.36122492,12.32584339,15.34217092,16.46984018,16.70970102,16.17185937,14.64187292,16.52511043,14.36191743,17.94542974,18.16170942,15.63905525,14.36927984,,0.0,0.0,0.0,0.0,0.0,0.0,0.0,0.0,0.0,0.0,0.0,0.0,0.0,0.0,0.0,0.0,0.0,0.0,0.0,0.0,9.265445740924599e-10,7.510980562543369,9.731219528285164e-10,10.924277981785117,1.0221255322182846e-09,14.260641081971718,1.0732114340312242e-09,16.316477514384463,1.1270417769460967e-09,21.448056627533077,1.1835566395331685e-09,22.136569648824693,1.2429882744313648e-09,24.622533891212953,1.3055856400201988e-09,22.722504441418018,1.3726195340374795e-09,14.383155102730171,1.4396819205249406e-09,24.37558015206186,1.5119174581511427e-09,23.044795814891717,1.587694900144552e-09,21.124716826786877,1.6676124529987993e-09,17.3175165958099,1.7567967868467903e-09,12.740361426049969,1.8407515254461047e-09,12.823721045734437,1.049950953280128,13.935685654240825,2.038636630030175e-09,10.636938645627584,2.84573933084682,12.474097440178868,22.088732725904883,26.796856183774064,32.409224158267165,30.1350540894717
2.2175913867055095,3.0196558721320623,3.942030030374718,5.002760312356244,6.1763194057119,7.572338732661437,9.185576900276104,11.03497524648518,13.136442217136757,15.45048633959144,18.2144417949493,21.417490228269244,25.06389043148257,29.22891585404224,34.06449035866533,37.734996961868696,37.93522395397196,38.25935720465323,38.65722502136833,39.31910405581206,39.45130010289033,39.60332555701363,39.77815482923798,39.97920849227666,40.2104202047473,40.47631367405589,40.78209116372062,41.133735276774495,41.538126006690135,42.003175345864214,1.256736548833983,1.3086268688078124,1.3654623362759253,1.4277142237945262,1.459079759734419,1.5283552546407986,1.610154968990357,1.6951156421582012,1.767759247652102,1.7642732171684783,1.8361718130693776,1.931906286105646,2.0054278980556184,2.059710099852192,2.1501054202429493,2.2599955707872095,2.2451884482286895,2.291721835782231,2.35303654838159,2.5727660520164575,2.817950656824188,3.0865013544705278,3.3806449336029756,3.702820395827143,4.05569917960165,4.442207311470027,4.865549668305756,5.32923655174851,5.83711279518547,6.39338964461998,7.226522474653348,5.541253818261823,6.661953103562629,4.130554744072186,5.170828534789387,3.3911027529450273,0.788918440992707,2.655277143187867e-10,2.7900418219594887e-10,2.932224908231384e-10,6.809596425691559,7.940047290973207,5.316961726585521,8.20110936021887,6.545154753834752,5.820041987662486,1.179667464907289,3.379403471939192e-10,3.5502524999931256e-10,3.7312092468543685e-10,3.9204150117859215e-10,4.118162392458256e-10,4.325771954015975e-10,4.543298733204848e-10,4.772478202526167e-10,5.012453085270794e-10,5.264836348537653e-10,5.529679223045011e-10,5.807498798973599e-10,6.098629566163422e-10,10.70085041,9.869536559,11.96944547,10.56102928,12.8062277,12.49179674,11.58465031,10.73013078,11.39286585,13.95585198,14.07115688,13.74793991,11.64072771,14.19113014,12.57011758,15.40708981,14.93454854,13.85898377,12.83465014,15.64106536,16.68641907,16.80463304,16.39848865,15.18734101,16.84705076,14.87156799,18.18141268,18.26489066,16.22167236,14.96243897,,0.0,0.0,0.0,0.0,0.0,0.0,0.0,0.0,0.0,0.0,0.0,0.0,0.0,0.0,0.0,0.0,0.0,0.0,0.0,0.0,9.265107821947777e-10,12.789053154276738,9.731601321004458e-10,17.541503895943485,1.0227297166999502e-09,20.745552346750745,1.073379487577773e-09,25.298605174769797,1.1273852847592865e-09,30.18963295343376,1.1839483932802646e-09,30.40794471104189,1.2441480134170504e-09,26.4255313278685,10.628603797353524,31.771949296361534,17.887314789958783,33.498780914591535,9.535327960849663,31.185393866069113,10.065890627063686,30.65982653186008,12.846915076678288,32.05080152279992,17.24245991313679,33.39964914438493,21.319360570600598,33.755826206725594,21.277010224653672,33.610469571183856,23.387078807902448,34.98531046804888,23.772837059410506,33.32061214804854,25.369220333180802,33.452719804766886,29.644110692718783,32.80494983106233,35.11067947587497,28.619038900265092
2.9771788707913966,4.053973023825872,5.292286299818365,6.7163465672130505,8.29188269046349,10.16607794046629,12.331895599648256,14.814764947454483,17.63604352032293,20.742712904391013,24.45340091969976,28.753583620160434,33.648978553842966,39.24064244588907,45.732537359265756,50.66029581362727,50.929106187723086,51.36426420242066,51.898412947943996,52.78700418624833,52.964481101302674,53.16857955359273,53.403292773702866,53.673212976803605,53.983621210337425,54.340590678857495,54.75110556760168,55.223197689576175,55.76610362971755,56.390445460572806,1.3190281148846759,1.3734904371584626,1.4331430187457572,1.4984804913591365,1.531400695503378,1.6041099085352144,1.6899641180882907,1.779135962952587,1.8553802307762195,1.8517214112555247,1.9271837422444724,2.0276634025325957,2.1048291961936707,2.16180195661347,2.2566778231266578,2.37201480306193,2.356473748754763,2.4053136162042246,2.469667461765306,2.7002881063490514,2.9576255629371846,3.2394872791386202,3.5482104168944852,3.886354869678901,4.256724488814067,4.662390332652983,5.106716131410056,5.593386178789287,6.126435881685974,6.710285221266626,6.576263124516482,4.784425709217202,5.25267085164877,2.639251061650618,2.9537527142684996,0.7654126412456231,2.5267073852001435e-10,2.6547081831652837e-10,2.7895326768109505e-10,2.9315884438476666e-10,5.743990750689427,6.352889987608698,1.7067919991064369,4.06941141125939,2.913644532497809e-10,3.0597069020072355e-10,3.2156348929617943e-10,3.378689115494863e-10,3.549872250807421e-10,3.7300003387749746e-10,3.9189272639638083e-10,4.1169085322120184e-10,4.3248989408985304e-10,4.5427496788819625e-10,4.771716756836593e-10,5.011847117637215e-10,5.264158149001205e-10,5.529026646269982e-10,5.806996302508352e-10,6.098085016555149e-10,10.87247011,10.21188917,11.97810017,10.85407812,12.7770361,12.53560049,11.77044434,11.10233552,11.7089966,14.03955965,14.03908189,13.79614845,12.04451906,14.20139126,12.91891487,15.49950205,14.98691804,14.08125344,13.27985604,15.65237488,16.78650477,16.76632714,16.4559916,15.43091481,16.85923229,15.28422623,18.2904654,18.22325613,16.48183471,15.48145321,,0.0,0.0,0.0,0.0,0.0,0.0,0.0,0.0,0.0,0.0,0.0,0.0,0.0,0.0,0.0,0.0,0.0,0.0,0.0,0.0,9.264824334042899e-10,18.08549352320052,9.732465995513257e-10,23.33798856089744,1.037950680768484e-09,25.416080689779648,1.0742291281712124e-09,31.27046455441894,0.7832729604507982,35.514679143498206,7.286067048897831,40.90507732283835,12.542592414261296,41.9695530893662,16.97297955618945,39.97269858019534,19.61118087893733,35.82229970409252,16.03491850111251,39.02892365597454,18.256023164926127,40.11058190380926,19.092370450312252,39.654975463737834,20.428541974682208,37.44947294688322,22.63115747872424,34.75710212944915,22.96407262070158,35.351393931559926,24.133451760529393,35.54395848247846,24.806961941820152,34.01182340350228,25.78222358427495,34.00835126190255,30.199987560941086,30.51835920300727,35.99251963395169,26.23052888627361
3.412922793560479,4.647317993969487,6.06687247444311,7.699360126991581,9.505493846357247,11.653998845862708,14.136808504441618,16.983073965242763,20.217278682598884,23.77864439594751,28.03243372365172,32.96199697524616,38.573888526862724,44.98395590249889,52.42601332828366,58.07500516920055,58.383158992908584,58.88200732269237,59.49433480043769,60.51298145318679,60.71643412936366,60.95040470694134,61.219470871128834,61.52889695991472,61.88473696198178,62.293952964308666,62.764551366922795,63.305739529835826,63.92810591703759,64.64382726196733,1.345981924274976,1.4015571622151957,1.462428720331951,1.5291013379380654,1.562694253222866,1.6368892498000744,1.7244978556192614,1.8154918912938451,1.893294180086728,1.8895605940596627,1.9665649674529164,2.069097889214731,2.147840534855169,2.205977510735932,2.30279212744927,2.420485972213841,2.4046273427080918,2.4544652332194015,2.520134123749738,2.7554674085156243,3.018063452601316,3.3056848996888375,3.620716670684241,3.9657709694559315,4.3437089429009665,4.757664405215487,5.211069823088896,5.707684777286262,6.251627136620898,6.847407202797991,6.1824549823569175,4.2632744140167045,4.467344755437635,1.7020097352930117,1.5032376106549232,2.404657873515244e-10,2.526357058061442e-10,2.654497832858156e-10,2.7893249706462165e-10,2.93131114699551e-10,5.288974606208867,5.519539615235252,2.6361266443535055e-10,1.329832079997056,2.911325357376096e-10,3.0595001607000913e-10,3.215377830127502e-10,3.3785175280275537e-10,3.549806081458608e-10,3.7298109800962894e-10,3.918663301197827e-10,4.1166744514252377e-10,4.324738422162696e-10,4.542612804488176e-10,4.771555631252501e-10,5.011640795499546e-10,5.263904011309505e-10,5.528775136821403e-10,5.806771793467368e-10,6.097759633331446e-10,10.9413597,10.31214957,11.99664595,10.9304712,12.57142571,12.24056939,11.84502363,11.21133833,11.79140675,13.8693998,13.81316242,13.47144978,12.16277224,14.22337937,13.00984066,15.31164766,14.63419407,14.17047437,13.41023777,15.67660956,16.58305187,16.49652034,16.06869232,15.52868739,16.88533556,15.39179953,18.06878446,17.93000417,16.58626608,15.63345023,,0.0,0.0,0.0,0.0,0.0,0.0,0.0,0.0,0.0,0.0,0.0,0.0,0.0,0.0,0.0,0.0,0.0,0.0,0.0,0.0,9.264724257913931e-10,21.474810877880724,9.733600132451744e-10,27.079184700292263,2.7980816320842865,30.311979330296847,1.0780414035216116e-09,34.296386123892006,8.069084578748846,45.28895462429128,11.484987769362748,47.50114407573428,14.268443770558031,45.678143845258894,17.27233739702381,40.75699214113469,19.415037384497257,35.19390299748864,16.175981924160244,39.11387528156839,18.49223119301263,41.63104847400839,19.11150981155046,40.59456282503627,20.193528844550954,37.41754885326718,22.475219140081084,33.3288018115315,22.713298722187634,34.12208059655381,23.805547419041595,34.10199218314086,24.574485083168472,32.69033213138085,25.488681624841753,32.648114229757454,30.894523575820056,28.119432256766075,35.884901655969294,24.841390445138426
3.5946368742809303,4.894754917735579,6.38989066771186,8.109296780188592,10.011594388491913,12.274492134192823,14.889493905515618,17.887302938492414,21.29370625881283,25.04468959197153,29.52496321598642,34.716990961740215,40.62767617969139,47.3790344578694,55.21732898176458,61.16708981789764,61.49165066051078,62.01705914742341,62.66198874700058,63.73487115346568,63.94915625049055,64.19558411204208,64.47897615279805,64.80487699963611,65.17966297346122,65.61066684330717,66.10632129356495,66.67632391126321,67.3318269214601,68.08565538281547,1.304368665914513,1.3582257034144882,1.4172153165890178,1.4818266398998865,1.5143809746230794,1.586282110112009,1.6711821509179492,1.759362955413498,1.8347598577103346,1.831141701673192,1.9057653574452746,2.0051283042714854,2.081436490727944,2.1377760658011695,2.2315974984414515,2.3456526432492883,2.3302843095156915,2.3785813791760044,2.442220007294492,2.6702775741601883,2.924755027030133,3.203484181159032,3.5087762236768425,3.843162597847013,4.209415993475991,4.610573337708577,5.049960976846835,5.53122225799557,6.058347739239972,6.635708278844898,5.984341869996834,4.1227487190513115,4.201903815911778,1.428264300134187,0.8639547471199474,2.404428011707162e-10,2.5262818838808657e-10,2.654480372871964e-10,2.7893148003105713e-10,2.9312491095352006e-10,5.217548536724106,5.319553155345437,2.6361227440839136e-10,1.2887922080175462,2.911397533947127e-10,3.059589088688766e-10,3.215431769467615e-10,3.3785611343616415e-10,3.549808885051073e-10,3.7298989669336374e-10,3.9187563696633967e-10,4.11675337173231e-10,4.3248025164424596e-10,4.5426117989559396e-10,4.77161536417146e-10,5.011674096205226e-10,5.263925486970068e-10,5.528780954619982e-10,5.806739344145054e-10,6.097755029046074e-10,10.88334741,10.37572934,12.0090098,11.01938772,12.38993011,12.1413668,11.78222002,11.28046207,11.88732677,13.64297742,13.61373969,13.36227163,12.23776206,14.23803812,13.11567231,15.06168013,14.51559256,14.09534096,13.49291886,15.69276602,16.31232826,16.25835756,15.93846504,15.44635258,16.90273774,15.5170078,17.77380579,17.67114595,16.49832387,15.72983859,,0.0,0.0,0.0,0.0,0.0,0.0,0.0,0.0,0.0,0.0,0.0,0.0,0.0,0.0,0.0,0.0,0.0,0.0,0.0,0.0,9.26427668519294e-10,23.03453742072321,9.733385625139587e-10,28.67940079195336,2.964291353068916,32.31892597112062,1.0777011770711025e-09,36.56756461234799,8.126236484499811,47.63905777889093,11.080892560759837,49.86922530667167,13.571407873296797,47.02955878162433,16.18965177974361,41.193280102100964,17.920604166511833,35.70804461932493,14.783323826517336,40.39572158104621,17.074447478312823,43.069078416580844,17.65705067104342,41.81925308587364,18.715174610753763,37.81331106294868,20.951776169934384,33.079864575298,20.781324900300092,34.69744846478208,21.894433374625066,34.22534400204825,22.573665505604797,33.00888852685956,23.54455924638228,32.65764479948029,28.92761799672645,27.48990234138926,33.47471983841219,24.524294794411137
3.5566710248968367,4.8430574766648515,6.322401896201468,8.023647978672543,9.905853892875326,12.144851356575685,14.732233992263527,17.698380754416085,21.068806311217166,24.7801724943689,29.213126347414466,34.350316914814115,40.19857463519325,46.878626391880516,54.634134386918895,60.52105501646747,60.84218791114106,61.36204713670215,62.00016511638635,63.06171594937816,63.27373780925185,63.51756294807979,63.79796185770394,64.12042060374074,64.4912481616448,64.91769985318213,65.40811929838566,65.97210166027257,66.62068137628806,67.36654804933873,1.2624159340040462,1.3145407542906125,1.3716330699512693,1.4341662832951672,1.4656735649015111,1.5352621263919612,1.6174315061936968,1.7027761296713144,1.7757480227574909,1.77224623836757,1.8444697550481557,1.940636866847839,2.0144907342358946,2.0690182456259287,2.1598220763305997,2.270208837315541,2.2553347990996797,2.3020784781669277,2.363670281354419,2.5843927763091674,2.8306854079422217,3.1004497273703406,3.395922586440373,3.719554008980178,4.074027506088405,4.462282327471207,4.887537833332086,5.35332018890209,5.863491602960035,6.422282352775702,5.963947531291373,4.234026049245976,4.55359718406013,1.5590687682550046,0.9892110524580862,2.4045764568125956e-10,2.526321813267702e-10,2.65454240647915e-10,2.7893750233815194e-10,2.931298298274497e-10,5.428266445149774,5.837834403845639,0.7545503583547843,3.1184682957264407,2.9119245189435213e-10,3.059962023391857e-10,3.21582072152862e-10,3.3787586469196607e-10,3.549947761209089e-10,3.730233151020221e-10,3.91914001500783e-10,4.1171010513946474e-10,4.3250911053981647e-10,4.542746890879546e-10,4.77189925113943e-10,5.011885950991595e-10,5.264137869130167e-10,5.528977641312471e-10,5.806800588199087e-10,6.097878025027524e-10,10.78303449,10.39162428,12.24763215,11.01688303,12.36073851,12.23026263,11.6736221,11.297743,11.8846248,13.52084656,13.5816647,13.4601066,12.25650952,14.52095188,13.11269114,14.92684916,14.62187183,13.96542277,13.51358914,16.00458563,16.16630158,16.22005165,16.05516221,15.30398198,17.23859982,15.5134808,17.61469608,17.62951141,16.34625714,15.75393568,,0.0,0.0,0.0,0.0,0.0,0.0,0.0,0.0,0.0,0.0,0.0,0.0,0.0,0.0,0.0,0.0,0.0,0.0,0.0,0.0,9.26363287573182e-10,22.904197848179756,9.731084274838326e-10,28.668681586103652,1.029027571346826e-09,30.71110620841548,1.0726284860909716e-09,37.54516105388897,4.294996393498321,45.9274352772172,8.786529377144133,50.449432208482115,11.639423240260516,48.81925842792449,14.609854295546604,42.71331588935912,15.928184880317424,37.689079844511326,12.914400978854424,43.23026614575846,15.05065209264264,45.43108959304445,15.60735101071463,44.55784520493209,16.408207689957667,40.99837107828829,18.60802113386848,34.84204870692844,18.109568610513346,37.30695952784717,19.123506145974915,36.70334984434951,19.590002505431098,35.51174215189439,20.483880074119263,34.881532063128034,25.45553441893966,28.68775561074492,29.55900053762951,25.59505259196912
3.1365465650237923,4.2709812592483285,5.575581157609544,7.075871040728438,8.735745247123853,10.710265734036204,12.992019110033157,15.607795877988778,18.58009683831149,21.853065513745193,25.762385797614392,30.29275628036585,35.45020056909118,41.34118493198325,48.18058947391942,53.37212969507717,53.65532942613292,54.11378134839832,54.67652295234423,55.61268027347718,55.7996574866188,56.014681281708036,56.26195864603598,56.5463276149858,56.87335192924435,57.249429890595515,57.68191954609257,58.17928264982852,58.751250218988645,59.40901292319902,1.2929272602443855,1.3463118851279503,1.4047840647637184,1.4688286431195747,1.5010974241035355,1.572367871290324,1.6565232025416305,1.7439305199219823,1.8186660704338582,1.8150796514294125,1.889048738029,1.9875401124133651,2.0631789536608998,2.1190243402807076,2.212022808448259,2.325077506668707,2.3098439778758566,2.357717404757021,2.4207978200177322,2.6468549561717456,2.8991002335469314,3.175384485856417,3.47799862741142,3.8094518966570243,4.172492662462121,4.570131213248609,5.005664717925353,5.482704565598387,6.005206310756832,6.577502472226829,6.1589777749241215,4.753545445825313,5.3340317278398075,2.412070766374811,2.169587039007687,2.411634014730333e-10,2.5264956747835045e-10,2.6546948622459586e-10,2.7895071351750637e-10,2.931440973787174e-10,5.887325826338586,6.855571392186784,3.868176155222968,6.552420576172635,4.273570567917649,1.6845149118422895,3.217093317557992e-10,3.379385042581071e-10,3.550391717271596e-10,3.7313117948715347e-10,3.920427184973838e-10,4.1182541811272103e-10,4.325905668500251e-10,4.543225855284113e-10,4.772584507085957e-10,5.012543299665463e-10,5.264793635263396e-10,5.529616750004002e-10,5.807102618068003e-10,6.098223331119046e-10,10.5884516,10.37083859,12.31439695,10.95677045,12.40642971,12.22510925,11.4629683,11.27514486,11.81977746,13.48516789,13.63186903,13.45443501,12.23199362,14.6001091,13.04114298,14.88746033,14.61571072,13.71341279,13.48655878,16.09183049,16.1236421,16.28000872,16.04839716,15.02781732,17.3325716,15.42883296,17.56821459,17.69467852,16.05128434,15.7224241,,0.0,0.0,0.0,0.0,0.0,0.0,0.0,0.0,0.0,0.0,0.0,0.0,0.0,0.0,0.0,0.0,0.0,0.0,0.0,0.0,9.26337010076668e-10,19.90689133254911,9.729734897817753e-10,25.681432775561884,1.0221629440240771e-09,29.14956205860143,1.0731360544311615e-09,35.41252074909294,1.1271305570025806e-09,41.62503987097584,1.1838591620818766e-09,42.494261784312215,4.607051711469318,43.680381728392476,12.31351910667533,44.53169411921698,14.190804089487868,41.27973330514352,9.89111445223279,45.1462592179906,10.9443663054665,45.857349215889265,11.983493102136107,46.06781216256799,13.87922429196088,44.69019759420435,16.386614039994754,40.28296087117921,15.487089656158018,42.19437825280087,16.402289944061263,42.83907448251182,16.58305157206755,41.22153370114579,17.350184899176266,40.4812212505715,21.613432038375507,34.35816804628998,25.171074339910675,30.176995712929326
2.5465386533703267,3.467577681064537,4.526772562915313,5.744846677046545,7.092486107448643,8.695584495294753,10.548122963630997,12.67185252099421,15.085041398632988,17.74234014120689,20.916287986359333,24.594461834330588,28.781752206582226,33.56459826848695,39.11745956705495,43.33243217136082,43.5623599109326,43.93457359134767,44.39145928285565,45.151518397068926,45.30332379536085,45.47790000337738,45.67866264257635,45.909539677632985,46.17504826792073,46.480383146714146,46.83151825728048,47.23532363436221,47.6996998178956,48.233732428696136,1.323078466304721,1.3777080265182238,1.4375437838208918,1.5030818887953217,1.5361031813046249,1.6090356631666936,1.6951535060082918,1.7845991716535088,1.8610775634317143,1.8574075087412198,1.9331015625843144,2.033889766663234,2.1112925140165064,2.1684402212008713,2.263607423885232,2.3792985701155156,2.3637097937540026,2.4126996342209055,2.4772510917106576,2.7085799051686985,2.9667075701845067,3.249434801676777,3.5591059383306938,3.898288734308147,4.269795650742648,4.676707176313527,5.12239737027162,5.610561839714529,6.14524838309757,6.73089055406292,6.654779240517467,5.525552882619081,6.2239693134770215,3.6762809043811577,3.777840421482009,1.814844771785402,2.527167701742503e-10,2.655040582743413e-10,2.789788967480563e-10,2.931746038198019e-10,6.5099127714164595,7.924098826954381,6.817041835427242,9.133679036607681,9.312107268757053,10.26156741453862,9.891648591544055,2.7081393566722096,3.5536528205678165e-10,7.89282833712231,8.258957599301906,5.956932615655403,2.0703680968461766,4.545387837646291e-10,0.4436975729832512,5.016524930353419e-10,5.269720524850101e-10,5.531849650325705e-10,5.807644404254218e-10,6.098578310092125e-10,10.52439636,10.37083859,12.18828566,10.92420947,12.40642971,12.11946493,11.39362264,11.27514486,11.78465182,13.56613104,13.63186903,13.33816736,12.23199362,14.45058991,13.00238773,14.97684266,14.48940781,13.63045298,13.48655878,15.92703463,16.22044631,16.28000872,15.90971357,14.93690598,17.15506936,15.38298205,17.67369181,17.69467852,15.95418149,15.7224241,,0.0,0.0,0.0,0.0,0.0,0.0,0.0,0.0,0.0,0.0,0.0,0.0,0.0,0.0,0.0,0.0,0.0,0.0,0.0,0.0,9.263021663385728e-10,15.727433290926996,9.728745423732198e-10,21.214283068543935,1.0218188540048437e-09,25.47809293665246,1.0729095786605598e-09,30.416127616951773,1.1267370342670101e-09,37.69078653038754,1.1832449409978294e-09,40.99645549673861,1.2427052740701666e-09,41.32831048699092,1.305355050619048e-09,35.42495960303993,4.228704496179839,35.82305260513778,1.4392272710571894e-09,39.82589201023971,1.5115176824659571e-09,40.30854265577127,1.5873048171841304e-09,38.40425870168025,1.6679145626934286e-09,35.39842310877395,6.693900229439399,38.482639856473604,1.8414142092054857e-09,33.733472132773166,2.869728183832794,37.41264330878375,1.7305003251538287,35.292204217220245,5.616004730018613,38.08781748215844,14.554202766329468,40.52825322972762,17.936814436417873,36.892584867044235
1.5895870794519493,2.1645132586230424,2.8256783646713193,3.5860182366286093,4.427234694698855,5.427912411111216,6.584294313878571,7.909957704130612,9.416305881918868,11.07503104670242,13.056256220265487,15.352226720055464,17.965995281877802,20.951518510810217,24.417696635579823,27.048744855947906,27.192269150600637,27.424610433306082,27.70980523725942,28.1842453742564,28.279004548399126,28.387977598651283,28.51329660642876,28.65741346535901,28.823147853111703,29.013742399003903,29.232926126751153,29.484987413617073,29.77485789344385,30.10820894508056,1.3518830044650414,1.4077018964467847,1.4688403288352245,1.5358052538311182,1.5695454478299482,1.6440657315574574,1.7320584327340596,1.8234514062336236,1.9015947973376575,1.8978448424499523,1.9751868199181077,2.0781692685142175,2.1572571391966284,2.2156490003403304,2.3128880735835016,2.4310979139965334,2.415169756778168,2.4652261475405632,2.531182944900868,2.767547982441252,3.0312953052222937,3.3201777478648338,3.6365906872916507,3.983157779846271,4.362752716321751,4.778523050243517,5.233916296988345,5.732708520148578,6.279035642178252,6.8774277389352125,7.621601136275986,7.038270255132607,7.605689206706896,6.163061469763912,6.254807177706707,4.760185767578303,3.1191389736464172,1.8022790599078427,0.8558351410298755,0.4230953011495087,8.15566942629412,9.667155987782342,9.762219285268246,11.470637899891594,12.473010927051218,13.977077768970037,16.273083121983486,16.860229759213354,17.375279995320422,17.52901743729915,17.045372618222977,15.902508303763966,14.885451032468092,11.545663999114877,10.039494492470457,7.826094616226359,6.559049369850383,5.14609577247162,3.636996658891398,2.503243549501421,10.56307122,10.61048541,11.9002079,11.28488496,12.25158732,11.83216391,11.43549172,11.53568817,12.17373582,13.39597119,13.46173214,13.02197609,12.51464756,14.10904117,13.43167669,14.78898827,14.14592552,13.68054192,13.79820291,15.5505892,16.01699341,16.07682089,15.53256186,14.99179585,16.74959856,15.89086911,17.45201087,17.47383445,16.01280962,16.08573407,,0.0,0.0,0.0,0.0,0.0,0.0,0.0,0.0,0.0,0.0,0.0,0.0,0.0,0.0,0.0,0.0,0.0,0.0,0.0,0.0,9.263072305001824e-10,9.725380327044357,9.728546147043615e-10,14.075575886947643,1.0216703686552846e-09,17.370824146968648,1.0728575717421062e-09,20.528764241698386,1.1266594022826276e-09,25.771918946904307,1.1831525457845308e-09,28.667932269638037,1.2425144352935243e-09,31.734596510122604,1.3048572726330991e-09,33.06952442085888,1.3703392594928161e-09,33.818065268319614,1.4389703730119148e-09,32.9302215948768,1.5112604559122647e-09,32.3386790627685,1.5870694486720414e-09,31.533842761250902,1.6666282485097259e-09,31.502776467208772,1.7502159485489742e-09,29.194439395392312,1.8379275974018523e-09,26.47579650302887,1.93004674924649e-09,25.727490956656112,2.02680863599898e-09,23.573880924830778,2.1284218865393364e-09,22.889957257540757,2.235139476174315e-09,23.678080575883897,2.347096143735408e-09,23.403146164956436
0.5193193838412902,0.7071482313331174,0.9231514059492153,1.1715550567583066,1.4463811536292068,1.7733033725051595,2.151094274930845,2.5841895761609,3.076314743540316,3.6182215957490227,4.2654894615273236,5.015584879816581,5.869505181872196,6.844878034190293,7.97728122952837,8.836846809999345,8.883736313084015,8.959642397963043,9.052815770959286,9.207815747242307,9.238773646035796,9.274375229644393,9.315317050790195,9.362400145103347,9.416545703557883,9.478813095772956,9.550420596810888,9.632769222990326,9.727470143074127,9.83637620111689,1.3702954055252465,1.4268745406807775,1.4888456674174781,1.5567226425330336,1.5909223718479402,1.6664576083092137,1.7556487540990577,1.848286483303517,1.9274941732059379,1.9236931446135392,2.0020885057718734,2.106473556619399,2.1866385897405656,2.2458257374308688,2.34438918919597,2.464209026172136,2.448063930344522,2.4988020800603916,2.5656571970250064,2.8052414834600286,3.0725809968889,3.365397965948015,3.6861203921589123,4.037407665588141,4.422172616175586,4.84360566655419,5.305201286634196,5.810786969308458,6.36455496754388,6.971097056008966,9.324886110827391,9.252869448189577,9.747851726847415,9.439510810933376,9.46177778475897,8.526390849433076,8.23398096122995,7.9473192808085065,8.12237211354076,8.070873029939147,12.500333985422161,13.026736315451785,13.544651200767674,14.509974368874142,15.16059850213062,16.020979188283164,17.274389154095417,17.740201325972357,18.21958640631022,18.11852817847414,17.76316610007151,17.183422514607717,16.811107843615655,15.74954864433404,14.835602005418739,13.580335596486135,12.616665839358818,11.115301270558824,8.705815151278525,7.152514587962346,11.2145009,11.38689222,12.1598488,12.16778851,12.49908131,11.96615183,12.14072399,12.37979534,13.12618103,13.61278777,13.73367224,13.16943749,13.43038865,14.4168748,14.48254031,15.02835112,14.30611457,14.52422751,14.80786629,15.88987479,16.27623178,16.40158832,15.70845324,15.9163471,17.11504434,17.13413431,17.7344753,17.82682292,17.00032729,17.26278421,,0.0,0.0,0.0,0.0,0.0,0.0,0.0,0.0,0.0,0.0,0.0,0.0,0.0,0.0,0.0,0.0,0.0,0.0,0.0,0.0,9.263451787690576e-10,5.034239713287427,9.728984561308132e-10,6.979357262482935,1.0217393208974127e-09,8.170406323005487,1.0729247324737912e-09,9.183803341151103,1.126722852368267e-09,10.999728611543793,1.1832142160341221e-09,12.293683905177875,1.242564455066713e-09,14.300074828284075,1.304897129869038e-09,14.674418294794055,1.370347744899425e-09,15.030193085132776,1.4390306553331394e-09,14.241710620056361,1.5112964693010822e-09,13.798288963920216,1.5871078503041527e-09,13.421607391170808,1.666673960625252e-09,14.104092047585,1.7502638253392945e-09,13.233009356097153,1.8380088718972592e-09,11.559275986277083,1.9301539093482655e-09,10.76862004999497,2.026932603787195e-09,9.737812424044883,2.1285902654409913e-09,8.732034544161229,2.235416184021361e-09,7.797512973266819,2.347501978120437e-09,6.69720363652739
1.9322640000048006e-05,2.6311305000115996e-05,3.4348269750212656e-05,4.359077921284535e-05,5.381640509488952e-05,6.598040385925584e-05,8.003710543828974e-05,9.615155225419797e-05,0.00011446236009252416,0.00013462542610661335,0.00015870872502282663,0.00018661799277647982,0.000218390337693217,0.00025468164334746995,0.0002968156748495731,0.00032879806715894403,0.0003305427141258732,0.0003333669991373081,0.00033683375890021115,0.0003426009396273763,0.000343752809463468,0.0003450774597748278,0.00034660080763273957,0.00034835265766916984,0.0003503672852108568,0.0003526841068835124,0.0003553484518067165,0.00035841244846787347,0.00036193604462736483,0.0003659881802087853,1.365854574105197,1.422250348505007,1.4840206402059641,1.5516776407068666,1.585766536086341,1.6610569791621552,1.7499590757141366,1.8422965860483622,1.9212475809369853,1.9174588706572173,1.995600169383747,2.099646930829062,2.179552166393849,2.238547501323147,2.3367915302311753,2.4562230569972625,2.4401302839378216,2.4907040022701037,2.557342456241608,2.7961503017554525,3.0626234255677,3.354491438079724,3.6741744721845913,4.024323299440085,4.407841309933435,4.827908586826977,5.288008275208793,5.791955463894027,6.343928819663257,6.948505236235132,9.970694533449066,10.163913680393854,10.759868011738705,10.960462278739126,11.09475655774504,10.473802110681783,10.522834147440589,10.754078932672666,11.576340166990386,11.9202443942187,15.3467104747703,15.480130014750173,16.003110376361917,16.722460259549344,17.18515448957553,17.60930683366901,18.032680493331515,18.304972269786944,18.611684481877127,18.639986769564917,18.458113232425625,18.202762157618718,17.957455958163738,17.61954530584638,17.628375935623147,17.50594524698785,17.523245295153064,17.326365696723702,15.527535330697729,14.629341944642253,11.33656843,11.58619034,12.243923,12.51218351,12.68057691,12.13492507,12.27287326,12.59647167,13.49770221,13.83783789,13.93309498,13.35518214,13.6654529,14.51655426,14.89245165,15.2768037,14.50789116,14.68232073,15.06703973,15.99973869,16.54531464,16.63975111,15.93000873,16.08959325,17.23337917,17.61909591,18.02766622,18.08568113,17.18537234,17.56492464,,0.0,0.0,0.0,0.0,0.0,0.0,0.0,0.0,0.0,0.0,0.0,0.0,0.0,0.0,0.0,0.0,0.0,0.0,0.0,0.0,9.263632652645617e-10,3.4093743734448285,9.729571780187062e-10,4.224781424166915,1.02181362845138e-09,4.517428033718234,1.073019095802379e-09,4.444708183171511,1.1268301860455423e-09,4.629791186170079,1.1833305826354861e-09,4.789054989456475,1.2426888384541696e-09,5.965250160743473,1.3050276396308548e-09,6.1136889098544005,1.3704957531019886e-09,6.102324042715829,1.4391837446959623e-09,5.436740983139943,1.511396347229229e-09,4.975765771726744,1.587205841012777e-09,4.9178475641288655,1.666804710149882e-09,5.701968302176192,1.7504102403804874e-09,5.55462370901581,1.8381534300422372e-09,4.803188443966783,1.9302876664252514e-09,4.71511060910327,2.0270115699842403e-09,4.783942700054615,2.128588589052732e-09,5.032998444369767,2.235532011749228e-09,4.686453747776015,2.3477116319970166e-09,4.013288530496997
9.729840000024173e-06,1.3248955000058408e-05,1.729593725010708e-05,2.19499668376739e-05,2.709904086338408e-05,3.322417499295861e-05,4.030237224197568e-05,4.8416739078355007e-05,5.76370749402072e-05,6.779010818134431e-05,7.991715940865738e-05,9.397076232007139e-05,0.00010996960266821564,0.00012824394806858414,0.00014946037527886305,0.00016556498417223423,0.00016644349434707088,0.00016786565204786433,0.00016961132540365241,0.0001725153667627214,0.00017309538632557606,0.00017376240882278562,0.00017452948469450007,0.00017541162194688694,0.00017642607978702717,0.00017759270630304523,0.00017893432679628988,0.00018047719036325545,0.00018225148346484327,0.00018429192053066493,1.314729320564628,1.3690141467570158,1.4284723168863513,1.4935968506298254,1.5264097657898572,1.5988820149931982,1.6844564203599843,1.7733376486590344,1.8493334316916623,1.8456865364903934,1.9209029310689099,2.0210551219209743,2.097969427481266,2.1547565101462647,2.249323170334376,2.3642842599086755,2.348793854860026,2.397474550156587,2.4616186625492467,2.6914877001688686,2.947986478047857,3.228929589459166,3.5366465793884028,3.8736889984583116,4.242851560065977,4.64719531379502,5.09007302725475,5.575156986807799,6.106469447708461,6.688415986130873,9.894927489789584,10.253843584491909,10.663357997390749,11.05613507962861,11.112256445405768,10.340181341079507,10.450993627527879,10.862964684875227,11.688840721520913,12.029134503703496,15.340736837188432,15.371270479954012,16.011594028777314,16.635901922885328,17.181188688824385,17.597025887578457,17.97471500184553,18.26052544927608,18.587939213433536,18.598579795788254,18.453253926625116,18.190217565426018,17.903015181641454,17.58414175608538,17.659139599992805,17.703332601634923,17.97193256107655,17.94511608268962,15.922122788214509,15.379280757709,11.20966654,11.62287098,12.09184761,12.54975388,12.63869331,11.93909658,12.13549035,12.63635075,13.53823179,13.87488883,13.88707435,13.13966163,13.70871626,14.3362517,14.93716925,15.31770748,14.2737687,14.5179664,15.11474036,15.80101428,16.58961487,16.58479047,15.67293671,15.90948587,17.01933235,17.67200081,18.07593546,18.02594462,16.99299877,17.62053331,,0.0,0.0,0.0,0.0,0.0,0.0,0.0,0.0,0.0,0.0,0.0,0.0,0.0,0.0,0.0,0.0,0.0,0.0,0.0,0.0,9.263361800778678e-10,3.3746453359824935,9.729414776580957e-10,4.252757943232314,1.0217973392864815e-09,4.400957166485947,1.0729883538180617e-09,4.45453497763541,1.1268086363819936e-09,4.493492070222489,1.183302256956161e-09,4.643768233194275,1.2426750904762053e-09,6.049906600960049,1.3050133543114937e-09,6.140201465883011,1.3704929133518854e-09,5.934987128146319,1.4391552195133732e-09,5.489225732203918,1.5113421380265027e-09,4.8117986309831835,1.5871509108571928e-09,4.834530448264647,1.6667755569559046e-09,5.766899581534924,1.7503744125016033e-09,5.548520297237398,1.8380572151344976e-09,4.882835237263633,1.930182794849493e-09,4.678704699317692,2.026803036369071e-09,4.986249063898856,2.1283276342817816e-09,5.494508927991193,2.2353877496176914e-09,5.035775718776823,2.347471827779149e-09,4.447347727199546
0.0,0.0,0.0,0.0,0.0,0.0,0.0,0.0,0.0,0.0,0.0,0.0,0.0,0.0,0.0,0.0,0.0,0.0,0.0,0.0,0.0,0.0,0.0,0.0,0.0,0.0,0.0,0.0,0.0,0.0,1.0217392419113682,1.063926585186926,1.1101343822772765,1.1607457824309688,1.1862462733199335,1.242567935735458,1.3090719124087147,1.378145779859561,1.4372057494895616,1.4343715722334596,1.4928258416970437,1.570658914981668,1.6304327125429499,1.6745646793934161,1.7480569687790326,1.837398747861365,1.8253604107955195,1.8631925150393533,1.9130419827160974,2.091684242048613,2.291021750356953,2.50935612320743,2.748497761790892,3.0104295985316813,3.297323539314173,3.6115584726533676,3.9557399951400263,4.332722016720135,4.745630424958545,5.197889004500456,10.009056078282915,10.37554121501708,10.764109427937132,11.286315767794434,11.262067036916614,10.521313674512307,10.632773957851432,11.058809570413807,11.990245180798023,12.225072928068563,14.838943967879434,15.453080410194586,16.052251982132102,16.617593136464382,17.188187731389363,17.548057015774262,17.884370793969094,18.175437242692794,18.509083066758432,18.51258382500816,18.402170082340724,18.149715320783432,17.845765086349232,17.559770995967632,17.672135972714898,17.7894446607122,18.009399878715598,17.97068376364197,16.22507496111965,16.061079924194296,11.03079532,11.4394678,11.87424381,12.44706155,12.44831331,11.76388161,11.94184587,12.43695535,13.42745093,13.6594445,13.67788966,12.94682749,13.49239947,14.07825781,14.81494114,15.07985959,14.06429071,14.28630504,14.8762372,15.51666064,16.33201725,16.33496936,15.44292491,15.65562022,16.71305398,17.52739408,17.79525878,17.75441503,16.72184364,17.34248997,,0.0,0.0,0.0,0.0,0.0,0.0,0.0,0.0,0.0,0.0,0.0,0.0,0.0,0.0,0.0,0.0,0.0,0.0,0.0,0.0,1.155661788487805e-09,2.653880150591052,9.729785872942256e-10,4.076911835771258,1.0218444534145898e-09,4.1902852252997755,1.073009125126141e-09,4.2139000065135965,1.1268322178474195e-09,4.121303560856819,1.1833059780096746e-09,4.305596174358647,1.2427019809696852e-09,5.645440495524829,1.305058427405976e-09,5.752324718530569,1.3705391188082622e-09,5.545887850312826,1.4391758180981606e-09,5.087607427936976,1.5112961015725704e-09,4.361174583621706,1.587112724960176e-09,4.324102084961646,1.6667852065578163e-09,5.151337939160635,1.7504409034106924e-09,4.914580375571271,1.8380491124628505e-09,4.256405533154335,1.9301831163700964e-09,3.873609054547121,2.02677903136334e-09,4.169881095096572,2.128336643177161e-09,4.548990751665711,2.235492327510356e-09,4.248861747448785,2.3475366442840373e-09,3.9164789601340604
0.0,0.0,0.0,0.0,0.0,0.0,0.0,0.0,0.0,0.0,0.0,0.0,0.0,0.0,0.0,0.0,0.0,0.0,0.0,0.0,0.0,0.0,0.0,0.0,0.0,0.0,0.0,0.0,0.0,0.0,0.9967963069010908,1.037953762981937,1.0830335246279048,1.1324093875593495,1.157287354558771,1.2122340795072044,1.277114545699467,1.3445021659004655,1.4021203498734578,1.3993553612089324,1.4563826315082524,1.5323156257815658,1.5906302115530573,1.6336848186077233,1.7053829972039052,1.7925437440835548,1.7807992896902622,1.817707827843309,1.8663403587698975,2.040621561893703,2.2350927967822773,2.4480971403560754,2.681400797872783,2.936938293951148,3.2168285134060794,3.5233922707751937,3.8591715542218177,4.226950603381365,4.6297789959274915,5.070996934281685,9.728225893292997,10.017590037221822,10.215054765586123,10.72229276266566,10.66277197567736,10.069806360740243,10.33370393456047,10.675052164372635,11.386314150413709,11.683741269092714,14.57087702724402,15.129200521786242,15.799120196191566,16.30346946909977,16.909674917424294,17.33245139784773,17.75779640033552,18.090887238662486,18.43165985242997,18.385834975516378,18.262283674643136,17.946561630732116,17.664933585969994,17.369149029558987,17.278376119117176,17.297911675663567,17.377634764926878,17.04111909892811,15.632128379194624,15.279883684288109,10.7250222,11.0555438,11.29808829,11.85470215,11.82005933,11.28204044,11.61081848,12.01955433,12.7884345,13.08309663,12.98758018,12.4165336,13.03957631,13.39516033,14.10989364,14.44357859,13.48822624,13.89028936,14.37697058,14.76376978,15.6429026,15.51055971,14.81039244,15.22164718,15.90211237,16.69326012,17.04440398,16.85836737,16.25831494,16.76045257,,0.0,0.0,0.0,0.0,0.0,0.0,0.0,0.0,0.0,0.0,0.0,0.0,0.0,0.0,0.0,0.0,0.0,0.0,0.0,0.0,1.1481029460469472e-09,3.039679479760251,9.72986736786243e-10,4.244982548163163,1.0218657667080485e-09,4.350174098369654,1.0730233400482475e-09,4.541993958363758,1.1268483751386059e-09,4.5051642753171,1.1833203997877142e-09,4.681416552654735,1.2427038973457104e-09,6.050369450786379,1.3050804736877867e-09,6.018305707304482,1.3705589301157909e-09,5.921029632038494,1.4391982951393941e-09,5.662686758290791,1.5113353182659818e-09,4.8544738723499234,1.5871573162977122e-09,4.884099062059547,1.6668013186616288e-09,5.5359419448637155,1.7504664990369384e-09,5.084440144582374,1.8380874017567573e-09,4.593092263649067,1.9302892217582727e-09,4.128043827620917,2.0269250796685663e-09,4.192402340390224,2.1285527368042835e-09,4.40970233361382,2.2356191699398904e-09,4.003592436493065,2.3477113418464273e-09,3.5904280500095873
0.0,0.0,0.0,0.0,0.0,0.0,0.0,0.0,0.0,0.0,0.0,0.0,0.0,0.0,0.0,0.0,0.0,0.0,0.0,0.0,0.0,0.0,0.0,0.0,0.0,0.0,0.0,0.0,0.0,0.0,2.570733475348603,2.6768783811580508,2.7931388964927297,2.920479038940392,2.9846392110048905,3.126346583120713,3.2936730320470757,3.4674654205977027,3.616062474281273,3.6089315801661526,3.756004669975224,3.9518355422511484,4.102228613238656,4.213266263415656,4.398175563904283,4.622962762842145,4.592673864448847,4.687860828825946,4.813283921165225,5.262754409661781,5.764294905005977,6.31363220955736,6.915321359233332,7.574351484874236,8.296187181489488,9.086813819992502,9.952787177145456,10.901287795236273,11.940180522235464,13.078079726113604,8.359748924844508,8.361547789044486,8.300945833719943,8.468350591283109,8.207166129229682,8.160847237125669,8.539574918211995,8.533478669674446,8.66980519600476,8.899189440134563,13.05460768818094,14.02108827504272,14.987153119540016,15.729109789810126,16.44119815491219,17.041788719049276,17.805683647177688,18.15887629300565,18.46897480065257,18.389554785383808,18.212208038423487,17.765247831178854,17.49139464141756,17.041042360597995,16.45088681971723,15.929660818630179,14.862898239458222,12.556887253898738,12.138869586578737,11.784012127276073,10.9304824,11.03842617,11.09408473,11.38882963,11.19180534,11.28719382,11.83324795,12.00094409,12.28586767,12.50812102,12.2972707,12.4222052,13.01938674,13.15329106,13.55539539,13.80881255,13.49438735,14.15638686,14.35471029,14.49718825,14.95542869,14.68615006,14.8171575,15.51324961,15.6149764,16.03723933,16.29533693,15.96231971,16.56977691,16.73450186,,0.0,0.0,0.0,0.0,0.0,0.0,0.0,0.0,0.0,0.0,0.0,0.0,0.0,0.0,0.0,0.0,0.0,0.0,0.0,0.0,1.131425619860238e-09,4.5133416591494715,9.737357548898003e-10,5.550718617890695,1.022737361322089e-09,6.069994993405273,1.0740190369843092e-09,6.789084993883769,1.1279124406934602e-09,7.283978329507274,1.1844393059097934e-09,7.855938932616818,1.2437599981106296e-09,8.903970162388344,1.3062661424556604e-09,8.69035026263133,1.3718110237656085e-09,8.927548432657543,1.4405544650067658e-09,9.15512094592766,1.5131576413320751e-09,9.0210742543559,1.58911572724783e-09,9.39272998170972,1.6687947223592822e-09,9.589558501673409,1.7527661958945605e-09,9.102144236546097,1.840789879674633e-09,9.13209760233477,1.9332591232973175e-09,8.97923530980747,2.0303057852334952e-09,8.520348487848096,2.1322629962195277e-09,7.495855340442408,2.2397885437908764e-09,7.509273200187973,2.3520350594480575e-09,8.127589994832524
0.0,0.0,0.0,0.0,0.0,0.0,0.0,0.0,0.0,0.0,0.0,0.0,0.0,0.0,0.0,0.0,0.0,0.0,0.0,0.0,0.0,0.0,0.0,0.0,0.0,0.0,0.0,0.0,0.0,0.0,2.4804484469075985,2.582865507753043,2.6950429144985923,2.8179108281085266,2.879817673247005,3.0165482345637065,3.177998122055321,3.345686863186413,3.4890651381258153,3.4821846834219246,3.6240925166131284,3.8130457424731166,3.958156957981772,4.065294928359064,4.243710151723901,4.460602748267585,4.43137760622208,4.523221572241548,4.644239763190777,5.0779246962314915,5.561850919882149,6.091895312647567,6.672452936044341,7.308337700951614,8.00482228395529,8.767681847719537,9.603241927911096,10.518430883746055,11.520837347076252,12.618773146357888,7.909794493285202,7.907796492449187,7.93663373571383,8.096279872114717,7.79415407698728,7.672853325682332,8.070391158203416,8.05972965708539,8.284778802159924,8.70620049687861,12.401298349762284,13.7036412447465,14.689996583432318,15.512241172423526,16.2599149082023,16.936984450731526,17.7205872098907,18.08856908873136,18.41580049818099,18.33035677565923,18.152083444030694,17.666033772505887,17.38322282667351,16.806550578811336,16.123370438192836,15.407555255817554,14.336211291206446,12.056620218869421,11.208767414944361,10.155179830710603,10.39024294,10.490662,10.63167665,10.9141907,10.67397175,10.68940156,11.24838928,11.40541652,11.77384394,12.18838518,11.72828834,11.76430048,12.37332059,12.60505403,12.99046303,13.45582809,12.77969774,13.45670697,13.64238085,13.89293678,14.57313414,14.00663666,14.03241134,14.74650674,14.96413485,15.36887407,15.87879129,15.22375922,15.75081514,15.90407909,,0.0,0.0,0.0,0.0,0.0,0.0,0.0,0.0,0.0,0.0,0.0,0.0,0.0,0.0,0.0,0.0,0.0,0.0,0.0,0.0,1.1235785635221873e-09,4.297102527361832,9.737060824644114e-10,5.752386507816822,1.0226974023270108e-09,6.2748329520410495,1.0739758467598694e-09,6.972482071440873,1.1278672473600925e-09,7.51316203061731,1.184386167918706e-09,7.941759109724659,1.2437139263068424e-09,9.37226707687502,1.3062027345646532e-09,9.155083691773047,1.3717385637116246e-09,9.417659412211933,1.4404761362436756e-09,9.51534469277313,1.5130723223373924e-09,9.14080022483945,1.589027555311707e-09,9.75129242612734,1.6687154448322758e-09,10.023264423740832,1.7526614457999154e-09,9.368381540837245,1.8406826976355106e-09,9.16405787327652,1.9331626179126706e-09,8.806363034722246,2.0302067736126134e-09,8.060661930362155,2.1321508953989205e-09,7.351291883923276,2.2397396695228677e-09,6.978789623394914,2.352098770857487e-09,6.869873888511973
0.0,0.0,0.0,0.0,0.0,0.0,0.0,0.0,0.0,0.0,0.0,0.0,0.0,0.0,0.0,0.0,0.0,0.0,0.0,0.0,0.0,0.0,0.0,0.0,0.0,0.0,0.0,0.0,0.0,0.0,2.43388107116708,2.5343753773749205,2.6444467909658735,2.765008010273549,2.825752630362736,2.9599162431778527,3.11833510715295,3.2828756979463716,3.4235622217185786,3.4168109391084927,3.5560546268718904,3.74146048778786,3.8838474182966882,3.9889740047531186,4.1640397012392105,4.376860405439727,4.348183929572872,4.438303637835457,4.5570498607555185,4.98259289136924,5.457433994014652,5.977527453743007,6.547185820184273,7.171132628948161,7.854541568587976,8.603079380175776,9.422952845208465,10.320960251459892,11.304547763531168,12.38187116549898,7.325478212025315,7.316820863826898,7.357909769246149,7.630711669949371,7.364653929871252,7.17678515706784,7.447064853105355,7.427315542324996,7.79097346856681,8.211693451191687,11.983971703711292,13.391937643400897,14.356373676903663,15.239010803485762,16.075212385097828,16.796987409553065,17.644455330586,18.018836364189763,18.365053706423982,18.268726695309557,18.085498294426113,17.578019908205818,17.26721890436404,16.573634084411978,15.781737638818802,14.994990240740101,13.826954614236607,11.59686391935842,10.394522477729188,9.24518684763202,9.759359283,9.851196241,10.00235656,10.39571968,10.19040656,10.1367014,10.56539996,10.71019124,11.21453569,11.62850439,11.19695922,11.1560222,11.61909603,11.85892395,12.37336014,12.83772655,12.1189179,12.63963112,12.81079982,13.07057316,13.90370848,13.37209105,13.3068594,13.85111573,14.07836388,14.63878642,15.14938948,14.53407405,14.79444367,14.93463464,,0.0,0.0,0.0,0.0,0.0,0.0,0.0,0.0,0.0,0.0,0.0,0.0,0.0,0.0,0.0,0.0,0.0,0.0,0.0,0.0,1.1172689440286376e-09,4.343067111564088,9.736998598582023e-10,5.9773759317863515,1.0226948042680793e-09,6.621125065827804,1.0739702678890892e-09,7.36906085889765,1.1278659151918867e-09,7.865891947028552,1.184382946833509e-09,8.336121265718745,1.2437114215215977e-09,9.87372136092155,1.3061986784385301e-09,9.81750888282591,1.371747970195314e-09,10.111303748020243,1.4404818523101758e-09,10.180746427561765,1.513065066415318e-09,9.639223809367818,1.5890200964401958e-09,10.18345631292313,1.6687066112409356e-09,10.507545325571769,1.7526484158585219e-09,9.893650984435022,1.840674888220143e-09,9.557915328535751,1.933167510557634e-09,8.959283202101512,2.0302166157195482e-09,8.100517980690155,2.13216129436151e-09,7.383750122126543,2.239765151212038e-09,6.904626572635283,2.352172292623124e-09,6.692423374575181
0.0,0.0,0.0,0.0,0.0,0.0,0.0,0.0,0.0,0.0,0.0,0.0,0.0,0.0,0.0,0.0,0.0,0.0,0.0,0.0,0.0,0.0,0.0,0.0,0.0,0.0,0.0,0.0,0.0,0.0,2.447945672667237,2.549020702554057,2.6597281827906056,2.7809860858952105,2.8420817292471825,2.977020629635887,3.136354944336294,3.301846361309156,3.4433458664208128,3.436555570359884,3.576603901786033,3.7630811624431275,3.906290900384973,4.0120249789506515,4.188102322754516,4.402152848095852,4.373310660267853,4.463951140806059,4.583383559253423,5.0113856636557745,5.488970717500659,6.012069626977802,6.5850198625289185,7.212572255528831,7.899930391582368,8.65279375800212,9.477405003242248,10.38060170015489,11.369873042287418,12.453421943321299,6.985094476524918,6.9720498116475165,7.028586529421185,7.264076864327455,6.909181644986491,6.726796724609499,7.075774675921762,7.04943317896196,7.392913713864319,7.739104069939994,11.590895235329688,13.130843164117557,14.160005663904075,15.088705037870476,15.94695841972063,16.691091802180388,17.592260096491376,17.983242209805002,18.339115709494646,18.235707677674675,18.03944302985568,17.50711945959802,17.179635034023736,16.43677634592076,15.570629713823884,14.654263395720372,13.373099950615039,11.104861619233457,9.875224711403943,8.5616055362545,9.433040149,9.521070514,9.688314712,10.04506295,9.751263374,9.703817354,10.21212962,10.35127954,10.83625958,11.17565964,10.71443987,10.67960844,11.22972581,11.48659186,11.95599587,12.33779149,11.60138404,12.21700568,12.38149413,12.66019917,13.36226125,12.79583703,12.73859494,13.38798245,13.6363485,14.14500734,14.55943214,13.90774579,14.29976877,14.43415662,,0.0,0.0,0.0,0.0,0.0,0.0,0.0,0.0,0.0,0.0,0.0,0.0,0.0,0.0,0.0,0.0,0.0,0.0,0.0,0.0,1.1119025700168095e-09,4.453059268091915,9.737200633665245e-10,6.21431588715863,1.0227187184996931e-09,6.836570754916792,1.0739997378414806e-09,7.614138157480178,1.1278988333769119e-09,8.179064873166974,1.1844210328836029e-09,8.755453161002569,1.2437578227636353e-09,10.364186717522292,1.3062494459521912e-09,10.230187671412075,1.3718015143210228e-09,10.541005139589137,1.440552894177144e-09,10.586894172213752,1.513120765630134e-09,10.166152498283795,1.5890817369978178e-09,10.723352057550558,1.6687788106339388e-09,11.026059957576532,1.7527232573698504e-09,10.26136615252482,1.8407520904161056e-09,9.83421160653555,1.9332518101390843e-09,9.162049814908483,2.030319826808548e-09,8.291072815102792,2.132277906152049e-09,7.577717530696994,2.2398888925238124e-09,6.945328985066638,2.352325569909286e-09,6.580870861020313
0.0,0.0,0.0,0.0,0.0,0.0,0.0,0.0,0.0,0.0,0.0,0.0,0.0,0.0,0.0,0.0,0.0,0.0,0.0,0.0,0.0,0.0,0.0,0.0,0.0,0.0,0.0,0.0,0.0,0.0,2.471460280647498,2.5735062224834357,2.6852771425778665,2.8076998313588244,2.8693823505221205,3.005617454245465,3.1664823110611717,3.3335634143729362,3.4764221430283393,3.469566620376917,3.610960235584706,3.7992287695247597,3.9438141592566995,4.050563903911453,4.2283326209185645,4.444439284289258,4.415320042624794,4.506831202357721,4.627410871142901,5.059524301140475,5.541696967138597,6.069820688207189,6.648274599894429,7.281855169366244,7.975815967109462,8.735911228877926,9.568443569093503,10.480316241332766,11.47909037924058,12.573047692487094,6.843138108544556,6.804509809718018,6.891762898633826,7.053268338863693,6.662309428711387,6.637647666999865,6.9174232591967835,6.862187715898067,7.161242477256652,7.397335229922759,12.005946919781044,13.060055012165376,14.044238389355618,15.001425905265558,15.853917323327053,16.594730558108367,17.55486187964662,17.948130801111095,18.309314806928377,18.199593322357458,17.992536586079094,17.4443098996739,17.129194490595733,16.351977720526822,15.455863307415289,14.49613545861035,13.074493970466687,10.812465744300198,9.681845132602517,8.276864083526677,9.314598389,9.378016032,9.577040041,9.86096817,9.531691779,9.643265121,10.08390557,10.19575113,10.63766462,10.86690185,10.47318019,10.61296723,11.06099871,11.35466316,11.73687962,11.99692667,11.52899091,12.0636083,12.19546166,12.51479106,12.99309269,12.50771002,12.65910557,13.21988222,13.47972887,13.88577331,14.1571885,13.59458165,14.12022011,14.21728282,,0.0,0.0,0.0,0.0,0.0,0.0,0.0,0.0,0.0,0.0,0.0,0.0,0.0,0.0,0.0,0.0,0.0,0.0,0.0,0.0,1.1081580097993537e-09,5.143726966338659,9.73784944916162e-10,6.246316552288183,1.0227877995395349e-09,6.927053839240234,1.0740805306308517e-09,7.697326649836215,1.1279898111257539e-09,8.345370324937658,1.18451804223434e-09,9.042243173124257,1.2438794760365575e-09,10.441191013034604,1.3063808031902212e-09,10.391353704270022,1.371945966966764e-09,10.741264018912563,1.440729787261058e-09,10.744326564381437,1.513262538234166e-09,10.541140864145483,1.5892304441320292e-09,11.006420568856107,1.6689641793741061e-09,11.118363521514196,1.7529183912934527e-09,10.413950670968521,1.8409568884411029e-09,9.951950405654262,1.93347552816055e-09,9.346273378674562,2.030561250051693e-09,8.485749040806068,2.1325447152415684e-09,7.698200336941882,2.2401366947288865e-09,7.040715403218621,2.3525807563790837e-09,6.6326289574585315
0.0,0.0,0.0,0.0,0.0,0.0,0.0,0.0,0.0,0.0,0.0,0.0,0.0,0.0,0.0,0.0,0.0,0.0,0.0,0.0,0.0,0.0,0.0,0.0,0.0,0.0,0.0,0.0,0.0,0.0,2.472889876737514,2.5749948462181975,2.6868304192919203,2.809323922481097,2.8710421213957162,3.007356029206316,3.1683139369895525,3.3354916870060527,3.47843305113066,3.4715735629579405,3.613048966151981,3.8014264024936235,3.946095426467818,4.052906919643785,4.230778465518814,4.447010134030557,4.4178740485776835,4.509438142196368,4.630087559309846,5.062450941805061,5.544902516658575,6.0733317265964795,6.652120240242277,7.2860672992393,7.98042951295948,8.74096444564751,9.57397835742129,10.48637849498825,11.485730365669495,12.580320469622745,6.815119546454521,6.748000230983217,6.83209951591973,7.0478872117414175,6.529922060837699,6.601123767038989,6.886806643268384,6.800440823264909,7.1551786091543255,7.262219377341651,12.481408789013189,13.026416392358916,13.990444936361184,14.946351461406516,15.81704226125174,16.532713438294127,17.523085537872344,17.92115904009426,18.285091412357055,18.169890029870878,17.958782564742243,17.39529958401336,17.096381998009395,16.304551163836965,15.396849958496684,14.454918765108154,12.937772404675508,10.64757507310335,9.70304167273669,8.297605294728598,9.288009423,9.322995077,9.518929935,9.857211134,9.400964182,9.608479796,10.05512058,10.13593251,10.63361166,10.73379294,10.32954004,10.57468398,10.99610367,11.28576706,11.73240786,11.84997606,11.48740336,12.02917216,12.12391072,12.43885572,12.83394002,12.3361662,12.61344146,13.18214543,13.39793863,13.88048282,13.98377679,13.40813133,14.07991327,14.13386982,,0.0,0.0,0.0,0.0,0.0,0.0,0.0,0.0,0.0,0.0,0.0,0.0,0.0,0.0,0.0,0.0,0.0,0.0,0.0,0.0,1.105189717520716e-09,5.764917716135457,9.738377330924096e-10,6.253158815450648,1.0228409784264005e-09,6.940436693456996,1.0741409042479642e-09,7.713491321709589,1.1280562579988353e-09,8.315412867462632,1.1845854998385345e-09,9.129747513051452,1.243977611817572e-09,10.453556227213303,1.3064761935621297e-09,10.40142502309191,1.3720580241633863e-09,10.791268252508303,1.4408617628792564e-09,10.793485252559567,1.5133588261141758e-09,10.669745062328765,1.5893310176304856e-09,11.132465111585024,1.6691107043784312e-09,11.135060779275824,1.7530566773999927e-09,10.408473034151816,1.8411065730543258e-09,9.979340842585808,1.933633094136655e-09,9.315400391942035,2.0307232100480218e-09,8.527973973342853,2.1327242501214402e-09,7.725822239400688,2.2403056326581865e-09,7.108858769781831,2.352745765665277e-09,6.7440559457962586
0.0,0.0,0.0,0.0,0.0,0.0,0.0,0.0,0.0,0.0,0.0,0.0,0.0,0.0,0.0,0.0,0.0,0.0,0.0,0.0,0.0,0.0,0.0,0.0,0.0,0.0,0.0,0.0,0.0,0.0,2.4727853257175134,2.5748859783142115,2.686716823104905,2.8092051474056796,2.870920736943832,3.00722888155477,3.1681799842175704,3.3353506661456573,3.478285986869157,3.4714267887079306,3.6128962104800535,3.8012656824342397,3.9459285899637995,4.052735567269219,4.230599592934099,4.446822119412583,4.417687265800836,4.509247488191985,4.629891804382959,5.062236907037621,5.544668084377794,6.073074952919336,6.651838996033698,7.285759252457639,7.980092109319522,8.740594887440661,9.573573580317323,10.48593514262627,11.485244761827415,12.57978858773451,7.003764041474654,6.853260256887277,7.023852823106882,7.218324972816955,6.495775046289563,6.837018118690697,7.091052346040504,6.9149018741253805,7.339059783415951,7.271971951591669,11.594834812562057,13.164442061213126,14.036368547798707,15.008556970056855,15.854083492830151,16.515613516528074,17.52842590690032,17.920620948638494,18.277279863106486,18.166297154907628,17.946355891374797,17.370080881159318,17.13064140670598,16.36859571435331,15.4941322067291,14.614399008173901,12.961625582438883,10.575506816464227,10.122625134269626,8.616703334957807,9.476549367,9.428146235,9.710569646,10.02753012,9.366695783,9.844247,10.25923233,10.25025254,10.81734577,10.74339874,10.29188679,10.83415933,11.1201253,11.51297759,11.93512765,11.86058074,11.76927448,12.27335574,12.26065253,12.68928079,12.84542526,12.2911984,12.92294264,13.44973355,13.66767242,14.12031838,13.99629104,13.35925601,14.36572543,14.29328133,,0.0,0.0,0.0,0.0,0.0,0.0,0.0,0.0,0.0,0.0,0.0,0.0,0.0,0.0,0.0,0.0,0.0,0.0,0.0,0.0,9.273458705298239e-10,4.915844233856259,9.738839754179626e-10,6.131548414245325,1.022878366732799e-09,6.862171838390435,1.0741853495067455e-09,7.548314947985228,1.1281055506349713e-09,8.14955543645622,1.1846318354794453e-09,9.101854896667444,1.2440601520068057e-09,10.176838693464298,1.306552799973845e-09,10.15651269763164,1.3721351321465502e-09,10.646519138330799,1.4409534606983848e-09,10.53925327282876,1.5134251578802098e-09,10.645598716680565,1.5893838578295134e-09,11.151957435053884,1.6692338680720628e-09,10.85953776376371,1.753168006981807e-09,10.204621417886392,1.8412134169482536e-09,9.806551897178153,1.933745720585856e-09,9.234675516800847,2.0308284043441727e-09,8.538908124002312,2.132818950213141e-09,7.7021859503996275,2.240410786502069e-09,7.242144467472623,2.352830088232004e-09,6.903210594137223
0.0,0.0,0.0,0.0,0.0,0.0,0.0,0.0,0.0,0.0,0.0,0.0,0.0,0.0,0.0,0.0,0.0,0.0,0.0,0.0,0.0,0.0,0.0,0.0,0.0,0.0,0.0,0.0,0.0,0.0,2.4817267808076124,2.584196623721953,2.6964318426675655,2.8193630779802294,2.8813018276797084,3.0181028550090847,3.1796359479648535,3.3474111098408335,3.4908632767853724,3.4839792761426387,3.625960243526199,3.815010849081554,3.9601968496905764,4.0673900351237116,4.245897207276514,4.46290158246215,4.433661378829755,4.5255526779253925,4.646633237296832,5.080541675951027,5.564717297769008,6.095034856347095,6.675891678258487,7.31210415529882,8.008947681401839,8.772200395542795,9.608191093341963,10.523851704642539,11.526774772204227,12.625276408100612,7.765902609385088,7.67415467648011,7.7794602675447475,7.923256302242896,6.484124755553675,7.707372385236976,7.9143611122937765,7.8054379104308005,8.097895563500241,7.373316774157027,11.544090383390392,13.644769866081196,14.435378947758688,15.290957393991212,16.043907322278365,16.524299201149375,17.604239056874764,17.970582561169824,18.31047183803287,18.20237591106014,17.941923447702283,17.338519306105013,17.24146633155827,16.52052759662013,15.68765339058452,14.786258024606093,12.815567385308448,10.3129903203592,10.623179012411516,9.141429135494526,10.24762939,10.2583513,10.47589211,10.74261938,9.365426583,10.72547524,11.09399706,11.15284902,11.58875884,10.85729605,10.29049223,11.80400163,12.09931932,12.42035385,12.78625265,11.98632199,12.82282556,13.272004,13.34027684,13.68936544,12.98160744,12.28953292,14.07976671,14.54410034,14.74486738,15.12727502,14.14467425,13.35744581,15.53462389,15.55189085,,0.0,0.0,0.0,0.0,0.0,0.0,0.0,0.0,0.0,0.0,0.0,0.0,0.0,0.0,0.0,0.0,0.0,0.0,0.0,0.0,9.273382689133917e-10,4.879558397730728,9.739069087772046e-10,5.655779085760058,1.022898124796412e-09,6.296256478076528,1.0742015708497534e-09,6.9379935797734555,1.1281174020262788e-09,7.50355188024626,1.1846359527037018e-09,9.000878794338222,1.2440957757649237e-09,9.215074876466947,1.3065801050609032e-09,9.22413123989569,1.372169826879452e-09,9.61682823617032,1.4409822053784572e-09,9.593552147893991,1.5134359604760274e-09,10.52503330639916,1.589364291890451e-09,11.144021243427291,1.669283707343187e-09,9.837591300840018,1.7532055153870256e-09,9.288531412993647,1.8412485796837985e-09,8.95173369311515,1.933777972436247e-09,8.431183401334467,2.030850283884662e-09,8.279084229896371,2.132818312444528e-09,7.479396216310676,2.2405030644417492e-09,6.615329895990587,2.3529435984371058e-09,6.214814695039272
0.0,0.0,0.0,0.0,0.0,0.0,0.0,0.0,0.0,0.0,0.0,0.0,0.0,0.0,0.0,0.0,0.0,0.0,0.0,0.0,0.0,0.0,0.0,0.0,0.0,0.0,0.0,0.0,0.0,0.0,2.5020324241478384,2.6053406817093667,2.718494216218057,2.842431282566972,2.9048768189804695,3.042797160849629,3.2056519276490167,3.3747998363659257,3.519425737889503,3.5124854119240596,3.655628076440071,3.8462255058437833,3.9925994273670495,4.100669674130521,4.280637403101843,4.499417321622814,4.469937872820182,4.562581032257554,4.6846522803192405,5.122110984887381,5.610248161847813,6.144904811773435,6.730514240437787,7.3719322476546445,8.074477390960016,8.843975086422711,9.686805912263587,10.609958515808254,11.621087562474928,12.728577207284973,8.712468476045522,8.625047488493365,8.692105133994895,8.848213607656795,6.572239362252977,8.718507759397129,8.935072062610313,8.834844773906408,9.092029582396783,7.632984578375785,11.521565137416603,14.228830450317536,14.918005012582725,15.658942372369685,16.319237853636757,16.553505609165388,17.70275714310937,18.034433827389073,18.349262700675187,18.241096793488392,17.917487344079813,17.233350006001846,17.309244803884386,16.57315074753448,15.702483856490296,14.752011934061795,12.256235237127164,9.69437981478813,10.669262908396094,9.144320450056009,11.2145009,11.23038817,11.41059935,11.69064489,9.477116181,11.76130492,12.14072399,12.20964461,12.61145532,11.14546999,10.41321391,12.94399169,13.24579832,13.5285549,13.91462678,12.30446248,14.06121015,14.52422751,14.6043436,14.91079353,13.32616477,12.43609464,15.43954238,15.9163471,16.06047221,16.46224205,14.52010165,13.51674317,17.00032729,17.02552056,,0.0,0.0,0.0,0.0,0.0,0.0,0.0,0.0,0.0,0.0,0.0,0.0,0.0,0.0,0.0,0.0,0.0,0.0,0.0,0.0,9.272951814660615e-10,4.763979304670776,9.738807530918584e-10,5.131064266757795,1.0228736345419042e-09,5.664806120576194,1.0741740401658613e-09,6.231057147157912,1.1280941103845142e-09,6.685248477429135,1.1845920998116553e-09,8.748460451514598,1.244080198002666e-09,8.111484866691036,1.3065659395808414e-09,8.072787350446156,1.3721696866568967e-09,8.429571381834085,1.4409720489619651e-09,8.452414249257659,1.5134211311452225e-09,10.201570736855121,1.5893085726778225e-09,10.94216017875017,1.669242550770954e-09,8.600216665344352,1.7531539015707547e-09,8.028735896262708,1.8412023174998195e-09,7.716489038578003,1.9337547763073512e-09,7.133744971668972,2.030808978614697e-09,7.422939500636119,2.1329300127512696e-09,6.7875951619048625,2.2408128778918366e-09,5.290023182244776,2.353157059294849e-09,4.847377098783995
0.18187795315245187,0.24766006602509183,0.32330949582880164,0.4103063401032707,0.506556951051066,0.6210528583083768,0.7533641838448031,0.9050444202438745,1.0773983144423052,1.267186934212233,1.493875477394151,1.7565766658966306,2.0556397887564217,2.39723847245643,2.7938329030127314,3.09487313613474,3.111294951130927,3.1378790606003184,3.170510583505394,3.2247952478221986,3.2356374375067283,3.248105955642567,3.262444751497351,3.2789343667287683,3.297897424242942,3.3197049403815644,3.3447835839376876,3.3736240240222615,3.4067905301116226,3.444932012095614,2.505226208877874,2.6086663369668597,2.721964309264275,2.846059578323183,2.908584824974938,3.0466812188718695,3.209743865897907,3.379107687887068,3.523918200925426,3.516969015799376,3.660294398513495,3.8511351209911657,3.9976958853350624,4.10590408119166,4.286101534677797,4.505160720548091,4.475643641931981,4.568405058153356,4.690632127252482,5.1286492374260755,5.617409509853574,6.152748636244274,6.739105581380828,7.381342343389689,8.084784268818744,8.855264209741508,9.6991708890348,10.623501874865896,11.635921603650907,12.744824932585157,8.938317128163234,8.798334457210988,8.747368575120056,8.779926321797467,5.969322807207298,8.625657483066798,8.622474880516844,8.38676051214163,8.38301097491874,6.693400190288456,10.802267865743636,13.655312216049191,14.211608604248053,14.930883962496008,15.661009703342025,15.916011870153946,17.430049289372914,17.80448139043245,18.19402774466421,18.04014514976652,17.636487640986378,16.375975896491273,16.75258937601441,15.5529755364722,14.148880101293754,12.710443801153966,9.66763866804623,6.230919898727293,7.9018395457159185,6.396568463263462,11.62542129,11.65466086,11.79264238,12.03629224,9.384464583,12.29339156,12.58558293,12.67091262,12.98432749,11.47755614,10.3114107,13.52958361,13.74621117,13.9815101,14.32602871,12.67108153,14.69734552,15.05642251,15.15608091,15.41002803,13.72322607,12.31451504,16.13803411,16.49955197,16.59819959,16.94896715,14.95273703,13.38459877,17.62325123,17.66872749,,0.0,0.0,0.0,0.0,0.0,0.0,0.0,0.0,0.0,0.0,0.0,0.0,0.0,0.0,0.0,0.0,0.0,0.0,0.0,0.0,9.264230643472837e-10,5.645027042220126,9.736718210172279e-10,5.7334403935329465,1.0226460727596698e-09,6.518733108965458,1.0739340216804804e-09,7.452516416801309,1.1278385400271336e-09,8.414915431722578,1.1843499763070487e-09,10.844964197562662,1.2438319904282562e-09,10.319642363196582,1.3063156787950637e-09,10.454342999984984,1.371911963983929e-09,10.899089546261013,1.440668931947893e-09,10.983561605895957,1.5132002122421463e-09,12.766308519273535,1.5891605227761883e-09,13.462315449352463,1.668873935316413e-09,10.616105599913759,1.7527287438388009e-09,9.713700277663188,1.8407300968923903e-09,8.933362205481975,1.9332409090189753e-09,7.936445802460297,2.0304888917895617e-09,7.7588561122628095,2.1320874155832124e-09,6.843447028922253,2.240508394762626e-09,5.321300450850366,2.352559627366483e-09,4.917597919384782
1.08274729802669,1.4743582862569997,1.924710922722891,2.442616454659873,3.01561107622233,3.697222739808926,4.48489231569652,5.387867983052331,6.413917100128692,7.543757807538994,8.893269407870743,10.457169798816096,12.237538351481971,14.27112760941492,16.632114967444686,18.424253560168815,18.52201513878583,18.680274412103593,18.874534863376383,19.197699780259075,19.26224499523506,19.336471992449287,19.421833039237132,19.51999824303372,19.63288822738815,19.762711709379808,19.91200871365061,20.083700268532464,20.281145556599572,20.50820763776498,2.4588977580873586,2.560424996686783,2.671627781126254,2.793428190924326,2.8547971755976596,2.990339791330236,3.1503869662237594,3.316618790206148,3.4587513627441746,3.4519306869639093,3.592605593279301,3.7799171514089376,3.923767608342404,4.0299747401597115,4.206839852308038,4.421848037643195,4.392876810143963,4.483922815321241,4.603889573261254,5.033806554966541,5.513528319753782,6.0389675687260915,6.614481178126268,7.24484123450306,7.935274604253295,8.691506274141043,9.519806822169668,10.427044412426557,11.420741745039058,12.509138433445635,8.522494184079413,8.172532497259146,7.484381436363793,7.288662324639675,4.101695917413412,6.320860709108034,5.425255998339345,4.567270627014349,3.6385436074138404,1.2297476157983873,7.624370431170942,10.303245837551824,10.845872277006507,11.637744710178731,12.70820316999711,13.06570852554955,16.073400509584808,16.626095250263518,17.43924868236787,17.0216878878402,14.342881047436729,2.5823657565087146,11.36254813786348,8.339161555383294,5.892760633041066,4.311648281442598,0.45973387856622655,5.528275846350702e-10,5.809284570037879e-10,6.09920037507724e-10,12.06413924,12.20731578,12.08072014,12.52470697,9.972104169,13.00842324,13.06053528,13.2717574,13.51121207,12.22543611,10.95709411,14.31651705,14.39804577,14.32305883,14.90735752,13.49673187,15.55220056,15.62461893,15.87477044,15.78647346,14.61743437,13.08562951,17.07668522,17.12220894,17.00367039,17.63673088,15.92706053,14.22272011,18.28831415,18.50656475,,0.0,0.0,0.0,0.0,0.0,0.0,0.0,0.0,0.0,0.0,0.0,0.0,0.0,0.0,0.0,0.0,0.0,0.0,0.0,0.0,9.264164932372158e-10,9.15315132288969,9.734012763211416e-10,10.223815738372332,1.0223477216955226e-09,12.609132467456329,1.073648801326595e-09,15.615788230410258,1.1275697914951368e-09,18.639800470439347,1.184226701064003e-09,22.41507825408676,1.2436786352591222e-09,23.436091899274608,1.3061860437462215e-09,24.165673548486566,1.3717865060289214e-09,25.042902679843618,1.440527562253758e-09,25.466720763946263,1.5134097174358911e-09,24.5012199933515,1.596722217622897e-09,14.872175808663428,1.6688737443109367e-09,20.32217713624675,1.7524584988355463e-09,17.981792093991274,1.8405555258225878e-09,16.45725307580798,1.9334234988928725e-09,15.129135386145842,2.0427030959167343e-09,13.964488885639362,21.4661138619213,28.664987261260737,3.066373655758322,15.586319704951272,11.25193260285436,22.33281417014146
2.262594918437621,3.0809364036475824,4.0220291116412,5.104285725836384,6.301660885674783,7.726010860215962,9.371987888336198,11.258917701188722,13.403031588700038,15.7640366430553,18.584083476557506,21.852134187877166,25.572533996354597,29.82208394173345,34.755791011249435,38.500786432086414,38.70507680658139,39.035787978298934,39.44173007642678,40.1170412040451,40.251920021734406,40.40703066206006,40.58540789841676,40.790541720207266,41.026445615242004,41.29773509449865,41.609717995602836,41.96849833181085,42.3810957183518,42.855582712640334,2.3900310945565924,2.4887148468187594,2.5968031606729896,2.7151922908390054,2.774842506521305,2.9065889629052326,3.062153676132267,3.223729824191308,3.361881671618847,3.355252023376212,3.49198702962517,3.6740525290251536,3.8138741478404827,3.917106722953522,4.089018351318885,4.298004774949174,4.26984494831836,4.358341016401368,4.474947850031085,4.892824091926071,5.359110227982784,5.869833432806523,6.429228559050748,7.041934040826804,7.713030355016833,8.448082147949478,9.253184376749163,10.135012847954561,11.10087957246985,12.158793395827658,7.520286267198802,6.7623786997361615,5.589235547898347,4.820444733548114,1.385511968037285,2.7249650071259293,0.7441504957911534,2.6545423338200473e-10,2.7890125308596806e-10,2.930556745389808e-10,5.46263411835253,7.786231041847206,8.206727675492429,8.625510934602723,8.888418893854544,3.7624309930975115,4.446938509085564,0.7104127138849285,0.018803638049331214,3.732267212862788e-10,3.919099925268324e-10,4.116349163632024e-10,4.3252784979066824e-10,4.543090803864153e-10,4.771771232063752e-10,5.011944967836158e-10,5.263719453638531e-10,5.528033382868985e-10,5.806649047545976e-10,6.09810869423213e-10,12.17291228,12.33202995,12.20806782,12.63992275,10.46201536,13.35756483,13.17829206,13.40734627,13.63550279,12.60555126,11.49539605,14.70076743,14.54514119,14.4740439,15.04449149,13.91637434,15.96961626,15.76549407,16.03695259,15.95288496,15.07192189,13.72850249,17.53501757,17.2765867,17.18291284,17.79897258,16.42226715,14.92145627,18.45320578,18.69563423,,0.0,0.0,0.0,0.0,0.0,0.0,0.0,0.0,0.0,0.0,0.0,0.0,0.0,0.0,0.0,0.0,0.0,0.0,0.0,0.0,9.264980902861394e-10,16.043308575104014,9.733327766409297e-10,18.61165032934503,1.0223217673805925e-09,23.047994630313102,1.0736697566808419e-09,27.89065769994671,1.1276760144800211e-09,32.688736767112516,1.1850043364217267e-09,32.64484786085854,1.2443206820679321e-09,31.452244004745403,1.3078066769725435e-09,28.33904763938424,2.3256722347012468e-09,27.898528975915724,3.860955401953661,31.51116980305856,13.505295506599554,38.12398587465604,24.06742787564121,42.21795503322439,14.94117329207929,37.926716530799304,17.07685745571495,39.45890478179739,19.893201697287225,40.75798336789177,20.932342382435593,41.03211961339697,26.52305325089033,42.14680500102771,33.25560224170879,41.877046976564166,26.74308993612369,40.86387686341707,29.151476642783646,41.396750557379974
3.2071316207839677,4.367095709993753,5.70105441258807,7.235106920575112,8.932335048228959,10.951290277549559,13.284392385643047,15.959034770669753,18.99822459257033,22.34484837615163,26.3421442677476,30.974466513850878,36.24797427721393,42.2715297501204,49.26484871384208,54.57321970680405,54.86279258373647,55.33156153902708,55.90696711803907,56.864191786760394,57.055376747736105,57.275239452834,57.52808156367136,57.818849991106376,58.15323368262216,58.5377749278181,58.97999735973537,59.48855315635263,60.07339232232321,60.745957362858306,2.2918362103754997,2.386465521820554,2.4901130066477397,2.6036380967803727,2.6608375719540485,2.7871712000047575,2.93634450726524,3.0912822684090564,3.223758120788478,3.217400852910613,3.348518075301989,3.5231033788720225,3.657180399762724,3.756171644802683,3.9210202510696446,4.121420427554223,4.094417552781009,4.179277742997958,4.291093762588028,4.691801479241496,5.138930160305418,5.628670204675521,6.165082475274844,6.752614835263008,7.39613902915873,8.100991078733008,8.873015528632251,9.718613908607951,10.644797814199183,11.65924704598963,6.6679015090331575,5.541788078387801,4.015664020976394,2.7698690928677197,2.2866832953217604e-10,2.4059794332944167e-10,2.5255233582356364e-10,2.6538450900399585e-10,2.788570132015168e-10,2.930211082385777e-10,4.46436212058528,6.491703909222073,6.570880103197784,5.424618698734119,2.460186603234238,3.0593388219710825e-10,3.21546311582379e-10,3.3787013548363464e-10,3.55009118021453e-10,3.7298876483210307e-10,3.918533311509122e-10,4.116279207790189e-10,4.3247216941945394e-10,4.5426553559700705e-10,4.771486132497417e-10,5.011677351969835e-10,5.263663381708096e-10,5.528236650303664e-10,5.80679429589126e-10,6.098277837486219e-10,12.16686934,12.29534931,12.20683144,12.60861411,10.89354335,13.57916024,13.17175002,13.36746719,13.60172814,12.73317114,11.96954802,14.9446459,14.50187784,14.47257802,15.00722683,14.05726513,16.23454431,15.75766768,15.98925196,15.95126932,15.22451156,14.29476367,17.82591485,17.26801016,17.18117263,17.75488516,16.58852785,15.53692335,18.44404513,18.64002556,,0.0,0.0,0.0,0.0,0.0,0.0,0.0,0.0,0.0,0.0,0.0,0.0,0.0,0.0,0.0,0.0,0.0,0.0,0.0,0.0,9.266707700666623e-10,22.18547644420378,9.733694324868787e-10,26.044627902540583,1.0226957734901018e-09,31.974156940800338,1.0746065163684412e-09,36.979742074314615,1.1297388372960794e-09,40.638828738836715,12.754055050707844,51.14465775404289,12.982951346749651,49.22205075950978,17.163830184234843,50.934819723086264,18.277185086946798,51.448518209076454,20.288651860021623,53.180788992032916,23.13816568418702,52.201439249911274,29.267325268578816,51.07420449911348,24.450478390219985,51.314699148031565,25.447498561700844,51.3510109221974,26.875028766967656,50.687942824100425,27.660143601419012,50.34172750280828,31.58647183453893,49.06210385240152,37.720434412750805,48.26112669638125,31.525949375049002,46.13639585125111,32.94937973802007,47.604070672039256
3.8611361572295926,5.257642386319429,6.863624549776431,8.710504037756287,10.753834236081433,13.184498754256703,15.993371595548538,19.213432273307994,22.872379612412207,26.901453446392118,31.7138857139564,37.290840149021406,43.639731902823115,50.891622558259364,59.31103276733105,65.7018971285212,66.05052027140407,66.61488150651198,67.30762491367273,68.4600487041527,68.69022047532602,68.95491801214625,69.25932017945915,69.60938267183535,70.01195453802644,70.47491218408938,71.00731347699185,71.61957496372423,72.32367567329878,73.13339148891095,2.2594837709351396,2.352777258705732,2.4549616158622594,2.5668841422572,2.623276167688962,2.7478264217654367,2.8948939413752073,3.0476445416251794,3.1782503140346567,3.1719827877897644,3.3012491091534835,3.4733698995810176,3.6055542377926204,3.703148084429594,3.865669624509655,4.0632408751991855,4.036619183368654,4.120281454575308,4.230519036323322,4.625570209076478,5.066387050092372,5.549213736057858,6.078053805196595,6.6572923329249685,7.291732292346532,7.98663437990126,8.747760636400484,9.581422225145124,10.494531763300925,11.494660640439395,5.9036358620275,4.549211315176573,2.7695522945731996,1.1596546102093577,2.2860061326637548e-10,2.4032187044262374e-10,2.5251960654659156e-10,2.6536134007238226e-10,2.788353531714545e-10,2.9299579764611765e-10,3.956839451136505,5.793853156004549,4.670234508028891,2.44552636859555,2.9114315585439913e-10,3.0592257548259186e-10,3.2153069508674506e-10,3.3785382852667364e-10,3.549889730565916e-10,3.729690576318281e-10,3.9183718499858576e-10,4.1162735298504356e-10,4.3245617421500714e-10,4.5425045875064976e-10,4.771361066208621e-10,5.011554855713337e-10,5.263631417441267e-10,5.528327849959318e-10,5.806890949986748e-10,6.098418728375724e-10,12.02425579,12.15963096,12.08813846,12.43704279,10.90242775,13.57143017,13.01735779,13.2199146,13.41664304,12.51772682,11.97930997,14.93613851,14.34180341,14.33185408,14.80301645,13.81941723,16.22530263,15.57296471,15.81275962,15.79616734,14.96691394,14.30642198,17.81576727,17.06560376,17.0141117,17.5132861,16.30785118,15.54959473,18.22785388,18.43427349,,0.0,0.0,0.0,0.0,0.0,0.0,0.0,0.0,0.0,0.0,0.0,0.0,0.0,0.0,0.0,0.0,0.0,0.0,0.0,0.0,9.270940622629745e-10,26.992664304815708,9.735108115694253e-10,31.621924695202832,1.0228305147858485e-09,37.57371723927068,1.0921386023205705e-09,42.708442931953876,6.277109813392954,51.85306413093607,18.775994844548848,62.22043191867892,18.621058374250705,60.11205924925155,21.273825224773145,60.07880169062462,22.00774117290374,60.2733233032495,23.35374428593618,61.4679494680154,25.479874266097983,58.98200637370051,30.387229688937154,56.42180485671466,26.500751773189435,57.956332181893806,27.37394361264824,57.72982063374987,28.35856781087492,56.78978275700714,29.403151246285123,56.2313731463255,32.969282418243594,54.50675917623891,37.16962347423101,51.36139382072593,32.83406448408772,51.397784465033496,33.87725134261901,51.96923934680047
4.0979251818821805,5.5800739095636,7.284544946401149,9.244686638768899,11.413326628047324,13.993054700855005,16.97418519724592,20.391720140651554,24.275057021175957,28.551218868774612,33.65877958984073,39.57774776061364,46.315993275792735,54.012615234467994,62.94835634987751,69.73114849531315,70.10115139032416,70.70012278704544,71.43534955377613,72.65844718071827,72.90273452486787,73.18366497060903,73.50673498317913,73.87826549759905,74.30552558913789,74.79687469434722,75.36192616526377,76.01173535670587,76.75901592668633,77.61838858174085,2.159804721084031,2.248982487229227,2.346658894489397,2.4536438633627955,2.5075481065911513,2.6266037201905585,2.7671832309873277,2.9131951084843575,3.038039096070986,3.032048067081371,3.1556116946452804,3.32013922989208,3.4464921435067817,3.539780554526459,3.6951323185258467,3.883987545316486,3.8585402920817224,3.938511730979891,4.043886087973705,4.421509241969149,4.8428790728157045,5.3044054485426795,5.809915287877143,6.363600214900863,6.970051315470591,7.634297205924891,8.36184572973999,9.158729627875667,10.0315565615073,10.987563901910606,5.504261987225798,4.114158803408732,2.383987889321278,0.5721503380911209,2.2860877499409796e-10,2.403205622380391e-10,2.52520146496376e-10,2.6536396857495026e-10,2.7883619223447294e-10,2.9299534612328575e-10,3.897542643003314,5.768553553577875,4.553606495392934,2.0975875589088497,2.9115506004499296e-10,3.059283202370282e-10,3.2154175750669285e-10,3.3786294552536944e-10,3.5499756137652553e-10,3.729760746969787e-10,3.9183957961274827e-10,4.1163665749201733e-10,4.32461065243682e-10,4.542551625498102e-10,4.77142484313616e-10,5.011627481277184e-10,5.263741924607301e-10,5.528454008547341e-10,5.807084947445243e-10,6.098712149561803e-10,11.76199189,11.9432152,12.01519173,12.27048084,11.06488534,13.47995764,12.73343311,12.98462804,13.23696189,12.3626618,12.15781424,14.83546775,14.08654959,14.24536749,14.60476842,13.64822735,16.1159428,15.23329908,15.53132589,15.70084425,14.78150928,14.51960266,17.69568758,16.69338183,16.91143883,17.27874104,16.10583548,15.78129998,17.83028183,18.10618234,,0.0,0.0,0.0,0.0,0.0,0.0,0.0,0.0,0.0,0.0,0.0,0.0,0.0,0.0,0.0,0.0,0.0,0.0,0.0,0.0,9.270934424407645e-10,28.55411968805854,9.734747254415827e-10,33.83097279467952,1.0226164330379717e-09,40.22954232531853,1.0924813164040887e-09,45.40461585857166,7.468167516218756,55.958806360121756,19.46035057269463,65.54565016505556,18.909667835463242,63.66926809771189,21.461097149780738,63.853963122401076,22.094579251983127,64.12733993738702,23.25597557390019,65.23000541072247,25.909967609191344,62.7565582579581,29.53196620476474,58.80268555526101,26.48693143835953,62.00981696992967,27.317269156049505,62.0308453801226,28.16768286579655,61.240846727861815,29.322763198139963,60.745466926096135,33.135497754345195,58.98770580120005,34.14275825118259,52.6863465326721,32.70108373861656,56.699869073219375,33.97594810587713,54.815029409880076
3.9364645099897797,5.3602157026273805,6.997529574164385,8.880440526436328,10.963634819607435,13.441720083079124,16.305392277626392,19.588274326289667,23.3186054407044,27.426283986536955,32.332603799301324,38.01836112913747,44.49111579224662,51.884486301079946,60.46815394020215,66.98370007003203,67.3391246325018,67.91449620251406,68.62075460050184,69.79566145873272,70.03032373727703,70.30018535757333,70.61052622088309,70.96741821365504,71.37784400530043,71.84983366563469,72.39262177494783,73.01682810055041,73.73466537482244,74.56017823982893,2.0299976011125866,2.1138156655792972,2.2056215915909414,2.30617662235275,2.3568411492774017,2.4687413630543587,2.6008718593428326,2.738108229908847,2.8554489287415565,2.8498179685170553,2.9659552586576234,3.1205944714566103,3.239353407867626,3.327035062015738,3.4730499795537835,3.650554757462664,3.6266369178000355,3.7018019674621745,3.800843186248316,4.155770689300799,4.551815636072838,4.985603666272951,5.460731695751799,5.981139426440624,6.551142013864701,7.175465847870553,7.859287743257639,8.60827786527605,9.428646745926224,10.327196780899145,5.652916239089722,4.395822561995008,2.7625851544566284,0.9836760514336909,2.2864479302262698e-10,2.403535514231039e-10,2.5254272543825965e-10,2.6538545892634055e-10,2.7885507172766914e-10,2.930134076407412e-10,4.288235068477418,6.405049177763657,6.230620476314726,4.328476765566172,2.9144430726740285e-10,3.059513261677409e-10,3.2158818951233487e-10,3.3790806567071e-10,3.550421725487342e-10,3.730155855903157e-10,3.9186220286411655e-10,4.116456497334851e-10,4.3249554423865744e-10,4.5428783979507245e-10,4.771753443258335e-10,5.011920123131603e-10,5.263925998770302e-10,5.528627467737444e-10,5.807373670664711e-10,6.099115576536777e-10,11.61937835,11.86985393,11.96573632,12.1702932,11.16134454,13.41167534,12.57904089,12.90486988,13.128883,12.24739222,12.26380115,14.76031915,14.00002287,14.18673251,14.48552148,13.52097115,16.03430799,15.04859611,15.43592462,15.63621842,14.64368635,14.64617869,17.60605063,16.49097543,16.84183011,17.1376613,15.95566452,15.91887498,17.61409058,17.99496501,,0.0,0.0,0.0,0.0,0.0,0.0,0.0,0.0,0.0,0.0,0.0,0.0,0.0,0.0,0.0,0.0,0.0,0.0,0.0,0.0,9.265999028689297e-10,27.3229929770052,9.73246854692376e-10,32.7836856289535,1.0226199225650976e-09,39.96106680705517,1.0742091938557023e-09,45.353265619319494,0.6925948679285236,49.83850006625645,16.39504839058128,62.73414188285892,14.525328794352529,60.79810788709777,18.068301342319305,62.591330059716,18.947036152269188,63.02345547313675,19.46604145579965,63.68552750206913,24.595080089708883,63.10059028929115,27.053580854287244,58.74974975109917,23.992862955099408,62.65498426450579,24.954918297068122,63.314820047376266,25.92562616309558,62.85884366670538,27.423397413986308,62.58104565563174,30.810972460821535,59.2622954766492,31.51584156967303,53.320778231583105,30.715057805147136,60.03270670499915,32.1416809339501,58.57149745300312
3.4796507146286446,4.738180251054638,6.185489217947857,7.849894529878937,9.691340957897662,11.881852554297744,14.413204983090361,17.31511933737534,20.612557760898273,24.243553684066935,28.580511174565572,33.60645501471993,39.328067728856176,45.86346183930455,53.451023002070855,59.2104613735646,59.52464008129991,60.03324166774617,60.657541095070876,61.69610386592532,61.90353435670224,62.14207942106947,62.41640624506441,62.73188209262828,63.09467931728931,63.51189612559827,63.99169545509059,64.54346468391171,65.17799929690489,65.90771410148784,1.9248306477214165,2.004306396475893,2.0913561840878625,2.186701816460442,2.2347415944993063,2.340844656318895,2.4661299416883478,2.5962565841546943,2.7075182788554466,2.7021790386463547,2.8122996689778197,2.958927574336854,3.0715340327727843,3.1546732123731425,3.2931236165252002,3.4614325034168583,3.4387537619322965,3.510024777793543,3.6039350234030763,3.9404749952829574,4.316002262410866,4.7273172780967245,5.177830614778077,5.671277872445771,6.211750653769772,6.803730491154197,7.452126007041809,8.162313615594398,8.940182103245283,9.792181457766246,6.139964437842274,5.093132022671425,3.682708988176493,2.1599961138836954,2.287158480121477e-10,2.404356354480508e-10,2.5257590157474143e-10,2.6541447541228946e-10,2.788869625398465e-10,2.9303965214818753e-10,5.06532958265298,7.303679158429005,7.669833883217272,8.114446650429619,6.571097170873705,3.060652776574459e-10,8.168663441221307e-10,3.383344829038662e-10,3.5531139861452445e-10,3.7319210588948856e-10,3.919335720506708e-10,4.1169245122869316e-10,4.3260461598891936e-10,4.543832045789999e-10,4.772697216517973e-10,5.012699614193871e-10,5.26441268858903e-10,5.529050350611618e-10,5.807984523069712e-10,6.099904843142766e-10,11.5444458,11.83561867,11.95955439,12.19659246,11.13215294,13.44646066,12.49791955,12.8676494,13.15725371,12.10879428,12.23172616,14.7986024,13.95964374,14.17940314,14.51682381,13.36796072,16.07589554,14.95154879,15.39140403,15.62814019,14.47797069,14.60787279,17.65171473,16.38462631,16.83312902,17.17469473,15.77510182,15.87724044,17.50049857,17.94306358,,0.0,0.0,0.0,0.0,0.0,0.0,0.0,0.0,0.0,0.0,0.0,0.0,0.0,0.0,0.0,0.0,0.0,0.0,0.0,0.0,9.264111944460719e-10,24.226414266764916,9.73281091661418e-10,29.07045934808139,1.022189739214623e-09,36.109791905472306,1.073462131107237e-09,42.953178562764585,1.1275041230822681e-09,48.79841998015988,5.685081241487049,52.24275038666814,3.32951383387303e-09,46.88749830609923,5.660044259879981,51.54312659155862,6.5953868725321465,52.34454059536458,7.51628284514831,53.961022436877805,17.054863176305243,58.138703554856036,22.56579715784106,58.362997806835594,14.094614076431304,56.118521188874354,15.885809555844292,58.17175587876211,16.871069495403216,58.41009449434694,19.083329719053676,58.88822479350881,24.97048491492412,59.211434842826314,29.2520692553771,57.282511973386555,23.101597908201782,58.98206652500769,24.639816266996455,58.4447299869927
2.642475793938565,3.5982136276186125,4.697312136353194,5.961275421400908,7.359685207595043,9.023177995964375,10.945508157118482,13.149246137210337,15.65334839653501,18.410757004969657,21.704278719607117,25.521022418469975,29.86606286630404,34.82909569833688,40.591152971311786,44.96491853903699,45.203508471834326,45.58974476138283,46.06384295691144,46.85253619296847,47.01006063888438,47.191213751667775,47.39953983134788,47.63911482295699,47.914626063279044,48.23146398961051,48.59582760484386,49.01484576229004,49.49671664323838,50.050868156056204,1.9332781944215105,2.0131027401467354,2.10053456508077,2.1962986429322133,2.2445492542040824,2.351117972870316,2.476953100533815,2.607650832664835,2.7194008240180896,2.7140381513677787,2.8246420705373914,2.9719134850173576,3.085014141900042,3.168518196250869,3.307576220744023,3.4766237685582624,3.4538454963809526,3.5254293009208104,3.6197516924956745,3.957768644769789,4.334943996694132,4.748064159657529,5.200554674151972,5.696167534678346,6.239012300813462,6.833590173161503,7.484831316744764,8.198135741312404,8.979418077544585,9.835156620416631,7.0182439818326925,6.292772822437042,5.219817798778639,3.923802615890206,1.5774172784348877,2.141735341412682,2.526628044900612e-10,2.6546333369158623e-10,2.7892616315574697e-10,2.930805098459159e-10,5.8866077775634205,8.156790704657775,8.825404254275448,9.9362961204408,10.812425033029974,9.593566887005213,14.48133982242926,14.663588041838281,15.818374578935058,15.341074708182706,5.660638661925057,4.125106037591006e-10,9.169677968187242,6.753411465741054,5.514663041712991,3.648025282975199,5.266684901694903e-10,5.529887943475091e-10,6.54718914045941e-10,6.104263012279795e-10,11.59399797,11.90408919,12.0176645,12.08137668,11.18165174,13.51603131,12.55156431,12.94209035,13.03296299,12.19250195,12.28611418,14.8751689,14.04040201,14.24829924,14.37968983,13.46037296,16.15907062,15.01572524,15.48044521,15.70407554,14.57805639,14.67282627,17.74304295,16.45495395,16.91491927,17.01245303,15.88415454,15.94783813,17.57561587,18.04686643,,0.0,0.0,0.0,0.0,0.0,0.0,0.0,0.0,0.0,0.0,0.0,0.0,0.0,0.0,0.0,0.0,0.0,0.0,0.0,0.0,9.263299451235603e-10,18.12941438827605,9.733411779719773e-10,21.774557708740424,1.0222131224801211e-09,27.736079253105377,1.0734666333920095e-09,33.6856107756856,1.1273526975305134e-09,40.33146439577579,1.183894733577983e-09,44.5747362353258,1.2433451327474776e-09,46.979623171404164,1.3058563471210367e-09,48.76303686494057,1.371407656738669e-09,50.0215240191805,1.4400518288964899e-09,50.447304006801374,1.51284869374516e-09,42.42758690842953,0.8290704580284476,37.75758985032487,1.6681748401954978e-09,44.02672952470666,1.7519658231012237e-09,43.633739874448466,1.8398573572694217e-09,42.75338213693139,1.932215435123251e-09,41.70062641692991,5.277037213712069,43.104787915379426,14.757115991790856,47.93657651535771,1.347774983607732e-07,40.90051893342225,4.72329729353489,44.64990283602414
1.567344815955894,2.1342263527584087,2.7861401200827993,3.5358409525075953,4.365286707129455,5.351962461818053,6.492163715336365,7.799277788715985,9.284548421574321,10.92006390966915,12.87356683201047,15.13741101327683,17.71460647393267,20.6583548324035,24.07603253327562,26.67026586722148,26.81178190122526,27.040872153460118,27.322076375167768,27.789877918610106,27.883311177018363,27.99075942417605,28.114324908395062,28.256425215233275,28.41984056808036,28.607768223831435,28.8238850279168,29.072419352572158,29.358233825857752,29.686920469974396,1.9322300484814987,2.0120113165378624,2.099395739441192,2.195107897848404,2.243332349573006,2.3498432909518714,2.475610195853353,2.6062370689131344,2.717926473900665,2.7125667086764986,2.823110662834784,2.970302232657312,3.083341570897565,3.1668003526974497,3.305782985503976,3.4747388825141967,3.451972959802976,3.523517954473506,3.617789208228647,3.9556229012609188,4.332593763828823,4.745489949600114,5.197735141876043,5.6930793009764775,6.235629758439763,6.829885274499546,7.48077334124028,8.193691040742296,8.9745497970101,9.829824392747167,8.002570315755833,7.666149930906567,7.107400930689079,6.108725149867601,4.971561473532211,5.644163977477706,3.484351339069698,2.4368777926435192,0.7697477748116951,2.9318364850477684e-10,7.378573535146787,9.606160000615267,10.222582687896711,11.392190679621384,12.510196604857827,13.7574446604829,16.274688998358318,16.934711588027472,17.622035924917775,17.375783878889138,16.86280331960126,15.49298354435626,15.12503303753497,12.795910526525295,10.532326012980477,8.29390649983362,6.473272554889243,4.856026380946731,4.440373002382948,3.585916494172314,11.50214518,11.8123876,11.99293679,11.839674,11.58018053,13.34596973,12.45212525,12.84239265,12.77222267,12.42853012,12.72400747,14.68800635,13.93224361,14.21898175,14.0920066,13.72094517,15.95575375,14.89676401,15.36119363,15.67176262,14.86026524,15.19578512,17.5197962,16.32459051,16.88011491,16.67209816,16.19164746,16.51624008,17.43637405,17.90784476,,0.0,0.0,0.0,0.0,0.0,0.0,0.0,0.0,0.0,0.0,0.0,0.0,0.0,0.0,0.0,0.0,0.0,0.0,0.0,0.0,9.263796166449264e-10,10.351243560559478,9.734165141404318e-10,13.025866897144553,1.0222878652753797e-09,17.088287123352615,1.0735411227494001e-09,20.998364115379225,1.1273960148604966e-09,25.800005524327435,1.1838401780162678e-09,30.18150424094353,1.2433177980452309e-09,30.582690110146235,1.3057602357944344e-09,32.60233768675976,1.3712635183846896e-09,33.20070787915259,1.4399235998105246e-09,33.44952207964064,1.5123965103739355e-09,34.21844302137409,1.5882061829770834e-09,33.03344779910457,1.6680355860164954e-09,30.917296888825867,1.7518320803169755e-09,30.420824533807334,1.8397592510083822e-09,28.307681430626698,1.9320711260210327e-09,27.05946183934772,2.0288430988145054e-09,26.586283465289313,2.1305450555520296e-09,25.605896695566475,2.238104858717428e-09,25.336782576622365,2.3501588289707136e-09,25.194816598334324
0.4455471956531069,0.6066939174329246,0.7920126474801409,1.0051291870349364,1.2409147181803328,1.521395829321347,1.8455194464179547,2.2170911668614974,2.6393072347740025,3.1042332240965584,3.6595531127953946,4.303093331954938,5.035709536414594,5.872525285235769,6.8440643491149835,7.581523888995783,7.621752479059979,7.68687568513155,7.7668132656257605,7.899794638761456,7.926354796960686,7.956898978886444,7.9920247880975595,8.032419468686463,8.078873351358908,8.132295316425662,8.193730576244365,8.264381125023702,8.34562925610059,8.439064606793021,1.9520031259117188,2.0326008191095912,2.1208794724704285,2.2175710814977605,2.2662890281965917,2.3738899273124794,2.5009438418796734,2.6329074580863225,2.7457398135494913,2.7403252002740435,2.8520003831733023,3.00069820754842,3.1148943105276556,3.1992071505469832,3.339612033443295,3.51029690575669,3.4872980126738033,3.5595751482819393,3.6548111074568146,3.99610195186509,4.3769304679563685,4.794051941631817,5.250925091749175,5.751338253073334,6.299440788672271,6.899777495914035,7.557326291356398,8.277539487005319,9.066389000202859,9.930415872005034,9.339061198629091,9.225668443660885,9.206155970263103,8.901256151691591,8.653001173858582,9.365653173614156,8.359493241962264,8.049554045325143,7.693849471963238,7.305778795930652,11.753540217003208,13.207071033364,13.392534810339374,14.20425579800083,14.889358579194171,15.700736814134169,17.16833451620174,17.580697214761162,18.043949225986125,17.898754871087018,17.599163802237,16.945622241272083,16.69835049817284,15.546925040384394,14.420849768442746,12.838207087978837,11.075806396605865,9.295303628712752,8.519997980293299,6.959616510149756,11.73661152,11.86496318,12.11904809,12.12395642,12.16020492,13.26093893,12.70595653,12.89955267,13.07889652,13.15033722,13.36132349,14.59442507,13.99425443,14.36850094,14.43036978,14.51781137,15.85409531,15.20042821,15.42956454,15.83655848,15.72329931,15.95690676,17.40817282,16.65736035,17.05761715,17.07241192,17.13200371,17.34350024,17.79180712,17.98755052,,0.0,0.0,0.0,0.0,0.0,0.0,0.0,0.0,0.0,0.0,0.0,0.0,0.0,0.0,0.0,0.0,0.0,0.0,0.0,0.0,9.26467224058494e-10,4.9037702235385545,9.735271556544648e-10,5.916437503462296,1.0224149907912953e-09,7.54888422790705,1.0736697066632928e-09,8.907487294440214,1.127506727091961e-09,10.642665182442109,1.18395249487347e-09,12.274746239610938,1.2434128342607823e-09,12.423289698695271,1.3058297895509813e-09,13.62671983897316,1.371314875007962e-09,14.036009059907187,1.439995902451016e-09,13.958092982594097,1.5124710546466819e-09,14.17914975807929,1.5883424028672217e-09,13.739666402762216,1.6682057470005085e-09,12.533127559039727,1.7520063396163595e-09,12.673322413216564,1.8399560128704775e-09,11.741546759600265,1.932290926470318e-09,10.797867981501785,2.0291285841563173e-09,9.694859555449492,2.130936982672074e-09,8.493724002047205,2.23865032964196e-09,8.140209117968894,2.3508869729626763e-09,7.3415464703891455
2.2200480000055153e-05,3.023001000013327e-05,3.9463969500244325e-05,5.0083022925396785e-05,6.183161436434114e-05,7.5807272519145e-05,9.195752539718396e-05,0.00011047199620695086,0.00013150994563821924,0.00015467602148419406,0.0001823461947070774,0.00021441216191340232,0.0002509165582007174,0.0002926129519311357,0.0003410222647207861,0.000377767992054957,0.00037977248005951385,0.00038301740326414114,0.0003870004889491787,0.0003936266114867728,0.0003949500364048355,0.00039647197506044045,0.0003982222045142114,0.0004002349683858547,0.00040254964683800567,0.0004052115270576525,0.0004082726893098445,0.0004117930258992589,0.0004158414129761213,0.0004204970581122214,2.0131487795923992,2.0962711606713103,2.187315104668287,2.28703553652942,2.3372795518381513,2.448251002581612,2.579284826071991,2.7153821454822418,2.831748925680465,2.8261647019859764,2.941338061690201,3.094693781102277,3.212467027617689,3.299420930885442,3.444223936013574,3.6202554381312275,3.5965361146695067,3.671077300290812,3.7692964846974273,4.121278117199,4.514035921849059,4.944223545282962,5.415408049230776,5.931496436405452,6.496768046878478,7.115910041829841,7.794056268900541,8.536829831412007,9.350389714434197,10.241481854305214,9.95548970012185,9.779665979522264,10.077586971576155,9.934553750672176,10.028473926783288,10.837090680394025,10.37779421666283,10.196023772794664,10.35239299466082,10.525739592294016,14.27483898453572,15.487071828177786,15.57985406481971,16.269923033425208,16.671542447812847,17.128026197120356,17.976810187345208,18.182856627400184,18.449015033170674,18.410578965727062,18.19592429220462,17.856341662934664,17.94681484509063,17.556206203020615,17.32107234686447,16.647760564477895,15.704640637818757,14.659063802116979,16.945450201304443,16.77404790226972,11.96866068,11.87596737,12.26494154,12.22163937,12.36581531,13.28541749,12.957171,12.91151639,13.18427343,13.35205897,13.58724296,14.62136514,14.00723343,14.54147412,14.54663554,14.74050972,15.88336062,15.50096186,15.44387473,16.02720466,15.96448944,16.22671355,17.44030683,16.98669957,17.26296287,17.20996467,17.39480289,17.6367522,18.14357594,18.00423312,,0.0,0.0,0.0,0.0,0.0,0.0,0.0,0.0,0.0,0.0,0.0,0.0,0.0,0.0,0.0,0.0,0.0,0.0,0.0,0.0,9.265422035748232e-10,3.6291164329870695,9.73620442009697e-10,3.96061488203688,1.0225257739475867e-09,4.785338579621035,1.0737931491567057e-09,5.028162457919143,1.1276409734657935e-09,5.569471866780785,1.184124715799287e-09,6.008149683967887,1.2435786225237971e-09,5.6903654552546445,1.30596835190354e-09,6.353355085892702,1.3714535872094608e-09,6.774823789195701,1.4401505873899188e-09,6.50504605041815,1.5126852279788662e-09,6.745865725015404,1.5886566329702853e-09,6.574248131164712,1.6685060394593572e-09,5.922314287546395,1.7522744419509145e-09,6.501403305466924,1.8402168364259915e-09,6.5552800745163005,1.932576953288117e-09,6.554111149018308,2.029532250248681e-09,6.10430229065177,2.131481735159513e-09,5.559553227860771,2.238587788405547e-09,8.152679818523637,2.350671270344615e-09,9.011717135074347
1.178544000002928e-05,1.604803000007075e-05,2.0950008500129702e-05,2.658728377521064e-05,3.2824190341563816e-05,4.024336689287945e-05,4.8816957926900124e-05,5.8645627616035645e-05,6.981392175856084e-05,8.21119620224734e-05,9.680106632597937e-05,0.00011382374027501605,0.00013320261731643022,0.00015533773991405968,0.00018103651090115806,0.00020054350195510063,0.00020160761287109995,0.0002033302264241737,0.00020544470401005784,0.00020896227523371888,0.00020966483414083863,0.0002104727768839375,0.00021140191103840854,0.00021247041531594757,0.0002136991952349907,0.00021511229214171677,0.00021673735358423844,0.00021860617424281645,0.00022075531799966935,0.0002232268333188336,2.0786567782131278,2.1644839672427816,2.258490487388247,2.36145582890486,2.413334787899279,2.5279172572201722,2.663214930265781,2.803740865733915,2.9238942288980865,2.918128294183635,3.0370494028695205,3.1953953278528715,3.317000923844139,3.406784313056038,3.556299217849197,3.738058797054259,3.713567645189012,3.7905344060754778,3.891949649442991,4.255384788277614,4.660922958684101,5.105108916731042,5.591625796580537,6.124507735080346,6.7081733223198095,7.34746224002346,8.047675391584756,8.814618856490801,9.654652033605883,10.574740372496741,9.88394916654107,9.77993787493079,9.935956152817093,9.703613764035723,9.95879369814614,10.553901419660903,10.287365203036467,10.182157828911594,10.09143612746693,10.296622884155703,14.227473545296313,15.369476473619196,15.636860892632857,16.269624214731515,16.65140917211327,17.131923077676575,17.978016438155574,18.217039070416075,18.48579188648345,18.44576390105334,18.219536496211568,17.91692597652166,18.023699886371023,17.80949699294053,17.68649423173881,16.9593945412942,16.050551752305374,15.332702932041538,18.910234621568076,19.19554682110903,11.96261773,11.94443789,12.19446759,12.06509618,12.37216131,13.08185892,12.95062895,12.98595734,13.01540017,13.21483329,13.59421578,14.39733724,14.0879917,14.45791928,14.3603122,14.58901425,15.63999648,15.49313546,15.53291591,15.93511286,15.80041452,16.23504092,17.17308723,16.97812303,17.16377045,16.98952757,17.21602793,17.64580319,18.13441529,18.10803597,,0.0,0.0,0.0,0.0,0.0,0.0,0.0,0.0,0.0,0.0,0.0,0.0,0.0,0.0,0.0,0.0,0.0,0.0,0.0,0.0,9.265403663106027e-10,3.6704039697986444,9.736121621325422e-10,4.167648385807442,1.0225230884712588e-09,4.866003319719739,1.0737889199828197e-09,5.218644586184121,1.1276375290381687e-09,5.8475772271631765,1.184129738712934e-09,6.2811681689571905,1.2435754658741567e-09,6.051789211717524,1.3059661005266117e-09,6.5146413475164415,1.3714506355722333e-09,6.845031071469055,1.4401406788821085e-09,6.766244792486867,1.5126958340718838e-09,7.080254600655276,1.5887084474555187e-09,6.787204447001674,1.6685054239337254e-09,6.442449855883289,1.7522613103343788e-09,6.956094169508687,1.8401769321015761e-09,7.231110804380431,1.9325372738611026e-09,7.317544324793464,2.0294964515759687e-09,6.882415952487002,2.131438716666985e-09,6.501737206012475,2.2380079673011165e-09,10.430692121863611,2.349802041407131e-09,11.662474451879746
0.0,0.0,0.0,0.0,0.0,0.0,0.0,0.0,0.0,0.0,0.0,0.0,0.0,0.0,0.0,0.0,0.0,0.0,0.0,0.0,0.0,0.0,0.0,0.0,0.0,0.0,0.0,0.0,0.0,0.0,2.088075107003233,2.1742911763395747,2.268723637084962,2.3721555113406754,2.4242695322742365,2.5393711711766387,2.675281873743348,2.816444527825949,2.9371423021172376,2.9313502421330964,3.0508101786396336,3.2098735640520935,3.332030151191956,3.4222203461297207,3.57241269827596,3.7549958244444492,3.730393703936792,3.8077091988074034,3.909583951467829,4.274665803539239,4.682041454700539,5.128240005418228,5.616961278019997,6.1522576879013755,6.738567845645074,7.3807533614220135,8.084139156852986,8.854557618589492,9.698396959732996,10.622654190084166,9.788732783190902,9.60997460386388,9.872579383128835,9.642846858883646,9.812087387961425,10.435555089071253,10.182450066516756,9.995374162447051,10.0242184181695,10.08450580816813,15.22389306586355,15.296869383806817,15.54764831255485,16.24184814963308,16.63312856028144,17.079079804340964,17.957783907629008,18.202656713660048,18.470881474760148,18.43767544696951,18.19192411897241,17.88678503678664,17.981742894324302,17.737179521852855,17.64313223459206,16.956771811279108,15.741221046533543,15.080770756917437,18.546799895847375,18.950447125916618,11.87680789,11.78426578,12.14130302,12.01500237,12.23635692,12.97492626,12.85773194,12.81181869,12.96136072,13.01585605,13.44499737,14.2796517,13.89907504,14.39488668,14.30068873,14.36934581,15.5121533,15.38200062,15.32462315,15.8656401,15.56250589,16.0568352,17.03271238,16.85633613,17.08894107,16.9189877,16.95680425,17.45211208,18.00433411,17.86521145,,0.0,0.0,0.0,0.0,0.0,0.0,0.0,0.0,0.0,0.0,0.0,0.0,0.0,0.0,0.0,0.0,0.0,0.0,0.0,0.0,1.147644645982382e-09,4.829705875510738,9.736238671619287e-10,4.2270912484541014,1.0225363013447756e-09,4.980603424372368,1.0738048973273175e-09,5.269181816419511,1.1276562792278831e-09,5.904852529247264,1.184139341955724e-09,6.464729819509969,1.2435945426893724e-09,6.176024312325965,1.3059881730307706e-09,6.628365293266012,1.3714776876815318e-09,7.055842277066747,1.4401737720799347e-09,6.846701151389505,1.5127077510787297e-09,7.311459684598581,1.5887285888803472e-09,6.958189843177094,1.668535603848077e-09,6.5659917933651055,1.7523005432793974e-09,7.033101080826833,1.840222879765986e-09,7.292759011363792,1.9325865979462197e-09,7.41853747388487,2.0295427775544136e-09,6.868555954630017,2.1315008590610305e-09,6.483216296812986,2.238245824520252e-09,10.24086274695227,2.350079125918693e-09,11.7078898674418
0.0,0.0,0.0,0.0,0.0,0.0,0.0,0.0,0.0,0.0,0.0,0.0,0.0,0.0,0.0,0.0,0.0,0.0,0.0,0.0,0.0,0.0,0.0,0.0,0.0,0.0,0.0,0.0,0.0,0.0,2.1335997059037393,2.2216954738975443,2.3181867685824784,2.423873683652206,2.4771239040893844,2.594735010168637,2.7336088629591497,2.8778491712819108,3.0011784207267347,2.995260081181719,3.117324505273928,3.2798558199751247,3.4046756875755153,3.4968322257906506,3.6502990993209385,3.8368629365074094,3.811724436027376,3.890725577588077,3.9948214224100824,4.367862856407288,4.784120186708744,5.240046840588662,5.739423304584036,6.286390345598843,6.885483345623,7.541669908549733,8.260391050923882,9.047606318167274,9.909843200382545,10.85425125746955,9.124410414289926,9.038037206305505,9.216051101630855,9.131517896571758,9.218553826145868,9.572398700078665,9.454217837300465,9.363698698990673,9.464370399559645,9.567751209119185,14.890805892029197,14.782656276869202,15.230427112164005,15.956410487903982,16.467130899135878,16.9597869476426,17.83286032011628,18.122517218405118,18.420604324218992,18.366074824999412,18.133468917217513,17.777453123225435,17.74431415163779,17.386034333406435,17.139851023173787,16.532897405944222,15.051894363521006,14.144439482801609,16.477818036337258,16.661720320776404,11.25801012,11.25973268,11.53423787,11.55539158,11.69567773,12.16713371,12.1878267,12.24154787,12.46554882,12.56301129,12.85091285,13.39062959,13.28040901,13.67514235,13.75364342,13.86941074,14.54639815,14.58057757,14.6425041,15.0723581,15.02105866,15.34734326,15.97229031,15.9780982,16.23449402,16.2717844,16.36684691,16.68096803,17.06628394,17.07000749,,0.0,0.0,0.0,0.0,0.0,0.0,0.0,0.0,0.0,0.0,0.0,0.0,0.0,0.0,0.0,0.0,0.0,0.0,0.0,0.0,1.139816241391145e-09,5.1572175483038,9.73660463478146e-10,4.671882507440184,1.02258447823799e-09,5.354693790365575,1.0738584688368733e-09,5.778100364351906,1.1277177833814465e-09,6.36378657914713,1.184186524535547e-09,6.927239144874964,1.2436534887446084e-09,7.098186606904553,1.306063435951811e-09,7.432665226792377,1.3715636109445597e-09,7.772921647468386,1.440279216853349e-09,7.661579582288086,1.5127728071140506e-09,7.896530444852316,1.5887980809990868e-09,7.670156704786861,1.6686250719728092e-09,7.51144714724343,1.752430416877515e-09,7.69432648007858,1.8403905030102203e-09,7.790840349924158,1.9327693858562856e-09,7.802782915678274,2.029703477490254e-09,6.945438505688872,2.131703385135971e-09,6.511077772275588,2.2388708388751826e-09,9.3213772980928,2.3509529616047713e-09,10.445964089688129
0.0,0.0,0.0,0.0,0.0,0.0,0.0,0.0,0.0,0.0,0.0,0.0,0.0,0.0,0.0,0.0,0.0,0.0,0.0,0.0,0.0,0.0,0.0,0.0,0.0,0.0,0.0,0.0,0.0,0.0,0.6935378733077165,0.7221738688099535,0.7535388746839825,0.7878929656182353,0.8052022315189469,0.8434323438318951,0.8885740244648068,0.9354600998624618,0.9755489249311596,0.973625137348041,1.013302824243664,1.0661344880425812,1.106707846429626,1.1366638167778942,1.1865490360141318,1.2471925984032755,1.2390211958141086,1.2647009348744789,1.298537840006336,1.4197969318941916,1.5551035795316113,1.7033049506891156,1.8656299125181572,2.0434244432097257,2.2381627926764085,2.4514597068473547,2.685083816938955,2.9409723047226044,3.2212469653932008,3.5282318012246057,10.439987536886854,10.052151721393818,10.748552975530396,10.406823124606525,11.187468288717499,10.242779596415604,11.16448658579561,10.778354630410595,11.100915895355671,11.487839152953295,16.510692988265877,15.01033585116189,15.549668794949222,16.304262335441507,16.507051276907976,16.986043431774647,17.475734499857797,17.911466593828525,18.15133982274106,18.164789603525573,17.991363730492903,17.81699263654241,17.401524118155137,17.379255740737918,17.237221242367085,16.70229570562891,16.645391455455034,16.921528537950966,16.752949450428734,16.73735499289203,11.13352541,10.77432559,11.50209185,11.19471609,11.99267052,11.08621194,12.05306061,11.71381473,12.07646482,12.46146429,13.17724096,12.20101309,12.70789056,13.63702961,13.32435445,13.75730409,13.25410377,14.41935379,14.01126573,15.03035131,14.89964322,15.73706418,14.55332043,15.80142143,16.18924835,15.76389734,16.23455345,17.1045542,16.87757463,16.33411945,,0.0,0.0,0.0,0.0,0.0,0.0,0.0,0.0,0.0,0.0,0.0,0.0,0.0,0.0,0.0,0.0,0.0,0.0,0.0,0.0,1.1447855996493672e-09,4.346754853514575,9.732691655659698e-10,3.875457249800073,1.0220977611471649e-09,3.9484860820041705,1.0733402009451337e-09,3.8038965428756177,1.127144873329729e-09,4.369245863611651,1.1836053861766016e-09,4.4759319409019245,1.2429403968622899e-09,5.460651926432797,1.3052699362727599e-09,4.756813739501446,1.3706687855533378e-09,5.438611933586379,1.4392831182044521e-09,4.554235226300301,1.511820304080445e-09,4.64682409094988,1.5877616606366305e-09,3.783233408203245,1.6672566649453412e-09,4.713833601694857,1.7509558047331378e-09,3.621258755019998,1.8388503755426026e-09,3.2861356861698066,1.931300748884352e-09,3.3898580736598802,2.0282811244582743e-09,3.0959218236371187,2.1299245366362522e-09,2.757946643978898,2.2366547032611153e-09,3.096621787193202,2.348703297368484e-09,3.9314673455572877
0.0,0.0,0.0,0.0,0.0,0.0,0.0,0.0,0.0,0.0,0.0,0.0,0.0,0.0,0.0,0.0,0.0,0.0,0.0,0.0,0.0,0.0,0.0,0.0,0.0,0.0,0.0,0.0,0.0,0.0,0.7096564972278959,0.7389580264520031,0.7710519914116067,0.8062045112322992,0.8239160645323381,0.8630346889605075,0.9092255145662473,0.957201276692651,0.9982218125150851,0.9962533138790478,1.0368531562007945,1.090912689093278,1.1324290193499056,1.1630812011651912,1.214125810708709,1.276178799767904,1.2678174843126855,1.2940940502691969,1.328717364290077,1.452794658001174,1.5912459889372375,1.7428917317117518,1.9089893137729101,2.090915995404721,2.2901802897962558,2.5084344714433953,2.747488276601673,3.009323909391862,3.296112477988148,3.6102319971705357,9.92713868296632,10.078161643751788,10.376197298802515,9.951443008992147,10.626806065703724,10.29403625128703,10.606079135693792,10.80313904358043,10.606748857771416,10.781827076421816,16.15618067905756,15.026227576525537,15.548237945325587,16.10217874324637,16.30639432806287,16.75870802767361,17.485918225149362,17.821603854924966,18.159026189476055,18.10294289119947,17.872445490029914,17.649894557471143,17.38858353082285,17.102893247712135,16.97365393881697,16.338440088458423,16.081328595300153,16.32168020826358,15.80960362750885,15.73275913191579,10.63679518,10.81711967,11.14724929,10.75764752,11.45072213,11.15707094,11.51530465,11.76034032,11.60497067,11.77808039,12.58176188,12.27899749,12.75836448,13.21632366,12.80413969,13.00285662,13.33881914,13.77602396,14.06691647,14.56666101,14.08255014,15.02590677,14.64633991,15.09642966,15.68980577,15.14843698,15.34425418,16.33159996,16.12456951,16.39899623,,0.0,0.0,0.0,0.0,0.0,0.0,0.0,0.0,0.0,0.0,0.0,0.0,0.0,0.0,0.0,0.0,0.0,0.0,0.0,0.0,1.1363683327658691e-09,4.611271956255974,9.733222788190038e-10,3.8381427762144082,1.0221578610552174e-09,3.9223024853008304,1.0733861210330942e-09,4.048936285068107,1.1271801190046006e-09,4.71638044946151,1.1836335316898146e-09,5.032030208166064,1.2430146417123352e-09,5.41491657022293,1.305342237020448e-09,5.339673945993099,1.370767927860205e-09,5.420827084605133,1.4393776489070927e-09,4.989076540081554,1.511873646857938e-09,5.381141339893105,1.5878335425034004e-09,4.366879520155132,1.6674093126168896e-09,4.65123293561735,1.751073572293091e-09,4.097379584189743,1.839019712762321e-09,3.574028459739981,1.931388079334779e-09,3.698437581085891,2.028283994736597e-09,3.4845626931455325,2.130075904209968e-09,2.99940415896139,2.237016379838147e-09,2.9811465968691326,2.349111116052164e-09,2.943994900527404
0.0,0.0,0.0,0.0,0.0,0.0,0.0,0.0,0.0,0.0,0.0,0.0,0.0,0.0,0.0,0.0,0.0,0.0,0.0,0.0,0.0,0.0,0.0,0.0,0.0,0.0,0.0,0.0,0.0,0.0,0.7408407669382429,0.7714298864173812,0.8049341489833397,0.841631367772292,0.860121215722285,0.9009588207271573,0.9491793989941631,0.9992633488304705,1.0420864404777954,1.0400314405659572,1.0824153522763513,1.138850410596587,1.1821910832571294,1.2141902067388022,1.2674778576375139,1.3322576267018438,1.3235288919144452,1.35096012287163,1.38710488109391,1.5166344743430666,1.6611697397777674,1.8194792160086495,1.9928755853245776,2.182796628636548,2.390817147376371,2.618662021552194,2.868220512237146,3.1415619270847164,3.440952778768504,3.7688755786165835,9.355714953255577,9.45757691378598,9.788414551230375,9.386274022451767,10.010576534513357,9.642859719519942,9.98126658126546,10.121682411442158,9.991417109808307,10.135628199734489,15.752717866078557,14.612422635686112,15.165607496086825,15.792914729106146,16.066115449483377,16.566318527234202,17.37111364177097,17.73331796222821,18.09301458155369,18.0208500673108,17.78253467543889,17.488296590730474,17.193481132213314,16.821788846580894,16.59459947199279,15.892402852272397,15.53300874211762,15.669495570650785,15.040404212430554,14.716290921518775,10.09655572,10.2290068,10.5933487,10.22790539,10.87069775,10.54381854,10.93044598,11.12094576,11.03350355,11.17565964,11.94444585,11.604078,12.06470863,12.55961192,12.17362152,12.33779149,12.60564617,13.07634407,13.30211633,13.84285177,13.36226125,14.26478513,13.84129859,14.32968678,14.9101881,14.40247786,14.55943214,15.5043398,15.30560773,15.50740392,,0.0,0.0,0.0,0.0,0.0,0.0,0.0,0.0,0.0,0.0,0.0,0.0,0.0,0.0,0.0,0.0,0.0,0.0,0.0,0.0,1.1287326628917072e-09,4.890687369345867,9.733483721578468e-10,4.147195046878789,1.0221883886536757e-09,4.283089949969804,1.0734158344030624e-09,4.44749301650198,1.1272071240251195e-09,5.159971787811287,1.1836573379508463e-09,5.56078466466108,1.2430631496503233e-09,6.088996364446847,1.3053974655783759e-09,6.007934015899299,1.370833974514294e-09,6.178003133487171,1.4394464936660185e-09,5.694632772535324,1.5119192237799136e-09,6.081443166143133,1.5879086481938569e-09,5.042990677711928,1.6675177592951852e-09,5.345058128560095,1.7511786245723327e-09,4.674898696290915,1.839070980050559e-09,4.075228520496452,1.931396114895984e-09,4.108587015009143,2.028305581962747e-09,3.8417971155989745,2.1301553696415825e-09,3.306717699042026,2.237189900417387e-09,3.175749262571881,2.3493636356693343e-09,2.9777625815772857
0.0,0.0,0.0,0.0,0.0,0.0,0.0,0.0,0.0,0.0,0.0,0.0,0.0,0.0,0.0,0.0,0.0,0.0,0.0,0.0,0.0,0.0,0.0,0.0,0.0,0.0,0.0,0.0,0.0,0.0,0.7569212214384218,0.788174298634166,0.8224057940871328,0.8598995510572353,0.8787907337770517,0.9205147468718717,0.9697819857026577,1.0209530418544834,1.0647056379345055,1.0626060328469602,1.105909916289762,1.1635699360700484,1.2078513476124497,1.240545033909988,1.294989329642433,1.3611751878091165,1.3522569898754428,1.380283634423478,1.4172129392932318,1.5495540607730471,1.697226562795172,1.8589722542602654,2.0361323101222304,2.23017571930808,2.442711465389567,2.6755018680727174,2.9304771961317493,3.209751672955156,3.5156410074211046,3.850681595460459,8.899707963755082,9.047127000568908,9.33820807612627,8.842020746166448,9.463919826458215,9.342444503375022,9.484403234556627,9.671957268417843,9.4013837423512,9.651975307453169,15.468595002957397,14.393267901352646,14.888268593101726,15.533880021683432,15.820086147326501,16.40256195405048,17.30307764305853,17.655312621258933,18.040389606124165,17.946493627313455,17.703335886989787,17.337125976625316,17.08163173193461,16.576835654282156,16.27854243239295,15.435029824139061,15.077699711962499,15.061071871174057,14.430362006029204,14.090970605482626,9.656629185,9.835301299,10.16061387,9.701920297,10.34271056,10.26295925,10.45418522,10.69291031,10.46608938,10.71458134,11.36430698,11.29497621,11.60034858,12.04655588,11.54757511,11.82876669,12.26986527,12.50658237,12.79012955,13.2773758,12.81096953,13.57194793,13.4726032,13.70531451,14.30111178,13.66180923,13.9587483,14.75129772,14.63871269,14.91053755,,0.0,0.0,0.0,0.0,0.0,0.0,0.0,0.0,0.0,0.0,0.0,0.0,0.0,0.0,0.0,0.0,0.0,0.0,0.0,0.0,1.1240786079724785e-09,5.210197940233991,9.733998437760736e-10,4.2618616280190444,1.0222465228170358e-09,4.495771361340398,1.0734789605721859e-09,4.72786917625086,1.1272735002922235e-09,5.5675003676598225,1.1837354041485373e-09,5.934970452585048,1.2431597479211477e-09,6.385469363695703,1.3054999622933577e-09,6.529013886482338,1.370955364711919e-09,6.667472996257412,1.4395849146095246e-09,6.218671888968453,1.5120418017346946e-09,6.5895929207119055,1.5880424241268525e-09,5.624150301858953,1.667679276433948e-09,5.645160843079408,1.7513574113689941e-09,5.101696864664256,1.8392333509651776e-09,4.420142118910332,1.9315102572465027e-09,4.448722463396904,2.028444507380349e-09,4.049428609338959,2.130378351057831e-09,3.5195258254364155,2.237505183786714e-09,3.30729032482383,2.3497069011081093e-09,3.0311146523857033
0.0,0.0,0.0,0.0,0.0,0.0,0.0,0.0,0.0,0.0,0.0,0.0,0.0,0.0,0.0,0.0,0.0,0.0,0.0,0.0,0.0,0.0,0.0,0.0,0.0,0.0,0.0,0.0,0.0,0.0,0.774465194978617,0.8064426582053538,0.8414675736780776,0.8798303635958307,0.8991594074832197,0.9418505027009788,0.9922596610736732,1.044616763579762,1.0893834604224555,1.0872351905398727,1.131542774452143,1.19053924224406,1.2358470114712754,1.2692984743393338,1.3250046838042668,1.3927246024669748,1.3835996979116039,1.4122759460068042,1.4500612009135534,1.5854697342557413,1.7365649999614725,1.9020596444892264,2.083325928640729,2.2818668896721146,2.499328804290023,2.737514839371117,2.9984000035956213,3.284147523971078,3.597126783039616,3.9399329654961592,8.68516392121474,8.879690718997606,9.089178644535153,8.546573931627648,9.212556762751875,9.09435995754575,9.248654949185457,9.486118626692447,9.07948897986304,9.422879879760114,15.383576277155685,14.199202282135396,14.743737893879677,15.367540749959025,15.667929056270976,16.30383025885417,17.24110890074429,17.606080927248254,18.009883457704056,17.89614262279385,17.653722970699228,17.252954817986076,16.981322607955764,16.43193060444169,16.066396119645834,15.13353267830749,14.798694353037181,14.73448089493333,14.150862107207992,13.782288127595303,9.459629116,9.686133377,9.930646218,9.426404295,10.11171617,10.03621046,10.24091461,10.53073539,10.16887244,10.51011507,11.11049622,11.04542615,11.42441092,11.77390324,11.21964604,11.60303843,11.99877611,12.25144183,12.59614698,12.97686571,12.5664979,13.26883166,13.17494086,13.42571923,13.97743123,13.27383995,13.69237362,14.42184182,14.34007562,14.68439563,,0.0,0.0,0.0,0.0,0.0,0.0,0.0,0.0,0.0,0.0,0.0,0.0,0.0,0.0,0.0,0.0,0.0,0.0,0.0,0.0,1.1221494844448898e-09,5.404622832593005,9.734550878317347e-10,4.3443153749760315,1.0223138400906682e-09,4.555173985977357,1.0735535606331003e-09,4.862935984956056,1.1273536294017934e-09,5.7732877007664225,1.1838340812443212e-09,6.093516432046839,1.2432670958936342e-09,6.6259324894179015,1.305622203098118e-09,6.766915044055263,1.3710922824619264e-09,6.863797679457871,1.4397452176882022e-09,6.504746647931878,1.5121912710150009e-09,6.823790071587937,1.5881957676777187e-09,5.886182803449013,1.6678521121809693e-09,5.889707677619408,1.7515515918267523e-09,5.288078265188174,1.8394436527944315e-09,4.588293695064058,1.931737666097108e-09,4.59720756886417,2.0286997876684636e-09,4.1047207378779,2.1306741145119993e-09,3.596786600212071,2.2378356511895474e-09,3.4079132716216054,2.3500734196371236e-09,3.0378254645345395
0.0,0.0,0.0,0.0,0.0,0.0,0.0,0.0,0.0,0.0,0.0,0.0,0.0,0.0,0.0,0.0,0.0,0.0,0.0,0.0,0.0,0.0,0.0,0.0,0.0,0.0,0.0,0.0,0.0,0.0,0.7685063725585507,0.8002377975823471,0.8349932274113867,0.873060849703609,0.8922411737507503,0.9346037988746043,0.9846251035063749,1.036579364570026,1.0810016214061855,1.078869880553989,1.1228365569263112,1.1813790992516449,1.226338265400472,1.2595323489463677,1.3148099485627898,1.3820088225455966,1.372954126033399,1.4014097358466198,1.4389042667472471,1.5732709515860042,1.7232036733030698,1.8874249834000358,2.067296584349495,2.26430994886968,2.4800986870288693,2.7164520919347273,2.975329976328294,3.258878923104922,3.5694500845106534,3.9096186775971336,8.675411081634797,8.855328382620593,8.868158107801687,8.401809644519767,9.191552596484328,9.042342774372086,9.239280196752745,9.46092346570216,8.9244014988792,9.432617449746,15.349054965244168,14.180414316848216,14.74384314930731,15.275728837824747,15.62666218910041,16.31344304761945,17.239435538130724,17.611419946294394,18.012746022185155,17.879485588634072,17.65806554644082,17.256454181941475,16.978292688066034,16.441097153774187,15.96241065777425,15.057705365519586,14.839814132118269,14.721451323702299,14.12818044430451,13.746572873963265,9.443917454,9.65556618,9.703151335,9.274870494,10.08379377,9.976946573,10.2239053,10.49750283,10.00540312,10.51148733,11.0798158,10.98020283,11.38835812,11.50418235,11.03928505,11.60455339,11.92792326,12.2310932,12.55639645,12.67958692,12.56813865,13.23219123,13.09714275,13.40342022,13.65723111,13.06045684,13.69416137,14.38201748,14.31625794,14.63805507,,0.0,0.0,0.0,0.0,0.0,0.0,0.0,0.0,0.0,0.0,0.0,0.0,0.0,0.0,0.0,0.0,0.0,0.0,0.0,0.0,1.1218581619232282e-09,5.392075723155397,9.734393614910027e-10,4.381590586696467,1.0222959291988418e-09,4.581823295334192,1.0735268244999194e-09,5.031078837428969,1.1273238233543851e-09,5.902187088354475,1.1838126630602123e-09,6.090898480890727,1.2432371218104055e-09,6.684466404926161,1.3055880371987437e-09,6.78173648294121,1.3710545154365126e-09,6.895253839772659,1.4396935173683946e-09,6.773169621102523,1.5121595851374207e-09,6.813130570671106,1.588154862386627e-09,5.911687936315207,1.6678067579910801e-09,5.948446523438464,1.7515013737361253e-09,5.301986883718212,1.839382102190681e-09,4.785278235931487,1.9316646975471483e-09,4.713700618639957,2.0286347637988732e-09,4.120982739691621,2.1305894503595043e-09,3.5983127681148366,2.2377612476667414e-09,3.381372590189111,2.3499938566066796e-09,3.0181364830034387
0.0,0.0,0.0,0.0,0.0,0.0,0.0,0.0,0.0,0.0,0.0,0.0,0.0,0.0,0.0,0.0,0.0,0.0,0.0,0.0,0.0,0.0,0.0,0.0,0.0,0.0,0.0,0.0,0.0,0.0,0.7577841822384315,0.7890728908575466,0.8233434134085322,0.8608799167590954,0.8797926371894308,0.9215642195513029,0.9708876276301314,1.0221170235593386,1.0659195016802472,1.0638175028470456,1.1071707567564708,1.1648965143379821,1.2092284108202265,1.2419593709698955,1.2964657382781803,1.3627270544971621,1.3537986889859315,1.381857286523149,1.4188286942453154,1.5513206969487403,1.6991615593984433,1.8610916560398634,2.0384536908914592,2.2327183276646516,2.4454963843225563,2.6785521897800564,2.9338182134978337,3.213411089276265,3.519649166117653,3.8550717316808254,8.787654779954995,8.991207453345487,8.860025757804536,8.330083431464233,9.376612323045771,9.213848830695504,9.362923992629073,9.610974666712947,8.848967548605085,9.593129057453044,13.586077329811383,14.269597108890297,14.807644887232916,15.258038482151768,15.586878643793517,16.33275455617388,17.25107213990012,17.61070995932964,18.013491330558,17.867105482740293,17.657802740562193,17.28083586626613,17.00536313142501,16.47371368747944,15.938404209441691,14.985587896225816,14.961761799602625,14.918021570007468,14.324943815109362,13.959734211839239,9.545438962,9.780280344,9.683369171,9.190963348,10.25640496,10.13541305,10.33381162,10.63309169,9.91488705,10.65694656,11.26947658,11.1546043,11.53545354,11.48072836,10.93941574,11.76513859,12.11737762,12.36257667,12.7185786,12.65373659,12.74205806,13.4586957,13.30516813,13.54750613,13.62938762,12.94230256,13.88366282,14.62820431,14.47015679,14.82712455,,0.0,0.0,0.0,0.0,0.0,0.0,0.0,0.0,0.0,0.0,0.0,0.0,0.0,0.0,0.0,0.0,0.0,0.0,0.0,0.0,9.271080040336181e-10,3.423771507381791,9.734600379087981e-10,4.279889323824777,1.02231968746539e-09,4.481419758679468,1.0735511521699208e-09,5.019269493779551,1.127346450833522e-09,5.943928642763055,1.1838632914381445e-09,5.93034302139666,1.2432779208492942e-09,6.487493209647995,1.305633899070146e-09,6.629990576652933,1.371102914449179e-09,6.713741425643499,1.4397445743383052e-09,6.764689590571541,1.5122322755763327e-09,6.614906240887811,1.5882069469276226e-09,5.683231823279593,1.667859111311583e-09,5.738648693339315,1.751557302870318e-09,5.158925886218402,1.8394426316238663e-09,4.754512974892685,1.9317259771480994e-09,4.721837527191642,2.0287335217889926e-09,4.011917194345508,2.1306939544600092e-09,3.503228350591294,2.2378252147680335e-09,3.374436192600933,2.350075429257542e-09,2.98768139496305
0.0,0.0,0.0,0.0,0.0,0.0,0.0,0.0,0.0,0.0,0.0,0.0,0.0,0.0,0.0,0.0,0.0,0.0,0.0,0.0,0.0,0.0,0.0,0.0,0.0,0.0,0.0,0.0,0.0,0.0,0.7802438108786812,0.8124598716287719,0.8477461229688289,0.8863951540620756,0.9058684202089863,0.948878051938413,0.9996633345914109,1.0524110958217194,1.0975118161271142,1.0953475170845621,1.1399856988216912,1.1994223644805238,1.245068194342808,1.2787692528756722,1.3348911101835728,1.4031163161093787,1.3939233267402653,1.4228135405814688,1.4608807274281008,1.5972996017240835,1.7495222537997803,1.9162517246185593,2.0988705140066237,2.298892874023617,2.5179773649504638,2.757940607862739,3.020772347824736,3.308651952605472,3.6239664837231227,3.9693304896550496,9.247422319315067,9.472790568574599,8.9407157932443,8.395989413161299,9.974982930026636,9.6490509883087,9.856203345668138,10.129682584450928,8.915997224158275,10.150297223215919,14.051122851725697,14.513117727944406,15.063388214576001,15.278608591940186,15.599303148732938,16.468628846546924,17.312666354091856,17.665482414717935,18.054164139254237,17.870464653282404,17.714706987898442,17.399108348126767,17.104288640752216,16.637126085019933,15.91800708621904,14.949761157811585,15.311902310385513,15.397528698513893,14.711035356673273,14.40206423313343,10.02766613,10.28525044,9.788461916,9.282384567,10.88085135,10.59792904,10.85586668,11.18209368,10.01350904,11.24564474,11.95560237,11.66362972,12.13104578,11.60532768,11.04822857,12.41505418,12.6703379,12.98712315,13.3752573,12.79106646,13.44593946,14.27810893,13.91233165,14.2319142,13.77730616,13.07103782,14.65060737,15.51882137,15.20117636,15.59267054,,0.0,0.0,0.0,0.0,0.0,0.0,0.0,0.0,0.0,0.0,0.0,0.0,0.0,0.0,0.0,0.0,0.0,0.0,0.0,0.0,9.271339561208698e-10,3.2355061813613473,9.735010865765715e-10,4.048910373021117,1.0223709857409067e-09,4.1774106295447755,1.07359773677473e-09,4.952050165473703,1.1273864338336841e-09,5.885965689607823,1.1839421865276074e-09,5.456690983381541,1.243355520746287e-09,6.036251781593744,1.3057204181558324e-09,6.101172806099187,1.3712022932054939e-09,6.1397875675221485,1.4398401019267486e-09,6.676697795888969,1.5123510026878535e-09,6.018289782625013,1.5883239612490926e-09,5.037251143718453,1.6679777883344604e-09,5.290827505781358,1.7516934268673772e-09,4.704104760117494,1.8395765328534272e-09,4.658678292297927,1.931842696436796e-09,4.636663946860063,2.0289321152349312e-09,3.682067289454944,2.131009437891282e-09,3.1873592824265824,2.2381481163358278e-09,3.1338254817700815,2.350408693186546e-09,2.778724184231224
0.0,0.0,0.0,0.0,0.0,0.0,0.0,0.0,0.0,0.0,0.0,0.0,0.0,0.0,0.0,0.0,0.0,0.0,0.0,0.0,0.0,0.0,0.0,0.0,0.0,0.0,0.0,0.0,0.0,0.0,0.8216343003991418,0.8555593635229463,0.8927174851629575,0.9334167757957698,0.9539230626563919,0.9992142757153404,1.0526936235824862,1.1082395558818767,1.15573278589403,1.1534536747945403,1.200459829423787,1.2630495001469113,1.311116756768659,1.3466055940580919,1.4057046119847425,1.477549038763737,1.467868378329709,1.4982911645240231,1.5383777451502414,1.6820333881436675,1.842331170066816,2.017905330607523,2.2102117086480284,2.420844884516054,2.6515514020445483,2.9042442506936137,3.181018727819127,3.484169812615081,3.8162111957934695,4.179896122787457,9.818786639795002,10.154744986680901,9.1257120850503,8.395304573427609,10.683371467579725,10.38074041453228,10.46653624667749,10.862130574391285,8.907762734391369,11.065121155506581,14.634023417178534,15.012331520638268,15.507876292995775,15.409259703343457,15.636084364805823,16.774010147777197,17.46858084786174,17.768332427643344,18.146830387016028,17.90770197433364,17.85771297448357,17.579622229156442,17.271110654553596,16.803359903243898,15.911919785543734,14.82580423504385,15.817287123070196,15.778757116063128,14.951230225418897,14.805794041933087,10.64042094,11.01030435,10.01842957,9.328721349,11.63729453,11.37995469,11.51922987,11.97037013,10.06349552,12.21857483,12.78676287,12.52429386,12.98621817,11.87798032,11.10338028,13.4891571,13.60528747,13.7807198,14.3181398,13.09157655,14.60923062,15.27073145,14.93892845,15.10157559,14.10098671,13.1362872,15.91812178,16.59769896,16.13006589,16.69186855,,0.0,0.0,0.0,0.0,0.0,0.0,0.0,0.0,0.0,0.0,0.0,0.0,0.0,0.0,0.0,0.0,0.0,0.0,0.0,0.0,9.271577259173556e-10,3.0477203774163035,9.73551470337139e-10,3.751087161380811,1.0224350355600639e-09,3.832774880389845,1.0736328332272362e-09,4.8778849780592175,1.1273902506750198e-09,5.938408697481824,1.1840141832880729e-09,4.762402087265464,1.243449042795185e-09,5.331161756952472,1.3058296886747248e-09,5.48590379296665,1.3713382338951128e-09,5.367068333005489,1.4399219596427285e-09,6.498158813359601,1.5125017852123675e-09,5.0908135254764355,1.5884788645763095e-09,4.326796110736464,1.6681509619306807e-09,4.542393914223506,1.75189111718151e-09,4.12262919883338,1.8397028899041658e-09,4.462484478716494,1.931913779531412e-09,4.593761286923111,2.0294529500299596e-09,3.0801840721334903,2.131616952253535e-09,2.6652279699850734,2.2388654822134128e-09,2.637375532585914,2.3511942914075255e-09,2.293821616163109
0.16899825560441986,0.2301220044302645,0.30041431558014736,0.38125047340270113,0.47068509188778274,0.5770729649914124,0.7000146565202471,0.8409536483925754,1.0011022918169301,1.1774510197345114,1.3880866008988733,1.6321845898668588,1.9100695407523072,2.2274778943292683,2.595987467835757,2.8757095198082863,2.8909684230459303,2.915669977298404,2.945990697061788,2.9964311898021134,3.006505589210391,3.0180911485286366,3.0314145417432896,3.0467364439386686,3.0643566314615365,3.084619847110347,3.10792254510342,3.134720647790838,3.1655384658740293,3.2009789566522544,0.8474221853194287,0.8824120233964272,0.920736393042688,0.9627130751167612,0.9838629740630122,1.030575701035994,1.0857335563215131,1.1430228580362638,1.192006714656205,1.189656071179445,1.2381375650265596,1.302691680545894,1.3522675802240396,1.388870273217318,1.4498241780108556,1.5239235201567485,1.5139390216805357,1.545316660062681,1.5866614015611202,1.734825832938703,1.9001547348518557,2.0812394811176236,2.2795816037027965,2.4968257305706043,2.734773222729168,2.9953971108905515,3.280858455593913,3.5935242664478966,3.9359871290776876,4.311086702514755,10.225878019270619,10.528677272377497,9.02230097159048,7.893336581703755,11.030572044285817,10.440957264220588,10.385069177418577,10.672313783844707,7.771764529812118,10.750295959387708,14.535587743239708,14.60778771014018,15.014397185521336,14.727528206750543,14.881074889886941,16.318723088850952,17.19070878531783,17.541239440322244,17.979024705265605,17.709109950554137,17.620771807666813,17.217623144282737,16.803270268232392,16.071378005665025,14.722093023975674,12.998970816120094,14.54126901012701,14.30123312644806,12.907610018156992,12.675141498314623,11.24229846,11.6412113,10.24345168,9.23730013,12.48512011,12.04860593,12.17081739,12.65629029,9.964873536,13.11740305,13.71833203,13.26018297,13.73034794,12.14476946,10.99456745,14.48145246,14.40469245,14.56022894,15.13859068,13.38562406,15.68392133,16.38326811,15.81669409,15.95579919,14.41770639,13.00755194,17.08909772,17.80691075,17.04246626,17.64833764,,0.0,0.0,0.0,0.0,0.0,0.0,0.0,0.0,0.0,0.0,0.0,0.0,0.0,0.0,0.0,0.0,0.0,0.0,0.0,0.0,9.266857928047705e-10,3.443479879731033,9.73512300528161e-10,4.282481011148043,1.022385930109573e-09,4.546386367122542,1.0735302986989282e-09,6.199106914954533,1.1272397141911708e-09,7.932319086424757,1.1839120960616334e-09,6.236903669539724,1.2433534685973825e-09,7.190923780804626,1.305746345144583e-09,7.44199713848193,1.3712592631031742e-09,7.3730861247269965,1.439768258337746e-09,9.054742914176817,1.5124056049849055e-09,6.843510802654178,1.588300530958936e-09,5.933685664900454,1.6679556300191603e-09,6.297572324699452,1.7516836876268252e-09,5.659140991246805,1.839426993966357e-09,6.103516489293992,1.931497085594862e-09,6.071435835306212,2.0292960940358905e-09,3.840952292067363,2.1316776604109737e-09,3.2225672919926276,2.2383987158478587e-09,2.9666693544809855,2.3505900402728236e-09,2.5388695189227724
0.9851572220904475,1.341471566174414,1.7512330618719172,2.222458781925144,2.743808307045199,3.3639850133433544,4.080660430331977,4.902249181177875,5.835818537342075,6.863824550144521,8.09170209995198,9.514645170396763,11.134545714907999,12.984843700291485,15.133030771518824,16.763640499963202,16.85259064132402,16.99658570495145,17.173337091804804,17.467374539299218,17.526102171130635,17.593638947729342,17.671306240810107,17.760623627844403,17.86333862292325,17.98146086724942,18.117301448206685,18.273518116280627,18.45316728452288,18.659763827899774,0.8413693060293614,0.8761092223201145,0.9141598526338968,0.9558367080171026,0.976835539658843,1.0232146118106793,1.0779784912884771,1.1348585929210269,1.1834925727305436,1.1811587191861992,1.2292939244475973,1.293386949526199,1.3426087436101712,1.3789499946843946,1.4394685242489553,1.513038597299405,1.503125415063309,1.5342789325045294,1.5753283610716993,1.7224344989165588,1.8865825066971575,2.066373819619537,2.2632992446636946,2.4789916627148267,2.7152395682064836,2.974001899091603,3.2574242801102713,3.567856814040407,3.907873568455498,4.280293919565014,9.92579665207463,9.923709851709628,8.113413575707497,6.6225600982809985,9.336885453532604,8.264351945094024,7.564326918639925,7.162867286174699,3.5535061702128363,5.854606180971262,10.710022990377619,11.365721915889365,11.770142815774939,11.95704436581792,12.13420453908644,14.137331896309494,16.09105546409813,16.655392391278166,17.352375642392598,16.844043371440076,16.572499258333664,15.471547695193118,14.664779493224081,12.460552063638639,8.964330204376134,2.840262006890189,7.143679690649189,5.933020273814656,4.54902687335305,3.354469427130069,11.75232318,12.14129064,10.77880649,9.800855588,13.0575293,12.65155157,12.72296584,13.19997506,10.57281728,13.89958945,14.34728067,13.92375928,14.32017173,12.77949308,11.66533146,15.34497667,15.12554318,15.22077684,15.7889093,14.08519861,16.61914835,17.1343969,16.6082053,16.67965936,15.1712208,13.80112547,18.10811495,18.62330973,17.8156248,18.40646915,,0.0,0.0,0.0,0.0,0.0,0.0,0.0,0.0,0.0,0.0,0.0,0.0,0.0,0.0,0.0,0.0,0.0,0.0,0.0,0.0,9.266690525739563e-10,5.683738345342926,9.733187625701922e-10,8.249994756407066,1.0221449606324767e-09,9.927125544917576,1.0732938540185945e-09,13.541344981450738,1.1271805614268157e-09,17.04137237554504,1.1836327857692206e-09,17.06903432429513,1.2430801860741421e-09,19.32122834124511,1.3054860524264191e-09,19.96548018953206,1.3709841608797435e-09,20.312131796106826,1.439616006131146e-09,21.94865380053699,1.5120921273086584e-09,19.366035587085552,1.5878786633653716e-09,17.99716356351247,1.6674929689677282e-09,17.99117967971778,1.7511795572407894e-09,16.02050799526929,1.8388929165042082e-09,14.371687596632322,1.9323798902736004e-09,9.994599304416328,2.0282003307783556e-09,10.41029047020729,2.1301318615668294e-09,9.151085475439343,2.2370566330374728e-09,9.09444292770171,2.3489904873090455e-09,7.8880580260338125
1.9273815388847884,2.62448213707157,3.4261478249882114,4.348063366094498,5.368042134448379,6.581368401324891,7.9834866999101415,9.590859569365099,11.417313562689463,13.428525343417887,15.83076984657264,18.614644484409396,21.78385071292926,25.40381116035562,29.606567847627232,32.79672574045654,32.970749598269045,33.25246445667219,33.59826444915518,34.17352526573732,34.288421193895985,34.42055151126393,34.57250137622191,34.74724372090679,34.948197417273676,35.17929416806722,35.44505543144491,35.75068088427661,36.10215015494936,36.506339816024074,0.7883807307387718,0.8209327627594786,0.8565870034322465,0.8956390932416165,0.915315440020302,0.9587736058126907,1.010088512372034,1.063386363586968,1.1089574252672518,1.1067705554236025,1.1518742548648533,1.2119307670107373,1.2580526230258189,1.2921051394089844,1.3488122740993476,1.417748979463299,1.4084601192692865,1.437651620158832,1.4761157978490331,1.6139573421259543,1.7677674768622766,1.9362357174392417,2.12075898134345,2.3228673122979786,2.5442365671927094,2.7867023120790093,3.052275042453158,3.3431568540323275,3.6617597022563158,4.010725401914801,9.25894136057063,9.038228340372937,6.996807681792804,5.07186711088711,6.939167715767715,5.545581953110443,3.9701378279780837,2.9179338673215427,2.791069323839434e-10,2.937327134102174e-10,7.5900696801236185,9.125022593448366,9.62149771182372,9.753093836399518,7.26636426843786,11.406761911099403,13.572185048812418,11.274460947298117,10.892108589775958,2.9376791962792503,6.087153696491748,4.666644312933001,3.3149098670493227,0.778874124600384,4.777273697086044e-10,5.014131402036011e-10,5.269644410211167e-10,5.533633860544306e-10,5.812242158315487e-10,6.104737526801494e-10,11.97470363,12.48364324,11.27954251,10.31556957,13.22252529,13.08572396,12.96371304,13.5721798,11.12807258,14.36066774,14.52857407,14.40159093,14.72396308,13.37317222,12.27796259,15.85400146,15.64461732,15.50878825,16.2341152,14.7395351,17.17044008,17.35090853,17.17816102,16.99527611,15.8760091,14.52592263,18.70879879,18.85863538,18.15273658,18.92548339,,0.0,0.0,0.0,0.0,0.0,0.0,0.0,0.0,0.0,0.0,0.0,0.0,0.0,0.0,0.0,0.0,0.0,0.0,0.0,0.0,9.266388707869537e-10,10.044139712127015,9.732250655489479e-10,14.550006915463117,1.0220878651436486e-09,17.93943796840319,1.0733488842451023e-09,23.075837916820905,1.1274227578597038e-09,25.943781800855177,1.183719357240075e-09,29.76723517174214,1.243114389935492e-09,32.306777447110136,1.305581317671193e-09,30.455788774926912,1.3711427495465629e-09,29.732373637617613,1.440144103573198e-09,23.985626705023396,1.512170019037162e-09,24.97290228817366,1.5879615922573858e-09,23.672523012606433,1.6675987929519806e-09,22.830009205634042,1.7526934264286645e-09,20.853709048876908,10.6337988704178,26.985514233737007,21.50415074019905,32.024088217480326,10.42730762341889,25.251286203341103,13.232575026897484,27.017426530997597,17.343125302748252,30.215359444264095,21.48894003115653,31.32921183994952
2.72897561323878,3.7159989368753825,4.851075759060084,6.156414104575532,7.600599974732638,9.318546176045702,11.30380263228891,13.57967861928332,16.165751125388567,19.013421808092193,22.41475492968027,26.35643738522888,30.84371005878547,35.96920471701048,41.919879389642595,46.43681748221649,46.68321750966868,47.082097006519135,47.571714514783864,48.386225138670426,48.548906050404625,48.73598909887839,48.95113460460175,49.19855193615985,49.48308186742231,49.81029128833397,50.18658212233297,50.61931658135729,51.11696120911674,51.68925253075841,0.7764713347886393,0.8085316309979537,0.843647273436496,0.8821094365999115,0.9014885495732757,0.9442902298840836,0.9948299658735088,1.047322691863204,1.0922053503440465,1.090051515679777,1.1344738719647098,1.1936231615534685,1.239048293988404,1.2725864080214189,1.3284369163460004,1.3963322536403546,1.3871837123426098,1.4159342421011811,1.4538173742328744,1.5895766637499242,1.741063319836532,1.9069866542484604,2.0887224824301,2.2877777350376953,2.505802953219027,2.7446059746931386,3.0061669241139155,3.2926546320148504,3.6064446184800487,3.95013879065415,8.561109472166464,7.981121062330296,5.870424467716526,3.6928247290477385,4.724244365930179,2.781660504317935,0.7645195020978323,2.656831393969265e-10,2.7903612808980073e-10,2.9328092902063687e-10,6.313643759360241,7.925734730358048,8.252899356770875,7.0992371454354455,2.9134386061287097e-10,3.7086614496327828,1.6477066587864078,3.3888064501792283e-10,3.5546670408341576e-10,3.731600479079199e-10,3.9217411227038197e-10,4.119745625713488e-10,4.3280762941572094e-10,4.546082086481689e-10,4.773825886753018e-10,5.01288857471806e-10,5.267649514219856e-10,5.533542683573788e-10,5.813043001742479e-10,6.105404309498647e-10,12.06655642,12.50565163,11.5651475,10.73134827,13.22633289,13.04449691,13.0631521,13.59610724,11.57659996,14.55690047,14.53275776,14.35621819,14.74992109,13.71178921,12.77283737,16.07063999,15.59532838,15.62774949,16.26273558,15.11274924,17.40506721,17.35590495,17.12404059,17.12563956,16.27799947,15.11140355,18.96444697,18.86406597,18.2919784,18.95884859,,0.0,0.0,0.0,0.0,0.0,0.0,0.0,0.0,0.0,0.0,0.0,0.0,0.0,0.0,0.0,0.0,0.0,0.0,0.0,0.0,9.266196759796158e-10,15.330114801571419,9.7321414148151e-10,21.119577087735316,1.0221132937054332e-09,25.58573662016938,1.0735015629392692e-09,30.629239061124178,1.5364886218885352,31.27163895801382,1.1840467848015285e-09,35.47117119621272,1.2436394272961064e-09,34.1227795015575,4.252485013000005,34.93302183942425,5.927591727850857,35.599846115577066,12.797605983946966,39.255710773676014,10.942616536184689,37.62506455034302,12.413673428229234,38.43175034376778,13.731084919805683,39.23001668396843,16.15110838040936,39.87110760986849,21.31149543840303,39.99263651481952,25.060031762919802,38.17538897621617,21.87433128198811,39.064723479445,23.632247044237385,39.826813259901286,25.46933500335809,40.68588208689682,26.42697255986743,38.83271868454037
3.287447934908167,4.476461047100985,5.843826126125867,7.416295967008146,9.156027840550585,11.225543839298282,13.617073908559036,16.358697460362173,19.47399782379368,22.90443122881856,27.001831547185237,31.750161208210763,37.155733618785,43.330137211042505,50.498590116577176,55.939898837880435,56.23672349892886,56.71723185226001,57.3070473341688,58.288243815173175,58.48421662809797,58.70958536293671,58.968759407975405,59.26680955974127,59.60956723423665,60.00373855985795,60.45703558426293,60.97832716223887,61.57781247676843,62.26722058813807,0.7604851323984615,0.7918853625358833,0.8262780346058718,0.8639483283246003,0.8829284588651891,0.9248489265755673,0.9743481367759844,1.0257601282889692,1.069718730426535,1.0676092394943717,1.1111170162624537,1.1690485242381172,1.2135384317289106,1.2463860539759504,1.3010866968906079,1.367584186570108,1.3586239979213384,1.3867826039771878,1.4238857879120865,1.5568500283637938,1.70521783609746,1.8677250959084062,2.0457192975795846,2.240676346670267,2.454212802539519,2.6880992826532077,2.9442751443219097,3.2248645656079895,3.53219415874391,3.868812262104479,7.843377892886877,7.128486000566439,4.854242629481099,2.8794061148905006,3.0376110008200103,0.8554537843737601,2.5276578618079406e-10,2.6559092699254026e-10,2.7901693295065303e-10,2.932437088900782e-10,5.764834620416385,7.157458484259971,7.17073081072448,3.4336721731278455,2.9117659033842423e-10,3.0616903513579884e-10,3.2179766410922725e-10,3.3807063005134027e-10,3.551680498192827e-10,3.73061112113159e-10,3.9201465488712095e-10,4.118243283819518e-10,4.3264888429150553e-10,4.5447062604782693e-10,4.772933687299224e-10,5.012368546659024e-10,5.26628352217375e-10,5.53116488662804e-10,5.809471473660235e-10,6.101490246406371e-10,11.89131096,12.39683241,11.52434679,11.15965041,13.0765673,13.00584655,12.87343284,13.47779931,12.03863721,14.45123669,14.36819914,14.31368125,14.62157313,13.66341535,13.28261802,15.95398848,15.54912,15.40078397,16.1212237,15.05943293,17.27872952,17.15937901,17.0733027,16.87691983,16.22057227,15.71451943,18.82679026,18.65046269,18.02631966,18.79387621,,0.0,0.0,0.0,0.0,0.0,0.0,0.0,0.0,0.0,0.0,0.0,0.0,0.0,0.0,0.0,0.0,0.0,0.0,0.0,0.0,9.266164998421612e-10,19.5095840444306,9.73221785002445e-10,25.762986967303988,1.0221587698786582e-09,30.918429731863256,1.0735671511770654e-09,34.34678008880324,9.622469693647831,42.04159078042931,5.551251701253521,43.813936341899016,8.655234287305088,45.436498496299684,12.942857301407182,46.44917591464641,13.907582903824867,46.353905715801844,16.490690329251084,44.854731727327746,17.05251572636059,46.23102696593313,17.714457291714353,46.14416917839392,18.456075635513937,45.993074559414495,19.948702888545206,45.8832877774263,22.416079115481914,43.09643860486071,23.85069867473468,39.68136138282201,23.401736374999462,42.89196391428211,24.3714771262909,43.19978493463958,24.991569438005847,43.253636903054,24.698330221539507,40.83771985197996
3.530976381200772,4.8080695243376965,6.276726638948534,7.965682320754935,9.83429051675732,12.057112674486604,14.625803147063488,17.570521420702423,20.91659783664119,24.60115180380945,29.002080437491802,34.10215813156015,39.90816597914644,46.53995869006932,54.23943816483705,60.08382960712472,60.40264252470457,60.91874610419117,61.55225409492523,62.60613591095482,62.81662605026535,63.05868971044585,63.337062919625644,63.65719211015166,64.0253406792186,64.4487115335936,64.93558801606093,65.49549597080193,66.13939011860072,66.87986838820484,0.7105921849279062,0.7399323484498654,0.7720686295559068,0.8072674982517933,0.8250024043748327,0.8641726070184651,0.9104243355928123,0.958463354140732,0.9995379758638333,0.9975668817467873,1.038220255281496,1.0923510660953306,1.133922135961505,1.1646147329207586,1.2157266451853648,1.2778614516010391,1.2694891116853135,1.2958003235017022,1.3304692886357468,1.4547101792391848,1.5933440593492685,1.7451897482340872,1.9115063312698624,2.0936728846691715,2.2931999106076475,2.5117418621181513,2.7511108616077724,3.0132917267490824,3.3004584283395526,3.6149921165904693,7.462411034064616,6.670318097415541,4.3222397517082225,2.6296556112166107,2.1570883791033966,2.427702318315911e-10,2.527380728739181e-10,2.6557340636938547e-10,2.7901804693218287e-10,2.932348445518927e-10,5.59511688367,6.9302926278167245,6.838297995998498,2.6132395932748627,2.9119648520411307e-10,3.062108809693565e-10,3.2180256875203327e-10,3.3808764927394614e-10,3.551869912958555e-10,3.730799990755339e-10,3.920452856380033e-10,4.1185050093925344e-10,4.3268254334494825e-10,4.5451172532032414e-10,4.77318623549485e-10,5.012606187678387e-10,5.266564512476746e-10,5.531336541669023e-10,5.809997613848736e-10,6.102161297351749e-10,11.7039796,12.21831997,11.37103502,11.40260543,12.8163813,12.90535561,12.6706295,13.28372113,12.30072852,14.25500397,14.08231339,14.2030852,14.41102478,13.48164692,13.57179184,15.73734995,15.42897821,15.15816567,15.88908063,14.85909287,17.04410239,16.81795683,16.94138416,16.61104702,16.00478524,16.0566378,18.57114208,18.27937224,17.74233963,18.52324735,,0.0,0.0,0.0,0.0,0.0,0.0,0.0,0.0,0.0,0.0,0.0,0.0,0.0,0.0,0.0,0.0,0.0,0.0,0.0,0.0,9.265906088856752e-10,21.55310418701009,9.731957977923302e-10,27.92171662606747,1.0221175908114433e-09,33.46936133173146,1.0746767265714052e-09,36.83616609692248,9.865212730466649,45.00491075257325,6.542057999345895,48.2844884760287,9.464288546584116,49.45920623181106,12.828026055209312,50.11412419130061,13.750682865449525,49.748072944543544,15.671192235414226,47.30058336899987,16.212663975100632,49.483835282765845,16.96190794318159,49.25357520218194,17.479947596570025,48.82774132426253,18.58556297965024,48.88934044616496,20.705076758801493,45.28190586696181,21.74871854189126,41.4732626517683,21.235225926895126,45.41232537240494,21.961317812906596,45.394010783281026,22.274712401525417,45.592269914580804,22.092098407128084,42.932780555014
3.5319415128087743,4.809383727371202,6.27844227412137,7.967859602888001,9.836978550772653,12.060408278672842,14.629800858570368,17.575324020256044,20.922315028580364,24.60787610514591,29.010007656908243,34.11147936941637,39.919074189297305,46.552679586591324,54.25426358152685,60.10025248760401,60.41915254720651,60.93539719472184,61.56907834395931,62.62324822044073,62.833795893607245,63.07592571772213,63.354375015426456,63.674591707755674,64.04284090389629,64.466327479406,64.95333704117823,65.51339803711983,66.15746818229927,66.89814884889105,0.6692832569174466,0.6969177857188851,0.7271858851155146,0.7603385343850567,0.7770424554003957,0.8139355726559795,0.8574985447725971,0.9027449061523404,0.9414317326986785,0.9395752243971114,0.9778652912189859,1.0288493100831126,1.0680037247019543,1.0969120657896456,1.1450526840420192,1.2035754014147648,1.195689771589853,1.2204714310443598,1.2531249816899035,1.3701433639196903,1.500718026528164,1.6437364544834556,1.8003845386231059,1.9719611851814762,2.1598890861570594,2.3657265160957017,2.5911802531076535,2.838119731257153,3.108592541675424,3.4048414109254956,7.436282420467054,6.697346207113034,4.278859890975746,2.774594932950378,2.174437894062509,0.14953952891909914,2.527407179663724e-10,2.655787694256831e-10,2.7902697160637215e-10,2.9324036297286754e-10,5.648126030709791,7.109661399619215,7.178305604001928,3.4976035419275693,2.912599786913779e-10,3.065639548027354e-10,3.2194665311167456e-10,3.3824120844337526e-10,3.5531787321704395e-10,3.731396689553809e-10,3.9213241973658965e-10,4.1193672028609876e-10,4.327735360428064e-10,4.5459274476970367e-10,4.773908720634527e-10,5.013232953732068e-10,5.267836078739536e-10,5.533742844204157e-10,5.815309294753921e-10,6.108332855124912e-10,11.63750719,12.20364772,11.28448805,11.50279307,12.7884589,13.02388338,12.59866702,13.26776949,12.40880741,14.15208471,14.05163297,14.33353183,14.39371944,13.37903572,13.69103878,15.62372834,15.57068391,15.0720753,15.87000037,14.74599768,16.9210462,16.7813164,17.09698038,16.51670506,15.88296998,16.19771754,18.43706086,18.2395479,17.64157252,18.50100389,,0.0,0.0,0.0,0.0,0.0,0.0,0.0,0.0,0.0,0.0,0.0,0.0,0.0,0.0,0.0,0.0,0.0,0.0,0.0,0.0,9.265605183708167e-10,21.58436600940379,9.731605534866363e-10,27.91645824971385,1.0220520602943515e-09,33.771664078626216,1.0734567214127837e-09,37.76815947496566,7.688359089871949,44.6626171409592,3.0502392144807544,47.123202863396834,6.107411256996306,48.61708024267714,10.034149294844909,50.26944166765659,11.089062520401708,50.20316944697716,14.206515654619654,48.439758801414804,13.726110959342021,50.41134921686971,14.695134434103032,50.399846621311994,15.029623805959007,50.01779289904656,16.11783123597726,50.30270707203065,18.997836395340528,46.70930933457319,20.206415843751188,43.03591377644246,18.652645283533143,46.99428054830509,19.48872938234152,46.858871519478676,20.258671000235026,47.453292065640525,20.52739270696784,44.717946434220934
3.1823574336559064,4.333361127470104,5.657015375359473,7.179217760435796,8.863335279544293,10.866694649209425,13.181774201621007,15.835755728665495,18.85146866646268,22.172240725305162,26.13865863366438,30.73519749706558,35.967968900466296,41.94499410642178,48.88429165376919,54.15165697815412,54.438992986292675,54.90414083363033,55.47510156685034,56.424931945012204,56.61464005609233,56.83280438381049,57.08369336066134,57.372215684012104,57.70401635583125,58.085587128376424,58.52439351674577,59.029020863283584,59.60934231166387,60.276711976972706,0.6376194777670944,0.6639466174954475,0.6927827336403072,0.7243669316541661,0.7402805904591361,0.7754282949841979,0.8169303036537594,0.8600360604699225,0.896892613930642,0.8951239370042722,0.9316025014361361,0.9801744672616937,1.0174764872114048,1.0450171751890815,1.0908802616359756,1.1466342702758838,1.1391217094597315,1.1627309490399376,1.1938396607769488,1.3053219053951048,1.4297190830049116,1.5659713116411524,1.7152083776666358,1.8786677360845494,2.057704771359881,2.2538040360970335,2.4685915607637856,2.703848336531574,2.9615250830311033,3.2437584234710273,7.787315538770439,7.213676105237762,4.807342261212936,3.461450378133545,3.0883838402322077,1.250349206053908,2.527833632804815e-10,2.6561141021814795e-10,2.7904766844053065e-10,2.9326509712256947e-10,5.9259637122864115,7.640644496130553,7.992814989010242,7.090800598594282,1.564279151714655,5.813546606137972,5.591536039998006,2.3176256389178183,0.9512271995023788,3.734288455339411e-10,3.9284171248672865e-10,4.123630056704605e-10,4.331574997203895e-10,4.5491773597008145e-10,4.778713789607318e-10,5.01506630591287e-10,5.269883616966748e-10,5.533174025538356e-10,5.810072380204937e-10,6.101124288190328e-10,11.60729245,12.21098385,11.15714037,11.36503507,12.69199971,12.89247215,12.5659568,13.27574531,12.26019893,14.0917054,13.94564606,14.18890622,14.40237211,13.22805065,13.52707424,15.55707033,15.41357542,15.03294332,15.8795405,14.57958618,16.84885324,16.65474038,16.92447153,16.47382235,15.70372752,16.0037329,18.35839988,18.10197291,17.59576929,18.51212562,,0.0,0.0,0.0,0.0,0.0,0.0,0.0,0.0,0.0,0.0,0.0,0.0,0.0,0.0,0.0,0.0,0.0,0.0,0.0,0.0,9.265126968842165e-10,19.05057878795359,9.73105097917217e-10,25.16711024105291,1.0219629566146041e-09,30.575888267312852,1.0732677589054205e-09,36.852761230862285,1.1275682424612299e-09,38.012376827809945,1.1836679625454162e-09,45.55476752529131,1.2430892679133614e-09,45.75607531651012,1.3056079525508974e-09,43.351554102386295,1.3713844747118918e-09,41.74062792796747,7.96592183064508,46.105797973455104,2.499930597647413,42.44397893763643,4.523603893022721,43.89346580176609,4.320378317799773,43.914899318256396,6.507096065295872,45.601115427906386,13.888522012549739,46.63562569233683,16.95580284327924,44.09720592573576,12.533957489962216,45.93754439840484,13.944762579946586,46.36595275150301,14.474997121937864,47.53904423215001,15.64443459629698,45.56761098529446
2.4318884404260417,3.311460467210849,4.322968298015701,5.486202303443993,6.773168338033613,8.30409206193188,10.073225579944229,12.10134062713085,14.405882962793957,16.943544853875554,19.974595281845986,23.487170459497477,27.485940727330977,32.05345358832341,37.35631407520598,41.381520266189035,41.601096203612116,41.95655208706075,42.39286787999159,43.11870762777999,43.26367844642898,43.430394887857005,43.62211879548009,43.84260128922547,44.09615615700649,44.38774425491887,44.72307056747408,45.10869582684615,45.55216487501841,46.06215428016549,0.7065109367778609,0.7356825866422879,0.7676342947392317,0.8026310006182511,0.8202640472579735,0.8592092779409412,0.9051953621897747,0.9529584712079568,0.993797183041424,0.9918374097978542,1.0322572928593339,1.0860772062608688,1.1274095149140926,1.157925830586812,1.2087441843212237,1.270522122804607,1.2621978689747086,1.288357963755435,1.322827809545335,1.4463551292487682,1.5841927730946008,1.7351663443991845,1.9005276970493263,2.08164798660725,2.2800290397602554,2.4973158072788326,2.735310003742096,2.995985047128634,3.281502422151096,3.5942296030120793,8.389126172989792,7.973101486350349,5.993591047458024,5.133809656161572,5.243256114944397,3.6660418903748972,1.5011808881257918,0.014075001938455966,2.7909692691591263e-10,2.9330420388739e-10,6.665311272671154,8.479591269062995,9.050947545899385,9.407515916422108,9.208832889141842,11.747083288070968,14.69903726187811,15.394936147104904,16.385954385912154,12.73803177435476,14.86246793629935,12.789232423724828,12.136609712522837,9.369317714284431,4.589722325212244,0.2733646524451921,4.55229686674198,3.478663670785705,3.0737428233709583,2.197770535596817,11.52752555,12.02024454,11.08419364,11.42264296,12.8366885,12.82934323,12.47960183,13.0683741,12.3223443,14.00799774,14.10462643,14.11942921,14.17740265,13.14156406,13.59564123,15.46465809,15.33810173,14.92963488,15.63149721,14.48426309,16.74876754,16.84460442,16.84159963,16.36061199,15.60105465,16.08485375,18.24934716,18.3083354,17.47484876,18.22296055,,0.0,0.0,0.0,0.0,0.0,0.0,0.0,0.0,0.0,0.0,0.0,0.0,0.0,0.0,0.0,0.0,0.0,0.0,0.0,0.0,9.264581906903408e-10,13.567537417942729,9.730224292823882e-10,18.933409725416187,1.021855633388852e-09,23.486895138769246,1.0731115852068582e-09,29.47733127598928,1.1270111483963298e-09,34.178249919358784,1.1834281932999286e-09,38.934467587787736,1.2427862857703137e-09,42.224229605224444,1.305138393303458e-09,43.710211318719075,1.370632956224955e-09,44.47015286628671,1.4394610447958877e-09,42.8188314422643,1.5116316856482714e-09,42.96157161674661,1.5874376626802891e-09,41.11018923695136,1.6669649375247078e-09,40.817656576071606,1.7505485791208658e-09,38.93295500118833,1.838503350854196e-09,35.36485287310488,1.9345981462108487e-09,31.07357096582732,2.027368438231029e-09,33.761330279198596,2.1290553451383897e-09,33.275009146063525,2.2356133661283487e-09,34.43256136190982,2.347589762002825e-09,33.631193870212314
1.4998284969157263,2.0422905477780033,2.666121906271056,3.3835279685397386,4.1772437908420095,5.121416635919026,6.212501580875975,7.463309262769962,8.884599076035707,10.449661665467008,12.319013783717235,14.485338628814809,16.951516558944416,19.768457432986068,23.03891225368563,25.521394118742048,25.656814084028955,25.87603584376528,26.145126665948474,26.592776780086297,26.68218522556288,26.785004937849646,26.903247606967632,27.039226676440254,27.195602606317635,27.375434925654545,27.582242092864842,27.820070335115716,28.093572813639085,28.408100663786144,0.7714182307285832,0.8032698856066809,0.8381570031951385,0.876368863090253,0.8956218610738441,0.9381449974965963,0.988355832039593,1.040506946955012,1.0850975190011924,1.0829577010175124,1.127090966412874,1.1858553254807245,1.2309848411802424,1.2643046965698355,1.3197917421138523,1.3872452315393031,1.3781562269290109,1.4067196545858782,1.4443562516554183,1.5792320496817802,1.7297328640474903,1.8945764060225179,2.0751295375480185,2.272889382508143,2.4894957406931986,2.7267446848133887,2.9866034533084136,3.2712267624413705,3.5829746729359937,3.924432159299532,9.019395302549615,8.895911266818997,7.706026030747225,7.257924388594248,7.58359645832034,6.333032516832103,5.02229631734434,4.261476890548227,2.455322645249682,2.251700503817326,8.484211302856414,9.919182954485816,10.500027105729679,11.127413292449658,11.958658556827544,13.50841796054275,15.823276817272303,16.522757491658165,17.28205684993648,16.973944099555084,16.521381557913806,15.393673327928536,14.679297891792524,12.636389629790203,10.275823220620742,8.120839289060134,7.416496267153868,6.05343033328899,5.099415647386094,4.2799842764624705,11.29064203,11.7414717,11.21030494,11.51782122,12.65646211,12.39259415,12.22315373,12.7652931,12.42501924,13.78431987,13.90659825,13.63876176,13.84860112,13.29108325,13.70892582,15.21772047,14.81594703,14.62284012,15.26897241,14.64905894,16.48132542,16.6081071,16.26826138,16.02441153,15.77855689,16.2188795,17.95794399,18.05128738,17.11575143,17.80033467,,0.0,0.0,0.0,0.0,0.0,0.0,0.0,0.0,0.0,0.0,0.0,0.0,0.0,0.0,0.0,0.0,0.0,0.0,0.0,0.0,9.2642075000165e-10,8.02371780355257,9.72995651419051e-10,11.951615149376243,1.0217684232207798e-09,14.833927386479045,1.0730305105850811e-09,18.869092172662135,1.1268916449624686e-09,22.608436733316417,1.1833111389296354e-09,25.199336841547158,1.242649237672336e-09,28.04230009898996,1.3049781780656989e-09,29.182672870807394,1.3704541740587885e-09,29.602567358378163,1.4392204986261813e-09,30.49689399020374,1.5114199339132356e-09,28.45197422844795,1.5872333972749364e-09,27.46514757277114,1.6667476479149926e-09,27.389413657327857,1.7503115903568995e-09,25.924094159809957,1.838203585140411e-09,24.18236467875725,1.9304767517633695e-09,22.004139400710276,2.0270783769611136e-09,20.027397824567718,2.128721824420059e-09,19.093440052149244,2.235249568995031e-09,19.660211705330727,2.347166083648818e-09,18.812182430986265
0.5167008440772837,0.7035826109838518,0.918496642926899,1.1656477796619793,1.4390881337987647,1.764361928108833,2.140247913192199,2.5711594383045857,3.0608031860417775,3.599977606754475,4.243981784141313,4.990295031495489,5.839909651275804,6.810364426822655,7.93705775865834,8.792289191931523,8.838942266274724,8.914465613463287,9.007169182732326,9.161387609907138,9.192189411140005,9.22761148255391,9.268346864675834,9.315192554111547,9.369065096957058,9.431018521221793,9.502264959116882,9.584198362682123,9.67842177675971,9.786778702895598,0.8219833895191457,0.8559228664404587,0.8930967755128812,0.9338133581204138,0.9543283575209471,0.9996388135322687,1.053140883258125,1.1087104154493612,1.1562238239884617,1.1539437445592808,1.2009698707709533,1.263586134070682,1.3116738131070087,1.3471777285972584,1.4063018560211038,1.4781768074601682,1.4684920339879795,1.4989277459616277,1.5390313582394555,1.6827480364427942,1.8431139243488635,2.018762681372664,2.2111507649411015,2.421873432873871,2.6526779710608803,2.9054781817372164,3.1823702524911996,3.485650137588417,3.8178325957367796,4.1816720421453795,10.145332106598058,10.394713912779949,9.995885591774476,10.140963412442764,10.467386808917023,9.691722328607034,9.239110323810056,9.316721906519696,8.987511210257088,9.248587358988393,12.870535224410204,13.179874576742598,13.559738789348579,13.924273423461816,14.57001359196463,15.40654281562998,16.70179004339607,17.168777780910784,17.71600926912292,17.543945078585377,17.25344246002133,16.6017708288101,16.172040076901588,15.140489434246522,14.026587313364724,12.943919626644185,12.707608739472429,11.680507293254719,10.248292962385433,9.432737724900157,11.48401634,11.95421939,11.80747901,12.24042455,12.8608033,12.45572307,12.43249912,12.99659176,13.20453822,14.00250871,14.13112316,13.70823877,14.0995286,13.99910059,14.56899434,15.45859827,14.89142072,14.87328482,15.54563607,15.42941578,16.74220454,16.87624842,16.35113328,16.29886088,16.6190822,17.23641712,18.24219616,18.34272915,17.40889211,18.12286494,,0.0,0.0,0.0,0.0,0.0,0.0,0.0,0.0,0.0,0.0,0.0,0.0,0.0,0.0,0.0,0.0,0.0,0.0,0.0,0.0,9.264355292568286e-10,4.184363719888035,9.731451445939741e-10,5.725516972903438,1.0219342995253186e-09,6.611793654355801,1.0730969397402104e-09,8.082714989537637,1.1268998344887431e-09,9.344378867332662,1.1833434256051782e-09,10.218410545744407,1.2427080707871947e-09,12.117803624418368,1.3050284284749706e-09,12.708886321133617,1.370419906828053e-09,12.716573740932324,1.4391866395044737e-09,12.958664945815386,1.511518058472876e-09,11.546541256433969,1.58740011056934e-09,10.971896573707157,1.6669964769999232e-09,11.300404427538476,1.750599799428645e-09,10.578694542303484,1.8383110521185131e-09,9.429248182507983,1.9304518621406314e-09,8.04399921078483,2.027334130745199e-09,7.150047792321325,2.1291004620085087e-09,6.407626644828777,2.236189177007608e-09,6.335655226252289,2.3483038475287733e-09,5.278323531380179
1.6513320000041025e-05,2.2485902500099128e-05,2.9354372375181733e-05,3.725311273154514e-05,4.599203414137721e-05,5.638750826269736e-05,6.840050500222632e-05,8.21720712527011e-05,9.782066944077419e-05,0.00011505222585707028,0.00013563405223581993,0.00015948558957138876,0.00018663855100732374,0.00021765346115865336,0.00025366162283243653,0.0002809940928556933,0.0002824850854763668,0.00028489874748968523,0.0002878614748047903,0.00029279016471701305,0.00029377456411594245,0.00029490662342458685,0.00029620849162939795,0.000297705640064787,0.0002994273607653067,0.00030140733957066126,0.0003036843151965201,0.0003063028371658067,0.0003093141374297692,0.00031277713273162146,0.8790719071897808,0.9153685539184885,0.9551242710809856,0.9986687080896124,1.0206085184056992,1.0690658832252147,1.1262837869836138,1.185712742930729,1.2365260600781571,1.2340876242193417,1.284379816231671,1.3513449139475635,1.4027723859157293,1.4407421248431502,1.5039725503214754,1.5808393720192628,1.5704819701599888,1.6030315079152535,1.6459204024839051,1.7996185136794312,1.9711221580684486,2.158970099768042,2.3647199503118945,2.590077761612854,2.836912172331058,3.10726990239082,3.403392724125483,3.7277360507718647,4.0829892964491235,4.472098176438032,10.974756269685168,11.141534130383546,10.952472584761171,11.418299299023136,12.156179579797302,11.72414728951508,11.706519982772225,11.922458265271924,12.158403389540037,13.031779343857286,15.892401852519768,15.92161416855332,16.19145630323458,16.43390966366019,16.9882493205201,17.54040670834596,17.858039191193097,18.073794823652094,18.368552114888796,18.269262596941225,18.34544432184699,18.165422478008246,17.919712554605987,17.67913583866893,17.326210912618976,17.302289265139397,17.760346773156343,17.714453813334703,17.970606052115894,17.968313402629757,11.85384469,12.05692517,11.90762621,12.41700526,13.17683409,12.79326956,12.83287217,13.10825318,13.39502727,14.26598202,14.47836974,14.07972807,14.220666,14.11783642,14.77916706,15.74946959,15.29497391,15.35226031,15.67919785,15.56028308,17.05722838,17.29095146,16.79424426,16.82374527,16.76003986,17.48507016,18.58544407,18.79346827,17.96952366,18.27856921,,0.0,0.0,0.0,0.0,0.0,0.0,0.0,0.0,0.0,0.0,0.0,0.0,0.0,0.0,0.0,0.0,0.0,0.0,0.0,0.0,9.265298572691722e-10,2.698547563368943,9.732770924543626e-10,3.193390498684855,1.02210719396526e-09,3.373749328325688,1.073330541842141e-09,3.757033022620451,1.1271513100255483e-09,3.7133084731530137,1.1836216453689985e-09,3.3720574851808163,1.2429473515642942e-09,4.133829737198084,1.305250654516368e-09,4.324850921112653,1.3706704766731611e-09,4.335562529685331,1.439262783409964e-09,4.508890821665509,1.5118976839384674e-09,3.259631875403555,1.5878711111476854e-09,3.0337360253704553,1.6673223404988367e-09,3.4904844544295677,1.7509143903009565e-09,3.445766036993455,1.8388496252436448e-09,3.4033826534366582,1.9314454428631256e-09,2.924790416052304,2.0280859359747053e-09,2.578599112838481,2.129801749989041e-09,2.6490278982477897,2.2362333091435205e-09,4.084381004072648,2.3483680090150635e-09,4.162155147639652
9.113160000022641e-06,1.2409232500054707e-05,1.6199715875100293e-05,2.0558771756412878e-05,2.538149601993016e-05,3.111841742298236e-05,3.774799653649835e-05,4.5348072517050816e-05,5.3984020894701114e-05,6.349355202900559e-05,7.485198733346079e-05,8.8014868933588e-05,0.00010299969827375127,0.0001201158105149415,0.00013998753459217454,0.0001550714288373743,0.00015589425878986216,0.00015722627973497152,0.00015886131182173076,0.00016158129422142215,0.0001621245519809973,0.00016274929840444006,0.00016346775679132753,0.00016429398393616874,0.00016524414515263814,0.00016633683055144378,0.0001675934187599053,0.00016903849519938713,0.00017070033310439547,0.00017261144669421434,0.912608477230154,0.9502898400728589,0.9915622367950381,1.0367678929254052,1.0595447064255548,1.1098507184330308,1.1692514837085168,1.2309476527553183,1.283699496609789,1.2811680344873662,1.333378872296599,1.4028986867216042,1.4562881153870022,1.49570639885161,1.5613490633918286,1.6411483523071044,1.6303958158404688,1.6641871176013663,1.708712222364988,1.8682739124429968,2.0463204163355315,2.2413347520493385,2.4549339539569703,2.688889159806688,2.945140296774157,3.225812167094743,3.533232066657094,3.8699490826481586,4.2387552302647045,4.6427086037476615,10.914638129804755,11.039375090899105,10.891320073703577,11.386478538528296,12.193416002315598,11.635718943398047,11.634797948555743,11.804148539445997,12.118028719656934,12.953188592263052,15.896362293756534,15.827657029568432,16.09250404492134,16.367323345437086,16.938236272598385,17.487151936082945,17.823343084852254,18.052683383346785,18.34619436065076,18.248664463261086,18.324118063232486,18.1744364533533,17.933781189091235,17.74728683785736,17.319319275145258,17.279437557932667,18.128058588599462,18.394330661727555,19.752173787098783,19.348764624431073,11.82725572,11.98967734,11.88289851,12.42326699,13.25298609,12.74560078,12.80408718,13.03514154,13.4017822,14.23442012,14.56204362,14.02726584,14.14134985,14.08851893,14.78662,15.71462563,15.23798357,15.31782417,15.59174669,15.52797016,17.01949115,17.3908799,16.73166752,16.78600848,16.7252355,17.49388764,18.54432583,18.90208011,17.92921681,18.17661999,,0.0,0.0,0.0,0.0,0.0,0.0,0.0,0.0,0.0,0.0,0.0,0.0,0.0,0.0,0.0,0.0,0.0,0.0,0.0,0.0,9.265345888021154e-10,2.6677723986057114,9.73282954627415e-10,3.2033778917534503,1.0221324091038826e-09,3.4075453106310922,1.0733675211424536e-09,3.774630930755246,1.1271995913710405e-09,3.713105324213478,1.1836554237925876e-09,3.4138297305417122,1.24297705706114e-09,4.215911225711132,1.3052835327832817e-09,4.399203558025784,1.3707222996037516e-09,4.463318755165515,1.4393402053349206e-09,4.589129797878548,1.5118737672931326e-09,3.3511094550440332,1.5878371208808842e-09,3.025054055671717,1.667307739546731e-09,3.657211091825119,1.7508866778463906e-09,3.650331812719619,1.8388979150033317e-09,3.539389317190508,1.9313455317699735e-09,3.011528423040419,2.0276638459395168e-09,3.117132419916477,2.129326790027454e-09,3.3623686741745167,2.233861902023384e-09,6.061882909065176,2.3472380437121597e-09,5.815025851063812
1.0415040000025877e-06,1.4181980000062524e-06,1.8513961000114623e-06,2.3495739150186147e-06,2.9007424022777327e-06,3.556390562626556e-06,4.314056747028383e-06,5.182636859091522e-06,6.169602387965842e-06,7.256405946172068e-06,8.554512838109804e-06,1.0058842163838628e-05,1.1771394088428717e-05,1.37275212017076e-05,1.5998575381962807e-05,1.7722449009985636e-05,1.781648671884139e-05,1.7968717683996746e-05,1.815557849391209e-05,1.846643362530539e-05,1.8528520226399695e-05,1.8599919817650292e-05,1.868202934758029e-05,1.8776455306990716e-05,1.8885045160301503e-05,1.9009923491593577e-05,1.9153533572560607e-05,1.9318685165644246e-05,1.95086094976452e-05,1.9727022479338784e-05,0.9094413427601188,0.9469919354575591,0.9881210996396281,1.0331698731688106,1.0558676415658805,1.1059990705964786,1.1651936902838573,1.2266757477280028,1.2792445205424843,1.2767218436561705,1.3287514879434703,1.3980300394324967,1.4512341843709948,1.490515669846733,1.5559305267884498,1.6354528786766063,1.6247376580247297,1.6584116897851129,1.702782273746444,1.8617902177861987,2.039218825577813,2.233556379692281,2.446414302714156,2.679557585800303,2.9349194237648315,3.214617244887497,3.520970268363365,3.856518734976903,4.2240449704602385,4.626596456183695,10.847715155930743,10.904520256548812,10.828010749178722,11.385085377482735,12.098117957928826,11.52751210326139,11.563001475920151,11.658249409908876,12.117127560142752,12.820465330240246,16.297282289240318,15.751326210938332,16.002166928581556,16.329378885042697,16.92960464018088,17.43025841859895,17.790189078833198,18.03175188160587,18.319109482307475,18.231902209941893,18.286394252558367,18.13107242866444,17.891878064661316,17.707541686015933,17.22954535707368,17.255772701423826,18.01966038471928,18.079940205205386,19.660831094308723,19.09268316210118,11.75715754,11.85151361,11.8161337,12.4182576,13.1539885,12.63351473,12.72819948,12.88493034,13.39637825,14.09719443,14.45326758,13.9039087,13.9783912,14.00936171,14.78065765,15.56313015,15.10397927,15.22703796,15.4120743,15.4407253,16.85541624,17.26097293,16.58452761,16.68652059,16.63126373,17.48683365,18.36555088,18.76088472,17.82295332,17.96716067,,0.0,0.0,0.0,0.0,0.0,0.0,0.0,0.0,0.0,0.0,0.0,0.0,0.0,0.0,0.0,0.0,0.0,0.0,0.0,0.0,9.71140057259845e-10,3.1727747522619687,9.732945559254509e-10,3.245457609807557,1.0221474855464044e-09,3.475021684971227,1.0733916345888057e-09,3.8105465730667234,1.127222182438241e-09,3.7048935162333945,1.183676522275136e-09,3.5025988704475033,1.2430009664949914e-09,4.310965284104374,1.305311780585354e-09,4.463143580906645,1.3707553630668875e-09,4.609835612470509,1.4393850390634537e-09,4.652985595042046,1.5119035006375255e-09,3.470215367580579,1.5878825979100137e-09,3.103674479247329,1.6673401814829859e-09,3.7537834404250745,1.750926346958831e-09,3.7005974593432835,1.8389861240398157e-09,3.5332199370097257,1.931417634104368e-09,2.9835753074173357,2.027728054731688e-09,3.1750989278575505,2.129540947414706e-09,3.1755935401713278,2.2343638873130732e-09,6.061942254747464,2.3476455170123474e-09,5.752138676746207
0.0,0.0,0.0,0.0,0.0,0.0,0.0,0.0,0.0,0.0,0.0,0.0,0.0,0.0,0.0,0.0,0.0,0.0,0.0,0.0,0.0,0.0,0.0,0.0,0.0,0.0,0.0,0.0,0.0,0.0,0.9177029233602108,0.9555946345372768,0.9970974257900849,1.042555433049853,1.0654593933520387,1.116046228159855,1.1757785857954062,1.23781916081419,1.2908654808142181,1.2883198873334585,1.340822181235047,1.410730075497569,1.4644175394925047,1.5040558672879074,1.5700649682865604,1.6503097200577475,1.6394971598030827,1.6734770944452,1.7182507513024226,1.8787031611740828,2.057743572470895,2.253846534964609,2.4686381097842744,2.703899321684544,2.9615809270791846,3.2438195894680515,3.5529555963827923,3.891552264756932,4.262417195628668,4.668625554411027,10.433368576834363,10.488763915666807,10.461720944424108,10.953661747175309,11.587195116884716,11.110351372088289,11.11279558446504,11.20445339945924,11.650230449473089,12.211942822968494,16.772289610269468,15.456646969813104,15.711352727470285,16.104181763869747,16.702962179232266,17.187322218813247,17.670825746308,17.92776299769766,18.239391872799445,18.15006032285065,18.127435241042587,17.928849570630817,17.69762173056578,17.431918607411774,16.926843361117932,16.874944287793554,17.297447701888878,17.182195985829225,18.22013841423947,17.79324617829511,11.3510715,11.44435855,11.45881837,11.99621718,12.65265451,12.2263976,12.28857417,12.44227256,12.94109593,13.50026271,13.90241456,13.45585291,13.49816791,13.58572401,14.27832993,14.90412483,14.617251,14.70110408,14.88259729,14.97380371,16.14169035,16.60311068,16.05008842,16.11017695,16.12834072,16.89253525,17.58787984,18.04585679,17.20735789,17.34990446,,0.0,0.0,0.0,0.0,0.0,0.0,0.0,0.0,0.0,0.0,0.0,0.0,0.0,0.0,0.0,0.0,0.0,0.0,0.0,0.0,1.151527317944101e-09,4.210697232515477,9.733634155063032e-10,3.411524135905606,1.0222183187886893e-09,3.6776023575877765,1.0734684448464406e-09,4.022513621814098,1.1273014456107537e-09,3.99469721820792,1.1837778967590238e-09,3.9335071095944683,1.2431279593060087e-09,4.693071906871246,1.3054547104682144e-09,4.90013601294131,1.3709049588811624e-09,5.07504533494044,1.4395426292874436e-09,5.054959774905491,1.5120723436918436e-09,4.043488464438262,1.5880517156844593e-09,3.579585426566777,1.6675758947283021e-09,4.11617142137084,1.751193815205258e-09,4.0256409801686495,1.8392166902633885e-09,3.760083569323672,1.93160180588283e-09,3.2262286284446504,2.0282165956594942e-09,3.2625234595139125,2.1301679305160316e-09,3.0278914618910173,2.236431670824895e-09,5.275197721239073,2.348729796934889e-09,5.111967274146276
0.0,0.0,0.0,0.0,0.0,0.0,0.0,0.0,0.0,0.0,0.0,0.0,0.0,0.0,0.0,0.0,0.0,0.0,0.0,0.0,0.0,0.0,0.0,0.0,0.0,0.0,0.0,0.0,0.0,0.0,2.403571964756743,2.502814815970923,2.611515510907302,2.7305753820726033,2.790563549771429,2.923056423919246,3.0795024987295365,3.2419940665307267,3.3809286218645305,3.3742614129363755,3.511771099889551,3.69486810272935,3.8354818896448624,3.9392993353494252,4.112184939765097,4.322355389010123,4.294036021125583,4.38303346920062,4.500300946117458,4.920544691918194,5.389472601154702,5.903089340142274,6.46565375435615,7.081830557245368,7.756729009450648,8.4959452841514,9.305608869831696,10.192433395228433,11.163772297899516,12.227679797991346,8.14862195543623,8.269065394231564,8.640826529305617,8.01329633815058,8.22609219046315,9.03794202632772,8.34421354152937,8.469162053741329,8.209181198421122,8.82784633736419,14.496421861159618,14.541870876548423,14.818494954937675,15.783119564892592,16.217258821932063,16.94222857845018,17.841243161766393,18.081636308915012,18.41227738698808,18.362088639773766,18.15660688314862,17.746061490486024,17.710954250870888,16.870972443096914,16.6371895872149,15.645201603182421,15.092296263417625,13.57726445545748,11.841327335459248,10.333195423971997,10.55219392,10.77188021,11.25234204,10.74387172,11.01665574,11.96099845,11.42371604,11.71115612,11.59010982,12.20210775,12.10482078,13.1637659,12.70500634,13.34092298,12.78774324,13.47097764,14.29995345,13.6664544,14.00808569,14.70399089,14.58954163,14.45631465,15.70168819,14.97635807,15.83772431,15.12903851,15.89666878,15.71251248,15.99632046,16.33041221,,0.0,0.0,0.0,0.0,0.0,0.0,0.0,0.0,0.0,0.0,0.0,0.0,0.0,0.0,0.0,0.0,0.0,0.0,0.0,0.0,1.142707262147269e-09,5.903372182052385,9.737724333387302e-10,5.072973079874029,1.022673106177697e-09,5.948970505209196,1.0739945211257936e-09,6.38149592089976,1.1278648472894151e-09,7.541700522388379,1.1844051969749153e-09,7.793606328185831,1.243850092400869e-09,7.835325733653262,1.3061941394233234e-09,8.798215378915604,1.371684833208916e-09,8.904492643945392,1.440522780660149e-09,8.578642442573821,1.5131093123974312e-09,8.956537855229966,1.5891386818853844e-09,9.192836181601987,1.6689398680981218e-09,8.47491981624908,1.7526455490628285e-09,8.976444931416413,1.8407367965897668e-09,8.55619428779342,1.9331594123287893e-09,9.01210837851918,2.030227543357665e-09,8.501236354494003,2.1322442327043674e-09,8.057185371993631,2.239669078042735e-09,7.008779174732961,2.352049890467021e-09,6.230463013406563
0.0,0.0,0.0,0.0,0.0,0.0,0.0,0.0,0.0,0.0,0.0,0.0,0.0,0.0,0.0,0.0,0.0,0.0,0.0,0.0,0.0,0.0,0.0,0.0,0.0,0.0,0.0,0.0,0.0,0.0,2.4971708017177847,2.600278324173995,2.713211993521827,2.836908241560051,2.8992324419678464,3.0368847950527194,3.1994231237518362,3.3682423663575163,3.5125872497295982,3.505660409298579,3.6485249376954125,3.8387520230824146,3.9848415299301614,4.0927017887132155,4.272319827912571,4.49067464188699,4.461252473696767,4.553715621053733,4.675549676218992,5.112158368201435,5.5993470607915,6.132964835786257,6.717436384738834,7.3576080723073805,8.058788121701957,8.826790629804156,9.667983776929079,10.58934263097616,11.598506983818123,12.70384469948197,7.5921333884747915,7.650736856028051,8.066830886690687,7.511222318662785,7.805200108266447,8.743745305194055,7.7231723965066665,7.776630833914101,7.650610960555725,8.269675461001677,14.175101228355988,14.362406660754198,14.50035981316943,15.555876123633196,16.07333755314493,16.843496400154798,17.813406623942097,18.045833543722523,18.38599666154459,18.32156728563354,18.111534052429814,17.67826212425196,17.620985907136266,16.668176911993985,16.251688989322886,15.07921693957506,14.276874564563899,12.605776333481815,10.66981195050777,8.969777260195409,10.08930419,10.25101518,10.78004288,10.34813056,10.70443255,11.7806301,10.92259552,11.1448732,11.16319821,11.77533587,11.76175789,12.96526017,12.09066664,12.78095896,12.31671785,12.99982671,14.08431434,13.0669524,13.33073671,14.08681426,14.07926864,14.04660803,15.46491133,14.31939493,15.17296102,14.57177355,15.34067868,15.26720395,15.29461496,15.54076912,,0.0,0.0,0.0,0.0,0.0,0.0,0.0,0.0,0.0,0.0,0.0,0.0,0.0,0.0,0.0,0.0,0.0,0.0,0.0,0.0,1.1343317396494967e-09,6.061868277047277,9.738247433947175e-10,5.23589851443309,1.0227199521696771e-09,6.394534703726762,1.0740575567913625e-09,6.867618953004637,1.1279333023868043e-09,8.028939531749135,1.1844829637662685e-09,8.334344332767735,1.2439367109069392e-09,8.190344758400379,1.3062885152470358e-09,9.532596765576733,1.3717830253604908e-09,9.730809628603977,1.4406529841367654e-09,9.346911394717367,1.5132194258075443e-09,9.631612474148374,1.5892484163048472e-09,9.764618931012253,1.6690699834144783e-09,8.87351096289738,1.7527886309745308e-09,9.70639005537602,1.8408947091488836e-09,9.13751609215324,1.933332533166576e-09,9.334234020565011,2.0304419389988673e-09,8.604179662738119,2.1324818106746134e-09,7.927915015766046,2.239935919203597e-09,6.97370397570058,2.352359566406628e-09,6.132852841121046
0.0,0.0,0.0,0.0,0.0,0.0,0.0,0.0,0.0,0.0,0.0,0.0,0.0,0.0,0.0,0.0,0.0,0.0,0.0,0.0,0.0,0.0,0.0,0.0,0.0,0.0,0.0,0.0,0.0,0.0,2.571673067848613,2.677856769184073,2.7941597772583933,2.9215464620037856,2.9857300843469883,3.127489249923826,3.2948768559782895,3.4687327649313255,3.617384130226155,3.610250629798598,3.757377474216408,3.9532799218697976,4.103727960905493,4.214806194886426,4.399783078963001,4.6246524366964925,4.594352467835549,4.689574222656187,4.815043156619275,5.264677924728641,5.766401731058747,6.315939816132996,6.917848880715664,7.577119879153873,8.299219403744013,9.090135013027924,9.956424879877193,10.905272171038385,11.944544609051556,13.08285971040331,7.101876369343618,7.148885714017614,7.427036972953669,6.983253800218685,7.264328875886937,7.753875780322276,7.1776260842798605,7.214872425339944,7.067565000058819,7.57638706050125,13.790295226972665,13.807431370413862,14.242712104736754,15.300683970620042,15.920566752474686,16.71630657810352,17.713447990626545,18.009244123069703,18.360060265567157,18.274611169279563,18.05787081950443,17.60177204494611,17.44411937155319,16.4961618710687,15.878230407389363,14.585607323467103,13.541988618887691,11.837425553894628,9.839530235761845,8.130146981611995,9.673549437,9.826742483,10.22119675,9.904800262,10.25005896,10.88136503,10.47250294,10.68360519,10.68494913,11.18663769,11.26250376,11.9755673,11.59025379,12.11838372,11.78905016,12.34991113,13.00919936,12.52849628,12.7789994,13.35654244,13.37538724,13.45036833,14.28440957,13.72932883,14.38638247,13.9474957,14.57373414,14.61915332,14.6643625,14.89756219,,0.0,0.0,0.0,0.0,0.0,0.0,0.0,0.0,0.0,0.0,0.0,0.0,0.0,0.0,0.0,0.0,0.0,0.0,0.0,0.0,1.127604676298688e-09,6.285168942179003,9.738662434815226e-10,5.785143992880899,1.0227747076037918e-09,6.7561862762698395,1.0741163022516064e-09,7.397106446165227,1.1280033584784376e-09,8.531299672129757,1.1845611256145435e-09,8.991047885526491,1.2440203516058274e-09,9.298601099224426,1.306392921567825e-09,10.170322066526813,1.3719033364947225e-09,10.396104023027284,1.4407847000296463e-09,10.182746654891194,1.513332997543436e-09,10.448885311490788,1.5893704328226475e-09,10.46734353205362,1.6691942054275398e-09,10.07755868329202,1.75294437578063e-09,10.34395292129772,1.8410423763135949e-09,9.791067342262373,1.9335031964660828e-09,9.728246637681302,2.0306378426837364e-09,8.924679360010586,2.132703915197592e-09,8.123544406241528,2.2401679236175842e-09,7.119712346188479,2.352622515825578e-09,6.315444503459304
0.0,0.0,0.0,0.0,0.0,0.0,0.0,0.0,0.0,0.0,0.0,0.0,0.0,0.0,0.0,0.0,0.0,0.0,0.0,0.0,0.0,0.0,0.0,0.0,0.0,0.0,0.0,0.0,0.0,0.0,2.6121358256990637,2.7199902236127613,2.8381231456492504,2.967514135157432,3.0327076239573416,3.1766972312110506,3.3467185173610225,3.5233098788226944,3.674300127808947,3.6670543887364255,3.816496130002286,4.015480910865449,4.168296102494795,4.2811220437330055,4.469009357973467,4.697416814885937,4.666640105681043,4.763360081584124,4.890803146379071,5.347512477336495,5.857130416531757,6.415314945333226,7.026694459730331,7.696338441850306,8.429799495467096,9.233159387493902,10.113079477231473,11.07685595152224,12.132480323817306,13.288705698787952,6.685542312492875,6.841428990588707,6.960229852562489,6.666779507064831,6.848014147276308,7.334912669034779,6.7188693328968405,6.871836641448367,6.718836002475822,7.19847520156321,13.660685469670689,13.56495018273801,14.065076467393592,15.108420107736459,15.812574047892346,16.631825367931263,17.663482279281908,17.969703614091337,18.33587073325167,18.23419872906134,18.01949303132619,17.53419942541122,17.35589950792456,16.328490245167107,15.628252064722359,14.273037575057755,13.110294574295464,11.308691972276584,9.195537283146738,7.671299575177567,9.297678138,9.561419214,9.798352998,9.634293642,9.880721771,10.5116099,10.06558785,10.39514652,10.39313613,10.86552959,10.85668546,11.56863054,11.2773155,11.61705468,11.46708343,11.99541171,12.56713919,12.04169439,12.43396483,12.80399163,12.99145194,12.96571538,13.79901701,13.1958679,13.7912279,13.5665804,14.15540075,14.09238591,14.0945703,14.49532616,,0.0,0.0,0.0,0.0,0.0,0.0,0.0,0.0,0.0,0.0,0.0,0.0,0.0,0.0,0.0,0.0,0.0,0.0,0.0,0.0,1.122581139156864e-09,6.620496140658512,9.73904867648127e-10,6.0118005542010255,1.0228219780332847e-09,6.956057070516246,1.0741686316176445e-09,7.772487472128625,1.1280607627685073e-09,8.814499976558155,1.1846253653872032e-09,9.333830473543971,1.244095317595707e-09,9.76298319572564,1.3064725108793018e-09,10.69136930647677,1.3720078417603865e-09,10.79270905047189,1.4409054664242552e-09,10.777719577281283,1.5134258257815195e-09,10.88517150878587,1.5894709420148024e-09,10.983798991719347,1.669304186853746e-09,10.583576958678444,1.753059804450513e-09,10.828960788092962,1.8411736587598362e-09,10.266823661318897,1.933639881266278e-09,9.939616563738216,2.030791800033388e-09,9.06797330277293,2.1328771662441523e-09,8.293162015107677,2.240333318504028e-09,7.233447308339402,2.3528176750369004e-09,6.46467911540974
0.0,0.0,0.0,0.0,0.0,0.0,0.0,0.0,0.0,0.0,0.0,0.0,0.0,0.0,0.0,0.0,0.0,0.0,0.0,0.0,0.0,0.0,0.0,0.0,0.0,0.0,0.0,0.0,0.0,0.0,2.6452881146094325,2.7545113617708266,2.8741435843883383,3.005176757822934,3.071197658947465,3.217014730536222,3.3891938657321363,3.568026461273849,3.720933024223485,3.713595324835295,3.8649337269611963,4.066443951133639,4.221198618242378,4.33545650576903,4.5257284182616235,4.757034740511167,4.725867424376405,4.823814935445536,4.952875461806661,5.41538118341843,5.931467010304634,6.496735816494003,7.115874739914087,7.7940176027369406,8.536787480387604,9.350343327378713,10.241431046588696,11.217439425440611,12.286461402801557,13.457361174600809,6.336948194582258,6.663853370430513,6.83642606182332,6.589041829399282,6.713064914286102,7.133551999709484,6.334899322525491,6.671591658997098,6.628971556061244,7.029803415464256,13.808253532505006,13.433572850091622,13.952128343200744,15.020975201730021,15.751224318343315,16.567339490228818,17.617788857488158,17.919994875981516,18.303831672359866,18.19683297488331,17.984181098401628,17.487045617219373,17.288877986364295,16.175707842278648,15.492912820372304,14.19006985289059,12.984398891154964,11.150913944747904,8.807019249944734,7.440849546096363,8.982236309,9.418364732,9.710569646,9.594218587,9.784262573,10.35056673,9.724093188,10.23961812,10.34990458,10.74339874,10.75069855,11.39139328,11.1085884,11.51297759,11.41938466,11.86058074,12.37460427,11.63315647,12.24793236,12.68928079,12.84542526,12.83913936,13.5876091,12.74817239,13.66767242,13.51014851,13.99629104,13.95481091,13.61638457,14.27845235,,0.0,0.0,0.0,0.0,0.0,0.0,0.0,0.0,0.0,0.0,0.0,0.0,0.0,0.0,0.0,0.0,0.0,0.0,0.0,0.0,1.1212497597057336e-09,6.922488710450583,9.739678346446563e-10,6.10862352182301,1.0228983447253252e-09,7.064738562071162,1.0742501728456928e-09,7.843454118158344,1.1281559727943489e-09,8.857568077297378,1.1847352336714002e-09,9.463793491466928,1.2442137361347297e-09,9.96905201262745,1.3066063766680769e-09,11.110653342228728,1.372168919054192e-09,11.008774775007891,1.4410834262661033e-09,10.922933369185365,1.513582811049283e-09,11.070222849634359,1.5896338329073797e-09,11.144642074688445,1.6694742101455953e-09,10.817143627302164,1.7532501227305106e-09,11.22155305609152,1.8413666834596206e-09,10.362027881889498,1.933857031343896e-09,10.030264671455972,2.031033179166642e-09,9.229538898989837,2.1331348167708552e-09,8.413542461497514,2.2405520311403374e-09,7.477096084121917,2.3530488773770597e-09,6.619758372141533
0.0,0.0,0.0,0.0,0.0,0.0,0.0,0.0,0.0,0.0,0.0,0.0,0.0,0.0,0.0,0.0,0.0,0.0,0.0,0.0,0.0,0.0,0.0,0.0,0.0,0.0,0.0,0.0,0.0,0.0,2.6710850293797193,2.7813734243344275,2.902172303329972,3.034483315495443,3.1011480540719183,3.248387137330048,3.422245367688164,3.6028219431010524,3.7572196546142207,3.7498103978010824,3.902624655747585,4.106100012583502,4.2623638510129975,4.377735984269663,4.569863433133754,4.803425460328232,4.7719541997597785,4.870856897366458,5.001176025155669,5.468192113942679,5.989310822508882,6.560092144002363,7.1852689254350475,7.870025054139112,8.620038441909474,9.441528105534692,10.34130573410402,11.326832170677237,12.406279276660369,13.588597691839462,6.264016293811919,6.641882058866894,6.784906023881653,6.576015762726766,6.628538921161597,6.935983042915532,6.250819882569418,6.642113387169892,6.610247745670509,6.935953552498426,13.788389538445022,13.316221055554882,13.938040509813577,15.00005270371423,15.743555019240292,16.547666831364335,17.59444030294325,17.90887869437757,18.297576389355257,18.188065290395787,17.97478958993967,17.471954601301093,17.242735548673913,16.12230747924213,15.473964603998425,14.188292852276911,12.940180571929263,11.076295360370633,8.63248146129073,7.415693961513163,8.935101323,9.423255483,9.687078327,9.610499078,9.729686975,10.18437018,9.67306525,10.24493533,10.3674674,10.68576395,10.69073227,11.20848443,11.11435685,11.48512598,11.43876228,11.79695264,12.17590823,11.57211057,12.25429244,12.65858352,12.7765138,12.76752397,13.36943614,12.68127536,13.63460828,13.53307397,13.92120556,13.87697243,13.54493153,14.28586684,,0.0,0.0,0.0,0.0,0.0,0.0,0.0,0.0,0.0,0.0,0.0,0.0,0.0,0.0,0.0,0.0,0.0,0.0,0.0,0.0,1.1208847183752368e-09,7.000281925176664,9.739868382486455e-10,6.213836638736283,1.0229306993290423e-09,7.086047511454646,1.0742856071308478e-09,7.8926627086432415,1.1281954353014587e-09,8.874656173066507,1.184779809768683e-09,9.55413965241959,1.2442501076114204e-09,10.19048627346608,1.3066508257599764e-09,11.207625022545768,1.3722353848011646e-09,11.04445997535233,1.4411590219465572e-09,10.997673885222152,1.5136469020474528e-09,11.187586613376732,1.5896984352490824e-09,11.264522776278618,1.6695261021758427e-09,11.058568335132906,1.7533126776480052e-09,11.311057174457233,1.8414486062683328e-09,10.459394767037548,1.9339428537417566e-09,10.096746988998287,2.0311239710227828e-09,9.360280747279525,2.1332273528242792e-09,8.526155102356922,2.240635315302937e-09,7.493829209326666,2.3531355629069005e-09,6.718424814796947
0.0,0.0,0.0,0.0,0.0,0.0,0.0,0.0,0.0,0.0,0.0,0.0,0.0,0.0,0.0,0.0,0.0,0.0,0.0,0.0,0.0,0.0,0.0,0.0,0.0,0.0,0.0,0.0,0.0,0.0,2.6840044994698635,2.794826335930265,2.9162094934070035,3.049160465792934,3.1161476475288867,3.2640988949118315,3.438798040546822,3.620248026442479,3.7753925268425386,3.767947433030302,3.9215008210356284,4.1259603448889965,4.282979998264312,4.398910161987417,4.591966890452044,4.826658607488418,4.795035127127205,4.894416196043487,5.025365649732146,5.494640595996299,6.018279844902732,6.591821914230872,7.220022542766862,7.9080906912031805,8.661731734186285,9.48719476856602,10.391324430122776,11.381617648427127,12.466285810440393,13.654322848289269,6.182207228721717,6.782487820271155,6.92418060280472,6.727900558429382,6.75949732370472,6.898369415333726,6.159687915710705,6.792179433828569,6.7717560234422995,7.070137027269296,13.881073060265797,13.285702471905006,14.016546950461372,15.043387012918803,15.778603826495784,16.561596565061446,17.57772731617745,17.889560839188015,18.293405274255825,18.183875417446068,17.97628297395822,17.482195493139333,17.220186378754345,16.05674473771814,15.54680725265608,14.357560398998968,13.16948402769827,11.340860419537462,8.490664079037856,7.854897337759018,8.866211728,9.577314156,9.840390096,9.777061024,9.875644971,10.16246831,9.598485956,10.41242746,10.54714855,10.83808446,10.8511072,11.18438016,11.29606296,11.66689441,11.63701031,11.96511262,12.14972348,11.48288965,12.4546351,12.85892358,12.95863695,12.95905349,13.34068466,12.58350278,13.85039531,13.76761903,14.11964576,14.08514512,13.44050016,14.51942325,,0.0,0.0,0.0,0.0,0.0,0.0,0.0,0.0,0.0,0.0,0.0,0.0,0.0,0.0,0.0,0.0,0.0,0.0,0.0,0.0,1.1241887420965213e-09,6.951466682288377,9.740150476805998e-10,6.227282657391943,1.0229833225382995e-09,7.003463989353674,1.0743300619316731e-09,7.775402765565472,1.128249573795313e-09,8.733560407640189,1.184839408987804e-09,9.423142553276815,1.2443021785933274e-09,10.22303896406775,1.3067020361353496e-09,11.301087386033325,1.3723392668947895e-09,10.864135824829312,1.441250230825235e-09,10.819592434325967,1.5137303024529698e-09,11.035925869789057,1.5897851829024924e-09,11.114963918345286,1.6695988329037702e-09,11.099524262545204,1.7533830110446846e-09,11.381332649997397,1.841546943211569e-09,10.358143677971924,1.934054542154574e-09,10.077136138751587,2.0312357950595327e-09,9.44116269906723,2.1333414460673514e-09,8.637332949273581,2.240721829351144e-09,7.516449730853799,2.3531779382387235e-09,6.989796937492537
0.0,0.0,0.0,0.0,0.0,0.0,0.0,0.0,0.0,0.0,0.0,0.0,0.0,0.0,0.0,0.0,0.0,0.0,0.0,0.0,0.0,0.0,0.0,0.0,0.0,0.0,0.0,0.0,0.0,0.0,2.696670840900004,2.808015667250624,2.9299716555541258,3.063550049544619,3.130853356874056,3.279502815088889,3.4550264001115947,3.6373326839286237,3.793209341526431,3.785729112862438,3.9400071492953703,4.14543155757359,4.303192217359769,4.4196694781671235,4.613637279038149,4.8494365521234775,4.817663834382244,4.917513901972274,5.049081331707859,5.520570878094763,6.0466812828856895,6.622930009254119,7.254095239246342,7.945410515657678,8.70260813791182,9.53196669356713,10.44036311957702,11.435329724986898,12.525116647896866,13.718760264555883,6.129657437291538,7.52981035295132,7.573120924658045,7.453647140678194,7.421275203360002,6.979591395156728,6.1002820701459,7.601921006342957,7.552371998758923,7.894921037437697,12.499619149135539,13.32563339352427,14.388213709053058,15.28060287824735,15.974055175388628,16.701362179250165,17.57498034226366,17.873035706453994,18.320233646873156,18.21107189262721,18.023730874270665,17.547026742025682,17.21203298348792,15.971128448154346,15.762680031991545,14.737335615265742,13.691843932519529,11.876718854609578,8.25938499649506,8.739813113170037,8.826328278,10.33782602,10.50309258,10.51719719,10.55212856,10.25909421,9.55530847,11.23925369,11.34558134,11.68065015,11.59441014,11.29072252,12.19305659,12.45260309,12.51794705,12.89529484,12.26524443,11.43123543,13.44362821,13.72490964,13.96605694,13.84675115,13.46752941,12.5268976,14.78315218,14.80984561,15.21732396,15.04998028,13.38003989,15.6723763,,0.0,0.0,0.0,0.0,0.0,0.0,0.0,0.0,0.0,0.0,0.0,0.0,0.0,0.0,0.0,0.0,0.0,0.0,0.0,0.0,9.274538365225242e-10,4.8452161592451475,9.74036901516783e-10,6.180342431695747,1.0230278252256502e-09,6.498349337040225,1.0743681171455688e-09,7.2476692670732,1.1282945574831788e-09,8.069745405118553,1.1848898975491495e-09,8.655503892099972,1.2443440617607407e-09,10.12739974740894,1.3067327757996098e-09,11.359314179228129,1.372420046542154e-09,9.925686769421716,1.4413223489109512e-09,10.006733131605005,1.5138003984595868e-09,10.104355218083803,1.5898515054137552e-09,10.3232056022543,1.6696562053870539e-09,10.998598813758193,1.7534230012583481e-09,11.389641364888107,1.8416277738003074e-09,9.682135991032318,1.934146922026227e-09,9.45945670001881,2.0313336506300632e-09,8.914883093342047,2.1334426273035128e-09,8.262068300904884,2.2408091166480673e-09,7.404461755767381,2.3532427231295325e-09,6.786197079169558
0.0,0.0,0.0,0.0,0.0,0.0,0.0,0.0,0.0,0.0,0.0,0.0,0.0,0.0,0.0,0.0,0.0,0.0,0.0,0.0,0.0,0.0,0.0,0.0,0.0,0.0,0.0,0.0,0.0,0.0,2.688457533389913,2.7994632344440356,2.921047778810279,3.054219330256288,3.1213176504767466,3.2695143638875015,3.4445033530087716,3.6262543827149534,3.7816562834744114,3.774198837501331,3.928006986050263,4.132805728856198,4.29008589365865,4.406208397205148,4.599585426235782,4.834666520479581,4.802990573577889,4.9025365257016995,5.033703237729234,5.503756758416029,6.028264777601241,6.602758411015729,7.232001287695498,7.9212110105237,8.676102419938234,9.502934980670316,10.408564684440798,11.400500898981845,12.48696863477317,13.67697674578115,6.134244976801633,8.315992275758461,8.294202701402389,8.19434760996703,8.02733488975772,7.00890502635813,6.106879891248722,8.458435777557183,8.352900946811465,8.657075802799296,12.906204640163438,13.344838793193627,14.793631537769489,15.562395282086863,16.180039730660127,16.831667504922823,17.56946089551464,17.84626415262036,18.351527740372855,18.23681770381503,18.04072237269258,17.549961725798543,17.09906153609338,15.612053043212846,15.643036233557494,14.487995819353687,13.283955275345692,11.403173323907561,7.524293585490901,8.526876063558138,8.82270251,11.11545551,11.21525048,11.24856694,11.14865254,10.27841939,9.551383244,12.08469016,12.13455723,12.43127464,12.2498555,11.31199099,13.1102398,13.29694675,13.38844968,13.72397508,12.28834862,11.42653959,14.45488162,14.65552152,14.86354674,14.62952395,13.49289836,12.52175168,15.78551777,15.8397277,16.19522296,15.900773,13.37454351,16.85128007,,0.0,0.0,0.0,0.0,0.0,0.0,0.0,0.0,0.0,0.0,0.0,0.0,0.0,0.0,0.0,0.0,0.0,0.0,0.0,0.0,9.274213301393508e-10,4.584356127027912,9.739737526383706e-10,6.165653532647626,1.0229861114604856e-09,5.9734776320548395,1.0743175227373108e-09,6.671656929950083,1.1282425515755404e-09,7.391175477587002,1.1848313902097076e-09,7.942358946128072,1.2442717080497315e-09,10.084102849855435,1.3066555964954613e-09,11.32226108912379,1.3723798661661463e-09,8.930349358941994,1.4412579473140027e-09,9.08505294311334,1.5137479774802538e-09,9.205440411220518,1.589770515931251e-09,9.523196187788097,1.669545187356168e-09,10.838164464812616,1.7532941183799277e-09,11.0115123748123,1.8415442624234826e-09,8.533620884623808,1.934081664641867e-09,8.151203101209047,2.031303861144079e-09,7.497297001031134,2.1334969668511456e-09,6.90290122419707,2.2409816064329513e-09,6.636718711639826,2.3534487386442515e-09,5.352572740782199
0.3477240283808639,0.4734898009058374,0.6181204393098894,0.7844456734749368,0.9684627552200392,1.1873621732889366,1.440322063800646,1.730312477219458,2.0598278987371628,2.422675963955527,2.8560712823915875,3.3583175081887,3.930082430866278,4.583169120742335,5.341399629917124,5.916944498063712,5.948340604985,5.999165531675628,6.061552227809403,6.165336561360377,6.1860652412703265,6.20990322316415,6.237316902339311,6.268842633387718,6.305097224089645,6.346790003391742,6.39473669958286,6.4498754001931475,6.513284905879877,6.586205837383723,2.688389052959912,2.799391926475178,2.9209733738381116,3.0541415331363946,3.12123814422745,3.269431082769332,3.4444156145684865,3.626162014709755,3.781559957069701,3.774102701052795,3.927906931798295,4.132700457967629,4.289976616527399,4.4060961621997725,4.599468265527866,4.834543371782559,4.802868231731055,4.902411648218903,5.033575019166011,5.5036165666425845,6.028111225551784,6.602590225455956,7.231817074051877,7.9210092413198385,8.67588142212924,9.502692921770125,10.408299557327414,11.400210505254554,12.486650566523664,13.676628365627463,5.796258143850607,8.248506152821598,7.991434897064722,7.759384123612067,7.366098030787035,6.047086574187381,4.677112834888293,7.1695441383431,6.670094494479182,6.60226080529255,11.101920216229766,11.89333590530008,13.275542150096008,14.122047492417215,14.940645669751907,15.83757974992468,17.085173841266407,17.31912813005813,18.07801127626487,17.892705572713062,17.595266604234663,16.82629449000923,16.08219830192371,12.9880494507356,13.081367114794386,11.129439305104757,9.410046532120136,7.385639554495459,3.96475993011606,4.742713976112431,8.832371225,11.52138788,11.53052871,11.59797133,11.45579893,10.50387983,9.561850513,12.52601863,12.51148235,12.79903947,12.58734014,11.56012315,13.58902097,13.67074472,13.80432337,14.12998296,12.55789751,11.43906182,14.98276861,15.06751116,15.30326752,15.03256866,13.78886943,12.53547415,16.22927336,16.33174329,16.67433983,16.33884075,13.38920054,17.46668266,,0.0,0.0,0.0,0.0,0.0,0.0,0.0,0.0,0.0,0.0,0.0,0.0,0.0,0.0,0.0,0.0,0.0,0.0,0.0,0.0,9.267184376879814e-10,5.298558290987332,9.738003719323813e-10,7.824230722053994,1.0228050337159707e-09,7.906580228115976,1.0741176309380656e-09,9.440568056017014,1.128039318764524e-09,11.07719019588754,1.1846245500108675e-09,12.459084660496146,1.2441034594414525e-09,15.278485168744949,1.3065640313548332e-09,16.781643490754085,1.3722249283669756e-09,14.190369914079534,1.4410660930306425e-09,14.494147541597691,1.5135682493692163e-09,14.506175551982823,1.5895360423993923e-09,14.606219279602476,1.669326698786943e-09,15.762462849337917,1.7532327405529973e-09,14.642427176518142,1.841217234049995e-09,11.833072402140294,1.93374746157567e-09,10.647178941450507,2.0309703229663853e-09,9.538742960273854,2.133209925091594e-09,8.896884711249585,2.2402490396141565e-09,9.57549486389338,2.352909401719425e-09,7.538865520563985
1.4057336809954923,1.9141632628624388,2.4988572820107704,3.1712554040329195,3.915175836831595,4.800114062592403,5.82274755642665,6.995083253809436,8.327205536505145,9.794080715469837,11.54615519576441,13.576571209990945,15.88802841115768,18.528242723765004,21.593518855726494,23.92025713103371,24.047181247140664,24.252649680299633,24.50485853802408,24.924424404414182,25.00822362774561,25.10459273456616,25.215417207398733,25.342865351143953,25.48943071643583,25.657980886500802,25.851813582050067,26.074721181893327,26.33106492165203,26.625860222229427,2.70618547182011,2.8179231547669157,2.940309438900226,3.0743591359131135,3.1418999086829857,3.291073844972761,3.4672167277250727,3.6501662405853454,3.8065928758977514,3.7990862548339677,3.953908628585892,4.160057833304635,4.318375118107414,4.435263344217005,4.629915519320021,4.866546760111831,4.834661939077139,4.934864306445866,5.0668959439431305,5.540049041160385,6.068015714891848,6.64629761263085,7.279689775225266,7.973444210915784,8.73331344432842,9.565598215685627,10.477199725753808,11.475676859732737,12.569308864584402,13.767163999494144,5.13258105237554,7.448330232573201,6.472168649301492,5.708022900277126,4.776944784719791,3.0195025926806007,0.7180535861059193,2.5972632458777345,0.7613639978836463,2.932251564067991e-10,7.584677602339279,8.870980712173996,9.967997586250696,10.773973614050437,11.804383253113906,13.04821739405842,15.131508660172143,8.093819525289868,17.198762297098177,16.528729466440176,15.511591916203972,11.861478689930484,7.874069186886291,4.54393550338383e-10,4.894558539055697,3.52895863382645,2.412318543653227,5.410707145872975e-10,5.805778376794886e-10,6.099000061043897e-10,9.244500205,12.18041665,11.91133537,11.95363744,11.83402053,11.1106905,10.00801787,13.24251274,12.89516241,13.20385523,13.00292039,12.22795316,14.36631931,14.12223404,14.22764999,14.57689461,13.28336908,11.9728221,15.83978997,15.56513001,15.78728852,15.52887993,14.58545443,13.12039433,16.76526052,16.83257636,17.20172594,16.87827954,14.01395661,18.46578506,,0.0,0.0,0.0,0.0,0.0,0.0,0.0,0.0,0.0,0.0,0.0,0.0,0.0,0.0,0.0,0.0,0.0,0.0,0.0,0.0,9.265420896675289e-10,10.081821037257233,9.735923187101208e-10,14.379656596066907,1.0225748813728902e-09,15.808081806141642,1.0738989892382837e-09,19.615245642689842,1.1278579609849567e-09,23.800167638850763,1.1844940211459907e-09,27.25812667592881,1.244120035067529e-09,30.72998276715185,1.3072184244929299e-09,25.30851141283654,1.372269324337002e-09,30.930726809903817,1.441145811239139e-09,31.428072902895714,1.5137452428603001e-09,30.80054273976682,1.5896492375287354e-09,28.083489108099684,1.6696265250248982e-09,25.783721740532155,3.9044057440652606,22.745011082354146,1.841460582709284e-09,22.352042180946007,1.935109518177232e-09,21.919961377196294,2.0380852380600053e-09,21.539605912704616,0.18561078807927653,20.79469302987725,20.031144381901743,33.67987290866523,9.879665501764105,28.53242987717493
2.5787896195624067,3.5114932644437307,4.5841024560597186,5.817603026420978,7.182309809659638,8.80571084315402,10.681711023109195,12.832336826506216,15.276087844957122,17.967040289113594,21.181185004835413,24.90594155841866,29.146262407962755,33.98968143876401,39.61286766319654,43.8812213299819,44.11406101897402,44.490988647401394,44.9536606264927,45.72334560708112,45.87707356435781,46.05386071520657,46.25716593866236,46.490966945614055,46.759838103580776,47.069039935204536,47.42462204152518,47.833541463723485,48.30379879913954,48.84459473460181,2.747865014160574,2.861323634395641,2.9855948611408096,3.121709135796492,3.1902901434385424,3.3417615946098462,3.5206173567328056,3.7063845818477734,3.8652204350935295,3.8575982001763274,4.01480508369273,4.224129312664615,4.384884934397318,4.503573424317342,4.701223551208346,4.941499287886471,4.909123390108457,5.010869032635833,5.144934166463135,5.625374570760537,6.161472767464572,6.748661122315446,7.391808527384508,8.096247880157522,8.867820303250625,9.712923578264853,10.638565195388582,11.652420458625468,12.762896128453447,13.979200129611677,4.346894803467857,6.121830541362834,4.619824733011613,3.1658590780053424,1.5972249671358396,2.4031098238804995e-10,2.5246585907349704e-10,2.653614913097005e-10,2.788284223598956e-10,2.930089199684019e-10,5.904645944054487,6.799586702530603,7.654806276006338,7.7808158653794335,7.144878471432249,4.772378571794265,3.21876243044387e-10,3.378184088771153e-10,3.552565063502507e-10,3.730586401659879e-10,3.918967878708003e-10,4.1166678238210146e-10,4.32451194148433e-10,4.541863803059831e-10,4.771335616058361e-10,5.011479312006628e-10,5.263635142753391e-10,5.52834531322738e-10,5.805396215676557e-10,6.097670563107693e-10,9.673549437,12.49464744,12.18952205,12.10517124,11.96982492,11.50492419,10.47250294,13.58414352,13.05863172,13.24913971,13.1521388,12.66182997,14.73694208,14.45205578,14.40801098,14.62688812,13.75469456,12.52849628,16.24842539,15.92865028,15.84143325,15.70708565,15.10298099,13.72932883,17.15680957,17.04595947,17.26072167,17.07197065,14.6643625,18.94216599,,0.0,0.0,0.0,0.0,0.0,0.0,0.0,0.0,0.0,0.0,0.0,0.0,0.0,0.0,0.0,0.0,0.0,0.0,0.0,0.0,9.264883308657417e-10,17.94849723315062,9.735798504528254e-10,23.267827604211273,1.0225750466439062e-09,26.449011538992288,1.07397658974419e-09,31.822014949118223,1.1281066043819009e-09,37.05095870652766,1.185067725923892e-09,38.96821107038785,1.1608718654480594,35.963788964159995,17.80601141350741,44.748005985448096,4.434922945607502,36.61580614223293,8.555178181287632,40.656637366693964,10.580188128033807,42.30857054648414,14.985522045292065,44.86901400828604,17.97467478817558,45.95283497254716,24.33249823557773,44.56550842193797,19.402354034461215,45.1385795005581,20.528919831226766,45.39665475383943,21.44032308118227,45.03941015480317,23.284058629433385,43.65938216131632,27.498846384266532,41.010997806626534,24.87711734005476,42.291829719282575
3.5186084869407415,4.791228376436372,6.254741249359711,7.937781053225473,9.799844105311115,12.01488041956888,14.574573581282763,17.508977437519235,20.84333360533665,24.514981744501092,28.9004953161408,33.9827090499816,39.76838028712943,46.37694392423584,54.0494545559073,59.87337494215584,60.19107115884968,60.70536699061747,61.33665600308704,62.38684640420584,62.59659926308605,62.83781505077178,63.11521320658269,63.434221085734585,63.801080146721425,64.2229680668045,64.70813917483633,65.26608594897682,65.9077247390856,66.64560934734747,2.735914129710441,2.848879301084915,2.9726100532930686,3.1081323461883508,3.1764150845582284,3.3272277632639584,3.505305654372382,3.690264949465122,3.848410001336394,3.8408209166824974,3.997344083462456,4.205757929406003,4.365814400397991,4.483986695955743,4.680777212270588,4.92000795308814,4.887772863032237,4.989075998227237,5.122558062320433,5.600908957952984,6.134675581755977,6.719310164808337,7.359660423626483,8.061036062110864,8.829252798943624,9.670680590796898,10.592296451214429,11.601742303131013,12.707388344739844,13.918402454109662,3.779186453539456,4.975585862680585,2.7247847775588516,1.121875110808705,2.2860691794788125e-10,2.4022288649590294e-10,2.5244138822955173e-10,2.6532346762484597e-10,2.787941495357331e-10,2.9296638304444127e-10,5.116475240685215,5.517660260272159,6.068443728439845,2.7821234676637143,2.913912624553928e-10,3.0590813597009793e-10,3.2150125892330615e-10,3.3779969481156613e-10,3.549875847079208e-10,3.729613866030074e-10,3.9184465558570035e-10,4.1162951082829084e-10,4.324231288266076e-10,4.541765736797961e-10,4.771086411573401e-10,5.011290280147371e-10,5.26345989092877e-10,5.528255464267156e-10,5.805542986282874e-10,6.097677558766618e-10,10.03370907,12.61569354,11.95213608,12.16778851,11.97997852,11.64020045,10.86240872,13.71574448,13.12618103,13.23267263,13.16329532,12.81070927,14.87971117,14.1706079,14.48254031,14.60870866,13.91642389,12.99494954,16.40583748,15.61844632,15.82174426,15.72040944,15.28056363,14.24049074,16.82268771,17.13413431,17.23926868,17.08645223,15.21033701,19.12567459,,0.0,0.0,0.0,0.0,0.0,0.0,0.0,0.0,0.0,0.0,0.0,0.0,0.0,0.0,0.0,0.0,0.0,0.0,0.0,0.0,9.265246977437092e-10,24.85101932085685,9.737844767028358e-10,30.895417970257377,1.0232714897345697e-09,35.322927246593395,1.0730726537206442e-09,39.472446188512706,0.6282289717252715,44.638263709557854,11.526786699957475,56.16185604756728,17.06781539083357,57.37636776031471,23.285740765265704,54.26709677589646,18.28196290460993,55.6844638870996,20.119575360944875,56.99479909909146,20.00734507518462,55.72990866430392,21.795879648993076,54.72001323463033,23.148515155517714,53.59739384606713,27.44449846657994,50.30592748245372,24.152861263791984,51.131122019735926,24.7184147240773,50.06052863119124,25.584444211967572,48.644382236827084,27.2614778374425,46.144244143398474,30.042966180278356,45.626690868253284,27.49071541722587,46.5574150054535
4.188896445082406,5.703947906714146,7.44625708759465,9.4499126456119,11.666695026587327,14.303691378116634,17.351001024927477,20.84440301251612,24.813947436071135,29.185037284465057,34.405982518435785,40.456347917669035,47.34417808338768,55.211660023853455,64.34576875722071,71.27913445929983,71.65735117697791,72.2696193475938,73.02116766846214,74.27141726407176,74.52112762774824,74.80829454594466,75.13853650183758,75.51831475107795,75.95505973765933,76.45731647216624,77.03491171677337,77.69914624795713,78.46301595863656,79.34146612548551,2.7006756037800486,2.8121857857316157,2.934322888024838,3.0680996561682736,3.1355029140674313,3.284373128120674,3.4601573791198166,3.6427344017408387,3.798842548122055,3.791351210745187,3.9458583618865752,4.151587841155458,4.309582787612692,4.426233026079527,4.620488884001147,4.856638337079402,4.824818434417163,4.9248167870103865,5.056579604462868,5.528769348962595,6.055661068027387,6.632765567919982,7.2648681266532265,7.957210059234603,8.715532177991793,9.54612239466689,10.455867858991756,11.452312066068027,12.543717406083204,13.739133674997547,3.395523621328066,4.133795107755863,1.4268990345917791,2.1755422987975675e-10,2.2855510755274352e-10,2.402025961184296e-10,2.524327232300975e-10,2.6530954153457317e-10,2.787769040960052e-10,2.9294066295378645e-10,4.61589115146072,4.306729480170165,4.302472819849785,2.7751806213121516e-10,2.9109701151156573e-10,3.059029427851428e-10,3.21491319516108e-10,3.377974615706112e-10,3.5497140160152966e-10,3.7294982671731126e-10,3.918290994658899e-10,4.1162184018845284e-10,4.3241720848363724e-10,4.5418016673798436e-10,4.771064649066532e-10,5.011248234262349e-10,5.263434407236783e-10,5.528275426608516e-10,5.805750292409524e-10,6.097817217751425e-10,10.28509567,12.6499288,11.80747901,12.15150802,11.88478852,11.59510836,11.13455773,13.75296495,13.10861821,13.14484819,13.05870297,12.76108284,14.9200903,13.99910059,14.46316268,14.51175155,13.86251412,13.32052766,16.45035807,15.42941578,15.71673631,15.59549889,15.22136942,14.5972749,16.6190822,17.11120885,17.12485271,16.95068743,15.59141989,19.17757602,,0.0,0.0,0.0,0.0,0.0,0.0,0.0,0.0,0.0,0.0,0.0,0.0,0.0,0.0,0.0,0.0,0.0,0.0,0.0,0.0,9.265957528229967e-10,29.909029062351816,9.745475282041225e-10,36.1535823995927,1.0230508409811424e-09,41.03614339147586,0.3195770808257179,45.84484623211359,11.44096563255326,60.537147374783224,17.413078815384896,66.70789553991297,20.498785315518813,64.5880951746102,24.90714524608848,59.46748865180223,21.10569688344053,62.44737274739119,22.519279731061406,63.12001771943388,22.249806315397826,60.770314151071425,23.60941177815787,58.71525210508802,24.864459219605603,57.375489540080146,28.63573118755139,54.584514329435855,25.69785646091274,54.30838588079512,26.267854017302774,53.33908107694198,27.36244599657677,51.228800759520155,29.194693900744472,48.62982716115303,31.522444453891232,49.50822036604761,28.625768080693714,50.28004209206245
4.4709239017311075,6.08797982110434,7.94759412838783,10.086150581768829,12.452183130430807,15.266721558725177,18.519198604773127,22.24780222375272,26.484605705273594,31.149989616289357,36.72244745625146,43.18016815483671,50.53173793525658,58.92891688566013,68.67800130262263,76.07817240813165,76.48185346954493,77.13534405690223,77.93749216324197,79.27191779859106,79.5384405088342,79.84494162558012,80.19741790980277,80.60276563661986,81.06891552241143,81.60498789100593,82.22147111480866,82.93042682205969,83.74572588520421,84.68331980735888,2.6506672694694924,2.7601126205134676,2.879988113513573,3.011287740998227,3.0774428946637915,3.2235564831442187,3.396085742104261,3.575281991124826,3.728499487343577,3.7211468668505328,3.8727930134133497,4.074713005692232,4.229782364162981,4.344272593440081,4.5349314210959655,4.766708101383494,4.735477406965234,4.8336240928718,4.962947061933886,5.42639328219549,5.943528562095365,6.509946834170609,7.130344767575493,7.8098666240347,8.554146913415263,9.369357114374132,10.262256847485004,11.240249925162566,12.31144574314725,13.484726522581674,3.274694718989899,3.5206181385835387,0.8686220983097221,2.174776357618982e-10,2.2854873351704934e-10,2.402015511398158e-10,2.524334071318216e-10,2.653051476397732e-10,2.7877275993071023e-10,2.929338300337702e-10,4.536281719627237,3.6790263581509657,3.278740770496792,2.770477083005798e-10,2.911038111129339e-10,3.059106688471908e-10,3.2149667916613533e-10,3.3780601586756055e-10,3.5497194190647515e-10,3.7295128078516196e-10,3.918274943959347e-10,4.116301203662092e-10,4.324246145754755e-10,4.541928675486367e-10,4.771106411158186e-10,5.011297047976859e-10,5.263485971166528e-10,5.528353864762723e-10,5.805980010477796e-10,6.098015542293204e-10,10.39628589,12.36871058,11.69620434,12.0049836,11.90255732,11.69173427,11.25493132,13.44722535,12.95055284,13.08309663,13.07822688,12.8674252,14.58840455,13.86717189,14.28876404,14.44357859,13.97803507,13.46453336,16.08465322,15.28400767,15.6429026,15.61881553,15.34821416,14.75508328,16.46246258,16.90487973,17.04440398,16.97603019,15.75997578,18.75124289,,0.0,0.0,0.0,0.0,0.0,0.0,0.0,0.0,0.0,0.0,0.0,0.0,0.0,0.0,0.0,0.0,0.0,0.0,0.0,0.0,9.266059336935913e-10,32.053295309860886,9.739938877548002e-10,38.06648231927764,1.022807454491223e-09,43.451856520542464,3.3812795487979854,51.589548044763944,12.870555884385302,65.03461294087641,18.158588395092313,70.48589677266924,21.1275805130059,67.61293641591675,24.866488085174062,62.62762483794449,21.330084492141125,66.32520346389381,22.70411845075463,66.70515551656855,22.454891369027756,64.32161982365852,23.583851443850687,61.971110725039416,25.109125611118724,60.121749799102474,28.409588842195802,57.352643439407395,25.569839295585062,58.04331233620646,26.070475670990675,57.23699963201703,27.21423175208272,55.014114831012904,28.910610948471703,52.687214305421776,31.148057921039058,52.48899267073057,28.47451499987611,52.55769669123656
4.460148795983081,6.073307545797024,7.928440108087323,10.06184255472614,12.4221728701416,15.229928148048414,18.47456659409232,22.19418412894925,26.42077674431574,31.07491689316931,36.63394488645503,43.07610221940314,50.409954422083125,58.78689583475076,68.51248456763362,75.89482096426188,76.29752913814211,76.94944478699925,77.74965968426154,79.08086930036053,79.34674968019272,79.65251211696614,80.00413891922047,80.40850974177411,80.87353618766284,81.4083166003692,82.02331407490078,82.73056117049029,83.54389533022452,84.47922961345847,2.7247251693603163,2.8372283515189274,2.9604530869389394,3.095421139646163,3.1634246247880524,3.3136205308165962,3.490970143781635,3.675173018123919,3.832671310400019,3.825113262526979,3.980996302671398,4.188557806710878,4.347959701052136,4.465648712023167,4.661634421907718,4.899886790178972,4.867783530702326,4.96867237045189,5.101608538200471,5.578003140999648,6.109586840446538,6.691830466451655,7.3295619100159515,8.028069160152787,8.793144151228478,9.631130788954033,10.54897755325547,11.554295114196092,12.655419438698932,13.861480911322577,3.246461014847084,3.4386116828853397,0.8345116151848396,2.1746849528594917e-10,2.2854325796992547e-10,2.4019299204128355e-10,2.524264659719016e-10,2.652973402649935e-10,2.787650819338213e-10,2.9292506064377353e-10,4.751046189175575,4.37232650529045,4.3846783707076575,0.9743836609294778,2.911250373228092e-10,3.059235160563555e-10,3.215041642633237e-10,3.3781056082571015e-10,3.5498943496187974e-10,3.72964948248533e-10,3.918408620471436e-10,4.1163944129416245e-10,4.324277681234838e-10,4.5419402820917814e-10,4.771182950787864e-10,5.011362817990912e-10,5.26352930298272e-10,5.528382884463057e-10,5.805951573332908e-10,6.098044767398809e-10,10.43133498,12.34914758,11.72340481,12.01625471,11.99901652,11.61056851,11.29287518,13.42595651,12.96271171,13.00487799,13.18421379,12.77809762,14.56533076,13.89942113,14.30217932,14.35722617,13.88099747,13.50992646,16.05921288,15.31955188,15.54937989,15.74539155,15.24166458,14.80482722,16.50074738,16.9207512,16.94250226,17.11360519,15.81310753,18.72158494,,0.0,0.0,0.0,0.0,0.0,0.0,0.0,0.0,0.0,0.0,0.0,0.0,0.0,0.0,0.0,0.0,0.0,0.0,0.0,0.0,9.265707265945363e-10,32.181773588870826,9.743996906086671e-10,38.858888912002556,1.0226841513572788e-09,44.57726173446907,1.085080145267914e-09,50.327507078369706,9.599288575779417,64.0899737356422,16.176766574558894,71.55168794027142,19.677508736578922,69.26242556118142,23.273799435743335,64.69445654499421,19.367317363794484,68.80798860061448,20.77841874555801,69.6441226918964,20.620063148173188,67.66102624587226,21.6621059661971,65.79309529872829,23.292205795505858,63.47910108121967,26.245716383249356,59.83162569653872,23.173991177275568,62.46150707111969,23.58189009830003,61.63861871892193,24.473226241902083,59.535143836018584,25.849997377583147,56.938705152782866,28.40098397527538,54.693410815823505,25.61456323535383,55.69873225378435
4.014399445773973,5.466338357998349,7.136068107060217,9.056257318485843,11.18069512167775,13.707842027998323,16.628209794936158,19.976087019092663,23.780271997836135,27.969275210226503,32.9727313539737,38.771056479419514,45.371960073564644,52.911706055712266,61.66531491608775,68.30985717123227,68.67231850245275,69.2590813974083,69.97932244473904,71.17749035113034,71.41679852183572,71.69200291811666,72.00848797380816,72.37244578781842,72.79099727388706,73.27233148280688,73.825865822992,74.46243031409526,75.19447947868966,76.03633601755882,2.8248826060214305,2.9415212622703955,3.0692755824616342,3.209204889368844,3.2797080962560403,3.435425013032374,3.6192937725253502,3.8102677105797453,3.973555440047627,3.9657195679339483,4.127332670653256,4.342523871965653,4.507785177492919,4.629800287035136,4.832990182701422,5.080000405435514,5.046717070913574,5.151314456277448,5.289137188715552,5.783043452063875,6.3341674931592165,6.937813655371914,7.598987296844409,8.323170786350126,9.116368962406582,9.98515892464158,10.936744570278236,11.979016327945368,13.120616584122924,14.371011344709725,3.6246848383952375,3.930283769932668,1.5588618306893842,2.1764663790984665e-10,2.2855094839967564e-10,2.4019240912652846e-10,2.524255558320135e-10,2.652965710895116e-10,2.787678739512469e-10,2.929327678559855e-10,5.2090473190237,5.6345471837277366,6.742256541245276,5.581011920457418,2.428832540633012,3.059505631053222e-10,3.2153351235553023e-10,3.378284327311808e-10,3.5504006753105467e-10,3.730104077458901e-10,3.9188356107401935e-10,4.116626524027587e-10,4.3244513192512697e-10,4.542013982294243e-10,4.771407666150879e-10,5.011563444518828e-10,5.263684120104006e-10,5.528435346462666e-10,5.805840436558122e-10,6.098012734198002e-10,10.46396689,12.33814339,11.76420552,12.09264778,11.94317172,11.47013886,11.32820221,13.41399278,13.04512186,13.00350574,13.12285294,12.62354672,14.55235175,13.94779499,14.39310511,14.35571121,13.71310702,13.55218901,16.04490269,15.37286818,15.54773915,15.6721107,15.05731688,14.85114055,16.55817457,17.0283245,16.94071451,17.03395651,15.86257502,18.70490234,,0.0,0.0,0.0,0.0,0.0,0.0,0.0,0.0,0.0,0.0,0.0,0.0,0.0,0.0,0.0,0.0,0.0,0.0,0.0,0.0,9.265443495468312e-10,29.186258404219405,9.736329137531232e-10,36.12458081571089,1.0226369954404652e-09,42.06965004292935,1.0743919925533922e-09,49.17472327386314,1.1287685308172963e-09,54.53403253011346,6.745625791172236,62.827200287881055,14.488377983241675,65.9972017715309,19.71672149214628,64.23016740291732,12.941523775037497,65.32830068184873,15.335294086711752,67.89006110760127,15.74024279130154,67.49404894305093,17.72698274298537,67.19928114603107,19.544672905575343,65.97308184763538,22.58283447332711,62.09625716906082,18.904018482622416,66.4350740040009,19.298915789779453,66.1045616160753,20.12585522554869,65.16535711214665,21.444789793008184,62.571340443631875,24.401049943961,57.31913138728704,21.284750333555305,61.61129713701639
3.231488665004028,4.400262276227648,5.744351929137901,7.290055029988293,9.000173012330015,11.034461501277441,13.385282704792047,16.08023806432306,19.14250947115313,22.514549693198116,26.542203650600086,31.209706765819778,36.523264978299,42.59256725063982,49.63899802871314,54.98768424484031,55.279456326608184,55.75178541834564,56.33156100170721,57.29605545737257,57.488692401334724,57.71022488686686,57.964987245203396,58.25796395726227,58.59488717609521,58.982348877705526,59.4279298344989,59.940347934723,60.529628749840384,61.2073016868918,2.9501263326628244,3.0719362692856804,3.2053546928705194,3.3514878922248172,3.4251169225893854,3.587737689782938,3.7797584371152477,3.9791993775301413,4.14972661624693,4.141543333652225,4.3103216995281315,4.535053597482349,4.707641912539051,4.835066672377195,5.047265175939214,5.305226820423645,5.270467839146794,5.379702644243436,5.523635872243251,6.039439916724643,6.614998540907194,7.245407901975357,7.935895275154282,8.692186094998092,9.5205514299739,10.42785998137328,11.421635037721712,12.510116856941512,13.702330993537913,15.008163137347276,4.298063562524078,4.879394404688357,2.813262518203069,1.424805608009286,2.286111555411321e-10,2.4020613869847966e-10,2.5243201093009453e-10,2.653043364086239e-10,2.787789738696119e-10,2.9295298312223106e-10,5.705280375714854,6.805147517354352,7.9441368489325335,8.63273586564241,9.160011737170557,8.208121247036319,4.755578437679593,3.380489391251242e-10,9.778378318847377,6.831281592343837,4.525647236830701,0.9381447838253605,4.3261692217202345e-10,4.542346343310802e-10,0.13280884933573814,5.014600567093502e-10,5.264412101446218e-10,5.528601859027354e-10,5.805732424136611e-10,6.097975410947151e-10,10.47967856,12.35159295,11.76296914,12.06634853,11.79594453,11.43921857,11.34521152,13.42861511,13.01675116,12.94998772,12.96108345,12.58951717,14.56821499,13.94632911,14.36180279,14.29662798,13.67614032,13.57253764,16.06239292,15.37125254,15.48374993,15.47891571,15.01672656,14.87343956,16.55643435,16.99129107,16.87099228,16.82397362,15.8863927,18.72529218,,0.0,0.0,0.0,0.0,0.0,0.0,0.0,0.0,0.0,0.0,0.0,0.0,0.0,0.0,0.0,0.0,0.0,0.0,0.0,0.0,9.265453372313422e-10,23.59672227641171,9.73552614296029e-10,29.96039071125437,1.0224947340356788e-09,34.606828750397035,1.0737850888740843e-09,42.114040679317604,1.127753856786789e-09,49.484472152513774,1.1844516324457152e-09,54.20440433302591,1.2442925165430322e-09,51.62936228419671,5.221828623931582,50.68692866382188,1.3722901942168047e-09,55.57118227363636,1.4411370692248145e-09,54.79552442732219,1.5141517313414688e-09,53.145588249998625,1.5937134041585613e-09,50.414861863643246,3.907218453656697,53.403089529285225,13.722801566558177,58.579035454178445,1.852989753172657e-09,51.691813106538774,1.670258057264081,53.481655153691456,7.06152719035627,58.220870627346756,12.553935385696306,61.64880801654969,18.451724037319817,60.71281215496201,13.16647764220287,63.68705311053695
2.128026489653287,2.897696899463775,3.78281787074787,4.800706987726952,5.926867944522719,7.266504329127363,8.814586439918694,10.589290605098846,12.605882754350313,14.82646641116445,17.478790216390486,20.552472750788098,24.051600800632723,28.04840764359841,32.68868118552326,36.2109420172034,36.40308216786134,36.71412420552541,37.09592279043428,37.73106961084779,37.8579264753254,38.00381186945861,38.171580072695065,38.36451350639845,38.58638695513446,38.841541421149536,39.13496905702836,39.47241083823088,39.86046888652136,40.30673564183574,3.088322134474362,3.2158381392319386,3.355506419244823,3.508485086344844,3.5855631971013877,3.7558017761373352,3.9568175488176225,4.165601106316242,4.3441165278522735,4.335549907335017,4.512234531781082,4.747493777153123,4.928166824147739,5.0615606730589535,5.283699409355512,5.553745016449088,5.517357784464962,5.631709587877548,5.782385228102402,6.322351611909921,6.924871720649189,7.584811995752371,8.3076445790739,9.099363107586946,9.966532411868208,10.916342950847872,11.956670434193022,13.096141126702388,14.344203376213084,15.711205958097258,5.424072316063817,5.838238981506104,4.205510250218862,3.360162946150707,1.8050249986094768,0.3705320349810793,2.5248128313026636e-10,2.6533918502362363e-10,2.788054940928466e-10,2.9298892286143956e-10,6.509079664922937,8.089945891500264,9.163611461886886,10.253063660617538,11.564596376125529,12.987629938265522,15.863431583878029,16.23263034223975,17.717023041615803,17.3085628766436,16.731070736167016,14.827189938769624,13.481294598183345,9.007257602777925,8.167683986667797,6.288984263854835,4.973435449185266,3.933893640066105,2.5408382976994246,2.7548246196562505,10.64042094,11.95177402,11.34383454,11.66935502,11.31745614,11.39283814,11.51922987,12.99393315,12.58848856,12.54654421,12.43533259,12.53847284,14.09664438,13.44939769,13.88928681,13.85123128,13.62069026,13.7807198,15.54245603,14.82354867,15.00136967,14.85103199,14.95584108,15.10157559,15.96650044,16.4322626,16.34539392,16.14152924,16.13006589,18.1191577,,0.0,0.0,0.0,0.0,0.0,0.0,0.0,0.0,0.0,0.0,0.0,0.0,0.0,0.0,0.0,0.0,0.0,0.0,0.0,0.0,9.265574933190126e-10,16.064771823663158,9.736014845110584e-10,20.85143958003918,1.022559530603481e-09,24.046734707293943,1.0738446536743215e-09,29.913634287933284,1.1277554591038963e-09,35.64769016169535,1.1843234913021638e-09,40.90108569264376,1.243794297381041e-09,44.16318127696624,1.3062545212785152e-09,44.797744336442584,1.37184079810687e-09,45.052875030991224,1.4406162457597683e-09,46.538435430282846,1.5132583890926303e-09,46.512499263067774,1.5893060143302737e-09,45.564781814953704,1.6690754086848606e-09,45.004678170974294,1.7530400013469097e-09,41.36955862783618,1.8408679930079604e-09,40.75410291479736,1.933333341701894e-09,39.614606037035685,2.030531524330393e-09,39.71968102164949,2.132442450508877e-09,40.36091636630383,2.239303899432628e-09,40.6154446718047,2.3520174011865243e-09,40.653608521027785
0.7996757199139867,1.0889046097113004,1.4215178329789757,1.8040230397376937,2.227214939952905,2.7306272308667405,3.3123698371980743,3.9792731101719045,4.737073723353322,5.571530833274635,6.568228458375488,7.723265440025996,9.03817752215267,10.540108726978263,12.283843639714783,13.607448623014387,13.679651583855728,13.796535826886487,13.940009162267234,14.178686403051021,14.22635702882584,14.281178248460854,14.34422265103483,14.416723713987937,14.50009993637541,14.595982592109232,14.70624764618865,14.83305245835814,14.978877992318324,15.146577356289988,3.155741044595112,3.2860407583342557,3.4287580347946918,3.5850762677037586,3.6638370145309906,3.837791947936513,4.043195949474116,4.256537308680193,4.438949770303255,4.430196138135806,4.610737835871692,4.851132854400867,5.0357500430316815,5.172055915857117,5.399044001037827,5.6749847770031705,5.637803201872228,5.754651336179302,5.908616266511658,6.460370262981656,7.076043549170773,7.750390499534799,8.48900271426955,9.298004673069519,10.184104518544071,11.154649679292753,12.217687793861522,13.382033440750153,14.65734122779257,16.054185846935127,7.358188465683445,7.503467372156781,6.3155192024383,6.35038705278156,5.446711385750118,5.30110675144293,4.892447713586696,4.678364581420319,3.4881202866294405,2.518744358890093,9.06733954608156,10.866564158615686,11.761519316209846,12.618119474620185,13.876596177670844,15.052092489915953,16.971923507465913,17.4783612355568,18.10711432698511,17.849840004113496,17.545591799710337,16.58040334061699,16.062242861193113,13.852564419575863,12.184311222784874,10.150232386009867,7.9805177762021895,6.010345693544321,4.199116951893228,3.794892422367086,11.31360523,11.87841274,11.16579507,11.73948636,11.33776334,11.86952593,12.2480135,12.914175,12.66414378,12.52047133,12.45764563,13.06309513,14.01011766,13.23831177,13.97275966,13.82244714,14.19059362,14.65258042,15.44705477,14.5908957,14.97019544,14.87767958,15.58160849,16.05700239,15.71590904,16.53101842,16.31142667,16.1704924,17.15056188,18.00794036,,0.0,0.0,0.0,0.0,0.0,0.0,0.0,0.0,0.0,0.0,0.0,0.0,0.0,0.0,0.0,0.0,0.0,0.0,0.0,0.0,9.265731514795988e-10,7.788660210896906,9.736926421383292e-10,10.377867323639544,1.0226560478037065e-09,11.82532922202057,1.0739408055786293e-09,15.091972348113876,1.127824881084991e-09,17.586724159114265,1.1843621891624944e-09,20.512078750659136,1.2437919037126692e-09,22.098784673955322,1.3061427359187878e-09,22.376967979421845,1.3717706394037021e-09,22.508684986602866,1.4405240348791104e-09,23.898000971027937,1.5131420323921676e-09,23.877796938633168,1.5891649860513793e-09,23.73429250958587,1.668903715248089e-09,23.31385973751934,1.7526055424609355e-09,21.51029041770613,1.8407292065389478e-09,21.152606638831788,1.933142670856183e-09,19.36984623859556,2.030231051014125e-09,18.593026547495715,2.1322738073386923e-09,18.054939193958464,2.2398548476036844e-09,16.684774293376766,2.352279848354255e-09,16.987715267033522
1.9528200000048515e-05,2.6591212500117227e-05,3.471367687521491e-05,4.4054510906599025e-05,5.438892004270748e-05,6.668232304924791e-05,8.088856400678218e-05,9.717444110796603e-05,0.00011568004477435952,0.00013605761149072625,0.00016039711571455881,0.00018860329057197425,0.00022071363915803844,0.0002573910225320175,0.00029997328841180256,0.00033229591893723065,0.00033405912597827604,0.000336913456574939,0.00034041709676085164,0.00034624563047447603,0.00034740975424499417,0.00034874849658094294,0.0003502880502671304,0.0003520585370060759,0.00035409459675565314,0.0003564360654673795,0.00035912875448551135,0.0003622253468558296,0.0003657864280808474,0.00036988167148760214,3.185959071545448,3.317506479631419,3.461590355709953,3.6194054251807413,3.6989203512440456,3.8745410027143614,4.081911865146586,4.297296089990564,4.481455255352464,4.47261780214615,4.654888289985769,4.8975852284272525,5.083970232320063,5.221581311903695,5.450742937935339,5.729326004787985,5.691788394791226,5.809755416871946,5.965194649546745,6.522232006374793,7.1438007167104915,7.824604925142278,8.570289774638658,9.38703839029305,10.281623149020259,11.261461835254579,12.334679148287776,13.510174071254507,14.79769366038532,16.207913866355252,8.65940596044784,8.963143989359054,8.216033490825843,8.56461952053201,7.933242990070433,8.474182725209364,8.741720556548843,9.054122295841113,8.662172914889123,8.559569270543244,12.846910920711377,14.493710593885345,15.351569178726956,15.737672066771115,16.529093262386848,17.049364225324542,17.90879482875256,18.206133436393873,18.59156462217045,18.42864076088985,18.27910781294775,17.774395944975446,17.682324600384888,16.88854769905383,16.7041388130529,16.251296760309373,14.881240495782244,12.564116010489675,11.050953493382393,15.408547078232662,11.84538456,12.28067706,11.67765856,12.184069,11.63221773,12.34879041,12.82371331,13.35151556,13.14374385,13.03232313,12.78118462,13.59055322,14.48457249,13.84518378,14.50191794,14.38752526,14.76357753,15.34130336,15.9701717,15.25977299,15.58219488,15.26406956,16.21075843,16.81173811,16.43635931,17.15705976,16.97825725,16.59045817,17.95669875,18.61778209,,0.0,0.0,0.0,0.0,0.0,0.0,0.0,0.0,0.0,0.0,0.0,0.0,0.0,0.0,0.0,0.0,0.0,0.0,0.0,0.0,9.26614291338897e-10,4.7207749883805485,9.738111815994656e-10,5.80093120619965,1.0227985720266525e-09,5.951187635312123,1.074088005983643e-09,7.114326990355175,1.1279746274697055e-09,7.478218234301019,1.184503464521987e-09,8.391497266756703,1.2439229614423204e-09,8.837339753430902,1.3062882530074452e-09,8.674922407521336,1.3718985285062883e-09,8.586927989652638,1.4406445509580045e-09,9.691446023776633,1.5132730993193867e-09,9.841061060338525,1.5893170877907055e-09,10.33528005958751,1.6690924553979235e-09,10.042206234095529,1.7528269479290076e-09,9.464200038956735,1.8409256673874813e-09,10.549756747797337,1.9333245618162175e-09,10.356055272813256,2.0303716165145645e-09,10.238021524068028,2.132451946927648e-09,9.484194138397283,2.2400414527756166e-09,7.892314191567241,2.351983845312434e-09,12.999048737699757
1.3087320000032513e-05,1.7820777500078563e-05,2.326425362514403e-05,2.9524251168983907e-05,3.6450118344410984e-05,4.4688855096162636e-05,5.42095288606856e-05,6.512392368990005e-05,7.752592474351813e-05,9.118246945518848e-05,0.00010749420737361662,0.00012639729297981434,0.0001479168599269661,0.00017249714141619418,0.00020103473012861154,0.00022269656321758266,0.0002238782212696517,0.00022579112352916962,0.00022813917712744794,0.0002320453172653506,0.0002328254844238382,0.00023372267665600037,0.00023475444772288388,0.00023594098444968594,0.00023730550168536753,0.00023887469650620872,0.00024067927054993919,0.00024275453069987174,0.0002451410798717258,0.0002478856114180071,3.157014399875126,3.2873666901172625,3.430141553621427,3.5865228616194895,3.6653153887517003,3.8393405137318184,4.044827396680221,4.258254840055548,4.44074090590274,4.431983741606521,4.612598288705148,4.853090307673145,5.037781990145057,5.174142862984881,5.4012225388483115,5.677274658120689,5.640078080061958,5.756973363101034,5.911000418954529,6.46297705056941,7.078898763615691,7.753517815916369,8.492428063902334,9.301756458522362,10.188213849150623,11.159150629106161,12.222617684192203,13.3874331496294,14.663255528928065,16.06066378096889,8.760872432998235,8.9517211593082,8.243784582337636,8.548675144352982,7.822177091364393,8.508116857659871,8.857336224050425,9.047999306293528,8.650236958458851,8.476745096224834,13.962827720438877,14.535156076491317,15.39165842679045,15.793208086897183,16.559901268319276,17.06085634563441,17.9252900043561,18.244384295214992,18.611106741384773,18.45784952372081,18.300378962056108,17.78502089603659,17.737419526743427,17.092752929275854,17.04241454123949,16.725685275880828,15.425189245445697,12.872563865789147,12.561720622987227,17.525013638537175,11.91789992,12.23910567,11.6739494,12.13522753,11.48752893,12.34750206,12.90221783,13.30631927,13.09105539,12.90882002,12.62220425,13.58913533,14.43554069,13.84078615,14.44378506,14.25117934,14.76203725,15.43522012,15.91611099,15.25492605,15.43452745,15.07420552,16.20906717,16.91465662,16.43113866,17.08828339,16.81735979,16.38409568,18.06662651,18.55475893,,0.0,0.0,0.0,0.0,0.0,0.0,0.0,0.0,0.0,0.0,0.0,0.0,0.0,0.0,0.0,0.0,0.0,0.0,0.0,0.0,9.708678305742069e-10,5.953329253918982,9.737934479353755e-10,5.7992374520539025,1.0227803260104015e-09,5.9940476444214,1.0740682564512898e-09,7.126737297681295,1.127951233761045e-09,7.517539782588162,1.1844770255909876e-09,8.48717436104363,1.2438893249532874e-09,8.803554713400459,1.3062724825384026e-09,8.566363330238453,1.3718639271112404e-09,8.606224310355152,1.4406003664989851e-09,9.66613257048899,1.5132327896247212e-09,9.944983102082364,1.589264274031899e-09,10.464566915602932,1.669040171177804e-09,10.021015176115188,1.752800649922032e-09,9.480088709855487,1.840860406900339e-09,10.799727037019238,1.9332361741267093e-09,10.79679139086738,2.0302681945812764e-09,10.830687820152109,2.1323382329410166e-09,9.876144091255666,2.2398232626559e-09,9.158594784366798,2.351637391986084e-09,15.031166376557893
2.8572840000070987e-06,3.890714250017152e-06,5.079159037531445e-06,6.445870543176068e-06,7.957957774669831e-06,9.756676740889958e-06,1.1835274102044972e-05,1.4218155067376083e-05,1.692581707751155e-05,1.990737683916942e-05,2.3468630615077555e-05,2.7595639357373077e-05,3.2293890361018255e-05,3.766037066521098e-05,4.389082851499006e-05,4.862013971818428e-05,4.887812474840039e-05,4.9295758383070015e-05,4.9808396262903555e-05,5.0661202774686495e-05,5.083153246321494e-05,5.102741160500113e-05,5.125267261803277e-05,5.151172278299426e-05,5.180963047266925e-05,5.215222431575342e-05,5.25462072352485e-05,5.29992875925898e-05,5.35203300034082e-05,5.4119528775554424e-05,2.9393354666727043,3.060699851290614,3.193630261764429,3.3392289403582156,3.412588653103789,3.5746145919042087,3.765932972653486,3.9646444051699783,4.134547895486475,4.12639454540851,4.294555559848298,4.518465441549287,4.690422469274792,4.817381139409586,5.028803470917585,5.285821552577129,5.251189711451788,5.360024961407282,5.5034317156226775,6.017349070622492,6.590802437171074,7.218905909552746,7.9068676428533555,8.660392129338442,9.485727499386437,10.389717330200384,11.379857391891587,12.464357801463317,13.652211100072172,14.953266818033793,8.84561676623673,9.00844830819812,8.2515827892892,8.68703808399494,7.90612872917288,8.529380441665783,8.992348072331916,9.15688758694768,8.83895477898276,8.558727697515367,13.974330324111392,14.497055775083549,15.448941169101946,15.812114207017443,16.625375340291498,17.084245537099516,17.92669839278911,18.267029922584026,18.618959772710568,18.461593201797807,18.310508532629328,17.81908247552637,17.726190513849005,17.177228459929186,16.990991894759865,16.82302290778863,15.417716144300412,13.061145355880457,12.948546311690462,17.48883810153829,11.78495509,12.06915205,11.44521813,12.02627347,11.31872534,12.10400479,12.75829288,13.12154621,12.9735196,12.68514215,12.43672716,13.32115259,14.23508712,13.56959939,14.31410402,14.00424171,14.47092446,15.26303939,15.69509806,14.95603161,15.16708534,14.85269747,15.88941841,16.72597269,16.10919832,16.93485917,16.52595662,16.14333944,17.86509229,18.29710544,,0.0,0.0,0.0,0.0,0.0,0.0,0.0,0.0,0.0,0.0,0.0,0.0,0.0,0.0,0.0,0.0,0.0,0.0,0.0,0.0,9.704388403974917e-10,5.832182193157867,9.737418940290009e-10,5.694396222868673,1.022721636047874e-09,5.904308812893071,1.0739990502835392e-09,7.059933617455573,1.1278777058701209e-09,7.340118682728022,1.1843928656346596e-09,8.365874000541744,1.2437868567385668e-09,8.707012523126895,1.3061722451119628e-09,8.364064790548644,1.3717539287078009e-09,8.427343237568335,1.4404673504993332e-09,9.522961324504724,1.5131046770428178e-09,9.734276462259174,1.5891154504032983e-09,10.18534194346414,1.6688716144492806e-09,9.743691000396845,1.7526415240411272e-09,9.111699412063334,1.840702427987933e-09,10.367572884904433,1.9330747900240303e-09,10.277933221397358,2.03008138309306e-09,10.27166946364322,2.1321094266703872e-09,9.38221671793821,2.2395765607652643e-09,8.73571864346486,2.351398882545246e-09,14.14505360054184
0.0,0.0,0.0,0.0,0.0,0.0,0.0,0.0,0.0,0.0,0.0,0.0,0.0,0.0,0.0,0.0,0.0,0.0,0.0,0.0,0.0,0.0,0.0,0.0,0.0,0.0,0.0,0.0,0.0,0.0,2.833594702921528,2.950593079349084,3.0787414010519396,3.219102257814829,3.289822900558956,3.4460200570681008,3.6304558781608014,3.8220187905853797,3.9858101085983884,3.9779500702142228,4.14006159683554,4.3559164599206035,4.521687440612608,4.64407885161788,4.847895396354961,5.095667412514092,5.062281430315785,5.167201399901335,5.305449185400928,5.800878683455247,6.353702422102536,6.959210263043887,7.622423001227876,8.348839913361696,9.144484357222717,10.015953716584056,10.970474105893196,12.015960288304802,13.161081303904995,14.415332352287397,8.371237487271577,8.57813093085359,7.853376859160439,8.207297742408521,7.6494116496752875,8.29467133317844,8.499800842098333,8.711975659686999,8.340587141687545,8.093793280086128,11.279105281380913,14.311268661344718,15.209526732676613,15.636110127938846,16.462303219879196,16.970659846317666,17.883921454663206,18.2040442933774,18.577587118322842,18.416623061937262,18.24991989501083,17.775773276840894,17.63249556009388,16.928910508978433,16.61193175588166,16.21928474208632,14.636940659785845,12.614115349414005,11.446861690994579,15.433318807488924,11.20483219,11.52872401,10.93211826,11.4264,10.93923455,11.74069139,12.13025672,12.53399445,12.32639725,12.07174335,12.01975234,12.92130532,13.59767364,12.96126151,13.60011299,13.32705694,14.03656568,14.51170528,14.99230874,14.28553867,14.43367046,14.35472073,15.41248217,15.90262463,15.38700784,16.09014424,15.72683258,15.60209045,16.98567025,17.47780439,,0.0,0.0,0.0,0.0,0.0,0.0,0.0,0.0,0.0,0.0,0.0,0.0,0.0,0.0,0.0,0.0,0.0,0.0,0.0,0.0,1.1425402846043653e-09,3.3994145392195274,9.73728946838983e-10,5.7458798018619905,1.0227090151657888e-09,6.133540533915569,1.073982973997071e-09,7.318927470214972,1.1278621949431446e-09,7.710085626925028,1.1843747739640684e-09,8.739270319557566,1.2437601527364962e-09,8.9096372057405,1.3061328102890976e-09,8.85954041407816,1.3717371444043361e-09,8.890727564563074,1.4404514279830306e-09,9.93196307627462,1.5130758184949313e-09,10.169951858040168,1.5890889269704538e-09,10.380262810858538,1.6688224343190953e-09,9.842436392343915,1.7525759070232886e-09,9.375125793413558,1.8406869190245594e-09,10.369408274232537,1.933084640826657e-09,10.145094219855018,2.030087779575198e-09,9.88058218692362,2.132106485180391e-09,9.027985189026122,2.23963183191356e-09,7.62227274627246,2.351601018989566e-09,12.370846771218083
0.0,0.0,0.0,0.0,0.0,0.0,0.0,0.0,0.0,0.0,0.0,0.0,0.0,0.0,0.0,0.0,0.0,0.0,0.0,0.0,0.0,0.0,0.0,0.0,0.0,0.0,0.0,0.0,0.0,0.0,1.5562331957273154,1.6204896531010662,1.6908697508634982,1.7679570719436521,1.8067974225936971,1.8925821679516428,1.9938758169585922,2.0990837223368617,2.189039242793251,2.1847224459554684,2.2737554113538065,2.39230465308051,2.483347420338362,2.550565776048136,2.662503475688546,2.798581876781535,2.780246024545717,2.837868922907076,2.913795728109116,3.185889627148285,3.4895049086781285,3.822054726538301,4.186296542041059,4.585250602561721,5.022224985050467,5.500843026190592,6.025073366651734,6.599262858559541,7.228172609048777,7.9170174587571704,8.848512814466169,8.493584487101625,8.160647812349106,8.149366644279612,8.463568737640987,8.87154343229509,9.270214363300763,8.896907587935223,8.509419747492226,9.08973968434477,15.03245328357974,14.021705725821501,14.594744657981957,15.092564144842628,15.708346991701438,16.431216988089357,17.384777247107547,17.779905149206808,18.121605587421353,17.960495295665652,17.79216144409326,17.298986294725758,17.073238953663466,16.496663756782077,15.780721128896408,14.997312616485539,14.48992016549501,13.210343834656507,12.737225871042538,12.148269152066174,10.40474601,10.11407414,9.851517563,9.917323716,10.27036616,10.7641256,11.26409018,10.99599131,10.69845899,11.27446213,11.28481679,11.84653857,11.9291501,11.68008728,11.80395602,12.44686823,12.86903394,13.47549032,13.15265435,12.87346439,13.48039519,13.47701591,14.13050461,14.76709044,13.86605728,13.96513067,14.68815011,14.64811648,15.77280069,15.33316343,,0.0,0.0,0.0,0.0,0.0,0.0,0.0,0.0,0.0,0.0,0.0,0.0,0.0,0.0,0.0,0.0,0.0,0.0,0.0,0.0,1.1189253967813784e-09,6.021391905915855,9.737693002226642e-10,4.567471809498653,1.0227357078401851e-09,5.148941978947083,1.074028972273618e-09,5.96304264154924,1.1279189887918163e-09,6.56689444808152,1.1844675224431127e-09,6.782930635596785,1.2438191422668982e-09,7.295989332415217,1.3062615788250108e-09,7.142283752913792,1.3719023902734116e-09,7.882746966370972,1.4407105415659724e-09,8.272920533697059,1.5131670183410322e-09,7.801271163698757,1.5891219809118826e-09,7.644025112238272,1.6688017513950136e-09,7.12903088672737,1.7526812670174591e-09,6.314823920417955,1.8408194303805819e-09,6.936888835076139,1.9332901538385235e-09,6.533024973862388,2.0304188124528047e-09,5.826843423392443,2.132518097949899e-09,5.161490214524755,2.2400214572042567e-09,4.192597791465827,2.352213950395138e-09,4.732123182267538
0.0,0.0,0.0,0.0,0.0,0.0,0.0,0.0,0.0,0.0,0.0,0.0,0.0,0.0,0.0,0.0,0.0,0.0,0.0,0.0,0.0,0.0,0.0,0.0,0.0,0.0,0.0,0.0,0.0,0.0,1.4212793053058137,1.4799635522093733,1.5442404078437213,1.6146428478209012,1.6501150294587763,1.7284606679035308,1.8209703043049086,1.9170547594362122,1.9992094904711888,1.995267038897996,2.0765792172772315,2.1848480708066758,2.267995764453504,2.3293850589173952,2.431615712022117,2.5558936260928165,2.5391478277128163,2.5917737665358627,2.661116328593994,2.9096147084422683,3.186900990213999,3.490612654639064,3.823268040684304,4.187625485020105,4.586706193801532,5.0238192941300115,5.502589272920129,6.026986030689599,6.601357799476888,7.230467197827354,8.492779418887423,8.141367367993077,7.9499618223687385,7.889406866402176,8.210299542775717,8.507443322342928,8.911905965954169,8.543227590835583,8.25342408981405,8.738525901401927,14.920289436675231,13.762443539252,14.348844283071445,14.924543902006336,15.540588002301492,16.26758333012737,17.27632104007097,17.688766631711253,18.051163635265034,17.887759164651023,17.701498033550287,17.193534592428406,16.93430049181474,16.30560149712722,15.542388556899503,14.702737487991685,14.139006333092855,12.98504216744139,12.47084387464779,11.585843029662978,9.914058724,9.62133092,9.49420223,9.504049714,9.860414572,10.23590399,10.73287627,10.46028235,10.25263358,10.73379294,10.83437243,11.26520035,11.34797899,11.25644957,11.31206242,11.84997606,12.23751941,12.83998688,12.51187586,12.4065428,12.83394002,12.9390678,13.43708667,14.07067521,13.36313427,13.38317674,13.98377679,14.06342275,15.02895622,14.58615365,,0.0,0.0,0.0,0.0,0.0,0.0,0.0,0.0,0.0,0.0,0.0,0.0,0.0,0.0,0.0,0.0,0.0,0.0,0.0,0.0,1.1119025700168095e-09,6.16249622492864,9.737696131613103e-10,4.682091260655645,1.0227345191020722e-09,5.268861058152038,1.0740289518275902e-09,5.997479391582435,1.1279200709184148e-09,6.660141295015429,1.184468604493959e-09,6.973500896946445,1.2438234298579689e-09,7.577949458546146,1.3062641960937397e-09,7.440553519047445,1.3719066000972293e-09,8.200404104699972,1.4407197812254207e-09,8.390831073976733,1.5131588286233836e-09,8.054459004692095,1.5891070526317334e-09,7.745079448042037,1.6687916631776554e-09,7.320481863522359,1.752667552840584e-09,6.4225517732219535,1.8408062445480631e-09,6.765960481830634,1.933283308447718e-09,6.343380043308353,2.0304225488007388e-09,5.657818817259176,2.1325407130879444e-09,4.948605449440124,2.240031014385739e-09,4.043245455499702,2.3523014414293834e-09,4.230156578935108
0.0,0.0,0.0,0.0,0.0,0.0,0.0,0.0,0.0,0.0,0.0,0.0,0.0,0.0,0.0,0.0,0.0,0.0,0.0,0.0,0.0,0.0,0.0,0.0,0.0,0.0,0.0,0.0,0.0,0.0,1.309068336764565,1.3631194224319205,1.4223215765641846,1.4871656959860626,1.5198373247396468,1.5919975217035822,1.677203459344804,1.7657019813440398,1.8413705404455576,1.8377393481074802,1.912631874658907,2.0123528285094943,2.0889359551488025,2.1454785230304227,2.239637996489694,2.3541040846553094,2.3386803784553623,2.387151463588721,2.451019383174661,2.679898646794611,2.9352929878868053,3.215026409685536,3.5214184265821142,3.857009602689351,4.224582617879999,4.627185341418483,5.068156104510492,5.551151381325773,6.080176108023749,6.659616891173967,8.29438291542853,7.904854700770366,7.751656877648133,7.755143816236912,8.098160052494753,8.32826185554273,8.71941178091411,8.310411908927557,8.128906939839544,8.60376288219228,14.828072753827845,13.622596725813018,14.18160045758455,14.78371045251308,15.430323985747563,16.167521746211868,17.202197924459288,17.623676496768322,17.9975268774087,17.827235021797236,17.641288195840804,17.122515458177755,16.843941223807978,16.183619608660855,15.369680632052882,14.535022922189256,13.972927105747168,12.914912931373708,12.372464594290275,11.357104032890517,9.603451252,9.267974123,9.173978454,9.242309512,9.617997377,9.920259377,10.39661524,10.07611389,9.97027748,10.44150223,10.56801059,10.91781532,10.93120863,10.8767881,11.0005298,11.5272907,11.86015097,12.43771008,12.05235977,11.98809059,12.48446044,12.62096226,13.02272717,13.62984094,12.9124178,13.01460593,13.60298614,13.71767507,14.558099,14.05045681,,0.0,0.0,0.0,0.0,0.0,0.0,0.0,0.0,0.0,0.0,0.0,0.0,0.0,0.0,0.0,0.0,0.0,0.0,0.0,0.0,1.1070397931689513e-09,6.172694039458654,9.737794336231864e-10,4.71713423491967,1.0227422624772782e-09,5.339327783360683,1.074038418776592e-09,6.052400876202428,1.127930937883395e-09,6.669432182929256,1.1844797976363109e-09,6.994335131593625,1.243842488719187e-09,7.680727333677264,1.3062811266322049e-09,7.5731178811576445,1.371928457972165e-09,8.39618649142464,1.4407492083894117e-09,8.5190430794756,1.5131655431320204e-09,8.09212074465567,1.5891145803304994e-09,7.716579608838082,1.6688067366977522e-09,7.342632481413709,1.7526783276248524e-09,6.410788272425149,1.8408177879676492e-09,6.681845451062804,1.933298141227249e-09,6.147602334794667,2.0304477065540066e-09,5.438097071504143,2.1325920160061957e-09,4.748389244008913,2.24007351481039e-09,3.8945417036894074,2.35235702279288e-09,3.966264115509688
0.0,0.0,0.0,0.0,0.0,0.0,0.0,0.0,0.0,0.0,0.0,0.0,0.0,0.0,0.0,0.0,0.0,0.0,0.0,0.0,0.0,0.0,0.0,0.0,0.0,0.0,0.0,0.0,0.0,0.0,1.2064663000634237,1.2562809747508257,1.3108429879366836,1.3706047609798995,1.4007156558448721,1.467220087583018,1.5457477621454558,1.6273099551944366,1.6970477709878968,1.6937011839061509,1.7627237909567652,1.8546288251341758,1.925209526575763,1.9773204063154906,2.064099857295946,2.1695943330184466,2.155379504632706,2.2000515275504977,2.2589136132579877,2.469853799179286,2.705230866289612,2.963039367895967,3.245417019705802,3.554705261733497,3.8934686732267916,4.264516237835553,4.670924635351811,5.116063753151924,5.603624628880415,6.1376500560639204,8.26524870912965,7.784273202451378,7.719714778275611,7.718918605243046,7.743870132389276,8.30487957166326,8.708250938113427,8.201553650077052,8.108409404297147,8.55019606639351,14.595628490219637,13.578378315090227,14.083553816474751,14.723574767350309,15.368264003292351,16.097540796342468,17.155704055354708,17.584217095901437,17.957864733970098,17.787378912850652,17.59661448789736,17.02404400831501,16.792937380098707,16.141352670669182,15.294256692609755,14.478163335304997,13.902909952568258,12.653698692292014,12.486726836692037,11.308946576338531,9.471715009,9.040554177,9.030557766,9.089523366,9.144585788,9.772099659,10.2539987,9.828863605,9.805457175,10.24389725,10.04783799,10.75475704,10.66297581,10.70674667,10.81867822,11.30913721,11.68301884,12.26709462,11.75661585,11.80067569,12.24819256,11.99974044,12.82823189,13.44287232,12.7105525,12.79945932,13.34555021,13.04247148,14.35839691,13.70568307,,0.0,0.0,0.0,0.0,0.0,0.0,0.0,0.0,0.0,0.0,0.0,0.0,0.0,0.0,0.0,0.0,0.0,0.0,0.0,0.0,1.1022285306694357e-09,6.310514292144062,9.737834982632855e-10,4.678250100821621,1.0227430624035754e-09,5.345787533677978,1.0740406700372389e-09,5.994148504324796,1.1279359310343606e-09,6.6136856412803855,1.1844811411075482e-09,6.957997920087477,1.2438467621922681e-09,7.6280647207501255,1.3062966708096477e-09,7.517174004252652,1.3719339253542162e-09,8.460162498069574,1.4407597953494314e-09,8.456557022913824,1.513159266113607e-09,8.05365279511519,1.5891047751849558e-09,7.987342937186192,1.6688000576088973e-09,7.210122510828257,1.752689074050719e-09,6.253185613477773,1.8408098597106565e-09,6.477172866966617,1.9332957784123548e-09,5.943220254327649,2.03045313344358e-09,5.228284379166756,2.1325786779155193e-09,4.7272909667538485,2.240105549765621e-09,3.7319545569480286,2.352368286708695e-09,3.7409135638479163
0.0,0.0,0.0,0.0,0.0,0.0,0.0,0.0,0.0,0.0,0.0,0.0,0.0,0.0,0.0,0.0,0.0,0.0,0.0,0.0,0.0,0.0,0.0,0.0,0.0,0.0,0.0,0.0,0.0,0.0,1.1371894372926528,1.1841436886245842,1.235572680109152,1.2919028544829023,1.320284742635167,1.3829704034793975,1.4569889169205643,1.5338677028533743,1.599601082638632,1.5964466609360604,1.6615059001939108,1.7481336278768784,1.8146614937210048,1.8637800990272042,1.945576561161158,2.0450134069960124,2.0316148125285647,2.0737217098384506,2.129203858092449,2.328031584418198,2.5498929944590047,2.7928977968770914,3.0590609569659946,3.35058946621173,3.669900642388924,4.01964217365595,4.402714072852991,4.822292724044034,5.2818572206954935,5.7852182138760355,8.291016354900439,7.718246758577571,7.693601497103122,7.659862510739995,7.880145844599062,8.364650693766906,8.749907063338327,8.14478470541805,8.057247620646343,8.501991359363526,14.63627514079026,13.596842068373634,14.02937721190406,14.688413568071768,15.317539773649482,16.0499066351727,17.134773967079195,17.56259925528257,17.932326572606964,17.7613027274836,17.56629465442553,17.015521553464204,16.77627575842366,16.129018413714938,15.262877510367796,14.430661118939309,13.86797405403754,12.811466892757645,12.61319238206205,11.329866879683959,9.428205792,8.902390447,8.929174177,8.951765365,9.200430587,9.747621097,10.20689598,9.678652408,9.656848703,10.09843802,10.10919883,10.72781697,10.50001716,10.58654497,10.65471368,11.14855201,11.65375353,12.21074457,11.57694347,11.66819275,12.07427315,12.0730213,12.79609789,13.38112121,12.56785462,12.60547468,13.15604876,13.12212016,14.29244026,13.49622376,,0.0,0.0,0.0,0.0,0.0,0.0,0.0,0.0,0.0,0.0,0.0,0.0,0.0,0.0,0.0,0.0,0.0,0.0,0.0,0.0,1.100477042825787e-09,6.18858221195034,9.737923333106653e-10,4.617158726847722,1.0227475752894262e-09,5.344021546252615,1.0740481387448105e-09,5.9656486977580325,1.1279434906871565e-09,6.60840265550283,1.1844885788483574e-09,6.946368032895372,1.2438597489393363e-09,7.512635250370491,1.3063108310826107e-09,7.425576395921782,1.371946205466484e-09,8.484586961541035,1.4407806058254927e-09,8.4211415627858,1.513164822615843e-09,8.041914499812883,1.5891089165078687e-09,7.735398051316471,1.6688111940381302e-09,7.03923882641344,1.7527017672661633e-09,6.0984866710018215,1.8408177411594391e-09,6.364923533886911,1.933302339403173e-09,5.844828613782512,2.0304658105770057e-09,5.114639368137375,2.132619465710994e-09,4.511639458111587,2.240146104904483e-09,3.602609344133217,2.3523764731185465e-09,3.618861335005633
0.0,0.0,0.0,0.0,0.0,0.0,0.0,0.0,0.0,0.0,0.0,0.0,0.0,0.0,0.0,0.0,0.0,0.0,0.0,0.0,0.0,0.0,0.0,0.0,0.0,0.0,0.0,0.0,0.0,0.0,1.096963456752205,1.1422567879784538,1.1918665736712422,1.2462041719412318,1.2735821031070225,1.3340503742265575,1.4054506191684972,1.4796099597340788,1.5430181423539506,1.539975302505609,1.6027331910768112,1.6862966225451266,1.7504711877437473,1.7978523129112591,1.8767553759454894,1.972674826617864,1.9597501827365207,2.000367626155735,2.053887195667074,2.2456817576071932,2.459695229151293,2.6941041845339226,2.950852313364876,3.2320685388737664,3.540084670673983,3.8774547398348997,4.2469761765871095,4.651713006262311,5.095021255807401,5.580576781532401,8.37233437444094,7.691663138223684,7.609959924540974,7.666738483281668,7.938271284127242,8.555288714019872,8.845931261090449,8.12460150153732,8.071949991931016,8.54062338779398,14.642934844166039,13.696256760519308,14.016179200692504,14.644102421689052,15.307853886516341,16.037766675070124,17.142864962038416,17.558298515784937,17.918696531865216,17.741259207505895,17.554835889266787,17.005320514761745,16.79829751168234,16.160784731442632,15.227287987363157,14.45522629613455,13.896907269532681,12.867849860529923,12.800283953259301,11.433342039205968,9.469297831,8.833919926,8.801826498,8.912942655,9.211853387,9.889339088,10.25138188,9.604211461,9.614968134,10.08059869,10.12174991,10.88378576,10.41925889,10.43555991,10.6085055,11.1288576,11.82318426,12.26396407,11.48790228,11.50178125,12.05294341,12.08801057,12.98213685,13.4394417,12.38861217,12.55080628,13.13280802,13.13841194,14.35473265,13.39242091,,0.0,0.0,0.0,0.0,0.0,0.0,0.0,0.0,0.0,0.0,0.0,0.0,0.0,0.0,0.0,0.0,0.0,0.0,0.0,0.0,1.0973861819252306e-09,6.123918126206274,9.738010735961653e-10,4.49876762366152,1.0227565181575051e-09,5.347391499063849,1.0740563507821237e-09,6.006394825259469,1.1279557846250806e-09,6.576103763154049,1.1844981354872487e-09,6.881583902414652,1.2438684658615142e-09,7.279430885537543,1.3063440225151897e-09,7.294702072741426,1.371970304247472e-09,8.484681448373996,1.440803207897525e-09,8.485159715997233,1.513175065185368e-09,7.961587709346454,1.5891059388984645e-09,7.611414130270827,1.6688182396991919e-09,6.767012976070879,1.7527463520839908e-09,5.953411571391576,1.8408312953294233e-09,6.3787604891674885,1.933319536997389e-09,5.781874757156785,2.030487762673956e-09,5.011075427366683,2.1326467460189037e-09,4.381150928102153,2.2401891720124607e-09,3.5405725604424116,2.3523617215414645e-09,3.621497912184096
0.0,0.0,0.0,0.0,0.0,0.0,0.0,0.0,0.0,0.0,0.0,0.0,0.0,0.0,0.0,0.0,0.0,0.0,0.0,0.0,0.0,0.0,0.0,0.0,0.0,0.0,0.0,0.0,0.0,0.0,1.066479220061866,1.1105138652114763,1.1587450120445042,1.211572587171379,1.2381896950584976,1.2969775737477132,1.3663936304715671,1.4384921085018607,1.5001381995632668,1.4971799191864161,1.5581937876468164,1.6394350201322423,1.701826196264461,1.7478906162807024,1.8246009903658862,1.9178548725368625,1.9052894000579865,1.9447780987124357,1.9968103778181499,2.1832750349322567,2.3913411458042084,2.619235957042624,2.86884914379241,3.142250467239788,3.44170693681202,3.7697016079346226,4.128954171215459,4.522443503777451,4.953432369734393,5.42549447461534,8.800444518131581,7.8163303399907464,7.744465075167803,7.745202160051571,7.947010492175767,9.111564696499089,9.315454699787688,8.266746352769621,8.162114448721743,8.675359971113242,14.630821413735529,14.023942231857504,14.093916700530528,14.709980046420474,15.336528259183542,16.05895456286819,17.211069652444397,17.601728481405726,17.919402136141873,17.744883380880857,17.558684162060143,16.99546172545796,16.913416296031823,16.348217385997927,15.336237729344855,14.569201789423627,14.02814281649531,12.904773102273012,13.413157006354396,11.772840237837787,9.866923738,8.926844205,8.903210087,8.956774747,9.185200187,10.40854227,10.68184833,9.705238461,9.662252648,10.17253989,10.09246406,11.4551987,10.52885939,10.55576161,10.66067603,11.23035956,12.44391684,12.77894099,11.60874389,11.63426419,12.16287361,12.05303561,13.66371595,14.00377818,12.53131005,12.61252867,13.25258724,13.10039779,14.95750317,13.5332962,,0.0,0.0,0.0,0.0,0.0,0.0,0.0,0.0,0.0,0.0,0.0,0.0,0.0,0.0,0.0,0.0,0.0,0.0,0.0,0.0,1.0970762076567553e-09,6.096551142345502,9.738176720229153e-10,4.208178552586432,1.0227661002610278e-09,5.266883507422518,1.0740685630914866e-09,5.902109053360262,1.1279694812685583e-09,6.5004532202416225,1.1845122028364835e-09,6.746449876131663,1.2438841927731388e-09,6.672442213264566,1.3063950671877856e-09,6.767565590918614,1.3719955809602828e-09,8.307468624801684,1.4408324071716282e-09,8.293894226697203,1.513193190880758e-09,7.787151698792678,1.5891141795040154e-09,7.561662073475782,1.668838304932172e-09,6.118549490847437,1.7528178481567782e-09,5.486689674312602,1.8408467143688666e-09,6.246634617287175,1.9333311622549996e-09,5.726374728545589,2.0305101180456385e-09,4.90450974895763,2.1326653640943375e-09,4.326818817360442,2.2402370415918017e-09,3.409086207464189,2.3523025136806953e-09,3.665038513898757
0.0,0.0,0.0,0.0,0.0,0.0,0.0,0.0,0.0,0.0,0.0,0.0,0.0,0.0,0.0,0.0,0.0,0.0,0.0,0.0,0.0,0.0,0.0,0.0,0.0,0.0,0.0,0.0,0.0,0.0,1.0435197770216107,1.0866064328357592,1.1337992469496414,1.185489536249222,1.211533624089691,1.2690559019806609,1.3369775517151898,1.4075238748900614,1.467842832811174,1.4649482390664972,1.5246485850397917,1.6041408350652866,1.665188837671312,1.710261570828916,1.7853205039565319,1.8765667922093976,1.8642718325021028,1.9029104081438992,1.9538225227626642,2.1362729200642043,2.3398597293883068,2.5628483616413553,2.8070878105484613,3.0746032789367446,3.3676129714627434,3.6885464876866036,4.040064968006842,4.425083159502081,4.846793584648569,5.308693013309863,9.310465483172187,7.840237772366482,7.697700496262634,7.812612610973777,7.804862967144474,9.733413588266568,9.872159468544446,8.297714586381437,8.238992356473881,8.711708421233178,12.338805852296304,14.40699935695844,14.125066899059767,14.705116619461709,15.366925682866855,16.060158656794346,17.303771077479055,17.666018734693505,17.916478027099455,17.73707954879568,17.554385899960256,16.9601802699942,17.06161749258857,16.57822155029754,15.34803469103849,14.652469273732601,14.047661047985512,12.757582591064706,14.105455783546926,11.9507225706535,10.35398526,8.926844205,8.831499743,8.998102147,9.016396591,11.00246949,11.20913702,9.705238461,9.706835189,10.17665666,9.906986963,12.10884972,10.52885939,10.47074089,10.70986539,11.23490443,13.15398562,13.40974858,11.60874389,11.54055675,12.16779585,11.83152756,14.44338831,14.69504748,12.4303774,12.67072406,13.25795048,12.85964155,15.69585126,13.5332962,,0.0,0.0,0.0,0.0,0.0,0.0,0.0,0.0,0.0,0.0,0.0,0.0,0.0,0.0,0.0,0.0,0.0,0.0,0.0,0.0,9.273091846794676e-10,3.95646747515021,9.738338954082879e-10,3.9022904726199554,1.0227687302970942e-09,5.261396347358601,1.0740720117722145e-09,5.944637300949765,1.1279766422484146e-09,6.44238079751555,1.1845157143253542e-09,6.701821019730337,1.2439012361276451e-09,6.014057290742854,1.3064389667832462e-09,6.159180563637474,1.3720136372724424e-09,8.261556660703807,1.4408503323201987e-09,8.332795719744068,1.5132000825822979e-09,7.726449780276893,1.5890966452229678e-09,7.691501072610886,1.6688630230516138e-09,5.425316994159724,1.7528754106197085e-09,4.957777350308786,1.840847520212318e-09,6.285270263631629,1.933331701631837e-09,5.670291702606531,2.030520773592478e-09,4.829775537239227,2.13265120219659e-09,4.323024201876906,2.2402469337209344e-09,3.256398109570468,2.3522347573113098e-09,3.726119385408982
0.0,0.0,0.0,0.0,0.0,0.0,0.0,0.0,0.0,0.0,0.0,0.0,0.0,0.0,0.0,0.0,0.0,0.0,0.0,0.0,0.0,0.0,0.0,0.0,0.0,0.0,0.0,0.0,0.0,0.0,1.094893278222182,1.1401011323240282,1.1896172949224575,1.243852347817194,1.2711786116234687,1.3315327676228976,1.4027982667324146,1.4768176545277425,1.5401061738557522,1.5370690764245218,1.5997085289323256,1.6831142603235274,1.7471677159207022,1.7944594238998417,1.8732135818579354,1.968952014296593,1.956051761674691,1.9965925522584866,2.0500111201703133,2.2414437293198817,2.4550533167681174,2.6890198979005464,2.945283494215255,3.225969011259101,3.5334038580775533,3.8701372457979444,4.238961325368345,4.642934339722311,5.085405982346049,5.570045172510093,9.827128991971977,7.869885847878234,7.724720259289837,7.880736691405853,7.935597975610793,10.405293582624799,10.421290823527608,8.318813384743786,8.303178612429367,8.826214513875254,12.466958841041505,14.84301898634661,14.152471159777141,14.724484153120898,15.401983316818491,16.106423315091753,17.43894538393718,17.750044504189145,17.92394385530531,17.74010686121564,17.56464574961591,16.96339287690896,17.230044066131196,16.71972963593918,15.10345178057461,14.3606123474471,13.829338035005845,12.589144206064695,14.350335362393587,11.326531007645725,10.92202227,9.00998698,8.914337554,9.124589039,9.206776587,11.73682635,11.82408909,9.795631039,9.843284786,10.36328359,10.11617165,12.91705163,10.62692301,10.56895448,10.86041465,11.44093828,14.03194484,14.1454299,11.71686532,11.648805,12.39093774,12.08134867,15.40740838,15.50124245,12.54697201,12.84883723,13.50108442,13.13117115,16.55695201,13.65934252,,0.0,0.0,0.0,0.0,0.0,0.0,0.0,0.0,0.0,0.0,0.0,0.0,0.0,0.0,0.0,0.0,0.0,0.0,0.0,0.0,9.272848458077888e-10,3.9504957207879223,9.738194716178906e-10,3.609081617265793,1.0227715190288518e-09,5.2727158663252895,1.0740720177322148e-09,5.949989097679794,1.1279828417227423e-09,6.41478224936847,1.1845063449119547e-09,6.634437050114771,1.2438772684735824e-09,5.363052306372904,1.3064777332497627e-09,5.60120715724718,1.3720551021424834e-09,8.257089656317211,1.4408779045200156e-09,8.332745591419588,1.5132204007234652e-09,7.628761327312154,1.5890233525533645e-09,7.571064105784526,1.6688040587657844e-09,4.7679191813683515,1.752940425889483e-09,4.444456198272197,1.8409050950192966e-09,6.089883629782414,1.933422615885893e-09,5.3819123644322024,2.0306274657148617e-09,4.5672149416208505,2.132682559313252e-09,4.1009073970967975,2.240761667883522e-09,2.8787893361143198,2.352695407095798e-09,3.2372336616015995
0.7718566136179177,1.0510238133716334,1.3720660930891446,1.7412647147651428,2.1497346218492024,2.6356342139490914,3.197139167692668,3.8408422201545505,4.572280477590582,5.3777085067703805,6.339733030653777,7.454588604055598,8.723757545466931,10.173439591294773,11.856513481467296,13.134072915543047,13.203764080924659,13.316582156757596,13.455064344016407,13.685438484722914,13.731450745522272,13.78436484543572,13.845216060330111,13.91519495745194,13.99567068913374,14.08821778055645,14.194646935678593,14.317040464047974,14.457793021639242,14.619658462789525,1.1977248683533264,1.2471786116355845,1.301345296653383,1.3606740667541177,1.3905667936261858,1.4565893685993083,1.534548072188828,1.6155193077111658,1.684751839308675,1.681429499868521,1.749952004756353,1.8411911425220415,1.9112604526535937,1.9629937638722825,2.0491444557696656,2.153874573005508,2.139762737924759,2.184111090436119,2.2425466918709036,2.451958514148685,2.6856301605952426,2.941570714948569,3.2219024041321602,3.5289497032953263,3.8652586100691004,4.233617755658569,4.637081527822994,5.078995397475242,5.563023658907361,6.093179813652063,9.444336668222823,7.136057249194899,6.677370152469639,6.543625969703726,6.07134996175876,8.166382647699256,7.624924180378512,4.800537522405824,4.148262693385993,3.9436172736611246,9.048770337066331,11.256472199327789,11.23453838535119,12.1189015788395,13.097926277790632,14.174633080730088,16.057884774074648,16.856050966508068,17.457424640019582,17.17301000620722,16.75605983594131,15.226646008105655,14.576618146350691,13.4360265467226,11.080156917986407,9.177772769050003,7.610701077662127,5.461264885311043,5.668749069911296,4.14948439620558,11.41391815,9.434259674,9.350781542,9.645564751,9.611651377,12.25860623,12.35661142,10.25689905,10.40529501,11.00275528,10.56103776,13.49130036,11.12733586,11.08640814,11.48049871,12.14690719,14.65575798,14.78249861,12.26860263,12.21912791,13.15552685,12.61263489,16.09237,16.19937299,13.16126897,13.58245188,14.3341757,13.70862408,17.30262861,14.30254944,,0.0,0.0,0.0,0.0,0.0,0.0,0.0,0.0,0.0,0.0,0.0,0.0,0.0,0.0,0.0,0.0,0.0,0.0,0.0,0.0,9.266549502154169e-10,6.577417613044891,9.73601047612201e-10,7.06095158650078,1.0225887915407859e-09,10.74222052409889,1.0738704271466853e-09,13.168926794665268,1.1277717803432584e-09,15.523085505719173,1.1842671957324357e-09,17.315673380004494,1.2436000070403552e-09,16.745653613684457,1.3062252812565624e-09,17.574245604500643,1.3718695982498341e-09,20.886433046747822,1.4406552903276553e-09,21.09127909596215,1.5129669138397156e-09,20.01761389298605,1.5887200322569803e-09,19.339946679464177,1.6683381593758251e-09,15.551366611833796,1.7524100583909675e-09,14.680798218542625,1.840480507762073e-09,15.779817248318471,1.932923582474829e-09,13.917156426450964,2.0299252441285078e-09,12.108253842408871,2.1317416086287768e-09,11.148676668142468,2.239169109629713e-09,8.386937141830298,2.3513081187628812e-09,10.559773234090873
2.0365070527490596,2.773076463652725,3.6201312861938875,4.594244332118494,5.671972801287538,6.953995820564475,8.435499999290585,10.133879961431639,12.063745099124594,14.188828738970676,16.727084800058098,19.668578333924867,23.017220367578147,26.842137662428872,31.28284826483987,34.6536282152845,34.83750504850706,35.13517018871287,35.500548869230705,36.10838010892265,36.22978127589796,36.36939261790422,36.52994566119539,36.71458166096251,36.92691306067279,37.17109417030963,37.451902446355135,37.774831963751836,38.146200908669606,38.57327519511482,1.2891378958943436,1.3423660589253397,1.4006668658939874,1.4645237397675441,1.4966979460820398,1.5677595109131959,1.6516681962611208,1.7388193366834963,1.8133358491725087,1.809759941392273,1.8835122363529306,1.981714948169528,2.0571321039925885,2.1128138166582002,2.205539721093268,2.3182630739579375,2.303074192217329,2.350807309691525,2.4137028462787606,2.6390974448878133,2.890603431437488,3.16607793850579,3.4678051660981235,3.798286998480414,4.160263749489123,4.556736884869126,4.990993910051146,5.466635629733608,5.987606005303973,6.558224857664151,8.24901559155011,5.635493312623612,4.566132971123822,4.072706718336679,2.88973902286434,3.8321884587695427,2.4434615747079644,2.6554507216031104e-10,2.7900453851837485e-10,2.931713909129946e-10,6.09951698283196,7.800880933680246,8.896828159041469,9.692651191608261,10.240551710606804,8.919180871469067,0.9511123001886747,9.03097321739093,8.461084187856322,6.252841189784386,1.2436798714774064,4.1181605816668865e-10,4.3261878086292293e-10,1.1193180609326756e-09,4.776864652114387e-10,5.015218603507002e-10,5.267007469424087e-10,5.530116431900859e-10,5.810654729525243e-10,6.102992091954373e-10,11.57466054,9.750935835,9.586931123,10.13147479,10.05840977,12.35394379,12.53062977,10.60118843,10.92947762,11.42952715,11.0519245,13.59622482,11.50084285,11.36639015,12.05884635,12.61805812,14.76973865,14.99068077,12.68041809,12.52771623,13.66579985,13.19888175,16.21752348,16.42750902,13.49365062,14.26668861,14.8901658,14.34581353,17.5463018,14.78263761,,0.0,0.0,0.0,0.0,0.0,0.0,0.0,0.0,0.0,0.0,0.0,0.0,0.0,0.0,0.0,0.0,0.0,0.0,0.0,0.0,9.265600200385538e-10,13.658189519811513,9.734122556022467e-10,15.854949396370225,1.0224090296707031e-09,22.47033778123937,1.0736977893107865e-09,27.281212521354036,1.127642619996622e-09,31.67009334723128,1.184268862855237e-09,33.27301404143723,1.2445595944659117e-09,23.321952891673945,1.3063730620305453e-09,31.52626994659409,1.372100038667421e-09,33.69491781420643,1.4408847079604255e-09,32.47260251447791,1.5150809766849136e-09,26.698264729740753,12.102518010992018,32.75289366000455,14.159419863015113,31.150885332279387,3.0327037907844346e-09,24.085359642433758,4.828799449013369,30.256169913854,8.360279077388501,31.976566655324497,14.850123754200489,34.91917193718099,25.918709809208448,39.17006967856313,17.0222026209736,34.875181326255145,19.850818135605113,38.64287801872535
3.166484275459867,4.311746922236758,5.628798966033211,7.143408816402661,8.819126190537244,10.812493081085506,13.116025337274731,15.756769171977494,18.757440151247568,22.061648658910812,26.008282624000444,30.581894588065516,35.7885656523241,41.73577828423228,48.64046357634603,53.88155601190143,54.16745882782079,54.63028658210816,55.198399442255756,56.14349219802093,56.33225407131317,56.5493302255754,56.798967802952056,57.086051016907625,57.41619671292247,57.79586426329293,58.23248194616164,58.73459228137416,59.312019166731055,59.976060084564615,1.4593015631562367,1.519555739038003,1.5855521378822042,1.6578379935371599,1.6942591318169262,1.7747006834683825,1.8696851502818903,1.9683400698636235,2.0526926154698693,2.0486446948944055,2.132132147761332,2.243297424429211,2.328669496518549,2.391701085761973,2.4966666272437044,2.6242692410242134,2.6070754567616787,2.661109251878756,2.732306875615996,2.9874531180193156,3.2721574002252685,3.5839940005259505,3.9255486288357657,4.299653413223968,4.709410383564802,5.158217193179306,5.649795291750412,6.188220783116019,6.77795822381122,7.423897642602361,6.760334761576615,4.013780140926333,2.5629833452958115,1.475500050282418,2.2887080783908905e-10,2.4097560912853065e-10,2.5265464846479237e-10,2.6543842414705057e-10,2.7891920338578157e-10,2.9309732182562944e-10,4.599110220840464,4.954723397675552,6.6984354025735735,5.409704267804439,0.7506213852994901,3.0601319886156306e-10,3.2153200641149977e-10,3.3795262888816724e-10,3.5505411353591467e-10,3.730238673341812e-10,3.9187663736934683e-10,4.116410530929686e-10,4.3244617199351416e-10,4.5430132440386187e-10,4.771930457169376e-10,5.012222686359308e-10,5.264447459472662e-10,5.529106089590001e-10,5.808135096675153e-10,6.10024255542216e-10,11.3861206,9.845082802,9.777334449,10.27674686,10.21959816,12.50854523,12.32651802,10.70354473,11.08619201,11.62438762,11.22903421,13.76637259,11.61188547,11.59213481,12.2317544,12.83318169,14.95457217,14.74649719,12.80284972,12.77652565,13.89878623,13.41039695,16.42047508,16.1599209,13.76164419,14.47125423,15.14402623,14.57570859,17.26048964,14.92536653,,0.0,0.0,0.0,0.0,0.0,0.0,0.0,0.0,0.0,0.0,0.0,0.0,0.0,0.0,0.0,0.0,0.0,0.0,0.0,0.0,9.266569264630247e-10,21.51049078317121,9.736495075963872e-10,24.013542820766197,1.0224681907836416e-09,33.203785082043616,1.074083838533489e-09,37.945048828457686,1.1297384654783535e-09,39.655997189581655,10.720469757570136,48.56935391865742,19.511992978571072,48.146994365638484,15.691748656847631,49.146760536178014,16.974132202666,51.85896600111135,18.338497710175613,53.19152172559916,22.650387508622963,52.702569586808366,27.822486350770394,51.40360994344284,28.86192874170233,48.84114094531331,25.145250341474018,52.0922649613632,26.271609994169687,53.467262327861725,28.40362034253434,53.062382262909715,31.739265480734087,52.355304848550425,36.57197234791798,50.05346763246266,33.486711613778375,51.397277899851176,33.62185041246302,50.76488685318107
3.938489303397785,5.362972828823393,7.001128883066607,8.885008345450695,10.969274168178769,13.448634080689772,16.313779258053852,19.598349917884462,23.330599797178433,27.44039120352852,32.34923467273365,38.03791657712946,44.51400062144864,51.911174047298296,60.49925685480525,67.0181543764284,67.37376175810289,67.94942928113572,68.65605095620754,69.83156214953544,70.0663451309677,70.33634555958513,70.64684605246418,71.0039216192408,71.41455852099155,71.88679095794693,72.42985826037432,73.05438565805824,73.7725921652237,74.59852964805745,1.6246439250480764,1.691725043356047,1.765198992239772,1.8456750084531204,1.8862227489225953,1.9757785210203926,2.0815249553959823,2.191357713628565,2.285267604662414,2.280761044991649,2.3737078262070597,2.497468394943888,2.5925133272529615,2.6626865465079117,2.7795449352146604,2.9216052307236873,2.9024633495279333,2.962619303033791,3.041883788047011,3.3259387107477396,3.6429006699473634,3.99006910385927,4.3703226895235145,4.786814441902075,5.242997858282798,5.742655554244812,6.289930628632386,6.889361017609846,7.545917122659588,8.265043024517995,5.523257201746158,2.6815657080211137,1.0691166799044276,2.176371487555224e-10,2.2867462341793369e-10,2.4037914212059087e-10,2.525803586158095e-10,2.6539443624928804e-10,2.788782481859236e-10,2.9304821376437383e-10,3.3606685579617337,2.1039929494620346,3.3828965889643077,2.7711540152986636e-10,2.9113877170263077e-10,3.0592709443857937e-10,3.214892595977204e-10,3.378431616628729e-10,3.549680355711167e-10,3.729401983881971e-10,3.918122806280145e-10,4.116069136235437e-10,4.324113280490653e-10,4.5423318429264996e-10,4.77132619563793e-10,5.011665821304056e-10,5.263938144228282e-10,5.528794216016547e-10,5.807580435991131e-10,6.099680416733975e-10,11.08639043,9.73626358,9.835444555,10.27799921,10.34905656,12.41063098,12.00203267,10.5852368,11.08754299,11.62713214,11.3712798,13.65861233,11.48353751,11.66103091,12.23324499,12.8362116,14.83751094,14.3583079,12.66133784,12.852461,13.90206773,13.5802753,16.29193907,15.7345244,13.84343444,14.47301773,15.14760173,14.76034871,16.80612159,14.76039414,,0.0,0.0,0.0,0.0,0.0,0.0,0.0,0.0,0.0,0.0,0.0,0.0,0.0,0.0,0.0,0.0,0.0,0.0,0.0,0.0,9.271269467183407e-10,26.712331257471824,9.772518043041219e-10,28.980765592133416,1.0224477367708473e-09,39.00587302829345,2.2487320739667545,44.13668711242137,12.547520190142441,56.383953305347305,19.795563019223913,61.88844224050336,24.76898004724185,57.229504435326554,24.046476336070654,61.11321945281376,24.35826808861666,62.48799386837754,25.537896235209267,63.196697430350255,28.380114997732942,61.02754247207932,31.143670028028264,56.81055568067294,31.90155666124187,54.141327888114425,30.590288299437336,59.542148070753306,31.512307015210094,59.67526622624741,33.3900652852066,59.003335168943195,35.62155678175812,57.03131759415787,38.99284274366192,53.405804965052205,37.95031904699056,56.57428060728408,37.465816935675456,54.64507319424534
4.483545518699139,6.105166458832914,7.9700305399910425,10.114624233327888,12.487336197077104,15.309820192499105,18.57147912586494,22.31060875864811,26.559372924780924,31.23792742201732,36.82611655823327,43.30206768948423,50.67439127827161,59.09527583822109,68.87188235397223,76.29294447155046,76.69776514254923,77.35310056289119,78.15751316900153,79.4957059472526,79.76298106295732,80.07034744598397,80.42381878642934,80.83031082790247,81.29777667554833,81.83536240027509,82.4535859836297,83.16454310436502,83.98214379301594,84.92238458450169,1.63485531871819,1.702358062772155,1.7762938183354746,1.8572756514049888,1.8980782470670288,1.9881969051180017,2.094607988807802,2.2051310801742465,2.299631224156498,2.2950963393529538,2.3886273200712385,2.5131657625739576,2.6088080819197805,2.679422361739365,2.7970152418582575,2.9399684306222125,2.9207062367342664,2.9812402891659127,3.061002976183923,3.346843272648656,3.665797436597848,4.01514793237196,4.3977915303938815,4.816901063307808,5.275951734708922,5.778749935094771,6.329464803977775,6.932662799866082,7.5933455647652925,8.316991397156807,4.824167452774322,1.884722295595203,0.14723030288437325,2.1755128698138126e-10,2.2864606805077148e-10,2.403438506382122e-10,2.525561914073448e-10,2.65379230616345e-10,2.788595112265126e-10,2.9302725840816475e-10,2.6882458469519492,0.025480520982390734,1.3544244793167162,2.770553546822094e-10,2.9112684061739064e-10,3.0591748410569443e-10,3.2148134310548576e-10,3.378314131998912e-10,3.549555457279488e-10,3.729260769697868e-10,3.9179943061977844e-10,4.115987913252695e-10,4.324019873025484e-10,4.542236904128279e-10,4.771238611523233e-10,5.011569246572591e-10,5.263847533408744e-10,5.528747574616755e-10,5.807546181502359e-10,6.099674556334873e-10,10.94256829,9.692246817,9.893554661,10.26297106,10.45947696,12.28694983,11.84633204,10.5373819,11.07133116,11.70672303,11.49260692,13.52249412,11.43162148,11.72992701,12.21535795,12.92407898,14.68964413,14.17203965,12.60409708,12.92839634,13.99723118,13.72517155,16.12957779,15.5304027,13.92522469,14.45185577,15.25129121,14.91783587,16.5880982,14.69366374,,0.0,0.0,0.0,0.0,0.0,0.0,0.0,0.0,0.0,0.0,0.0,0.0,0.0,0.0,0.0,0.0,0.0,0.0,0.0,0.0,9.269983485539971e-10,30.410382805825833,1.1296978380293692e-09,32.3182198537463,1.0258180114189838e-09,43.20600236013795,8.333693358853747,54.00514136633736,16.62029993586828,64.62710807739111,21.990349870676766,68.27653290672882,25.583479110121274,62.524268657135266,25.75862456922422,67.62935098766272,26.268380993622326,68.99067773501812,26.88507148408385,68.90068752370227,29.48409583423891,66.22439872935276,31.14456209707286,61.17329158113958,31.440642198720845,58.129001927091,31.1711352072651,64.75978175352056,32.5336340803408,65.00176572096362,34.07751360856114,63.84532229809337,35.65566016184833,61.00710840601998,38.13729234411143,57.06856265515146,37.80639409928543,61.13510592545929,38.11990221226864,60.17245980303504
4.622940852587486,6.294978676289752,8.217822173551777,10.429092195408261,12.875572781563179,15.78580900282865,19.148874297332167,23.004255058031813,27.385115106113595,32.20912784918181,37.97105615838603,44.64834735999436,52.24987961944337,60.93257305586656,71.0131384193364,78.66492450913073,79.08233122667758,79.75804130349319,80.58746343908084,81.96726119900396,82.24284601154086,82.55976854592348,82.92422946042711,83.34335951206603,83.82535907140107,84.3796585645683,85.01710298162693,85.75016406111808,86.59318430233215,87.56265757925112,1.7717906510897137,1.8449474188283355,1.925076026533544,2.012840890554154,2.057061107907013,2.154728096536108,2.270052162889415,2.3898326583072826,2.4922481257296,2.487333399388563,2.588698526520327,2.7236682976072246,2.827321608897382,2.9038505343535306,3.0312929833848763,3.186219918200139,3.1653443247091513,3.230948703850822,3.317392306257859,3.6271745598813836,3.972844295509364,4.3514563569433005,4.766150147832471,5.220364256993941,5.717864970759028,6.262777502546156,6.859620198613011,7.513342003615856,8.229363496638447,9.013621837943285,4.347210946514142,1.4129343040819236,2.0698148984553543e-10,2.175174445593348e-10,2.2862257327599384e-10,2.4031933795451744e-10,2.5253358867316024e-10,2.6536280509222483e-10,2.7883942250857585e-10,2.930080951921621e-10,2.6444787308021125,0.4030529672402652,1.7052181007272238,2.770641261117544e-10,2.9113166410483556e-10,3.0591900035124566e-10,3.214870082296187e-10,3.378363963087521e-10,3.549610459208471e-10,3.72930606936973e-10,3.9180143750056184e-10,4.1160292828469126e-10,4.3240681424455584e-10,4.542253031845227e-10,4.771220295699649e-10,5.01154133219726e-10,5.263816336003188e-10,5.528726696635628e-10,5.80751213480554e-10,6.099611727864706e-10,10.74194245,9.552860399,9.67595086,10.15902639,10.44932336,12.24572278,11.6291362,10.3858414,10.95919931,11.58733669,11.4814504,13.47712138,11.26722072,11.47193311,12.09163926,12.79227791,14.64035519,13.91220327,12.42283468,12.64404271,13.854486,13.71184775,16.07545737,15.2456615,13.61894632,14.30548554,15.095757,14.9033543,16.28396475,14.4823508,,0.0,0.0,0.0,0.0,0.0,0.0,0.0,0.0,0.0,0.0,0.0,0.0,0.0,0.0,0.0,0.0,0.0,0.0,0.0,0.0,9.269407513853551e-10,31.72278301627795,9.787167286027952e-10,34.29794724544197,1.0297353964846584e-09,45.51519860970011,8.435164904389792,56.48807009731857,17.028549339844062,67.31654349897133,22.54743051730822,70.9818819361461,25.62040660089132,65.83805234028534,24.55117002211705,69.60304066733593,24.647661309690047,70.69555470548713,25.942344172188847,71.30167861564567,28.597473416415802,67.82636296368626,30.89057538966669,64.13074362878588,31.215485099985024,61.7429935329981,29.747349994571543,67.15710778766514,30.170660553575647,65.99046612331557,32.087470867875595,65.01197307092524,34.855563294951494,63.49928462731043,37.11580363860387,59.503063489282894,35.475847570248646,62.733304349381086,34.393156373258904,59.28248756479322
4.519231241747227,6.153759091271629,8.033466118229011,10.195129199235037,12.586726204221842,15.4316750952824,18.719294433619698,22.48818478678809,26.770765989169757,31.486558337423272,37.11922534701501,43.646720283849966,51.07772214337489,59.56563074779387,69.42005185715539,76.90018016829539,77.30822291394227,77.96877432199227,78.77958946050879,80.12843326854654,80.39783569749407,80.70764849074969,81.0639332029581,81.47366062195839,81.94484715376014,82.4867116652656,83.1098558534151,83.82647166966356,84.65057985815304,85.59830427444945,1.9383942145715674,2.0184299994167376,2.106093194558852,2.202110692199208,2.250488988715876,2.3573397194141266,2.4835078436688915,2.6145514402663284,2.7265971548161625,2.721220290963873,2.8321169004875077,2.979778038250021,3.0931779925857397,3.176903023113664,3.316329035854649,3.485823932976107,3.462985382821329,3.5347586190671363,3.6293306153069116,3.968242059405268,4.346415527744577,4.76062892761729,5.214316864498507,5.7112412617651165,6.255522554091815,6.851673853577496,7.5046383719046155,8.219830408829205,9.003180246875964,9.861183324485506,4.037764763872301,1.1801504955114255,2.0693324063429622e-10,2.1749578264705408e-10,2.286009131607127e-10,2.403022045220574e-10,2.52513425760444e-10,2.653451149474924e-10,2.7882460980916787e-10,2.929937034495204e-10,3.3665785610370933,2.3173234955349185,3.4358568929922004,2.7715759133055116e-10,2.9116601432919444e-10,3.0593892571991395e-10,3.2150836962002206e-10,3.378689588214533e-10,3.5499209349881107e-10,3.7295768272315e-10,3.9181974822462424e-10,4.1161676848584693e-10,4.324235076213827e-10,4.5424171872614675e-10,4.77134723600424e-10,5.011642047682705e-10,5.263887113643565e-10,5.528772970750437e-10,5.807600013783692e-10,6.099642304494527e-10,10.49539022,9.352339586,9.447219591,10.08138097,10.30082696,12.27664307,11.36222083,10.16783577,10.87543817,11.3993375,11.31828634,13.51115093,11.03071436,11.20074635,11.99922288,12.58472911,14.67732189,13.59288627,12.16207122,12.34514827,13.62970336,13.51698729,16.11604769,14.89573857,13.29700598,14.19614874,14.85083531,14.69156121,15.91021038,14.17835675,,0.0,0.0,0.0,0.0,0.0,0.0,0.0,0.0,0.0,0.0,0.0,0.0,0.0,0.0,0.0,0.0,0.0,0.0,0.0,0.0,9.270516572134164e-10,31.999634469109406,9.746049038296885e-10,35.43267088823223,1.0223897292545743e-09,46.57604266958098,2.8228036534274414,53.144693340292264,13.254252689548363,65.88192404033927,20.274385791671907,70.95693953208912,24.175493170090895,67.69980350972288,20.76747446090163,69.89931859449857,21.084947982608213,71.34488713431965,22.197781675344373,71.92810505897546,25.07891459178938,67.94730757057215,27.80146961129863,65.37344345563388,29.24929127079646,64.77141644792873,25.00992251860954,68.00744399396349,25.508413159352887,67.06793020324098,27.119688668747788,65.54355533941765,30.036709558970283,63.28857446126986,33.89339206011412,61.91514403049453,28.958248664329876,62.09799073891789,28.436921933484644,59.32206638687448
4.086748110406153,5.564854284470282,7.264676384647938,9.219471799856798,11.382196833861489,13.95488871059952,16.927888187716377,20.336101820790834,24.208846918412267,28.473345554875443,33.56697542832631,39.469799641517575,46.18966662404821,53.86529608287588,62.77666500682134,69.54095711888601,69.9099508327577,70.50728853783843,71.24050997705383,72.46027161102593,72.70389266260428,72.98405687188857,73.30624571253337,73.67676287923929,74.10285762090714,74.59286657376502,75.1563768694776,75.80441370943544,76.54965607520947,77.40668479542775,2.215571219904651,2.3070515700483054,2.40724999756202,2.5169973352191617,2.5722933945163846,2.694423042851695,2.8386323388075207,2.9884142660292996,3.1164817450818685,3.1103360267780658,3.237090086710025,3.4058657488873445,3.535481114676213,3.6311782471938665,3.7905412182617826,3.9842727168186967,3.958168411488597,4.040204725562499,4.1482998650870915,4.535673308525998,4.9679229749176645,5.44136603451722,5.959928217697338,6.527909376935222,7.150019140649139,7.831415964845277,8.577749906387826,9.395209472560401,10.290572935392944,11.27126453622992,4.00936529988016,1.3349338746810893,2.0695901829088092e-10,2.1747545284353947e-10,2.2857529482542964e-10,2.4027182519370797e-10,2.524862415392368e-10,2.653230563912854e-10,2.78809063799099e-10,2.9298054898038293e-10,4.336903097676471,4.557954096013776,6.054031104150694,3.9697642917398652,2.9131277825176187e-10,3.059743247699131e-10,3.2154558623869823e-10,3.379336425600369e-10,3.5505258960928365e-10,3.730114467885273e-10,3.9185448309182075e-10,4.1164130595892284e-10,4.3244890653283875e-10,4.542776672598981e-10,4.771595350959957e-10,5.011785020073256e-10,5.263983990483998e-10,5.528801312377766e-10,5.807565496133861e-10,6.099458263400662e-10,10.31168463,9.206839729,9.329762993,9.986202717,10.18659896,12.07179615,11.16334272,10.00964876,10.77276323,11.24015571,11.19277553,13.28570513,10.85910303,11.06148828,11.88593829,12.40899436,14.43241747,13.3549638,11.97285871,12.19166193,13.43937646,13.36709463,15.84713683,14.63501169,13.13168527,14.06212299,14.64345637,14.52864346,15.63172674,13.9577757,,0.0,0.0,0.0,0.0,0.0,0.0,0.0,0.0,0.0,0.0,0.0,0.0,0.0,0.0,0.0,0.0,0.0,0.0,0.0,0.0,9.266735742927102e-10,29.94819308328261,9.738967915097178e-10,34.147914357015885,1.0226925315700922e-09,44.92007581350381,1.0741968559344773e-09,50.40475034246971,2.9685249350612968,56.36128581036574,14.596215841738232,66.09787469170205,18.244891365311076,63.82728712249398,13.642761147941313,66.07023184664952,14.343626660111298,68.29024114449129,15.757278229278286,69.49800842212333,19.609320752575254,66.21789594491482,22.06472659629055,64.10073391414473,22.624779557249095,62.88360351567201,18.229342704595346,67.75490840027574,19.07307492026142,67.99705422124616,20.448912446300547,66.46094269391601,23.17566629623371,62.77161096632823,25.758681004866748,59.690803922049916,21.080360262374278,63.74636174685347,21.036112044112024,62.75122195180385
3.355391578928336,4.568978733122642,5.964603960449302,7.569572971878702,9.345260919995386,11.45754883820677,13.898506083473558,16.696792401753704,19.876478532838384,23.377810747736707,27.559894478328136,32.40636069590665,37.92365329030171,44.22566695822142,51.54227454849411,57.09604203723163,57.39900135029767,57.88944065589145,58.4914462055774,59.492921658519634,59.69294475826345,59.92297132294356,60.18750187229929,60.49171200402916,60.841553655482414,61.24387155460427,61.70653713853366,62.23860255996081,62.85047779445631,63.55413431377978,2.431072104477049,2.5314504291926054,2.641394808255058,2.761816886643665,2.822491400754195,2.956500173990716,3.1147362051572385,3.2790868979954264,3.4196110540317184,3.412867563144979,3.5519505483640508,3.7371424305061107,3.8793650308224605,3.984370289625255,4.159233941025487,4.37180902670498,4.343165646648126,4.433181346846544,4.551790523553173,4.976842430663643,5.451135514403698,5.970628729025016,6.539629647000542,7.1628563524599045,7.845476562950272,8.593150479500682,9.412077720298917,10.309048727146346,11.291501070950417,12.367581123115164,4.076834286785454,1.9401250148845066,0.623617020505691,2.1753037815895467e-10,2.2857958638308555e-10,2.4025823175516743e-10,2.5247529392481117e-10,2.6531649441926365e-10,2.7880747061436756e-10,2.92985520324002e-10,5.137820391618241,6.2996609700806125,7.55504930311541,8.124366195586271,7.386777513642395,1.3099881857142253,3.217949650606951e-10,4.608081484566607,5.043679986287027,2.9997084457815983,3.9208996007094244e-10,4.1170146083826925e-10,4.3250822562516593e-10,5.695345582107648e-10,4.775594077874668e-10,5.012686162610852e-10,5.264302662352845e-10,5.528971005613763e-10,5.807701043774614e-10,6.099516334395718e-10,9.86329797,9.040554177,9.229615789,9.844687679,10.02794897,11.30780734,10.6779231,9.828863605,10.6201018,11.00138302,11.01845495,12.44489156,10.66297581,10.94275245,11.717502,12.14539223,13.51903182,12.77424515,11.75661585,12.06079464,13.15388611,13.15891037,14.84421771,13.99863225,12.99072761,13.86284786,14.33238795,14.30236879,14.95200679,13.70568307,,0.0,0.0,0.0,0.0,0.0,0.0,0.0,0.0,0.0,0.0,0.0,0.0,0.0,0.0,0.0,0.0,0.0,0.0,0.0,0.0,9.266624840033208e-10,25.23121046888024,9.736288308076817e-10,29.99827253709112,1.022660578116991e-09,38.6950918148686,1.0739692143017221e-09,45.391650994093105,1.127969126540383e-09,51.370784003854624,1.1850722214235446e-09,50.63244702037809,5.008626159979696,51.01921680264978,1.3069419087128553e-09,54.156458338105615,1.3726498188208884e-09,56.33030086625932,1.4419260262409188e-09,55.40867789584906,6.455112762628396,55.68533211442893,12.607335679631554,58.698012165444354,12.634156427904667,57.72558601459251,6.872677278089343e-09,53.655936111364284,3.315916031446252,57.60461520233978,7.294636917737329,59.825623192439274,13.60390031942647,61.68089516474228,17.276103757880367,61.02226810578724,10.775008827114158,64.00713856738057,12.205938306452763,66.86842635994142
2.307942886505734,3.142685948170105,4.102640469086338,5.206588168142578,6.4279616716842325,7.880859123565241,9.559825580373658,11.48457410845564,13.671661312716203,16.079986716348785,18.956554225608784,22.290104712471223,26.085070485161086,30.419791865186298,35.45238256111842,39.27243690274384,39.48082175889071,39.818161196027134,40.232239372404514,40.921085396261546,41.05866751725441,41.21688695637882,41.39883931135374,41.608084519554794,41.84871650896118,42.12544329674455,42.44367910265365,42.80965027938607,43.23051713252813,43.71451401340325,2.522463313948066,2.626615157550016,2.7406926718487923,2.8656417732618014,2.928597222281014,3.067643782691045,3.2318283754998034,3.402357498244789,3.54816437401465,3.5411673753084343,3.68547890237643,3.8776326965333614,4.025201866140308,4.1341545840024745,4.315591878596817,4.536158292113882,4.506438122462053,4.599837779762099,4.722905827142953,5.163936695884076,5.656059863103315,6.195082368159415,6.785473717948188,7.432129363372628,8.140411291806773,8.916192488021014,9.765905632235064,10.696596439093877,11.715982079850571,12.832515172167382,4.846769004737347,3.334832841480044,2.454283836275361,1.7737100838171564,0.7043892762678639,2.4046121435131984e-10,2.525087343775719e-10,2.6533954026423086e-10,2.788355600478039e-10,2.930217080296122e-10,5.964207859270939,7.67945768542715,8.734205379057789,9.933924179333962,11.065896337412616,12.088225671892783,14.712645133597388,16.557613391808374,17.400728078632795,17.044886621503665,16.06966205111719,13.269013030416872,12.19360412061844,11.15971420936734,8.678619461434058,6.615606225080536,5.034141981684447,3.733657437521892,3.6810819811411726,3.029902889200984,9.677175205,9.104133947,9.297616977,9.845940025,10.06094817,10.73320531,10.47642817,9.897987341,10.62145278,10.91904761,11.05471363,11.81250902,10.73796563,11.02337554,11.71899258,12.05449495,12.83206723,12.53319212,11.83929694,12.14965515,13.05544115,13.2022127,14.08991429,13.73447475,13.0864396,13.86461135,14.22512298,14.34943392,14.66985888,13.80207143,,0.0,0.0,0.0,0.0,0.0,0.0,0.0,0.0,0.0,0.0,0.0,0.0,0.0,0.0,0.0,0.0,0.0,0.0,0.0,0.0,9.267016236053256e-10,17.551527357825623,9.736925002707519e-10,22.034686075029693,1.0227259076252451e-09,28.106512100987995,1.0740311481148961e-09,33.46449508918272,1.12793336192632e-09,39.11487819782035,1.1844801954690695e-09,43.84232591747746,1.2439492014081712e-09,45.86783778571264,1.3065363442336687e-09,48.44242024839865,1.372164897713611e-09,50.51657633902182,1.4409867308613648e-09,50.98025356453301,1.5134170673342745e-09,49.7289482824025,1.5894649851022583e-09,47.478769655929476,1.6692109848415482e-09,46.28800286094318,1.7531096948061524e-09,46.46545334336969,1.8411431559782168e-09,45.58130766333153,1.933560591583705e-09,43.79263066103188,2.030658626765837e-09,43.0186037378182,2.132674747001915e-09,42.89047023730924,2.23999085809898e-09,43.95772231489417,2.352320301451535e-09,45.77486064621591
1.0423692568585896,1.4193762053157575,1.8529341960424968,2.351525885379409,2.9031522703637513,3.559345127675683,4.317640763198786,5.186942471047393,6.174727947507602,7.262434396369901,8.561619724768823,10.06719881167261,11.781173483841208,13.738925701196477,16.01186661947651,17.73717240088092,17.83128823403798,17.983645669073717,18.170661718524286,18.48177510099839,18.54391328217041,18.61537219051038,18.697549935093143,18.79205434135424,18.900734408543293,19.02571648579536,19.16944587461637,19.334734671732054,19.524816788369826,19.743411222395665,2.586964752748784,2.6937798437125196,2.8107744128466994,2.938918564420966,3.0034838354818434,3.1460859295470702,3.314468855947646,3.4893585470757884,3.638893823263681,3.6317179056089355,3.7797195958122853,3.9767869187906686,4.128129552102575,4.239868279586566,4.425945073391356,4.6521515495187655,4.621671410953477,4.71745937346535,4.843674370925743,5.295982757731066,5.800689914646918,6.353495663617741,6.9589838004663305,7.622174956757409,8.348568230243801,9.144186782693778,10.015627783192842,10.970117111040663,12.015569271836725,13.160653023552555,6.353614309584555,5.4103598401726885,5.0344971853220155,4.92493749042184,4.667068854388132,4.463234983023185,3.1753459411116842,1.6776371221478619,1.206371919514764,0.3473756683212796,8.020157492145767,9.90333958206757,10.72469168882245,11.952656803718705,13.190892507402753,14.54564707438434,16.666320672993688,17.29000829364768,17.864563955454148,17.650991189376068,17.292619233074376,16.351251428802534,15.762141212249016,14.064713914237686,11.980449695806685,9.755747294082104,7.813945557694991,6.072483295546695,5.254883657165184,4.192422769324627,9.982948319,9.523515889,9.698205794,10.21538194,10.57370496,11.16866604,10.80745556,10.35393814,11.01999369,11.24152797,11.61811773,12.29175857,11.23261003,11.49831885,12.15871566,12.41050932,13.35268165,12.92920781,12.38467417,12.67312433,13.44101721,13.87506421,14.66156128,14.16844779,13.65027024,14.38484289,14.64524412,15.08075363,15.13338758,14.43786387,,0.0,0.0,0.0,0.0,0.0,0.0,0.0,0.0,0.0,0.0,0.0,0.0,0.0,0.0,0.0,0.0,0.0,0.0,0.0,0.0,9.267479296696716e-10,8.74337908329554,9.737951482247161e-10,11.655566743128164,1.0228047534527093e-09,15.401384695394434,1.0741094372646408e-09,18.433131935161203,1.1279971604686797e-09,21.46998854096265,1.1845379239246649e-09,24.524461705510625,1.2439550879674518e-09,25.76659866874726,1.3065382623685893e-09,27.061905526987545,1.3721403239295492e-09,28.494225875745467,1.4409474025469316e-09,28.755624718989026,1.5133551647943756e-09,28.19620522081917,1.5893424723009828e-09,27.445055073904726,1.669096225228891e-09,26.75711366883113,1.7531223066458318e-09,26.310495423424207,1.8411451767607217e-09,25.579482095723225,1.9335443372823968e-09,23.54080767375706,2.0305872874619235e-09,22.353775096749484,2.1325426542231782e-09,21.296581449627,2.240028588362894e-09,21.661882138746343,2.3523828719937504e-09,22.6586231467172
0.017994537396044705,0.024502850633358022,0.031987410856285536,0.04059465511267224,0.05011744326853237,0.06144537416463598,0.0745359167731169,0.08954276965888788,0.10659502113165406,0.12537221955839828,0.14780020160261406,0.1737911822495696,0.20337971925915202,0.23717661537402665,0.2764146493853645,0.3061987966046119,0.30782352878868324,0.3104536922785183,0.31368217131639864,0.31905295653334953,0.32012565492450495,0.32135925807419813,0.32277790169620374,0.32440934186135345,0.32628549805108203,0.3284430776690051,0.3309242942292908,0.3337776932731279,0.3370591021727591,0.3408327224054774,2.568120139138574,2.6741571409865563,2.7902994691122402,2.9175101611098895,2.981605109726486,3.1231684260658814,3.290324775574289,3.463940491612428,3.6123864856607546,3.605262840614423,3.752186420007575,3.947818216060908,4.098058401631892,4.208983174019473,4.393704500851876,4.618263187370163,4.588005079829239,4.68309527978361,4.80839087049274,5.257404439781534,5.758435082996037,6.307213946509766,6.908291435717195,7.566651609646904,8.287753508152882,9.07757641758681,9.942669450290392,10.89020584901181,11.928042466535693,13.064784913705536,8.124404453658332,7.513229178582038,7.6956423302437384,8.15019943400074,8.521804777239801,8.821476740016353,8.230256887911501,7.54885225900023,8.264265273493422,8.424815960127658,12.981222707077434,14.297436606925377,14.496409508962177,15.399170576071068,16.193898491467927,16.818652271754626,17.76937158091751,18.064328219966296,18.36230502115324,18.28043938095797,18.093242906542738,17.712754347046708,17.51763121026631,17.09141539597451,16.45247503309199,15.603969727863854,14.376290708903147,13.020946953820005,14.342249854568884,13.863885390383189,10.71051913,10.21188917,10.51792921,11.10830425,11.55352733,12.00609054,11.59511758,11.10233552,11.98324678,12.15545102,12.69472161,13.21339233,12.04451906,12.47019358,13.22150397,13.41946918,14.35386323,13.87150601,13.27985604,13.74429739,14.53375616,15.16081017,15.7608824,15.20106348,14.8040348,15.64221607,15.8358853,16.47822594,16.23632939,15.48145321,,0.0,0.0,0.0,0.0,0.0,0.0,0.0,0.0,0.0,0.0,0.0,0.0,0.0,0.0,0.0,0.0,0.0,0.0,0.0,0.0,9.267773885556254e-10,4.186487719255167,9.739028775431358e-10,5.205653675832255,1.0228921979647904e-09,6.753328570480607,1.0742046857526584e-09,7.375136786123154,1.1280972216138634e-09,7.642513672396304,1.1846441379771331e-09,8.32364507645518,1.2440663992661472e-09,8.311336960296838,1.3066017852281689e-09,9.186371182828573,1.3721765871436494e-09,10.204522023803113,1.4409903175087729e-09,10.112599388155719,1.5134536887069075e-09,9.638047485390166,1.5894918258036101e-09,9.180517382604071,1.6692581551229005e-09,8.98781814870186,1.7532452416134098e-09,9.78141286855717,1.8412632584592853e-09,10.262479240424874,1.933708844282398e-09,9.367773154304967,2.030809090261696e-09,8.813999154667805,2.132888142208144e-09,7.766704557412346,2.2400903461828046e-09,10.371022034651634,2.352282837135497e-09,11.78804981793818
1.2470640000030981e-05,1.698105500007486e-05,2.216803225013724e-05,2.8133056087722886e-05,3.4732573500957064e-05,4.258309752618639e-05,5.165515315520827e-05,6.205525712859586e-05,7.387287069801205e-05,8.688591330284975e-05,0.00010242903529842002,0.00012044139959333094,0.00014094695553250173,0.0001643690038625515,0.00019156188944192306,0.00021220300788272274,0.00021332898571244297,0.0002151517512162768,0.0002173891635455263,0.00022111124472405137,0.00022185465007925945,0.0002227095662376548,0.00022369271981971135,0.00022482334643896776,0.0002261235670509785,0.00022761882075460728,0.00022933836251355462,0.00023131583553600345,0.000233589929511278,0.00023620513758155646,2.5577487462884587,2.6633575160665885,2.7790308016061562,2.9057277512592257,2.9695638514357987,3.110555462135514,3.2770367481444684,3.44995131443165,3.5977978070400565,3.5907029309442793,3.737033157192612,3.9318748912157777,4.081508329476663,4.191985130457569,4.375960457358281,4.5996122601524405,4.569476350446199,4.664182527159254,4.78897210968994,5.236172330743518,5.735179553966281,6.281742165563053,6.880392194045837,7.536093570243837,8.254283287594273,9.040916485008534,9.902515826136971,10.84622558447613,11.879870882789307,13.012022578027675,8.09595421326447,7.6976825930804855,7.827895970573938,8.25264218590804,8.608043546225554,8.868437235013829,8.256533966961257,7.814497070582888,8.439414550375124,8.688164313442993,13.89610354088537,14.377913293614121,14.637064649228494,15.496049638944799,16.26462137087309,16.883721977197894,17.793255679911496,18.07768902737043,18.377553562984907,18.295218319353694,18.114079604972233,17.75490454332238,17.553511003166413,17.13934561473564,16.508222455133648,15.642915669925204,14.448285809567686,13.436066575373204,14.609377183735983,13.882569120970956,10.65371543,10.36105709,10.60694894,11.15839807,11.57764213,11.97903528,11.53362237,11.26451044,12.03728623,12.27895413,12.72121834,13.18361647,12.22045672,12.57573654,13.28112744,13.55581511,14.32151736,13.79793787,13.47383861,13.86062387,14.68142358,15.19245417,15.72536587,15.12044398,14.92933049,15.71275594,15.99678276,16.51261969,16.15021931,15.70759512,,0.0,0.0,0.0,0.0,0.0,0.0,0.0,0.0,0.0,0.0,0.0,0.0,0.0,0.0,0.0,0.0,0.0,0.0,0.0,0.0,9.683782664637874e-10,4.91202078768036,9.739119239071881e-10,5.126292156825901,1.0228995909892543e-09,6.498257206287941,1.0742127140111196e-09,7.112462599064729,1.1281041145225045e-09,7.3596459508119,1.1846482688396265e-09,7.927731331083888,1.244084938564425e-09,8.041428000104839,1.3066173181342685e-09,8.944148837081102,1.3721858751965012e-09,9.692904452678993,1.441002968099566e-09,9.670987892224721,1.5134557752149058e-09,9.168057434515369,1.5895291930145825e-09,8.844415249425074,1.669286102844184e-09,8.70876102095426,1.7532672206045612e-09,9.555220029400388,1.8412802256907313e-09,9.83340137742381,1.933726364298562e-09,8.971303834939746,2.030827723320383e-09,8.354248215312035,2.13292886499701e-09,7.769903786992306,2.2400982427339032e-09,10.339262347829159,2.3523184516825626e-09,11.187232785580049
3.4739640000086304e-06,4.730436750020854e-06,6.175380412538232e-06,7.837065624437089e-06,9.675502618123753e-06,1.1862434310866208e-05,1.4389649807522304e-05,1.7286821628680274e-05,2.0578871123017642e-05,2.4203932991508146e-05,2.853380269027415e-05,3.3551532743856474e-05,3.926379475548263e-05,4.5788508218853634e-05,5.336366920167856e-05,5.9113695053044194e-05,5.942736030560911e-05,5.993513069596283e-05,6.0558409844825184e-05,6.159527531598573e-05,6.180236680779371e-05,6.204052202334669e-05,6.23144005212053e-05,6.262936079371245e-05,6.29915651070583e-05,6.340810006735489e-05,6.388711527163307e-05,6.44379827564581e-05,6.507148036385602e-05,6.580000261200501e-05,2.4155651674768768,2.5153032148618344,2.624546298164073,2.7442002473065084,2.804487740453696,2.937641719790759,3.0948684200690955,3.2581707787854435,3.3977985816322747,3.3910981050552094,3.5292939297965575,3.713304539345332,3.8546199527053404,3.9589554206245396,4.132703679510954,4.343922824963348,4.315462150754336,4.404903673087182,4.522756284397233,4.945096937845903,5.4163646761198025,5.932544229852036,6.497915695055743,7.117167060894126,7.795433081897632,8.53833785470308,9.352041452357454,10.243291002869404,11.2194766355492,12.288692759019552,7.975882888751972,7.724703044903518,7.778392906667827,8.15745916585115,8.389846324278379,8.718007018021675,8.154814880539877,7.874721414664587,8.362514909782364,8.547512131312187,13.676695580402084,14.21651167464347,14.552997088556932,15.3637901403185,16.131133033539335,16.743823108154146,17.698178066888453,17.9977027755588,18.318642845157896,18.220205610113414,18.03038011964634,17.64023200513952,17.430815263974242,16.946802466032786,16.28397962553177,15.449644189031739,14.125880750984988,13.126878534286421,13.919536813477183,13.195964358788606,10.39145153,10.24001099,10.40294538,10.90166725,11.19434374,11.6556606,11.24969769,11.13290948,11.76033407,11.93863444,12.30005983,12.82772405,12.07768764,12.33386726,12.97555716,13.18010633,13.93490725,13.45827224,13.31642652,13.59404234,14.27451779,14.68948101,15.30085879,14.74822205,14.64219452,15.3512391,15.55342088,15.9659401,15.75264727,15.52408652,,0.0,0.0,0.0,0.0,0.0,0.0,0.0,0.0,0.0,0.0,0.0,0.0,0.0,0.0,0.0,0.0,0.0,0.0,0.0,0.0,9.674874235088282e-10,4.905958214568687,9.739196145854728e-10,5.102125716118122,1.0229096335670933e-09,6.329968665684301,1.074224634417662e-09,6.988924090109855,1.128122936354e-09,7.288332917410735,1.184660408772243e-09,7.907698717538421,1.244102494146762e-09,8.078792395764758,1.3066401545844579e-09,8.944394144577094,1.372217576349165e-09,9.52503316880568,1.4410446733962714e-09,9.571321804117595,1.5134663775422919e-09,9.172288809059982,1.5895404921903929e-09,8.883357266487309,1.6692990764022663e-09,8.62793448445297,1.7532922477014174e-09,9.315810107362415,1.8413135897772297e-09,9.437281180123541,1.933777810889426e-09,8.636806353020416,2.030877707799999e-09,7.924565211702915,2.132998246573245e-09,7.404293876446463,2.2402002333983857e-09,9.386431251881412,2.3524295945813753e-09,9.960636399254792
0.0,0.0,0.0,0.0,0.0,0.0,0.0,0.0,0.0,0.0,0.0,0.0,0.0,0.0,0.0,0.0,0.0,0.0,0.0,0.0,0.0,0.0,0.0,0.0,0.0,0.0,0.0,0.0,0.0,0.0,2.4003891134667077,2.499500545592279,2.6080572972009026,2.726959507239312,2.7868682375758507,2.9191856623834416,3.0754245686136636,3.2377009622891033,3.3764515380977844,3.3697931580022367,3.507120752265479,3.68997529490844,3.8304028786315185,3.9340828474908554,4.106739513818918,4.316631651744243,4.288349784853194,4.377229380978479,4.494341570287682,4.914028822100278,5.382335768943009,5.895272367820678,6.457091824572176,7.072452675552851,7.746457415632702,8.484694807442471,9.293286222692272,10.178936399816488,11.148989038824674,12.211487694326536,7.8653691267260655,7.524094684609685,7.534010793011242,7.930500372983816,7.788105922658426,8.576720107863208,8.038198621645035,7.65992194798241,8.12044024218781,8.143441662297874,14.248712497235994,14.088489574171223,14.388245157662494,15.20274330334374,16.014519408312303,16.61705705798579,17.65088086039711,17.954972393980274,18.280730555538664,18.167950148446902,17.967728132861016,17.511155783450775,17.345251332154064,16.739387078071147,15.939897542760276,15.125814599946661,13.609120293547504,12.23766963580244,12.508786646157905,11.3031793198095,10.26575824,10.02359523,10.14206809,10.65745988,10.57497416,11.49590577,11.11362319,10.89762291,11.49689178,11.51323482,11.6195123,12.65190469,11.82243382,12.02456776,12.68489276,12.71047036,13.74391261,13.29548319,13.03499279,13.25314111,13.76588555,13.87672968,15.09114215,14.56982997,14.27500851,15.00735724,14.99921852,15.08256383,15.56210583,15.19599538,,0.0,0.0,0.0,0.0,0.0,0.0,0.0,0.0,0.0,0.0,0.0,0.0,0.0,0.0,0.0,0.0,0.0,0.0,0.0,0.0,1.1246887865468125e-09,6.136320950488868,9.739389542242742e-10,5.126560179676356,1.0229383762891909e-09,6.396214216921463,1.0742547204651553e-09,7.112258391493408,1.1281615755678974e-09,7.436366162822676,1.1846927544247845e-09,8.223218350456234,1.244133915342782e-09,8.195318036012099,1.3066824497969437e-09,9.036718585759292,1.372269853314838e-09,9.740079336667268,1.4411073542118748e-09,9.8288378614304,1.5135073619690266e-09,9.584178352731419,1.5895671171682176e-09,9.529698472245736,1.6693370622563275e-09,8.711201007748837,1.7533508777086586e-09,9.242009784698835,1.8413820270658986e-09,9.411346449522272,1.9338683093299926e-09,8.60315216857493,2.0309637615768312e-09,7.9031879974853485,2.1330907921357437e-09,7.334042206927375,2.2404260607785636e-09,8.095669856357468,2.3527165111202185e-09,8.318671635580417
0.0,0.0,0.0,0.0,0.0,0.0,0.0,0.0,0.0,0.0,0.0,0.0,0.0,0.0,0.0,0.0,0.0,0.0,0.0,0.0,0.0,0.0,0.0,0.0,0.0,0.0,0.0,0.0,0.0,0.0,2.6724982741197354,2.7828450215762697,2.903707814067065,3.036088830683885,3.1027888409159243,3.25010582692056,3.4240560439533265,3.6047281606509607,3.759207562470228,3.7517943854923987,3.9046894959553384,4.108272509595366,4.264619025680304,4.380052201194582,4.572281302796618,4.805966905355702,4.774478993653732,4.873434019702085,5.00382209805627,5.471085280448958,5.992479707783267,6.563563024043454,7.189070580344112,7.874189006761069,8.624599219216362,9.446523524918986,10.346777216955696,11.332825085844737,12.412843316643395,13.595787284832928,7.1956340540725545,7.146603243625406,7.266797136144891,6.541849265538303,6.111602946317246,7.461197613325371,7.259100696304917,7.190538449620341,6.573134197814477,6.085914841806592,13.192808492499681,13.55671397405283,14.16305306431848,15.122458453576808,15.640829049140555,16.32576006953187,17.639969860390554,17.97212772624585,18.322262320324242,18.20580832807672,17.89495608190692,17.394762397664543,17.27394796674275,16.319369337287036,15.347904022622025,13.444390219674647,11.441372976002796,10.30884277233328,9.279828026800496,7.651025405378771,9.868132328,9.929448265,10.17050495,9.577938096,9.214391787,10.71130344,10.68315674,10.79526661,10.33234176,9.837709227,10.12453904,11.78840475,11.7113912,12.05828287,11.40000703,10.86071061,12.80588248,12.78050627,12.91256117,13.29030096,11.76253081,12.09134151,14.06116282,14.00549349,14.31503353,13.48722305,12.81637635,13.14203233,14.9593353,15.05326646,,0.0,0.0,0.0,0.0,0.0,0.0,0.0,0.0,0.0,0.0,0.0,0.0,0.0,0.0,0.0,0.0,0.0,0.0,0.0,0.0,1.1101466412810623e-09,6.972958949429649,9.739653946960452e-10,5.876581734245667,1.0229120615002813e-09,6.716280890626419,1.0742275928097147e-09,7.444227785430283,1.128089768912365e-09,8.813103322629557,1.1846464525092182e-09,10.271016365615111,1.2441981453242581e-09,9.60856637480684,1.3066132660768693e-09,10.065055476748794,1.372186481682578e-09,10.413523249221406,1.4410397418116224e-09,10.386592649408808,1.513471785462237e-09,12.12490498061884,1.5896271954799968e-09,11.866983912683557,1.669449465606906e-09,10.40185572811024,1.7532615806576578e-09,10.18806485512312,1.8413042323830712e-09,9.65746971296733,1.9337178156643866e-09,9.403690695779874,2.0308939292322917e-09,8.971773844204815,2.133142361531228e-09,8.499635529487287,2.2406452959989285e-09,6.733336044818457,2.3531718661732105e-09,6.193546231655484
0.0,0.0,0.0,0.0,0.0,0.0,0.0,0.0,0.0,0.0,0.0,0.0,0.0,0.0,0.0,0.0,0.0,0.0,0.0,0.0,0.0,0.0,0.0,0.0,0.0,0.0,0.0,0.0,0.0,0.0,2.5655893894485455,2.671521897310648,2.787549773173595,2.9146351056078674,2.9786668919646964,3.120090704971095,3.287082330534833,3.4605269572563735,3.608826665448482,3.6017100403862314,3.7484888341841374,3.9439278452116944,4.094019976843429,4.204835438599837,4.389374732110085,4.613712127646833,4.583483837907309,4.678480331383392,4.803652449762503,5.252223539381448,5.7527604427877215,6.300998513089495,6.901483671491869,7.559195065490799,8.279586355338596,9.068630935109217,9.93287146333258,10.87947411389681,11.916287997064124,13.051910243293216,6.868659348743523,6.831208298890818,7.0516039380382045,6.187411714614061,5.790235705268232,7.106794875274565,6.92635569972315,6.870813043014665,6.210140370835932,5.857256300912543,12.947331431354977,13.298647802511987,13.93044836626081,14.951233173427605,15.473655098481498,16.216622048551727,17.55186819338541,17.903724433927447,18.27145394215491,18.149995200910553,17.83297982683006,17.294915434256673,17.149186797034663,16.140656824582862,15.1646127750735,13.193526946833952,11.244813794900397,9.99086454505689,9.066223589861943,7.476460116257101,9.434248738,9.502730196,9.839153711,9.10204682,8.768902597,10.22688558,10.21343803,10.33134,9.818967036,9.458966341,9.635046865,11.25527506,11.20809413,11.66542853,10.83358409,10.44258309,12.22673745,12.21857096,12.35764381,12.85730794,11.30968404,11.50676013,13.42524783,13.38969775,13.8486551,12.81709429,12.32295748,12.50665308,14.3016009,14.40635229,,0.0,0.0,0.0,0.0,0.0,0.0,0.0,0.0,0.0,0.0,0.0,0.0,0.0,0.0,0.0,0.0,0.0,0.0,0.0,0.0,1.1021512591469218e-09,7.060773401506723,9.739492065601478e-10,5.987300588321447,1.0228933273119276e-09,6.816374213732144,1.0742075484205013e-09,7.49064008268653,1.128067862628591e-09,9.029445741284286,1.184619543178911e-09,10.38775108692632,1.2441742196092914e-09,9.908614582055622,1.3065870944847305e-09,10.363633806112041,1.3721608926836365e-09,10.717462582758657,1.4410120268864278e-09,10.544910801175384,1.5134257555738998e-09,12.276056230546699,1.5895780285674145e-09,12.089153818322071,1.669403897469531e-09,10.6254226395503,1.7532142179519167e-09,10.310154141149049,1.8412567012936897e-09,9.59554403154132,1.9336698198902853e-09,9.44506359312985,2.0308391717469536e-09,8.854727779479624,2.1330978349160064e-09,8.3636855802634,2.2406037257988346e-09,6.6809106883011244,2.3531268779565693e-09,6.122018070994597
0.0,0.0,0.0,0.0,0.0,0.0,0.0,0.0,0.0,0.0,0.0,0.0,0.0,0.0,0.0,0.0,0.0,0.0,0.0,0.0,0.0,0.0,0.0,0.0,0.0,0.0,0.0,0.0,0.0,0.0,2.4926825757877347,2.5956047805814317,2.70833547149351,2.83180939725105,2.8940215808548095,3.031426528011332,3.1936727226117356,3.362188542279091,3.506273991075062,3.499359600423135,3.641967354921926,3.8318525405331316,3.977679477150484,4.085345876062215,4.264641083382996,4.482603442929645,4.453234155919237,4.545531117008425,4.667146196857626,5.102970161399201,5.5892832178808325,6.121941908646021,6.705362972641949,7.344384064037477,8.044303865443746,8.81092602392435,9.650607274108742,10.570310147436855,11.577660704597323,12.681011769851235,6.652713300404185,6.589226566619871,6.7030289477180505,5.973431548970725,5.6286562223779955,6.892697885234174,6.707055634646085,6.62353277299176,5.99250933820919,5.619287046875443,12.725935819656712,13.140540496427505,13.766296849309763,14.767310013342932,15.36320690369619,16.129452477836725,17.50300700432978,17.865961717626433,18.243171780066632,18.109446945167964,17.79615163891261,17.24788822998034,17.07520093865657,16.035119791748794,14.957059548324848,13.03561908613853,11.089781285482744,9.875183189336935,8.923600849251889,7.312672339021527,9.145395876,9.184831347,9.411364419,8.805240946,8.522677803,9.924124413,9.900728357,9.985721315,9.498783329,9.118646647,9.364501331,10.92206901,10.83314502,11.15823599,10.48031504,10.06687432,11.8647718,11.84446919,11.94423833,12.29829455,10.90277824,11.18365816,13.02780096,12.97973903,13.24653966,12.39914556,11.8795956,12.15547481,13.86372201,13.9244105,,0.0,0.0,0.0,0.0,0.0,0.0,0.0,0.0,0.0,0.0,0.0,0.0,0.0,0.0,0.0,0.0,0.0,0.0,0.0,0.0,1.098539925692421e-09,7.003401844543089,9.739207935811944e-10,6.050324027558565,1.0228600791232494e-09,6.910831307088342,1.0741699251796533e-09,7.694419900064515,1.12803021773065e-09,9.147532947772065,1.1845808294423558e-09,10.545181601494324,1.2441254229212878e-09,10.091469361012111,1.3065394326649289e-09,10.567023645436262,1.3721031786852239e-09,10.966079647765728,1.4409490830076247e-09,10.91412255745087,1.5133666266689842e-09,12.482656617722593,1.5895205016934119e-09,12.186171979602431,1.6693254986718888e-09,10.752762952322483,1.7531393636312605e-09,10.399764826861874,1.8411697937012253e-09,9.754823754898162,1.9335833609466312e-09,9.447399551249797,2.0307541267028658e-09,8.860792960838419,2.1330239296138577e-09,8.29001852808374,2.2405238450183325e-09,6.6375395452245725,2.353044043139997e-09,6.069273610317382
0.0,0.0,0.0,0.0,0.0,0.0,0.0,0.0,0.0,0.0,0.0,0.0,0.0,0.0,0.0,0.0,0.0,0.0,0.0,0.0,0.0,0.0,0.0,0.0,0.0,0.0,0.0,0.0,0.0,0.0,2.4221170313969496,2.5221256035116553,2.6316649925503905,2.751643485366015,2.8120944994384507,2.94560963928767,3.1032627937799915,3.2670080860369213,3.407014608686483,3.4002959580558576,3.538866618570721,3.723376329733414,3.865075040290538,3.969693502763992,4.143913028153129,4.3557050743564325,4.327167204770123,4.416851324028531,4.535023593148823,4.958509783272126,5.431055765715408,5.948635380286369,6.515540332126736,7.136471325878255,7.81657704333502,8.561496835665723,9.377407484206111,10.271074417553516,11.249907809652996,12.32202402401572,6.5818738857949235,6.539214267689618,6.657297288661142,5.96092389585575,5.592547705794322,6.823913328957782,6.644381750477771,6.58445366423388,5.991795748597732,5.707372634242727,12.210560026205002,13.076113520726572,13.713208727362936,14.713423491347498,15.321384924818842,16.11049515660939,17.475934169553774,17.845488290118833,18.22946600826569,18.093614962619654,17.78575488444943,17.217815081751294,17.03987056715222,15.992709899430341,14.90422697660045,13.012365382556753,11.160363778970792,9.820045301888191,8.948109773521788,7.368194973731143,9.003990917,9.061339871,9.288962281,8.712567381,8.404642205,9.769522968,9.747644544,9.85146175,9.398810357,9.107668592,9.234806823,10.75192124,10.68749171,11.01311442,10.37001162,10.05475468,11.67993828,11.6613315,11.78364621,12.13834563,10.88965225,11.02876908,12.82484937,12.77904795,13.07425807,12.26864681,11.8652936,11.98712646,13.64936289,13.73719465,,0.0,0.0,0.0,0.0,0.0,0.0,0.0,0.0,0.0,0.0,0.0,0.0,0.0,0.0,0.0,0.0,0.0,0.0,0.0,0.0,1.0940466310671582e-09,6.514619822736232,9.73889646932681e-10,6.047568611057971,1.022824214264531e-09,6.890792058281608,1.0741271213734925e-09,7.6700025747708915,1.1279804882055832e-09,9.095286333664864,1.1845286311861424e-09,10.411445551693715,1.2440689794357406e-09,10.12316309508706,1.306478727937175e-09,10.60100811494884,1.3720336392808814e-09,10.980843392256046,1.440865049530106e-09,10.913779116775533,1.5132845646391734e-09,12.327158401093946,1.5894261287715111e-09,12.137681383013769,1.669236319922277e-09,10.730561530303,1.7530462224935715e-09,10.350133276384279,1.8410637256709562e-09,9.646545951065093,1.933463504354468e-09,9.305215409409428,2.030633700484587e-09,8.672477664423841,2.132894515819696e-09,8.103993260751723,2.240414861030036e-09,6.548654694550333,2.3529207116545087e-09,5.95302434919163
0.0,0.0,0.0,0.0,0.0,0.0,0.0,0.0,0.0,0.0,0.0,0.0,0.0,0.0,0.0,0.0,0.0,0.0,0.0,0.0,0.0,0.0,0.0,0.0,0.0,0.0,0.0,0.0,0.0,0.0,2.351894670116168,2.449003779491799,2.5553673869923825,2.6718674462892253,2.730565855968497,2.8602101059038882,3.013292557730604,3.172290523197853,3.3082379568406823,3.301714094284203,3.436267294511452,3.615427673899864,3.7530182352978927,3.8546035844356905,4.0237721125792545,4.229423853672566,4.201713358057991,4.288797342582167,4.403543544477809,4.814751962778042,5.273597824925414,5.776171697736238,6.326640860626705,6.929569734741378,7.589957730559882,8.31328070238019,9.105536353415527,9.973293967995614,10.923748883249136,11.964782151922591,6.575955116075704,6.5658739527095,6.690321410219176,5.931745879932519,5.637269550264302,7.004650420341677,6.651922240527146,6.628657727072953,5.973036608443491,5.667356558014308,12.081524014777372,13.149323391945337,13.701979649416483,14.697520667651876,15.281514588928948,16.078841403302892,17.472569982985817,17.83065738370428,18.21992690946128,18.08406050143966,17.772494154271726,17.205061018125612,17.043475432342,15.977285251711155,14.907826678072997,13.008344016502818,11.201859326656582,9.896750644683948,9.056208557168725,7.508092087565469,8.927849786,9.014877732,9.245688797,8.603613326,8.367835406,9.864860526,9.665214798,9.80094825,9.281274565,8.969070652,9.194364449,10.8568457,10.63269146,10.96180882,10.24033058,9.901744249,11.79391895,11.5627189,11.7232254,12.08179803,10.72393658,10.98047033,12.95000285,12.67098351,13.01335044,12.11522259,11.6847309,11.93463074,13.53393875,13.666757,,0.0,0.0,0.0,0.0,0.0,0.0,0.0,0.0,0.0,0.0,0.0,0.0,0.0,0.0,0.0,0.0,0.0,0.0,0.0,0.0,1.092652190948229e-09,6.323426861248103,9.738612543426111e-10,5.90790536644305,1.022788819466792e-09,6.82230642534248,1.0740888384173795e-09,7.590315432746943,1.1279325297431337e-09,9.06495612220112,1.1844832041300342e-09,10.406521008703406,1.2440125930669652e-09,9.880364391806834,1.3064194056076393e-09,10.55673582708794,1.371962866895943e-09,10.900245054780608,1.4407860408917597e-09,10.817014435101434,1.5132127073799599e-09,12.322155400126327,1.5893440552781432e-09,12.000762386837932,1.6691460628459838e-09,10.420113443992598,1.752954644778913e-09,10.23587147752824,1.8409660207088795e-09,9.48443396976251,1.9333452419508753e-09,9.206402130070027,2.0305226778687047e-09,8.622664781319195,2.13277555605248e-09,7.935413873989625,2.2402991046370706e-09,6.446018691793544,2.3527867825150193e-09,5.806117240932896
0.0,0.0,0.0,0.0,0.0,0.0,0.0,0.0,0.0,0.0,0.0,0.0,0.0,0.0,0.0,0.0,0.0,0.0,0.0,0.0,0.0,0.0,0.0,0.0,0.0,0.0,0.0,0.0,0.0,0.0,2.2613820406451612,2.3547539074704096,2.457024113205503,2.569040669548549,2.6254800718524707,2.750134964863613,2.897326040934109,3.0502049721955147,3.1809204709880303,3.174647679179658,3.3040226016077123,3.476287996606935,3.608583387408777,3.706259225979191,3.8689173059719204,4.06665454303656,4.04001048541085,4.1237430441572265,4.234073240273633,4.629456309048699,5.070643495392023,5.553875820594643,6.083160186389813,6.662885352245978,7.297858326408913,7.9933442250098645,8.755109929748018,9.58947190614876,10.50334857890429,11.50431769856984,6.817541418546886,6.803178306731063,6.739209275006096,6.019544511673258,5.739816934380395,7.211351464382085,6.931439840323812,6.906271685075449,6.084142261296174,5.9645828201189826,12.163330567699218,13.256485327688898,13.812165327535482,14.688735737987262,15.276991464149392,16.113899430427963,17.475098021880648,17.834895091167535,18.22129049711244,18.078602122110244,17.782342718774395,17.208494717932656,17.067798614316455,16.048837689482394,14.924210720185979,13.07781020711721,11.520977392715993,10.107530530783453,9.459403201375146,7.948974944145104,9.078923459,9.157932214,9.196233388,8.588585181,8.365297006,9.961486429,9.828765881,9.956476657,9.265062732,9.139230499,9.19157532,10.96318806,10.80141855,10.90317384,10.22244354,10.08959864,11.90943991,11.75837882,11.90925787,12.01717221,10.92738948,10.97713938,13.07684759,12.88539707,12.94374172,12.09406063,11.90641184,11.93101034,13.76295491,13.88363081,,0.0,0.0,0.0,0.0,0.0,0.0,0.0,0.0,0.0,0.0,0.0,0.0,0.0,0.0,0.0,0.0,0.0,0.0,0.0,0.0,1.0945138129159204e-09,6.275777850267846,9.73826439137888e-10,5.769585264893528,1.0227464751127068e-09,6.619330165572169,1.0740221495490464e-09,7.4918211246257735,1.1278547958290413e-09,8.92346523081415,1.1844171257029958e-09,10.090955334192268,1.243945045344287e-09,9.605668598054386,1.3063321764096833e-09,10.20025931612604,1.3718719452881643e-09,10.546105868227407,1.4406481396183347e-09,10.690886222042618,1.5131064812395535e-09,11.925596735095413,1.5892338673667762e-09,11.78523115950331,1.6690403488796955e-09,10.074111211730022,1.752821149058513e-09,9.826325972803863,1.8407950706308142e-09,9.278327327724488,1.933148425383519e-09,8.977093803314034,2.0303567496296975e-09,8.369675483710992,2.132602422902424e-09,7.765992098242315,2.24012638567884e-09,6.199796871655058,2.352588378568199e-09,5.569661834159751
0.0,0.0,0.0,0.0,0.0,0.0,0.0,0.0,0.0,0.0,0.0,0.0,0.0,0.0,0.0,0.0,0.0,0.0,0.0,0.0,0.0,0.0,0.0,0.0,0.0,0.0,0.0,0.0,0.0,0.0,2.1569883352739994,2.2460498135934075,2.34359885079799,2.450444311249502,2.5042782633333633,2.6231786283876257,2.763574823472782,2.9093963014508817,3.0340774924514697,3.0280942757649156,3.151496776332523,3.3158097676387963,3.4419979170276,3.535164679939709,3.690313865206205,3.8789228247414345,3.853508754730235,3.9333759108552795,4.038612859665436,4.415743592988738,4.836563957487347,5.297488502723415,5.802339157121187,6.355302078883749,6.9609623670909295,7.62434208076453,8.35094188115173,9.146786642516824,10.018475409643637,10.973236116274215,7.460965989918501,7.4559785066085285,6.85016176641369,6.065504832972336,6.147857936899774,7.894873001858525,7.648741316785601,7.638620018820539,6.152628045832727,6.153676185533774,13.112106337438378,13.63251618716082,14.132560845593515,14.702413246458406,15.250634608921702,16.127402074614285,17.514767355326253,17.858420308683403,18.232342461684574,18.066744362220078,17.7768740146882,17.233280047623495,17.15944503307465,16.247588111215585,14.987008034153433,13.134069570984883,11.866130308194077,10.601565849764128,10.373343773403382,8.870345913429407,9.617954325,9.70202832,9.193760617,8.515949144,8.6521362,10.51805163,10.41231614,10.54801632,9.186705538,9.181770461,9.506746921,11.57572003,11.44315838,10.90024209,10.13598951,10.13656223,12.57484058,12.45649343,12.61681725,12.01394092,10.9782527,11.35353652,13.80747333,13.65042464,12.94026128,11.99177782,11.96183208,12.34011493,14.58008455,14.70849272,,0.0,0.0,0.0,0.0,0.0,0.0,0.0,0.0,0.0,0.0,0.0,0.0,0.0,0.0,0.0,0.0,0.0,0.0,0.0,0.0,1.1001208832794873e-09,6.75685619373675,9.738137310689147e-10,5.372605925396824,1.0227287529829928e-09,6.13140038324851,1.0739794922017574e-09,7.337335837057356,1.1277944210605443e-09,8.804958964820717,1.1843985495210534e-09,9.86976267008339,1.243913405109583e-09,8.793435530818881,1.3063000461257802e-09,9.335302790339442,1.3718247092187517e-09,9.654138072190825,1.440557878360972e-09,10.468547036092433,1.5130744143163267e-09,11.635185273104522,1.5891646599571924e-09,11.177232031322626,1.668989888896893e-09,9.154310861219072,1.7527727458876933e-09,8.952465551174297,1.84068406239778e-09,9.007709122373935,1.9329921950539875e-09,8.766633832936403,2.030306344897987e-09,8.255240110592911,2.132499505661237e-09,7.408237563590863,2.2400564724711496e-09,5.8117346344222165,2.352490133679481e-09,5.135089311148053
4.748436000011797e-06,6.465863250028505e-06,8.440904587552258e-06,1.0712202125709868e-05,1.3225095294595189e-05,1.6214333288817125e-05,1.9668692932175457e-05,2.3628732522042266e-05,2.8128516150396894e-05,3.308348237300818e-05,3.900182497901378e-05,4.586037907592216e-05,5.366826383737566e-05,6.258665916304846e-05,7.294087328750147e-05,8.080037607842135e-05,8.122911379050713e-05,8.192316680927463e-05,8.277510458079656e-05,8.419235856800417e-05,8.447542445325648e-05,8.480095022126086e-05,8.517530485442855e-05,8.560581268253003e-05,8.610089668479566e-05,8.667024328733123e-05,8.732499188016118e-05,8.807795276178592e-05,8.894385777544817e-05,8.993964854066958e-05,2.0331587807626215,2.117107369501653,2.2090562587487717,2.3097678771423973,2.3605113005501805,2.472585769054548,2.604922023337902,2.7423721029357107,2.8598955285997563,2.854255799657074,2.970573942641016,3.1254539647554074,3.244397836524394,3.33221603145493,3.4784583282695176,3.656239522510812,3.632284437194311,3.7075665363668806,3.8067619854265797,4.162242193368602,4.55890387447843,4.993367413798723,5.469235328416907,5.990453455298847,6.561343669673245,7.186639721477783,7.871526487019769,8.621682961318845,9.443329347622038,10.343278634536704,7.966705041994236,7.951720844837391,7.040333253558458,5.999533553877269,6.662218065588007,8.362382606858619,8.220831588227915,8.204411378603531,6.103869173168199,6.593699403159443,11.633300587606906,13.88772971209657,14.377913417521349,14.736415513231304,15.1756723829253,16.15987628696834,17.52562666517213,17.864075166334665,18.228421889383355,18.04621319177874,17.76828304361217,17.253433975988465,17.205549065277015,16.381110056687785,15.05674860545977,13.09919973084561,12.296824573622485,11.16398845893286,11.138908978221474,9.730127303847556,9.999868571,10.06883468,9.249397953,8.309312143,9.022742591,10.83498459,10.82577328,10.94680711,8.96379283,9.447988286,9.913959786,11.92452296,11.87579196,10.96620644,9.89004271,10.43046346,12.9537493,12.95112172,13.09382357,12.08664497,11.29655804,11.83985493,14.22352409,14.19246211,13.0185711,11.70080086,12.30865549,12.86869254,15.15903739,15.2645794,,0.0,0.0,0.0,0.0,0.0,0.0,0.0,0.0,0.0,0.0,0.0,0.0,0.0,0.0,0.0,0.0,0.0,0.0,0.0,0.0,9.267021524477952e-10,4.689953746642025,9.737984630928968e-10,5.088706577827942,1.0227170872218403e-09,5.746572962936598,1.0739454087534182e-09,7.102487692004505,1.1277389090157766e-09,8.764160942760991,1.1843837574516904e-09,9.385733150582636,1.243887466957855e-09,8.204243032242312,1.3062726747955242e-09,8.620601906668725,1.3718059183615906e-09,8.941443080754985,1.4404915754585713e-09,10.121894608389413,1.5130537048770581e-09,11.030713354443806,1.5891166467849363e-09,10.407031261712756,1.6689469466708662e-09,8.4513454800217,1.7527272849967138e-09,8.179187008873889,1.8405969018843545e-09,8.599607277159187,1.9328503011425433e-09,8.585125263753813,2.030272075113048e-09,7.859782896881097,2.1324358545776147e-09,6.917066959514083,2.240003009140468e-09,5.423289881076126,2.352431708578613e-09,4.808916479476968
0.14649215584836395,0.1994758372893794,0.2604070709466872,0.3304779896527545,0.4080022813828574,0.5002221024178936,0.6067912109053808,0.7289608551341372,0.8677819331832475,1.020645672760731,1.2032301631910183,1.4148207533677084,1.6556987753770753,1.9308367277391867,2.250270568524433,2.4927410383244317,2.5059678590579924,2.527379819331241,2.553662620826004,2.597385773453568,2.6061185292025413,2.6161611983127577,2.6277102677883537,2.640991697684013,2.656265342062446,2.673830033095487,2.6940294277808325,2.717258731664979,2.743972431125385,2.7746931854897303,1.9161808811913201,1.9952994833717101,2.0819580883410764,2.1768752583652082,2.2246991561838128,2.3303254141277177,2.4550476949183597,2.5845895768095297,2.695351285870484,2.6900360390352045,2.799661811419742,2.9456308031493337,3.0577312328723454,3.1404968032443294,3.27832504166283,3.4458775853518917,3.423300757154751,3.4942514967110183,3.587739730285224,3.922767365384593,4.296607095382838,4.7060737516505755,5.154562580261256,5.645792394239141,6.1838364094896905,6.7731560193938645,7.4186377881223535,8.125633969411552,8.900006886780831,9.748177543172366,8.465349093153561,8.4120420295416,7.364495331924394,5.8858660412039105,7.075409137667303,8.390940683701126,8.335708964435412,8.218149838328502,5.491175680230467,6.446763358503431,11.514468101630719,13.413681287101616,13.93651383412123,14.255304970432958,14.611693930360024,15.82999356935875,17.29361085745166,17.695992112425824,18.110843867267196,17.91500463350948,17.622489704335628,17.029841562811058,16.848694669278554,15.869112796525428,14.311706042576892,11.911819814973947,11.3286134021746,10.103810993357168,9.811515968938805,8.392521905202772,10.52802213,10.60681735,9.706860491,8.393219289,9.708110575,11.2214882,11.39754787,11.53170027,9.054308899,10.15744507,10.66702467,12.34989239,12.51032122,11.50857997,9.989912018,11.21369506,13.41583311,13.63514882,13.79343285,12.68443385,12.14482536,12.73921091,14.73090307,14.9420519,13.66245177,11.81895514,13.23292199,13.84619908,15.95967787,16.0801732,,0.0,0.0,0.0,0.0,0.0,0.0,0.0,0.0,0.0,0.0,0.0,0.0,0.0,0.0,0.0,0.0,0.0,0.0,0.0,0.0,9.266345498787414e-10,4.850335406810001,9.737026008016996e-10,5.424240454215142,1.0226026819296963e-09,6.1396226229971,1.0738121823050707e-09,7.81805853207506,1.1275822486840374e-09,10.150377523239943,1.1842373657321344e-09,10.554917133761782,1.2437213514748169e-09,9.807046364426002,1.3061057790748737e-09,10.082474609267809,1.3716226996860855e-09,10.458813369218216,1.4402750257280277e-09,11.750723923230511,1.5128627834736526e-09,12.380389969848984,1.5888859010747037e-09,11.612865603748883,1.6686632618637983e-09,9.900064448350467,1.7524267562919701e-09,9.213844989522352,1.8402637278595243e-09,9.489356025257758,1.932465743986816e-09,9.539850728649979,2.029911305959691e-09,8.20835862932379,2.1320542084533487e-09,7.100504615742308,2.2395478431020055e-09,5.49581741821889,2.3519076751300337e-09,4.835219435308028
1.3951277990914661,1.899721416739375,2.480004077035804,3.1473291363782527,3.885636889931264,4.763898495190149,5.7788164948213785,6.942307235206682,8.264379014166872,9.720187015097506,11.45904256546511,13.474139637879222,15.768157517193455,18.388452124112995,21.43060157347569,23.739785235342897,23.86575174318848,24.069669972374573,24.31997598221514,24.736376337178683,24.819543317946444,24.915185345818863,25.025173677861165,25.151660259697664,25.297119828794628,25.464398333235604,25.65676861331747,25.87799443537351,26.132404130677365,26.424975280132788,1.7998007576900255,1.8741140553277258,1.9555094102314123,2.044661742458533,2.089581033938,2.1887920327249253,2.305939248664303,2.4276133450238104,2.5316478909519637,2.5266554680678057,2.6296230689538858,2.7667265671115517,2.8720185258891684,2.949757291434899,3.0792144686625904,3.2365906318653983,3.215385017669838,3.282026531561077,3.369836714448063,3.68451629267455,4.0356506954388465,4.420248206787199,4.841497860967639,5.302892607192044,5.808258272732174,6.361785286198509,6.968063424048607,7.63211986843665,8.359460891977896,9.156117515059771,7.805652023411564,7.265813388135384,5.8376114429448505,3.63704463038496,4.396684236364757,4.758368922331609,3.8243799167734998,2.632352820041719,2.789807457082816e-10,2.9317986829913045e-10,7.361024584062841,9.372521587069079,10.017247925381652,10.826638134753042,11.013250198681538,13.457988659482119,16.11408330563482,16.78013114153348,17.50414290591301,17.075436505877008,16.650305687269704,15.402954587710619,14.818790560622803,12.27514186617528,9.17225920937683,5.190018133142732,6.142396558991413,4.9954274287959946,4.187143810746115,3.329774899917231,11.00058058,11.03964886,10.27312493,8.829035509,10.37190216,11.71105945,11.90913566,12.0022734,9.524452065,10.95884306,11.39638196,12.88869367,13.02082886,12.17995045,10.50863619,12.09842864,14.00113926,14.24717306,14.35630031,13.42439955,13.10302288,13.61025384,15.37358311,15.6127375,14.45947163,12.432652,14.27696771,14.79293226,16.67604041,16.73635548,,0.0,0.0,0.0,0.0,0.0,0.0,0.0,0.0,0.0,0.0,0.0,0.0,0.0,0.0,0.0,0.0,0.0,0.0,0.0,0.0,9.264727029329492e-10,10.053308259050128,9.734452302455095e-10,12.724694122656116,1.022288088847555e-09,15.636595109090418,1.0734893250761318e-09,19.98489710095905,1.1273090868161907e-09,25.014430051512093,1.1839215162743416e-09,28.335935887416433,1.2433834205692215e-09,29.19408080725414,1.3057698055912042e-09,29.884654586268162,1.3712786513002368e-09,30.83765529341525,1.4399113707785415e-09,32.071929586612164,1.512513519533401e-09,32.40247682158189,1.5884336221006546e-09,31.12813430129007,1.668121225502238e-09,29.311878990472877,1.7518260572896618e-09,27.116957234137637,1.8396606204685229e-09,25.818165682031125,1.9319679848187014e-09,24.583549753762316,2.0290802481822113e-09,24.490260887601863,2.1310065741739243e-09,23.71260947391298,2.2381181512959872e-09,22.00296842477326,2.3501625048065274e-09,22.174512216550745
2.754766376790844,3.751117773949537,4.896921880684667,6.214596603433138,7.672431058840241,9.406613075548023,11.410631619515573,13.708016255825003,16.318528989321766,19.193112188537253,22.626590331090384,26.605524493732016,31.13520509059723,36.30913932452837,42.316052111826146,46.87567848705077,47.12440717028735,47.527056362527944,48.02130110502861,48.843509434533864,49.00772779677096,49.19657891332287,49.41375769733588,49.66351329892686,49.95073224072686,50.2810340237563,50.66088107419029,51.09770518211414,51.60005290610693,52.177752788414274,1.5195888441769074,1.5823322659594294,1.6510551358387655,1.726327295218542,1.764253078908141,1.8480178658336426,1.9469263709596973,2.0496569641452003,2.1374943176555594,2.133279167679783,2.2202156893750895,2.3359734727896355,2.4248724718907115,2.490508048705888,2.5998099708621587,2.7326841575856307,2.714780056463432,2.7710461184902977,2.845185088456872,3.11087203992643,3.4073381453925564,3.7320574707101275,4.08772254773096,4.47728250659236,4.9039675295337055,5.371315635161556,5.883202015256097,6.443871167374348,7.057972089692021,7.730596829904161,6.88092479922496,5.87370706029321,4.077517703688491,1.2926191955699813,1.3502464124855937,0.620048368865047,2.5268174462705613e-10,2.6548833374704115e-10,2.78913924740875e-10,2.931049667969593e-10,5.745717337767163,7.552719479054799,7.830640996560558,7.242918443969805,0.24155128564676653,4.659161522754179,5.979835885689184,1.6900309698531686,1.204362219534963,3.733362091911217e-10,3.925594835525993e-10,4.1207060884784627e-10,4.332978789118597e-10,4.545801165612663e-10,4.773458874343438e-10,5.012507212611663e-10,5.266036120137169e-10,5.530683864308236e-10,5.809044747948395e-10,6.100777818416449e-10,11.15528002,11.2071571,10.62549472,9.233543094,10.78693055,11.87467931,12.07661196,12.18438786,9.960820578,11.36640334,11.85240459,13.06876673,13.21839819,12.59772466,10.99009569,12.5483702,14.19675473,14.44752882,14.5741332,13.88485856,13.59032538,14.15486385,15.58837355,15.83229699,14.95543376,13.00226145,14.80792932,15.38486677,16.91055295,16.99030174,,0.0,0.0,0.0,0.0,0.0,0.0,0.0,0.0,0.0,0.0,0.0,0.0,0.0,0.0,0.0,0.0,0.0,0.0,0.0,0.0,9.263740731868513e-10,18.740118768800915,9.732099426327376e-10,23.425450716172715,1.022030389780261e-09,28.17232036967453,1.07326228015483e-09,33.44484115786186,1.1295673918646903e-09,34.16731767902833,1.1838715355294126e-09,41.71915396811631,1.2433211461643864e-09,41.622268383200755,1.306044924994352e-09,37.54060463167034,1.3717834284922877e-09,37.496715213859375,4.989871292411941,40.627113966298474,2.4864161073999367,40.16812624511861,4.486976643279471,41.18134898253527,1.7848052382096637,38.873260424125455,6.560829306132998,41.59314086715968,13.404273149250557,45.68568897071481,21.456064703339223,48.680024142515045,13.70159341857447,47.60176412226014,15.862890405819396,48.3594819525636,17.308904128387574,48.596279804164695,19.942673579316697,50.11667405685182
3.9358222583257785,5.359341159634377,6.996387896143028,8.878991643132364,10.961846053904473,13.439527006761914,16.302731980474995,19.585078412354957,23.31480090668447,27.421809266522835,32.327328591424084,38.01215826470523,44.48385686914993,51.87602111675575,60.458288292388325,66.97277138193596,67.32813795531015,67.90341565089594,68.60955881969006,69.78427398665006,70.01889797900164,70.28871557017631,70.5990057999962,70.95583956425482,71.36619839310987,71.83811104623526,72.3808105972582,73.00491508082709,73.72263523676038,74.5480134156774,1.4651950777963023,1.525692595340032,1.5919555263065854,1.6645333145951573,1.7011015427685265,1.7818679645320261,1.877236034268931,1.9762893802126642,2.060982590815788,2.056918322365577,2.140742946478088,2.2523571736590413,2.3380740281904835,2.4013601759181653,2.5067496297501908,2.6348675776408066,2.6176043548044854,2.6718563700418043,2.743341531494639,2.999518203901548,3.285372288792315,3.5984682679736757,3.9414022939715005,4.317017932647381,4.728429741689512,5.179049096133545,5.672612475056438,6.213212443991359,6.8053315899682385,7.453879690554393,5.749428334070101,4.382035045227302,2.068060927761869,2.1758189805091383e-10,2.287211234566101e-10,2.40379690557956e-10,2.5260048478765253e-10,2.654368163582608e-10,2.788821024092057e-10,2.930659098559295e-10,4.863212615134336,5.872635218734648,4.302651980801998,2.7721566858751936e-10,2.911477996017853e-10,3.060459438326229e-10,3.2166394431205244e-10,3.37960268456976e-10,3.5508737997342406e-10,3.730153983142559e-10,3.9193160929934995e-10,4.1172584433105644e-10,4.3255116000950365e-10,4.543284274160113e-10,4.771917719692454e-10,5.011763296298621e-10,5.26464178087452e-10,5.529558887683598e-10,5.808036601497893e-10,6.100081528861484e-10,11.15044567,11.2670688,10.65640435,9.456460586,10.92400415,11.78964851,12.07137833,12.24952368,10.2012961,11.5104903,12.00301757,12.97518545,13.28906168,12.63437152,11.25542012,12.70744045,14.0950963,14.44126771,14.65204423,13.9252497,13.76260405,14.33473504,15.47675017,15.82543575,14.99893922,13.31616387,14.99564302,15.58036808,16.90322444,17.08112923,,0.0,0.0,0.0,0.0,0.0,0.0,0.0,0.0,0.0,0.0,0.0,0.0,0.0,0.0,0.0,0.0,0.0,0.0,0.0,0.0,9.264239391269229e-10,27.32826658360517,9.731324176986782e-10,33.161965207695495,1.0221669276458992e-09,37.835521198768475,2.0494951961491075,42.71166471334706,15.052084913917861,54.90336148701428,13.049565951573857,60.70366098209016,13.608747638411792,59.887160149390624,16.997513554461136,59.5229634552747,17.422081437618804,59.83634695457052,18.471122822093026,58.46777464241643,20.045907587156588,62.48331738336651,20.913713400930476,61.8667788389664,20.413086011217704,61.549621987388385,21.71726602807434,60.00236248600068,23.299032284180495,58.173536764628075,24.557753867809815,53.659404988370106,24.286724826578713,60.19476344188676,24.990839958530742,59.175953912756654,25.929162868627447,58.24383038481846,26.464465021297944,56.90649432503936
4.724093221655736,6.432716109375109,8.397632430256902,10.657286199276232,13.15729706303151,16.131210778281027,19.56786170425111,23.507600216875414,27.984315779131013,32.91388044962735,38.801882770475295,45.62527660362027,53.39313437341225,62.26580969344445,72.56694311101162,80.38615429129851,80.81269408661797,81.50318905410224,82.35075938077595,83.7607478389368,84.0423625916257,84.36621955718235,84.73865506753533,85.16695590440013,85.65950186674381,86.22592972336952,86.87732175840357,87.62642259856368,88.48788856454266,89.47857442493083,1.370241763335246,1.4268186836189283,1.4887873844064932,1.55666170237996,1.5908600928971368,1.666392372422636,1.7555800266964394,1.8482141294633794,1.927418718666539,1.9236178388708869,2.0020101311297402,2.106391095673898,2.1865529906192225,2.2457378213432646,2.3442974146998905,2.4641125611557237,2.4479680973511724,2.498704260848992,2.56555676067363,2.8051316682362115,3.0724607162742514,3.3652662225907877,3.685976093659739,4.037249615441995,4.421999503850509,4.843416056624531,5.304993606878239,5.810559497671756,6.364305817860197,6.970824162360426,5.027104535200872,3.4478827072074183,0.7069288855478119,2.175404581551525e-10,2.286837124908585e-10,2.403518573510527e-10,2.5258011148937477e-10,2.6542155925925896e-10,2.788709378239813e-10,2.930440410042688e-10,4.190501184579012,3.9299899530938474,0.2817213465924404,2.77081917327287e-10,2.911141617841362e-10,3.059950989665528e-10,3.2159100874605196e-10,3.378951460740494e-10,3.550224014189962e-10,3.7296762940155793e-10,3.9187811295384563e-10,4.116772038617728e-10,4.3249349572377795e-10,4.5428184103880183e-10,4.771576813755288e-10,5.011543964736146e-10,5.264329171415033e-10,5.529287870203709e-10,5.807744879079785e-10,6.099821875410707e-10,11.12143952,11.3074175,10.5933487,9.571676369,11.02427094,11.78836017,12.03997652,12.29339067,10.32558683,11.49813999,12.11318817,12.97376755,13.33665137,12.55961192,11.3925541,12.69380585,14.09355602,14.403701,14.70451492,13.84285177,13.7478373,14.46630749,15.47505891,15.78426835,14.9101881,13.47840557,14.97955328,15.72337367,16.85925333,17.14229876,,0.0,0.0,0.0,0.0,0.0,0.0,0.0,0.0,0.0,0.0,0.0,0.0,0.0,0.0,0.0,0.0,0.0,0.0,0.0,0.0,9.26552142203145e-10,32.88120591675293,9.733642095995984e-10,38.687890102984746,1.0233895203067025e-09,42.524757341251025,10.931621594986964,55.14612916056294,17.02735127898852,60.032434771016696,16.706636690294726,68.57406900762088,17.70729212423829,67.36711922546587,19.57468571045484,65.17248721714726,19.788596067431673,65.06865535632186,18.99870090289132,61.59194851916472,21.987008262699437,67.64277747744491,22.172109004526845,65.80244070250039,21.894236738385853,65.13364389217806,22.32222169883139,62.648468314575965,22.88169401901143,59.93880527587894,22.82572447492243,54.42308749199456,24.00422680823221,62.21140611868076,24.261810340242214,60.87210494459023,24.3925413940478,59.2436716386633,24.264471908194878,57.04543991465891
5.108343083100691,6.955942506011666,9.08068184236417,11.524132079175244,14.227489655820357,17.443296551288142,21.15947893021204,25.419669200787606,30.260513338372693,35.59104057517467,41.95796318184637,49.336360485911705,57.73604284758178,67.33040677586153,78.46941720023317,86.92462997313491,87.38586380380933,88.13252247999604,89.04903276303986,90.57370733010382,90.87822815695856,91.22842710780303,91.63115590123398,92.09429401363508,92.62690284284139,93.23940299635346,93.94377817279988,94.75380962557371,95.68534579604179,96.75661239155275,1.530139223297025,1.593318267445186,1.6625182745016132,1.7383130422314637,1.7765021414869056,1.8608485003700892,1.9604437190313762,2.063887562192025,2.152334763151577,2.1480903477396507,2.235630462483685,2.352191942573031,2.4417081600404495,2.5077994392134193,2.6178602355360314,2.751656956700699,2.733628548891617,2.790285261513382,2.864938972190063,3.1324705660943257,3.430995011104677,3.757968835725041,4.116103265832227,4.508367907129112,4.9380153687420485,5.408608233446893,5.9240485981584685,6.488610429627762,7.1069750036386505,7.784269721550352,4.389895833793771,2.5784216167441953,2.0717244459954788e-10,2.1750599896118804e-10,2.2864653249451279e-10,2.4031861488111635e-10,2.52550272294206e-10,2.6539370819676243e-10,2.7884641674518403e-10,2.9301448720071384e-10,3.655952541985914,2.7609938697562404,2.636997043382626e-10,2.770433810474299e-10,2.910984614464319e-10,3.059626563468601e-10,3.215557172243236e-10,3.378649347494995e-10,3.549932985030999e-10,3.729462164817598e-10,3.918503652002862e-10,4.1164933624811655e-10,4.324637332049683e-10,4.5425375088956e-10,4.771340517608549e-10,5.011416869452886e-10,5.264061472071055e-10,5.529019573836474e-10,5.807496633443493e-10,6.099515009567163e-10,11.02837814,11.12768239,10.57356654,9.686892151,11.02173254,11.74326808,11.93922906,12.09798318,10.44987755,11.50911805,12.11039904,12.92414112,13.12466092,12.53615793,11.52968807,12.70592549,14.03964624,14.28317449,14.47078183,13.81700144,13.7609633,14.46297654,15.41586469,15.6521896,14.88234461,13.64064727,14.99385527,15.71975327,16.71817938,16.86981629,,0.0,0.0,0.0,0.0,0.0,0.0,0.0,0.0,0.0,0.0,0.0,0.0,0.0,0.0,0.0,0.0,0.0,0.0,0.0,0.0,9.269205940475982e-10,35.73914714688521,9.729409881398514e-10,41.52540517883772,4.532645129347886,49.245309194155844,13.557188067510918,59.759451694074336,18.060687695843775,63.21001530212575,18.244373729954273,72.52415566983485,19.281769517434224,71.31802796616971,20.924206437352094,68.79001233177468,21.09430689413458,68.72858804886936,19.79867027416598,64.10843889539784,23.34115585677326,71.17794901277225,23.325412174091753,68.57658817407321,23.036683122928146,68.25349859064154,23.21521984581056,65.47519067065582,23.540853533869942,62.16601851512421,23.21053557355341,56.51743347059491,24.788826256970175,64.75205723067927,24.859537835997184,62.96150868053688,25.01540493478926,61.74127213734296,24.890717981980774,59.28971091942928
5.165560757064833,7.033854823948759,9.18239300087021,11.65321190433564,14.38684932513231,17.638675921603582,21.396482621425573,25.70439055190801,30.59945615368799,35.98968971101908,42.42792712484785,49.88896859052374,58.3827343524185,68.08456310406882,79.34833967205624,87.8982578317864,88.36465786342177,89.11967973526734,90.04645569266131,91.58820787782189,91.89613959018351,92.25026105936044,92.65750074887328,93.12582639176804,93.66440088104147,94.28376154362988,94.99602630551304,95.81513078153758,96.75710092874147,97.84036659749272,1.7692679550496857,1.8423205613355074,1.922335081001462,2.0099749843926764,2.054132240488156,2.151660169728206,2.2668200363407984,2.3864299869026597,2.488699633996856,2.4837919053000785,2.5850127075903857,2.7197903071547422,2.8232960356603494,2.8997159983465024,3.0269769933435886,3.181683341395561,3.1608374708162508,3.226348441683435,3.312668964688657,3.6220101467533006,3.967187713810073,4.345260703007964,4.7593640480769945,5.212931441931663,5.709723808421211,6.253860487437439,6.849853391964329,7.502644420293447,8.217646433625301,9.00078813882488,4.268794888076884,2.2918557049166024,2.0697351395761357e-10,2.174748714084348e-10,2.286165739886949e-10,2.4028962763801984e-10,2.525275917507576e-10,2.653714129290259e-10,2.7882070414500457e-10,2.9298760402274e-10,3.778645979738871,2.9018685079629565,2.637083658464613e-10,2.770333902115951e-10,2.910966728494351e-10,3.059606233289516e-10,3.2155538152624286e-10,3.3786689973065545e-10,3.549967307657816e-10,3.7294719454424536e-10,3.918534464082332e-10,4.116513560032991e-10,4.324631199609978e-10,4.5425213055710897e-10,4.771290921947051e-10,5.011406614357047e-10,5.263993824948885e-10,5.528941063872878e-10,5.807386992108055e-10,6.099304800084272e-10,11.2036236,11.16803109,10.51422005,9.675621042,11.03569374,11.76130492,12.12894831,12.14185017,10.43771867,11.40619879,12.12573925,12.94399169,13.17225061,12.46579596,11.51627279,12.59230389,14.06121015,14.51014,14.52325252,13.73945045,13.63790711,14.48129676,15.43954238,15.90090932,14.79881414,13.6247758,14.85977406,15.73966544,16.98383812,16.93098582,,0.0,0.0,0.0,0.0,0.0,0.0,0.0,0.0,0.0,0.0,0.0,0.0,0.0,0.0,0.0,0.0,0.0,0.0,0.0,0.0,9.26887243977262e-10,36.665846562746495,9.73158964885614e-10,42.56663571623844,3.7195574268074636,49.95125909877941,14.458105499765983,61.72969670119518,19.047770591670428,66.02744508446204,19.361467847752717,75.96036999394447,20.382379701027396,74.60242532583533,22.025719753525905,72.19960018151342,22.190850916605523,72.3381438758934,20.872683878415096,66.58561684707692,24.695014494703702,75.37061884846293,24.81107889520013,72.91768252641467,24.450102645239536,72.35099355785208,24.49911607989331,69.41591588486706,24.788796827205086,65.0397649975737,24.589963219033596,59.55031705303695,26.345748801898484,69.1445286053618,26.383817207316756,66.99677672721774,26.842997799670844,65.49737547539011,27.034136035143593,63.274353988065386
4.933992593256257,6.718532456701369,8.770753299667962,11.130807269085047,13.74189780139792,16.847947482373844,20.43729456312443,24.55208225434652,29.22770578459992,34.376299267198874,40.52591538970996,47.65248403557762,55.76548073215609,65.0323838725778,75.79121389553978,83.95784572062477,84.4033373932251,85.12451220824157,86.00974150365461,87.48237810981881,87.77650547748998,88.11475195027462,88.50373539393817,88.95106635410826,89.46549695825081,90.0570921529421,90.73742662674778,91.51981127148953,92.41955361272828,93.45425730464352,1.948790598141683,2.0292556469169303,2.1173890148416645,2.2139214927308304,2.2625592614040264,2.369983075313491,2.496827889688467,2.628574325514577,2.741220986052122,2.735815283928137,2.847306676329561,2.9957597798413724,3.109767943494497,3.193942024852869,3.334115835073443,3.504519801129592,3.4815587586944465,3.5537169435170037,3.6487961672033475,3.989525328947919,4.369727092875062,4.786162084905131,5.242283331676305,5.7418729332653875,6.289073423886493,6.888422121264039,7.544888749502123,8.263916647412195,9.05146790399637,9.914072795329929,4.294251438793419,2.514389946582597,2.0695549196721148e-10,2.1745701632540445e-10,2.2859199996632532e-10,2.402742720326723e-10,2.525128400489119e-10,2.6535824991309285e-10,2.7880880779917836e-10,2.9297501200000713e-10,4.219411793911897,4.1063650406402905,1.1882621234198163,2.77069936739874e-10,2.911124075301037e-10,3.0599648268547987e-10,3.215949221281166e-10,3.3790195656430846e-10,3.5503155372720976e-10,3.7297201365126985e-10,3.9188316501458793e-10,4.1167783654116827e-10,4.3249158904662474e-10,4.542758658514993e-10,4.771456352857698e-10,5.011506019826712e-10,5.26413335316579e-10,5.529032848342922e-10,5.807452071848514e-10,6.099319341195159e-10,11.17703463,11.26217805,10.32876226,9.539115387,10.64224175,11.7948019,12.10016332,12.24420647,10.29046119,11.10567454,11.69342422,12.98085704,13.28329323,12.2459148,11.35379884,12.26052879,14.10125741,14.47570385,14.64568414,13.49710361,13.27858304,13.96499981,15.48351522,15.86317254,14.53778144,13.43255465,14.46825691,15.17850428,16.94353128,17.07371474,,0.0,0.0,0.0,0.0,0.0,0.0,0.0,0.0,0.0,0.0,0.0,0.0,0.0,0.0,0.0,0.0,0.0,0.0,0.0,0.0,9.265153273334334e-10,35.899209640520986,9.736547043991294e-10,41.77375181665664,1.0249417486388666e-09,46.78021756969885,12.170478038704857,60.634333282047706,19.33688129079198,67.91319946756784,18.9483774817696,77.51371741997197,19.713263248803553,75.90747962304962,21.78718926216401,74.69702311514152,21.963306326095548,74.94825301268318,21.698390066344846,70.83479845934086,23.96216033924264,78.15593433859961,24.77250850532472,76.9058494505464,24.38175911033899,76.16206268020579,25.01094501796654,74.32117673461846,26.09378349973488,70.72194293051777,26.078247580440106,64.69188094984446,26.88177224072661,74.80890164060271,27.405163801368325,72.9317813329232,28.20147239222408,71.78745145051302,29.202512222798397,70.82231956199401
4.565278189187342,6.216460423926906,8.115319993881768,10.299008499334949,12.71497375097602,15.58891014124802,18.91002739699151,22.717319391217064,27.043536287588548,31.807378366157383,37.497437243494765,44.09144154889123,51.59815870903898,60.17255155391321,70.12738045092759,77.68372461754466,78.09592495590078,78.76320679537615,79.58228341910325,80.94487074602978,81.21701814615103,81.52998765625608,81.88990259284097,82.30380476987382,82.77979227341251,83.3271779024148,83.95667137568479,84.68058886982058,85.51309398787848,86.47047487317381,2.1537633609539637,2.2426916809359865,2.3400948698136284,2.446780582592641,2.500534046010812,2.6192566397634534,2.7594429245230065,2.90504638068147,3.0295411573039215,3.0235668862940086,3.1467848842897426,3.310852206591346,3.4368516885058673,3.5298791551533846,3.6847963724810295,3.8731233374217204,3.8477472647060154,3.9274950091850602,4.032574615254006,4.40914148974211,4.8293326738011855,5.289568077701831,5.793663915594915,6.34580008683989,6.950554835205156,7.612942711089908,8.338456151546982,9.133111022880607,10.003496503455946,10.956829720326702,4.415692450050046,2.7394461753379638,2.0702614988424512e-10,2.1744000785841835e-10,2.2856628535722866e-10,2.40253771098931e-10,2.52494576984098e-10,2.6534172856648224e-10,2.7879744637764295e-10,2.9296440246613156e-10,4.682946051791028,5.540311518316689,3.8437477384387666,2.77181528230582e-10,2.9115889437483447e-10,3.0605543100062233e-10,3.216634139056279e-10,3.3796186193403394e-10,3.5508175558419464e-10,3.7301358824674613e-10,3.9191761855961403e-10,4.11708587171421e-10,4.3252526271247105e-10,4.5430770080407637e-10,4.771670273978794e-10,5.011668992961778e-10,5.264275464649953e-10,5.529131524959477e-10,5.807472677473343e-10,6.099275279576886e-10,11.134734,11.19859828,10.22861506,9.403862077,10.20436776,11.65823729,12.05436902,12.17508274,10.14455469,10.73242068,11.21229943,12.83055985,13.20830341,12.12717897,11.19281548,11.8484611,13.9379878,14.42091907,14.56300305,13.36623631,12.83229927,13.39041126,15.30424132,15.80313674,14.39682378,13.24209701,13.98198904,14.55398622,16.87940676,16.97732638,,0.0,0.0,0.0,0.0,0.0,0.0,0.0,0.0,0.0,0.0,0.0,0.0,0.0,0.0,0.0,0.0,0.0,0.0,0.0,0.0,9.265390060735886e-10,34.11486875014551,9.734611357258477e-10,40.112045424396825,1.022296796458646e-09,45.67045472661033,5.348775331301483,54.52595161670811,17.26696517369777,67.71417652850522,14.389947493507904,74.2672599104453,14.519945865562637,72.75767683428468,17.14602337920187,72.82357208272867,17.970884149351047,73.5978779729421,21.28132103182171,74.95331757812885,18.818269176610357,76.41180438843018,19.416215443170035,76.07449474289763,19.09816867347818,75.53520457274212,20.437038413846327,74.92935496215955,23.146818413682208,73.65307270419339,26.015694986932548,71.66946721312289,21.88697941565238,76.00465760906636,22.69385377001027,75.52812005404827,22.92159861577287,73.70216979961364,23.30389913717165,71.99573049706497
3.6905270169811693,5.025326868104905,6.560346696900728,8.325619500020041,10.278662592637412,12.601925152738305,15.286684427192396,18.36446268822028,21.861734853407096,25.712779010415982,30.31256792684239,35.64309764062697,41.71145565525497,48.642912433325115,56.69030045030731,62.79877646006225,63.13199525244932,63.67141947907309,64.33355315057685,65.4350556515479,65.65505699453888,65.90805853895071,66.19901031499529,66.5336048574144,66.91838858115669,67.36088986340599,67.86976633792588,68.45497428352294,69.1279634207993,69.90190092828617,2.370323032046373,2.468193043615896,2.5753900672894603,2.692802967320581,2.7519613106661183,2.8826213931514686,3.0369033284683553,3.1971471286624,3.3341597836956622,3.3275848031610264,3.4631923002086906,3.643756497700385,3.7824251552801185,3.8848064803621214,4.055300535070901,4.262563668359875,4.234636046081874,4.32240238054524,4.438047680757451,4.8524781385722395,5.3149193052735395,5.821431115162288,6.376213500534211,6.983866647232829,7.6494291388125335,8.378419735840088,9.176883136764923,10.05144009979899,11.009342341414182,12.05853266665155,4.782613911163863,3.381066088480055,0.9247299060203316,2.1745529300938062e-10,2.285661353377795e-10,2.4025277214698306e-10,2.5248601036934316e-10,2.6533506754637106e-10,2.787988777537821e-10,2.929737646218315e-10,5.238405855788779,6.7244527226127095,6.89034235406617,5.177654468729996,2.9129745257648277e-10,1.9536053874276729,2.5922991345364377,0.4220516399810651,0.017010080218173063,3.731409323756895e-10,3.926674908208155e-10,4.120357039526074e-10,4.332784258215857e-10,4.545852524839841e-10,4.772218253069866e-10,5.011974283698472e-10,5.264914690785475e-10,5.529285085446974e-10,5.807542237256879e-10,6.099183106163574e-10,10.84346396,10.874586,10.06046667,9.334983076,9.94164337,11.47658059,11.73904253,11.82281754,10.07025045,10.47718091,10.92362456,12.63063622,12.82614374,11.92782005,11.11083321,11.56667952,13.72080842,14.04368674,14.14164746,13.1465085,12.52711992,13.04565814,15.0657732,15.38974741,14.16015412,13.14510468,13.64946763,14.17927538,16.43786361,16.48611648,,0.0,0.0,0.0,0.0,0.0,0.0,0.0,0.0,0.0,0.0,0.0,0.0,0.0,0.0,0.0,0.0,0.0,0.0,0.0,0.0,9.265564415784728e-10,28.090541523409822,9.734656746835747e-10,33.380670641537726,1.0223382380215496e-09,39.558079425228584,1.073797533352726e-09,45.777553333076526,3.9495661982814876,51.93973131546739,1.1845033720618915e-09,57.448265996577284,1.2439327192761167e-09,56.23812201382961,1.3073445486837587e-09,54.3721867603998,1.4505771899773488e-09,54.64696345243846,8.394102466425116,61.92828053152366,1.9336349979551861,59.627025505965996,4.2702168336729756,61.29357428170139,1.329671132971969,58.322757886747965,4.448421867439894,60.70478010314739,12.095196480897393,65.94951109377763,17.39586802304712,67.65256596106016,9.040612837267815,67.96493780180637,11.275213209554105,69.32458212954884,11.806838789475611,69.03560007198234,13.861163453272225,70.92524235396677
2.585639207658424,3.5208202301957714,4.596278406116193,5.833055308427561,7.201386923744849,8.82909991363526,10.710082984945073,12.866421119735932,15.316663046851366,18.014762997608848,21.237444884109035,24.972094857441007,29.223678530052947,34.07996228819982,39.718084399271724,43.99777534779725,44.23123348815505,44.60916228355515,45.073063177349816,45.84479253761183,45.998928815589906,46.17618553524522,46.380030762828476,46.614452774526704,46.88403808795186,47.19406119835272,47.550587775266905,47.9605933386476,48.432099736423105,48.97433209359803,2.6081500010990197,2.7158398253683464,2.8337924898921534,2.9629860433466915,3.028080054237044,3.171849949593272,3.34161180244035,3.51793370540536,3.6686935603045767,3.6614588774125023,3.8106725874394236,4.009353739974077,4.1619357528597805,4.274589534439338,4.462190153833471,4.690249086732895,4.659519339314386,4.756091731445032,4.8833403324997064,5.3393527765385835,5.848193096247644,6.405525898425875,7.015972516652547,7.684594697597045,8.416936572386334,9.219070627843376,10.097648058786087,11.05995391889884,12.113967527484718,13.2684286329647,5.388619441434134,4.294350644636831,2.468429306202378,0.6053160344468866,2.2864463813425165e-10,2.403158910917017e-10,2.5250246695667783e-10,2.653408042681908e-10,2.7881030360112225e-10,2.929952460611429e-10,5.8713031755078156,7.759192681649718,8.425179048139539,9.238576042347969,9.081156033303342,12.064777179639227,15.594738159569777,16.456968608175657,17.347111898538234,16.490141659950186,16.33602704353547,14.632095965587474,13.862653766433974,10.529951803015459,7.166468682009957,4.669080300090557,5.049595489261514,4.1210964002671355,3.375245233893054,2.7544819863789822,10.58240865,10.5310107,9.898500202,9.401357386,9.724610175,11.27946375,11.45642626,11.4492835,10.14185272,10.41268484,10.68515401,12.41369781,12.42091028,11.7357905,11.18983431,11.49547665,13.48514568,13.70558639,13.69485154,12.93485893,12.45000471,12.76086208,14.80700992,15.01924078,13.93218556,13.23857001,13.5654434,13.86973164,16.04212369,15.96524862,,0.0,0.0,0.0,0.0,0.0,0.0,0.0,0.0,0.0,0.0,0.0,0.0,0.0,0.0,0.0,0.0,0.0,0.0,0.0,0.0,9.266075945859119e-10,20.23426663762613,9.735818268580539e-10,24.32694346966246,1.0224454555005667e-09,29.389883051679853,1.0736773594162712e-09,35.85733736564652,1.1275515269077229e-09,42.07159627710126,1.1842124011252995e-09,49.25732496489674,1.2436519159569542e-09,51.000345307801226,1.3060695101775945e-09,52.11663623397582,1.3716005288222484e-09,53.60866386922766,1.4403633885378575e-09,54.73942804498334,1.5130092133873337e-09,55.733144246300874,1.5890423260310652e-09,54.45294532023316,1.6687042899823983e-09,52.4516471269372,1.7524648715080693e-09,49.80975849621277,1.840464164195759e-09,48.53525778347637,1.932858490023581e-09,47.843642117471866,2.0299990012420484e-09,49.132387924559744,2.1319877040706016e-09,49.27191201912126,2.2392464194772763e-09,47.87918880917351,2.3515576114878853e-09,49.03199409438344
1.2287593205310527,1.6731803342683762,2.184264500067473,2.772011290737804,3.4222761153577377,4.195805346177449,5.089694746441521,6.114439642594427,7.278854846611087,8.56105827715854,10.092555940643393,11.867353425946275,13.887810514184283,16.19563594988012,18.875010192718033,20.90882454949964,21.019769597466436,21.199370652582513,21.419827762516693,21.78657252781138,21.859821876613232,21.94405862772611,22.04093089149625,22.15233399482121,22.280447563631697,22.42777816774567,22.597208362454495,22.792053086336082,23.016124518746544,23.273806665891733,2.7712968891908343,2.8857230053533773,3.011053930387925,3.148328892579978,3.2174947111906302,3.3702578051814354,3.550638724415428,3.7379900427741255,3.8981803373204547,3.890493105303646,4.049040539403673,4.260149739307098,4.422276172786172,4.541976755312276,4.741312304539951,4.983636945005429,4.950984968167192,5.053598226522962,5.188806574243802,5.673343838996494,6.214013506964357,6.806208994290511,7.454840711559756,8.165287031485635,8.943438885701282,9.795748611624033,10.729283454427872,11.751784167752197,12.871729199060983,14.098404991849106,6.592021160470234,5.947653600579682,4.646308050755718,3.646326803903843,3.303141743684822,3.831928368887086,2.8265600594014644,1.5702677649033487,2.7890827233532703e-10,2.930752007354279e-10,7.494088297358004,9.7044021708532,10.375728422382553,11.425019437141941,12.578615843794399,14.48115880717155,16.81705239248907,17.427146133789748,17.99598433692379,17.71339791398663,17.416905639213837,16.43846210225832,15.91885822194199,13.733873862409608,10.936623285911802,8.337023341487516,7.30160766554799,5.784514538560698,4.579890297059487,3.5931377007755807,10.59207737,10.50655694,9.841626481,9.566666987,9.94291257,11.39799152,11.46689353,11.42269745,10.32018288,10.71046457,10.92501913,12.54414443,12.39206804,11.66836028,11.38659175,11.82422183,13.62685138,13.71810862,13.66305112,12.86053923,12.80604728,13.04732361,14.96260614,15.03296325,13.85213553,13.47135158,13.95338505,14.18108558,16.05678072,15.92817617,,0.0,0.0,0.0,0.0,0.0,0.0,0.0,0.0,0.0,0.0,0.0,0.0,0.0,0.0,0.0,0.0,0.0,0.0,0.0,0.0,9.266377794126029e-10,10.710665647974336,9.736931938632074e-10,13.287760906703856,1.0225877990672052e-09,16.293747069980427,1.0738453894574114e-09,20.494271862993646,1.1276920003284363e-09,24.80834659174487,1.1843367732394706e-09,28.549398472403677,1.2437634332597079e-09,29.16095557888464,1.3061606275898822e-09,29.96200639369529,1.3716806456470652e-09,30.941567554524397,1.440406174132314e-09,32.31277505167744,1.5130858540687392e-09,32.68469374371925,1.5891304929835158e-09,32.14140611524958,1.66884145683008e-09,30.452023686020404,1.752598939391269e-09,29.018531639790385,1.8405325835124733e-09,28.308374206373475,1.9328880455529415e-09,27.08919854204282,2.030129428985276e-09,26.6747144336758,2.132135562602994e-09,26.14726621395693,2.239496155038764e-09,24.41096329624014,2.3518879388525083e-09,25.037173189958928
0.0948345783962356,0.1291346066963193,0.16857963924150618,0.21394142666857682,0.2641283017207893,0.32382861671026,0.3928182251636632,0.47190714727117145,0.5617757025740615,0.6607350510180042,0.7789347120945408,0.9159120423536967,1.0718491676549529,1.249965132717773,1.4567569123931037,1.6137249400929765,1.6222875826489929,1.6361490362769426,1.6531637247726725,1.6814687676029612,1.687122088798865,1.69362340817344,1.7010999254534553,1.709697920324647,1.7195856144254973,1.730956462640079,1.7440329380851314,1.7590708848443513,1.7763645236133356,1.7962522081878782,2.777373880620902,2.892050914153579,3.0176566689836375,3.155232652250718,3.2245501399548515,3.377648217908087,3.558424682384673,3.7461868309075865,3.906728396027247,3.899024307193953,4.057919409348616,4.26949153648428,4.43197348616614,4.551936552086579,4.7517092108960854,4.994565228843762,4.961841651671329,5.064679923772134,5.200184760827472,5.6857845349117815,6.227639801200617,6.821133874367733,7.4711879327085855,8.1831921428102,8.963050354135328,9.817229053000098,10.75281098186733,11.777553868556893,12.899954752352635,14.12932044036971,8.384593071176003,8.124837179352506,7.346529521986954,6.996489311303324,7.3122133085585,8.487558745628487,8.235275382710824,7.899828742093335,6.713607921683886,6.851928452087994,12.984111647067097,14.016348497478035,14.407927275806161,14.892516306077727,15.582553537144468,16.554429123504185,17.787416825452876,18.10634517830478,18.428840797803694,18.231295154121792,18.068832615072495,17.586666239713303,17.48241063654917,16.621374548136295,15.174732766957215,13.506092092680326,12.815128870760589,11.110668559111133,10.103519665760153,8.314836568617824,11.25680153,11.1460227,10.53276583,10.36566339,10.80089175,12.18903558,12.18651829,12.11792272,11.18211202,11.41168781,11.8677448,13.41473386,13.1462926,12.48778408,12.33758606,12.5983637,14.57258289,14.57901229,14.49463214,13.76368513,13.64447011,14.17318406,16.00104178,15.9763829,14.82491741,14.5964625,14.86692506,15.40477894,17.06445181,16.89762062,,0.0,0.0,0.0,0.0,0.0,0.0,0.0,0.0,0.0,0.0,0.0,0.0,0.0,0.0,0.0,0.0,0.0,0.0,0.0,0.0,9.67665947371188e-10,5.953220969078147,9.73822418482704e-10,5.787018216912378,1.022754425949996e-09,6.765457330253915,1.0740194049006233e-09,8.206633911540639,1.127875860204689e-09,9.453433601125349,1.1844918861070916e-09,10.564355593167308,1.243915198635174e-09,9.79896317053445,1.3063209707698904e-09,10.228161849153382,1.3718422776749005e-09,10.78755714424351,1.440578605111294e-09,11.83486332751903,1.513250791182341e-09,12.33912439599939,1.5892890084562681e-09,11.928239463228492,1.669050399216308e-09,10.65365671573312,1.7528511540281123e-09,10.537881712344719,1.8407969968263141e-09,11.032451326646452,1.933187504261103e-09,10.457815109505882,2.0304495450184355e-09,10.445047731958352,2.1325018538023785e-09,9.242514373820057,2.2400156508339665e-09,7.715387133099275,2.3524324387561855e-09,7.342788598617755
1.1579880000028768e-05,1.5768122500069515e-05,2.058460137512744e-05,2.6123552081456963e-05,3.225167539374584e-05,3.9541447702887356e-05,4.796549935840768e-05,5.762273876226758e-05,6.859623707672547e-05,8.067977663836048e-05,9.511267563424716e-05,0.00011183844247952158,0.00013087931585160876,0.00015262836072951213,0.00017787889733892853,0.00019704565017681397,0.00019809120101869703,0.00019978376898654275,0.0002018613661494173,0.00020531758438661912,0.00020600788935931235,0.00020680174007782232,0.00020771466840401766,0.00020876453597904149,0.0002099718836901943,0.00021136033355784962,0.00021295705090544357,0.00021479327585486035,0.00021690493454618672,0.00021933334204001672,2.660528646629602,2.770381171330375,2.890702641636778,3.0224907480650254,3.0888920212375135,3.2355492015979244,3.4087203276505873,3.588583247217706,3.742370764251647,3.734990789527979,3.8872011109547473,4.0898723137770885,4.24551858261583,4.360434754200007,4.551802897064961,4.784441864855549,4.753094981709954,4.851606806424355,4.9814109005933425,5.446581297262927,5.965640494999126,6.534166034280498,7.156872057456258,7.838921964641509,8.585971227982311,9.404214286119831,10.30043590769848,11.282067449814802,12.35724847789928,13.534894257955992,8.68086256368373,8.409861030749692,7.577750573974017,7.427053668605682,7.760197077321372,9.05651446720138,8.869338607109368,8.566502330315728,7.530188729796596,7.812469770995437,13.54519120037669,14.559165826454233,14.933795305368902,15.331448037609995,16.028222714838424,16.84976604923467,17.909928727286612,18.189567468781117,18.473439011038877,18.313904640467854,18.13505762450569,17.7287205043927,17.677134695538346,16.968857546151273,15.65433233411733,14.380651575486736,13.660729073067985,12.136073204746962,11.366816456667538,9.56271382055426,11.34140279,11.18025797,10.4684738,10.44957054,10.84912135,12.29210321,12.2781069,12.1551432,11.27262809,11.54754124,11.92073825,13.52816571,13.18667173,12.41155861,12.43745537,12.74834422,14.69580524,14.68858185,14.53915273,13.67967156,13.80690428,14.23647207,16.13634285,16.09645449,14.73442607,14.71461678,15.04391226,15.47356644,17.19270086,16.94952205,,0.0,0.0,0.0,0.0,0.0,0.0,0.0,0.0,0.0,0.0,0.0,0.0,0.0,0.0,0.0,0.0,0.0,0.0,0.0,0.0,9.668861267186912e-10,5.51174917457484,9.738265704449214e-10,5.12098426926998,1.022759504746406e-09,5.992773037927116,1.0740163870335924e-09,7.280476810829276,1.127887628597528e-09,8.142748121492312,1.1844892172004008e-09,8.886060740466606,1.243916087775702e-09,7.9674165609586955,1.3063184412773137e-09,8.352792209773858,1.3718370659335868e-09,8.915899043837982,1.4405655617549946e-09,10.08101969619773,1.513231619480887e-09,10.293999848321448,1.58926847997969e-09,10.026621271387212,1.6690428378274352e-09,8.697871618684793,1.7528463801604526e-09,8.711533786402239,1.8407807555698607e-09,9.506087465111847,1.9332095923359752e-09,9.070460443125572,2.03045205755001e-09,8.917465679062635,2.1325093003873326e-09,7.944789009145406,2.24005014939675e-09,6.531580980874631,2.3524803238553026e-09,6.148305363294858
3.693228000009176e-06,5.029004750022171e-06,6.565148012540646e-06,8.331712764441009e-06,1.0286185229129592e-05,1.2611148113524431e-05,1.5297872280580912e-05,1.8377903072699544e-05,2.187773478364203e-05,2.5731597401228585e-05,3.0334752761455164e-05,3.5669183725717244e-05,4.174198298462552e-05,4.8678512682371034e-05,5.673179033472337e-05,6.284473694988328e-05,6.317819961483888e-05,6.371801862943583e-05,6.438063689617511e-05,6.548294555289215e-05,6.570310790808838e-05,6.595629461653624e-05,6.624745933122222e-05,6.658229875307892e-05,6.696736408817442e-05,6.741018922347986e-05,6.791943812901427e-05,6.850507437027796e-05,6.91785560475708e-05,6.995305997607635e-05,2.1084943312134596,2.1955535049210955,2.290909417884373,2.395352749354354,2.447976391744715,2.564203606141902,2.701443375416495,2.843986454884254,2.9658645291114323,2.9600158287454112,3.0806439604090503,3.241262821924588,3.364613974687688,3.4556861368525045,3.6073472155320228,3.791715816647143,3.7668731127366146,3.844944673526212,3.9478156563552544,4.316467632972247,4.727826998479334,5.178388911519971,5.6718893748740715,6.212420432386484,6.804464099680461,7.452929528467824,8.163193712619117,8.941146073521,9.793237294420376,10.72653280866812,8.892082555752044,8.670468646276944,7.925335227180044,7.604617436155781,8.045758682304493,9.246045822957056,9.207676986970663,8.969507587484978,7.821737673439043,8.20189550995716,13.631798397641889,14.47240248758377,14.864251329891514,15.234760329147294,15.833268962364464,16.605641102835495,17.715767781336762,18.025951787096588,18.336353975542185,18.183815897459148,17.966584963774494,17.53370815822535,17.479597868122728,16.836068406026712,15.690779680984939,14.512377307013432,13.92345179668466,12.67751031818205,12.427931390059149,10.836575389912868,11.00058058,10.86602718,10.21625121,9.999978517,10.49374536,11.81026204,11.90913566,11.81351242,10.78762408,11.16193707,11.53026016,12.99787182,12.81604896,12.11252023,11.90233475,12.32264194,14.11974077,14.24717306,14.13051732,13.35007985,13.34585376,13.77013934,15.50381038,15.6127375,14.3794216,14.08152145,14.54155464,14.9667112,16.67604041,16.47314112,,0.0,0.0,0.0,0.0,0.0,0.0,0.0,0.0,0.0,0.0,0.0,0.0,0.0,0.0,0.0,0.0,0.0,0.0,0.0,0.0,9.656107025080019e-10,5.182212533371518,9.73724588669953e-10,4.715829159288225,1.022640520676892e-09,5.412858087188561,1.073875986661656e-09,6.577974915170811,1.1277378908705542e-09,7.53833816037839,1.1843203610429658e-09,8.074777824945704,1.2437378263824045e-09,7.362963303034206,1.3061266093569143e-09,7.623787119440848,1.3716331968099328e-09,8.153716693374006,1.440307105708385e-09,9.150269164259504,1.512971063037768e-09,9.34862390628908,1.5889647899443058e-09,8.942023687013887,1.6687335148846523e-09,7.647743111478067,1.7525232602749425e-09,7.43581792178547,1.8404165991592374e-09,8.115889149158011,1.9328486595830975e-09,7.883852796856204,2.0300823229236394e-09,7.545158789987366,2.132099563256174e-09,6.652013698085485,2.2396063031458336e-09,5.545197454409239,2.3519998617320314e-09,5.090037033084151
0.0,0.0,0.0,0.0,0.0,0.0,0.0,0.0,0.0,0.0,0.0,0.0,0.0,0.0,0.0,0.0,0.0,0.0,0.0,0.0,0.0,0.0,0.0,0.0,0.0,0.0,0.0,0.0,0.0,0.0,2.0678380905230074,2.1532185787970746,2.2467358276049394,2.3491652702254724,2.4007742172290074,2.514760324532208,2.6493538201083937,2.789148366814263,2.9086763733901724,2.902940448366388,3.0212426139212476,3.178764403276556,3.2997370843113045,3.389053182117607,3.537789913680375,3.718603497306601,3.694239813393725,3.7708059889804537,3.871693401175207,4.233236986144912,4.636664471007718,5.078538595178659,5.56252332338377,6.092631796187481,6.673259606450006,7.309221247030813,8.005790031959455,8.768741822092752,9.604402917829225,10.519702515986108,8.323613439670101,8.348447611405492,7.549144400607229,7.137351606997105,7.533253953005076,8.63329219571444,8.600343870150622,8.6282318734578,7.325043396894745,7.6112913919331815,13.920205874791371,14.079017238421885,14.654888256982252,15.02493932898432,15.635230867740228,16.440099050082313,17.609175667759388,17.94395782757459,18.292178752802588,18.129662857340957,17.890511885979336,17.42358415387764,17.318963009752185,16.601082629835584,15.426099501455003,14.105508037667848,13.337371066236555,12.058404536451455,11.719587095012475,10.39271730965709,10.39145153,10.50166619,9.795880228,9.486516877,9.93402817,11.14805252,11.24969769,11.41738024,10.23371977,10.51423184,10.91525717,12.2690722,12.38629959,11.61412293,11.2911942,11.6075833,13.32803718,13.45827224,13.65669103,12.80076034,12.57142015,13.03566529,14.63450106,14.74822205,13.78774747,13.35848779,13.69773687,14.16841419,15.75264727,15.92076169,,0.0,0.0,0.0,0.0,0.0,0.0,0.0,0.0,0.0,0.0,0.0,0.0,0.0,0.0,0.0,0.0,0.0,0.0,0.0,0.0,1.1162883950532887e-09,6.026191319692655,9.737309481832326e-10,4.988709442295064,1.0226581752016097e-09,5.568325751920214,1.0738829014848009e-09,6.7998695817605705,1.1277431253137645e-09,7.881826582112565,1.184336139901138e-09,8.551119248115508,1.2437542795287395e-09,7.97537830191486,1.3061545750155749e-09,8.256491577355005,1.371676573636795e-09,8.507181124817803,1.4403364503551427e-09,9.5621395043688,1.5129905801443729e-09,9.955756207914927,1.5889779268309663e-09,9.466457460030744,1.66874968862653e-09,8.246985274158478,1.7525581730570793e-09,7.94549237709718,1.8404330055615302e-09,8.311611639033911,1.932861932061171e-09,8.056241495884846,2.0301359028573376e-09,7.645424229442054,2.1321600310454733e-09,6.658732169852816,2.2396942515250806e-09,5.571342744216017,2.3521229806590578e-09,4.991658137086816
0.0,0.0,0.0,0.0,0.0,0.0,0.0,0.0,0.0,0.0,0.0,0.0,0.0,0.0,0.0,0.0,0.0,0.0,0.0,0.0,0.0,0.0,0.0,0.0,0.0,0.0,0.0,0.0,0.0,0.0,2.8128024726912964,2.9289423434275705,3.0561503438467517,3.1954812667076196,3.26568297853885,3.4207339982218294,3.6038164740210386,3.7939737442856427,3.9565632013584375,3.9487608380283414,4.109682829611,4.323953802097682,4.488508395565187,4.61000172810031,4.8123227164974045,5.058276641735037,5.025135637771485,5.1292857300837875,5.266519086885457,5.75831324352141,6.307080495742168,6.908145267100532,7.566491511170269,8.287578152300743,9.07738435033179,9.942459079035558,10.889975429385455,11.927790087924993,13.064508483428074,14.309556142018144,7.3961520575011255,7.194913296774143,7.900695616365659,7.603493653515314,7.638013971695382,7.928300402024461,7.448311506237388,7.212651985985744,7.692990008927063,8.21217920227207,12.158404402036092,13.77841365397736,13.881615505427803,15.108077944378167,15.866091418435717,16.68334683462686,17.694760629252393,17.951326926167958,18.2736503900498,18.171370809450984,18.032921648462136,17.512141457148573,17.195256527139055,15.901322965043232,14.849582365766931,13.657543606235153,12.44061752050575,10.764850210347324,8.355832492962346,6.52065108320377,10.20895453,10.12385564,10.95684596,10.79897492,10.90369695,11.3490344,11.05212798,11.00662573,11.64955321,12.16094004,11.98070453,12.4902643,11.940687,12.990579,12.85332906,13.425529,13.56832076,13.22191506,13.16537452,14.31785159,14.54031915,14.30808746,14.89833813,14.48921047,15.4218122,15.20663237,15.8430363,15.55140493,15.47599575,15.3479924,,0.0,0.0,0.0,0.0,0.0,0.0,0.0,0.0,0.0,0.0,0.0,0.0,0.0,0.0,0.0,0.0,0.0,0.0,0.0,0.0,1.0983676190789993e-09,4.287382702611373,9.739103513746854e-10,5.612103156672049,1.0227859040194709e-09,6.4294369016204,1.074112489837941e-09,6.727500673136632,1.128064354086084e-09,7.825085075624492,1.1846346462761087e-09,8.316094477087649,1.2441032127569306e-09,9.151575507785754,1.3064914414066695e-09,9.858697597052103,1.372016963003626e-09,10.374794957775645,1.4408735991194287e-09,9.611832463854439,1.5134594058270117e-09,9.799682995130969,1.5895661264926562e-09,10.112199265223003,1.6693192058484322e-09,9.863409909331857,1.7530910460579235e-09,9.699690648418079,1.8410803209416688e-09,8.505154517225952,1.9336852536780767e-09,8.393370316455329,2.030948316303361e-09,7.487556651135084,2.13320142484166e-09,7.141235369579177,2.2409797172613566e-09,5.944345227764826,2.353354230205677e-09,5.482214826663378
0.0,0.0,0.0,0.0,0.0,0.0,0.0,0.0,0.0,0.0,0.0,0.0,0.0,0.0,0.0,0.0,0.0,0.0,0.0,0.0,0.0,0.0,0.0,0.0,0.0,0.0,0.0,0.0,0.0,0.0,2.7152293302902106,2.8273404317631563,2.9501357212081527,3.084633401738936,3.1523998904459654,3.3020723542687866,3.4788038926467815,3.66236480835387,3.8193142091475965,3.811782501548098,3.9671222794657,4.173960418572206,4.332806787257829,4.4500856446027015,4.64538833192702,4.882810375667706,4.850818998075165,4.951356233854904,5.083829110674281,5.558563448235364,6.088294544961436,6.668509015206436,7.304017924466676,8.000090832780273,8.762499489256971,9.597565690696245,10.512213701133318,11.514027666966296,12.61131450374772,13.813172776070108,7.029626879901961,6.878355951438328,7.473828209003951,7.2785252984837605,7.271539469787998,7.61150130597726,7.070895157611355,6.889639421917258,7.360095841137641,7.604022078751859,11.936852321111475,13.53864870749515,13.697337392575024,14.905636296581736,15.755325092610432,16.538275878250268,17.646621507742903,17.915798607238077,18.25136695871434,18.135911136247596,17.972727496611054,17.457091483382055,17.12407568300819,15.786784485214449,14.650968830506388,13.491403808712711,12.06191051169076,10.545546291255423,8.173935869898482,6.425120754684106,9.74485621,9.705696383,10.42396393,10.3631587,10.42393936,10.91357366,10.54969905,10.55200423,11.17941005,11.41580458,11.45355911,12.01101475,11.44748471,12.35878713,12.33460489,12.60290857,13.04770634,12.62084777,12.62158731,13.62150832,13.64939235,13.67853827,14.32669115,13.83053203,14.67177823,14.59293551,14.87228831,14.86715035,14.77245812,14.71405359,,0.0,0.0,0.0,0.0,0.0,0.0,0.0,0.0,0.0,0.0,0.0,0.0,0.0,0.0,0.0,0.0,0.0,0.0,0.0,0.0,1.0928218330263917e-09,4.450415491536578,9.738894122130538e-10,5.701594376664616,1.0227658753179725e-09,6.582659470460545,1.0740902925374373e-09,6.996934811842975,1.1280441996366194e-09,8.066108535229136,1.1846100237678408e-09,8.81817768464425,1.2440716169842337e-09,9.44973416658027,1.3064670553052401e-09,10.246307071893735,1.3719910681166265e-09,10.713608760229375,1.4408486411851974e-09,10.072966265365483,1.513419385041515e-09,10.41162969249973,1.5895225552702962e-09,10.447062229562778,1.669264192552958e-09,10.101402458497752,1.7530476315560782e-09,9.956343289069274,1.8410311663071961e-09,8.741690090891119,1.933636757672377e-09,8.496033990594018,2.030878230303089e-09,7.70183590406862,2.133140618579535e-09,7.192423609529113,2.240882084363995e-09,6.012792255020991,2.353268087077635e-09,5.524239942196067
0.0,0.0,0.0,0.0,0.0,0.0,0.0,0.0,0.0,0.0,0.0,0.0,0.0,0.0,0.0,0.0,0.0,0.0,0.0,0.0,0.0,0.0,0.0,0.0,0.0,0.0,0.0,0.0,0.0,0.0,2.6332912511392994,2.742019150978516,2.8611088196740386,2.991547733797873,3.05726921810932,3.2024249827161255,3.3738232541694693,3.551844811313937,3.7040579151468656,3.6967534935620487,3.8474055484662375,4.048001887064598,4.202054713567614,4.315794420760913,4.505203415470083,4.735460721413054,4.704434754734457,4.801938055998598,4.93041326936278,5.390821443276176,5.904566726926341,6.467271936109272,7.0836029517282,7.758670313136443,8.498071594087682,9.30793781711391,10.194984291195155,11.166566294257557,12.230740062216228,13.39632959025719,6.804583256052719,6.75826566922289,7.273540960537918,7.009683126424626,7.056985352124476,7.407099167529759,6.843539996088486,6.776836578957075,7.084917145138153,7.367753336737705,11.829302946293963,13.381205110114124,13.632618566193056,14.818812754720202,15.654106410415176,16.483294503647443,17.589178301798558,17.891327886558184,18.246044027185754,18.123848023003067,17.929117392204027,17.397901612560947,17.09404788335814,15.708481710572473,14.584533499870515,13.335632769626702,11.954925414673646,10.430919508773316,8.090856510868427,6.481655970559345,9.437874507,9.50028482,10.13464978,10.00123086,10.11425457,10.60952415,10.21736325,10.32868139,10.78897506,11.06450683,11.11328535,11.6763908,11.2052099,12.01577252,11.90382533,12.21508015,12.68420042,12.2232668,12.35446377,13.24344724,13.22936057,13.27216261,13.92755302,13.39484368,14.26456721,14.08328495,14.41462443,14.42546221,14.30709729,14.40264505,,0.0,0.0,0.0,0.0,0.0,0.0,0.0,0.0,0.0,0.0,0.0,0.0,0.0,0.0,0.0,0.0,0.0,0.0,0.0,0.0,1.0885621293255099e-09,4.563423145715879,9.738770399035896e-10,5.752816197776149,1.0227508834134427e-09,6.629463380388478,1.0740726839408559e-09,7.118834656139847,1.1280244057252776e-09,8.255484496577187,1.1845933278835388e-09,9.003675075786996,1.24404972060924e-09,9.609412637295437,1.3064376816132302e-09,10.46999914335778,1.3719658024733597e-09,10.821993527389472,1.4408231780143086e-09,10.271222227162028,1.5133865948687044e-09,10.604323550057872,1.589479376147912e-09,10.593010939644744,1.6692241413233976e-09,10.250097816109472,1.7529983168390925e-09,10.07230834478375,1.8409849861539541e-09,8.81803788508627,1.9335855898505245e-09,8.56028563792605,2.030821524421953e-09,7.735285277113733,2.13307964778047e-09,7.172023594338646,2.2407964635693496e-09,6.0144992844596885,2.353203067455727e-09,5.475340512258949
0.0,0.0,0.0,0.0,0.0,0.0,0.0,0.0,0.0,0.0,0.0,0.0,0.0,0.0,0.0,0.0,0.0,0.0,0.0,0.0,0.0,0.0,0.0,0.0,0.0,0.0,0.0,0.0,0.0,0.0,2.5473346446883425,2.652513418963619,2.767715730428905,2.8938968221784074,2.9574730079931966,3.0978905588050045,3.2636940014450464,3.435904530690252,3.583149053149136,3.5760830644726602,3.7218174941848674,3.9158659127516167,4.064890105154759,4.174917090010629,4.358143344998378,4.580884529577701,4.550871320909217,4.6451918929971585,4.769473383639227,5.214852789202462,5.711828260115944,6.256165493408356,6.852378065034371,7.50540969473715,8.220675238751365,9.004105589110463,9.862196851859379,10.802064211949443,11.831500931460367,12.959042970336647,6.761220797503651,6.723057237237773,7.216095052783011,7.0196698580440895,6.951171163240512,7.278443081440772,6.813669528812856,6.757187989580706,7.111256977135858,7.338847775827023,12.056516981416644,13.2647241896122,13.61779662026241,14.805921780048884,15.649603919371046,16.436726044475236,17.53712164764556,17.859452472368172,18.230873503141552,18.109415876870838,17.899797463590854,17.352581411843445,17.040249124104974,15.72372563613201,14.626670272678217,13.403340900662219,12.003565113869003,10.435190378222215,8.236717926584403,6.6326217663554115,9.308555442,9.375570656,9.983810783,9.91356668,9.908644171,10.37633364,10.07736353,10.19309252,10.69440603,10.91493084,10.88736588,11.41975124,11.05811448,11.83693584,11.79948426,12.04995008,12.40540985,12.05578191,12.19228162,13.04633847,13.05051891,13.00235581,13.62143437,13.21130568,14.05226061,13.95984018,14.21975973,14.13221025,14.11105946,14.21357557,,0.0,0.0,0.0,0.0,0.0,0.0,0.0,0.0,0.0,0.0,0.0,0.0,0.0,0.0,0.0,0.0,0.0,0.0,0.0,0.0,1.0867662325608762e-09,4.89096859655564,9.738640049108044e-10,5.760838862961364,1.022741825241495e-09,6.6245722460450285,1.074063562341879e-09,7.143903030718324,1.1280156221791132e-09,8.208263005061378,1.1845792404077353e-09,8.967660494779503,1.244025296597209e-09,9.682583119317357,1.306413135984388e-09,10.448862456166417,1.3719418125078914e-09,10.80806526762183,1.4408021318829638e-09,10.277930196956232,1.513355773615431e-09,10.561106814634412,1.5894462131711414e-09,10.606391096226483,1.6691780048400379e-09,10.27119282016265,1.7529555995545278e-09,10.017829651944135,1.8409472440758035e-09,8.795084902557893,1.9335518576572916e-09,8.447606310958296,2.030773567772632e-09,7.646002236973559,2.1330258022312956e-09,7.105044341479788,2.240708465346293e-09,5.9571593994199015,2.3531420036696365e-09,5.378089168135231
0.0,0.0,0.0,0.0,0.0,0.0,0.0,0.0,0.0,0.0,0.0,0.0,0.0,0.0,0.0,0.0,0.0,0.0,0.0,0.0,0.0,0.0,0.0,0.0,0.0,0.0,0.0,0.0,0.0,0.0,2.475883833327548,2.5781124224845975,2.690083396189846,2.812725203690735,2.874518125547974,3.010997070195209,3.17214985159302,3.3395300056595665,3.4826444305593967,3.4757766375244135,3.617423326637696,3.806028833736655,3.950873010183985,4.0578138212794,4.235900718307734,4.4523941810202645,4.423222820169214,4.514897771503027,4.635693260271717,5.068580110152393,5.551615794749528,6.080684780089622,6.660174039733438,7.294888625822093,7.990091511965738,8.751547233159188,9.585569684582955,10.49907447562855,11.499636273264949,12.595551610212173,6.731150100864427,6.744882654716814,7.259108601022103,7.107103203531821,7.006203645685766,7.289324190050565,6.795307347664855,6.796402504611394,7.218516539725633,7.34172396277523,12.640790535354062,13.245123119911405,13.632429284163768,14.840224665483545,15.633773469212397,16.397222314388717,17.507044961521338,17.832220773316514,18.213304374039808,18.093563065653512,17.878888848488238,17.335410168278628,17.0209278326958,15.755269477681427,14.724323114983846,13.537479395533456,12.101368732987456,10.585020162896392,8.392566725217767,6.833549568942072,9.207033934,9.322995077,9.949191997,9.919828407,9.880721771,10.30032126,9.967457199,10.13593251,10.70116097,10.8175006,10.85668546,11.33609526,10.99610367,11.79589136,11.8069372,11.9423883,12.31453337,11.92429844,12.12391072,13.0011004,12.93402572,12.96571538,13.52164983,13.06721977,14.0035345,13.96865766,14.09282951,14.09238591,13.95716061,14.13386982,,0.0,0.0,0.0,0.0,0.0,0.0,0.0,0.0,0.0,0.0,0.0,0.0,0.0,0.0,0.0,0.0,0.0,0.0,0.0,0.0,1.0872343025880582e-09,5.401528402946274,9.738659714347825e-10,5.715056694245624,1.0227449167909765e-09,6.587198624975611,1.0740665975747887e-09,7.1021471274217465,1.128017938256835e-09,8.062736988212048,1.1845812597589508e-09,8.907228196135602,1.2440234265719483e-09,9.615734412453183,1.3064039150534337e-09,10.422820105620707,1.3719317800685233e-09,10.72508691515262,1.4407957531025046e-09,10.161042776688891,1.513349394383003e-09,10.496478924165466,1.5894353260067952e-09,10.450379569342946,1.6691659304121992e-09,10.159452043452617,1.7529352358813094e-09,9.982938334578625,1.8409335210324816e-09,8.710880128078024,1.9335485661839162e-09,8.320368969878356,2.0307647836437855e-09,7.594108908815816,2.1330098958542016e-09,6.991708729833284,2.2406382344819276e-09,5.935042389857912,2.353090704241983e-09,5.295231360598127
0.0,0.0,0.0,0.0,0.0,0.0,0.0,0.0,0.0,0.0,0.0,0.0,0.0,0.0,0.0,0.0,0.0,0.0,0.0,0.0,0.0,0.0,0.0,0.0,0.0,0.0,0.0,0.0,0.0,0.0,2.4338667210270803,2.534360434721432,2.6444311993323617,2.7649917078122175,2.8257359697516926,2.959898791539405,3.1183167214783643,3.2828563421420034,3.423542036427784,3.4167907936231967,3.556033660407116,3.741438428171866,3.8838245191686855,3.9889504857997466,4.1640151501001315,4.37683459951177,4.3481582927211475,4.438277469638777,4.557022992432221,4.982563514048219,5.4574018170349365,5.977492210297124,6.547147218037997,7.171090348017344,7.854495258284452,8.603028656500326,9.422897287566744,10.320899399174914,11.304481112023431,12.381798162102555,6.6801058301648615,6.932911812480117,7.402435230879689,7.218706318410417,7.193328600482175,7.276005198706355,6.74839301077947,7.009933878129084,7.34651922385731,7.533818726676544,13.664757982175887,13.218230741320395,13.735611978036166,14.894959850726961,15.649633069011582,16.413494606078714,17.481628892859195,17.808875996234892,18.207899953784604,18.09281777916495,17.87906651091395,17.34702840290896,16.99831540800527,15.738962573655641,14.891571157334303,13.702961210875738,12.371828813682555,10.862201381895071,8.457350332403742,7.128640421370743,9.113972551,9.467272247,10.04686643,9.983698026,10.01906457,10.23590399,9.866709732,10.29279022,10.77006126,10.95060952,11.008693,11.26520035,11.16627288,11.91169543,11.88295712,12.08933891,12.23751941,11.80377192,12.3115332,13.1287364,13.09317839,13.14725205,13.43708667,12.93514101,14.14101173,14.05859599,14.26624122,14.28969741,13.81608665,14.35259724,,0.0,0.0,0.0,0.0,0.0,0.0,0.0,0.0,0.0,0.0,0.0,0.0,0.0,0.0,0.0,0.0,0.0,0.0,0.0,0.0,1.0916085813050813e-09,6.212098643541392,9.73874986074865e-10,5.694468820089858,1.0227613655047275e-09,6.453163617832573,1.0740975876661532e-09,6.972214907185429,1.1280522930620666e-09,7.930691099803592,1.184617670522192e-09,8.700990296317014,1.2440379101566533e-09,9.592267776343025,1.306418254995433e-09,10.443381546674914,1.3719469199170753e-09,10.453389747057795,1.4408378442237104e-09,9.946644894096107,1.5133934481141419e-09,10.24328993887652,1.589475927285067e-09,10.177268564180697,1.6691820144797553e-09,10.108375957066714,1.7529516582578486e-09,9.974911912748212,1.8409896983787007e-09,8.605054686747264,1.93362258494102e-09,8.247393878561873,2.0308414810158927e-09,7.528484882494779,2.1330718031359965e-09,6.89340337237842,2.2406290950510496e-09,5.945744795802449,2.3530966862502306e-09,5.15784134491738
2.7065400000067244e-05,3.6854487500162475e-05,4.811193812529787e-05,6.105800634423374e-05,7.538113479603318e-05,9.241936001562431e-05,0.0001121087115181718,0.00013468036574612838,0.00016032848310832285,0.00018857107557486625,0.0002223047744114061,0.00026139754307343807,0.0003059013595348252,0.0003567349259654278,0.0004157524523602176,0.00046055048414107413,0.0004629942272330493,0.0004669502292880734,0.000471806151651005,0.0004798842948681335,0.0004814977295676236,0.0004833531794718333,0.0004854869468614615,0.0004879407793592982,0.0004907626867315194,0.0004940078802091752,0.0004977398527079895,0.0005020316210808866,0.000506967154708543,0.0005126430183775539,2.3945244943466424,2.493393777898635,2.6016853041746137,2.7202970129061734,2.7800593745213162,2.912053522033951,3.067910706121028,3.2297906268930765,3.3682022079632614,3.3615600955898923,3.4985521717362964,3.6809599650414273,3.8210444567683517,3.9244711152271665,4.096705947619692,4.306085278084626,4.277872509314539,4.366534955238677,4.483361016611055,4.90202289055153,5.36918567211743,5.880869066767384,6.441315888928263,7.055173293241831,7.727531308187198,8.463965041957167,9.270580910555973,10.15406727143335,11.121749882506364,12.181652646410843,6.551427067445213,7.354097544815711,7.774011484099576,7.536351269310338,7.52196140457798,7.287684378851799,6.616818113425193,7.476278033012566,7.696213693838941,7.856450933634459,13.072558986538668,13.219907994840199,13.952671399623252,15.063029741270167,15.734589989295033,16.463774140412834,17.463367730531594,17.78250920689618,18.219848010435978,18.11296178242051,17.891092574568333,17.38207388805249,16.99328589276239,15.692483445900764,15.184345826723723,13.9792652894466,12.737959010983166,11.306219856950023,8.450541814946984,7.714532880861048,8.945978627,9.847528177,10.3757449,10.25670934,10.30209616,10.19983032,9.684840928,10.70620334,11.06457623,11.2181996,11.31968091,11.2254992,11.6147697,12.30161803,12.20790502,12.38475508,12.19439158,11.58619809,12.80602976,13.55849814,13.41312447,13.51865276,13.3897313,12.69671314,14.60390972,14.44303828,14.61485237,14.69337141,13.56142069,14.92907377,,0.0,0.0,0.0,0.0,0.0,0.0,0.0,0.0,0.0,0.0,0.0,0.0,0.0,0.0,0.0,0.0,0.0,0.0,0.0,0.0,9.598419836720495e-10,5.251652553617403,9.738926288300107e-10,5.675630158022312,1.0227872503978535e-09,6.1592520583785415,1.0741590003774204e-09,6.68623956208178,1.1280935405144958e-09,7.623806670058753,1.1846688413803417e-09,8.385564889707954,1.2440667739623423e-09,9.547311654836106,1.306434637425641e-09,10.563313023165549,1.3719731826035715e-09,9.897651074039338,1.440925226020143e-09,9.456966418149646,1.513460141959673e-09,9.847635275342826,1.5895346068295042e-09,9.744773548973754,1.6692202525549285e-09,10.045355969661042,1.752971257487477e-09,10.051431540997388,1.8411168878717153e-09,8.308458178726129,1.9337139704718607e-09,8.000686060469695,2.030947969173515e-09,7.39418529263734,2.1331613261050448e-09,6.767417751312867,2.240610790342029e-09,6.01137797598347,2.353146883431559e-09,4.9676244017343425
0.013245868428032907,0.018036670154829515,0.023546092140658274,0.029881927424376117,0.03689169912366298,0.04523024536740353,0.054866258854563824,0.06591287786281136,0.07846512493861775,0.09228711404195476,0.10879646311414966,0.1279285531694792,0.1497088223467829,0.1745868855812357,0.20347019746915918,0.22539445629417515,0.22659042973141005,0.22852650615081438,0.23090300561936,0.23485646731571866,0.23564608593382944,0.23655414734455701,0.23759841796678954,0.2387993291822416,0.24018037707986897,0.24176858216194547,0.24359501800609365,0.2456954192265023,0.24811088062939696,0.2508886612413585,2.3662164026963275,2.4639168526252777,2.5709281554339203,2.6881376354016897,2.747193485801836,2.877627197230432,3.0316418361850976,3.1916080109735994,3.3283832889983778,3.321819699741502,3.45719225424339,3.6374436208580425,3.775872032373653,3.878075979879354,4.048274650423355,4.255178696425559,4.227299459279784,4.314913736913689,4.430358679462566,4.844071128694303,5.305711107354069,5.811345375980927,6.365166590408697,6.971766966572184,7.636176358584759,8.363903965656435,9.160984013682597,10.034025790286742,10.990268448205239,12.03764103141962,6.4069825570673995,7.881548937422118,8.247387892638077,7.930673907397079,7.982538165308932,7.354273607647996,6.425622889217975,8.009648151435366,8.080586466348606,8.272032366516779,12.44024655932431,13.216333987060825,14.160703563563818,15.20543959218965,15.798856340898151,16.50450085782426,17.436468326275918,17.741820458245858,18.226345363864183,18.121827832955727,17.89855483950826,17.407698511721534,16.972257200631574,15.58206830724957,15.377320149956782,14.179229364353873,13.015126426113516,11.646006377486948,8.248176188324408,8.210198169710472,8.786444828,10.36350246,10.84186214,10.64869347,10.76662335,10.27713105,9.512130984,11.26716904,11.48743488,11.68613918,11.83009155,11.31057309,12.22334094,12.85425268,12.67445865,12.90135465,12.28680835,11.37958121,13.47701865,14.16759654,13.97261994,14.12821626,13.49120709,12.47029243,15.25997192,14.99501276,15.22447496,15.35590362,13.31957963,15.71130237,,0.0,0.0,0.0,0.0,0.0,0.0,0.0,0.0,0.0,0.0,0.0,0.0,0.0,0.0,0.0,0.0,0.0,0.0,0.0,0.0,9.268510482864597e-10,4.1761437272499045,9.739113041953337e-10,5.671133071685902,1.022804917608958e-09,5.862943478911226,1.0742029791481271e-09,6.403849778308355,1.1281293979448957e-09,7.3761425394820295,1.1847031900448408e-09,8.083719361270004,1.2440987825407273e-09,9.603549866049805,1.3064513414260628e-09,10.90567949211191,1.3719916608926322e-09,9.410588399786302,1.4409972998768995e-09,9.033158889848119,1.5135068175778466e-09,9.467292093723303,1.5895733609530767e-09,9.327381776021035,1.6692640537164509e-09,10.083815120030561,1.7529914933155862e-09,10.3223421740796,1.8412156389113507e-09,7.993704966749586,1.9337959465626584e-09,7.789889153357721,2.031023029509209e-09,7.19523049904741,2.133235073832274e-09,6.569823968308282,2.2405898040180178e-09,6.166975888534606,2.3532013281125215e-09,4.7874254938150544
0.3283992848168159,0.4471756315189714,0.5837684302267642,0.7408501487410919,0.9146404913888503,1.1213745864566365,1.3602762451030053,1.6341504574026566,1.9453530776713945,2.2880358818184825,2.6973452795040154,3.171679199198113,3.711668318054737,4.3284597514145435,5.04455164215543,5.58811063622157,5.617761906244503,5.665762240457207,5.724681799418418,5.822698324396665,5.842275009071928,5.864788196446006,5.890678361923612,5.92045205222,5.954691796057313,5.994067501465389,6.039349562678731,6.091423933065104,6.151309458995172,6.220177813780851,2.334357285925973,2.4307422813431314,2.536312766824989,2.651944119574711,2.71020483254291,2.8388823635822313,2.990823324761184,3.1486356893419267,3.283569403108709,3.2770941870692325,3.410644063807386,3.58846849714136,3.7250330863447823,3.82586094352575,3.9937680318996502,4.197886288675504,4.170382422045581,4.2568170470075195,4.370707620352879,4.778849778881531,5.234274162902859,5.733100490722223,6.279464967583538,6.877897979090473,7.5333616565947175,8.251291022565416,9.037639057113669,9.898926059355448,10.842293712914788,11.875564303854636,6.3231055064489805,8.206970397340502,8.425284143161269,7.877062551907651,7.87918320630306,6.935279870207275,5.376918844393513,7.268671443527624,6.92860150950588,6.981414141413068,11.290198357714786,12.052303463005472,12.898228853979385,14.010528467270666,14.721622679342142,15.678523735978215,17.02222103435005,17.396294658764486,17.9876304980938,17.840865632707033,17.57059530305128,16.900504944159124,16.323235194974192,14.212699658119812,13.75228773427427,12.038920925700456,10.603092397737239,8.958171836121416,5.616665911647827,5.419227982122338,8.985862077,11.08488831,11.54536534,11.26985682,11.50402853,10.89553682,9.728018414,12.05145759,12.15752399,12.54654421,12.64033359,11.99116418,13.074187,13.68833522,13.41378965,13.85123128,13.02614243,11.63785231,14.41513109,15.08689891,15.00136967,15.09585668,14.30301346,12.75331832,16.25015598,15.86970714,16.34539392,16.40762824,13.62188095,16.80493951,,0.0,0.0,0.0,0.0,0.0,0.0,0.0,0.0,0.0,0.0,0.0,0.0,0.0,0.0,0.0,0.0,0.0,0.0,0.0,0.0,9.26828399352998e-10,4.757854111593758,9.738555786110185e-10,6.821286979942064,1.0227308629321482e-09,7.26074325900529,1.0741169527441664e-09,8.476513942868472,1.1280401169983912e-09,10.346152704088029,1.184612175451055e-09,11.61328938160059,1.2440306527155757e-09,13.784222933402258,1.3063972129135751e-09,15.681021637030502,1.3719384618103773e-09,13.667888828704541,1.4409124871997852e-09,13.355514826866829,1.5134121010250049e-09,13.64577480595236,1.5894593636984747e-09,13.402536952300553,1.6691538149566168e-09,14.190365065504125,1.7529012300409772e-09,14.257731370505459,1.8410427342533456e-09,10.99018520805356,1.933605249092573e-09,10.41457231091586,2.030817043620882e-09,9.334687098773783,2.132982139048873e-09,8.540893589849022,2.2402918156681066e-09,8.988388134932498,2.3527087043299173e-09,6.710030591199622
1.4869118054196941,2.024702112163426,2.643160964920139,3.3543886455920164,4.14126889807195,5.077310420545169,6.158998819391043,7.399034405021279,8.808083910757091,10.359668005359659,12.212921053177135,14.360589265358442,16.805528194120015,19.598209256918327,22.84049855332124,25.301601005690564,25.435854719024256,25.65318851633984,25.91996189813455,26.36375679920343,26.452395249104026,26.55432946647851,26.671553816447467,26.80636181889882,26.961391021701882,27.13967460490352,27.34470072555848,27.580480764271073,27.851627808725983,28.16344690969564,2.2882386693254597,2.382719439251308,2.4862042265525046,2.5995511140849206,2.6566608021005758,2.7827961217334076,2.931735268675622,3.0864298209228376,3.218697723312239,3.2123504345646685,3.343261839634639,3.517573093168512,3.651439650683019,3.750275507189533,3.9148653473084587,4.114950951635535,4.087990463813897,4.172717447296246,4.284357947048247,4.684436664799785,5.130863479047267,5.619834768693321,6.155405022243395,6.742015120957514,7.384529162079772,8.088274791321275,8.859087379030031,9.703358406348485,10.628088462574233,11.640945293154669,5.7304050374464515,7.321823268787803,7.004519518740277,5.860687330546405,5.328006820062287,3.783958947967733,1.1999000521913206,2.266535854328265,0.7184213162172652,2.9330012478949427e-10,7.365920532015957,8.761705086809657,9.043095317386317,10.684911970381599,11.77372139308533,13.21666607474731,15.469435232145909,11.56756649455861,14.763431914704945,16.81750580227121,16.42752406925268,14.947202481152223,12.82794667383662,4.995873131327718,8.111672730052861,6.4780898121438115,5.502486015868314,4.463200453003636,0.13255316257249797,0.5024957667326028,9.505555512,11.72924482,12.13388471,11.81462709,12.12593652,11.64406549,10.29063414,12.75200008,12.74520295,13.23404488,13.32367025,12.81496297,13.83418,14.38609143,14.06219486,14.61022361,13.92104473,12.31092245,15.2530722,15.85594623,15.82338501,15.91193896,15.28563742,13.49090095,17.07849976,16.63682823,17.24105643,17.29462492,14.40969653,17.78179845,,0.0,0.0,0.0,0.0,0.0,0.0,0.0,0.0,0.0,0.0,0.0,0.0,0.0,0.0,0.0,0.0,0.0,0.0,0.0,0.0,9.266955911187938e-10,9.598433175395122,9.736582165926717e-10,13.82490447593336,1.0225215615883491e-09,15.665883162815334,1.0738754609866276e-09,19.64730530514652,1.1278158298687686e-09,24.466890434405386,1.184406036688067e-09,28.02299442279816,1.2439027229828277e-09,31.072235685745483,1.3066110025330483e-09,29.082550008995522,1.372116828203136e-09,29.714679560726516,1.4408088007076197e-09,32.0097530371552,1.513297027381427e-09,32.1873977883294,1.5892834611767993e-09,31.209427757296325,1.6691076242673034e-09,30.369268093549206,1.7532399720916063e-09,25.053349122258293,1.8408751632580302e-09,25.379093154960614,1.9333677902345522e-09,25.069210979551976,2.030493444154831e-09,24.46521769169959,2.1325485175300173e-09,24.452414704928728,2.2699197670338812e-09,24.202572905266134,2.36097520043819e-09,22.525089521029628
2.706987504126725,3.68605810864375,4.8119893038409165,6.106810178320676,7.539359844644718,9.243464079639043,11.212724777120789,13.47026340364749,16.03549921038464,18.86022542506784,22.234153067676512,26.144076300644596,30.59519378077144,35.67939091502754,41.58211936074674,46.062663237428744,46.30707795190761,46.702743566649055,47.18841609162311,47.996363978787485,48.15773412555174,48.34330979431024,48.556721813361214,48.80214563524626,49.08438303038495,49.408956034754596,49.78221498973068,50.21146278787924,50.70509775563253,51.272777968269374,2.0817796908231627,2.1677358240891684,2.2618835768567123,2.3650036104642895,2.4169605108759433,2.531715125517835,2.6672160657952886,2.807953123282464,2.9282870013141675,2.9225124040295327,3.041612176280181,3.2001959955090187,3.3219842881595674,3.4119025652862387,3.561642096860721,3.7436747462945217,3.719146799645356,3.7962291931223704,3.8977967997591265,4.261777952822694,4.667925391810454,5.112778681734462,5.6000264901889105,6.133709014789726,6.7182514839856236,7.3585008504961555,8.05976598163563,8.827861679773656,9.669156897947733,10.5906275504105,5.092659616241545,6.242257257469458,5.40001776951514,3.7523302714383258,2.267344564713927,0.3275372350897437,2.5255339098302007e-10,2.65442991155554e-10,2.7890554271768335e-10,2.9307547412105385e-10,5.76810724617867,6.64729395990995,4.751724430911292,6.619380037531219,4.968886547818966,2.5243177171079427,3.2171395761017557e-10,3.378727893273293e-10,3.5502266170611667e-10,3.730602590499695e-10,3.9199702808929576e-10,4.11747294751635e-10,4.3250876637817437e-10,4.5426739713631036e-10,4.771945552334878e-10,5.012210706972239e-10,5.26451762834616e-10,5.529296672497282e-10,5.807062279911529e-10,6.098906065224983e-10,9.881426811,12.09605119,12.47389065,12.22414406,12.22366492,12.10271644,10.69754923,13.15079086,13.1869754,13.44400018,13.43105172,13.31973469,14.26681359,14.7892069,14.54961671,14.84201169,14.46938418,12.79772434,15.73007852,16.30024878,16.07441963,16.04018046,15.88772715,14.02436188,17.55705972,17.21349166,17.51458211,17.43401011,14.97948873,18.33788513,,0.0,0.0,0.0,0.0,0.0,0.0,0.0,0.0,0.0,0.0,0.0,0.0,0.0,0.0,0.0,0.0,0.0,0.0,0.0,0.0,9.265679482010068e-10,17.612820770702935,9.735112536848744e-10,22.671831566660128,1.0228011677811172e-09,24.402088910468105,1.0738537930054692e-09,30.921466618501835,1.1279679444762857e-09,35.563031296116584,1.1848167222253798e-09,37.488644011556055,4.98737404099176,38.33699600776485,17.880765217816172,45.308991650676326,16.574016417874457,42.957183666095,9.649644828680321,41.18756385707124,8.256737598731867,41.268417887573875,9.908946041388544,42.78536006310163,16.076473297580993,45.38755317512551,23.58828047056184,47.06725432557943,17.69008460821712,45.14957525758803,18.29018598037988,46.19994164584894,18.3446337806555,46.665656814668914,19.53550420813406,47.21494621426527,27.429954946813876,44.84385964443511,28.548683017199274,43.86827395535771
3.712299849957223,5.054974558542035,6.599050473418118,8.374737775529752,10.339303146904312,12.67627215257459,15.37687057818369,18.47280666645585,21.990711527833227,25.864475513427067,30.49140159355439,35.85337958900663,41.95753881708828,48.92988879280072,57.024753615773236,63.16926752127766,63.5044521892911,64.04705883228398,64.71309886344075,65.82109984819637,66.04239912302023,66.29689328903972,66.5895615799329,66.92613011442775,67.31318392905689,67.75829581582576,68.27017448554275,68.8588349556159,69.5357944960388,70.31429796714194,2.1523792557839485,2.2412504264292896,2.3385910196384634,2.4452081713818017,2.498927090407598,2.617573387683667,2.7576695824337887,2.9031794672649216,3.027594237946569,3.021623806271813,3.1447626188420927,3.3087245041058373,3.4346430130882815,3.52761069610317,3.6824283566618052,3.870634294227552,3.845274529317095,3.9249710243100395,4.0299831014996945,4.406307977183618,4.8262291274958145,5.286168763433502,5.789940646676758,6.341721990393776,6.94608809616767,7.608050291822091,8.333097484722884,9.127241675108115,9.997067806840674,10.949788368923935,4.237919564449878,5.0015697052306605,3.6957428471558105,1.6070780733114016,2.2876888283944322e-10,2.4030654539599476e-10,2.5250262521449007e-10,2.653840862793342e-10,2.78851486772413e-10,2.930226007565572e-10,4.721565555311209,3.633464047503017,2.6360521440478096e-10,2.770644774790784e-10,2.9113333997505135e-10,3.059394097139125e-10,3.215147264858367e-10,3.378249109183192e-10,3.5496234564280225e-10,3.729494502968396e-10,3.918337310309498e-10,4.116391187901177e-10,4.324401229055486e-10,4.5423461385064823e-10,4.771262911209183e-10,5.011507803017505e-10,5.263823995906592e-10,5.52878543535441e-10,5.806753088341507e-10,6.098499271636819e-10,10.10259867,12.29779469,12.63338434,12.42702402,12.46735131,12.20964911,10.93698802,13.3701258,13.40583515,13.64434968,13.69880813,13.43742023,14.50476206,14.97830469,14.79109176,15.06319508,14.59722736,13.08417047,15.992432,16.50866706,16.31396901,16.35995147,16.028102,14.33826333,17.78154785,17.49917813,17.77559354,17.78156799,15.31476838,18.6437328,,0.0,0.0,0.0,0.0,0.0,0.0,0.0,0.0,0.0,0.0,0.0,0.0,0.0,0.0,0.0,0.0,0.0,0.0,0.0,0.0,9.265592033669417e-10,24.658921638275473,9.738906974855654e-10,29.35814791121231,5.403637786724491,34.17572454428629,4.52675755281832,40.11922148649229,12.276000165282948,51.76069516172629,16.892927769926278,58.01973677198727,21.521185566802412,57.751124244263245,27.126849888142722,56.03114089593675,27.35253883725683,55.439230090351046,24.282536207895625,57.40524077844605,23.324865064003767,57.08462542130001,24.09156498219804,56.887436245360114,27.169390088210974,55.4452726637082,31.72086823269759,53.54792507171995,28.61574460600706,54.092916848034434,28.77727328453338,53.99608946044257,29.0851140477115,53.58295478807823,29.98632311481024,52.93667504801053,35.750211534341986,47.954946608923585,37.084933870716796,47.589609776393665
4.458041586719076,6.070438195354012,7.92469429528845,10.057088810218024,12.416303981243855,15.222732727637192,18.465838235542797,22.183698427116685,26.40829417746327,31.060235465317742,36.61663708091471,43.05575079934834,50.38613810388048,58.75912180810469,68.48011566049964,75.85896425249254,76.26148216581566,76.9130898153756,77.71292664896293,79.04350733150751,79.30926209544097,79.61488007393086,79.96634074915916,80.37052052563287,80.83532726852968,81.3698550227954,81.98456194012029,82.69147489492212,83.50442479275063,84.43931717479323,2.239166754864914,2.331621358411302,2.432886885677046,2.5438030176925994,2.5996879725706057,2.7231182852046265,2.8688633907312533,3.020240475295945,3.1496718557442844,3.1434606863686363,3.2715646599597057,3.4421377601979497,3.573133512167764,3.669849806252255,3.8309099714890706,4.026704684401739,4.0003223717372345,4.083232361502241,4.192478699697756,4.5839776181136,5.020830685209915,5.499315849601278,6.023400650159872,6.597430732212408,7.226165881085222,7.9148194896459,8.669101787102937,9.495267187508661,10.400166150576814,11.391301984821812,3.5951388586067634,3.9788779064363164,2.3462771192465777,2.1767733161211092e-10,2.2861913935748537e-10,2.4025984173118244e-10,2.5247314211963226e-10,2.6534944694484387e-10,2.7881917057105794e-10,2.9298374156819224e-10,3.745638492984104,0.1626499130921002,2.6354315042347416e-10,2.7699452239402635e-10,2.910923479599121e-10,3.0590833077404257e-10,3.2149138928108335e-10,3.3781433309828863e-10,3.5494803433246166e-10,3.7292948100761257e-10,3.918088616190191e-10,4.1161805147610176e-10,4.3242697147706253e-10,4.542226144060868e-10,4.771095965447787e-10,5.011323501968746e-10,5.263651710273088e-10,5.528609404635894e-10,5.806553046160696e-10,6.098158256869467e-10,10.2923472,12.38093746,12.7038583,12.37567786,12.42292931,12.40418926,11.14240818,13.46051837,13.35044472,13.56887555,13.64999837,13.65152284,14.60282567,15.06185953,14.7299777,14.97987257,14.82980955,13.32991933,16.10055343,16.60075886,16.2237278,16.30165988,16.28348275,14.60756675,17.88074028,17.42687476,17.67726731,17.71821108,15.60241267,18.76977912,,0.0,0.0,0.0,0.0,0.0,0.0,0.0,0.0,0.0,0.0,0.0,0.0,0.0,0.0,0.0,0.0,0.0,0.0,0.0,0.0,9.271786135216169e-10,29.98384186442686,9.779857681517202e-10,33.00901563323849,16.498961020787384,47.65062170238991,15.686447951958119,54.35624989939562,20.26268860615455,62.89498656449656,22.69781648272459,66.95840952894349,25.957996795423913,64.25706917275568,30.413461399648572,60.34007240295395,30.221981412761224,59.409281769239506,28.56533691900191,63.134971903858684,27.259779208724833,61.9223113259299,27.94575103214694,60.78627005152445,30.84902433848535,58.980532442888695,33.67189489406201,54.98775215864069,32.60340942034968,57.78903566946826,32.96874506836677,57.19027615644775,33.2160928098557,56.64369168182259,34.51968766779563,56.21828251748062,40.10773786318526,52.243535083756136,41.040769653360265,50.66165139606544
4.843524184632034,6.595343187937826,8.609935041744118,10.926715673626752,13.489929927090932,16.539027886629384,20.06256163015702,24.10190164138863,28.691794151152425,33.745984358874075,39.7828427149844,46.77874044634276,54.74297933949115,63.83996694717885,74.40152585300008,82.41841643484827,82.85573968767216,83.56369122830763,84.4326891889325,85.8783239121949,86.16705823673048,86.4991027099099,86.88095385402815,87.32008266972193,87.8250808077177,88.40582866634152,89.07368870367124,89.84172774646811,90.72497264547418,91.74070427883119,2.4230081067569595,2.5230534711377883,2.6326331587456093,2.7526557905839537,2.813129044047975,2.946693302932223,3.104404456620939,3.2682099893176813,3.408268019124394,3.4015468967618285,3.540168536192906,3.7247461268408464,3.866496967096034,3.971153917773363,4.145437536979724,4.35730749959721,4.328759131181948,4.418476244431902,4.536691988081246,4.9603339750155335,5.433053802931998,5.950823830449736,6.5179373415907085,7.139096770344182,7.819452692658586,8.564646534369864,9.380857349196793,10.274853054677846,11.254046550895316,12.32655718729847,3.1950174288015485,3.249091241125717,1.466235639722035,2.1749963948599185e-10,2.2857082950811753e-10,2.402252287656181e-10,2.524492152604978e-10,2.6532039774556447e-10,2.7879131642969813e-10,2.9294898219122586e-10,2.9361368010091264,2.5077254555942604e-10,2.6352505356844537e-10,2.7698056667753934e-10,2.9108334731434346e-10,3.0590074500725345e-10,3.214882388678555e-10,3.378053945723675e-10,3.5495148326496716e-10,3.7293101992085383e-10,3.918079097460461e-10,4.116169653748637e-10,4.3242799661746e-10,4.54201517440438e-10,4.771073516781226e-10,5.011273117543749e-10,5.263548422941996e-10,5.528499352599212e-10,5.806266216581648e-10,6.097834078554472e-10,10.46154972,12.3674879,12.70880384,12.51343586,12.46354371,12.41449602,11.32558539,13.44589605,13.4990532,13.63474388,13.69462443,13.66286603,14.58696244,15.06772303,14.89394224,15.0525904,14.84213178,13.54905845,16.0830632,16.60722145,16.30248376,16.35495505,16.29701286,14.84770994,17.88770115,17.62085941,17.76307929,17.7761374,15.85891076,18.74938927,,0.0,0.0,0.0,0.0,0.0,0.0,0.0,0.0,0.0,0.0,0.0,0.0,0.0,0.0,0.0,0.0,0.0,0.0,0.0,0.0,9.269857302122201e-10,32.56452362275486,5.990195981222703,40.69286128370691,18.614445667532237,52.37587296631493,18.19086295562423,59.55254461780218,21.395184534100984,66.85015546663962,23.229728332201628,70.12385020110041,26.114851145263042,66.18319375498453,30.073481925706147,62.1314998027541,30.19469359241874,62.17252509560213,28.10133846634674,64.88414934725549,26.835793785662577,63.595463296986125,27.303217206400962,61.9286886215521,30.171618517552933,59.214642487130945,34.41977870853103,57.808376391788364,31.441462749379514,58.19138029121182,31.781761776593907,57.599482099420285,32.07534931210148,56.80659408387617,33.26310834274077,56.33415163332532,39.123698011158126,53.72526836774251,40.422238290302396,53.39971925995003
4.897965503568169,6.669474991207652,8.706710901997742,11.049532199411804,13.641557037763173,16.724926925789035,20.28806526650693,24.372807548783385,29.014290551849452,34.12528996926505,40.23000274678614,47.304534523339505,55.35829163775356,64.55752958730588,75.23780064876762,83.34480125802669,83.78704003388249,84.50294896548907,85.38171448240679,86.8435981719248,87.1355778766527,87.47135453705289,87.85749769647458,88.30156232976685,88.8122366580003,89.39951213539665,90.0748789343138,90.85155075293473,91.74472334413609,92.77187182351207,2.6766737743797817,2.7871929271385616,2.908244555156909,3.0408324033270597,3.107636625379464,3.255183778834282,3.429405774967335,3.610360173033514,3.7650809328318364,3.75765617353693,3.9107901666886553,4.114691257587937,4.271282048823544,4.386895576654246,4.579425016210287,4.813475728189161,4.7819386199040625,4.881048252876207,5.011640049025217,5.479633281483225,6.001842333316267,6.573817907789919,7.200302754511786,7.886491607127095,8.638074257397442,9.461282734238898,10.36294297892397,11.350531444928766,12.432237091748313,13.617029286705524,2.8844932622423847,3.1516894918550955,1.2706514730570522,2.174685614434132e-10,2.2854864630547502e-10,2.4019666722561127e-10,2.524235215109283e-10,2.6529610167961174e-10,2.7876440573893596e-10,2.929190292894343e-10,3.040785222973623,2.5074820432033015e-10,2.635098874080215e-10,2.769669280230246e-10,2.91073179601026e-10,3.058929146846793e-10,3.2147356812912224e-10,3.3778496358315266e-10,3.549499581056046e-10,3.729358846760926e-10,3.9181687758745816e-10,4.1161936784693547e-10,4.3240195323318465e-10,4.5417051045622174e-10,4.770972514088321e-10,5.011146928339389e-10,5.263406621633612e-10,5.528340431447567e-10,5.80582403263592e-10,6.097348110748686e-10,10.45913254,12.60835741,12.88560693,12.69252126,12.7656133,12.29725659,11.32296857,13.70776866,13.69224421,13.81039275,14.02653081,13.5338373,14.8710585,15.27734307,15.10709614,15.24650461,14.70196636,13.54592789,16.39629735,16.83825877,16.51249966,16.75133787,16.1431079,14.84427932,18.13655233,17.87303944,17.99191123,18.20696435,15.85524651,19.11455286,,0.0,0.0,0.0,0.0,0.0,0.0,0.0,0.0,0.0,0.0,0.0,0.0,0.0,0.0,0.0,0.0,0.0,0.0,0.0,0.0,9.271609881825182e-10,33.1550473270169,6.8837868368398345,42.30657545138612,17.824252323314674,52.7121040671349,17.65982463195245,60.42500532617305,20.55133998091438,67.37536315441241,21.996133196906538,70.41818037073918,24.8488152998856,66.23121385494801,27.98617943182069,62.32561349508891,28.021141891920486,61.50829651718809,26.150119010573857,64.76372537448874,24.894396642928125,63.15647416658568,25.24622091343244,61.24349003318235,27.986703927954068,59.59952164674051,31.484496153629163,57.998009765097194,28.710116803383865,56.02324566861694,29.007335192180793,55.420629212506014,29.116355910593434,54.516620226057846,30.125280605842818,53.61998476400668,34.235925762736535,53.42444920734671,35.730541772366415,53.30118184333502
4.63679882387952,6.313848836337585,8.242456350668792,10.46035499215485,12.91416927753079,15.833129376365399,19.20627597274808,23.073213826130782,27.467206171318804,32.30567962938155,38.08488019874263,44.78218760058608,52.40650661400533,61.11522775015827,71.22601114796359,78.90073463526016,79.31939259319562,79.99712821417128,80.82903666929242,82.21297058374478,82.4893815038488,82.80725406193349,83.17280750369441,83.59319396167908,84.07663838831158,84.6325994788707,85.27195473292976,86.00721327497101,86.85276059811709,87.82514001925645,2.927467461602572,3.0483418194275864,3.180735503555135,3.325746305781849,3.39880981775256,3.560181552674253,3.7507274569442424,3.948636562432963,4.117854042082296,4.1097336123705706,4.277215651649273,4.5002214638279465,4.671484189422909,4.797930245003175,5.008498927334097,5.2644792601790416,5.229987250274303,5.338383061685633,5.481210789755352,5.993053126832264,6.56419108993716,7.189758500926959,7.874942486185046,8.625424505239152,9.447427460709994,10.34776729783758,11.333909521444111,12.414031098961695,13.597088262821622,14.892890774392763,2.7921361547081323,3.4026708044361995,1.4995066359877618,2.1746413736116558e-10,2.2853179813837377e-10,2.401735875728758e-10,2.52400920214334e-10,2.6527586839018663e-10,2.787443832277888e-10,2.9290108692259854e-10,4.047528760564853,0.08108815886976851,2.635149783253808e-10,2.7697575413656967e-10,2.9107559076220443e-10,3.058924892193214e-10,3.2146584957682277e-10,3.3777441982279926e-10,3.5494408718699757e-10,3.729345043260748e-10,3.9182901242549876e-10,4.11612153136234e-10,4.323850520477025e-10,4.5415048148381374e-10,4.770846110539817e-10,5.011080108093535e-10,5.263312626980073e-10,5.528248741210459e-10,5.805437907469205e-10,6.097023909473322e-10,10.35640244,12.76486146,12.92269849,12.78519482,12.8113045,12.09112133,11.21175384,13.8779194,13.79221718,13.89410042,14.07673514,13.30697361,15.05564883,15.3213193,15.21739955,15.33891685,14.45552166,13.41287914,16.59982005,16.88672814,16.61258536,16.81129494,15.87250578,14.6984781,18.18875887,18.0035382,18.10096395,18.27213145,15.69951552,19.35181651,,0.0,0.0,0.0,0.0,0.0,0.0,0.0,0.0,0.0,0.0,0.0,0.0,0.0,0.0,0.0,0.0,0.0,0.0,0.0,0.0,9.26996038571421e-10,32.33288947152527,9.748133629335952e-10,36.05652361388268,13.490570184108922,49.361836474253224,13.209994093356377,57.36668856249632,17.319506920059617,65.92209750655128,19.204484123179874,69.89174936016335,22.10002235484341,65.8884808638661,24.76827604174425,62.05224392278799,24.58005590204476,61.53292856023626,22.702215745960924,65.60011148904731,21.659069877493216,64.66738345952443,21.968177226573413,63.92665287603117,24.42160728924327,60.53828461837885,26.857153825505794,58.342933824064566,24.265312844641645,58.57798883753092,24.305226241158998,57.4869814134787,24.287175801783224,56.8505126802311,24.869313015725343,54.837490728145724,27.943357710959653,53.872720943793595,28.300099875647224,53.555300076334305
4.222447475494491,5.749633765077098,7.5058979981011325,9.52560186608348,11.760139599585798,14.418257013893008,17.48997413412211,21.011356578583783,25.01269512916554,29.418795288833586,34.68155776384173,40.780383657664714,47.72338200488248,55.65387866278319,64.86114718033663,71.8500457814927,72.23129183177986,72.84846397371183,73.60603183239883,74.86629532134644,75.11800574401597,75.40747273005414,75.7403597639648,76.12317985292529,76.56342295518444,77.0697025227203,77.65192402531011,78.32147875317305,79.09146669003206,79.97695281698407,3.093281767384417,3.2210025540741296,3.360895131737285,3.514119472053651,3.59132136495406,3.761833335437656,3.9631719256214986,4.172290775151764,4.351092880175157,4.3425125022546265,4.519480870053859,4.755117925591077,4.936081121071122,5.0696891913278606,5.2921846671545465,5.562663948917356,5.52621828154165,5.640753726084545,5.791671341023001,6.332504873699985,6.935992588288046,7.596992682077413,8.32098608480592,9.113976058815432,9.982537977348976,10.933873846719164,11.975872024441054,13.117172628501269,14.367239180133616,15.736437074131628,2.9113541273113093,3.7722167510502,1.9508126203732903,2.1751244902834388e-10,2.285257941371393e-10,2.4016343475919426e-10,2.5238882227813953e-10,2.652656425318784e-10,2.787359506322615e-10,2.928988773858316e-10,4.614149915426506,2.9341259537339455,2.636452094901639e-10,2.771016099612779e-10,2.911096767725323e-10,3.0591607316699584e-10,3.214814535335038e-10,3.3778457728759415e-10,3.5495904607685305e-10,3.7295202029675895e-10,3.918466745293139e-10,4.1162373128364973e-10,4.3239349121524085e-10,4.541553114964299e-10,4.770935380271478e-10,5.011161954965269e-10,5.263398479479163e-10,5.528265026683529e-10,5.805365956751495e-10,6.097053553457926e-10,10.22708337,12.74285307,12.81760575,12.64618448,12.62600131,11.94296161,11.07175411,13.85399195,13.64225772,13.81450952,13.8731287,13.14391532,15.02969081,15.19671998,15.05194443,15.25104947,14.27838954,13.24539425,16.57119967,16.74939826,16.51742191,16.56813573,15.6780105,14.5149401,18.04084033,17.80779006,17.99727448,18.00784265,15.50347769,19.31845131,,0.0,0.0,0.0,0.0,0.0,0.0,0.0,0.0,0.0,0.0,0.0,0.0,0.0,0.0,0.0,0.0,0.0,0.0,0.0,0.0,9.2673648666519e-10,29.942059849890637,9.73986839471056e-10,35.325712217587444,1.9742461314417976,38.96132962641899,2.1801396450460877,46.98167627796824,10.985941341085704,60.78974551174323,14.56616083776138,67.27668409513791,18.593737171371014,65.34683088730581,21.284359662938126,62.31036187096367,20.663151371637902,62.38333241604246,18.65793740931454,66.47743084847376,17.784404111597844,67.14349569874499,18.324289240300335,66.71776613143592,20.61956877563858,63.075675987758515,22.643425034136826,59.83614914709727,19.95242815041748,63.222483760182826,19.842009724680974,63.40369861743809,19.697252713553674,63.39528103588929,20.141663537945302,61.76165970717266,22.9669547808859,55.70220193017683,22.769036830171522,55.80907871839688
3.4806509558846472,4.739542262289144,6.187267264657644,7.852151017385298,9.694126777466082,11.885268046281633,14.417348123720743,17.320096646345185,20.61848293338111,24.250522602667004,28.588726771112167,33.616115341439624,39.33937275889724,45.87664549779129,53.4663877391571,59.22748168712763,59.541750706946246,60.050498493207186,60.674977378211565,61.71383868860793,61.92132880621283,62.15994244143224,62.434348121907185,62.74991465442305,63.112816166778856,63.5301529059368,64.01009015590543,64.56201799327428,65.1967350060973,65.92665957048449,3.193245916445529,3.3250941964316727,3.469507617502471,3.627683637603291,3.7073804281916733,3.8834027547682215,4.091247910585078,4.307124756773246,4.491705126314103,4.482847460308635,4.665534832591816,4.908786861324302,5.095598160277584,5.23352398043727,5.463209739136171,5.74242997412386,5.704806509056204,5.8230433423221655,5.978838091673247,6.537149490236173,7.160139836784154,7.842501163359255,8.589891524358011,9.408508186760958,10.30513901709186,11.287218765553709,12.362890714044719,13.541074199228396,14.83153857055544,16.24498419646489,3.570106757860324,4.394553031480679,2.8739894880516372,0.865786915233871,2.2855768129423381e-10,2.401715632766044e-10,2.523934318794024e-10,2.652688243246425e-10,2.7874486246033463e-10,2.9291912000368655e-10,5.3103716870005115,5.587161674230633,5.005907519232591,6.317976396412391,4.768796296667501,2.3706498425539255,3.215729938015296e-10,3.378336652909139e-10,3.550174275252848e-10,3.7349649248234336e-10,3.925272001264022e-10,4.1188862034833074e-10,4.3243802945666194e-10,4.5419378501685667e-10,4.771408564950345e-10,5.011567023046443e-10,5.263795872044167e-10,5.528489830969687e-10,5.805569582616658e-10,6.097318690706913e-10,10.24400363,12.45918949,12.53076437,12.34562157,12.33916211,11.73553801,11.09007183,13.54559374,13.31802106,13.57710909,13.5579571,12.91563373,14.69512084,14.85663712,14.69420362,14.9889623,14.03040457,13.26730816,16.20231478,16.37456847,16.2335723,16.1917386,15.40571711,14.53895441,17.63710975,17.38455084,17.68799381,17.59873806,15.5291275,18.88841094,,0.0,0.0,0.0,0.0,0.0,0.0,0.0,0.0,0.0,0.0,0.0,0.0,0.0,0.0,0.0,0.0,0.0,0.0,0.0,0.0,9.267771831642294e-10,25.006676191273083,9.738503509021093e-10,31.196430147592555,1.0230286125414617e-09,34.745757599033794,1.0741889278612439e-09,42.57150875529878,1.128311241349746e-09,49.00419015565172,1.1852292079074817e-09,52.35159920453102,6.792323311172986,55.10751567298199,13.664923123616829,58.71552175716418,10.477719689895459,56.21678600285737,2.2713999459950056,53.34012257545076,1.2242030040959548,53.640866324276324,3.637940527536087,56.1731966967841,12.07988493983938,61.46921649298345,15.877951219980101,61.91592515011027,8.396937734490724,60.41828684296821,9.302231937063606,62.36940081582884,9.50566865000501,63.57620426048686,11.313190538414192,65.45137422317218,17.01957138677461,62.74278477450618,16.455568451821748,63.01426324236312
2.4815650841221655,3.379104294538147,4.411274386518898,5.598269992299529,6.91152512473038,8.473721316186705,10.278993258135051,12.34853699378412,14.700154650250722,17.289653839248174,20.38262010580407,23.96694731889246,28.04740122094029,32.70821552833181,38.119398546214605,42.226828382998555,42.45088963949561,42.81360648729534,43.2588349851941,43.999501598364965,44.14743376326021,44.317555752871044,44.513196040903985,44.73818237212025,44.99691665299226,45.29446107595855,45.63663716232486,46.03013966157833,46.48266753561206,47.003074590494684,3.2611157333462844,3.3957663401357765,3.543249149754325,3.7047870711315367,3.786177751487993,3.9659412879142653,4.1782040216559375,4.398669152745198,4.587172626303724,4.578126697888881,4.764696940089183,5.013119090723583,5.203900910265228,5.344758230348522,5.579325771032119,5.8644806025775,5.826057481688736,5.946807341647492,6.105913380322739,6.67609122869428,7.312322722920049,8.009187078546656,8.772462607265547,9.60847829387238,10.524166275413819,11.527119321596576,12.625653793081314,13.828878599700051,15.146770730395033,16.590257981140077,4.548457792722496,5.308953675527716,4.075504813938543,2.6017388967913724,1.2226232440155569,2.402312266710432e-10,2.5241823290528115e-10,2.652912029473482e-10,2.7876980066362596e-10,2.929558626346554e-10,6.073298650913438,7.286951135837475,7.974828735134752,9.415245313655138,10.565984978649348,12.13326334315034,14.7722520397755,14.309926915668614,17.06570513591816,17.006989650558282,16.475758830402174,14.605736447478634,12.18780829584316,7.765984271510162,7.478213773976903,5.798390946613711,4.84013893601744,4.019000162092479,2.5567529152877846,2.52351445664589,10.29113861,12.08382431,12.03002835,11.90479596,11.92032612,11.55903469,11.14109977,13.13749784,12.84247395,13.10368049,13.09775078,12.72138169,14.25239247,14.26295798,14.16951711,14.46630291,13.81938629,13.32835405,15.71417831,15.72023199,15.66751384,15.64213216,15.17401405,14.60585144,16.93232145,16.76379999,17.07122022,17.00137296,15.60058054,18.3193489,,0.0,0.0,0.0,0.0,0.0,0.0,0.0,0.0,0.0,0.0,0.0,0.0,0.0,0.0,0.0,0.0,0.0,0.0,0.0,0.0,9.268602777466738e-10,18.122864917375317,9.738763086294683e-10,23.545635856051472,1.0228125731843498e-09,26.973738396967075,1.0741737426372147e-09,33.20526109299368,1.1281324611974042e-09,40.095192186587305,1.1847743066780094e-09,45.75826941945217,1.2443091503662236e-09,49.22981287172198,1.306907830522336e-09,49.741986695412066,1.372441664155035e-09,50.71627519227387,1.441350936029424e-09,51.96235048849889,1.5138769050832174e-09,52.26800147750848,1.589977616156562e-09,51.29034711986931,1.6699181068149816e-09,50.29945289503477,1.7538787046456384e-09,47.506793498576066,1.8417553765510406e-09,46.06697525350932,1.9342889289593906e-09,45.85617135535203,2.031476460430372e-09,46.03120967266608,2.1334872274952765e-09,46.87664546467474,2.2406058813854142e-09,48.585610642666765,2.3526683725584075e-09,47.79749812971849
1.3108437589952568,1.7849532957368692,2.3301792629909763,2.9571891253346614,3.6508933950030222,4.476096465838891,5.429700090234397,6.522900710762535,7.765101992625246,9.132960072406917,10.766765912615966,12.660124659294109,14.815553733305016,17.277548135858112,20.135911808508652,22.305590452646964,22.423946929207276,22.615545819465236,22.85073005925473,23.241974364545488,23.3201169675134,23.409980960916624,23.513324553320015,23.6321696845725,23.76884158549876,23.92601427154466,24.106762860473715,24.314623737706327,24.553663746466903,24.82855975640625,3.2869814214065722,3.4227000156203475,3.5713525918647293,3.7341717586272325,3.816207992874214,3.997397331982148,4.2113436372701,4.433557397594016,4.623555995043881,4.614438318435558,4.802488351014577,5.05288087325826,5.2451758874962415,5.387150423833172,5.623578447655822,5.910994997743178,5.872267122119999,5.993974715096042,6.154342710568098,6.729042950529138,7.3703207438468095,8.072712310868786,8.842041794229035,9.684688377354554,10.607639179852919,11.618547193829798,12.725794741539445,13.938562980547339,15.266908032738204,16.72184436839765,5.69089624978964,6.593730098844745,5.742744305356277,4.985508206260785,4.241268342356806,2.9244977224246766,1.4974392227538178,1.8739708219158309,0.20793649261656,2.9307043180585486e-10,7.633854777576416,8.942468566117888,9.854926064181562,11.282619375215026,12.623494279637466,14.222315583668419,16.439263427379615,17.069193771069713,17.86819348990489,17.646405687362087,17.286164393971486,16.18411175747996,15.045774141299576,11.969490430113593,10.610021954838059,8.425934463945643,6.824567016863694,5.29441442580023,3.83998571645411,3.3165186188851306,10.28872143,11.80138341,11.64427616,11.67686909,11.70836973,11.39799152,11.13848295,12.83042893,12.59659448,12.83471815,12.86485849,12.54414443,13.9192646,13.80560517,13.89823033,14.16937178,13.62685138,13.3252235,15.34688344,15.21615056,15.345927,15.363998,14.96260614,14.60242083,16.38937342,16.44284358,16.72082132,16.69907001,15.59691628,17.89116216,,0.0,0.0,0.0,0.0,0.0,0.0,0.0,0.0,0.0,0.0,0.0,0.0,0.0,0.0,0.0,0.0,0.0,0.0,0.0,0.0,9.268990294258672e-10,10.338250551775339,9.739450983318203e-10,14.111329669268,1.0229141853693174e-09,15.996391085609606,1.0742810883962796e-09,20.141712765564638,1.1282200808571996e-09,24.484754206493214,1.1848411272569581e-09,28.269529254784413,1.2442972334939956e-09,31.108626099469042,1.3067694264142731e-09,32.35349080643156,1.3723838722739516e-09,31.52638282056691,1.44133765483502e-09,32.40127244331854,1.5138485713956253e-09,32.63067510625805,1.5899207586936085e-09,32.30280703023871,1.6696910587446217e-09,32.438534349871034,1.7535648609986542e-09,30.683927663114503,1.8416117910381153e-09,28.597129301316684,1.934117096204026e-09,27.5276523505038,2.0312984276685605e-09,26.936303300119853,2.1334053772214388e-09,26.84853113535948,2.2407844734032775e-09,28.063641217030174,2.3530974005866026e-09,26.975760585129464
0.21495917618453406,0.2927061957967904,0.3821152683510907,0.4849357017887757,0.5986930411362976,0.7340142577760207,0.8903912844811428,1.0696601738362472,1.2733629891963703,1.4976716788853683,1.7655919058741354,2.076075007780705,2.4295338047533614,2.8332648252598736,3.3019946003321614,3.657790118088321,3.6771988466442016,3.708618258244628,3.74718502876157,3.811343364165825,3.824157606476268,3.838893985131658,3.8558408205836656,3.875329681351602,3.8977418712324168,3.9235158895921898,3.953156010702037,3.98724214997249,4.026441210124176,4.071520129276426,3.2510542351861726,3.3852894053756644,3.5323171872862256,3.6933567168148733,3.7744962830595905,3.9537051962713248,4.16531303724634,4.385097968768274,4.573019853843757,4.564001834770239,4.749996453073041,4.997652148538131,5.187845350231389,5.328268084184432,5.562111915232435,5.846386960518284,5.808082386222693,5.928459697460966,6.0870748473587835,6.655493529898316,7.289762063428426,7.984476388205072,8.745396988133999,9.57883332123718,10.491696136886068,11.491554778866712,12.586699949428871,13.786212454747105,15.100038501827628,16.539072171189773,7.223959698821611,8.28233722903015,7.920247024575324,7.682671451619653,7.528098796038689,7.01560991619888,6.517170308531031,7.548480127667947,6.94880658724598,6.893803236645292,12.349685980739235,12.661399112787036,13.656628472963268,14.548274595736052,15.35325251142466,16.243674132245477,17.348517106637146,17.738112009447033,18.27046011887605,18.129374376704668,17.912839434121373,17.305710311694583,16.6389110113777,15.075850097128422,14.488503353955176,12.913269501202596,11.309107672192303,9.333862193102334,5.864641041149553,5.366426399825717,10.68997311,11.96033283,11.83467948,11.86096387,11.90128812,11.70332937,11.57287463,13.00323827,12.79518943,12.95547675,13.07683231,12.88018628,14.10673916,14.03134983,14.11734657,14.3026878,13.99189758,13.84489626,15.55358618,15.46495998,15.49031292,15.61715005,15.36343553,15.17190323,16.657367,16.70207761,16.87814327,16.97422,16.20518319,18.13213305,,0.0,0.0,0.0,0.0,0.0,0.0,0.0,0.0,0.0,0.0,0.0,0.0,0.0,0.0,0.0,0.0,0.0,0.0,0.0,0.0,9.64881508025428e-10,5.788442030253696,9.740424212039882e-10,6.854939989703031,1.0230516425659775e-09,7.167268468574404,1.0744123723005607e-09,8.678457675838299,1.1283385265116873e-09,10.10001245768017,1.184951563645255e-09,11.445163411577667,1.2443855366239091e-09,12.841900760265826,1.3068510299468978e-09,13.530293705952811,1.3724895432552406e-09,12.551133815835515,1.4414467268089474e-09,13.131251291650557,1.513946318445214e-09,13.53644618495238,1.5900199152523536e-09,13.511930636004575,1.6697538138851804e-09,13.876713291117623,1.7536132975625634e-09,13.358109870790859,1.8417428642062343e-09,12.22057436320067,1.9342671744693013e-09,11.626262560845246,2.031487345728986e-09,10.970820363566455,2.1336094768486414e-09,10.133096799127228,2.241283686477256e-09,8.785937564475056,2.3537280993776344e-09,7.844885651734117
0.013081427280032499,0.017812753485078527,0.023253778620893964,0.0295109575270963,0.0364337062492402,0.0446687334127162,0.05418512038172215,0.06509460087609202,0.07749101778263885,0.09114141347417724,0.10744580684045363,0.12634038110967682,0.1478502586183079,0.17241947254623716,0.20094421187316097,0.22259629146660512,0.22377741746321614,0.22568945841595753,0.2280364547754429,0.23194083612773375,0.2327206520067678,0.2336174402675584,0.2346487467673647,0.23583474924202796,0.23719865208775004,0.23876714036013788,0.24057090187314706,0.24264522761275034,0.245030702212726,0.24777399800134767,3.1294359201048194,3.2586495022056186,3.4001771386825594,3.5551923589176875,3.6332965844331384,3.80580149196066,4.009493319477994,4.221056341699655,4.401948278525603,4.393267613493498,4.572304380448461,4.810695552400906,4.99377383842173,5.128943514422787,5.354039508410299,5.627680141125248,5.590808498257044,5.706682628463031,5.859364162406932,6.406518935632672,7.017060190324373,7.685786026589268,8.418241435051234,9.220499843940615,10.09921347919809,11.061668523896003,12.115845534354362,13.270485613910845,14.535162893054316,15.920363916895205,8.093738162808044,9.02866855451232,8.799473532909625,8.658225923778941,8.63262502955262,8.287031534873275,8.100596910399304,9.09195066769707,8.727800903978169,8.862160923333413,13.760482576331245,13.979527974494294,14.981269558176393,15.679821174974482,16.286043274790345,16.9347005765217,17.71829737301621,18.017263105004837,18.458842912030008,18.339712651390442,18.162630088491543,17.701275784751587,17.207028387973793,16.106648161019802,15.713984902913888,14.524218517997069,13.269789729005716,11.57352931963156,8.470824868563188,7.999583208436827,11.23625551,12.30513081,12.22290445,12.24292924,12.30235532,12.13750176,12.16427535,13.37810161,13.2072402,13.34656995,13.51751473,13.35801794,14.51341473,14.49163439,14.57197551,14.7344499,14.51097172,14.55240254,16.00197212,15.97227271,15.95792644,16.14343985,15.93339125,15.94722265,17.20379546,17.23994411,17.38765189,17.54624234,17.03330561,18.65485454,,0.0,0.0,0.0,0.0,0.0,0.0,0.0,0.0,0.0,0.0,0.0,0.0,0.0,0.0,0.0,0.0,0.0,0.0,0.0,0.0,9.63670032660957e-10,4.92271803418702,9.740695965682113e-10,5.558545968601579,1.0230784502863607e-09,5.609478925842446,1.074436466718453e-09,6.489549772601043,1.1283587313915169e-09,7.269051485764322,1.1849720023246316e-09,8.05052710983878,1.2444001486196564e-09,9.021911569497883,1.3068530124323964e-09,9.39723265268352,1.3725022209071414e-09,8.544271410051223,1.4414551084244238e-09,9.00589971403228,1.5139483050495877e-09,9.454484491748685,1.5900303146241653e-09,9.477239402581354,1.6697658130323836e-09,9.926527320814365,1.7536160037041278e-09,9.615760105275745,1.8417783592030257e-09,8.846601575326515,1.9343065612178023e-09,8.584710073436762,2.0315511172509733e-09,8.23855427647638,2.133721278482986e-09,7.540417822460521,2.2415506212746347e-09,6.217712855203869,2.3540294944182537e-09,5.512866584775587
5.947536000014776e-06,8.098657000035702e-06,1.0572446150065454e-05,1.34173036726063e-05,1.656476582353337e-05,2.0308861897104278e-05,2.4635534581714714e-05,2.9595584169022637e-05,3.5231676794436516e-05,4.1437897113666804e-05,4.885077068078494e-05,5.744128288297322e-05,6.722085571550083e-05,7.839137107290919e-05,9.136028573384023e-05,0.00010120451145176008,0.00010174151626285742,0.0001026108351954551,0.0001036779087678664,0.00010545305517608604,0.00010580760234549298,0.00010621533159026613,0.00010668422022170849,0.00010722344214781539,0.00010784354736277436,0.00010855666835988963,0.00010937675750646451,0.00011031986002486319,0.00011140442792076336,0.00011265168100043464,2.862969341881855,2.981180589389019,3.1106573687853873,3.2524732852599993,3.3239270580263938,3.481743442251611,3.6680912289653524,3.861639990454675,4.02712926153998,4.019187741570071,4.182979807599829,4.401072343794747,4.568561799857596,4.692221989177007,4.898151411034312,5.14849197149219,5.1147598913948435,5.220767520490458,5.360448460414687,5.861013859739797,6.419568480688186,7.03135335701394,7.701441332054478,8.435388691117284,9.239281233499632,10.119784735171384,11.084200220553125,12.140524501693069,13.297516486830455,14.5647698081469,8.120685040775076,8.927791252156906,8.764812258981479,8.548364587659922,8.581152097442665,8.328498289133064,8.222702065759027,9.085737974233796,8.70317760706941,8.952714650833745,13.757640073580776,13.982653471400113,14.993861305464172,15.712847548950615,16.284013071347935,16.915718117126247,17.728316882673422,18.034216296667093,18.416244705122402,18.295973416240493,18.103810976257005,17.66665081373033,17.298453697156823,16.246156323593134,15.801116711258006,14.600219815370075,13.473261427837073,11.925428565557718,9.198878813222068,8.624671244765986,10.98366033,11.90897994,11.8754802,11.80085129,11.90509572,11.81026204,11.89081793,12.94740756,12.7303421,12.97194383,13.08101601,12.99787182,14.04617046,14.07972368,14.04579841,14.32086726,14.11974077,14.22525915,15.48680529,15.51827629,15.51000191,15.62214647,15.50381038,15.58872319,16.71479419,16.61742976,16.89959627,16.97965059,16.6503906,18.05428092,,0.0,0.0,0.0,0.0,0.0,0.0,0.0,0.0,0.0,0.0,0.0,0.0,0.0,0.0,0.0,0.0,0.0,0.0,0.0,0.0,9.62701918183484e-10,4.859652722518338,9.740306135835303e-10,5.385911437074497,1.0230147044244e-09,5.516319866803632,1.0743739971238325e-09,6.325424250156346,1.1282909030274836e-09,7.136457433358713,1.1848980249069458e-09,7.743444033855251,1.2443112186097793e-09,8.723437746346166,1.3067385978919725e-09,9.029827278792604,1.3723700028949256e-09,8.289991554284974,1.4413236913857488e-09,8.638816439917171,1.5138123371582182e-09,9.013483355473793,1.5898952482095504e-09,9.075963917049082,1.6696215738972363e-09,9.49619133445382,1.7534458346499615e-09,9.092929049226225,1.8416288387825363e-09,8.325711599432262,1.9341547700143825e-09,8.102683348394052,2.03141413424361e-09,7.657974756391566,2.133608811337615e-09,7.086412798417324,2.2413569230035343e-09,5.84611610585403,2.3538421979664874e-09,5.13527278603617
1.5965160000039663e-07,2.173948250009584e-07,2.8379953375175703e-07,3.6016494881535346e-07,4.4465327613862613e-07,5.451572375605181e-07,6.612994881957982e-07,7.944436764265294e-07,9.457351028921322e-07,1.112330648327692e-06,1.311316770578674e-06,1.5419146211673686e-06,1.8044308043446653e-06,2.104284499998599e-06,2.452413199998246e-06,2.716664881135956e-06,2.7310798720329236e-06,2.7544152765600275e-06,2.783059071764156e-06,2.830709891247471e-06,2.840227113652058e-06,2.85117191941613e-06,2.8637584460435577e-06,2.8782329516637084e-06,2.8948786331251643e-06,2.914021166803489e-06,2.9360350805306718e-06,2.9613510813125717e-06,2.990464482204823e-06,3.023944893214432e-06,2.4919086932377263,2.5947989446254534,2.707494636971972,2.830930228800655,2.893123097902136,3.030485386080768,3.192681209446572,3.3611447114006707,3.505185427178641,3.4982731831804115,3.6408366634287326,3.830662896956317,3.976444559890343,4.084077532505381,4.263317075525543,4.481211766100519,4.451851597129825,4.544119903544607,4.665697226565472,5.101385884444132,5.587547959331915,6.120041279957361,6.703281214039228,7.3421039138398845,8.04180641693229,8.80819056856972,9.647611129858783,10.567028470639842,11.574066284001521,12.67707480097262,7.9515120173035045,8.686941898182496,8.491682549441304,8.611749901258001,8.566482987679407,8.29149320900846,8.113277389512705,8.904329814428028,8.838773697372368,8.864387504789585,13.735062396603533,13.821615957621665,14.755828128276338,15.431843926203076,16.11749422734739,16.714503210074277,17.593645966385807,17.917983890649978,18.321202298568238,18.184960825777477,17.992119045978527,17.550608948425573,17.181240948408316,16.189510424010663,15.62546492420603,14.649376338877557,13.498512896012935,12.221059887138411,9.772911956844757,9.192963525284494,10.44342087,11.28174106,11.19917747,11.44268049,11.45960653,11.32197914,11.30595926,12.26547532,12.34396007,12.3626618,12.59152383,12.46048844,13.30636702,13.27789038,13.61949062,13.64822735,13.53597489,13.52557926,14.67112448,14.63451813,14.78150928,15.03756509,14.8628216,14.82198031,15.76289493,16.11306969,16.10583548,16.34427134,15.83142883,17.10337269,,0.0,0.0,0.0,0.0,0.0,0.0,0.0,0.0,0.0,0.0,0.0,0.0,0.0,0.0,0.0,0.0,0.0,0.0,0.0,0.0,9.614762319642978e-10,4.784376541916229,9.739527444301696e-10,5.191791957089456,1.0229138320045554e-09,5.425907473223866,1.074272164378316e-09,6.2380331836509,1.1281821270266148e-09,6.761323135976925,1.1847753428808402e-09,7.547490343565274,1.2441558872108672e-09,8.509525405357387,1.306553267801345e-09,8.936527289410025,1.3721638684800765e-09,8.315777829032328,1.441121434244662e-09,8.651831411813658,1.5136120385009631e-09,8.79816056646422,1.5896853072030518e-09,8.633087990528333,1.6693583180947575e-09,9.021703427228585,1.7531540622738248e-09,8.709636907157636,1.8413825876557005e-09,7.904379307144905,1.933912875145496e-09,7.344500132653153,2.0311871339759848e-09,7.040291483151459,2.133403198422289e-09,6.4438199804367935,2.2409143952509775e-09,5.515552402684707,2.353457410031074e-09,4.766668661644648
0.0,0.0,0.0,0.0,0.0,0.0,0.0,0.0,0.0,0.0,0.0,0.0,0.0,0.0,0.0,0.0,0.0,0.0,0.0,0.0,0.0,0.0,0.0,0.0,0.0,0.0,0.0,0.0,0.0,0.0,3.1098853186546016,3.23829166158831,3.378935129005525,3.532981918869523,3.610598201949464,3.7820254153553035,3.984444713944061,4.194686033330242,4.3744478795415445,4.365821445440092,4.543739711628453,4.780641576590411,4.962576113163871,5.096901340346955,5.320591086633973,5.592522197541358,5.5558809037881165,5.67103113071061,5.822758813578741,6.366495333427188,6.973222338827919,7.637770427844409,8.36564994974519,9.1628963900841,10.036120416188236,10.992562691980497,12.04015391665649,13.187580585045536,14.444357014937285,15.820904238592789,7.983756641538216,7.819697518613858,7.7472956112068125,7.556537151353429,7.590091538284804,7.0851678148905135,8.02543840631487,7.8275269069417,7.588534110744081,8.394794834860631,10.180266106958094,13.06928977225966,14.177832082093024,14.960035954018716,15.649038016150062,16.55196121202518,17.417505351071405,17.96972342120663,18.307407462376748,18.119603934734243,17.922540008025365,17.21938239021981,16.697445743287922,15.909222721252469,14.472044306553437,12.814510629593247,11.73992298727718,9.212258147699782,8.031845531169944,6.208999017165252,11.09364196,11.05798918,11.12623074,11.08951907,11.20068974,10.86719323,12.00988312,12.02221294,11.96298199,12.76061628,12.30703265,11.95997042,13.04246054,13.19140379,13.19914517,14.08756422,12.99225629,14.36769957,14.38015062,14.53919504,15.25732654,14.69780838,14.26580567,15.74481625,15.66022207,15.61576361,16.62428284,15.97499109,16.81711436,16.76415982,,0.0,0.0,0.0,0.0,0.0,0.0,0.0,0.0,0.0,0.0,0.0,0.0,0.0,0.0,0.0,0.0,0.0,0.0,0.0,0.0,1.0825980112372235e-09,2.4169731695369836,9.734294520828547e-10,5.889960929447251,1.0223902508495762e-09,6.097947655883381,1.073622376364331e-09,6.865533505023411,1.1274510315436387e-09,7.770483933474707,1.1839364157217124e-09,8.056919190291248,1.2432851495046769e-09,9.981129965621069,1.3057170152958754e-09,9.273054982716172,1.3711444412324677e-09,9.750015656794336,1.4397574826180466e-09,9.946904229042378,1.5124569402286317e-09,9.63843580777855,1.5884965139071924e-09,10.15934443903661,1.6681744282068727e-09,10.797290024054579,1.752003322702869e-09,9.327302862408711,1.83987857196379e-09,8.84794265386752,1.932229727634706e-09,8.191309712756103,2.029078830965316e-09,7.155794065174988,2.1312491883926607e-09,6.424847644050652,2.2393488716629915e-09,5.659088187479978,2.3529756504693536e-09,5.265743437197343
0.0,0.0,0.0,0.0,0.0,0.0,0.0,0.0,0.0,0.0,0.0,0.0,0.0,0.0,0.0,0.0,0.0,0.0,0.0,0.0,0.0,0.0,0.0,0.0,0.0,0.0,0.0,0.0,0.0,0.0,3.0506345179839425,3.176594411016629,3.3145582818572175,3.4656701095908,3.54180761565926,3.7099687280323352,3.9085314517690772,4.114767167979808,4.291104118342327,4.282642038573935,4.457170533550361,4.6895588477729495,4.86802709351666,4.99979310180729,5.219221020016656,5.4859711887356335,5.450027999822293,5.5629843377606365,5.711821243068607,6.245198273465258,6.840365669049233,7.4922525174334105,8.2062641824696,8.988321159184702,9.844908165781668,10.783127914107714,11.810760004449946,12.936325433003203,14.169157246902708,15.519477932662003,7.442338522208498,7.273718889185155,7.2676629583547845,7.076573990631816,7.155009734574702,6.730782182213229,7.451072568489452,7.24678236229173,7.081496941942945,7.931816021726459,9.78203928199478,12.828855761165558,13.852402029701269,14.709556594668319,15.448906245605746,16.41492030644153,17.359937817392094,17.91095238987327,18.266223988726765,18.07265266876272,17.867496372764826,17.136240312464444,16.60796957052332,15.703372250480033,14.184577507638872,12.469642797608655,11.359697651216413,8.836583266388063,7.534605945470482,5.932984350072904,10.49297304,10.4503133,10.58222124,10.5422441,10.69681735,10.44075091,11.35960402,11.36154953,11.37260106,12.21445806,11.7533905,11.49064615,12.32573089,12.54641905,12.54775878,13.48461223,12.48242382,13.58975571,13.58991015,13.82831096,14.60430837,14.03661519,13.70599753,14.89230796,14.89452613,14.84511554,15.91275853,15.25634277,15.90654612,15.84290955,,0.0,0.0,0.0,0.0,0.0,0.0,0.0,0.0,0.0,0.0,0.0,0.0,0.0,0.0,0.0,0.0,0.0,0.0,0.0,0.0,1.0758447466230336e-09,2.485819316489671,9.734219297374171e-10,6.027768459535971,1.0223850947348785e-09,6.394698233844876,1.0736156086709873e-09,7.1629306471337575,1.1274467923315426e-09,8.120368486313492,1.183933017995426e-09,8.416279265902268,1.2432875931805417e-09,10.32754199797627,1.3057254535602393e-09,9.884181018433372,1.371155639439998e-09,10.388135082634768,1.4397732131369351e-09,10.489539983109418,1.512456633984931e-09,10.103553672739759,1.5884975935589982e-09,10.591877640870658,1.6681750582461002e-09,11.108236224014735,1.752012386692835e-09,9.799385450737445,1.8398826925883026e-09,9.134959544546863,1.9322029392346928e-09,8.407655172899242,2.028999721922348e-09,7.257699126908297,2.131583196389061e-09,6.516565930696841,2.239542986723217e-09,5.797217073746411,2.3528870558806007e-09,5.609552734174725
0.0,0.0,0.0,0.0,0.0,0.0,0.0,0.0,0.0,0.0,0.0,0.0,0.0,0.0,0.0,0.0,0.0,0.0,0.0,0.0,0.0,0.0,0.0,0.0,0.0,0.0,0.0,0.0,0.0,0.0,3.0189822579935903,3.1436352375762637,3.280167646115033,3.4297115931894138,3.5050591245418308,3.6714754591587635,3.8679779692189546,4.07207385960974,4.246581202732887,4.238206922386979,4.410924573990935,4.640901712670492,4.817518237639065,4.947917090366576,5.165068305327695,5.42905077255933,5.393480516933692,5.505264861519535,5.652557489925374,6.180400396735777,6.76939255466616,7.414515665248346,8.121119008270004,8.89506164988258,9.74276102524174,10.671246151073012,11.688215909396712,12.802102885690054,14.022143290829224,15.358453546573372,7.075156282198593,6.936203632625284,6.931138024096732,6.776903927032993,6.827497835691903,6.444612411086601,7.0598511910393045,6.886696980661547,6.763955577552168,7.523406377913137,9.461048899010132,12.661573684520881,13.636010779233539,14.535471607425228,15.320229589843866,16.296993658550665,17.32411455193677,17.86745238277376,18.236485103681954,18.041776303320564,17.821281094276532,17.073508782455285,16.550426489117175,15.542589445771194,13.98220847695686,12.244474631253828,11.008530321918528,8.603504248060574,7.194264758858237,5.772568048025858,10.09413854,10.07983887,10.21130567,10.20661552,10.33255696,10.11608787,10.92782916,10.95877084,11.01053678,11.7616133,11.35315046,11.13333583,11.88877097,12.10665673,12.14828155,12.98467717,12.09427343,13.07321351,13.10813376,13.34361727,14.06286115,13.55862414,13.27979919,14.32625617,14.37246072,14.37249841,15.32280119,14.73681614,15.30194347,15.281262,,0.0,0.0,0.0,0.0,0.0,0.0,0.0,0.0,0.0,0.0,0.0,0.0,0.0,0.0,0.0,0.0,0.0,0.0,0.0,0.0,1.0708638420453553e-09,2.518823013941221,9.734368388628555e-10,6.169139567789086,1.0223974325651645e-09,6.564758047499846,1.0736359789621354e-09,7.376731968450256,1.1274703333173905e-09,8.33701634586293,1.1839604526571408e-09,8.741367261835451,1.2433306425259435e-09,10.623321639632646,1.30576131990869e-09,10.299503735093136,1.3711966619714094e-09,10.780908834447082,1.4398368388611512e-09,10.878559430938166,1.5125031958315928e-09,10.527812499868787,1.5885465040333428e-09,10.92940030867676,1.668238310794943e-09,11.391746308409331,1.7520640920208397e-09,10.111394926726858,1.8399543091144389e-09,9.35250878332529,1.9322523000041774e-09,8.543222373510103,2.0290140260652583e-09,7.373945042557762,2.1319172505017336e-09,6.668790995056345,2.239890021240424e-09,5.914464581060752,2.352858489128274e-09,5.849759596039175
0.0,0.0,0.0,0.0,0.0,0.0,0.0,0.0,0.0,0.0,0.0,0.0,0.0,0.0,0.0,0.0,0.0,0.0,0.0,0.0,0.0,0.0,0.0,0.0,0.0,0.0,0.0,0.0,0.0,0.0,2.9779116204031335,3.100868804213753,3.2355438076433667,3.3830533389016635,3.457375832380699,3.62152821696941,3.8153574806549573,4.0166768233115695,4.188810145246845,4.180549789728504,4.350917767346891,4.577766266336105,4.751980076525463,4.880604965855738,5.094802026704696,5.355193241217572,5.320106888097134,5.430370503539036,5.575659343368449,6.09632140482181,6.67730083482114,7.313647604500429,8.01063822133113,8.774052043946739,9.610219203858506,10.526073094110247,11.529207860103677,12.627941369297654,13.831384181922818,15.149515094586443,6.954275944788969,6.884823103987757,6.7655763725682805,6.843599711320781,6.59722633785287,6.422412313275927,6.937144919603202,6.839737706959665,6.843342415038227,7.346407600571468,9.190814201037997,12.661269598600564,13.637281471171661,14.481565864868664,15.366303391617503,16.263911885807254,17.322964627013345,17.864163156524434,18.241376281897555,18.03824883594152,17.81075271769005,17.040104595615897,16.54847743181088,15.527498421246994,13.939243729614843,12.349622433197359,10.924936806912301,8.511122775775014,7.206550487228817,5.861502013427076,9.932187565,9.985691908,10.00112018,10.22665305,10.05460217,10.04394053,10.7525024,10.85641453,11.03215256,11.52695739,11.04774081,11.05393354,11.77772835,11.85745808,12.17213094,12.7256199,12.00801778,12.86346607,12.98570214,13.06895751,13.78229304,13.19388533,13.18508844,14.09640483,14.07662366,14.40071436,15.01709602,14.34038294,15.05643815,15.13853309,,0.0,0.0,0.0,0.0,0.0,0.0,0.0,0.0,0.0,0.0,0.0,0.0,0.0,0.0,0.0,0.0,0.0,0.0,0.0,0.0,1.0678324890989188e-09,2.4939911593223596,9.734637152019232e-10,6.185102325534438,1.02244086079181e-09,6.611533198324462,1.0736865557155136e-09,7.504712751383057,1.1275275867809966e-09,8.28897447901359,1.1840217100462026e-09,8.893485227750501,1.2433945555492195e-09,10.635053735872773,1.305840009747537e-09,10.431067590863528,1.371290641646094e-09,10.831333486105937,1.4399493221311937e-09,11.065612731645448,1.5125936892505892e-09,10.705760513437564,1.5886349656486114e-09,11.159866871089775,1.6683308443326126e-09,11.374027214164311,1.7521816675844594e-09,10.205145636267105,1.8400905080414528e-09,9.472839274600405,1.9324096581197937e-09,8.474981168491013,2.0291988150615408e-09,7.437048648258881,2.132127434264632e-09,6.7986812063787285,2.23999341459716e-09,5.981496520525314,2.352854522305596e-09,5.872484019454067
0.0,0.0,0.0,0.0,0.0,0.0,0.0,0.0,0.0,0.0,0.0,0.0,0.0,0.0,0.0,0.0,0.0,0.0,0.0,0.0,0.0,0.0,0.0,0.0,0.0,0.0,0.0,0.0,0.0,0.0,2.932331915012626,3.0534071248333743,3.186020802151854,3.331272562920597,3.404457481552396,3.566097361311401,3.7569598879472936,3.955197850933391,4.124696512374398,4.116562589275464,4.284322926635282,4.507699298486348,4.679246604374845,4.805902770214003,5.016821345945365,5.273227030880245,5.238677707007922,5.347253635322812,5.490318694409176,6.0030115390441265,6.575098538833009,7.20170542970278,7.888027957273401,8.63975702172243,9.463125866014327,10.364961761167619,11.352742617129707,12.434658988666333,13.619681990415328,14.917637684226355,6.917671572179454,6.88337726836813,6.748334572059777,6.801454577301812,6.554954687681131,6.486861588933963,6.9065707223108275,6.848044579337823,6.806132087910618,7.281402651024433,9.393047390764126,12.82064597448612,13.73883112421483,14.576573684921064,15.432970265705944,16.28332257779722,17.37028448660959,17.87773618016909,18.258717988121134,18.05731133116726,17.822673691421887,17.065894254547235,16.635342444052316,15.623763403602844,14.097717123067053,12.496486891616268,11.046184974034304,8.603354516102549,7.370167215914189,5.990371112223165,9.850003487,9.936784393,9.934355374,10.13272714,9.959412169,10.05295895,10.66353061,10.80324243,10.9308286,11.39796524,10.94314847,11.06385882,11.72004387,11.77830086,12.06033694,12.58321416,12.01879974,12.75702708,12.9221013,12.98171265,13.62806262,13.06897477,13.19692729,13.97976386,13.98265188,14.26845211,14.84904756,14.20461814,14.93185337,15.0643882,,0.0,0.0,0.0,0.0,0.0,0.0,0.0,0.0,0.0,0.0,0.0,0.0,0.0,0.0,0.0,0.0,0.0,0.0,0.0,0.0,1.0669412020547497e-09,2.7342218483361176,9.73587995410957e-10,6.264486453570314,1.0225763217429963e-09,6.698033859217155,1.0738451987365826e-09,7.604175595793908,1.127705129090615e-09,8.38945467234293,1.1842312006144897e-09,8.973335449403415,1.2436493566199508e-09,10.590162454380021,1.306098732478468e-09,10.467962736292263,1.371601995630641e-09,10.826935383370564,1.4403315262934253e-09,11.078610221093903,1.5128933851397346e-09,10.769709611181645,1.5889413093579165e-09,11.198624915223851,1.6686924780606716e-09,11.326443112348445,1.752539892935886e-09,10.283756566399166,1.840506533993118e-09,9.578191110209003,1.932932110826104e-09,8.592996543967947,2.029906571870213e-09,7.549880032407547,2.132659558085135e-09,6.833395366075746,2.240441158150701e-09,6.057995837704033,2.3531674505838403e-09,5.843620597890672
0.0,0.0,0.0,0.0,0.0,0.0,0.0,0.0,0.0,0.0,0.0,0.0,0.0,0.0,0.0,0.0,0.0,0.0,0.0,0.0,0.0,0.0,0.0,0.0,0.0,0.0,0.0,0.0,0.0,0.0,2.9079096362723544,3.0279764566581817,3.1594856450285778,3.30352765905247,3.3761030482946186,3.536396690890358,3.7256695960367088,3.9222565103252958,4.090343481795389,4.082277303052458,4.248640428282371,4.470156383176747,4.640274936712857,4.765876231454217,4.975038146480956,5.229308325855907,5.195046750179338,5.3027183908274,5.444591915376657,5.953014736043409,6.52033704050534,7.141725160583493,7.822331568506047,8.567799767104539,9.384311085030339,10.27863593155484,11.258189935953807,12.331095436973337,13.506248832244912,14.793394346081262,6.968682816919763,6.902694496543336,6.870071395183135,7.003275501170072,6.526195122938886,6.632513339355094,6.966646004221443,6.874339409945924,7.028272188489753,7.175717747247355,9.4284696080464,12.96333236104542,13.805552680940009,14.674869203337293,15.546246776575506,16.278151743005925,17.413568825918034,17.90113730648766,18.275677390919526,18.080206138046247,17.825487854212774,17.071483687285852,16.71362537807066,15.71636253165607,14.265650650846409,12.760990059858868,11.064454440999073,8.642520831387406,7.613746262003017,6.091436652071253,9.876592453,9.930670953,10.02955704,10.30680316,9.902298171,10.16891003,10.6923156,10.79659592,11.11861567,11.25799505,10.88039306,11.19146965,11.71283331,11.89117319,12.26752849,12.42868877,12.15742488,12.79146322,12.91415119,13.10611736,13.4607062,12.99402844,13.34914098,14.01750065,14.11664867,14.51357815,14.66669711,14.12315926,14.97216021,15.05512009,,0.0,0.0,0.0,0.0,0.0,0.0,0.0,0.0,0.0,0.0,0.0,0.0,0.0,0.0,0.0,0.0,0.0,0.0,0.0,0.0,1.066786659009722e-09,2.7967169772653633,9.73605799425243e-10,6.242019094819937,1.0225946027869161e-09,6.732994308280361,1.0738627901022164e-09,7.549572245450291,1.1277262096736153e-09,8.253756433747972,1.1842449509079785e-09,9.078771299587906,1.2436690176139236e-09,10.451190696859816,1.3061230290631934e-09,10.41239247811544,1.3716302180221804e-09,10.806118117136492,1.4403671038005806e-09,10.927103514972135,1.5129123290754552e-09,10.885118695645012,1.5889476878527843e-09,11.219180408843274,1.6687098207879962e-09,11.18681596759948,1.7525694091410837e-09,10.266661649834631,1.8405291150558373e-09,9.533313067004439,1.932970923880427e-09,8.526047842597805,2.0299725484789064e-09,7.655947268196566,2.1325940807528584e-09,6.850457009667829,2.240291343469456e-09,6.147834885622613,2.353053414600603e-09,5.829710909594962
0.0008134214760020208,0.001107621968254883,0.001445952534346452,0.0018350326853526632,0.002265498900010503,0.002777564426717673,0.00336930670138145,0.004047673483245604,0.0048185000544907165,0.005667300783473188,0.006681130806253482,0.007856021906551151,0.009193536226444988,0.010721284371173121,0.012494992627098358,0.013841349271858058,0.01391479334114354,0.01403368672644938,0.014179626248340696,0.014422406151058413,0.014470896194977543,0.014526659745478416,0.01459078782854802,0.014664535124070979,0.014749344513913633,0.014846875312220712,0.014959035730259126,0.015088020210981086,0.015236352363776014,0.015406934339406217,2.8600322977518218,2.9781222754830523,3.1074662280938385,3.2491366593902007,3.320517129630857,3.478171614223364,3.6643282316971466,3.857678436657941,4.0229979366999045,4.0150645637241915,4.178688599828152,4.396557400688617,4.563875033771534,4.687408363390478,4.893126527728948,5.143210270461659,5.10951279520845,5.215411673895802,5.354949318857461,5.8550012014479424,6.412982816061,7.024140078547664,7.693540628150245,8.426735050130857,9.229802900527076,10.109403117066423,11.072829234242638,12.128069860387066,13.283874918207863,14.549828198034449,7.15836028096443,7.136066922750367,7.161739979583721,7.333852158147207,6.389135546702534,6.945629931595567,7.179010281859745,7.135594500130178,7.390718153530944,7.2441244657921615,12.72465279667728,13.255997444478531,14.024000117875051,14.882530412698443,15.708260128646707,16.338768347844333,17.51483318930538,17.963259634148017,18.322050570573474,18.144091707353,17.860913698742486,17.073347399022534,16.881672602645327,15.951933246787426,14.648729294856796,13.172112343125557,11.311454047380158,8.678812737542115,8.236838811380593,6.557333722196125,10.019206,10.11529682,10.27065216,10.58482385,9.711918175,10.42657911,10.84670782,10.99732061,11.41853459,11.26485633,10.67120837,11.47504927,11.93059222,12.1770187,12.59843873,12.43626355,12.46548075,12.97616619,13.15424437,13.42116826,13.46890995,12.74420734,13.68739363,14.21990704,14.45599119,14.90507443,14.67563586,13.85162967,15.18835146,15.33501705,,0.0,0.0,0.0,0.0,0.0,0.0,0.0,0.0,0.0,0.0,0.0,0.0,0.0,0.0,0.0,0.0,0.0,0.0,0.0,0.0,9.53386702917669e-10,6.238814157880416,9.736526426076828e-10,6.185361597671299,1.0226354005148104e-09,6.6664764685004005,1.0739066635424199e-09,7.403641361118716,1.1277543577140729e-09,8.015442919694063,1.1842671983597158e-09,9.059556418303954,1.2437186429696984e-09,10.172780028617298,1.306178539174033e-09,10.216538805570623,1.3716802026824322e-09,10.536935146519529,1.44042684626642e-09,10.592347055834376,1.5129385164726065e-09,10.819457461925428,1.5889557048942911e-09,11.367806798289857,1.6687632853080913e-09,10.902410389646962,1.7526417513300055e-09,10.17342579311655,1.8405797542005427e-09,9.437290351025592,1.9329956717821468e-09,8.39128790668834,2.0300755197097857e-09,7.723606458596788,2.1324288506369984e-09,6.970340949447737,2.24020704185205e-09,6.347598623326306,2.3527660122402096e-09,5.787551806013917
0.02211432295205494,0.03011269143663275,0.03931081519391837,0.049888657514821494,0.06159165426587904,0.07551307478931298,0.09160065072917649,0.11004326939204154,0.13099957339857266,0.15407574485019954,0.18163853388848272,0.2135800574307174,0.24994278511342854,0.2914773608022523,0.33969880362307026,0.37630192577961774,0.3782986346384434,0.3815309647367821,0.3854985926071889,0.39209900006305837,0.39341728894873845,0.394933321167104,0.3966767582180504,0.3986817108264461,0.4009874063258634,0.40363895614986767,0.40668823844707225,0.4101949130882535,0.4142275889246516,0.41886516613422664,2.8135747445113046,2.9297465021469327,3.0569894282869767,3.1963586052899062,3.266579591422937,3.421673181295017,3.6048059234880343,3.7950154025737772,3.9576494995589533,3.9498449940431235,4.110811167725494,4.325140969595151,4.489740742515043,4.611267431774623,4.813643968614757,5.059665421980413,5.026515318955091,5.130694006301038,5.267965041345404,5.759894223022078,6.308812142589281,6.9100419398922055,7.568568936879021,8.28985355667957,9.079876600747953,9.945188840916414,10.892965337573587,11.931064934363489,13.068095422732192,14.313484916637977,7.5799342527291955,7.488008736618359,7.573704346731305,7.746841207418328,6.266980532544522,7.3712953141616255,7.579459286041353,7.4538322583057885,7.7703069873281025,7.25562131140657,11.377457684874853,13.472716975163271,14.163768782334593,15.025240482775427,15.821531548937385,16.32848917316283,17.581336730656137,18.002062736210465,18.348019215836533,18.18550869417804,17.866970093941998,17.03947972291674,17.01230471964976,16.10509668752033,14.882878798716439,13.490902770954252,11.322684870525096,8.526564472113751,8.66493093790947,6.9144158925021335,10.41562332,10.44786793,10.67000459,10.99308847,9.595151778,10.86848157,11.27586586,11.35889093,11.85895606,11.35954205,10.54290842,11.96138832,12.32284667,12.65049613,13.08436999,12.54079542,12.99379657,13.48957783,13.58673011,13.9430218,13.58212164,12.59098373,14.26749693,14.78252821,15.01808161,15.47997437,14.79899058,13.68509152,15.78928985,15.83920231,,0.0,0.0,0.0,0.0,0.0,0.0,0.0,0.0,0.0,0.0,0.0,0.0,0.0,0.0,0.0,0.0,0.0,0.0,0.0,0.0,9.264481114584094e-10,5.126998967057692,9.736758191595862e-10,6.050049682786405,1.022640192165562e-09,6.580605640590162,1.0739127356872764e-09,7.277489146010605,1.1277572056882756e-09,7.890504331866206,1.1842476781033027e-09,9.22366110164889,1.2437249759133109e-09,9.992354115011675,1.3061694980325907e-09,10.02470987804832,1.371668084461895e-09,10.414752740629119,1.440411464916533e-09,10.394480118145236,1.5129052088914256e-09,10.98707788640691,1.588913204343366e-09,11.753471254950348,1.6687581423883475e-09,10.710053485769397,1.752620908308926e-09,10.011103746100254,1.8405583341823721e-09,9.345661196917863,1.9329587386230347e-09,8.359756199204515,2.0300307690033373e-09,7.823347867789448,2.1322527117032003e-09,7.182732800873198,2.2401127007160113e-09,6.357964100939707,2.3526228309965525e-09,5.80756366671781
0.2484410836206172,0.3382979305977414,0.44163330462167166,0.5604689847494685,0.6919450964416477,0.8483438615261035,1.0290780765411403,1.2362697764786799,1.4717012155217581,1.7309480870487293,2.040599401770134,2.3994431583043503,2.807956477408913,3.2745723902824766,3.816311223260875,4.227525229323198,4.249957049353909,4.286270328941615,4.330844235620302,4.404995833398313,4.419806014112117,4.436837721931122,4.456424185921023,4.478948619507244,4.504851718128727,4.534640281539775,4.568897129457983,4.608292504557135,4.653597185910372,4.705697569440949,2.7743465379908683,2.88889857334641,3.0143674176730517,3.151793442865737,3.221035374380983,3.373966575148112,3.5545459929464545,3.7421034803826863,3.9024700549015603,3.894774363539242,4.053496269740774,4.264837782869344,4.427142626927682,4.546974932885976,4.746529839130534,4.989121143572684,4.95643323515946,5.059159413354831,5.194516549888949,5.679587019327788,6.220851662381347,6.8136988259188636,7.463044324142415,8.174272448347548,8.95328061279026,9.80652825530472,10.741090398151456,11.764716313212766,12.88589377798408,14.113919455143703,8.128866628581507,7.8772548162581515,7.921216217917886,8.00843875260827,5.840821303410743,7.540282823572268,7.489062670771432,7.094353173410654,7.269707719862785,6.2511604297123045,10.35744659345852,12.871302107629505,13.413988527741084,14.301318716788192,15.161463319439463,15.745668795530323,17.358896755078593,17.82146949871937,18.229688869628138,18.036974039196057,17.663086616931217,16.628493708100564,16.6582115246901,15.41178769400547,13.846472104487143,12.163831979375953,9.62087030436436,6.832404213810231,6.869463438878474,5.2934149015659795,11.15165425,11.10445132,11.37721694,11.72070118,9.753801774,11.76259326,12.07268674,12.07272643,12.64387899,11.87688288,10.717229,12.94540959,13.09726079,13.4889763,13.95040086,13.11193336,14.06275043,14.44283298,14.44057143,14.8671711,14.20068408,12.79916798,15.44123364,15.82715106,16.01348633,16.50456597,15.47297215,13.91136618,16.90505656,16.83459747,,0.0,0.0,0.0,0.0,0.0,0.0,0.0,0.0,0.0,0.0,0.0,0.0,0.0,0.0,0.0,0.0,0.0,0.0,0.0,0.0,9.26432298665121e-10,5.734313265538213,9.736583020577894e-10,6.590173459399803,1.0226048169515453e-09,7.551826842704251,1.0738722666607648e-09,8.633889740614363,1.1277267784125884e-09,9.77390352252127,1.1842222650299515e-09,11.850381809151838,1.243702408751315e-09,12.502536610353221,1.3061384776784019e-09,12.724066261815148,1.3716567069264793e-09,13.314478225976755,1.4403931075357014e-09,13.254385792803532,1.512903813409144e-09,14.103060214351117,1.5889142250667776e-09,15.07986227692458,1.6687187258097424e-09,13.136446395775229,1.7525524307018937e-09,12.237857702933319,1.840501512816661e-09,11.291118106532942,1.9329104405267383e-09,10.000434547403671,2.029974033440935e-09,9.457885683217153,2.1324638496385716e-09,9.294046852886225,2.2399253803529694e-09,7.503897844145607,2.352404049015933e-09,7.278434457593097
1.5333422113358093,2.0879255935994547,2.7256964832041124,3.4591330062511783,4.270584433293618,5.235854849965106,6.351320121958471,7.630077140414367,9.083125718770864,10.683159680448805,12.594282529932935,14.80901397108401,17.330298723779958,20.210184229281158,23.553717464686205,26.091670464242085,26.23011639286596,26.454236669643116,26.729340334618843,27.186993204482523,27.27839948445459,27.38351670641091,27.504401511648616,27.643419037658624,27.803289192553642,27.98713987066034,28.198568150455284,28.44171067217759,28.72132457209165,29.04288055683454,2.7545965476906487,2.868333111166178,2.992908769142629,3.129356487325939,3.198105500073804,3.349948015743238,3.5292419265938726,3.7154642316702677,3.8746891902273806,3.867048282875523,4.02464028116361,4.234477298448866,4.395626728411691,4.514605973352582,4.712740290132658,4.953604638030613,4.921149427971851,5.023144320080514,5.157537877589081,5.639155232236688,6.176566725979671,6.765193535077307,7.40991647908285,8.116081519652992,8.889544088590293,9.736717640347672,10.664626831588176,11.680965768755168,12.794161806638805,14.013445426928385,7.453507111166334,6.791326435436534,6.154402167865632,5.629392836646139,2.8105606268659007,3.9317607845382745,2.830628121706796,1.4263982481883493,0.22240556128827824,2.9307867562285757e-10,6.469989121635681,8.796006944104743,9.348984170914997,10.329700036830108,11.374261033588438,11.85978536710667,15.756516730433356,16.6134116510714,17.422498016176444,16.922545398895192,15.108679562225417,7.232055484702848,12.966247751540966,10.00778382122248,7.332782876792257,5.512056602897253,3.6157758024991495,0.5377223039681822,2.776952554868748,2.1810040561644164,11.74144587,11.74758514,11.87300742,12.21788233,10.27925056,12.51756365,12.71119017,12.77193962,13.18022047,12.60829577,11.29457875,13.77629787,13.85581168,14.07679193,14.54216378,13.91940425,14.96535413,15.20668933,15.27692251,15.515045,15.07520338,13.48867423,16.43231392,16.66422158,16.71131376,17.20467418,16.42584264,14.66078786,17.79913564,17.80960278,,0.0,0.0,0.0,0.0,0.0,0.0,0.0,0.0,0.0,0.0,0.0,0.0,0.0,0.0,0.0,0.0,0.0,0.0,0.0,0.0,9.263419206205646e-10,11.794333183301028,9.73454559259004e-10,14.063200344233906,1.0223760657457268e-09,17.219097943732844,1.0736409725467576e-09,20.977698310121223,1.1275404587800536e-09,25.098555009097325,1.1841453289876504e-09,28.985656220104513,1.2436072183205037e-09,31.942428422031753,1.306075164522739e-09,32.88410331159366,1.3716477388434288e-09,34.032453719222914,1.440417049805185e-09,34.233648836495014,1.5131515731035985e-09,33.48844239358519,1.5893579214563654e-09,27.892091497164003,1.6688435358800481e-09,31.44825182329287,1.7526610215553428e-09,29.103062799605805,1.8407197231065934e-09,27.314302399061564,1.9330271150563756e-09,26.031239935087033,2.029814352826254e-09,26.05312814578416,2.135567484295076e-09,25.999610886210576,2.2388842491526223e-09,26.49330329496898,2.351371442623448e-09,27.427727261366275
2.8657562787431194,3.902250805574203,5.094219511432688,6.464983523173141,7.981554321753118,9.785606761456995,11.870367477820528,14.260314045217445,16.976004682284206,19.966405219086866,23.538218650471713,27.677464597193058,32.38964662487175,37.772039353929614,44.02097145252549,48.76430577793742,49.023055772744286,49.44192775423644,49.95608568283257,50.81142089476422,50.982255636552416,51.17871558958725,51.404644535554766,51.66446282339245,51.963253854374955,52.306863539962656,52.70201467833664,53.15643848738844,53.67902586767356,54.280001354705625,2.630334487769266,2.738940303630341,2.857896253744603,2.9881887059063805,3.0538363955407855,3.1988291735248415,3.370034992232785,3.547856659745214,3.6998988526963106,3.692602632804403,3.8430855296341218,4.043456630744653,4.197336480652597,4.310948476412608,4.500144795225305,4.730143559175399,4.699152429676987,4.796546250385374,4.924877206708233,5.384768416148633,5.897936846313424,6.460010227873824,7.075649202697792,7.749958571823317,8.48852962382729,9.297486497087581,10.183536960370192,11.15402803280485,12.217006904446949,13.381287662552372,6.609140513680106,5.414511380997307,4.161986785034754,3.018936231143491,2.2873735337964906e-10,2.4051949907995995e-10,2.52521929752701e-10,2.653513178891855e-10,2.7883334824052567e-10,2.930043967143533e-10,4.316620191702425,6.106802073023149,5.818357033098097,4.731966004340096,2.1488440637278754,3.059176613865295e-10,3.2155931865037836e-10,3.3788189587381265e-10,3.550280839885637e-10,3.7298416377468545e-10,3.918517248650261e-10,4.115821823003822e-10,4.324591264619982e-10,4.542448739601149e-10,4.771051639850639e-10,5.011195388134131e-10,5.26306829248867e-10,5.527433505301131e-10,5.805963841940245e-10,6.097226847572762e-10,12.10523128,12.05570249,12.11410255,12.47210846,10.79327655,12.81645978,13.10502117,13.10692388,13.45447065,12.97743286,11.85937741,14.10525023,14.21922389,14.36263744,14.84475288,14.32692707,15.32269894,15.67783843,15.67760782,15.8300959,15.51656491,14.16319122,16.824687,17.18052943,17.05065627,17.56266401,16.90674727,15.39391776,18.35060654,18.27671559,,0.0,0.0,0.0,0.0,0.0,0.0,0.0,0.0,0.0,0.0,0.0,0.0,0.0,0.0,0.0,0.0,0.0,0.0,0.0,0.0,9.266013314509173e-10,19.83854696237726,9.734029818009077e-10,23.72247307155717,1.022838320382049e-09,28.186116249248695,1.0744801018043682e-09,32.45231639533983,1.1295888497538082e-09,35.82520743216965,9.135737362847465,44.31814634972051,6.630231621219629,42.315549403253485,10.99351381595328,44.720460453589666,13.6237225298969,46.53926514935567,15.262444340128901,48.04603685332615,19.267143798779557,49.39522141570401,24.52580829348631,50.163599424117876,18.42645208966612,49.63725608408445,19.61231718284389,49.962838118258496,22.037007203427333,50.285537418321454,22.939654250564008,50.430461918704935,25.834976218490038,50.35425893304449,30.471267883072663,49.91883179766474,24.59185245526494,50.020446682531656,26.628375911915512,50.08394303505297
3.933879873921773,5.356696248355115,6.992935078957218,8.874609734154022,10.95643622657572,13.432894408554532,16.29468634978764,19.575412896901632,23.303294719999382,27.40827621265176,32.31137459382007,37.99339872259944,44.46190345150515,51.850419560652476,60.428451265062314,66.9397193643175,67.2949105592207,67.86990434706101,68.57569902413269,69.74983445240794,69.98434265447386,70.25402708682006,70.56416418398722,70.9208218456952,71.33097815661705,71.80265791411928,72.34508963517564,72.968886114283,73.68625206508561,74.51122290810255,2.6878998791399065,2.798882554797422,2.920441879446762,3.053585807736845,3.120670210064618,3.268836183719939,3.4437888756885577,3.6255022056234396,3.780871872088942,3.773415972979217,3.9271922178188072,4.131948480173441,4.289196021082358,4.405294437877691,4.598631355610023,4.8336636880751165,4.801994311567858,4.901519615337517,5.032659120063648,5.50261513973349,6.0270143626582335,6.60138883152863,7.230501187283257,7.919567950542148,8.674302776340417,9.500963831037605,10.406405684248066,11.398136146070721,12.484378520909592,13.674139794066349,5.62485648713034,4.131211697048961,2.281090631807678,0.7543069583318749,2.285467170696634e-10,2.40239693390803e-10,2.5246705668283916e-10,2.6531291530195385e-10,2.7879136619331485e-10,2.9295270273256214e-10,1.538382753475199,3.4097480116659136,0.4817642821830494,2.769503953384979e-10,2.910510602165158e-10,3.0584664539392293e-10,3.2146773714189224e-10,3.3779939999705335e-10,3.5494338260555077e-10,3.728927165708019e-10,3.917828055578849e-10,4.115188878759098e-10,4.323792176901643e-10,4.5416961192283667e-10,4.770304719641176e-10,5.010523242998481e-10,5.262408074882155e-10,5.526827876432218e-10,5.805406942370154e-10,6.096509816403986e-10,12.24663624,12.2867905,12.19446759,12.6825025,11.01538654,13.05351533,13.25810499,13.35816207,13.68143632,13.11740305,12.10342622,14.36614348,14.49178305,14.45791928,15.09517144,14.48145246,15.60611034,15.86097612,15.97812181,15.93511286,15.68392133,14.45464917,17.13587944,17.38122052,17.16377045,17.85893147,17.08909772,15.71070229,18.56496566,18.6270502,,0.0,0.0,0.0,0.0,0.0,0.0,0.0,0.0,0.0,0.0,0.0,0.0,0.0,0.0,0.0,0.0,0.0,0.0,0.0,0.0,9.332094294881668e-10,25.673523345687027,9.739666088911347e-10,31.168951735035183,1.0358128968798556e-09,34.74108070540554,11.366493066029145,48.023630592531774,17.600600103653036,57.18359931738691,23.1247959822197,61.75565200747825,22.85866939500383,61.32672816039319,24.8683097057296,60.22121072790285,26.087039383752227,60.13147172210869,27.02646133654019,60.129683887217396,28.638313644354664,58.70971891468491,31.652690911534524,56.24688483123946,28.67527100825848,58.81541003380651,29.836416694127447,58.32640707568452,31.765982277643694,56.975717367018625,32.665168439722315,56.753495963931286,34.53207825140077,55.37765940988959,37.12504920531246,51.74534543865202,34.335969778183696,54.9467170756324,37.3731299786381,55.10446069191726
4.7498870274958005,6.467839089080264,8.443483959906937,10.715475561362906,13.229136620360341,16.21928806618736,19.67470329306459,23.635952992172133,28.1371116647975,33.09359202641609,39.01374316006765,45.87439309453078,53.68466379008569,62.605784399774265,72.96316256587589,80.8250670643391,81.25393579013206,81.94820089768113,82.80039900442104,84.21808607622476,84.5012384607748,84.82686370297155,85.20133273146045,85.63197211418132,86.12720740425922,86.69672798777889,87.35167665874053,88.10486763021667,88.97103724720796,89.96713230625762,2.7332784385204114,2.846134782902204,2.969746336905272,3.1051380720065223,3.173355028994594,3.3240224196431107,3.5019287562704795,3.686709867560118,3.8447025676030058,3.8371207940278254,3.993493171451043,4.2017062382357455,4.361608515999985,4.479666968190021,4.676267902885876,4.915268176544715,4.883064140732053,4.984269683762863,5.117623155552471,5.595513223402574,6.128765633702808,6.712836998705594,7.35257036479404,8.053270320671581,8.820746982345069,9.66136416987639,10.582092175380087,11.590565559809546,12.695146457779725,13.90499391532213,4.819065884175414,3.0718543382187233,0.8826208833991561,2.174819713838236e-10,2.2851907464308627e-10,2.4020726085921544e-10,2.5244209283707344e-10,2.6529075654175643e-10,2.7876334699562703e-10,2.929134512049601e-10,2.385204406005677e-10,2.5114465551428505e-10,2.6348298574652586e-10,2.769037910603173e-10,2.910132902670324e-10,3.058094638583359e-10,3.2142753449482454e-10,3.377583548798334e-10,3.5490160581677225e-10,3.728457252720878e-10,3.917427283454787e-10,4.114750096173426e-10,4.3233323253900417e-10,4.541218130601254e-10,4.769817029821361e-10,5.010064745616197e-10,5.261881812946536e-10,5.526339638735657e-10,5.804993281463692e-10,6.095900187183418e-10,12.30223135,12.38582821,12.29585118,12.80022297,11.31745614,13.15271792,13.31829179,13.46583559,13.80842901,13.22032232,12.43533259,14.47532163,14.60859412,14.57812098,15.23528659,14.59507407,15.72471185,15.93297897,16.10691352,16.0675958,15.80697751,14.85103199,17.26610671,17.4601247,17.30646833,18.02470016,17.22317893,16.14152924,18.64924361,18.77719361,,0.0,0.0,0.0,0.0,0.0,0.0,0.0,0.0,0.0,0.0,0.0,0.0,0.0,0.0,0.0,0.0,0.0,0.0,0.0,0.0,7.9257255567511455,35.32273005377386,0.30451285393424116,35.78845841421526,13.275746990293733,50.41936684111861,19.781967148570484,58.979224033165416,22.608280381217746,64.95940140091871,25.022004248408845,65.08533002211904,26.195405156320067,66.50894097805185,27.932193720462298,64.1803033953799,27.80623073559923,61.75284730072068,26.66120459505981,58.241668474453604,30.263511193533798,59.71610883348933,31.461574431544502,53.77085902842662,30.981237376663753,60.33543270637373,31.397279311165622,57.96703821436223,32.60506792066186,54.90213157986144,33.395914073984066,54.4337698778579,34.366520582599186,50.322206766693355,36.14286359745888,44.2628740545579,38.11458702524666,55.98361446262035,39.79099110813956,54.51083753383848
5.171087258220847,7.041380165077043,9.19221700796661,11.665679377295378,14.402241446755893,17.65754708921844,21.419374170185353,25.731891021030453,30.632193728127607,36.0281941582895,42.47331967743414,49.94234352028539,58.44519654463038,68.1574050343833,79.43323242843815,87.99229792663083,88.45919694771483,89.21502659812381,90.14279408937844,91.68619575571526,91.99445691632933,92.34895725099653,92.75663263582315,93.22545932832871,93.7646100246545,94.38463332535302,95.09766012106272,95.91764093598763,96.86061887292671,97.94504349987285,2.7976517510711276,2.913166052515704,3.039688866889679,3.1782693054752236,3.2480928867396823,3.40230874829871,3.5844050789095188,3.773538096709259,3.9352517910413707,3.927491453923901,4.0875466643085545,4.300663499635963,4.4643317454622276,4.5851706731190065,4.786401891081497,5.03103102387855,4.998068528761651,5.1016576328528975,5.238151803591525,5.727296987740446,6.273108390784668,6.870935620539967,7.525735785291864,8.2429384057455,9.028490435929205,9.888905574589774,10.831318275965353,11.863542907783314,12.994138547018228,14.232479950667795,4.426553720899481,2.4606265026082506,0.17027443535516815,2.1744184046136844e-10,2.285039332077013e-10,2.4019066356092746e-10,2.524277981422183e-10,2.652759902578594e-10,2.7874520047428873e-10,2.928871164453099e-10,2.3848982024948154e-10,2.5068860502106884e-10,2.634564024711233e-10,2.7688380463975273e-10,2.909936005162643e-10,3.0578783765231473e-10,3.214063688928547e-10,3.377371014127679e-10,3.5487744950387845e-10,3.728207457131794e-10,3.9171714800912556e-10,4.1144818864775327e-10,4.3230578544439314e-10,4.5409456796788624e-10,4.769518136773771e-10,5.009764171861383e-10,5.261526387348521e-10,5.52602228257096e-10,5.80471605035635e-10,6.095437126868969e-10,12.39529273,12.41517272,12.40218031,12.90917703,11.46595253,13.24805548,13.41903925,13.49773885,13.92596481,13.22992811,12.59849665,14.58024609,14.64320481,14.70418618,15.36496763,14.60567875,15.83869252,16.05350548,16.14507402,16.20654133,15.81846276,15.04589246,17.39126019,17.59220345,17.45612708,18.17812437,17.23569318,16.35332232,18.79031756,18.82168054,,0.0,0.0,0.0,0.0,0.0,0.0,0.0,0.0,0.0,0.0,0.0,0.0,0.0,0.0,0.0,0.0,0.0,0.0,0.0,0.0,12.157981785920411,40.4815154675675,7.0599945402283115,43.894106072910596,17.680376583066657,55.85407674426318,21.378864820011888,61.68172858875305,23.31331332306702,66.50559278992675,25.076835670148004,65.1981992294473,26.313223439018138,67.18985882536467,27.893191003130905,64.38551734884349,27.688761189938603,60.87996307849227,26.420031058496562,57.095500880761215,30.006969766923113,58.455301242177434,31.161045907955362,52.36777353403068,30.638242578381654,59.14584101957991,31.045264015089646,56.45001223088009,32.26998882720279,52.7815171812476,33.054924741848374,51.96372394041452,34.218597021782955,47.612761828918906,36.08428452777237,41.88895503265298,37.41412379380298,52.785911202359145,39.2660144170426,50.69255968175802
5.314304610301203,7.236396758662902,9.446802729283936,11.98876959550405,14.801122916169735,18.146586823431345,22.01260068110827,26.44455609745003,31.480576564286576,37.02602349473788,43.649651863396414,51.325536229766705,60.063882494597856,70.04507828108291,81.63319863428757,90.42931422189514,90.90914438069727,91.68590733115516,92.63937007696819,94.2255174733249,94.54231617062473,94.9066346724795,95.32560094957067,95.80741216817923,96.36149506952192,96.99869040598777,97.73146504282732,98.57415587504762,99.5432503318702,100.65770895666758,2.9052131278223245,3.0251686100868778,3.15655584981304,3.3004642934869013,3.37297238347466,3.533117385563709,3.7222147776948944,3.91861939667797,4.0865505008772045,4.078491801912486,4.244700658396439,4.466011201252991,4.635972003629508,4.7614568281242065,4.970424787030625,5.224459181332091,5.190229376459941,5.297801173053287,5.43954313809567,5.947494497608672,6.514290723347664,7.135102629400581,7.8150779101012935,8.559854835053702,9.375609000954945,10.269104538866948,11.247750201542646,12.319660795872679,13.493724469847242,14.77967641194698,4.323222902067896,2.344346661451222,2.0764474340572945e-10,2.1742787746296066e-10,2.2849055818853507e-10,2.401790857490048e-10,2.524153570275002e-10,2.6526345523333065e-10,2.787307049929848e-10,2.928665593922826e-10,2.3848240757983106e-10,2.506786129422417e-10,2.6344685628267207e-10,2.7687490482551305e-10,2.9098254898230154e-10,3.0577401140535856e-10,3.213975612418969e-10,3.3772411222145284e-10,3.5486649689651135e-10,3.728078211516327e-10,3.916996313095932e-10,4.1142964315485455e-10,4.322929250434217e-10,4.5407588418746583e-10,4.769345378509211e-10,5.009558946081935e-10,5.261263349499458e-10,5.525771747700752e-10,5.804457849727848e-10,6.095158100898126e-10,12.54274064,12.60591203,12.5703287,13.12833748,11.52560493,13.49412944,13.57866511,13.70511006,14.16238737,13.18876041,12.66404119,14.85106463,14.86817427,14.9035451,15.62582031,14.56023011,16.13288587,16.24446957,16.39311731,16.42626913,15.76924028,15.12416974,17.71429148,17.80147109,17.69279673,18.4867363,17.18206069,16.4384016,19.01383733,19.11084561,,0.0,0.0,0.0,0.0,0.0,0.0,0.0,0.0,0.0,0.0,0.0,0.0,0.0,0.0,0.0,0.0,0.0,0.0,0.0,0.0,13.030967917465881,42.010119938184246,7.434783929367946,45.346321730602696,18.088935728104552,57.271152050867954,22.171048600224875,63.751016538356346,24.168321408312416,68.3413181405886,25.94704008615054,67.42676377724992,27.170655242263468,70.2727399539246,28.697903459085403,66.80961126295512,28.350953558790952,63.61419205295104,26.96045417296324,59.70616627317664,30.724922681384662,60.959052648238064,31.72323466911975,55.066428705157264,31.397282239056825,62.757228849572314,31.658362395844,59.07214590633533,32.74987320933992,55.86041418154777,33.444803955977555,54.22136568274122,34.5346558983145,49.922061444919756,36.11117604076969,43.99231467694826,37.88880890468795,55.859782420665375,39.68101379101582,54.39193012519771
5.189569061892893,7.0665465177786535,9.225070592052239,11.707373277472646,14.453715998540563,17.72065631602834,21.495928412731175,25.823858480524606,30.74167518961857,36.156961277821914,42.625122096612124,50.120840718606,58.65408349512512,68.40100405248901,79.7171319902652,88.30678814768575,88.77535589637216,89.53388693132773,90.46497032420429,92.01388820892227,92.32325111506212,92.67901845708384,93.08815090036799,93.55865321009958,94.09973086623508,94.72197017071451,95.43754537077191,96.26045685069617,97.20680505238371,98.29510548378867,3.054276329703983,3.18038659218014,3.3185151626721643,3.4698073859339664,3.5460357840644874,3.7143976452018888,3.9131974107901555,4.1196793287808635,4.296226788127241,4.287754606427237,4.462491451474684,4.695157188142128,4.873838487185135,5.005761796191556,5.225451664876971,5.492520276819822,5.456534179348977,5.56962536323918,5.718639948299652,6.252653717941548,6.84853161738426,7.501196680644913,8.216060724435307,8.999051311599892,9.856660901722176,10.796000685783504,11.824859551266593,12.95176866663163,14.186072220696083,15.538004903458042,4.4185455985945925,2.4225586902422096,0.05394341548735135,2.1741695072435583e-10,2.2847693897403236e-10,2.401673892920908e-10,2.5240268850018994e-10,2.6524948577208146e-10,2.787165122422165e-10,2.928522401967675e-10,2.384950929003977e-10,2.507229452619942e-10,2.6344670404823033e-10,2.7687232178817205e-10,2.909774478078545e-10,3.0576639169032457e-10,3.2139338648620833e-10,3.3771923057213863e-10,3.5486054474062997e-10,3.7280150080468307e-10,3.916870780352216e-10,4.1141683024062736e-10,4.322842511796619e-10,4.540668454033846e-10,4.769223693064247e-10,5.009407613559812e-10,5.261064721367275e-10,5.525540592993875e-10,5.804221284730928e-10,6.094894138677565e-10,12.66239099,12.6694918,12.59752917,13.14086094,11.46595253,13.62940571,13.70819757,13.77423379,14.17589724,13.11465854,12.59849665,14.99994393,14.94316409,14.93579434,15.64072617,14.47842255,16.2946152,16.39943223,16.47579841,16.46181334,15.68063983,15.04589246,17.89187412,17.97128662,17.73108152,18.50437127,17.08552222,16.35332232,19.19521812,19.20723397,,0.0,0.0,0.0,0.0,0.0,0.0,0.0,0.0,0.0,0.0,0.0,0.0,0.0,0.0,0.0,0.0,0.0,0.0,0.0,0.0,10.828805715193313,40.573098296182614,2.8361556032770805,41.585951406518795,15.61869748909119,55.759293773785025,20.955066264982023,63.93176825192445,23.92821735736511,69.75798772973495,26.856951872646736,71.11315026265744,26.19489803134235,71.75048448429717,27.865684975735693,69.07303416446095,28.737978919204746,67.99780072517538,28.291359380504584,66.38150297508007,30.713778813274136,64.90608153584095,32.74065224651243,61.754853824023634,30.379469083241823,66.02156041087291,31.517338488631953,64.5091775088596,33.0299937870455,62.566690586199556,34.06476363104313,61.70606206997046,35.346602176014976,58.47035398080754,36.206762340484204,51.872518345241104,36.43314046115128,60.50998484355747,38.269874045014454,59.20055402633491
4.743002309195783,6.458464287136473,8.4312455617728,10.699944027609861,13.209961663470548,16.19577903771655,19.646185816959356,23.601693887237307,28.096328360591134,33.04562455743869,38.95719473482481,45.80790050811518,53.606850615775166,62.515040517435814,72.85740619364292,80.70791526365484,81.13616236616545,81.82942117195128,82.68038406112353,84.09601626802828,84.37875823767953,84.70391150274274,85.07783775752813,85.50785295048999,86.00237042234514,86.57106551490872,87.225064871271,87.97716413095806,88.8420782793922,89.83672954960186,3.184493063195432,3.3159799401840635,3.459997516551682,3.6177399679491025,3.6972183054866465,3.872758145704932,4.080033587132352,4.295318703649764,4.4793931287911875,4.47055974210924,4.652746358796992,4.895331621058621,5.081630860518842,5.219178618827093,5.448234796907359,5.726689674698875,5.6891693375070895,5.80708207745941,5.962449785294152,6.519230823256187,7.140513520840623,7.821004459505952,8.56634618462713,9.382718976153363,10.276892094712998,11.256279911471777,12.329003387168411,13.503957410100405,14.790884551423167,16.20045584930894,4.705889467800354,2.873039192880556,0.5974841918867433,2.174323122977841e-10,2.284720953726699e-10,2.4016244356541085e-10,2.5239635643221947e-10,2.652425696315338e-10,2.7871368701837367e-10,2.928547383502965e-10,2.385994399556277e-10,2.2887525573661627,2.6349155638602977e-10,2.7689763904007843e-10,2.910000255032294e-10,3.0578660597709966e-10,3.2141856882650715e-10,3.3774573191219254e-10,3.548870993302759e-10,3.7283132190633727e-10,3.9170799008665666e-10,4.1144385492441765e-10,4.323123672751821e-10,4.540975287246375e-10,4.769513448159961e-10,5.009711143312185e-10,5.261399689967402e-10,5.525893040569987e-10,5.804480746835551e-10,6.095323117229643e-10,12.63338484,12.64748342,12.48872727,13.13084217,11.38091614,13.54437491,13.67679576,13.75030635,14.16508935,12.93900967,12.50506082,14.90636265,14.91720608,14.80679739,15.62880148,14.28450834,16.19295677,16.36186552,16.44717803,16.31963652,15.47062393,14.9343057,17.78025074,17.93011922,17.57794234,18.4902633,16.85669028,16.23203911,19.15124702,19.17386877,,0.0,0.0,0.0,0.0,0.0,0.0,0.0,0.0,0.0,0.0,0.0,0.0,0.0,0.0,0.0,0.0,0.0,0.0,0.0,0.0,2.1861390222708392,32.466313179384684,9.737216854248768e-10,38.08562203713652,7.4416277972952285,48.287797272642194,15.99523926859869,59.707170671813806,19.973016002540994,66.81919611594903,23.972109777059178,69.9172717536941,22.145720922928337,70.02836715446547,23.552913024982722,68.29395840452015,24.782221187713425,67.88801126919893,26.466338013670033,69.07410786255629,26.697148167214515,65.24355480658228,29.737954427763253,63.5565622395506,25.25426454825866,66.3747238929922,26.217409214445734,65.48856972885375,27.93560906358792,63.90163858535044,28.678865526128245,63.18453670986496,31.679040173035858,62.372615184388536,34.63938580775582,60.164972167123665,28.370438312587645,61.343890768524865,30.670963876970216,60.64370737490259
3.997684286409932,5.443577614323998,7.106354941428996,9.0185488676042,11.13414093510911,13.650765305282972,16.558973242765525,19.892910573274445,23.681255683806263,27.85281672154077,32.83543947091766,38.60962152594273,45.183040272849006,52.69139225513231,61.40855283249856,68.02542853771547,68.3863806521785,68.9707003833606,69.68794249048888,70.88112146447055,71.11943320363879,71.39349170365215,71.70865897863605,72.07110134483273,72.48791006591591,72.96724009510271,73.51846962859517,74.15238359200231,74.8813846497469,75.71973586574053,3.303694307076758,3.4401029719230114,3.5895113825311564,3.7531584146723,3.8356117678585164,4.017722376764158,4.232756506922841,4.456100128567679,4.647064787102037,4.6379007510328005,4.826906937082691,5.078572597522311,5.271845349135678,5.414541764877956,5.652171923432991,5.941049862961141,5.902125072760556,6.024451496458718,6.1856348941584915,6.763257237464121,7.407795652327369,8.113758578128222,8.886999770758978,9.73393084904849,10.66157445909998,11.6776225051898,12.790499930072757,14.009434573548582,15.344533688553202,16.80686774921253,5.148300656705021,3.5253786939541585,1.5109651162510966,0.08111419794631892,2.2847918572242753e-10,2.401683955823018e-10,2.5239681397829474e-10,2.652414755342658e-10,2.787194401289371e-10,2.9287456595711167e-10,3.466265223727515,4.9813305851722935,3.565557985956961,0.6347558066231567,2.910605361979472e-10,3.05829580545995e-10,3.214734667510994e-10,3.3779659719705513e-10,3.5493572780358196e-10,3.72879111911369e-10,3.9174819332491996e-10,4.1148471503102943e-10,4.323588903780509e-10,4.5413978655999183e-10,4.76990274538793e-10,5.010063051989716e-10,5.2618204232469e-10,5.52627038970177e-10,5.804699144395819e-10,6.095732414559262e-10,12.44967925,12.40905928,12.20683144,12.85282148,11.30984094,13.3794667,13.47791764,13.49109234,13.86517043,12.89509745,12.42696521,14.7248717,14.63599425,14.47257802,15.29789123,14.23602979,15.99580101,16.12394306,16.13712392,15.95126932,15.41811996,14.84103915,17.56376904,17.66939233,17.18117263,18.09876702,16.7994823,16.13066806,18.87276338,18.81241243,,0.0,0.0,0.0,0.0,0.0,0.0,0.0,0.0,0.0,0.0,0.0,0.0,0.0,0.0,0.0,0.0,0.0,0.0,0.0,0.0,9.272003047011402e-10,28.70164642229745,9.738219419569522e-10,33.9446530092341,1.0227145892883788e-09,39.384449358567664,1.0773704314338502e-09,44.268111807294474,9.358436273063717,56.99181805254343,16.896347176030957,65.00669345893176,13.978727637294403,64.31156134234756,16.059095858728963,64.77201626538266,17.326607328788405,65.27586499957641,18.441057892778957,66.4739176380939,20.015832773799804,65.0946193991435,22.102656715476627,63.48235134513791,18.174752359984847,66.64103276463936,18.89846614683202,66.5828605853415,20.288695872495367,65.87288778797658,20.835580559587925,65.46026190859219,22.389541455723485,64.5168507356875,24.472874704584626,62.33555685137973,20.499743698308915,65.93681239157226,21.442122978661214,65.09552402297975
2.9960482304354437,4.0796671047977355,5.325828810317235,6.7589147716680005,8.344436642846947,10.230510542319696,12.410055153797165,14.908660927497237,17.747820763923542,20.87418021850712,24.60838657440825,28.935823832768072,33.862245779476105,39.489349637196696,46.022390180449264,50.98138076782992,51.25189486207323,51.689810908262245,52.22734508852771,53.121568218088775,53.3001699818284,53.505562010106395,53.74176284260252,54.01339379994696,54.32576940086086,54.685001341867725,55.098118073971385,55.573202315808764,56.11954919379164,56.74784810316268,3.4233371838380893,3.564685871446866,3.719505088986877,3.889078577960567,3.974517969035545,4.163223690900505,4.386045255229155,4.617477238240432,4.815357658035707,4.80586174754464,5.001712769018999,5.262492469923119,5.462764570100022,5.610628718718303,5.856864623789858,6.156204241822583,6.11586979520586,6.2426262550619755,6.409646889380664,7.0081877537149095,7.676068046781672,8.407597331778874,9.20884135763743,10.086443939161391,11.047682046705608,12.100526145899229,13.253706287746803,14.516784497114031,15.900234059839706,17.415526365887715,5.670134205918314,4.417462953956692,2.877128930907294,1.871704240593963,2.2852411389152272e-10,2.4019924782574886e-10,2.524082707756344e-10,2.652488032848143e-10,2.7873581300191507e-10,2.929077697314452e-10,5.3447284805953315,6.860095595936577,7.1258266592374655,7.768804297266504,8.006048383121835,6.662039419848161,12.929172142641262,13.352157407614053,13.873957760483993,12.185288251911489,8.092125824822986,2.8552225743345048,9.690547953014768,6.814130479461424,4.527140681224813,3.442636539828317,2.174983346070264,5.528716289526521e-10,2.1824365269916584,1.6279522357570895,12.08951962,12.06181593,11.92246283,12.51969759,11.30095654,12.98007964,13.08801186,13.11357039,13.50580813,12.84157943,12.41720325,14.28532329,14.22643445,14.13542691,14.90139517,14.17694655,15.51831441,15.6574898,15.68555793,15.57967082,15.35413074,14.82938083,17.03947743,17.15823042,16.78092248,17.62967689,16.72976006,16.11799668,18.32678886,18.2859837,,0.0,0.0,0.0,0.0,0.0,0.0,0.0,0.0,0.0,0.0,0.0,0.0,0.0,0.0,0.0,0.0,0.0,0.0,0.0,0.0,9.264835828115836e-10,22.53762457459173,9.73632663277188e-10,26.773088609224732,1.0225519666422764e-09,32.22440255944045,1.0738205113050351e-09,38.73335574383968,1.1277581455855605e-09,44.98390801805149,1.184488592638903e-09,49.622677880226405,1.2439308985765944e-09,54.778622390681136,1.3064733184169869e-09,55.62710477173703,1.3721368964017094e-09,56.82539180923093,1.4409944622686473e-09,56.73537340459595,1.513604472912041e-09,53.714233114358294,1.5926816488342933e-09,49.93900108719395,1.669481561489045e-09,55.60167472427476,1.753237737817361e-09,53.75573779964089,1.8409044009464725e-09,53.119669649916155,1.933404763669249e-09,52.59848713877626,2.032764693233252e-09,53.79704764903098,1.0226608229980159,54.570325171971334,2.240111957626854e-09,55.87543092199224,2.3526731645607152e-09,57.50534300624587
1.7584717083403687,2.394480539517556,3.125890695373003,3.9670123746087262,4.897603319407316,6.004597378571707,7.283838312484107,8.75034593366112,10.416735078233168,12.251690402096107,14.44340953506966,16.983313903477566,19.874780579023735,23.177498750638907,27.01193867989216,29.922520879888214,30.08129381838829,30.338320047148212,30.653815184596443,31.17866190044793,31.283488700432446,31.40403952040139,31.542672963351844,31.702101422729548,31.885444150994992,32.09628828847437,32.33875904654382,32.617600418275664,32.93826799569091,33.307035709536926,3.496026402518898,3.640376408756861,3.7984829705914644,3.9716570877710673,4.0589106508800255,4.251623244036462,4.479176076290676,4.715522156020868,4.917604257489528,4.907906716169479,5.107916328213304,5.374233278791815,5.578757844239785,5.729761657126227,5.9812259970815305,6.286921624407684,6.245730738809626,6.375178674128101,6.545745730771039,7.156995675584531,7.839057363608393,8.586119530502131,9.404376721901988,10.300613823643356,11.282262321181722,12.357461920535945,13.535128041709443,14.825025744232388,16.23785069781164,17.785317869461462,6.565506069332922,5.711505501927166,4.692702014247172,4.373138777843019,2.3406349699462,2.472631667638161,1.0332223414850246,2.653383105286114e-10,2.7879266834737537e-10,2.9296711814315687e-10,6.627648042559796,8.497227532887306,8.94378541010595,10.118300377101754,11.454911162114737,12.744812832661976,16.299432858408142,17.037106776691903,17.741616197328515,17.382313223791233,16.774052344442765,15.095334773945448,14.771183344701054,11.74874147071607,8.79838414401892,6.481889555373068,5.254578781586563,4.32508356927232,3.663112499532019,3.0215835384845797,11.82000418,11.74636245,11.61707568,12.31180824,11.29714894,12.72885229,12.79623673,12.77061031,13.28154443,12.72082083,12.41301956,14.00883316,13.85436957,13.77335593,14.65395778,14.04363054,15.21795994,15.30843249,15.27533249,15.18060635,15.20974482,14.82438441,16.70968109,16.77571663,16.35108863,17.33693643,16.57243811,16.11256609,17.91822404,17.80774916,,0.0,0.0,0.0,0.0,0.0,0.0,0.0,0.0,0.0,0.0,0.0,0.0,0.0,0.0,0.0,0.0,0.0,0.0,0.0,0.0,9.264825839234111e-10,13.765954346411469,9.736726032876579e-10,16.845941555753516,1.0225785007389487e-09,20.54295426399633,1.0738453918981476e-09,25.252204855525108,1.1277129152275957e-09,29.794118059778924,1.1842634966468872e-09,34.91062479768339,1.2437819252583231e-09,37.408497476366875,1.3061977438210495e-09,38.44217300876711,1.371722408652622e-09,39.66584462353475,1.4404533524070738e-09,40.537364450704764,1.5130971914711732e-09,40.68685358940927,1.5892346547965066e-09,40.26110941582162,1.6689887769085353e-09,39.008551940975664,1.7527835152549973e-09,36.975740088160954,1.8407736165457697e-09,35.6150019873216,1.933092100456484e-09,33.598703335565666,2.0306947739722107e-09,34.55602776108177,2.1330621810204566e-09,35.655143643080244,2.2403807860108707e-09,34.921007154404414,2.3525864426469088e-09,36.30618795891797
0.4867089754332091,0.6627432016994217,0.8651825619060313,1.0979878261441751,1.3555563517804574,1.6619496487502734,2.01601735499978,2.4219166471991973,2.8831390537815262,3.3910171284796595,3.997640123087682,4.700633664003306,5.500932455550283,6.415057243471137,7.47635173031187,8.281941307758752,8.325886407277483,8.397026006433883,8.484348602739122,8.629615430814878,8.658629343393862,8.691995342856028,8.73036624223369,8.774492776513762,8.825238290930608,8.88359563250282,8.95070657530205,9.027884159507872,9.11663838132343,9.21870573636108,3.491897857478852,3.636077397183194,3.7939972470235204,3.9669668585557885,4.054117381749219,4.2466023957832375,4.4738865052050745,4.709953477936961,4.911796935596439,4.902110846345542,5.101884262034794,5.3678867122638225,5.572169749535792,5.722995238241881,5.974162617667161,6.27949724137931,6.238354999128542,6.367650066141755,6.538015695880369,7.1485438003421775,7.829800024655277,8.575979967146615,9.393270858158521,10.288449571084968,11.26893881535435,12.34286868460305,13.51914407039197,14.807518500448186,16.218675013694625,17.764314742647915,7.7882194172806924,7.474440991319575,7.065461391282733,7.236834795523369,5.989011206704322,6.819011905713171,6.248762890054236,5.667984845136103,5.475800550908461,4.629414605475631,11.094584073828498,11.917771367643184,12.1073873914588,13.007501920992253,14.12177083236629,15.026235975255249,17.130830351293866,17.600930782434183,18.08154577259488,17.824352793154514,17.42737252674476,16.449719807184707,16.27111450726279,14.436766092392899,12.137329606164801,10.072186431411586,7.231383385988456,5.634582136213156,4.556512763830878,3.756031707573892,11.76682625,11.77326159,11.7246412,12.30178948,11.39868494,12.72756395,12.73866675,12.79985497,13.27073654,12.92254258,12.52458473,14.00741526,13.88609603,13.900887,14.64203309,14.26632888,15.21641966,15.2395602,15.31031296,15.32116752,15.45093494,14.95762233,16.70798983,16.70024306,16.50248759,17.32282846,16.83523729,16.25738187,17.83761035,17.84852885,,0.0,0.0,0.0,0.0,0.0,0.0,0.0,0.0,0.0,0.0,0.0,0.0,0.0,0.0,0.0,0.0,0.0,0.0,0.0,0.0,9.599032679830088e-10,7.669523729518872,9.736914723906207e-10,7.978876484506697,1.0226167524520976e-09,9.294393567171314,1.0738803460875e-09,11.244667403363039,1.127728072892718e-09,12.930252091035477,1.1842196456867698e-09,15.32134564511831,1.243764902787645e-09,16.478652098460483,1.3061475788284125e-09,17.126046655808594,1.3716408017322331e-09,17.793597112052986,1.4403206693312079e-09,18.28134450519242,1.5129410533830236e-09,18.464866955719305,1.5890562390058037e-09,18.76007278815989,1.6688932605097307e-09,17.68676177867581,1.7526762678604621e-09,16.799465381063612,1.8406357438260325e-09,15.729019123575458,1.9330381127854635e-09,13.975822289698934,2.0297252507367155e-09,12.865996742924754,2.1326966846375993e-09,13.212602927474093,2.240107969240199e-09,12.05421581022192,2.353097896534409e-09,12.89052333801966
0.05517392792413708,0.07512938426958121,0.09807815906689471,0.12446925008386675,0.15366753486243187,0.1884006557554761,0.22853820630606309,0.27455144917329305,0.32683618831359806,0.384409871360439,0.4531773999473867,0.5328696121632991,0.6235924672396512,0.7272187772281211,0.8475284252495396,0.9388510503211823,0.9438327208385741,0.9518971932739007,0.961796190165021,0.9782638164192645,0.981552869225421,0.9853352799520851,0.989685052287315,0.9946872904723486,1.000439864384544,1.0070553243827565,1.014663103379702,1.0234120492246823,1.0334733369440137,1.0450438178155492,3.4491712430183767,3.59158661210334,3.747574165864234,3.9184273335006736,4.004511489074977,4.194641270132626,4.419144347315659,4.652322821316357,4.851696536747174,4.842128965797196,5.039457968144481,5.302205631263361,5.503989075783601,5.652969074509806,5.901063187698856,6.202661758616437,6.162022929923119,6.289735951668862,6.458016999648141,7.061074725536088,7.733995147018447,8.471044884669261,9.27833546231933,10.16256083202054,11.131052879455307,12.19184221901105,13.353724782627264,14.626334754557693,16.020224456818887,17.546951847700107,8.787008869250856,8.672650073829892,8.456380775281781,8.817438966639399,8.010910296297308,8.930719164359166,8.658833556637902,8.488447819783062,8.694743625225978,8.126892393143457,13.83299182992086,14.290122569526972,14.469205794506315,15.115538177893704,15.951128298347328,16.377512438431406,17.71878778467671,18.01879227001713,18.351111289441523,18.15611166125964,17.852481887776577,17.218183383947547,17.163515544920685,16.053613358418055,14.594858059981577,13.240327817506763,11.012181229264508,8.873202755586028,8.122848876329172,5.869672411767449,12.29135404,12.33936607,12.3020331,12.86033555,12.16908932,13.31376109,13.30651611,13.41532209,13.87327635,13.35343123,13.37108544,14.6525589,14.55379387,14.58545035,15.30683475,14.74202468,15.91724676,15.91889145,16.04649271,16.07567403,15.96613018,15.96856507,17.47751462,17.44468693,17.31516942,18.109348,17.39659064,17.35617162,18.63275444,18.70675596,,0.0,0.0,0.0,0.0,0.0,0.0,0.0,0.0,0.0,0.0,0.0,0.0,0.0,0.0,0.0,0.0,0.0,0.0,0.0,0.0,9.596261563160624e-10,5.954541758579896,9.736965240804837e-10,5.472638913549384,1.0226318509389534e-09,6.0429934681553785,1.073883852188938e-09,6.910275680288767,1.1277266179302285e-09,7.392885161985275,1.1842079975262998e-09,8.777000568093559,1.2437360695292786e-09,8.907396676198399,1.3061089463481385e-09,9.34153396575811,1.371586908584664e-09,9.724431770092723,1.4402378808227513e-09,10.119776174095236,1.5128816605396741e-09,10.601899724945456,1.588989052814112e-09,10.705998479540776,1.6688448319088872e-09,9.954021440547562,1.7526146639315343e-09,9.766174551982413,1.8405462940637748e-09,9.411181384946534,1.93296785706498e-09,8.32987736208153,2.0297088444936374e-09,7.983978476512711,2.132082944757103e-09,7.166777940673957,2.2401381044279556e-09,6.5437922314646615,2.3535568465812366e-09,5.754912118722745
0.0015448313640038381,0.0021035701742592736,0.0027461198060545013,0.0034850518826207355,0.004302583419673229,0.0052750864939348375,0.006398909815886699,0.007687248410132877,0.009151184510418518,0.010763207338198131,0.012688650006195542,0.014919976169293194,0.017460152611808378,0.020361616760351253,0.023730202696652554,0.026287172279239025,0.026426655566906734,0.026652455150531936,0.02692962013488117,0.02739070214381893,0.027482793320285494,0.02758869817321041,0.027710488754061905,0.02785054792202767,0.028011615965171682,0.02819684421476456,0.0284098567017684,0.028654821061780623,0.028936530075727586,0.029260495441607134,3.2927064927366363,3.428661473632621,3.57757296421003,3.7406757198415015,3.8228548399866673,4.0043597640516335,4.218678708457836,4.441279507667975,4.631609033524045,4.622475476281713,4.810853043371004,5.061681684614639,5.254311627022813,5.396533446274788,5.6333732665536,5.921290421919701,5.882495092355663,6.004414668474252,6.16506198350898,6.740763202619385,7.383157935961488,8.086772887392225,8.857442343695391,9.70155659918529,10.626114943224362,11.63878369745078,12.747959783955746,13.962840351506154,15.293499037149648,16.75096949552975,8.808562776092748,8.716639036395925,8.594366336196861,8.933332348499809,8.29243309682845,9.070935729701642,8.877326741985854,8.757654814194538,9.035272162252213,8.48416436668102,14.186565237028818,14.537428066981732,14.758940374294708,15.42656330107203,16.215052459137727,16.588680294770224,17.80645781464955,18.087042673353626,18.39745808378608,18.224681353077507,17.935100601534877,17.35147664132586,17.288525963206514,16.275940542367493,15.012359683627238,13.804305039051963,11.704032507963667,9.826657898048266,8.962190270153275,6.79120111544769,12.1028141,12.14740408,12.17468542,12.67749312,12.11959052,13.08057058,13.10240436,13.20662157,13.67603238,13.11740305,13.31669743,14.39591934,14.32738229,14.43446529,15.0892091,14.48145246,15.6384562,15.67470787,15.79685941,15.90926253,15.68392133,15.90361159,17.17139597,17.17709881,17.13592696,17.85187748,17.08909772,17.28557393,18.34694228,18.41573726,,0.0,0.0,0.0,0.0,0.0,0.0,0.0,0.0,0.0,0.0,0.0,0.0,0.0,0.0,0.0,0.0,0.0,0.0,0.0,0.0,9.580860549363024e-10,5.693409500973104,9.736514190238032e-10,5.218110388361459,1.0225793448769404e-09,5.703329864555166,1.0738342231480337e-09,6.408993074764302,1.127675836533057e-09,6.782946829077595,1.1841523521557872e-09,8.05480542969381,1.2436559994188682e-09,8.076923363332233,1.3060191789508997e-09,8.443401927776717,1.3714867701908652e-09,8.792590278268092,1.4401356340569945e-09,9.08357272872102,1.5127876046944946e-09,9.661820001741848,1.588855274990146e-09,9.562226637863166,1.668709730208594e-09,9.002282826676348,1.7524696494871273e-09,8.828248880546443,1.8404024009600243e-09,8.53055928394205,1.9328099212344808e-09,7.619408101898858,2.0296701522648554e-09,7.391304429862435,2.1318074344438924e-09,6.532579141921523,2.2399620405836795e-09,5.937683558751091,2.353243661401537e-09,5.155693847860027
7.674240000019065e-07,1.0449880000046068e-06,1.3641866000084456e-06,1.7312649900137161e-06,2.1373891385204347e-06,2.6204983093037776e-06,3.178778655705124e-06,3.818785054067437e-06,4.5460228121853566e-06,5.346825434021523e-06,6.30332524913354e-06,7.411778436512673e-06,8.673658802000107e-06,1.0115015622310863e-05,1.1788423965656803e-05,1.3058646638936784e-05,1.3127937582304182e-05,1.3240107767155497e-05,1.3377794679724697e-05,1.3606845829172392e-05,1.365259385103135e-05,1.3705204076163373e-05,1.376570583505916e-05,1.383528285778263e-05,1.3915296433906369e-05,1.400731204643737e-05,1.411313000083413e-05,1.4234820648369443e-05,1.4374764893001723e-05,1.4535700774249629e-05,3.2034018619556424,3.335669478247908,3.4805421983748084,3.6392212887317825,3.719171550641737,3.895753706684619,4.104259902750879,4.320823333544227,4.505990750943076,4.497104913611111,4.680373313177139,4.924398991798695,5.111804433960012,5.250168919712838,5.480585181514486,5.760693461321164,5.722950336862679,5.841563215966436,5.997853462071157,6.55794053976743,7.182912273336148,7.8674438131150675,8.617211208635968,9.438431436951022,10.337913953025462,11.323117152882203,12.402210217686044,13.584140851567168,14.878709474862545,16.296650487952896,8.361589190813435,8.326326466966618,8.084603937651174,8.526060800226862,7.924466842203644,8.602482143063936,8.415899418729694,8.358061277943056,8.617483763320454,8.208615739864136,13.913428516631408,14.224250681566716,14.51916962165895,15.1634707267321,16.05556537218071,16.47890121264447,17.726338669849234,18.02448273809442,18.36229973473399,18.16729840141968,17.88686795997193,17.269728833054796,17.168112309404282,16.07875179252303,14.70743643152135,13.540753179727908,11.434056828500992,9.392437022676676,8.419662762757902,6.555644368666482,11.56499182,11.66199699,11.5651475,12.16528382,11.64364053,12.49823847,12.5201625,12.67888843,13.12347906,12.705726,12.7937357,13.7550294,13.75486384,13.71178921,14.47955914,14.02696603,14.94224994,14.97815854,15.16562104,15.11274924,15.19169658,15.27905882,16.40694497,16.41378655,16.27799947,17.13060731,16.55277286,16.60674995,17.53164477,17.67984922,,0.0,0.0,0.0,0.0,0.0,0.0,0.0,0.0,0.0,0.0,0.0,0.0,0.0,0.0,0.0,0.0,0.0,0.0,0.0,0.0,9.563532188394674e-10,5.800072433701191,9.735898956416345e-10,5.393627685739993,1.0225169610637563e-09,5.876118889903904,1.073756698957802e-09,6.701860552118092,1.1276018508543805e-09,7.0566032028091135,1.1840550140916932e-09,8.212641703337123,1.2435538591932375e-09,8.507052195409992,1.3059070943101482e-09,8.887900654967309,1.3713721248396986e-09,9.194545535438335,1.4400038199912735e-09,9.612503308913695,1.5126437213438756e-09,9.87809730682733,1.5887120422117471e-09,9.858127532346069,1.668552343722058e-09,9.378392314766828,1.7522984549066302e-09,9.103410515828857,1.840217865060507e-09,8.767364830968953,1.932626133965077e-09,7.733277031103883,2.029292663446432e-09,7.283508300558737,2.1318117866509093e-09,6.369842160369805,2.2397666325948396e-09,5.766741843758174,2.3531484062965466e-09,5.172460173760549
