,scenario,total_system_cost,asset_name,asset_cost
0,fast_slow_2055,601.5522954618253,RE_PV_MY,84.4929404038294
1,fast_slow_2055,601.5522954618253,RE_WIND_MY,339.6938799788532
2,fast_slow_2055,601.5522954618253,PP_CO2_MY,177.36547507914275
3,fast_slow_2055,601.5522954618253,EL_Demand_MY,0.0
