,scenario,total_system_cost,asset_name,asset_cost
0,fast_slow_2055,565.0890735517911,RE_PV_MY,93.44335564204019
1,fast_slow_2055,565.0890735517911,RE_WIND_MY,287.93999159348397
2,fast_slow_2055,565.0890735517911,PP_CO2_MY,183.70572631626695
3,fast_slow_2055,565.0890735517911,EL_Demand_MY,0.0
