,scenario,total_system_cost,asset_name,asset_cost
0,fast_slow_2055,565.0890735517619,RE_PV_MY,93.44335563580074
1,fast_slow_2055,565.0890735517619,RE_WIND_MY,287.9399915934986
2,fast_slow_2055,565.0890735517619,PP_CO2_MY,183.7057263224625
3,fast_slow_2055,565.0890735517619,EL_Demand_MY,0.0
