,scenario,total_system_cost,asset_name,asset_cost
0,linear_red_2055,531.9345734410822,RE_PV_MY,9.296378335196447
1,linear_red_2055,531.9345734410822,RE_WIND_MY,313.7823010967198
2,linear_red_2055,531.9345734410822,PP_CO2_MY,208.855894009166
3,linear_red_2055,531.9345734410822,EL_Demand_MY,0.0
