RE_PV_MY_y1,RE_PV_MY_y2,RE_PV_MY_y3,RE_PV_MY_y4,RE_PV_MY_y5,RE_PV_MY_y6,RE_PV_MY_y7,RE_PV_MY_y8,RE_PV_MY_y9,RE_PV_MY_y10,RE_PV_MY_y11,RE_PV_MY_y12,RE_PV_MY_y13,RE_PV_MY_y14,RE_PV_MY_y15,RE_PV_MY_y16,RE_PV_MY_y17,RE_PV_MY_y18,RE_PV_MY_y19,RE_PV_MY_y20,RE_PV_MY_y21,RE_PV_MY_y22,RE_PV_MY_y23,RE_PV_MY_y24,RE_PV_MY_y25,RE_PV_MY_y26,RE_PV_MY_y27,RE_PV_MY_y28,RE_PV_MY_y29,RE_PV_MY_y30,RE_WIND_MY_y1,RE_WIND_MY_y2,RE_WIND_MY_y3,RE_WIND_MY_y4,RE_WIND_MY_y5,RE_WIND_MY_y6,RE_WIND_MY_y7,RE_WIND_MY_y8,RE_WIND_MY_y9,RE_WIND_MY_y10,RE_WIND_MY_y11,RE_WIND_MY_y12,RE_WIND_MY_y13,RE_WIND_MY_y14,RE_WIND_MY_y15,RE_WIND_MY_y16,RE_WIND_MY_y17,RE_WIND_MY_y18,RE_WIND_MY_y19,RE_WIND_MY_y20,RE_WIND_MY_y21,RE_WIND_MY_y22,RE_WIND_MY_y23,RE_WIND_MY_y24,RE_WIND_MY_y25,RE_WIND_MY_y26,RE_WIND_MY_y27,RE_WIND_MY_y28,RE_WIND_MY_y29,RE_WIND_MY_y30,PP_CO2_MY_y1,PP_CO2_MY_y2,PP_CO2_MY_y3,PP_CO2_MY_y4,PP_CO2_MY_y5,PP_CO2_MY_y6,PP_CO2_MY_y7,PP_CO2_MY_y8,PP_CO2_MY_y9,PP_CO2_MY_y10,PP_CO2_MY_y11,PP_CO2_MY_y12,PP_CO2_MY_y13,PP_CO2_MY_y14,PP_CO2_MY_y15,PP_CO2_MY_y16,PP_CO2_MY_y17,PP_CO2_MY_y18,PP_CO2_MY_y19,PP_CO2_MY_y20,PP_CO2_MY_y21,PP_CO2_MY_y22,PP_CO2_MY_y23,PP_CO2_MY_y24,PP_CO2_MY_y25,PP_CO2_MY_y26,PP_CO2_MY_y27,PP_CO2_MY_y28,PP_CO2_MY_y29,PP_CO2_MY_y30,EL_Demand_MY_y1,EL_Demand_MY_y2,EL_Demand_MY_y3,EL_Demand_MY_y4,EL_Demand_MY_y5,EL_Demand_MY_y6,EL_Demand_MY_y7,EL_Demand_MY_y8,EL_Demand_MY_y9,EL_Demand_MY_y10,EL_Demand_MY_y11,EL_Demand_MY_y12,EL_Demand_MY_y13,EL_Demand_MY_y14,EL_Demand_MY_y15,EL_Demand_MY_y16,EL_Demand_MY_y17,EL_Demand_MY_y18,EL_Demand_MY_y19,EL_Demand_MY_y20,EL_Demand_MY_y21,EL_Demand_MY_y22,EL_Demand_MY_y23,EL_Demand_MY_y24,EL_Demand_MY_y25,EL_Demand_MY_y26,EL_Demand_MY_y27,EL_Demand_MY_y28,EL_Demand_MY_y29,EL_Demand_MY_y30,EL_Demand_MY_y31
0.0,0.0,0.0,0.0,0.0,0.0,0.0,0.0,0.0,0.0,0.0,0.0,0.0,0.0,0.0,0.0,0.0,0.0,0.0,0.0,0.0,0.0,0.0,0.0,0.0,0.0,0.0,0.0,0.0,0.0,0.24961644735384964,0.258667410147229,0.2690150058421841,0.2808449889180813,0.28351886119623676,0.2958330487513171,0.3107642323253589,0.29031682084431587,0.30314037292561835,0.31458529351954473,0.3212743853972795,0.32967755674736915,0.36482903625054314,0.40995545217428986,0.3824759928961418,0.4262534814376196,0.48286792434284526,0.5599599627942065,0.6480961382934719,0.7488586241179758,0.856139446371525,0.9787892240630284,1.1190097001162638,1.2793180371933235,1.4625920044465472,1.6721216376844592,1.91166830032725,2.1855322053823567,2.4986296105583743,2.8565810722825096,35.53142174264818,36.5323872498549,37.479137774160044,36.067970541084264,37.87051122880622,39.882359821251264,40.70132760767735,41.960162149158535,40.460647407077374,38.59127426648359,43.52218923460602,45.72942558325609,46.95886188375309,48.11614391782952,46.33979045710786,44.13026736856657,51.00722404566156,51.876069737210415,53.32872093171139,54.46264616588712,48.687118043633824,54.6227771259426,57.16196863988964,58.02792575281289,59.464910145559976,56.8630254623224,53.709658809679944,60.1240637946252,62.52275765944957,63.771873187717695,35.78103819,36.79105466,37.74815278,36.34881553,38.15403009,40.17819287,41.01209184,42.25047897,40.76378778,38.90585956,43.84346362,46.05910314,47.32369092,48.52609937,46.72226645,44.55652085,51.49009197,52.4360297,53.97681707,55.21150479,49.54325749,55.60156635,58.28097834,59.30724379,60.92750215,58.5351471,55.62132711,62.309596,65.02138727,66.62845426,
0.0,0.0,0.0,0.0,0.0,0.0,0.0,0.0,0.0,0.0,0.0,0.0,0.0,0.0,0.0,0.0,0.0,0.0,0.0,0.0,0.0,0.0,0.0,0.0,0.0,0.0,0.0,0.0,0.0,0.0,0.2222177822926394,0.23027528371483855,0.23948709564377843,0.25001858357878126,0.252398963453923,0.26336150810285985,0.2766537992799888,0.2584507582499989,0.2698667580161587,0.2800554491054619,0.2860103257907902,0.2934911393406878,0.3247842848938228,0.3649574873237692,0.34049425758019924,0.37946659502492813,0.4298668634427315,0.4984970438602726,0.5769591230494611,0.6666616101074295,0.7621669610425784,0.8713543238394506,0.9961837713814119,1.1388961748545146,1.3020534306632718,1.4885844502187058,1.7018377381826373,1.9456415030246146,2.224372378963914,2.5430339929559906,34.28971070770938,35.30410578628728,36.04890307435844,34.256268706423555,36.49840733654854,38.64736193189972,39.28078926072271,40.548876831752835,38.42759701198682,37.14112941089766,41.94498427421249,44.31262218066276,45.3824693451098,46.28458421268003,44.01341178242379,42.47674637497925,49.43590820656167,50.07769075614435,51.55616954695542,52.4097535198977,46.89048530896276,52.68530509616618,55.4462509886245,56.06479215515168,57.26931514934322,54.07940511978809,51.7969407818245,58.0723405469829,60.49078574104396,61.809589367044154,34.51192849,35.53438107,36.28839017,34.50628729,36.7508063,38.91072344,39.55744306,40.80732759,38.69746377,37.42118486,42.2309946,44.60611332,45.70725363,46.6495417,44.35390604,42.85621297,49.86577507,50.5761878,52.13312867,53.07641513,47.65265227,53.55665942,56.44243476,57.20368833,58.57136858,55.56798957,53.49877852,60.01798205,62.71515812,64.35262336,
0.0,0.0,0.0,0.0,0.0,0.0,0.0,0.0,0.0,0.0,0.0,0.0,0.0,0.0,0.0,0.0,0.0,0.0,0.0,0.0,0.0,0.0,0.0,0.0,0.0,0.0,0.0,0.0,0.0,0.0,0.20454240855649486,0.2119590101031416,0.2204381074088356,0.23013191267358418,0.23232295529815558,0.24241353069346197,0.2546485427818454,0.2378933856701449,0.24840134801303101,0.2577796227574874,0.263260843959983,0.27014662783232435,0.2989506924607707,0.3359284873954159,0.3134110818070945,0.3492835294833278,0.3956749216919648,0.4588462046443985,0.5310673495596704,0.6136348316353495,0.7015436133213402,0.8020461290965767,0.9169465461360421,1.0483074950039113,1.1984870968894297,1.3701812953317605,1.566472252350186,1.7908836777609918,2.047444084923215,2.340759108446418,33.57854104144553,34.18177127989899,35.0256957125934,33.31014871732876,35.84697471470431,37.730538319309126,38.46739506722087,39.2595222743327,37.36572339198995,36.39222577724564,41.19609144604331,43.260932812171134,43.94110376754287,44.9737692326084,42.79880331819691,41.62374439052086,48.26830529831244,49.049241225360234,49.92859207044519,50.93834698836975,45.969078106684,51.77602908090905,54.165191943869864,54.9473166550023,55.690624973117096,52.64217733467508,50.82979817765698,57.130453242246546,59.34325510508469,59.94615020155376,33.78308345,34.39373029,35.24613382,33.54028063,36.07929767,37.97295185,38.72204361,39.49741566,37.61412474,36.6500054,41.45935229,43.53107944,44.24005446,45.30969772,43.1122144,41.97302792,48.66398022,49.50808743,50.45965942,51.55198182,46.67062172,52.57807521,55.08213849,55.99562415,56.88911207,54.01235863,52.39627043,58.92133692,61.39069919,62.28690931,
0.0,0.0,0.0,0.0,0.0,0.0,0.0,0.0,0.0,0.0,0.0,0.0,0.0,0.0,0.0,0.0,0.0,0.0,0.0,0.0,0.0,0.0,0.0,0.0,0.0,0.0,0.0,0.0,0.0,0.0,0.1911661432557804,0.1980977283668735,0.20602232621266595,0.2150821949167285,0.21712995201123172,0.2265606436470917,0.2379955342897239,0.22233609824761935,0.23215688137392976,0.24092185400695532,0.24604462500103744,0.2524801058162776,0.27940049843299736,0.3139600916911692,0.29291523545414755,0.32644176679699244,0.3697993452638653,0.42883947592313115,0.4963376433320479,0.5735055383330925,0.6556654330552846,0.7495954814195513,0.8569818651965303,0.9797523270616767,1.120110776396224,1.280576852684494,1.4640311567284123,1.6737669616456943,1.913549331939767,2.187682711915206,33.251780456746246,34.03913012163525,34.55298888378957,32.677244215085615,35.47759567799123,37.1895580963555,38.094184495713,39.09535372175523,36.65531231862906,36.02738075599618,40.77138920500225,42.640262164187185,43.75934761157063,44.36953054831264,41.98642774454985,41.209445103207194,47.580575154740544,48.58078768408149,49.7337142366728,50.26599712167201,45.52889070695006,51.268045938586056,53.417435414809354,54.45209335294451,54.98275979361027,51.688333877322314,50.38654215327873,56.61952284836181,58.85905236806812,59.81580130808495,33.4429466,34.23722785,34.75901121,32.89232641,35.69472563,37.41611874,38.33218003,39.31768982,36.8874692,36.26830261,41.01743383,42.89274227,44.03874811,44.68349064,42.27934298,41.53588687,47.9503745,49.00962716,50.23005188,50.83950266,46.18455614,52.01764142,54.27441728,55.43184568,56.10287057,52.96891073,51.85057331,58.29328981,60.7726017,62.00348402,
0.0,0.0,0.0,0.0,0.0,0.0,0.0,0.0,0.0,0.0,0.0,0.0,0.0,0.0,0.0,0.0,0.0,0.0,0.0,0.0,0.0,0.0,0.0,0.0,0.0,0.0,0.0,0.0,0.0,0.0,0.19202131551760387,0.19898390873095043,0.20694395687222097,0.21604435444964742,0.21810127208396352,0.22757415145118348,0.23906019551004315,0.22333070775736408,0.23319542366997215,0.24199960597341186,0.24714529342949504,0.25360956304902327,0.28065038270711723,0.31536457659190076,0.2942255772341285,0.327902087852337,0.3714536242963559,0.4307578680522943,0.49855798516584465,0.5760710869183792,0.658598519855258,0.752948759632841,0.8608155310722979,0.9841352005103452,1.12512153640754,1.2863054497304873,1.4705804275059489,1.6812544751456175,1.9221094999822648,2.197469202038603,33.420420394484424,33.96534891127118,34.56147053313001,32.462185565552694,35.607048707918494,37.480251208551415,38.28739448449267,39.01064719224549,36.41417285633302,36.51288914402973,40.92016143657381,42.97353664695444,43.66433412729652,44.380214193411916,41.70992072276987,41.76524237215187,47.95275553570806,48.827259251952334,49.62454829483902,50.27718507308673,46.1455831001501,51.45475902037275,53.836740438933575,54.728649439495825,54.992926423598945,51.33783009027632,51.075635312501205,56.82503218486188,59.158499110025616,59.67400220796158,33.61244171,34.16433282,34.76841449,32.67822992,35.82514998,37.70782536,38.52645468,39.2339779,36.64736828,36.75488875,41.16730673,43.22714621,43.94498451,44.69557877,42.0041463,42.09314446,48.32420916,49.25801712,50.12310628,50.85325616,46.80418162,52.20770778,54.69755597,55.71278464,56.11804796,52.62413554,52.54621574,58.50628666,61.08060861,61.87147141,
0.0,0.0,0.0,0.0,0.0,0.0,0.0,0.0,0.0,0.0,0.0,0.0,0.0,0.0,0.0,0.0,0.0,0.0,0.0,0.0,0.0,0.0,0.0,0.0,0.0,0.0,0.0,0.0,0.0,0.0,0.1644157443241577,0.17037737385738394,0.17719306114957492,0.1849851577577307,0.18674636662638133,0.19485739590381404,0.20469217116398222,0.1912240026446526,0.1996705368481386,0.20720900299541856,0.2116149306960536,0.21714987715833498,0.2403032259375399,0.27002680121247624,0.25192680900948883,0.2807618815357238,0.3180523159940149,0.36883080041607375,0.42688376547592144,0.49325334681726357,0.5639163837665911,0.6447025447111656,0.7370620594153352,0.8426529162731344,0.9633706256252917,1.101382246942631,1.2591652907135846,1.4395521933816047,1.6457811637226625,1.8815543134296837,34.460917965677865,35.09903539614474,34.801856388852656,32.61789405224461,37.12019451337607,38.71841548409877,39.482735528838724,40.31181665735819,36.58748709315485,38.165838757007705,42.65844365930724,44.391886042845115,45.126126314066084,44.69632794879133,41.9124419709945,43.665561938468464,49.550989974010385,50.373548929588544,51.317505154528924,50.668083403187815,48.30085121623874,53.72240740529447,55.70907082059058,56.549005113733074,55.49465323438122,51.723485133064194,53.600433389293585,59.486656886625916,61.27545718628524,61.991212506570506,34.62533371,35.26941277,34.97904945,32.80287921,37.30694088,38.91327288,39.6874277,40.50304066,36.78715763,38.37304776,42.87005859,44.60903592,45.36642954,44.96635475,42.16436878,43.94632382,49.86904229,50.74237973,51.74438892,51.16133675,48.8647676,54.36710995,56.44613288,57.39165803,56.45802386,52.82486738,54.85959868,60.92620908,62.92123835,63.87276682,
0.0,0.0,0.0,0.0,0.0,0.0,0.0,0.0,0.0,0.0,0.0,0.0,0.0,0.0,0.0,0.0,0.0,0.0,0.0,0.0,0.0,0.0,0.0,0.0,0.0,0.0,0.0,0.0,0.0,0.0,0.1504817865004454,0.15593817795675857,0.16217624721328405,0.1693079767383321,0.17091992611729453,0.17834355930426635,0.18734485390086322,0.17501809001332477,0.1827487946481055,0.18964838846729146,0.19368092120500902,0.1987467902630615,0.2199379316715959,0.24714248392989013,0.23057643562626987,0.25696778424956707,0.291097917101065,0.33757301036555915,0.3907060842677173,0.4514509552080628,0.5161254186141772,0.5900650882816025,0.6745972894410962,0.7712394987586366,0.8817265852613679,1.008041953774435,1.152453149938952,1.3175525659732668,1.5063039779054752,1.7220957496885896,36.48697601350158,37.09908612204538,36.04023415278895,33.11195227326401,39.40852168388516,41.04493771069832,41.806371926101846,42.60827896998952,37.140894625354875,41.58453519153584,45.28774801879828,47.058415069740384,47.700549028332034,46.291870276073915,42.54869673437773,47.584470555754635,52.53832004290335,53.35351373963906,54.26680917573714,52.49920775479705,52.67969538139118,57.08874220172402,59.12234705056481,59.95552393124757,57.55086612474513,52.58719728623239,58.56954131006821,63.31989230403425,65.07137103210242,65.7466056903116,36.6374578,37.2550243,36.2024104,33.28126025,39.57944161,41.22328127,41.99371678,42.78329706,37.32364342,41.77418358,45.48142894,47.25716186,47.92048696,46.53901276,42.77927317,47.84143834,52.82941796,53.69108675,54.65751526,52.95065871,53.1958208,57.67880729,59.79694434,60.72676343,58.43259271,53.59523924,59.72199446,64.63744487,66.57767501,67.46870144,
0.0,0.0,0.0,0.0,0.0,0.0,0.0,0.0,0.0,0.0,0.0,0.0,0.0,0.0,0.0,0.0,0.0,0.0,0.0,0.0,0.0,0.0,0.0,0.0,0.0,0.0,0.0,0.0,0.0,0.0,0.1432754307587638,0.14847052349704276,0.1544098606129604,0.16120006189591252,0.16273481734375195,0.16980294344322042,0.17837317902259486,0.1666367260808735,0.17399721841935128,0.18056640064062593,0.18440582120095791,0.18922909309544605,0.20940542130223974,0.23530718678529952,0.21953446264459656,0.24466196764199652,0.2771576576512172,0.32140712572225455,0.37199573333987085,0.4298316200126926,0.4914089166350683,0.5618077221525035,0.6422917981046261,0.7343059513882744,0.8395019706547838,0.9597682783325445,1.0972638305720064,1.2544568736667385,1.4341692526849927,1.639627067716522,38.53438016924328,39.404582076505086,37.00735816938927,33.30186645810643,41.75395740265871,42.99840811655936,44.153810680980115,45.255693033921965,37.353534891583635,44.966047129362515,47.98279868880233,49.29754328690802,50.6669951987014,47.53698138321852,42.7934299773594,51.45901582236221,55.044771952353216,56.35952781428238,57.65699810666501,53.924010409992405,56.998910643370294,60.52305639785311,61.97589468190125,63.37409519861791,59.14154436935169,52.92824684167425,63.446087409435165,67.19996724634078,68.8509580273229,69.99079451228366,38.6776556,39.5530526,37.16176803,33.46306652,41.91669222,43.16821106,44.33218386,45.42232976,37.52753211,45.14661353,48.16720451,49.48677238,50.87640062,47.77228857,43.01296444,51.70367779,55.32192961,56.68093494,58.02899384,54.35384203,57.49031956,61.08486412,62.61818648,64.10840115,59.98104634,53.88801512,64.54335124,68.45442412,70.28512728,71.63042158,
0.1176116178052004,0.12314500619977387,0.12995409699224764,0.1383329986911813,0.14377846736299277,0.15505467481305557,0.16943617690569643,0.17041913306720963,0.18945085005328952,0.21183082342239717,0.23708881174109983,0.26942892428525744,0.32170054998947,0.3884068415682766,0.4350394368718995,0.5292318293348394,0.646411300818447,0.7968869130598839,0.985102960329843,1.2167115269214297,1.4972199065552845,1.8423984642089881,2.267156672214803,2.7898413270632516,3.433029011879696,4.224501258218143,5.19844452782972,6.396926845826331,7.871714866203919,9.6865098551571,0.1150368207134015,0.11920799611142997,0.12397673039714753,0.1294286293267698,0.13066089494521546,0.1363359416058903,0.1432170422146617,0.13379376408722535,0.1397035535955849,0.14497799481289886,0.14806069177149964,0.15193332967766265,0.16813304122826078,0.18892974542419677,0.17626571761756601,0.19644076278792708,0.22253177396655047,0.2580599737297185,0.298677911877445,0.34511473981610424,0.39455557132538865,0.45107925250267555,0.5157004661089155,0.5895792574573688,0.6740418589239134,0.7706044977582279,0.8810006145808857,1.0072119811782017,1.151504276204767,1.316467757429572,39.46843442148343,40.42800271769094,38.80766509261285,33.72490709198439,42.612421417694264,44.00705827358366,45.19257913088237,46.40121658284843,37.79230604635412,46.48208814176785,48.8968926764907,50.36108166604054,51.82373450878586,49.63722347301133,43.082402655514535,52.9160747478814,55.9014352052194,57.12578976321501,58.38442844779755,55.570757213267534,57.75352110212467,60.20520537329395,61.47480991168215,62.42531619548557,58.94039751920287,49.745766384030446,60.88326016759655,62.634673913002985,63.12168257759921,62.65087548741352,39.70108286,40.67035572,39.06159592,33.99266872,42.88686078,44.29844889,45.50523235,46.70542948,38.12146045,46.83889696,49.28204218,50.78244392,52.3135681,50.21456006,43.69370781,53.64174734,56.77037828,58.18073665,59.66820932,57.13258348,59.64529658,62.49868309,64.25766705,65.80473678,63.04746839,54.74087214,66.96270531,70.03881274,72.14490172,73.6538531,
0.9780401855343768,1.0240549952364766,1.080678350533074,1.150356012698835,1.1956396954632484,1.2894109081409801,1.4090052750703292,1.4171793878367298,1.5754442290102717,1.7615526570265438,1.9715942162062252,2.24052963485916,2.6752124617428747,3.229931757417434,3.617721271870386,4.4010107692818154,5.3754572922475115,6.626789417945951,8.191965216287178,10.117986553871146,12.45065124109146,15.321103215736343,18.853327364317757,23.199892834156437,28.54854302986428,35.13030490934365,43.229467848234414,53.19586309495677,65.45997420907321,80.5515311557896,0.10955653615023059,0.11352899927507268,0.11807055394360497,0.12326272770559228,0.12443628893526389,0.1298409798053588,0.13639426894289852,0.12741991008614434,0.1330481607966355,0.1380713308244004,0.14100716996434465,0.14469531774287478,0.16012328483297755,0.17992924661910925,0.16786852543783415,0.18708244365838264,0.21193049484460535,0.2457661526589271,0.2844490767995003,0.3286736823406988,0.37575918253927443,0.42959010973145934,0.4911328078051643,0.5614920582165349,0.6419309124331833,0.7338933655556452,0.839030278141735,0.9592290115684665,1.096647308929635,1.2537520296807345,39.82780160831743,40.5645172254906,38.98569900552557,33.70041077959792,42.754087755603955,44.16640807205625,45.35167664598949,46.34567640207997,37.513526160196086,46.2717134721522,48.53379139383274,49.87284002740142,50.80534858342778,48.24815053596727,41.16954566269578,50.579617407064035,52.83260714291231,53.08772369939975,52.705487386918186,48.32823799379328,48.51563424637464,48.47823697453784,46.780386937883,44.05608565763322,35.66933655770904,20.457030705107513,24.799115853631022,17.822712853482283,7.794937152005073,9.964286275359932e-14,40.91539833,41.70210122,40.18444791,34.97402952,44.07416374,45.58565996,46.89707619,47.8902757,39.22201855,48.17133746,50.64639278,52.25806498,53.64068433,51.65801154,44.95513546,55.16771062,58.41999493,59.96027927,61.18190168,58.77489823,61.34204467,64.2289303,66.12484711,67.81747055,64.8598105,56.32122898,68.86761398,71.97780496,74.35155867,75.52234013,
2.3148211982153413,2.4237288469047127,2.5577447545261642,2.722657538079394,2.829834758756732,3.0517720514152895,3.3348274716830595,3.354173925732827,3.7287544539148376,4.169235060653116,4.666360496689956,5.302875659621213,6.331681057449343,7.644588240281474,8.562406753036006,10.41629288140275,12.722608614897672,15.68425597194566,19.388707149434158,23.947205957965714,29.46814645322325,36.26191952885269,44.62197206750882,54.90940405427943,67.56856575129946,83.14625074376237,102.31531387228902,125.90373419297394,154.930378296267,190.64900872784372,0.11150357055627244,0.11554663213788022,0.1201688991354736,0.1254533480031915,0.1266477657163926,0.1321485085378167,0.13881826246944257,0.1296844116637799,0.13541268742219817,0.14052512902804623,0.1435131437844981,0.1472668371787596,0.16296898948678967,0.1831269420385793,0.17085187819983444,0.1904072654113246,0.2156969151756214,0.2501338989557915,0.2895042944867045,0.33451485795983565,0.3824371597964861,0.43722476808717337,0.499861200544976,0.5714708727581679,0.6533392830948421,0.7469360892790684,0.8539414908968801,0.976276391436668,1.116136881316729,1.2760336609207532,39.15915264123042,39.734773470959546,38.57931294634061,32.81028429391976,41.76812032552933,43.07285427004948,44.19147258585021,45.06323640260624,36.125340968665945,44.73465194032198,46.58395010952885,47.57726890320346,47.88172064306746,45.20937749768372,37.10155100876816,45.5608899331901,46.34175213993109,45.00787002910315,42.34280501608398,36.062253564079526,32.60324637698558,28.477665783065728,21.976507881952074,13.447254942968586,6.434907137310907e-12,6.7566183581792594e-12,7.094815431142886e-12,7.449921819726195e-12,7.822808821076738e-12,9.964255754681121e-14,41.58547741,42.27404895,41.2572266,35.65839518,44.72460285,46.25677483,47.66511832,48.54709474,39.98950811,49.04441213,51.39382375,53.0274114,54.37637069,53.03709268,45.83480964,56.16759008,59.28005767,60.9422599,62.02101646,60.34397438,62.45382999,65.17681008,67.09834115,68.92812987,66.59133169,57.42331288,70.11579543,73.04004133,75.56922796,76.55813519,
3.3871332448428904,3.5464910033504764,3.742588108557729,3.983894682086334,4.14072041338945,4.465467388582949,4.879644701656247,4.907953159230557,5.456053444839774,6.100581198405385,6.827993791894498,7.759366664612803,9.264753330392464,11.1858483893941,12.528834879961883,15.241510633227524,18.616198362909422,22.949791916611243,28.370283895362093,35.04045041744937,43.118897732820194,53.05980144500501,65.29254404479919,80.34550058127607,98.86886103299311,121.66271429316738,149.71160681462106,184.2270686235581,226.69994354983163,278.9647839998523,0.10929996062083257,0.11326312045017915,0.11779403904135526,0.12297405301097855,0.1241448658232178,0.12953689919728412,0.13607484088328106,0.12712149949344936,0.13273656914276086,0.13774797517583937,0.14067693873804057,0.14435644907236128,0.159748284691328,0.17950786197764726,0.16747538635825962,0.1866443066132601,0.2114341649968291,0.24519058151600498,0.2837829123237767,0.32790394621167296,0.3748791746951603,0.42858403274416434,0.4899826011210597,0.5601770739430989,0.6404275446791258,0.7321746266706286,0.8370653142485723,0.9569825486908923,1.0940790197728318,1.2508158096974005,38.19862736453832,38.97599832620148,37.86158926240316,31.86757400490504,40.9037441507898,42.20962069222236,42.77500257746319,43.92739677127885,34.75515318602045,43.34264283642192,44.93536874937076,45.75172764631831,45.41712197491986,42.26917632863208,33.54474255368386,41.35392462016344,41.154518802098195,37.90786820187739,33.89761136231901,25.655368766344075,19.64331581249001,12.335471872256482,2.1105053640856477,6.127774006215721e-12,6.434524152767075e-12,6.75661562533887e-12,7.0948134420672165e-12,7.449920628504279e-12,7.822802533906399e-12,9.964283503896489e-14,41.69506057,42.63575245,41.72197141,35.97444274,45.16860943,46.80462498,47.79072212,48.96247143,40.3439432,49.58097201,51.90403948,53.65545076,54.84162359,53.63453258,46.24105282,56.78207956,59.98215133,61.1028507,62.55167817,61.02372313,63.13709272,65.82385735,67.89303201,69.10976448,67.34145422,57.93226731,70.88288226,73.76515138,75.76836274,77.21317881,
4.222458812089408,4.421116946578115,4.665574985295159,4.966391928166332,5.161893593803912,5.566728782733357,6.0830493756762465,6.11833918788641,6.801610471767273,7.605089902882934,8.511895007193313,9.672960518784326,11.54960154027389,13.94447182566744,15.618661983450263,19.000330436014806,23.207274453921688,28.609607036114173,35.366885969969076,43.68203077632511,53.752762746117966,66.1452650321017,81.39481326442059,100.16008890635769,123.25163001651232,151.66684122984032,186.6330751614063,229.66064606974876,282.6080656258795,347.7623185495412,0.11994273951806267,0.12429180098505431,0.12926390514018976,0.13494830852633363,0.1362331259715108,0.14215019356041778,0.14932474908791857,0.13949960104543896,0.14566142244498648,0.15116080016690506,0.15437496338895507,0.15841275578226113,0.17530332847656355,0.1969869395042174,0.18378283512233004,0.20481827553720808,0.23202197725769483,0.2690653307102031,0.3114154821208635,0.3598326786580313,0.41138198903099854,0.47031620788375883,0.5376932906547134,0.6147227545399626,0.7027873910962779,0.8034680893723183,0.9185722151796051,1.050166055952684,1.2006119136311773,1.3726105114352158,37.543716208394564,38.365124582438966,36.979886899566885,31.082000343309677,39.98921001022704,41.09691490370881,41.77733703523854,43.02018825107099,33.630942135790704,42.28504037695329,43.37420112942102,43.825417475436886,43.470164571253186,39.560890754832165,30.7071224014314,38.10410635845218,36.54435288882502,32.50416686318025,27.276512677914923,17.05901971502197,9.559124634856365,5.623130052107127e-12,5.835624991722131e-12,6.127768728216599e-12,6.434522637893891e-12,6.75661646718179e-12,7.094813114917179e-12,7.449920986314224e-12,7.822800315792789e-12,9.964284165221593e-14,41.88611776,42.91053333,41.77472579,36.18334058,45.28733673,46.80579388,48.00971116,49.27802704,40.57821403,50.04129108,52.0404711,53.65679075,55.19506944,53.70234952,46.50956722,57.30925507,59.98364932,61.38283923,62.95481413,61.10088317,63.72326937,65.99687771,67.89472757,69.42644269,67.42660257,58.26867072,71.54097227,73.95904571,76.11555231,77.71080589,
4.746654157326601,4.96997462104735,5.244780798539459,5.582942532263317,5.802714668655975,6.257807949154588,6.838226941517234,6.877897792387122,7.645993497886762,8.549220539702322,9.568600576266835,10.87380606974444,12.983421889076785,15.675602322873882,17.557634102519067,21.35911834035414,26.08833162600292,32.16133447853659,39.75749291867692,49.104917824482435,60.425876512078275,74.35684069982288,91.49953758227532,112.59442035156503,138.55265096728448,170.49545643666812,209.8025585408077,258.1717688566061,317.6923231924484,390.93512300902574,0.14626552995860084,0.15156904214156436,0.15763233077564404,0.16456424076130508,0.1661310259229079,0.17334666090148038,0.18209575376582401,0.1701143658874975,0.17762846866801088,0.1843347470152535,0.18825429470055371,0.19317822629193426,0.21377562615426085,0.24021795080950462,0.22411605641551677,0.2497679620878177,0.2829418237568977,0.32811475999251655,0.3797591310048561,0.43880202879986696,0.5016644182283408,0.5735324178073984,0.6556961632592363,0.7496306140052621,0.8570220308453057,0.9797982468056672,1.1201632745620067,1.2806368716909395,1.4640997740044825,1.6738454089718695,36.89560186271682,37.99201953681322,36.09134917068713,30.283657146977713,39.38051647542357,40.20935264994651,40.87752405471967,42.46317235172824,32.58393183344822,41.20427699328557,42.3548907390359,42.40032672396709,42.25902570477257,37.42534436632043,28.53221128106942,35.58188366756224,33.40055393024459,28.75036570147552,23.115430850323065,11.14621824672279,2.6639825696987316,5.5573885086786986e-12,5.8356213755337756e-12,6.127767807664697e-12,6.434522553870508e-12,6.7566175759661e-12,7.094814496825318e-12,7.449922598110601e-12,7.82280306612319e-12,9.964283830004005e-14,41.78852155,43.1135632,41.4937623,36.03116392,45.34936217,46.64050726,47.89784675,49.51118451,40.4075538,49.93783228,52.11174561,53.46731102,55.45622322,53.34116464,46.31396144,57.19076997,59.77182738,61.23981494,63.2526829,60.6899381,63.5915235,66.08726689,67.65496901,69.2646765,66.97311273,58.02360954,71.39306354,74.06033985,75.93820025,78.07849218,
4.689698297545293,4.9103391034278285,5.181847837796107,5.515951914978956,5.733086970478562,6.182719514169231,6.756173966532182,6.795368800539527,7.554248003245607,8.446637079825186,9.453785412856629,10.743329537587249,12.827631740461387,15.487508272138998,17.346957252491762,21.10282687505583,25.775293576722383,31.775425500080292,39.28043642438035,48.51570008889771,59.70081678880514,73.46462111686819,90.40162004713186,111.24338195585575,136.89013562505326,168.44965428039177,207.28510420140415,255.07392465327558,313.88028237093255,386.2442301586752,0.19105777840503912,0.19798543426290163,0.20590553995413094,0.2149602729615522,0.21700686926006862,0.22643221499380337,0.2378606236297547,0.2222100643292138,0.23202528042529846,0.2407852845271032,0.24590515161621188,0.25233698440096863,0.27924211686608347,0.31378211959895974,0.2927491928943656,0.32625671931561206,0.36958972001238904,0.4285963830563247,0.4960562883090249,0.5731804397512917,0.6552937611390176,0.7491705641142329,0.8564960746149535,0.9791969425522794,1.1194758279946366,1.2798509421380946,1.4632012528810183,1.6728181665092472,1.9124646132536536,2.186442597392266,36.758645804051696,37.768798212311395,35.233943712252,29.843953642061837,39.43765761026384,40.237906140839556,40.732891759840776,42.22207979513412,32.10955989633208,40.753941665650856,42.456168845530456,42.47915391801525,42.045220142676186,36.41881480826585,28.087735724617865,35.19311141563278,33.635338963269675,28.81726269686805,23.12930415731554,10.325550591356144,2.6032034400612427,5.55738868314109e-12,5.835621532064757e-12,6.127767852411296e-12,6.434523138918475e-12,6.756618150394974e-12,7.09481516931196e-12,7.449923213328886e-12,7.822804339338825e-12,9.964284034742421e-14,41.63940188,42.87712275,40.62169709,35.57486583,45.38775145,46.64705787,47.72692635,49.23965866,39.89583318,49.44136403,52.15585941,53.47482044,55.152094,52.2201052,45.72744217,56.62219501,59.78022226,61.02128458,62.90579687,59.41443112,62.95931399,66.14321129,67.66447107,69.01750994,65.56555365,57.28879948,70.68329326,74.12303365,75.66721964,77.65029947,
4.236524511233952,4.435844408377237,4.6811167767015265,4.9829357898839355,5.179088703463412,5.58527246445099,6.103313005520237,6.138720373851964,6.82426774584662,7.630423698024972,8.540249518071748,9.705182728295222,11.588075147177937,13.990923136185343,15.670690294506976,19.063623636364028,23.28458167110499,28.704910304451918,35.48469883680124,43.82754274701938,53.9318219679179,66.36560570069838,81.66595266595266,100.49373850237366,123.66220130306304,152.1720682205298,187.2547803816267,230.42568314807622,283.5494791964593,348.9207715657132,0.24004299154666356,0.2487468258025068,0.25869756363354135,0.27007383533994567,0.2726451574922567,0.28448706314600525,0.2988455960489459,0.27918239727608074,0.29151413196937487,0.30252010936591095,0.30895265674843897,0.3170335440887484,0.35083687069916125,0.3942325683422721,0.3678070195407514,0.4099055247606401,0.46434865294302896,0.5384840063240599,0.6232399246723994,0.7201379007048234,0.8233042175974858,0.941250049539668,1.0760926967479343,1.2302527819898288,1.4064977043034812,1.6079913178585414,1.8383507277666646,2.1017112224094285,2.402800507913956,2.7470235773936653,37.15958134722141,38.080084275822394,35.20162367966718,30.268444194778457,39.839705199046804,40.7041312524056,41.32103912843355,42.69262260887482,32.720151812187,41.94808124261227,43.19598297518313,43.36872755761951,43.068543052126564,37.21756565547621,29.620289795956268,37.652182938879555,35.93752514595641,31.773123049228673,26.63288473853124,14.164310112280914,8.764058204490007,5.561468488548381e-12,5.8356237942190244e-12,6.127768613506308e-12,6.434523327945748e-12,6.756618101150706e-12,7.094814918229855e-12,7.449923062198705e-12,7.822804233782989e-12,9.964283612160156e-14,41.63614885,42.76467551,40.14143802,35.52145382,45.29143906,46.57389078,47.72319773,49.11052538,39.83593369,49.88102505,52.04518515,53.39094383,55.00745507,51.60272136,45.65878711,57.1257121,59.68645547,61.01651736,62.7408235,58.71199076,63.51918439,66.002856,67.55833764,69.01211802,64.79039028,57.20278623,71.31184972,73.96574524,75.66130822,77.44665796,
3.5172104133713105,3.6826880391859365,3.886315924660194,4.1368894722234595,4.299737832577667,4.636956170415567,5.067039268191993,5.096434864576765,5.6655840219214575,6.334863782320413,7.090211435836185,8.057352120851759,9.620550635434002,11.615422126505248,13.009983759660338,15.826835273255968,19.331122222340582,23.831140164535775,29.45979704193667,36.38612011650892,44.774806645081455,55.097474083114214,67.79999463544124,83.43103470826188,102.66575373521631,126.33496668088571,155.4610298525061,191.3020000539438,235.40597447064428,289.6779584157369,0.267248725583633,0.276939025631877,0.2880175494697365,0.30068317280595747,0.3035459206989177,0.3167299515012946,0.33271583634149243,0.3108240711244092,0.32455344668244407,0.3368068076911313,0.3439684002007079,0.352965150446852,0.3905996420806725,0.438913674563806,0.40949313537392656,0.4563629556361193,0.5169765004423269,0.5995141266571763,0.6938760199926912,0.8017561144684539,0.9166149842695391,1.0479284338785104,1.1980537318034334,1.3696858467479414,1.5659058262417132,1.7902361059506413,2.0467037425497123,2.3399127052811726,2.675126523937191,3.0583627769192145,37.650164311047085,38.62398446518432,35.970100115872306,31.05883065497293,40.64616037672589,41.612794698085736,42.09245496546923,43.495334374301684,33.81770302139908,43.154785679991605,44.562748213966415,44.97213199870485,44.76340535248897,39.55223643893477,32.20711061496973,40.78001956111211,39.828860557221496,36.2905336788117,32.32150821807553,21.528495939027728,17.75827413065437,9.796254613012897,5.836966516588893e-12,6.127771655441879e-12,6.434523502761163e-12,6.756617568946311e-12,7.094814156204667e-12,7.449922032604653e-12,7.822804191345468e-12,9.964283772410636e-14,41.43462345,42.58361153,40.14443359,35.4964033,45.24944413,46.56648082,47.49221007,48.90259331,39.80784049,49.82645627,51.99692805,53.38244927,54.77455563,51.60657224,45.62658751,57.06321779,59.67695928,60.72118797,62.47518128,58.71637217,63.44969576,65.94165713,67.54758902,68.67808869,64.79522529,57.16244554,71.23383609,73.89716306,75.29509578,77.1187518,
2.335033648794999,2.4448922523436827,2.580078353979158,2.7464311154840724,2.8545441813480177,3.0784193759763263,3.3639463667039995,3.383461749242358,3.7613130226637064,4.205639797953517,4.707106011289066,5.3491790684040605,6.3869677424678315,7.711338908595577,8.637171587344634,10.507245394387734,12.833699310831859,15.82120704572884,19.55800458172117,24.156307083063172,29.725455075729005,36.578549710469105,45.01160017609741,55.38885949414721,68.15855788418621,83.872263398795,103.20870608192502,127.00309469957888,156.2831923352154,192.31370908134974,0.30581916650998797,0.31690801072248653,0.32958543292106307,0.3440790113789345,0.3473549228828767,0.36244172751560144,0.3807347613442101,0.3556834860668444,0.37139434186490833,0.3854161585917763,0.39361134173953466,0.4039065401752454,0.4469725972288284,0.5022595106180733,0.4685928775829693,0.5222271440729367,0.5915886862519257,0.6860384839062051,0.7940190757954668,0.9174688715000006,1.048904648236211,1.199169797764117,1.3709617993282033,1.567364570656855,1.7919038287967908,2.048610381891532,2.342092488083914,2.6776185804907873,3.0612118432842252,3.4997583366582274,38.98346863469704,39.08384431693596,37.04596617310202,33.365986833139345,41.609307855771576,42.89257919651067,43.964960081954516,44.31597422469366,36.75184095547437,44.90101643345785,46.392624696974714,47.36221283142417,46.99138131030697,43.15026250079017,37.754914195076395,45.650795681543556,45.95301978292065,44.491939140369595,41.04047306248822,33.36644673544191,32.24952699604013,27.525298051772396,20.82698721458027,12.036289985202105,6.434419994762899e-12,6.756618420182115e-12,7.094815812591801e-12,7.449921952608594e-12,7.822807275385197e-12,9.964280562239221e-14,41.62432145,41.84564458,39.95562996,36.45649696,44.81120696,46.3334403,47.70964121,48.05511946,40.88454832,49.49207239,51.49334205,53.11529844,53.82532165,51.36386092,46.86067866,56.68026822,59.37830778,60.99918467,61.39249672,58.44022269,63.02388672,65.30301756,67.20954919,68.99251405,64.4904863,58.70855434,70.7557879,73.18147507,75.63981545,75.78229659,
1.0879188139350602,1.1391031905434756,1.202087937434668,1.279593586693574,1.3299646973824002,1.4342707044222556,1.5673009865593883,1.57639342590628,1.7524386445422255,1.9594555578198294,2.1930943871026756,2.4922435488788572,2.97576113072841,3.5928007648283393,4.024156771319629,4.895445490940117,5.979366909699369,7.3712808434656765,9.11229744310661,11.254699033745874,13.84942861373993,17.042363580933515,20.971417993128114,25.806301488282596,31.755849638892283,39.077044292682416,48.086113519761874,59.17219061187856,72.81412211385198,89.6011508850006,0.3525951051390652,0.3653800206026582,0.37999649171534566,0.39670690551482723,0.4004838772930859,0.4178782529510758,0.4389692599658375,0.4100863186476323,0.4282001959273355,0.4443666906551577,0.4538153511056903,0.4656852303427996,0.5153383671557179,0.5790815761303539,0.5402655328124701,0.6021033176965941,0.682073911221868,0.7909700824930249,0.9154666226695847,1.0577984267634088,1.209337691114341,1.3825863360608601,1.5806544282108699,1.8070975795558921,2.0659807759075264,2.361951349339101,2.700322404594585,3.087168197090843,3.5294331746878957,4.035056640686468,40.5710730609279,41.089820658855984,40.14790749085221,37.33093346779393,43.93616375532697,45.24433010262926,46.147253263477495,46.92839254544894,41.56446216953343,47.68227357152815,49.82939358179494,51.03209495078181,51.29720951211951,49.4729607890451,45.5749385458719,51.8630184113675,53.69473413908319,53.40445966404596,52.46310414422869,48.72295669949583,48.721558045151106,48.124643123011275,45.76431215866694,42.0210094721677,33.53256933520669,21.377196417985292,20.818590945650712,12.319084361038112,8.057202684272367e-10,9.964060109373324e-14,42.01158698,42.59430387,41.72999192,39.00723396,45.66661233,47.09647906,48.15352351,48.91487229,43.74510101,50.08609582,52.47630332,53.99002373,54.78830901,53.64484313,50.13936085,57.36056722,60.35617496,61.56671059,62.49086821,61.03545416,63.78032435,66.54959304,68.31638458,69.63440854,67.35439975,62.81619206,71.60502687,74.57844317,76.34355528,77.1381156,
0.10771622671854239,0.11278405700567301,0.11902025697670016,0.12669418997666615,0.13168149776978819,0.14200896831124496,0.15518046589688228,0.15608071989154557,0.17351118109913785,0.19400818922102722,0.21714106713703332,0.24676020646967523,0.2946338977798953,0.35572777746070194,0.3984368847915678,0.48470429009590443,0.592024729629295,0.7298399001565504,0.9022201700494313,1.114342078875286,1.3712495577532378,1.687386113549869,2.076406792696526,2.555114762492594,3.1441870988243124,3.869067901579978,4.761067314548178,5.858713920322349,7.209418924890004,8.871524013874776,0.4090870903972236,0.42392037591862325,0.44087866476669474,0.4602663830331391,0.46464849263352864,0.48482975557079167,0.5092999157274772,0.4757894152872678,0.49680545675852866,0.5155621104775825,0.5265246138008638,0.5402962580741452,0.5979047074593988,0.671860708299885,0.6268256468648068,0.6985709409036404,0.7913542409148258,0.9176975089053028,1.0621406014016175,1.2272764832079333,1.4030950235980737,1.6041011721334602,1.8339032832155728,2.096626640896836,2.3969875137638983,2.740377818857802,3.1329619144722582,3.581787259402348,4.0949109251390405,4.6815442320884815,42.76529162288627,43.36609835707784,41.85050119825884,41.28573191699254,47.179946489599146,48.10722903612055,48.94529458837835,49.78566921482404,46.28828504214533,51.898553840304544,54.156889639065405,55.08025096545965,55.57886969476435,53.49193469424323,52.797319208347645,59.06561802900468,61.071436729460295,61.78106418094279,62.446229698553836,59.689019677921905,64.21756535865406,66.3325026443223,66.7814991940938,67.08854021661678,62.9114397274183,60.82120306956906,67.31658721098674,68.58324831028284,67.34799549997885,65.95473369403692,43.28209494,43.90280279,42.41040012,41.87269249,47.77627648,48.73406776,49.60977497,50.41753935,46.95860168,52.60812414,54.90055532,55.86730743,56.4714083,54.51952318,53.82258174,60.24889326,62.4548157,63.42860159,64.41059047,62.03063824,66.99190994,69.62398993,70.69180927,71.74028162,68.45261434,67.43064879,75.21061644,78.02374949,78.65232535,79.50780194,
0.0,0.0,0.0,0.0,0.0,0.0,0.0,0.0,0.0,0.0,0.0,0.0,0.0,0.0,0.0,0.0,0.0,0.0,0.0,0.0,0.0,0.0,0.0,0.0,0.0,0.0,0.0,0.0,0.0,0.0,0.3911642715355711,0.40534768494962786,0.4215630015886951,0.44010131010648956,0.44429143184306397,0.4635885184557387,0.4869865982209896,0.45494425124602406,0.4750395432893021,0.49297443529807833,0.5034566522326039,0.5166249367530819,0.5717094595039605,0.6424253189713488,0.5993633221170682,0.6679653297031676,0.7566836315305382,0.8774915806127999,1.0156063693239363,1.1735073601580144,1.341622983673235,1.533822702294688,1.7535567821247002,2.004769771327031,2.291971310536566,2.6203170875054935,2.995701389240286,3.424862913075729,3.915505736149565,4.476437614856775,42.54824612846647,42.97913037505251,40.979845918413545,41.29760139989587,46.85009968815941,47.94806961154685,48.730004631781725,49.36735616875683,46.33217632671369,51.95571654470506,53.84335576777069,54.98108154325036,55.23298680049967,52.58001698103245,53.04970441788693,59.39833880030103,61.28495018847388,62.04891617939183,62.63454059068093,59.381352109847086,65.44726257633212,67.38791950771095,68.4705771878812,69.16751056867918,64.53207821946992,64.59294782250134,71.98698322076689,73.8119164469318,74.11409245385835,74.0926803051434,42.9394104,43.38447806,41.40140892,41.73770271,47.29439112,48.41165813,49.21699123,49.82230042,46.80721587,52.44869098,54.34681242,55.49770648,55.80469626,53.2224423,53.64906774,60.06630413,62.04163382,62.92640776,63.65014696,60.55485947,66.78888556,68.92174221,70.22413397,71.17228034,66.82404953,67.21326491,74.98268461,77.23677936,78.02959819,78.56911792,
0.0,0.0,0.0,0.0,0.0,0.0,0.0,0.0,0.0,0.0,0.0,0.0,0.0,0.0,0.0,0.0,0.0,0.0,0.0,0.0,0.0,0.0,0.0,0.0,0.0,0.0,0.0,0.0,0.0,0.0,0.3594671762975054,0.3725012694936871,0.38740261531991343,0.4044387147317115,0.408289299610224,0.42602269128271925,0.4475247615791208,0.41807889234413276,0.43654580870976506,0.4530273880786753,0.4626602027219962,0.4747614256549499,0.5253823010565352,0.5903678638289309,0.5507952966459062,0.6138382986524754,0.6953675173579589,0.8063860727091839,0.9333090478265675,1.0784148957785904,1.2329076571938296,1.4095329145743367,1.611461349660572,1.8423178732467396,2.1062466976321246,2.4079857312940924,2.752951631275952,3.1473370401044583,3.5982217527818787,4.113699809462727,41.12411695370453,41.622134410508444,40.47429511468233,40.14896058527064,45.19591774039224,46.34359188871987,47.1008038684236,47.808140447658715,45.04251970129322,50.024702831924465,51.94193210728131,53.140554434348516,53.4915839889471,51.9382635561749,51.575985163358105,57.19524404135174,59.241916462646465,59.98655230729546,60.677775192178295,58.687047874226515,63.04612932281154,65.0491173954313,66.23078588034534,66.91692339675947,63.84668060237438,62.898109078712736,69.41197097873122,71.32919163990306,71.78584550722601,71.93841906053744,41.48358413,41.99463568,40.86169773,40.5533993,45.60420704,46.76961458,47.54832863,48.22621934,45.47906551,50.47773022,52.40459231,53.61531586,54.01696629,52.52863142,52.12678046,57.80908234,59.93728398,60.79293838,61.61108424,59.76546277,64.27903698,66.45865031,67.84224723,68.75924127,65.9529273,65.30609481,72.16492261,74.47652868,75.38406726,76.05211887,
0.0,0.0,0.0,0.0,0.0,0.0,0.0,0.0,0.0,0.0,0.0,0.0,0.0,0.0,0.0,0.0,0.0,0.0,0.0,0.0,0.0,0.0,0.0,0.0,0.0,0.0,0.0,0.0,0.0,0.0,0.33216864754344894,0.3442129102589624,0.35798262336783954,0.37372497336295923,0.3772831384909156,0.3936698272252881,0.4135389949287356,0.3863292934470287,0.40339380180256573,0.41862374291913634,0.42752502577078805,0.43870726192559684,0.48548390476904163,0.5455343569919485,0.5089669956645583,0.5672224083820457,0.6425601640892904,0.7451477877023114,0.8624320232789123,0.9965182944131017,1.1392786213590056,1.3024906661147697,1.489084323633161,1.7024092230190628,1.9462948582718027,2.225119333304292,2.5438879553126266,2.908323087362107,3.324966873175033,3.8012986781804816,39.526005182458576,40.37158191974317,39.8258768966344,38.00700115663938,43.152877951511556,44.428669342777305,45.271750425073975,46.371282016555824,42.63910295820042,47.69075450708401,49.593744794232514,50.94430911807787,51.8865317452346,51.11172079301187,48.82508932433944,54.52953008162217,56.79920615591514,57.665800922302346,58.87244183672597,57.777519335592025,60.12386632864636,62.13366888389086,63.528518296372766,64.36270659698715,62.91256595173472,59.58216150670253,66.23514672469456,68.18106759264542,69.10540092683287,69.93484449181972,39.85817383,40.71579483,40.18385952,38.38072613,43.53016109,44.82233917,45.68528942,46.75761131,43.04249676,48.10937825,50.02126982,51.38301638,52.37201565,51.65725515,49.33405632,55.09675249,57.44176632,58.41094871,59.73487386,58.77403763,61.26314495,63.43615955,65.01760262,66.06511582,64.85886081,61.80728084,68.77903468,71.08939068,72.4303678,73.73614317,
0.0,0.0,0.0,0.0,0.0,0.0,0.0,0.0,0.0,0.0,0.0,0.0,0.0,0.0,0.0,0.0,0.0,0.0,0.0,0.0,0.0,0.0,0.0,0.0,0.0,0.0,0.0,0.0,0.0,0.0,0.3215060128127795,0.3331636539284355,0.34649135836999295,0.3617283779281744,0.36517232572902486,0.38103300071191304,0.40026436686728833,0.37392809853520476,0.3904448350862708,0.4051858941235225,0.4138014452290162,0.4246247308914393,0.4698998405219959,0.5280226694059764,0.492629122704927,0.5490145329658771,0.6219339419192197,0.7212284962839458,0.8347479004326934,0.9645299937280807,1.1027077050914709,1.2606806328211504,1.4412846220553972,1.6477617785916034,1.8838186694279484,2.153692861063046,2.4622289900133807,2.8149657311255925,3.2182352248920507,3.6792767486354507,37.800085957189246,38.8071461760737,37.35274568163224,35.50907263207417,40.809249654273444,42.247205609290674,43.29456145313542,44.57441200146764,39.837268184916724,44.92840269587962,46.900447344774285,48.44313905911202,49.875596969481634,47.93519440059783,45.61520404729907,51.368794447038304,54.00799761808518,55.14481201372067,56.58870361957215,54.175429256277,56.625708464913856,58.742478937184444,60.39363809795047,61.53896123141455,58.96473089057852,55.61167260894374,62.34842904999377,64.4272520088819,66.05641192511582,67.2036693213647,38.12159197,39.14030983,37.69923704,35.87080101,41.17442198,42.62823861,43.69482582,44.9483401,40.22771302,45.33358859,47.31424879,48.86776379,50.34549681,48.46321707,46.10783317,51.91780898,54.62993156,55.86604051,57.42345152,55.13995925,57.72841617,60.00315957,61.83492272,63.18672301,60.84854956,57.76536547,64.81065804,67.24221774,69.27464715,70.88294607,
0.0,0.0,0.0,0.0,0.0,0.0,0.0,0.0,0.0,0.0,0.0,0.0,0.0,0.0,0.0,0.0,0.0,0.0,0.0,0.0,0.0,0.0,0.0,0.0,0.0,0.0,0.0,0.0,0.0,0.0,0.6495370296353117,0.67308890512458,0.7000148014059278,0.730798077705272,0.7377558686504949,0.7697991129626797,0.8086521482110923,0.7554451137471317,0.7888137960457603,0.8185950857235709,0.8360010416022011,0.8578672728386246,0.9493363560093014,1.0667616237267254,0.9952562139481358,1.1091713832951962,1.2564901095608159,1.4570944134640944,1.6864371120085402,1.9486352421194928,2.2277949984660914,2.5469469338921997,2.911820292499686,3.328965084818612,3.8058696700777146,4.35109518320667,4.974429219731451,5.68706153743148,6.501784928860348,7.4332248706856685,37.526814700366714,36.88398679487755,35.99196994859631,40.02766939229707,41.17011423135197,40.970868117039906,42.94893910179162,42.37472474625572,44.920227723957225,46.36543886427957,47.321065818401095,46.992410687164835,47.359674043994325,46.10160997627708,51.395116056055876,52.92784042670901,52.23598033044358,54.48919487654054,53.41422316799632,51.718088617885584,57.857003781539255,58.525060786113414,57.6356246975062,59.94852248518759,55.41692176992879,61.285235846800134,62.48169734027571,62.75295513257604,62.87237178114754,60.582490449314506,38.17635173,37.5570757,36.69198475,40.75846747,41.9078701,41.74066723,43.75759125,43.13016986,45.70904152,47.18403395,48.15706686,47.85027796,48.3090104,47.1683716,52.39037227,54.03701181,53.49247044,55.94628929,55.10066028,53.66672386,60.08479878,61.07200772,60.54744499,63.27748757,59.22279144,65.63633103,67.45612656,68.44001667,69.37415671,68.01571532,
0.0,0.0,0.0,0.0,0.0,0.0,0.0,0.0,0.0,0.0,0.0,0.0,0.0,0.0,0.0,0.0,0.0,0.0,0.0,0.0,0.0,0.0,0.0,0.0,0.0,0.0,0.0,0.0,0.0,0.0,0.6311578023800186,0.6540432566305336,0.6802072607575801,0.7101194969083962,0.7168804109780252,0.7480169632274939,0.7857706173293236,0.7340691231708056,0.7664936089614682,0.7954322105922994,0.8123456494871504,0.8335931562863594,0.922474040494198,1.0365766559494347,0.9670945552607694,1.0777863936971497,1.2209366057357725,1.4158646326577395,1.638717875815389,1.8934968769169798,2.1647575599723954,2.4748788078741044,2.8294277506726657,3.2347690605316366,3.6981792069032604,4.227977079799285,4.8336733260356795,5.526141079255329,6.3178111485823285,7.222895169829763,36.332474737622015,35.1409314733716,34.58354103924466,38.68093857309396,39.72713610902444,39.4928946067751,41.581806432673396,40.372521626832054,43.40905125104154,44.76125553941085,45.66258144051615,45.29740885371711,45.119976669509434,44.29576487405438,49.66562850474323,51.09552452630707,50.34953209426864,52.75322133734688,50.876732434189485,49.68424837308811,55.84775615003297,56.463866652131514,55.54252797933325,58.03263058947458,53.21936355310326,59.20631492020755,60.295935933971506,60.52324672075222,60.85258938142559,57.60166228017044,36.96363254,35.79497473,35.2637483,39.39105807,40.44401652,40.24091157,42.36757705,41.10659075,44.17554486,45.55668775,46.47492709,46.13100201,46.04245071,45.33234153,50.63272306,52.17331092,51.5704687,54.16908597,52.51545031,51.57774525,58.01251371,58.93874546,58.37195573,61.26739965,56.91754276,63.434292,65.12960926,66.0493878,67.17040053,64.82455745,
0.0,0.0,0.0,0.0,0.0,0.0,0.0,0.0,0.0,0.0,0.0,0.0,0.0,0.0,0.0,0.0,0.0,0.0,0.0,0.0,0.0,0.0,0.0,0.0,0.0,0.0,0.0,0.0,0.0,0.0,0.6189786485568548,0.6414224930125151,0.6670816227172038,0.6964166565837387,0.703047108489819,0.7335828334058707,0.7706079730871248,0.7199041382269147,0.7517029440393019,0.780083131151038,0.7966701994089385,0.8175077031111558,0.9046734949021311,1.016574326112581,0.9484329886832031,1.0569888590269736,1.1973767690776267,1.388543361988359,1.6070963114347159,1.8569589625622949,2.1229852564163885,2.4271222411626967,2.774829620574256,3.1723492507438693,3.6268171905316686,4.146391804260406,4.740400216289241,5.419505746539864,6.195899332687585,7.083518375325719,35.18294645144517,34.1673618769896,34.03976576728503,37.84171049341861,38.63114100151265,38.62256808659671,40.26542436691558,39.25415547177593,42.467312955963685,43.7689651288521,44.40293365059435,44.299230626892296,43.86925777510149,43.59985855389122,48.5879444313208,49.96233368097722,49.23923289092678,51.078095478016266,49.461496408570135,48.9062474374428,54.60638645358896,54.89427905884291,54.31372552943162,56.1695146992623,52.39185823947482,57.91436336574641,58.94864851371792,58.81741403346764,58.86344368732031,55.95505223467447,35.8019251,34.80878437,34.70684739,38.53812715,39.33418811,39.35615092,41.03603234,39.97405961,43.2190159,44.54904826,45.19960385,45.11673833,44.77393127,44.61643288,49.53637742,51.01932254,50.43660966,52.46663884,51.06859272,50.7632064,56.72937171,57.3214013,57.08855515,59.34186395,56.01867543,62.06075517,63.68904873,64.23691978,65.05934302,63.03857061,
0.0,0.0,0.0,0.0,0.0,0.0,0.0,0.0,0.0,0.0,0.0,0.0,0.0,0.0,0.0,0.0,0.0,0.0,0.0,0.0,0.0,0.0,0.0,0.0,0.0,0.0,0.0,0.0,0.0,0.0,0.6049553469360563,0.6268907137551037,0.6519685217679781,0.6806389543127618,0.6871191896852379,0.7169631109636264,0.7531494257475873,0.7035943141450107,0.7346727005275389,0.7624099188957641,0.7786211980020878,0.7989866166006881,0.884177619451608,0.9935432758036992,0.9269457178404542,1.0330421952534858,1.170249540011388,1.3570851486491444,1.5706866608571621,1.814888536239562,2.074887858135128,2.3721344522660552,2.71196432981445,3.1004779341913262,3.5446496529196656,4.052453018092713,4.633003842938867,5.296723864003898,6.0555278265670465,6.923037371747877,34.55001405306597,33.46548534624702,33.635073218234254,37.22803247568958,38.05724768031723,38.24651781903897,39.541344714255125,38.447749165857836,41.77843300947546,43.16907405110738,43.7432087420012,43.86760633340276,42.96825016055202,43.083220004200115,47.80033800216355,49.27902142475071,48.76313653999301,50.16145966135548,48.44685056914769,48.33429837376553,53.86806897187021,54.08972502773957,53.80699846019145,55.16905380581487,51.796437407086835,56.9946437319141,58.17315100706828,57.9769549960036,57.82816575344084,54.81812063825228,35.1549694,34.09237606,34.28704174,37.90867143,38.74436687,38.96348093,40.29449414,39.15134348,42.51310571,43.93148397,44.52182994,44.66659295,43.85242778,44.07676328,48.72728372,50.31206362,49.93338608,51.51854481,50.01753723,50.14918691,55.94295683,56.46185948,56.51896279,58.26953174,55.34108706,61.04709675,62.80615485,63.27367886,63.88369358,61.74115801,
0.0,0.0,0.0,0.0,0.0,0.0,0.0,0.0,0.0,0.0,0.0,0.0,0.0,0.0,0.0,0.0,0.0,0.0,0.0,0.0,0.0,0.0,0.0,0.0,0.0,0.0,0.0,0.0,0.0,0.0,0.5502432910592738,0.5701948271358379,0.5930046025737186,0.6190820862085596,0.6249762502262006,0.6521210924786158,0.6850347232761267,0.6399613673084283,0.6682290298566553,0.6934576990420114,0.7082028328984559,0.7267264065973227,0.8042127500353035,0.9036873955356978,0.8431129090784684,0.9396140396118482,1.0644123760832382,1.234350604920429,1.4286340336856276,1.6507503341263297,1.887235362777738,2.157599026871527,2.4666947496708223,2.8200712515504383,3.22407215764437,3.685949875196515,4.213995784879645,4.8176890832072585,5.5078669479773295,6.296919081466595,34.57724661894275,33.369811582866284,33.82029898742851,37.51475240379378,38.35657205977626,38.54818707752397,39.57796253672658,38.33640232269441,42.09738832014633,43.43056668096112,44.08617644710484,44.21135835340613,42.85222460996832,43.335388324468106,48.17359229092553,49.592954430392346,49.17247805392117,50.2439238550842,48.36535893631921,48.68311068587875,54.300905077227604,54.649903083134085,54.39580075033506,55.40391311845574,52.32080815236212,57.7237433448103,58.867422305127505,58.84333232680026,58.32589085203055,55.168298078533574,35.12748991,33.94000641,34.41330359,38.13383449,38.98154831,39.20030817,40.26299726,38.97636369,42.76561735,44.12402438,44.79437928,44.93808476,43.65643736,44.23907572,49.0167052,50.53256847,50.23689043,51.47827446,49.79399297,50.33386102,56.18814044,56.80750211,56.8624955,58.22398437,55.54488031,61.40969322,63.08141809,63.66102141,63.8337578,61.46521716,
0.0,0.0,0.0,0.0,0.0,0.0,0.0,0.0,0.0,0.0,0.0,0.0,0.0,0.0,0.0,0.0,0.0,0.0,0.0,0.0,0.0,0.0,0.0,0.0,0.0,0.0,0.0,0.0,0.0,0.0,0.5758153237915365,0.5966940884993243,0.6205639265196857,0.6478533363622984,0.6540214260372577,0.682427798972318,0.7168710594041516,0.669702962159481,0.6992843373938841,0.7256854849441419,0.741115884848797,0.7605003239878112,0.8415877714154196,0.9456854062954196,0.8822957782897267,0.9832817069275038,1.1138799271903612,1.2917158733117036,1.4950284393339064,1.7274673832262066,1.9749428282836416,2.257871386089285,2.5813320381285347,2.9511313762693283,3.3739078395801583,3.8572508840221755,4.409837224285677,5.041586593511242,5.7638398170103695,6.589562396669375,34.694746346210486,33.1454986315028,35.14617924348254,38.355064773640045,39.5027556539652,39.43084839103026,39.710114510598565,38.079493467843356,43.04097661260911,44.55211935505899,45.4037393451545,45.22418423601564,42.56040529858821,45.03326733370838,49.25151754171428,50.87064153307669,50.29301851281406,50.39622592669292,48.008748520670956,50.58597224677888,55.68243754172169,56.262282313916316,55.60548060187733,55.509995123736836,54.35549507042631,58.95199105598462,60.32107019572145,60.538708606496236,58.32990832299749,54.51741496333075,35.27056167,33.74219272,35.76674317,39.00291811,40.15677708,40.11327619,40.42698557,38.74919643,43.74026095,45.27780484,46.14485523,45.98468456,43.40199307,45.97895274,50.13381332,51.85392324,51.40689844,51.6879418,49.50377696,52.31343963,57.65738037,58.5201537,58.18681264,58.4611265,57.72940291,62.80924194,64.73090742,65.5802952,64.09374814,61.10697736,
0.0,0.0,0.0,0.0,0.0,0.0,0.0,0.0,0.0,0.0,0.0,0.0,0.0,0.0,0.0,0.0,0.0,0.0,0.0,0.0,0.0,0.0,0.0,0.0,0.0,0.0,0.0,0.0,0.0,0.0,0.6044689684574833,0.6263866994453997,0.6514443451336183,0.6800917269169997,0.6865667522404413,0.7163866792833882,0.7525439006064533,0.7030286308532112,0.734082030501823,0.761796948404174,0.7779951937927078,0.7983442387839607,0.8834667488600589,0.9927444762405093,0.9262004620951394,1.032211638926025,1.1693086702534723,1.3559940647976882,1.5694238433743648,1.813429382717725,2.073219667574022,2.37022727820485,2.7097839356889,3.0979851787373596,3.541799787530438,4.049194883515655,4.629278950892265,5.292465347226679,6.050659238453627,6.9174713140197674,35.52788693154454,33.10963199055673,37.83407762486861,40.274251823085336,41.44439720776202,41.4777292607192,40.66222698939627,38.03907760914962,45.19462690950117,46.71863151159897,47.63543272621059,47.5717540412195,42.51058477114356,48.4812595637633,51.71594820790884,53.34424282107816,52.904275909750936,51.59488112520693,47.92529507663049,54.47657221728737,58.38901197243133,59.02689336180076,58.495416734317,56.791569421268825,58.575854972476066,61.90256966649116,63.2505847091149,63.511887362780854,59.60914341155428,54.17832489598042,36.1323559,33.73601869,38.48552197,40.95434355,42.13096396,42.19411594,41.41477089,38.74210624,45.92870894,47.48042846,48.41342792,48.37009828,43.39405152,49.47400404,52.64214867,54.37645446,54.07358458,52.95087519,49.49471892,56.2900016,60.46223164,61.39712064,61.20520067,59.8895546,62.11765476,65.95176455,67.87986366,68.80435271,65.65980265,61.09579621,
0.003207964822623545,0.003358893069772613,0.0035446172706970897,0.003773159504908337,0.003921689660924075,0.004229258568719573,0.004621527238011177,0.004648338269499055,0.00516744581809679,0.0057778801326579705,0.006466814946485961,0.0073489211987201415,0.008774677766053441,0.010594153093626215,0.011866099931135387,0.014435283887777648,0.017631461522844675,0.02173582195714121,0.026869587395988707,0.03318692362611087,0.040838047138474866,0.050253109112293345,0.06183877908972833,0.07609548278422348,0.09363901722189533,0.1152271491744881,0.14179234576348312,0.17448205098492986,0.21470824783934236,0.2642084468288496,0.6501672063851105,0.673741931756172,0.7006939513731109,0.7315070934139316,0.738471634764264,0.7705459672309839,0.8094366974503614,0.7561780418554798,0.7895790982402597,0.8193892815384148,0.8368121245662026,0.8586995702829439,0.9502573961840728,1.0677965891593009,0.9962218052808963,1.1102474944103504,1.2577091483796525,1.4585080773196288,1.6880732827108977,1.9505257958021853,2.229956391192445,2.549417965823376,2.9146453222735174,3.3321948258520404,3.8095621009468124,4.355316588446889,4.979255379741996,5.692579088844332,6.508092919794538,7.440436538805902,36.43196406879431,32.77836051517618,39.80000323135844,42.01569872708352,42.968794425577286,42.81286880420289,41.693018585314356,37.65909060987787,47.14881939594464,48.587142908332076,49.38601178049063,49.10154955852181,42.07414342605351,50.990723037750904,53.94343118479202,55.46423850170611,54.584110490101956,52.867199560727904,47.36816532989798,57.25892501057684,60.65152185167446,61.100297195069984,60.250116098642685,58.060838771369944,61.47277353183782,64.37447380238547,65.52070887450171,65.51796536017827,60.668765052374034,52.883062984365424,37.08533924,33.45546134,40.5042418,42.75097898,43.71118775,43.58764403,42.50707681,38.41991699,47.94356594,49.41231007,50.22929072,49.96759805,43.0331755,52.06911378,54.95151909,56.58892128,55.8594511,54.34744346,49.0831082,59.24263773,62.92231629,63.69996827,63.2266002,61.46912908,65.37597465,68.84501754,70.6417566,71.3850265,67.39156622,60.58770797,
0.2896271932232938,0.3032535660225275,0.3200214490890893,0.34065510609205196,0.354064970156794,0.3818334540439434,0.41724895264141554,0.4196695539343264,0.46653654612236073,0.5216488640401583,0.5838485038353447,0.663488391454301,0.7922110850151088,0.9564801968668305,1.071316366477864,1.3032720079453002,1.5918350093096572,1.9623921875488721,2.4258879416900134,2.9962409418459686,3.6870133007767816,4.537040693306081,5.583038783282533,6.870187896182063,8.454084515797634,10.403142691332771,12.801549080092148,15.752899264425361,19.38467240820412,23.853737528937177,0.6134228313299923,0.6356652247372934,0.6610940436951219,0.6901657727014872,0.6967367111186813,0.7269983540338129,0.7636911641438487,0.713442435836734,0.7449558225098052,0.7730812752574003,0.7895194616115626,0.8101699324293606,0.8965533431014484,1.0074497768788224,0.9399200612190067,1.0475015577682383,1.1866293765848541,1.3760800998891465,1.5926713657712213,1.8402913042871119,2.1039298042009156,2.405336921765021,2.749923355643247,3.1438749363907013,3.5942636711609826,4.109174696579648,4.697851418773711,5.370861446033042,6.140286292837651,7.019938260715649,37.80137783544874,33.7930999092423,41.24217281721803,43.328475911208805,44.292483638726985,44.20034232192483,43.181930003217445,38.75279069023178,48.535739661370826,49.59542730070559,50.7313946445564,50.46745139611979,42.98642450188707,52.31505675625817,55.00759221230715,55.93063665429067,55.28720199410992,53.381696592566634,46.93740912254361,56.92043102387207,59.013284385027696,59.13603354493455,57.39082500108016,54.138713467433476,56.102257863047925,56.92269156209445,55.25514407114134,52.92665500954916,44.80881919896615,32.02587250034735,38.70442786,34.7320187,42.22328831,44.35929679,45.34328532,45.30917413,44.36287012,39.88590268,49.74723203,50.89015744,52.10476261,51.94110972,44.67518893,54.27898673,57.01882864,58.28141022,58.06566638,56.72016888,50.95596843,61.75696327,64.80422749,66.07841116,65.72378714,64.1527763,68.15060605,71.43500895,72.75454457,74.05041572,70.3337779,62.89954829,
1.5208611011199678,1.5924145354127774,1.680464351523798,1.7888137297724895,1.8592302552388988,2.0050453167013167,2.1910156104234884,2.2037264277564126,2.449829649460189,2.7392298938948136,3.0658463680434997,3.4840433122919485,4.159978935909605,5.022572325537203,5.62558843538289,6.843610501498681,8.358883425678586,10.3047159003603,12.738578049706407,15.733558190177895,19.360872320231966,23.824450417981776,29.31709007376333,36.07603765518307,44.393235809679396,54.62793349121202,67.2222031823509,82.72003555500059,101.79083633511553,125.2583402833887,0.5937589525206675,0.6152883438907893,0.6399020167720253,0.6680418225978998,0.6744021230503818,0.7036936989114978,0.7392102845083167,0.6905723291514221,0.7210755228796576,0.7482993862731574,0.7642106302185859,0.7841991296607241,0.8678134342092116,0.9751549725330587,0.9097899890562362,1.0139228537609646,1.148590792005017,1.331968483995301,1.5416167014841016,1.7812989366523817,2.036486242305063,2.3282314550144076,2.6617718281184897,3.043094899223151,3.4790459752607017,3.9774510157627874,4.547257120281932,5.198693141916474,5.943453310186627,6.7949071595608945,37.96321740636139,33.593374640698556,41.67273196170641,43.23122768763195,43.96661771171319,43.76220975438977,43.00684116507091,38.219300373095,48.06650935766316,48.861253639835176,49.604194061741225,49.00469168805081,41.02250824988483,50.55639002193358,52.19145399556491,52.09435213474459,50.04705662232083,47.09617474564906,38.244209068814364,46.830679813174854,45.264302697468345,41.61176488700945,35.4301519281241,27.310076805599973,23.134890635066405,14.969466113032027,3.070391867374346,7.449934440040313e-12,7.82281656600512e-12,9.964280960965572e-14,40.07783746,35.80107752,43.99309833,45.68808324,46.50025009,46.47094877,45.93706706,41.11359913,51.23741453,52.34878292,53.43425106,53.27293413,46.05030062,56.55411732,58.72683242,59.95188549,59.55453084,58.73285913,52.52440382,64.34553694,66.66166126,67.76444676,67.40901383,66.42920936,71.00717242,73.57485062,74.83985217,75.93986245,72.82954107,64.83560958,
3.0780133494399684,3.2228276429933747,3.401028340746691,3.6203125557268767,3.7628259024402464,4.05793549883943,4.4343137534049415,4.460038696599441,4.9581177132739915,5.5438239392041515,6.204850687035589,7.051223689898123,8.419224272808066,10.164994459485348,11.385415992172028,13.85052485494458,16.917228504104965,20.855325368068137,25.781127060850753,31.842554266063793,39.18373835361575,48.21740550508958,59.33375148284457,73.01293025101393,89.84579350895702,110.55941164807645,136.0484784716185,167.41395615743107,206.01062967513556,253.50562469974832,0.5290444311081195,0.5482273075281827,0.5701583058089734,0.5952311194506751,0.6008982029031018,0.626997253741691,0.6586428428182075,0.6153059982741166,0.6424846112523747,0.6667413121584177,0.6809183699789291,0.6987282981849426,0.773229376433217,0.8688716279491356,0.8106308547345482,0.9034141499311864,1.023404463297195,1.186795594201521,1.3735939935912687,1.5871529659874137,1.8145270920901058,2.07447463381742,2.3716620297991198,2.7114242285239376,3.0998604584690015,3.54394371817306,4.051645951760471,4.632081156999733,5.295668994895543,6.054321837845896,37.62193055945394,33.07007318948057,40.69233509344658,41.9016717348248,42.78921610465912,42.767353887421464,42.163555283779566,37.23263816512929,46.11806730547663,46.87959781864058,47.298499642988766,46.64795912192041,38.19564592076235,46.38209560256935,47.08238615309745,46.04700419512847,42.87152479260227,38.377714967734995,26.895559715562854,31.896409747953914,26.60747950429953,18.423726771098675,7.12709218736224,6.127781888327075e-12,6.434526709038938e-12,6.75661832475342e-12,7.09481661750002e-12,7.449925043185119e-12,7.822810345118476e-12,9.964283291076887e-14,41.22898834,36.84112814,44.66352174,46.11721541,47.15294021,47.45228664,47.25651188,42.30798286,51.71866963,53.09016307,54.1842687,54.39791111,47.38809957,57.41596169,59.278433,60.8009432,60.81215776,60.41983593,54.05028077,65.32611698,67.60574495,68.71560691,68.8325057,68.3372475,72.08927102,74.26591344,75.89975801,77.00577495,74.92141517,66.71913714,
4.315048816521138,4.518063123176651,4.767881633575118,5.075294885211657,5.275083508021198,5.688795916032041,6.216438378083968,6.252502024691184,6.950756069569376,7.7718541838738,8.698543694963098,9.885069031184239,11.802861004815478,14.250245964763849,15.96114773562028,19.416969356029377,23.71616317022718,29.236958008651683,36.142410439105475,44.639889598200874,54.931452405951035,67.59569726957562,83.17963733405867,102.35639761851613,125.95428964619853,154.99258912379514,190.72556203346917,234.69664077892386,288.80509044322633,355.38804470784027,0.8211051000702945,0.8508779447244577,0.8849160206952638,0.9238303612378749,0.9326259762216011,0.973133091485385,1.0222487291474818,0.9549876410729446,0.9971702942057656,1.0348179843687895,1.0568215322674617,1.0844634882582147,1.2000931248508588,1.3485349869784602,1.2581422087795304,1.4021468186148764,1.5883781679506894,1.841969894851179,2.1318909476115726,2.4633458332304503,2.8162425723113156,3.219694985213498,3.6809456329257575,4.20827463929995,4.81114833138648,5.500389173852362,6.28837004805328,7.189236363353184,8.21915998791453,9.39662955738828,36.650692763410596,31.872565632101022,39.71990706573186,40.82605795355282,41.175303985759655,41.61065351248515,40.65723991277126,35.56028391423871,44.56470169622786,45.06239847176055,44.69328469277274,44.368741760561015,34.90014538033729,42.72885139826153,42.969155095604215,40.87386262535998,36.55886107182656,30.15843257650178,16.36338195328783,19.260152418573817,10.849921611743033,5.55760097016092e-12,5.835623712149951e-12,6.127768663235954e-12,6.4345239563633775e-12,6.7566181932215195e-12,7.09481673620053e-12,7.449926101589979e-12,7.822807430183296e-12,9.964283560711985e-14,41.78684668,37.2415067,45.37270472,46.8251832,47.38301347,48.27258252,47.89592702,42.76777358,52.51262806,53.86907064,54.44864992,55.33827428,47.90309951,58.32763235,60.18844504,61.6929788,61.86340241,61.23736048,54.63768334,66.36338785,68.59761659,69.05089086,70.02239611,69.26190041,73.23392962,75.40600557,77.01331452,77.3815091,75.93515668,67.44422111,
5.1670018461498515,5.4100988172125275,5.709240903274014,6.077349100023809,6.316583515853407,6.811978322925493,7.443797264368517,7.486981232041127,8.323096903584318,9.306310686992123,10.4159635827539,11.836753674232156,14.133189957952572,17.063780814277514,19.112478983055908,23.250609848285464,28.398626317963622,35.00943382798203,43.27828244912484,53.45348378973538,65.77698841008034,80.94163181803086,99.60242813977234,122.56540260569041,150.82240660653554,185.59395923308483,228.38196577563002,281.034590280151,345.82608423436255,425.5550194645177,1.107024309066619,1.1471644358048418,1.193055001495291,1.245519808921623,1.2573781685875685,1.311990375092355,1.3782087006667476,1.2875264487279774,1.3443976366367607,1.3951547299578322,1.4248201922810555,1.462087427899606,1.6179807703543514,1.8181119713958527,1.696243281478185,1.8903921227065907,2.141471589643738,2.483367171869438,2.8742424119434133,3.321114092204053,3.7968939512250395,4.340833610832638,4.962697583601143,5.67364923751512,6.486451194754695,7.415694439433076,8.478060247105326,9.692619638066228,11.081175730062007,12.668655136147851,36.130252014785555,30.905811436984756,38.941928295232934,39.593785881056924,39.94553376556149,40.74976403198474,39.78161871496745,34.24771236923374,42.94771536978192,43.66249489305321,42.76469997496835,42.72857415787171,32.43692782169672,40.05188846433047,39.49729909546995,37.118743939012184,32.09370449239707,24.649386660153176,8.81022485893661,10.278447558065702,5.309625336988029e-12,5.557385202393471e-12,5.835617614274134e-12,6.127763983738507e-12,6.434519048541249e-12,6.756612721772967e-12,7.094810408959632e-12,7.44991898558649e-12,7.822795933758687e-12,9.964284333844904e-14,42.40427817,37.46307469,45.8442242,46.91665479,47.51949545,48.87373273,48.60362468,43.02222005,52.61520991,54.36396031,54.60548375,56.02741526,48.18809855,58.93378125,60.30602136,62.25974591,62.6338024,62.14218766,54.96274972,67.05304544,69.2278159,69.24978497,70.89440204,70.28529608,73.99498684,75.55330894,77.72082799,77.60439871,77.05715464,67.84547987,
5.5753728316799505,5.837682830453506,6.160467437291232,6.55766885126146,6.815811019995743,7.350359067498983,8.032113451482235,8.078710438921949,8.98090802623989,10.041829539134225,11.239183206084274,12.772264616041682,15.250198405726563,18.41240680580653,20.62302264273152,25.088208273955697,30.643095230977337,37.77638406738188,46.69875632973095,57.678148789903126,70.97563442996552,87.338806609167,107.47444811416776,132.25228791061343,162.74256778701326,200.2622698505705,246.43200160261364,303.2459956595143,373.15824765250306,459.18851290433514,1.3071966752661965,1.3545949480838992,1.4087834554231995,1.470734960258723,1.4847375509899998,1.5492247480527264,1.6274166850532097,1.5203372494264007,1.5874918973812242,1.6474268988911935,1.6824564762921164,1.7264623812193582,1.9105443903351258,2.1468633568436903,2.0029583450253496,2.2322132201730676,2.528692928630939,2.932410141264199,3.393963523682135,3.92163863426742,4.483449106519142,5.125744048699756,5.8600535945815535,6.699559674673808,7.659332651158185,8.756601852935084,10.011064867280762,11.445241140352906,13.084876234191007,14.95940399721603,35.161141353055875,30.419521001464716,38.340271957287804,38.42695987848216,39.28748843901673,40.20996046445088,38.53081363346726,33.593965611654475,41.52948988638187,42.22421955197771,41.762606367626894,41.799015712742424,31.218656943941923,38.458453977353564,37.087103142247116,34.42341205587543,29.76421695039613,20.90499295135854,5.088225646591771,5.5487656558345595,5.292408146983882e-12,5.557381606671439e-12,5.835614931610175e-12,6.127761115987413e-12,6.434515997858472e-12,6.756609107860171e-12,7.094806148763678e-12,7.449914405447241e-12,7.822787785391433e-12,9.964284830803861e-14,42.04371086,37.61179878,45.90952285,46.45536369,47.58803701,49.10954428,48.19034377,43.1930133,52.09788981,53.91347599,54.68424605,56.29774271,48.37939974,59.01772414,59.71308413,61.74383355,62.93600511,61.61378716,55.1809455,67.14855308,68.65416297,69.34967004,71.23646142,69.68765402,74.1003823,74.81045825,77.07679812,77.71633438,76.40193086,68.1148186,
5.521084817997124,5.780840675687657,6.1004822935842595,6.49381611404147,6.749444724308644,7.278787819140003,7.953903886288962,8.00004715377701,8.893459944733596,9.944051149082261,11.129746052714237,12.647899681683127,15.101705559649677,18.233123191457423,20.42221402074157,24.84392165220457,30.344720068740482,37.408551293314325,46.2440454432779,57.116530360923036,70.28453693220048,86.48837911823783,106.42795768457292,130.96453295100238,161.1579256449491,198.31229427512082,244.03246631075444,300.29325630761235,369.52476507366816,454.7173442445639,1.4889747732675827,1.5429642255492315,1.6046881588761062,1.6752546081422617,1.6912043919458475,1.7646591454974363,1.8537244130807853,1.7317545661550495,1.8082477049492065,1.876517236973472,1.916418009408941,1.9665433528643408,2.1762237115831042,2.4454050721494203,2.2814887033286007,2.542623643619088,2.8803316679985116,3.3401895887833972,3.8659263474059533,4.466979687740278,5.106915235595013,5.838527382412586,6.674949636443271,7.631197000679853,8.724435514125553,9.974290407304924,11.403198403859882,13.036810492559908,14.904452400073176,17.039651030658423,34.661365978737315,30.250484628765236,38.27254352754187,38.552513067818616,39.25829444374797,40.03823412536514,37.95600348063297,33.41813634007079,41.6947376903202,42.02289376394742,41.76552664788014,41.65135813545602,31.053222978770854,38.426857096396986,37.35157705593385,34.277105654180566,29.675245493265447,20.319473447906926,5.015943219321026,5.664781281341821,5.2924072649928826e-12,5.557380565503428e-12,5.8356135680368676e-12,6.12775939250218e-12,6.434514129733529e-12,6.75660696153192e-12,7.0948034607831624e-12,7.44991139688397e-12,7.822782277433998e-12,9.964285483480798e-14,41.67142557,37.57428953,45.97771398,46.72158379,47.69894356,49.08168109,47.76363178,43.14993806,52.39644534,53.84346215,54.81169071,56.26580117,48.33115225,59.10538536,60.05527978,61.66365095,62.90029723,61.06821433,55.12591501,67.24829133,68.56500638,69.51129328,71.19604413,69.07058936,74.21044635,75.23917188,76.97670363,77.8974566,75.72541316,68.04688951,
5.1152691574211895,5.355932210264107,5.652079247187883,6.016501897207108,6.253341067217988,6.7437759176043315,7.369269006337452,7.412020610557484,8.239764984186522,9.213134704417019,10.311677612305251,11.71824257018771,13.991686637727783,16.892936040522127,18.921122379070894,23.017821744497734,28.114295609484483,34.65891486229998,42.84497470484369,52.91830061761836,65.1184207206836,80.13123376347001,98.60519578627253,121.3382619909395,149.3123532242056,183.73576858233452,226.09537608619254,278.22083572502464,342.36362888740354,421.29430773760356,1.6502227742724611,1.710058995359104,1.7784673004038927,1.8566757185512326,1.8743527785994951,1.955762288932159,2.054472848440275,1.9192943197069317,2.0040712561466854,2.0797340132047726,2.123955825801084,2.1795094757509776,2.4118970953988086,2.71022935702696,2.528561722517245,2.8179761796070424,3.1922561760790398,3.701914249159385,4.284585485722513,4.950729686806295,5.659966830440983,6.470808658179431,7.397810966942988,8.457614804208962,9.669245199155656,11.054452689766253,12.638103776802682,14.448627313869434,16.518524846921988,18.884954064560542,34.57097984830838,30.46437087437892,38.63859983241046,38.71502816424401,39.742231904184976,40.77386818346609,37.95596714522498,33.76817728973843,42.00303082966978,42.694747672381354,42.57253589189697,42.8171115340648,31.871065406877033,39.61975838245475,38.434153428415875,35.99294413589943,32.09575835444089,22.216520568545278,7.93190806943866,9.512992615580455,5.292527675967769e-12,5.557381669207121e-12,5.835613499688983e-12,6.127758639494621e-12,6.434513280747279e-12,6.756605758189015e-12,7.094802077253285e-12,7.44990974498377e-12,7.822779147000963e-12,9.88596214456619e-14,41.33647178,37.53036208,46.06914638,46.58820578,47.86992575,49.47340639,47.379709,43.09949222,52.24686707,53.98761639,55.00816933,56.71486358,48.27464914,59.22292378,59.88383753,61.82874206,63.40231014,60.57734968,55.06146826,67.38202292,68.74857438,69.76046427,71.76426614,68.51540183,74.35802306,75.02438355,77.18279213,78.17668872,75.11673434,67.96733707,
4.334969225935054,4.538920747504562,4.789892544277741,5.098724968232429,5.299435914596542,5.715058224649661,6.245136546483288,6.281366680802677,6.982844213302989,7.8077329244932026,8.738700494822481,9.930703421560562,11.857348875861403,14.316032180850266,16.034832324399947,19.506607734549835,23.82564876359274,29.37193033418365,36.30926176426226,44.84596950941381,55.185043284793004,67.90775259536326,83.56363587058772,102.82892560913531,126.5357572318223,155.70811192846136,191.60604599621354,235.78011708966378,290.1383582432162,357.02869250869156,1.684632314991414,1.7457162081609106,1.8155509256844573,1.8953901028970346,1.913435755311737,1.9965427721292066,2.0973115901159587,1.9593143927996246,2.0458590514475135,2.12309948684121,2.1682433884335777,2.2249554126404743,2.462188651549849,2.7667415739665397,2.5812859055232042,2.8767350742296043,3.2588193520263284,3.7791045358772983,4.373925313673803,5.053959588491414,5.77798535627659,6.605734413343815,7.552066066113078,8.633968352061888,9.870862999848395,11.284954077751246,12.901626589175676,14.749902170598249,16.862960072394976,19.278732774920744,35.01694112907556,31.35622901433666,39.180700470040044,39.922344328872896,40.54014683009419,41.751991623223724,38.69348323340347,34.98571270640054,43.58628751525249,43.96679002866874,43.96688527674725,44.54795452580244,34.09725083259237,41.776344015187,41.68965198008083,39.342334631224766,36.305265254385354,26.98677774994369,14.540403422068792,17.068166522099897,7.6709461989357655,5.557410902931868e-12,5.835616876988408e-12,6.127760254591092e-12,6.434514774090828e-12,6.7566073387029245e-12,7.094803644608198e-12,7.449911308584562e-12,7.82278182735315e-12,9.964285017639847e-14,41.03654267,37.64086597,45.78614394,46.9164594,47.7530185,49.46359262,47.03593137,43.22639378,52.61499078,53.89762244,54.87382916,56.70361336,48.41678836,58.85911777,60.30577021,61.72567744,63.38973337,60.13781262,55.2235905,66.96809562,68.63397484,69.59009625,71.75003066,68.01826787,73.90124224,75.55299429,77.05413328,77.98576672,74.57170244,68.16745917,
3.150827422045704,3.299067470229793,3.4814837177782274,3.705955362096159,3.8518400318016015,4.153930797266465,4.539212727821601,4.565546225193386,5.075407894366872,5.674969698820846,6.3516338218507,7.2180287863766495,8.618391052768835,10.405459512940862,11.654751570866434,14.178175520461991,17.3174256977948,21.348682934513732,26.39101033442656,32.595827821132396,40.110676363798014,49.358045673510745,60.7373620582271,74.74013809610732,91.9712027873383,113.17482623958729,139.26686730386146,171.3743327298974,210.88405653972274,259.50260225223633,1.8595465927381203,1.9269727868124606,2.0040583976428588,2.092187224705884,2.112106545475691,2.2038425098047045,2.3150740886329118,2.1627487320590015,2.2582792663341826,2.3435395259052387,2.393370689442797,2.455971086243184,2.7178360980753977,3.054010552375403,2.849299142479688,3.1754246062418483,3.597180446132243,4.171486502280245,4.8280671346225414,5.578708925967184,6.377909818386481,7.2916035217625765,8.336192174638018,9.530427671374259,10.895748286086045,12.456663521022058,14.241194087983192,16.281374921088563,18.613830250704208,21.280431061952715,35.81389269521821,32.578306892959866,39.960919494581155,40.49345689320032,41.27698139272518,42.33313863293142,39.9383346435482,36.68583897275046,44.58054743930194,45.292602785277055,45.5403724687098,46.14383498738363,37.290844199159395,44.96297842468755,44.998533156657885,43.70038249330035,41.484903506077366,34.306559183210645,24.24435921095573,28.296729992905536,21.39851819782085,12.194181584732311,1.555654827140769,6.127765171040677e-12,6.434517309056169e-12,6.756608512535125e-12,7.094804432217968e-12,7.449911678111227e-12,7.822782619776988e-12,9.964285794311396e-14,40.82426671,37.80434715,45.44646161,46.29159948,47.24092797,48.69091194,46.79262146,43.41413393,51.9142346,53.31111201,54.28537698,55.81783486,48.62707135,58.42244849,59.50258387,61.05398262,62.39950965,59.82672862,55.46343668,66.47126674,67.88710438,68.84383078,70.62920906,67.66641944,73.35297711,74.54673681,76.2156352,77.14946834,74.18595407,68.46352294,
1.6742067979540094,1.7529748366800704,1.8499025578132593,1.9691766095228247,2.04669310694481,2.2072104395037715,2.411931784364181,2.425924210609196,2.696841578718241,3.015421530697551,3.37497015807767,3.8353331500884162,4.579422150199345,5.5289892840561,6.192806426618282,7.533639472875666,9.201694648032344,11.34372192086666,14.022986025075465,17.319944640968878,21.312994348387306,26.22662701934473,32.27307967938674,39.71351982181308,48.86932614754137,60.135970038168715,74.00009735173039,91.06054836381472,112.05422377900076,137.88791405635652,1.8920358492710811,1.9606400869206013,2.0390725068038345,2.128741085589985,2.149008428789012,2.242347167305036,2.355522139922476,2.2005354154616135,2.297735021136736,2.3844849139636017,2.435186707719209,2.4988808336891983,2.7653210465836757,3.107369006892207,2.8990809608759993,3.2309043586912654,3.660028948431749,4.244369050975519,4.912421198300041,5.676177903688029,6.489342115400634,7.41899951080653,8.481838800072167,9.696939503179546,11.086114455219764,12.674301378691084,14.490010552097106,16.565836611151234,18.939043670167738,21.652234267424287,38.40034002277694,35.54322392640146,42.12547709538514,42.648525674889534,43.52419077426864,44.583081323193795,43.33448581571606,40.45570123393203,47.42974780014802,48.474724965341984,49.02560642420643,49.87536668622585,43.1506428532206,50.51625482905551,50.99534656250974,50.93480336843729,49.97572397354034,45.91266715816246,38.65900610662934,44.30590307534819,40.80236127621743,35.89619519985438,30.369986930547018,20.149354355013596,14.314303107245369,2.4689336631470433,7.0948213879489545e-12,7.44991959633228e-12,7.822793056790027e-12,9.964283858841534e-14,41.96658267,39.25683885,46.01445216,46.74644337,47.71989231,49.03263893,48.10193974,45.08216086,52.4243244,53.87463141,54.83576329,56.20958067,50.49538605,59.15261312,60.08723395,61.6993472,62.83744757,61.50075813,57.59441333,67.30202562,68.60469774,69.54182173,71.12490541,69.55981368,74.26974371,75.27920508,77.0212644,77.93166814,76.26177334,71.09397966,
0.36454686649915646,0.381698058175693,0.4028033941826842,0.4287744879917148,0.44565316526844573,0.4806046961514184,0.5251813427553856,0.5282280960887101,0.5872184655849064,0.6565870306662552,0.7348762393982197,0.8351170736815265,0.9971372695846976,1.203898897599288,1.3484404557539902,1.6403975103478368,2.003604903839601,2.470016419562603,3.0534075125306894,3.771297282104039,4.640756037374694,5.710665319498284,7.02723826218822,8.647342267625767,10.640955308975448,13.09418852443566,16.11300565926079,19.827800011498603,24.399026575779153,30.02413265719555,1.8973774038688591,1.9661753235150419,2.0448291721059837,2.1347509012801016,2.155075462803132,2.248677713222518,2.362172198969464,2.206747919347605,2.304221936842565,2.391216740086464,2.4420616740471868,2.505935619892977,2.7731280410211236,3.1161416637169457,2.9072655834040892,3.2400257778434436,3.670361862823952,4.256351661679031,4.9262898393451415,5.692202766108545,6.507662685397459,7.439944669410754,8.505784543519676,9.724315692593473,11.117412533246451,12.710083191614478,14.530918435801436,16.612604921989753,18.992511967733492,21.713362385872934,42.40982198963402,40.43859857831141,45.39848393371358,46.46720009073054,47.05543907193089,47.848341870628666,48.31523455827787,46.40058018456654,52.09461783757551,53.36953780925043,53.883833296557896,54.63965391642896,51.26522615939781,57.18721827868758,58.767712640845936,59.73093563181294,59.14344635334087,58.73872549876301,54.79310411812903,60.517569111792554,60.69420117723322,59.2129305510966,57.83298035429802,55.67197743978698,55.46777836778462,53.1534793339567,50.012497474944965,44.65340719651918,37.786064466495255,25.748636206931685,44.67174626,42.78647196,47.8461165,49.03072548,49.6561677,50.57762428,51.2025881,49.1355562,54.98605824,56.41734158,57.06077121,57.98070661,55.03549147,61.50725884,63.02341868,64.61135892,64.81741312,65.46509358,62.77280147,69.98106916,71.8426199,72.36354054,73.36600316,74.0436354,77.22614621,78.95775105,80.65642157,81.09381213,81.17760301,77.48613125,
1.033884940135966e-05,1.0825271324281263e-05,1.1423836037336834e-05,1.2160397649452002e-05,1.263909083953234e-05,1.3630345044008849e-05,1.4894575458281563e-05,1.4980983892343373e-05,1.665399936003536e-05,1.8621349002762688e-05,2.084169544711558e-05,2.3684608073067775e-05,2.8279634280556932e-05,3.414356435503953e-05,3.8242881999298565e-05,4.652302454474904e-05,5.6823885388331195e-05,7.005170014484939e-05,8.65971520649679e-05,0.0001069570972365521,0.0001316156636858065,0.0001619591721823148,0.00019929826526270385,0.0002452457492929832,0.000301786257231072,0.00037136197188370406,0.00045697811234577903,0.0005623327399513821,0.0006919764905106829,0.0008515091322281534,1.8926564260533612,1.9612831654948362,2.0397413107567806,2.1294393003165784,2.1497132910865973,2.2430826441673677,2.3562947375192635,2.201257178311903,2.298488664893802,2.3852670111822527,2.435985434832075,2.4997004521058734,2.7662280558444787,3.108388205899666,2.900031842612708,3.231964076577448,3.6612294166938835,4.245761179401351,4.91403244395462,5.678039657111189,6.4914705819678185,7.42143289960618,8.484620793992839,9.700120043081666,11.089750636447123,12.67845847601578,14.494763191497192,16.571270109456187,18.945255566620343,21.659336074652742,42.75261326509928,41.51591550923598,45.39759435540943,46.75359991928813,47.345344139825045,47.58338873549019,48.815942977908016,47.72752012070708,52.521942151109805,53.54950087747188,54.43964483347577,54.61989842328951,53.15771876452487,57.8733542105398,59.9335303445093,60.82670728040221,60.19350941942514,61.18047688890314,58.872075878898166,63.70504496579668,64.73652543237384,64.70717938122725,63.7916086377478,64.29940220117523,65.47631847730216,66.04111086201917,65.47132195039765,64.25889009781139,62.18356097689706,57.0768666062152,44.64528003,43.4772095,47.43734709,48.88305138,49.49507007,49.82648501,51.17225261,49.92879228,54.82044747,55.93478651,56.87565111,57.11962256,55.9239751,60.98177656,62.83360043,64.05871788,63.85479566,65.42630812,63.78619492,69.38319158,71.22812763,72.12877424,72.27642873,73.99976749,76.5663709,78.7199407,79.96654212,80.83072254,81.12950852,78.73705419,
0.0,0.0,0.0,0.0,0.0,0.0,0.0,0.0,0.0,0.0,0.0,0.0,0.0,0.0,0.0,0.0,0.0,0.0,0.0,0.0,0.0,0.0,0.0,0.0,0.0,0.0,0.0,0.0,0.0,0.0,1.8449012609238102,1.9117964228696462,1.9882749263798358,2.075709672466464,2.095472113562845,2.186485587989131,2.2968411342476087,2.1457154547344772,2.2404936140068905,2.325082384733909,2.3745210902779164,2.4366284617427563,2.696431089118556,3.029957916061471,2.826858762903934,3.15041574268804,3.568849937267723,4.138632900104645,4.7900424648001,5.534772385933551,6.327678968599342,7.234176644989695,8.270538374436292,9.455368365990553,10.809936051190673,12.358557901471029,14.129033944394967,16.153146814815933,18.467232299665294,21.112831618480346,41.57116840907822,40.841605267132486,44.0561197436224,45.365636957535884,45.903231356439626,46.04629885201347,47.46649516575511,46.951863175268386,50.963137855996116,51.96797244526926,52.78162897972541,52.856022458260725,52.2965226608851,56.161146983942366,58.153594257100075,59.028126417316166,58.243549512736706,59.486304609899996,57.934241015204776,61.811047994071586,62.80984492140604,62.713954385015946,61.69412813556961,62.506977014015646,63.50813644881585,64.0397005585358,63.4904248256122,62.233849655191584,60.4285522403426,56.31340949151983,43.41606967,42.75340169,46.04439467,47.44134663,47.99870347,48.23278444,49.7633363,49.09757863,53.20363147,54.29305483,55.15615007,55.29265092,54.99295375,59.1911049,60.98045302,62.17854216,61.81239945,63.62493751,62.72428348,67.34582038,69.13752389,69.94813103,69.96466651,71.96234538,74.3180725,76.39825846,77.61945877,78.38699647,78.89578454,77.42624111,
0.0,0.0,0.0,0.0,0.0,0.0,0.0,0.0,0.0,0.0,0.0,0.0,0.0,0.0,0.0,0.0,0.0,0.0,0.0,0.0,0.0,0.0,0.0,0.0,0.0,0.0,0.0,0.0,0.0,0.0,1.717434718290937,1.7797080095747995,1.8509025173315803,1.9322962871200706,1.950693316368188,2.035418555665666,2.138149498786907,1.9974652820656311,2.085695099410242,2.1644395258471283,2.2104624492019123,2.26827874445562,2.510131282371376,2.8206143224156697,2.6315475445472534,2.932749566680584,3.3222736178113244,3.8526895609262426,4.4590924215728664,5.152368018156396,5.8904916902871,6.734358304971554,7.6991165023660155,8.802085103378687,10.06306400783928,11.504689631664613,13.152841263637235,15.037105636495756,17.191308052067487,19.654119594916484,39.797475551711095,38.94254831042733,42.28538016267067,43.692081462882285,44.30885202363428,44.85852985433692,45.446085021215815,44.767566337937225,49.080276190592755,49.96403414415602,50.94719057080138,51.489569785547836,49.870195657632266,53.91756968758814,56.01339871545673,56.76682911332362,56.77434955219309,56.98615631907838,55.28526119843199,59.40259435184872,60.49062473971827,60.67931132503408,60.323484717639886,60.00907937662749,61.17521546216721,61.96757139834219,61.37204825636992,60.50966030351176,58.249685127940396,54.09372529508368,41.51491027,40.72225632,44.13628268,45.62437775,46.25954534,46.89394841,47.58423452,46.76503162,51.16597129,52.12847367,53.15765302,53.75784853,52.38032694,56.73818401,58.64494626,59.69957868,60.09662317,60.83884588,59.74435362,64.55496237,66.38111643,67.41366963,68.02260122,68.81116448,71.23827947,73.47226103,74.52488952,75.54676594,75.44099318,73.74784489,
0.0,0.0,0.0,0.0,0.0,0.0,0.0,0.0,0.0,0.0,0.0,0.0,0.0,0.0,0.0,0.0,0.0,0.0,0.0,0.0,0.0,0.0,0.0,0.0,0.0,0.0,0.0,0.0,0.0,0.0,1.5868559377410456,1.644394510231773,1.7101760075808095,1.7853813038918822,1.802379583237383,1.8806630531264306,1.9755832299142297,1.8455954159536718,1.9271170062930298,1.999874392250461,2.0423981332811625,2.095818580908327,2.3192827578939146,2.6061593712608953,2.431467584787274,2.709768828026098,3.0696768622859776,3.559764595950763,4.120061863632549,4.760626820898759,5.442629996584773,6.22233634228275,7.11374272746589,8.132851200712903,9.297956249888065,10.629973214959884,12.152813748948844,13.893815067077506,15.88423068977311,18.15979148907743,37.64242103226099,36.41628652977035,40.49615617242143,41.49980078611047,42.41803871676509,43.310641666876165,42.988866980088495,41.86290979404918,46.615537013709975,47.73746492775269,48.772058326722146,49.71016909909515,46.63750640210973,51.65102987874292,53.206708815216714,54.251388731978096,54.84493476771843,53.92955479405385,51.71944687637229,56.971535939106325,57.89358301342057,58.21972957772287,58.43906747254,56.88986503929328,58.825281710118425,59.07531053504693,58.95361729105832,58.32283917293001,55.403304250234775,50.767951120922724,39.22927697,38.06068104,42.20633218,43.28518209,44.2204183,45.19130472,44.96445021,43.70850521,48.54265402,49.73733932,50.81445646,51.80598768,48.95678916,54.25718925,55.6381764,56.96115756,57.91461163,57.48931939,55.83950874,61.73216276,63.33621301,64.44206592,65.5528102,65.02271624,68.12323796,69.70528375,71.10643104,72.21665424,71.28753494,68.92774261,
0.0,0.0,0.0,0.0,0.0,0.0,0.0,0.0,0.0,0.0,0.0,0.0,0.0,0.0,0.0,0.0,0.0,0.0,0.0,0.0,0.0,0.0,0.0,0.0,0.0,0.0,0.0,0.0,0.0,0.0,0.461515554000489,0.4782498683940548,0.49738152582430634,0.519253967528236,0.5241976868178153,0.5469653736100742,0.5745716212436223,0.5367664263632859,0.5604758766250583,0.5816363767619339,0.5940038308156995,0.6095404443766643,0.674531973215495,0.7579661501933497,0.7071594104659373,0.7880995572036622,0.8927739336673065,1.0353093122935026,1.198264182832808,1.384563823584606,1.5829152088432392,1.8096822376163455,2.0689357097891325,2.3653296044275636,2.7041846255105106,3.0915837163493975,3.53448125731887,4.04082790715751,4.619713328922554,5.28152936273829,33.29834711600153,37.64973887160808,38.68488964417793,39.474564712474105,38.65963980318465,36.51662340639251,38.12085641875909,43.249034273639566,44.29104165337793,45.546285043241205,44.4328294891876,41.87907181562679,48.36883390678814,49.61172464981046,50.700343839538064,52.03941063280052,46.605818176337095,48.43874876771112,54.739992887172036,55.92452264642048,57.157015321162106,55.29261429238926,51.69411485021676,53.59180599557863,60.538059954496,61.31337762365743,62.41178583268829,59.95055328285,56.72878900108533,63.76810722726188,33.75986267,38.12798874,39.18227117,39.99381868,39.18383749,37.06358878,38.69542804,43.7858007,44.85151753,46.12792142,45.02683332,42.48861226,49.04336588,50.3696908,51.40750325,52.82751019,47.49859211,49.47405808,55.93825707,57.30908647,58.73993053,57.10229653,53.76305056,55.9571356,63.24224458,64.40496134,65.94626709,63.99138119,61.34850233,69.04963659,
0.0,0.0,0.0,0.0,0.0,0.0,0.0,0.0,0.0,0.0,0.0,0.0,0.0,0.0,0.0,0.0,0.0,0.0,0.0,0.0,0.0,0.0,0.0,0.0,0.0,0.0,0.0,0.0,0.0,0.0,0.39266094970140797,0.40689863188876174,0.4231759917974521,0.44178523184864354,0.44599138588717313,0.4653623072805247,0.4888499131033823,0.4566849652556138,0.47685714618426783,0.49486066092581765,0.5053829850642908,0.5186016542578014,0.5738969421743049,0.644883375644855,0.6016566143804299,0.6705211079202786,0.7595788649456762,0.8808490510797553,1.0194922965127484,1.177997450309915,1.3467563201575872,1.5396914360105192,1.7602662654270946,2.012440449256015,2.3007408829817644,2.6303429811205805,3.007163583481703,3.437967171097205,3.9304872985517205,4.493565422600018,31.957634430300615,36.40267223811336,37.34808499820478,38.3517852081537,37.15667040411529,34.95293596272206,36.590937376899326,41.81505783474723,43.028628503818716,43.73719322907733,42.70449366493901,40.083897775745655,46.77361104782933,47.91092211435896,49.26306409562358,49.985767002083925,44.63050230505873,46.52753077892487,52.98449022349211,54.06730604969518,54.978950389847746,53.25837024399509,49.6161876445788,51.60833054075015,58.66405912702471,59.84177113888623,60.22869768652545,57.971185648910286,54.85654601145614,62.16842160740014,32.35029538,36.80957087,37.77126099,38.79357044,37.60266179,35.41829827,37.07978729,42.2717428,43.50548565,44.23205389,43.20987665,40.60249943,47.34750799,48.55580549,49.86472071,50.65628811,45.39008117,47.40837983,54.00398252,55.2453035,56.32570671,54.79806168,51.37645391,53.62077099,60.96480001,62.47211412,63.23586127,61.40915282,58.78703331,66.66198703,
0.0,0.0,0.0,0.0,0.0,0.0,0.0,0.0,0.0,0.0,0.0,0.0,0.0,0.0,0.0,0.0,0.0,0.0,0.0,0.0,0.0,0.0,0.0,0.0,0.0,0.0,0.0,0.0,0.0,0.0,0.34286942127551073,0.3553016884912724,0.36951499128094334,0.3857644792210633,0.3894372702181893,0.40635185419391295,0.4268611047872159,0.3987748459873334,0.4163890854632273,0.4321096573333212,0.44129769396027657,0.45284016453153625,0.5011237113971244,0.5631086818429207,0.5253633072911132,0.5854954112459223,0.6632601638514793,0.7691526356375936,0.890215169005165,1.028621013520509,1.1759803475306285,1.3444502490233086,1.5370549991710276,1.7572521349844954,2.0089945171597403,2.2968012897099186,2.625839005211028,3.0020143719783725,3.4320802881212558,3.9237570659423016,31.376205948726508,35.75335474151086,36.65450252872129,37.46609341078128,35.81484971978427,34.37025966580867,35.92942417521548,41.06804483401551,42.03300243453975,42.779480192669816,41.161682006043,39.41404837547191,45.9448102886065,47.03209851816088,48.12889306271288,48.90211713875827,43.90447167615291,45.71419335436701,52.08544320099972,53.12374327648462,53.85025340247477,51.415770900982345,48.90859220083485,50.8172686450217,57.749715272846785,58.65880447029693,59.151127264796145,56.123443418029154,54.20789853188667,61.4688767040579,31.71907537,36.10865643,37.02401752,37.85185789,36.20428699,34.77661152,36.35628528,41.46681968,42.44939152,43.21158985,41.6029797,39.86688854,46.445934,47.5952072,48.65425637,49.48761255,44.56773184,46.48334599,52.97565837,54.15236429,55.02623375,52.76022115,50.4456472,52.57452078,59.75870979,60.95560576,61.77696627,59.12545779,57.63997882,65.39263377,
0.0,0.0,0.0,0.0,0.0,0.0,0.0,0.0,0.0,0.0,0.0,0.0,0.0,0.0,0.0,0.0,0.0,0.0,0.0,0.0,0.0,0.0,0.0,0.0,0.0,0.0,0.0,0.0,0.0,0.0,0.2942017151341427,0.3048693165909201,0.3170651491702331,0.3310081459071553,0.3341596121611712,0.34867329961083066,0.3662714180963435,0.3421717900808515,0.35728582225471345,0.37077497853428376,0.3786588432554643,0.38856294793274104,0.4299930126138413,0.4831796880247083,0.45079198226135525,0.5023887914848698,0.5691154290147686,0.6599772699551867,0.7638558976342767,0.8826160853743319,1.0090588828845999,1.1536157634114275,1.3188817344205757,1.507823561845578,1.7238330278760847,1.9707878184097256,2.2531211331863172,2.5759012682081526,2.944922599067236,3.3668095984632713,31.278775974867877,35.27321380341121,36.45363785083201,37.0394104540952,35.271488487841296,33.76522353039175,35.82255725190636,40.515342799922,41.552190197748274,42.239607641468865,40.53641442674783,38.718608882070704,45.33347380738979,46.78638600197911,47.58462896774266,48.29669758851933,43.14931887098963,45.60926699004944,51.433388832370575,52.89924329463076,53.25158928712076,50.73421365659419,48.16545641558531,50.824539608160606,57.6260138121304,58.209521161597095,58.66433593682084,55.57191543179935,54.429567170940636,61.064958001536894,31.57297769,35.57808312,36.770703,37.3704186,35.6056481,34.11389683,36.18882867,40.85751459,41.90947602,42.61038262,40.91507327,39.10717183,45.76346682,47.26956569,48.03542095,48.79908638,43.7184343,46.26924426,52.19724473,53.78185938,54.26064817,51.88782942,49.48433815,52.33236317,59.34984684,60.18030898,60.91745707,58.1478167,57.37448977,64.4317676,
0.0,0.0,0.0,0.0,0.0,0.0,0.0,0.0,0.0,0.0,0.0,0.0,0.0,0.0,0.0,0.0,0.0,0.0,0.0,0.0,0.0,0.0,0.0,0.0,0.0,0.0,0.0,0.0,0.0,0.0,0.2671410240846845,0.2768274189324896,0.2879014781143592,0.3005619971919332,0.30342359139468034,0.3166023090196922,0.33258175153259534,0.3106988087184005,0.3244226513245981,0.3366710742167614,0.3438297805975213,0.352822905144478,0.3904422300411989,0.4387367919217792,0.4093281092380953,0.4561790409166787,0.5167681584047842,0.5992725218751862,0.6935963872749882,0.8014330059666984,0.9162455875304195,1.0475061176901994,1.1975709149725793,1.3691338620061577,1.5652747646554321,1.789514639041261,2.0458789189308355,2.338969718162274,2.674048445320069,3.0571302537156586,31.669400555917342,35.49860436106963,36.61674181188788,37.53977569281041,34.95770951860778,33.65936602098288,36.27296248847011,40.773449011284434,42.11204940867838,42.348405285786356,40.17535529940576,38.59623173485896,45.62687071996242,47.00301214808202,48.230120350765894,48.42844954908751,43.024904801599604,46.20276363812942,51.79318210272984,53.17633119403838,53.43951862247489,50.3382643523154,48.086693325033295,51.565838218,58.00075873535105,59.14753930096554,58.9783632210763,55.24621731184522,55.36111049468781,61.732034986284496,31.93654158,35.77543178,36.90464329,37.84033769,35.26113311,33.97596833,36.60554424,41.08414782,42.43647206,42.68507636,40.51918508,38.94905464,46.01731295,47.44174894,48.63944846,48.88462859,43.54167296,46.80203616,52.48677849,53.9777642,54.35576421,51.38577047,49.28426424,52.93497208,59.5660335,60.93705394,61.02424214,57.58518703,58.03515894,64.78916524,
0.0,0.0,0.0,0.0,0.0,0.0,0.0,0.0,0.0,0.0,0.0,0.0,0.0,0.0,0.0,0.0,0.0,0.0,0.0,0.0,0.0,0.0,0.0,0.0,0.0,0.0,0.0,0.0,0.0,0.0,0.23593031477858278,0.2444850255098999,0.25426527651255726,0.26544663759877296,0.2679739050723328,0.2796129223603008,0.2937254493110861,0.27439914177698727,0.28651959582235886,0.29733700688226866,0.3036593448893459,0.3116017817070392,0.34482595307888947,0.3874781485835645,0.361505350932742,0.40288257892110985,0.45639292840825474,0.5292581145430807,0.6125619026121623,0.7077997174695615,0.8091984771759085,0.9251235332570872,1.057655910046931,1.2091747575794694,1.382400060812301,1.5804414673354243,1.8068541100943232,2.065702427226847,2.361633124673319,2.699958591345444,33.319078155223444,36.85999241449223,38.023382113489674,38.51285735240357,35.062355174930126,34.52081692764228,38.166899470691625,42.33601141822586,43.20184531418063,42.770138123120866,40.29504002511394,39.582591388296414,47.38201521692475,48.819298441420244,49.48359206907126,48.91968413108308,44.14186313159614,48.644592325461545,53.824083357392716,55.27815870253556,54.03351760282947,50.56148565674852,49.42254126995895,54.40841400242674,60.39973419919422,60.867087972671406,59.76408015991285,55.63248898278067,58.61460766533456,64.49610307865474,33.55500847,37.10447744,38.27764739,38.77830399,35.33032908,34.80042985,38.46062492,42.61041056,43.48836491,43.06747513,40.59869937,39.89419317,47.72684117,49.20677659,49.84509742,49.32256671,44.59825606,49.17385044,54.43664526,55.98595842,54.84271608,51.48660919,50.48019718,55.61758876,61.78213426,62.44752944,61.57093427,57.69819141,60.97624079,67.19606167,
0.0,0.0,0.0,0.0,0.0,0.0,0.0,0.0,0.0,0.0,0.0,0.0,0.0,0.0,0.0,0.0,0.0,0.0,0.0,0.0,0.0,0.0,0.0,0.0,0.0,0.0,0.0,0.0,0.0,0.0,0.21380162940204314,0.22155396548965123,0.2304168943688481,0.24054951857786103,0.24283974526741967,0.25338710058774583,0.266175966909947,0.24866233774790766,0.2596459742781475,0.26944878453884213,0.27517812953129106,0.2823756189028424,0.31248358523815933,0.35113529010716765,0.32759856714264807,0.3650948879200573,0.41358632455871563,0.4796172436329742,0.5551076936043863,0.6414128384786747,0.7333010727859485,0.8383531340352184,0.9584548603978805,1.0957622535490263,1.2527401820513473,1.4322066293514881,1.6373832807051087,1.871953357139959,2.140127734661208,2.446720535635478,36.07068389059999,38.773430614512485,40.08287228563339,40.437959731424485,35.02713669473504,34.89003263941484,41.322965313092766,44.53278769225494,45.359725495724845,43.927537195464296,40.25416897047201,40.005011111100615,49.846083884765484,51.47250459989666,51.959996502861365,50.251032082084144,44.624226115445694,52.69419929637166,56.65513453640048,58.32193223152644,55.54774967721941,50.5603046359704,50.019270579608005,59.04594792645717,63.81502689795516,64.07536185065534,61.54834354930205,55.72767576286756,63.796125215346684,68.17304206436471,36.28448552,38.99498458,40.31328918,40.67850925,35.26997644,35.14341974,41.58914128,44.78145003,45.61937147,44.19698598,40.5293471,40.28738673,50.15856747,51.82363989,52.28759507,50.61612697,45.03781244,53.17381654,57.21024223,58.96334507,56.28105075,51.39865777,50.97772544,60.14171018,65.06776708,65.50756848,63.18572683,57.59962912,65.93625295,70.6197626,
0.01767067578418053,0.018502045287747817,0.019525083980899208,0.020783980492250734,0.021602140408661968,0.023296345536043615,0.02545710877959908,0.02560479401651956,0.028464233472869162,0.03182673507640216,0.03562164693009046,0.0404806196596234,0.04833422262647533,0.05835657648276234,0.06536293765662235,0.07951496837952007,0.09712071590505833,0.11972907558044854,0.1480077848674522,0.18280604685426888,0.22495131042394068,0.27681300992077357,0.3406312340078874,0.41916251557303946,0.5157988960502965,0.6347144395843415,0.7810455254979468,0.9611127065265106,1.1826937156547896,1.455359413678452,0.1967333269038122,0.20386677520379531,0.21202215497986554,0.22134586722883387,0.22345325956845685,0.23315859393848834,0.2449264940519321,0.22881102037269033,0.23891780656575984,0.24793803471363215,0.2532099922029019,0.2598328885455553,0.28753726292296716,0.3231033084701936,0.30144557917143344,0.3359484777406515,0.380568725411119,0.44132823610487215,0.5107921004069268,0.590207296294447,0.6747598700477236,0.7714253705187618,0.8819390848449821,1.008284895859912,1.152730895692106,1.3178701013366587,1.5066670031033749,1.7225107815543383,1.969276148252755,2.251392902503507,37.73463105731403,40.02511846951059,41.56367384104147,41.727746142281255,34.86098948002534,35.638025560528035,43.22665811717118,45.965395795613645,46.80020717996437,45.20737660021311,40.05213883087031,40.84806727179828,51.4337683444542,53.34723679505087,53.58069156317595,51.67820022388404,45.522639848688236,55.05210625831932,58.38901156473049,60.35784681685639,57.0242412195337,50.11152321956608,50.84461566115306,61.47326166857323,65.79115324826411,65.63456592908584,62.74247053140584,54.648287931926674,65.80910644610037,69.18128773381824,37.94903506,40.24748729,41.79522108,41.96987599,35.10604488,35.8944805,43.49704172,46.21981161,47.06758922,45.48714137,40.34097047,41.14838078,51.76963983,53.72869668,53.94750008,52.09366367,46.00032929,55.61316357,59.04781145,61.13086016,57.9239524,51.1597616,52.06718598,62.90070908,67.45968304,67.58715047,65.03018306,57.33191142,68.96107631,72.88804005,
0.37751903650796576,0.39528054250819494,0.4171368985675732,0.44403215734732715,0.46151145169494456,0.49770671073017425,0.5438695891504302,0.5470247592768938,0.6081142638152752,0.6799512654741867,0.761026346254042,0.8648341873165745,1.032619769564443,1.2467388795282293,1.3964238577422707,1.6987700197335645,2.0749019189331364,2.5579103938732852,3.1620610904344106,3.905496514062949,4.805894410018948,5.91387573822812,7.277298097580403,8.955052480848142,11.019606983175178,13.560136953227799,16.68637678921212,20.533359752334903,25.267250526872136,31.092522455567565,0.1816651120482678,0.1882521947002099,0.19578293697012708,0.20439252669786437,0.20633850947329138,0.21530049208978883,0.2261670642477782,0.21128590822950094,0.220618594638599,0.22894794474401023,0.23381611203968225,0.23993174697102482,0.26551418566968216,0.298356153785281,0.2783572350372949,0.31021748481404776,0.35142017487296257,0.40752598821883906,0.4716694706187897,0.5450020914120893,0.6230786076109356,0.7123402962665589,0.8143895352638689,0.9310582577222587,1.0644408378748802,1.2169316881498178,1.391268242375759,1.5905800967235846,1.8184451905356647,2.0789540355709253,39.554152391445804,41.07357329279373,42.566850884464536,43.05581563595715,35.65338749883422,36.48159573718261,45.2077193166045,47.080293002496454,48.183878731549115,46.375931309784946,40.74252707170956,41.53403712571585,52.284673834769514,53.96347134669032,54.502046987224446,52.1434604954566,45.2401703361983,55.81944556791252,57.48215785895166,58.70544259453007,54.784181492375474,46.30443610551092,45.8614071571616,56.6019385114358,57.61037108895645,55.60305511862921,49.522584208419296,37.19251052094903,45.808354362600106,42.26937751886169,40.11333654,41.65710603,43.17977072,43.70424032,36.32123746,37.19460294,45.97775597,47.83860367,49.01261159,47.28483052,41.73736953,42.63880306,53.58280779,55.50856638,56.17682808,54.152448,47.66649243,58.78488195,61.11588842,63.1559412,60.21315451,52.93065214,53.95309479,66.48804925,69.69441891,70.38012376,67.60022924,59.31645037,72.89405008,75.44085401,
1.6324751288900545,1.7092797771144463,1.8037914552675227,1.9200924541499562,1.9956767572806724,2.152192997376286,2.351811410254528,2.3654550580199833,2.6296194766347236,2.9402584304394606,3.2908448648882382,3.7397327416053647,4.465274405781027,5.3911724078241114,6.038443089491356,7.345854218560965,8.97233106143807,11.060965662957747,13.673445805311653,16.88822366190809,20.781741681156607,25.572895998318774,31.468633369348638,38.723611365704755,47.65119792786149,58.63700682553595,72.1555536686222,88.79075190035218,109.26113406650036,134.4508877556922,0.165829466248936,0.17184235660522498,0.1787166483005223,0.18657574492659135,0.18835209747629247,0.1965328691009022,0.20645220826623484,0.1928682342612405,0.20138739563702646,0.20899068097127305,0.21343449285760446,0.21901703132634703,0.24236946321000613,0.2723486154080754,0.2540929911765322,0.28317600087204786,0.3207870755767758,0.37200217668070756,0.4305543077409943,0.49749456516123813,0.5687651952885628,0.6502459926708792,0.743399656812719,0.8498984322522187,0.971654127796767,1.1108524362877255,1.2699921709841993,1.4519301229163448,1.659932344463326,1.8977327797711574,39.50922133486304,41.16132367628246,42.444648346434185,42.8855886409258,35.5753727152455,36.52174913352539,44.788267751481946,46.871190717721625,47.62606532773124,46.0799648685924,39.88570972225744,40.60122390707174,50.65710228101261,51.44858776677164,51.53989067933612,48.7502022105712,40.52107682298955,49.10196256036618,49.04434518695223,47.59468426293581,41.33865232356022,28.803335349015967,24.172018853844527,28.893914142049223,23.084912974348246,12.706451398183168,7.094934803612772e-12,7.449925011783892e-12,7.82280863075912e-12,9.964254101178144e-14,41.30752593,43.04244581,44.42715645,44.99225684,37.75940157,38.870475,47.34653137,49.42951401,50.4570722,49.22921398,43.38998908,44.55997368,55.36474615,57.11210879,57.83242676,56.37923243,49.81419496,60.5349304,63.1483453,64.98040249,62.6891592,55.02647734,56.38405188,68.46742394,71.70776503,72.45431066,70.37999532,61.66512559,75.06413387,77.94969887,
3.111681287740564,3.2580795895963672,3.4382294829560553,3.6599122734400122,3.803984460229573,4.102322025631974,4.482817182372294,4.508823510246432,5.012350616873313,5.604463417057116,6.272720610385186,7.128351413914779,8.51131546643702,10.276181243762979,11.509951996286764,14.002024722978613,17.102272602629398,21.083445173935363,26.063126291088814,32.19085462433166,39.612338081916555,48.744817328646334,59.98275616777577,73.81156058550684,90.8285451376912,111.7687330600823,137.53660449937138,169.2451641824361,208.26401599343444,256.27852096831003,0.1545548484957296,0.16015892706547316,0.16656584096030064,0.1738906036567686,0.1755461833640682,0.18317075062355445,0.19241568155503527,0.1797552714855715,0.1876952216375471,0.19478156545499772,0.198923245992065,0.20412623196780758,0.225890949984615,0.25383184270296655,0.23681740430957737,0.26392308256426505,0.2989770092531722,0.34671003505890674,0.4012812518023772,0.4636702926518488,0.5300952875016077,0.6060362681945728,0.6928564864219622,0.7921144921030738,0.9055921116362102,1.0353264342890154,1.1836463809307172,1.3532145115685166,1.5470748221945547,1.768707388966784,38.66860258376574,40.125445773340296,41.422471866085885,41.89759492290557,34.94953501640881,35.61135991374705,43.39032207607538,45.31655247827084,46.08594429149213,44.60572403749102,38.26242669362603,38.40410535412086,47.27227403358199,47.35355156353785,47.03573895940766,43.459805544461325,33.72829274812183,40.02408313101036,37.41931372711367,33.20361634302158,24.043948490587177,7.380165963164713,5.835699359424552e-12,6.127639897502935e-12,6.434525278902714e-12,6.756616862463257e-12,7.0948137914856505e-12,7.449921572559565e-12,7.822801622776989e-12,9.964281065020235e-14,41.93483872,43.54368429,45.02726719,45.7313978,38.92906566,39.89685269,48.06555494,50.00513126,51.28599013,50.40496902,44.73407055,45.736583,56.00948045,57.88356465,58.78250836,57.72575335,51.12954236,61.45423834,63.88372127,65.85814126,64.18638186,56.73101956,57.87287683,69.50719793,72.6763753,73.64460321,72.06090037,63.57531165,76.20408816,78.85743976,
4.254575586183948,4.454744749841051,4.701062179958809,5.004167190097884,5.2011558762393495,5.609070313750483,6.129318133122777,6.164876365932651,6.853344732945944,7.662935571780933,8.576637997291826,9.746534780045971,11.63744986753025,14.05053596303934,15.737460309474251,19.144850334844357,23.38379311855676,28.82721680497247,35.63589280642957,44.01428408579902,54.16161583738595,66.64837770388839,82.01391671727042,100.92192438939057,124.18910387574589,152.82044624866606,188.05263958589913,231.4074858653461,284.7576329289434,350.4074607097136,0.16035437669924377,0.16616874315083813,0.172816070582945,0.18041568824679619,0.18213339205631,0.1900440641730127,0.19963590261466552,0.18650042232915517,0.19473831179063197,0.20209056412683243,0.20638765740777962,0.211785880635556,0.23436729963074457,0.26335664858925034,0.24570375908099926,0.27382655292308816,0.3101958458942886,0.35972000948763566,0.41633896082943284,0.4810690929194468,0.5499866244628061,0.6287772204452168,0.7188552873208089,0.8218378581577531,0.9395736207472574,1.0741761042537128,1.2280616201549002,1.403992638567639,1.6051273786273728,1.8350765031415501,38.42252223711884,39.52671787701024,40.902752289460494,41.254985541657675,34.1376665117068,34.91059359207908,42.77117308426528,44.34732125174104,45.03209298526642,43.26325519409538,36.63119618530369,36.71009580932192,44.914509862842664,44.53299546837525,43.70961704144877,39.13544217223678,28.477262595553366,33.59005427554455,28.717551112745873,22.45882789128666,10.395855258156598,5.557391019836661e-12,5.835621631697334e-12,6.127768783127688e-12,6.434522878839758e-12,6.7566152988788436e-12,7.094813461040974e-12,7.449923821645622e-12,7.822801095466485e-12,9.964283823795533e-14,42.8374522,44.14763137,45.77663054,46.43956842,39.52095578,40.70970797,49.10012712,50.69869804,52.08017603,51.12828133,45.41422184,46.66841647,56.78632703,58.84688808,59.69278111,58.55411906,52.17125156,62.77699109,64.76978288,66.95418107,65.10745772,57.59357635,59.05197419,71.00328412,73.88588712,74.78502198,73.09497572,64.54193128,77.8443195,79.95118553,
4.8229190793912755,5.049827653220031,5.329049166444357,5.672644175358045,5.895947410562295,6.358352715998688,6.948097352857481,6.9884055988797344,7.768842367616038,8.686581640082412,9.722340147979807,11.048516496282554,13.192027703969547,15.927463644522,17.839734199152787,21.702297228388975,26.507495212038243,32.67807355119803,40.39628015668321,49.893890984681164,61.396744540407276,75.55153879093919,92.96966893614591,114.40348509662867,140.77878895367306,173.23482237034446,213.17347524249885,262.3198380393497,322.79671451015577,397.2163130221232,0.19198824482204438,0.1989496389091385,0.20690831613839333,0.21600714640816468,0.2180637097917212,0.22753495770095028,0.23901902358637003,0.22329224483034257,0.23315526180126883,0.24195792781245828,0.24710272905722244,0.25356588537382374,0.2806020479514671,0.31531026321593725,0.29417490450300854,0.3278456152149558,0.3713896510354163,0.4306836811721773,0.4984721214725264,0.5759718736019578,0.6584850933271282,0.7528190837209008,0.8606672779042357,0.983965708724927,1.124927763379282,1.2860839169500775,1.4703271581359174,1.6809649226302852,1.921778466430419,2.1970907449137465,37.96237696578871,39.044792957872964,40.552068687419485,40.94510297823614,33.64587496964844,34.931305686302935,42.07328577355886,43.65459494629278,44.52024259058569,42.407521562108265,35.71933797296626,36.29201168834707,43.50141591808262,43.004420252265874,42.065553116348205,36.76193382640028,26.327194156930748,29.873153577634422,24.08914016184914,16.939774161722013,3.3168177562709813,5.5573864570407844e-12,5.8356209736894695e-12,6.127767805474208e-12,6.434522301230461e-12,6.756615383222967e-12,7.094814916658941e-12,7.44992554983519e-12,7.82280397207635e-12,9.96428404554916e-14,42.97728429,44.29357025,46.08802617,46.8337543,39.75988609,41.51719336,49.26040215,50.86629279,52.52224022,51.33606113,45.68878085,47.59409407,56.97404567,59.24719416,60.19946222,58.79207667,53.20607902,62.98191081,64.98389244,67.40963702,65.37204739,57.9417676,60.22328219,71.2350565,74.38849602,75.41980824,73.3920258,64.93212993,78.09842272,80.21548027,
5.252847247347373,5.499983070655927,5.804095151534069,6.178319157175556,6.421528252136042,6.925153628352585,7.567469711489643,7.611371144559119,8.461378176587239,9.460927232211459,10.589016079974616,12.033411406955409,14.368001053103482,17.347281218102555,19.430016788350517,23.63689922652526,28.870445671297247,35.59108620244376,43.997314806884326,54.34156858203215,66.8698178937461,82.28640913065723,101.25723892918154,124.60172395275193,153.3281943709354,188.67744717533756,232.17634055273533,285.70374424435124,351.5716945185524,432.62525912482903,0.2593308840504897,0.268734087275267,0.27948438505338474,0.2917747609556818,0.29455269353617874,0.30734611792337696,0.3228583851526569,0.3016152124685824,0.3149378245527031,0.3268281523214626,0.33377756662703867,0.3425077680145992,0.3790272536169176,0.4259098747726699,0.3973609848923106,0.4428421818459637,0.5016599147488983,0.5817521790879753,0.6733183901744305,0.7780022954419034,0.8894582141988823,1.016881209015586,1.1625587090455347,1.329105838513831,1.5195123620224513,1.7371963551983303,1.9860655641508842,2.270587555230992,2.59586991438223,2.9677519357800217,37.735987328604175,38.562133172070936,40.20115909341479,40.57404775187111,33.54301289433024,34.488710273726625,41.68055703336044,42.996118502975165,43.981865498863066,41.60760282547024,35.33963556340165,35.45205360503348,42.27497007328326,41.72688136712859,40.6425134667612,34.780244601633,24.095429593958276,27.206040578472923,20.36795351294612,12.577783302531058,5.292515013137683e-12,5.55738631859226e-12,5.83562146795868e-12,6.127768020415813e-12,6.434523203665432e-12,6.7566167621814095e-12,7.094816702480155e-12,7.449927492664085e-12,7.82280764186003e-12,9.964283772182886e-14,43.24816546,44.33085033,46.28473863,47.04414167,40.25909384,41.72121002,49.57088513,50.90910486,52.7581815,51.39535821,46.26242921,47.82797278,57.02199838,59.50007246,60.46989124,58.85998601,53.46753518,63.37887896,65.03858671,67.69735418,65.4475571,58.66925911,60.51922109,71.68404334,74.70600027,75.75861035,73.47679919,65.74738937,78.59066862,80.28299435,
5.257664571566243,5.505027040221771,5.809418018700296,6.18398522076094,6.427417359912172,6.93150460501769,7.574409748654276,7.618351443209915,8.469138006655719,9.469603736922636,10.598727141654894,12.044447106543977,14.381177777304785,17.363190204983095,19.44783582744305,23.65857634785416,28.89692241630676,35.6237263675705,44.03766422505778,54.3914045932647,66.93114341456982,82.36187302536486,101.35010074801242,124.71599472329713,153.4688098484846,188.85048103545816,232.38926673461856,285.9657597764544,351.89411677050896,433.0220146443294,0.3457310761894392,0.3582671055267599,0.37259903530748734,0.3889841446361805,0.3926875894617105,0.4097433458469512,0.4304237706369002,0.402103098455359,0.41986434980173054,0.4357161286239477,0.4449808503926257,0.4566196566694909,0.5053061874134192,0.5678084964851158,0.5297480916918758,0.590382069888275,0.6687958622524558,0.7755721332152581,0.8976450780456398,1.0372060846737214,1.1857953083622923,1.3556712924378462,1.5498835593120666,1.7719185032724067,2.0257619763595094,2.31597084024191,2.647754768548842,3.0270697681326793,3.460725098104492,3.95650550599579,37.17128430224635,38.712301404253616,39.85458222599445,40.16839438460522,33.413117700628575,34.136483879137934,41.02334429071155,43.16971328833758,43.52962543354554,40.51324629445655,35.18899217795577,35.04778975678998,42.450325925285405,41.250085048535595,40.10312074086908,33.49236691226177,23.589789071445182,26.285701769218875,20.462347516901445,11.905807942066682,5.292415024855282e-12,5.5573863470356415e-12,5.835621141093282e-12,6.127768858484493e-12,6.434524148892323e-12,6.756617888486637e-12,7.0948182193366765e-12,7.449928858870328e-12,7.822810628579698e-12,9.964283601271659e-14,42.77467995,44.57559555,46.03659928,46.74136375,40.23322265,41.47773183,49.02817781,51.19016783,52.41862779,50.41856616,46.23270017,47.54885652,57.33680989,59.18108375,60.08070466,57.74132533,53.15550735,62.68500027,65.39765682,67.33441862,64.20369666,58.63155723,60.16604077,70.89923883,74.30549033,75.27102499,72.08033937,65.70513896,77.73024963,80.72622698,
4.744192688760602,4.967397345371043,5.242061016848343,5.580047390318389,5.79970555965394,6.254562842802122,6.834680847762388,6.874331126551572,7.642028521289125,8.544787177395994,9.563638594888284,10.868167249020134,12.976689086601649,15.667473438592037,17.548529254555802,21.348042159817357,26.074803021198704,32.144656601607785,39.73687590807563,49.07945352738922,60.394541514693266,74.31828153372751,91.4520887418717,112.5360323550487,138.48080183233847,170.40704274720295,209.69376139953775,258.0378889334843,317.52757774412237,390.7323961018745,0.44722368434428506,0.46343978296370053,0.4819789854876544,0.5031740977209176,0.507964723596654,0.5300273576356791,0.5567787155705907,0.5201442437847928,0.5431194774642112,0.5636246950061777,0.5756091629616779,0.5906646502550935,0.6536435698744286,0.7344940194526237,0.6852606249690427,0.7636942775764997,0.8651271759755471,1.0032486252442918,1.1611572308215523,1.34168768316888,1.5338966705826924,1.7536413470440357,2.0048664509417033,2.2920818403870835,2.620443451764358,2.9958458563307917,3.42502807639348,3.9156945606177196,4.476653490150752,5.117974898358115,37.98979856689714,39.19372653166739,40.68459208766624,40.825490381963036,34.09516452675186,34.63286655956478,42.102687126669736,43.851926939666484,44.42115423124966,40.585008897600964,36.28835671215332,36.02092705072822,43.769464053527564,43.25737283195917,42.062021760479176,34.79912386261036,26.13833205283015,30.132859773152557,24.57146567110768,17.457423009447005,1.3518483347293855,5.557387886909966e-12,5.835621678578525e-12,6.1277694727184395e-12,6.434524564351955e-12,6.75661831651564e-12,7.0948188789915055e-12,7.449928586738928e-12,7.82281133026976e-12,9.964283602241236e-14,43.18121494,44.62456366,46.40863209,46.90871187,40.40283481,41.41745676,49.49414669,51.24640231,52.60630223,49.69342077,46.42760447,47.47975895,57.39979671,59.65934029,60.29581164,56.9108603,53.07826225,63.280765,65.46949881,67.87856422,63.28028652,58.87873168,60.07860802,71.57307253,74.90597083,75.54051787,71.04364337,65.98213368,78.46900597,80.81490802,
3.975679186576327,4.162726839538515,4.392897642800348,4.67613348048769,4.860209142940801,5.241383929065963,5.727528407038513,5.760755722720179,6.404093536776023,7.1606139892628144,8.014421294420163,9.10762887656821,10.87459049344648,13.12949370787898,14.705836606857902,17.88986503225535,21.850936179520822,26.93753196690704,33.29988490171852,41.12905496854022,50.611207730163535,62.27943603044278,76.63773156628999,94.30627947169873,116.04824628846575,142.80274380530412,175.72539258915265,216.23823728984172,266.0911697351603,327.43751289519076,0.5023212221466119,0.5205351288830091,0.5413583437427277,0.5651646738930586,0.5705455003765114,0.5953262302041493,0.6253733303071963,0.5842255260107428,0.610031286897201,0.6330627279783343,0.6465236711280923,0.663433980313371,0.7341718436692474,0.8249829926869212,0.7696840902513782,0.8577806951817876,0.9717100313804904,1.1268479134518823,1.3042107109015213,1.5069823453929967,1.7228712995006723,1.9696883136803114,2.251864114384634,2.574464170007923,2.943279623453554,3.3649312516204994,3.8469883180336475,4.398104452196525,5.028172994899563,5.748504598159443,38.7060004712791,39.9315326215806,41.19283584345916,41.46819529562159,35.094182646685134,35.604354490732455,43.144438192657,44.890202361271925,45.36876166632975,41.874871072761984,37.90696960445503,37.73575948312186,45.77846858288792,45.342937259437925,44.56421833289473,38.13472905256706,30.285870569103086,35.2204678296457,30.851070817384826,24.8307382460719,10.914533890341158,5.557413150810503e-12,5.8356245175390566e-12,6.1277705499864765e-12,6.434524773195959e-12,6.756618101480229e-12,7.094818293183894e-12,7.449928645628664e-12,7.822810256099322e-12,9.964282950278115e-14,43.18400088,44.61479459,46.12709183,46.70949345,40.52493729,41.44106465,49.49733993,51.23518361,52.38288649,49.66854779,46.56791457,47.50682234,57.38723092,59.29741396,60.03973903,56.88237478,53.10851678,63.28484771,65.45516643,67.46677556,63.24861292,59.05667067,60.11285274,71.57769024,74.45155007,75.21970193,71.00808398,66.18154005,78.47406859,80.79721628,
2.888797077267603,3.0247091284741927,3.1919552045610593,3.3977592500311475,3.531511801667128,3.8084799765149384,4.161720940181896,4.185864480926013,4.653324834169626,5.20302564489299,5.823416760960957,6.617760247935226,7.901665038773657,9.540116611367333,10.685514553615112,12.999084531867313,15.877267155783574,19.573275398464983,24.19627079122351,29.885080814635426,36.77497657797319,45.25331253741082,55.686297753760485,68.5245694435498,84.32265758063946,103.76293699034785,127.68510151101964,157.12243331543283,193.3464339912204,237.92174515317632,0.6038460289502783,0.6257411724750607,0.6507729948402117,0.6793908538741683,0.6858592063172892,0.715648402236512,0.751768361495173,0.7023041200318,0.7333255173933075,0.761011873503075,0.7771934256823184,0.7975214998302023,0.8825562863385976,0.9917213968318378,0.925245960061887,1.0311478863709107,1.168103631442833,1.354596636114701,1.5678064632165671,1.8115605410319324,2.0710830972859857,2.367784624752487,2.7069913498695852,3.094792529550593,3.538149762253055,4.045021958854607,4.624508216745659,5.287011161937872,6.044423691418207,6.910342468046983,39.20063128378415,40.422771209052875,42.15021539060096,41.750878466097035,36.42119406201804,36.756364041251125,44.02138175832564,45.72507790904503,46.00770743844006,43.41689608160707,40.097876053360004,39.90746529223803,47.90639361489138,48.59312537180463,47.295955696327,42.52275529176596,35.857365732778,41.637830835424964,38.89653758556478,35.57392523433776,24.036301384746167,11.60116236784232,1.4866435763758328,6.129106977537438e-12,6.434530562187006e-12,6.7566195160440716e-12,7.094818434601979e-12,7.449928234010054e-12,7.822811319107605e-12,9.964282679640649e-14,42.69327439,44.07322151,45.99294359,45.82802857,40.63856507,41.28049242,48.93487106,50.61324651,51.39435779,49.3809336,46.69848624,47.32274704,56.69061494,59.12496338,58.90671621,56.55298771,52.90273652,62.56570287,64.66061484,67.27056659,62.88236106,59.22225953,59.87993268,70.76430871,74.23502776,73.80021478,70.59689958,66.36710632,77.58231925,79.81642958,
1.6144090782733505,1.6903637554091393,1.783829504756829,1.8988434397842613,1.9735912769731554,2.1283754047285175,2.3257847080851115,2.339277366211114,2.6005183664696614,2.9077195839416112,3.254426196788091,3.6983463830586807,4.41585872280694,5.331510124534472,5.9716176802889445,7.26456013218448,8.873037305449285,10.938557693610926,13.52212640102065,16.701327397393666,20.55175716839388,25.289889399721798,31.12038063751333,38.29507024393584,47.12385822235758,57.988090885210156,71.35703253847798,87.8081346526287,108.0519780165543,132.9629652136155,0.689708645268352,0.7147171226854938,0.7433082923948965,0.7759954077165013,0.7833835139336087,0.8174085219257908,0.8586644828381221,0.8021667775733603,0.8375991973008374,0.869222356598714,0.8877048105634883,0.9109233924689197,1.008049521633575,1.1327371354608116,1.056809363744025,1.1777697917738,1.3341996710254385,1.5472106563387986,1.790737406467408,2.069151582811218,2.36557640322732,2.7044667804874174,3.091906292598032,3.534850045554766,4.041249527668971,4.620195350414518,5.282080438201647,6.038786596573087,6.903897807994456,7.892944084210406,40.378436976460335,41.740451081907516,42.86601933285053,42.821985202501594,38.55060031909571,40.02366573334828,45.7381349990795,47.55484295621838,47.584807196232504,46.078088959462825,43.325126372651724,44.649648364475865,51.35971835556313,51.889677140008544,51.452563455971045,48.65361265604592,44.85997130352969,50.06422515005491,49.453838992516815,47.62282314980022,40.568749518384145,32.20284638979641,28.11758372989453,28.916620490515598,22.10183313997995,10.658565774382149,7.094851498887037e-12,7.449930893335695e-12,7.822817369631511e-12,9.964274773039408e-14,42.6825547,44.14553196,45.39315713,45.49682405,41.30757511,42.96944966,48.92258419,50.6962871,51.02292476,49.8550309,47.46725738,49.25891814,56.7836266,58.3539244,58.4809905,57.09594258,55.06720828,62.5499935,64.7667028,66.39330213,63.48608309,60.19720257,62.32987066,70.74654078,73.26694089,73.26685201,71.27468749,67.45967099,77.56283941,79.94738351,
0.4720930583073548,0.4943040804728972,0.5216357723286763,0.5552686854891598,0.5771267978692677,0.6223894969167842,0.6801168493048256,0.6840624355413778,0.7604557514779027,0.8502889692315999,0.9516745395909639,1.0814877580628244,1.2913060745005045,1.5590651427580327,1.7462483899960712,2.1243366729135578,2.5946950957962485,3.19870423459912,3.9542034874481673,4.883880321870303,6.009841016004481,7.3953878181474675,9.100367353338846,11.198423666503663,13.78017916699807,16.957148928252288,20.866557414838578,25.67726568829701,31.597065108523328,38.88165257125855,0.7671291410818267,0.7949448454845341,0.8267454030274444,0.8631016802368581,0.8713191088792751,0.9091634585701354,0.9550504429892857,0.8922108129365294,0.9316205577591634,0.9667934488007642,0.98735057699156,1.0131754682937728,1.121204104086347,1.2598880291828845,1.175437287988111,1.3099756468965569,1.4839649389448721,1.720886623667054,1.9917494987930027,2.301415949154128,2.631114756674025,3.00804592291638,3.438975913696671,3.9316405527212437,4.494883890938942,5.138816970192866,5.874999331212067,6.716646524277124,7.67886734767962,8.778935072752887,43.55116541061287,44.85168489404471,45.801456684646126,45.83810024427635,43.82816269325393,44.89308595451567,49.70340707770862,51.411513381524976,51.304223870765945,51.36555602197081,50.08911810342077,51.12518263364689,56.93776698141681,57.79322379806295,57.82113025201987,57.472537320194135,55.41652270526334,60.71936804173852,61.74823972376375,61.77737624898072,59.08254858732692,55.57780995894183,54.80249521297045,59.11021979078134,57.82725283206956,54.004573221561714,49.29040764395656,41.54761331743344,42.11726589380501,35.900460735988794,44.79038761,46.14093382,47.14983786,47.25647061,45.2766086,46.42463891,51.33857437,52.98778663,52.99630018,53.18263844,52.02814322,53.21984586,59.35027716,60.61217697,60.74281593,60.90684964,59.49518274,65.6389589,67.69419271,68.96267252,67.72350436,65.9812437,67.34183848,74.24028401,76.10231589,76.10053912,76.03196439,73.94152553,81.39319835,83.56104838,
0.011409907204570514,0.011946720227698054,0.012607293524277486,0.01342015957140046,0.013948443200094984,0.01504238683445433,0.016437585773143814,0.01653294572820882,0.01837927799373793,0.020550436116953435,0.02300080036045745,0.02613822581212817,0.031209275848230446,0.037680682424201827,0.04220467074314409,0.05134259841929165,0.06271058162417417,0.07730873786303694,0.0955682233954801,0.11803736634163509,0.14525044819063931,0.17873740624234724,0.21994465964271423,0.27065209416633035,0.33304994172449637,0.4098333841618927,0.5043189676115638,0.6205878557524365,0.7636621095799055,0.9397216078309345,0.7784036321273874,0.8066281437222868,0.8388960738131304,0.8757866789471349,0.884124879074671,0.9225254268798578,0.9690868119536513,0.905323628344662,0.9453125778817513,0.9810024046305992,1.0018616607752133,1.0280661003048979,1.1376824321211034,1.2784045937907675,1.1927126807066708,1.3292283488340815,1.5057747601601965,1.7461784810479348,2.021022225751952,2.335239841535868,2.6697842298765813,3.052255150550112,3.4895185160676268,3.989423843476575,4.560945164674103,5.214342123406977,5.961344150884822,6.815361026228342,7.791723601620607,8.907959013529963,44.21259382067009,45.32122406605216,46.30178749266484,46.46394090148382,45.51267495772771,46.08253619628828,50.596066212275936,52.064626755929964,52.14102797412748,52.43511358925557,52.30654050886759,52.8482652838864,58.17992566203426,59.30053060378881,59.632166028554145,59.8172015327508,58.68981168822001,64.12618021109364,65.5759372408574,66.51444577212759,65.23195243193811,64.40302393321315,64.49613462429556,70.3316318323633,71.2138941036079,70.63204984243797,69.9294695515108,68.35774757802679,73.2230954288074,73.71131247863931,45.00240736,46.13979893,47.15329086,47.35314774,46.41074828,47.02010401,51.58159061,52.98648333,53.10471983,53.43666643,53.33140297,53.90246961,59.34881737,60.61661588,60.86708338,61.19777248,60.25829703,65.94966743,67.69252769,68.96772298,68.04698711,67.63401649,68.2055978,74.59170777,76.10788921,76.25622535,76.39513267,75.79369646,81.77848114,83.5589931,
0.0,0.0,0.0,0.0,0.0,0.0,0.0,0.0,0.0,0.0,0.0,0.0,0.0,0.0,0.0,0.0,0.0,0.0,0.0,0.0,0.0,0.0,0.0,0.0,0.0,0.0,0.0,0.0,0.0,0.0,0.7119029279384725,0.7377161585231341,0.7672273696250193,0.8009663306529169,0.8085921803272134,0.843712086361362,0.8862956317031438,0.827979874642944,0.8645524818169797,0.8971932495516859,0.9162704543732832,0.9402361920140295,1.0404877637552328,1.1691877270951652,1.0908166593003092,1.215669498930271,1.3771331688730686,1.5969986804451886,1.848361930184423,2.1357352561221012,2.441698794517003,2.7914943980327,3.1914014094393552,3.648598744582609,4.1712937644244485,4.768869609178347,5.452053639401916,6.233110007811077,7.126059818761536,8.146932827582274,42.832236752063565,43.895040981479006,44.777349820377225,45.15915526934944,44.78515998967526,44.547233713641226,49.02383403829958,50.42783174535992,50.67794252818603,50.83332495045146,51.47630799563003,51.09461417798944,56.36984806624841,57.37939056290866,57.9856901307037,58.028154911073955,56.79332715113136,62.21562154955946,63.633157669820456,64.479038093883,63.432655655488375,63.65192012197294,62.65100065056657,68.52602329542363,69.34004706558208,69.2440642208285,68.50390329060528,68.22634476219648,72.0024538512464,72.68281355241794,43.54413968,44.63275714,45.54457719,45.9601216,45.59375217,45.3909458,49.91012967,51.25581162,51.54249501,51.7305182,52.39257845,52.03485037,57.41033583,58.54857829,59.07650679,59.24382441,58.17046032,63.81262023,65.4815196,66.61477335,65.87435445,66.44341452,65.84240206,72.17462204,73.51134083,74.01293383,73.95595693,74.45945477,79.12851367,80.82974638,
0.0,0.0,0.0,0.0,0.0,0.0,0.0,0.0,0.0,0.0,0.0,0.0,0.0,0.0,0.0,0.0,0.0,0.0,0.0,0.0,0.0,0.0,0.0,0.0,0.0,0.0,0.0,0.0,0.0,0.0,0.6172303811801525,0.6396108343683417,0.6651974914288094,0.6944496702843954,0.7010613948841506,0.7315108735107396,0.7684314379469938,0.7178708129706245,0.7495798049987246,0.7778798340058348,0.7944200531028183,0.815198702548884,0.9021182998862899,1.0137030740355033,0.9457541976506385,1.0540034585707818,1.193994851546416,1.3846215060946856,1.602557166087699,1.8517140954223839,2.1169890142622108,2.420266982676178,2.766992283837573,3.163389144098007,3.6165734669553347,4.1346805739307095,4.727011245490373,5.4041986836603675,6.178399393557337,7.0635114104381165,40.811197278821886,42.08001690563379,42.97284450857343,43.57958635971795,43.09690955511831,42.36490668649184,46.71667705205572,48.340922157032225,48.90203558500427,48.6588752259973,49.53459476690046,48.589271717454565,54.047392620117364,55.083981345968326,55.963481432353376,55.56291318143342,54.035928278458,59.32748673390995,61.07217595391717,61.97450751458271,60.836455855743125,61.40616975732942,59.74705323616833,65.50443000590819,66.81751937305117,67.16302675607609,65.94969286451678,66.12255402634713,69.10543739645053,70.30156521956205,41.42842766,42.71962774,43.638042,44.27403603,43.79797095,43.09641756,47.48510849,49.05879297,49.65161539,49.43675506,50.32901482,49.40447042,54.94951092,56.09768442,56.90923563,56.61691664,55.22992313,60.71210824,62.67473312,63.82622161,62.95344487,63.82643674,62.51404552,68.66781915,70.43409284,71.29770733,70.67670411,71.52675271,75.28383679,77.36507663,
0.0,0.0,0.0,0.0,0.0,0.0,0.0,0.0,0.0,0.0,0.0,0.0,0.0,0.0,0.0,0.0,0.0,0.0,0.0,0.0,0.0,0.0,0.0,0.0,0.0,0.0,0.0,0.0,0.0,0.0,0.5534990738322262,0.5735686629019071,0.5965134034999856,0.6227451872841603,0.6286742269976642,0.6559796849472009,0.68908806529257,0.6437480108330168,0.67218293279222,0.6975608797022713,0.7123932603340508,0.7310264377902415,0.8089712669675373,0.9090345027196042,0.8481015977724223,0.9451737243060554,1.0707104909965481,1.2416542422397439,1.4370872436589337,1.660517803512367,1.898402111164274,2.170365513727012,2.4812901521093504,2.8367575783961883,3.24314895287327,3.7077595951887905,4.238929946012793,4.846195290147739,5.540456928839098,6.334177874079308,38.969593556169805,39.968439887100224,40.95323349650226,41.91632003271819,40.2202592730048,39.36719597505539,44.61213254471015,45.91428887916984,47.03372993721078,45.94080477030087,46.22783101966925,45.150369512213224,51.33950612303609,52.504099597284196,53.83102646223157,52.46691727569812,50.220720219007866,56.678243107764864,58.04282164634591,59.111304946492716,57.49153513884105,57.358462266278586,55.57482603789652,62.67295954160999,63.820325867133214,64.79599776481801,62.43708802399436,61.86446507985977,66.28100053116879,67.08723902592087,39.52309263,40.54200855,41.5497469,42.53906522,40.8489335,40.02317566,45.30122061,46.55803689,47.70591287,46.63836565,46.94022428,45.88139595,52.14847739,53.4131341,54.67912806,53.412091,51.29143071,57.91989735,59.47990889,60.77182275,59.38993725,59.52882778,58.05611619,65.50971712,67.06347482,68.50375736,66.67601797,66.71066037,71.82145746,73.4214169,
0.0,0.0,0.0,0.0,0.0,0.0,0.0,0.0,0.0,0.0,0.0,0.0,0.0,0.0,0.0,0.0,0.0,0.0,0.0,0.0,0.0,0.0,0.0,0.0,0.0,0.0,0.0,0.0,0.0,0.0,1.8202999801865332,1.8863031124645206,1.961761794927876,2.048030621309082,2.0675295353692125,2.157329368674068,2.2662133522901846,2.1171028945924757,2.210617211645574,2.294078013011872,2.342857466215314,2.4041366519589866,2.6604748785520833,2.989554211595554,2.789163333070465,3.1084057642861627,3.5212602471983625,4.083445301721725,4.726168488497966,5.460967628916312,6.2433010075566315,7.137710772091257,8.160252886151651,9.329283476477483,10.665788352243258,12.193759731031413,13.940626934234148,15.937748783496495,18.220976537437085,20.831297474184186,40.5227302298155,37.861208337537605,34.94632207507435,36.41376164869325,43.79996764463325,44.52320027132851,46.26720913771253,43.52854146541036,40.92279207835741,43.80501489699127,50.36428616378799,51.10905484804447,48.46605476145154,44.456617668408256,46.649094276933525,49.686088875718035,56.30185754280605,57.96898530828292,53.5881194315069,48.52182885108878,52.45991890244872,59.70463018791437,59.552771083854246,60.85449380352872,48.90579842776325,49.74406781897542,51.964425795773025,58.96876075651104,58.72487815257083,51.15128831581599,42.34303021,39.74751145,36.90808387,38.46179227,45.86749718,46.68052964,48.53342249,45.64564436,43.13340929,46.09909291,52.70714363,53.5131915,51.12652964,47.44617188,49.43825761,52.79449464,59.82311779,62.05243061,58.31428792,53.98279648,58.70321991,66.84234096,67.71302397,70.18377728,59.57158678,61.93782755,65.90505273,74.90650954,76.94585469,71.98258579,
0.0,0.0,0.0,0.0,0.0,0.0,0.0,0.0,0.0,0.0,0.0,0.0,0.0,0.0,0.0,0.0,0.0,0.0,0.0,0.0,0.0,0.0,0.0,0.0,0.0,0.0,0.0,0.0,0.0,0.0,1.7220009711641049,1.784439832406591,1.8558236295274078,1.9374338061063259,1.955879748705715,2.0408302523834054,2.143834332794347,2.0027760700019326,2.091240469571218,2.170194258820928,2.216339546247989,2.2743095613616173,2.5168051279959496,2.828113669038082,2.6385442073072354,2.9405470544060353,3.3311067578959017,3.8629329516005093,4.470948094085409,5.166066946573271,5.906153115038029,6.752263371540616,7.719586632889968,8.825487766644494,10.089819315886386,11.535277881410588,13.187811558910042,15.077085745250693,17.2370156757403,19.706375252214002,38.692740448837924,36.31914860759554,33.739206070474815,34.886877903896014,42.021694951296745,42.797949977619176,44.17939078720837,41.75500356000093,39.20579784043177,41.78146936118222,48.31906108375532,49.12755437864186,46.4951750620077,42.93009755096574,44.69491847269677,47.39462708559818,54.131729502108506,55.363648748404096,51.431510845919426,46.89621976343185,50.06250075496731,57.335908488464995,57.3218647771159,58.16214153336167,47.362429044120134,47.765595368596244,49.64719289109712,56.74297902475681,56.20474807426759,49.29907247778615,40.41474142,38.10358844,35.5950297,36.82431171,43.9775747,44.83878023,46.32322512,43.75777963,41.29703831,43.95166362,50.53540063,51.40186394,49.01198019,45.75821122,47.33346268,50.33517414,57.46283626,59.2265817,55.90245894,52.06228671,55.96865387,64.08817186,65.04145141,66.9876293,57.45224836,59.30087325,62.83500445,71.82006477,73.44176375,69.00544773,
0.0,0.0,0.0,0.0,0.0,0.0,0.0,0.0,0.0,0.0,0.0,0.0,0.0,0.0,0.0,0.0,0.0,0.0,0.0,0.0,0.0,0.0,0.0,0.0,0.0,0.0,0.0,0.0,0.0,0.0,1.5875306037813095,1.6450936393124058,1.710903104255276,1.7861403747728677,1.8031458810893521,1.8814626338980345,1.9764231668506824,1.8463800874046816,1.9279363373796385,2.0007246567925376,2.04326647717329,2.096709636983087,2.32026882176859,2.6072674033017926,2.432501345047701,2.710920910557192,3.0709819629471733,3.5612780618093214,4.1218135449018245,4.762650844107194,5.44494397956274,6.224981824409636,7.116767199015732,8.13630895537427,9.30190935941519,10.634492643451456,12.157980626757388,13.899722147217881,15.890984012974815,18.167512287370815,37.54182722622072,35.466096160689716,32.580505565746954,33.65879022522947,40.767719138913115,41.43985130610455,42.87350009315203,40.771738882598164,37.82217952262335,40.829719153210604,46.875659442830006,47.56557540302038,45.41520633823504,41.47510965670201,43.127923864956294,46.340188199447006,52.447155607057255,53.78161283819532,50.324679535103044,45.392923245897904,49.09593314044261,55.813203135596005,55.72350458099018,56.72079082463194,46.04622614059131,46.44506266655536,49.074084463249775,55.62303584278966,55.2149776270331,49.04070544262937,39.12935783,37.1111898,34.29140867,35.4449306,42.57086502,43.32131394,44.84992326,42.61811897,39.75011586,42.83044381,48.91892592,49.66228504,47.73547516,44.08237706,45.56042521,49.05110911,55.51813757,57.3428909,54.44649308,50.15557409,54.54087712,62.03818496,62.84027178,64.85709978,55.3481355,57.07955531,61.23206509,69.52275799,71.10596164,67.20821773,
0.0,0.0,0.0,0.0,0.0,0.0,0.0,0.0,0.0,0.0,0.0,0.0,0.0,0.0,0.0,0.0,0.0,0.0,0.0,0.0,0.0,0.0,0.0,0.0,0.0,0.0,0.0,0.0,0.0,0.0,1.462569853912379,1.5156018775262472,1.5762312218036343,1.6455462721639729,1.6612132084924853,1.7333653430349358,1.8208511606167732,1.7010442811433153,1.7761809193456903,1.8432397851317612,1.8824329722559918,1.9316694116981372,2.1376313776934373,2.4020391771187004,2.2410296396139104,2.4975337109582,2.8292529480798145,3.2809559212247685,3.7973694616419347,4.38776394780046,5.016351119015777,5.734989130822579,6.556578586768908,7.495868219424261,8.569719651703913,9.797410087665728,11.200978366522019,12.805620592042194,14.640142439472735,16.7374762595453,36.607187266089646,34.59274436247589,31.917639028198597,32.96328145783837,40.183224251509984,40.92367040696766,41.81456173938594,39.76541917885953,37.0362779806573,40.198326364871384,46.20174233774731,46.96910656830533,44.30790363231019,40.6550843228851,42.24468047039008,45.65012167904599,51.8375833819246,52.509122178779876,49.17783381836293,44.60130814220463,48.51995833098956,55.244578709183045,55.32011617323699,55.604938260581925,45.491146948302564,45.93570782234106,48.90327660348513,55.53080381796532,54.54031029053516,48.654595750454874,38.06975712,36.10834624,33.49387025,34.60882773,41.84443746,42.65703575,43.6354129,41.46646346,38.8124589,42.04156615,48.08417531,48.90077598,46.44553501,43.0571235,44.48571011,48.14765539,54.66683633,55.7900781,52.97520328,48.98907209,53.53630945,60.97956784,61.87669476,63.10080648,54.0608666,55.73311791,60.10425497,68.33642441,69.18045273,65.39207201,
0.0,0.0,0.0,0.0,0.0,0.0,0.0,0.0,0.0,0.0,0.0,0.0,0.0,0.0,0.0,0.0,0.0,0.0,0.0,0.0,0.0,0.0,0.0,0.0,0.0,0.0,0.0,0.0,0.0,0.0,1.229723357271196,1.2743124877984535,1.3252894176144885,1.383569257179433,1.3967419596582347,1.4574072091753636,1.5309649630307207,1.4302317791378765,1.493406388362272,1.5497892362301222,1.5827427239036445,1.6241405412105658,1.7973126051748278,2.019625711060438,1.8842494837414965,2.0999171641079806,2.378825479395238,2.758615678912417,3.1928142855385224,3.6892157994157255,4.217729582505646,4.821957781369303,5.5127471760517555,6.302498446686222,7.205388783842404,8.237626389835853,9.417741439669168,10.766918724779552,12.309377951034596,14.072808517881606,36.573480302730836,34.27082205220368,31.824347872387737,32.67629665282291,40.27687000034423,41.07086374082722,41.79892536697199,39.38944499086497,36.70341310164071,40.36919340377301,46.30513400609965,47.1290232587929,43.92377302482879,40.59497856894336,41.895832666262486,45.90735076589621,52.12299320060919,52.64083639109223,48.95609098446633,44.79637152058936,49.162480337499694,55.908667388636346,56.177166213954166,56.35649439332,46.29986772616408,46.61145828017096,50.511263380337994,57.290529425227966,56.38669319897329,50.299289332118576,37.80320366,35.54513454,33.14963729,34.05986591,41.67361196,42.52827095,43.32989033,40.81967677,38.19681949,41.91898264,47.88787673,48.7531638,45.72108563,42.61460428,43.78008215,48.00726793,54.50181868,55.39945207,52.14890527,48.48558732,53.38020992,60.73062517,61.68991339,62.65899284,53.50525651,54.84908467,59.92900482,68.05744815,68.69607115,64.37209785,
0.0,0.0,0.0,0.0,0.0,0.0,0.0,0.0,0.0,0.0,0.0,0.0,0.0,0.0,0.0,0.0,0.0,0.0,0.0,0.0,0.0,0.0,0.0,0.0,0.0,0.0,0.0,0.0,0.0,0.0,1.1986968659753372,1.2421609920355219,1.29185175024241,1.3486611623943154,1.3615015114731555,1.4206361485765453,1.4923380061473914,1.394146367257149,1.4557270517572312,1.510687334193382,1.5428093900717568,1.5831627212259625,1.751965573608202,1.968669616606675,1.8367089943616242,2.0469352790124598,2.318806608000778,2.6890145244378663,3.112258098609312,3.5961351717995145,4.1113143067396525,4.700297547587422,5.373658005090908,6.143483484465618,7.023593479180347,8.029787251080343,9.18012745024886,10.495264365998498,11.998806629771984,13.717745024611672,36.35918852402669,33.77716383796661,31.549744229759813,32.751423427608024,40.54600796852931,41.44763689142604,41.556369443855324,38.821695802745694,36.786196128245756,40.965770735809755,46.613843079931534,47.5597694987775,43.29278021639543,40.24994063339713,41.99506968564236,46.598775430991736,52.618739452003645,52.35093103556677,48.265222311395526,44.43890231820557,49.97879249326569,56.371184642418214,56.809449644915006,56.10889313554059,45.98446817082613,46.88406449892645,51.54586587975828,57.94416337400901,56.251471590235894,49.70211353538849,37.55788539,35.01932483,32.84159598,34.10008459,41.90750948,42.86827304,43.04870745,40.21584217,38.24192318,42.47645807,48.15665247,49.14293222,45.04474579,42.21861025,43.83177868,48.64571071,54.93754606,55.03994556,51.37748041,48.03503749,54.0901068,61.07148219,62.18310765,62.25237662,53.00806165,54.91385175,60.72599333,68.43942774,68.25027822,63.41985856,
0.0,0.0,0.0,0.0,0.0,0.0,0.0,0.0,0.0,0.0,0.0,0.0,0.0,0.0,0.0,0.0,0.0,0.0,0.0,0.0,0.0,0.0,0.0,0.0,0.0,0.0,0.0,0.0,0.0,0.0,1.1955482033368405,1.2388981605243727,1.2884583941271799,1.3451185828359988,1.3579252036816571,1.4169045095851636,1.4884180251602537,1.3904843099816369,1.4519032381561274,1.5067191543285297,1.5387568339812825,1.5790041675061037,1.7473636190172352,1.9634984372657587,1.8318844410049826,2.0415585162800376,2.3127157105105516,2.6819511877363196,3.1040830119175853,3.5866890668001363,4.100514961116758,4.687951097289611,5.359542813274734,6.127346162790034,7.005144339115323,8.008695103573992,9.156013660399482,10.46769605600423,11.967288908141029,13.681712102136085,36.44135680666518,33.388369039477745,32.13823179587505,33.05582866716634,41.605070416320814,42.80520732041742,41.650861404842466,38.3751228000212,37.12742576184686,42.8917353956746,47.83077321602201,49.115929182497354,42.79308529098639,41.00726357273805,42.38661895899901,48.805298183724155,54.35983331949388,52.47379523226833,47.69820260808726,45.30412357320495,52.43708864888862,57.92168269271603,58.7873925667312,56.25600585721618,46.94729010089117,47.38965771643283,54.31774045960771,59.69545298400333,56.426583941866895,49.02813162786411,37.63690501,34.6272672,33.42669019,34.40094725,42.96299562,44.22211183,43.13927943,39.76560711,38.579329,44.39845455,49.36953005,50.69493335,44.54044891,42.97076201,44.2185034,50.8468567,56.67254903,55.15574642,50.80228562,48.89081264,56.53760361,62.60963379,64.14693538,62.38335202,53.95243444,55.39835282,63.47375412,70.16314904,68.39387285,62.70984373,
0.06910641239363649,0.07235772912123148,0.07635862499454375,0.08128191273616214,0.08448156945999127,0.09110726049989278,0.09955756526570342,0.10013513213477675,0.11131781720571417,0.12446787582973363,0.1393090028336744,0.15831145510871106,0.18902529605241924,0.22822067981740082,0.2556211307437312,0.3109668392660687,0.3798193304700159,0.4682360184537252,0.5788282883711521,0.7149172004655957,0.8797387387166474,1.0825592780460769,1.3321393487721676,1.6392591893444592,2.0171843826451172,2.482238843031633,3.054509903440499,3.758715957736379,4.625274134822368,5.691614121100136,1.1969855674176508,1.2403876426805498,1.290007460747972,1.3467357699389553,1.35955778771863,1.418608002294476,1.4902074959658849,1.3921560386467964,1.4536488085626684,1.5085306279155053,1.5406068253041696,1.580902546732879,1.7494644106834185,1.9658590799555107,1.8340868489784519,2.044013007761003,2.315496204414633,2.6851756000126126,3.1078149379183366,3.591001212491347,4.105444860974819,4.693587250228516,5.3659863964843995,6.134712848014858,7.013566369131206,8.018323666139608,9.167021602297714,10.480280985894758,11.98167674392484,13.698161126512277,36.26756891019075,32.82599001820034,32.00730902425971,32.41352240732722,43.04844807282384,43.61661144720822,41.43117634877112,37.712290889221265,36.38700892423459,45.1352339562579,49.44718003186546,49.99228478816187,41.97356926326779,40.70853017023089,41.409741180281806,51.20583973297711,55.13602396511975,51.85103367153828,46.398908593715355,44.50735289704815,54.57012783031389,59.062403591731005,58.76042978474932,54.43825236264686,44.83611456823019,43.99693619083559,54.640149094268935,58.42197518637638,51.599306521260665,42.43533931238775,37.53366089,34.13873539,33.37367511,33.84154009,44.49248743,45.12632671,43.02094141,39.20458206,37.95197555,46.76823246,51.12709586,51.73149879,43.91205897,42.90260993,43.49944916,53.56081958,57.8313395,55.00444529,50.08555182,48.81327131,59.55531143,64.83855012,65.45855553,62.2122244,53.86686532,54.4974987,66.8616806,72.66097213,68.2062574,61.82511456,
0.9162419063270163,0.9593492321652602,1.0123947938578404,1.077669815227525,1.1200922109892129,1.2079384119257297,1.3199761097238514,1.3276337344047096,1.475898480502191,1.6502474933456517,1.8470174026367927,2.0989599141101705,2.5061769465411476,3.0258458440594427,3.389132556846064,4.122929258585937,5.035804570890208,6.20807023978166,7.674349108911695,9.478673193008769,11.663946529883667,14.353026618992473,17.662064259099544,21.73398838958324,26.744679692532234,32.910567496160425,40.497978116438624,49.8346384245998,61.32383151993753,75.46181594104509,1.134901869401908,1.176052822005332,1.2230990235778283,1.276885022257621,1.2890420042161008,1.3450294786977612,1.4129153425108203,1.319949491260763,1.378252833783751,1.4302881139701995,1.4607006246725927,1.4989063397815905,1.6587254551616082,1.863896445832221,1.7389588063636376,1.9379967868738492,2.195399044495145,2.5459043877204945,2.946622815518071,3.4047478098446877,3.8925089610717647,4.450146342179492,5.087670359880356,5.816525502873241,6.6497957871567746,7.602439633256025,8.691558391752364,9.936703337542548,11.360226643823065,12.987682636296157,36.20453796427311,31.90405263583153,31.851187182566555,31.802372892517184,43.41427176479715,43.841417409379105,41.11562754776805,36.44298588433737,35.45151924571704,46.01604244268729,49.348759622693926,49.587297756111695,39.61945354830086,38.92945275011213,38.776752716794284,50.166406494544404,52.225207814619075,47.30857038250245,39.31892340557508,36.97271267715163,46.9638032890499,47.97491422883365,44.54821911102599,35.8584635475497,21.62321881031747,14.492383280590358,21.00083734181617,15.063162137865161,7.82282269818631e-12,9.964282738315215e-14,38.25568174,34.03945469,34.086681,34.15692773,45.82340598,46.3943853,43.848519,39.09056911,38.30567056,49.09657805,52.65647765,53.18516401,43.78435595,43.81919504,43.90484408,56.22733254,59.45641143,56.06254501,49.93989533,49.85613368,62.52025878,66.77808719,67.29795373,63.40897744,55.01769429,55.00539041,70.19037385,74.8345039,69.51831539,61.64531762,
2.4893532104154175,2.606472236762981,2.7505926250423878,2.927939440206029,3.0431975683855317,3.2818684049997944,3.586265530666478,3.6070706613331893,4.009893670344811,4.4835854670827375,5.018192978510212,5.702699870680817,6.809074748339043,8.220972009812362,9.207991855261199,11.201656587963825,13.681863041850413,16.86681156490256,20.85056954958743,25.75276832521711,31.689974601441698,38.99598200697724,47.98636262142383,59.04944250981499,72.6630748870977,89.41528027415936,110.02964516611873,135.39657627042888,166.61176029493447,205.02349049899476,1.307742993914634,1.3551610759629096,1.4093722303855831,1.4713496267055564,1.4853580695603796,1.5498722178531754,1.6280968337260495,1.520972646231634,1.588155360228241,1.6481154104624296,1.6831596278266747,1.727183924207137,1.9113428669904426,2.1477605986357506,2.0037954443820385,2.2331461323603032,2.5297497490231744,2.9336356877908636,3.3953819678995876,3.9232776105277423,4.485322881064746,5.127886258524726,5.862502695485908,6.702359631601368,7.662533727431625,8.760261512556104,10.01524880649297,11.4500244669855,13.090344815954177,14.96565600315196,35.61736278567198,30.80868270727623,31.478057444574247,31.002982133090747,43.216028072056545,43.403560797149616,39.962342775610196,34.801839632438025,34.10422595942993,45.59228732245797,48.16278399366642,47.86565251511552,36.004032494674135,35.44474656155568,34.29380410036076,45.80154328968008,45.60401226913085,37.96025078731122,26.766203592517826,22.44912294426024,29.690741577498947,25.453936034503666,16.119452223096175,6.14245111278107e-12,6.434522992790309e-12,6.756614178346203e-12,7.094815215093222e-12,7.449923999328315e-12,7.822802087126038e-12,9.96428347470491e-14,39.41445899,34.77031602,35.6380223,35.4022712,47.74458371,48.23530142,45.17670514,39.92988294,39.70227499,51.7239882,54.8641366,55.29553631,44.72445011,45.81347917,45.5055914,59.23634601,61.81562506,57.76069804,51.01215511,52.12516888,65.86603906,69.5778043,69.96831754,65.32965634,57.52164066,57.01085776,73.94662139,77.97199181,71.62404815,62.96890458,
3.926498674152236,4.111232483620346,4.3385559952577175,4.618288108680446,4.800086692179395,5.176546215722991,5.656676920094401,5.689493202507283,6.324872707586916,7.0720347431173725,7.915280159649288,8.994964389798142,10.740068086639708,12.96707737644998,14.523920374181934,17.668561278055353,21.58063261934338,26.604305475683624,32.88795392684022,40.620274479988446,49.985129766182986,61.509018088320495,75.68969659350441,93.13967851332973,114.6126897582371,141.03622498265258,173.55160933152987,213.56329627561098,262.7995308817823,323.3869987778978,1.5628630847588316,1.6195316888562454,1.6843185869116044,1.7583867985163968,1.7751280682571897,1.8522279122484389,1.9457129204159802,1.8176904887158152,1.8979794936103513,1.969636806635433,2.011517599656465,2.064130343877366,2.28421580007445,2.566754912950776,2.3947044212855726,2.6687978214209434,3.02326413892019,3.5059418723054643,4.057767589640367,4.688647369771263,5.3603388331345245,6.128256219748879,7.006184770026885,8.009884585695094,9.157373546674192,10.469250758380447,11.969066335800656,13.683744162505665,15.644065213745197,17.885220119980534,35.08448623109096,29.62563058752553,30.716641117832904,29.850957532805495,42.370770479565884,42.388956592031164,38.903202629492334,33.095746208779744,32.40503342880572,44.639843430250345,46.31789036069756,45.591943886327975,32.45402907328946,31.695641420603053,29.647874564536487,41.14082357052793,38.727062591740875,29.349500222015557,14.926280243524277,8.427322110245386,13.013312020687884,3.6913229419362814,5.835623347448877e-12,6.127762684618014e-12,6.434514316138779e-12,6.756606450457355e-12,7.094806635382689e-12,7.449915120784789e-12,7.822787332526705e-12,9.964284412958506e-14,40.57384799,35.35639476,36.7395157,36.22763244,48.94598524,49.41773072,46.50559247,40.6029299,40.62788563,53.68151498,56.24468812,56.65103862,45.47831296,47.22947371,46.56649936,61.47818267,63.33095935,59.45974757,51.87200176,53.73624396,68.35878062,71.32859725,71.6835051,67.25134921,59.2995089,58.33999712,76.74517766,79.93400851,73.73089259,64.03029086,
4.96160551747067,5.195039007300703,5.482289731977009,5.835765057591783,6.065489534743554,6.541191630713716,7.147894790350108,7.189362128402319,7.99224090659815,8.936370418811197,10.001912892768592,11.36622437686434,13.571373760412017,16.3854690898003,18.35272833229838,22.32636208438185,27.269736923509836,33.61775459280575,41.557903670236925,51.32862499300303,63.1622512117434,77.72407654947341,95.64307730604169,117.69323796014201,144.82698227305588,178.2163118107379,219.30342880127176,269.86302990642804,332.0789615937612,408.6385481235716,1.666916350088261,1.7273578715675622,1.7964581918023599,1.8754577626220121,1.8933136429766702,1.975546688079338,2.0752557989555838,1.9387098105960252,2.024344346529588,2.100772504472376,2.145441662840905,2.2015572908956593,2.436295732752301,2.7376459094798142,2.5541405337407057,2.846482693839418,3.2245488891173295,3.7393626392467034,4.327928150579819,5.0008110350089146,5.717222788164954,6.536267053620904,7.47264687405381,8.543171636993034,9.767058827915461,11.1662790122215,12.76595023902292,14.594788946867531,16.685625465818024,19.075993369901376,34.7097408224431,28.890753151133868,30.709794216222864,29.324271139788543,42.103336322282246,41.881059351209544,38.15861114069702,31.999391141004498,31.517285766875247,43.83263658671957,45.3799259643938,44.20677698224346,30.05815978683931,29.712010290723697,26.698044573964907,37.666185181782936,34.09267172737725,23.22285696795218,6.656283799188121,5.04147189678929e-12,0.9924590500970122,5.557385628876712e-12,5.835614223497403e-12,6.127758841119715e-12,6.434511011187566e-12,6.756602844483531e-12,7.094802506547553e-12,7.449910726097061e-12,7.822779408048448e-12,9.803061074955553e-14,41.33826269,35.81315003,37.98854214,37.03549396,50.0621395,50.39779767,47.38176173,41.12746308,41.53387102,54.86977951,57.52728052,57.77455865,46.06582928,48.83512529,47.60491344,62.83902996,64.58695754,60.5799742,52.54211562,55.56310499,69.87193305,72.95516004,73.10515342,68.51837027,61.3155032,59.64095543,78.44396677,81.75680733,75.11998879,64.85747284,
5.604314396306561,5.8679860370744565,6.192446207473813,6.591709480038838,6.851191655708051,7.388514523358734,8.073807870413912,8.120646741179476,9.027527604498434,10.093956323718906,11.297525411516874,12.838564993249275,15.329361650240022,18.5079849631046,20.7300760292278,25.21844028229796,30.802162462490084,37.97247995080577,46.941167934318116,57.97755403528172,71.3440664564477,87.79217928794597,108.03234420106826,132.93880489398597,163.58735874275806,201.30182426246904,247.7112214710898,304.8201349764891,375.09529901506346,461.5721443534294,1.6561905627762359,1.716243172775865,1.7848988664173775,1.8633901138323743,1.8811311003743088,1.9628350162547783,2.0619025480162274,1.9262351659702834,2.0113186857602114,2.0872550660761853,2.1316368003684896,2.187391351941293,2.42061936731422,2.720030503788244,2.5377058949368605,2.828166976941047,3.203800502097148,3.7153016788098046,4.300080060396776,4.968633274231481,5.680435269920219,6.494209388142956,7.424564064724639,8.488200527048816,9.704212605520011,11.094429495750276,12.683807624552552,14.500878654308634,16.57826166804557,18.95324872969173,34.38281785091923,28.5903134101518,30.272443066111048,29.120039916131134,42.02558635392011,41.58435027038909,37.59571007157258,31.495600802853094,31.10021629974435,43.79748686020806,44.89763932811794,43.365237564812894,28.7807012324494,27.94294744311097,25.030784465839343,36.062400060765206,31.27033943541719,19.33924895038906,1.8310731852899769,5.040031924056644e-12,5.292415853477048e-12,5.557380488056048e-12,5.835612498646991e-12,6.127757597524386e-12,6.434509806880006e-12,6.756601704732344e-12,7.094801323517836e-12,7.449909396777303e-12,7.822776764804551e-12,9.516614940107003e-14,41.64332281,36.17454262,38.24978814,37.57513951,50.75790911,50.93569981,47.73142049,41.54248271,42.13906259,55.97869825,58.32680154,58.39119391,46.53068225,49.17096291,48.29856639,64.10900732,65.2763024,61.02703058,53.07232118,55.94521071,71.28404544,73.96909958,73.88541408,69.02400889,61.73716798,60.50998599,80.02932004,82.89307323,75.67434475,65.51195339,
5.888121655390288,6.165145852844468,6.506036962896954,6.925519267983452,7.198141842254553,7.762675198026931,8.482672384435627,8.531883215550046,9.484689298964376,10.605122877728345,11.869641730255957,13.488720870247123,16.10565359351947,19.445245100937566,21.77986475313125,26.49552359860913,32.3620102305047,39.89543870960636,49.31830869901318,60.91358680139063,74.95699080741485,92.23805009582206,113.50319421624604,139.67093931308517,171.8715620587115,211.49592026645777,260.255528916854,320.25648649135456,394.09044475114376,484.94655126476846,1.6173846617769894,1.6760301899523593,1.7430772244755508,1.8197293576938167,1.8370546583944907,1.9168441846255024,2.0135904829998164,1.8811018988016737,1.9641918420552755,2.0383489708026117,2.081690804720025,2.1361389814968237,2.3639022734990043,2.6562979618831624,2.478245367907261,2.7619007089262473,3.1287328330136384,3.628249118331167,4.199325663612343,4.8522141282256115,5.54733802032133,6.34204474462379,7.250600449344955,8.289315038435564,9.476834958219452,10.834477928381412,12.386615626219461,14.161111193903649,16.189819422636702,18.509158592753856,34.57973661283476,28.731755567205294,30.181981432629726,29.31190354432507,42.27527071935342,41.83496745735015,37.74168481256727,31.587003525651127,31.230739968983336,43.84145122147219,45.01042320502733,43.429838558259526,28.57356718298515,27.30249468718308,24.660028698965487,35.43133159246883,30.52729995648607,18.15096332206711,0.13917045737935407,5.04002730056087e-12,5.2924019893661965e-12,5.5573797524265595e-12,5.835612280299721e-12,6.127757514302188e-12,6.434509698094807e-12,6.7566017349150415e-12,7.09480134782813e-12,7.449909514405596e-12,7.822776861685041e-12,9.506433941396782e-14,42.08524293,36.57293161,38.43109562,38.05715217,51.31046722,51.51448684,48.23794768,41.99998864,42.67962111,56.48492307,58.96175574,59.05469841,47.04312305,49.40403775,48.91813882,64.6887559,66.01804302,61.67465115,53.65680482,56.2103961,71.9286791,74.77433816,74.72498082,69.75649363,62.02980778,61.28620611,80.75303869,83.7954595,76.47740304,66.23343427,
5.7510134035097025,6.0215869354266305,6.354540202663294,6.76425462438879,7.030529027414604,7.5819169038527745,8.28514854746786,8.333213476472475,9.263832929901243,10.35817657738942,11.593250391331358,13.174628355373265,15.730624316130099,18.992451541426377,21.272708251063445,25.878560306089433,31.608442469895646,38.9664507946784,48.169903912702665,59.4951793888214,73.21157476859617,90.09023479143977,110.86020797162494,136.41862228424023,167.86943526836524,206.57111782439821,254.195331335953,312.7991325869815,384.91382525769166,473.65429580694126,1.5779812000666569,1.6351979791766056,1.7006115833105642,1.775396282350888,1.7922994961857024,1.8701451536413822,1.9645344746350522,1.835273637662342,1.9163393058780502,1.9886897848826262,2.030975705303652,2.0840973908013356,2.306311809757096,2.5915840212196586,2.417869225625897,2.694614026046277,3.0525092188660525,3.5398560609538103,4.097019779362415,4.734002277866025,5.412191245133139,6.187536962297326,7.073958019170805,8.0873669703965,9.245955989081047,10.570523442913881,12.08484725529148,13.81611175382507,15.795395668786966,18.058230041781478,34.59138322642568,28.95694709539889,30.618514624028386,29.662449953262662,42.53239660640217,42.39825844250844,37.79929689789981,31.87835630586803,31.66200319422369,44.52965874773112,45.38896173336829,44.18096252382888,29.058667774116447,28.131832387357797,25.413876373314675,36.5640596378685,31.787476691242723,18.926739484372423,1.4497401279397943,5.040030773099874e-12,5.292412762661085e-12,5.557380663859954e-12,5.835613037701751e-12,6.127758127527216e-12,6.434510497174315e-12,6.756602594234724e-12,7.094802433310842e-12,7.449910600880732e-12,7.822778610726305e-12,9.698128043249149e-14,41.92037783,36.61373201,38.67366641,38.20210086,51.35522513,51.8503205,48.04897992,42.04684342,42.84217543,56.87652511,59.01318783,59.43968827,47.0956039,49.71586795,49.10445385,65.13723397,66.44842838,61.43304634,53.71666382,56.56518693,72.42735054,74.83956349,75.21212852,69.48322893,62.42132978,61.51962754,81.31288818,83.86855392,76.17780979,66.30732364,
5.309552170721771,5.559355845818867,5.866750841929721,6.245014626869089,6.49084918425867,6.9999112383420945,7.6491611770742916,7.693536529768879,8.552719458477261,9.563058729376966,10.70332539017366,12.163313084966052,14.523104820716547,17.534546563144406,19.63976543727669,23.892061521626324,29.182104536001972,35.97529494122639,44.47226948333404,54.92819033922199,67.59168314532745,83.17469776818892,102.35031925385343,125.94680993685829,154.98338499490208,190.71423592642057,234.6827034794394,288.78793995046766,355.36694023188414,437.29548481640813,1.5559319976510022,1.6123492841281404,1.6768488610238617,1.7505885900945406,1.767255614560747,1.844013531136911,1.9370839458949567,1.8096292764220292,1.8895622104027714,1.9609017329039529,2.002596790253444,2.0549762040458943,2.2740856109121412,2.5553717009089763,2.3840842299819975,2.656962062835406,3.0098563699984067,3.4903934927008073,4.0397719373651295,4.667853850713389,5.3365664529802705,6.101078229499828,6.975113285001632,7.974361827285531,9.11676182940356,10.422821042516219,11.915985140024876,13.623058601706067,15.574685893333541,17.805901579666163,35.19453034162925,29.544611580055115,31.20598416704865,30.842727743038708,43.37709551118305,43.47467311052358,38.62278584703346,32.66148485381192,33.11340116112295,45.948112377722225,46.62899003957619,45.758218450991514,30.430366378374938,29.72354328595043,27.8984055827453,39.27025506554246,34.85658519400402,22.171991236077417,5.355126259305677,5.0400849436767286e-12,0.2574796216976329,5.557384064255996e-12,5.835614627063683e-12,6.127759325530819e-12,6.434511711161938e-12,6.7566040697214354e-12,7.094804112546702e-12,7.44991231548116e-12,7.822781567345627e-12,9.964286079933687e-14,42.06001451,36.71631671,38.74958387,38.83833096,51.63520031,52.31859788,48.20903097,42.16465066,43.55568283,57.47207284,59.33491222,59.97650774,47.22755681,49.81346155,49.92225525,65.81927865,67.0485461,61.63767967,53.86716768,56.67622593,73.18572922,75.24756912,75.89139411,69.71467741,62.54386455,62.54419524,82.16430632,84.32578323,76.43155791,66.49310413,
4.505824257675383,4.717814162420202,4.978677562124971,5.2996820617847265,5.508303669868537,5.94030698732334,6.491277394840046,6.528935474878648,7.25806048532723,8.115460704578322,9.083120690813624,10.322104273530519,12.324685000515084,14.880272895183632,16.666816461529613,20.27542566841043,24.76469394790071,30.52957225226191,37.740326149699236,46.61349290914545,57.360062721056934,70.58421478468655,86.85714660039618,106.88174315710377,131.5229369997401,161.84506769889725,199.15785440916963,245.07296723219363,301.573640899932,371.1003376372964,1.330151129277338,1.3783817186807452,1.4335217795415527,1.4965611566120467,1.5108096336977337,1.5764292299068872,1.6559942221299553,1.5470344650280827,1.6153683527310487,1.6763558165535757,1.712000515488001,1.7567791668121577,1.9440936673291644,2.1845624094233935,2.0381304167472685,2.2714110216019083,2.5730969319739994,2.9839034436899774,3.453561731889013,3.990502849868547,4.562178748564728,5.215752429431601,5.962956496099609,6.817204354588467,7.793831003566588,8.910368320009477,10.186859782037377,11.646220278667464,13.314647465592016,15.222092051420464,36.250679863049314,30.68071362890118,32.5016419183357,32.26662799160557,44.63213036643619,44.70243126277237,40.09229486303273,34.15826489009612,34.93406719194472,47.87443704887127,48.558226713701714,47.78364020966081,33.03671759215938,32.959782815396785,31.505929331727128,43.49482536999187,39.58333086012974,28.163245174052747,12.7621765784166,6.312477620991114,11.510760160383706,5.586780416090799e-12,5.835620620455026e-12,6.127763507973426e-12,6.434516103013722e-12,6.756608951356481e-12,7.094809809363069e-12,7.449918529717936e-12,7.822792436525533e-12,9.964284899062462e-14,42.08665525,36.77690951,38.91384126,39.06287121,51.65124367,52.21916748,48.23956648,42.23423483,43.80749603,57.66625357,59.35334792,59.86252365,47.30549626,50.02461812,50.21087621,66.04166206,66.92112174,61.67672087,53.95606446,56.91647338,73.43300163,75.27094897,75.74716411,69.75883456,62.8089846,62.90578879,82.44191463,84.35198374,76.47996952,66.60283745,
3.374834666537503,3.5336138018466774,3.728998884399515,3.969429281062428,4.1256855828812835,4.449253411635849,4.861926859419848,4.89013252984142,5.436242679901043,6.078430172699148,6.8032015530753815,7.7311926390794845,9.231113291434028,11.145232912415562,12.483343059679617,15.186169169380317,18.548603510045734,22.866461916703937,28.26727225312321,34.91321960243163,42.96233432008274,52.86714291173553,65.05546879335594,80.0537685002046,98.50987119070389,121.22096065951311,149.16800850108012,183.5581457127489,225.87680291554463,277.95187131161026,1.3518278857481862,1.4008444630877996,1.4568831118193832,1.520949807661973,1.5354304845038145,1.6021194479265373,1.6829810679703563,1.5722456523979285,1.641693140660891,1.7036744843305704,1.7399000657235912,1.7854084506084555,1.9757755146438436,2.2201630463000224,2.0713447303145256,2.308426983530396,2.6150293066813686,3.032530510838756,3.509842567180166,4.055533925337259,4.636526118222523,5.300750737320457,6.0601315861831235,6.928300661883042,7.920842869301759,9.055575792970345,10.35286954877559,11.836012457337931,13.531629103433152,15.47015828623601,37.027053057716344,32.03107466506765,33.92714247378334,33.80803229127794,45.37502271261737,45.5636909804402,41.31304438261252,35.9884698877635,36.99370937944106,49.32604491297344,50.103418511204346,49.65339584031556,36.341230463925775,36.915276651288245,35.95894850000987,47.9079032470935,44.98330397327734,35.28981546246196,22.455682439701498,18.239050782236227,25.123443871700125,16.206667840949674,3.755273660466883,6.127768997297997e-12,6.434519192081547e-12,6.7566117510975144e-12,7.094812716714036e-12,7.449921305047993e-12,7.822797363147444e-12,9.964284361844622e-14,41.75371561,36.96553293,39.11302447,39.29841138,51.03613878,51.61506384,47.85795231,42.45084807,44.0716452,57.10814957,58.64652013,59.16999693,47.54811927,50.28067261,50.51363629,65.4024994,66.14693679,61.18880789,54.23279726,57.20780431,72.72230431,74.37456149,74.87087404,69.20698549,63.13047676,63.28509628,81.64402749,83.34745193,75.87495081,66.9444337,
1.9260504937258773,2.016667268226823,2.128175407706634,2.26539133973166,2.354568308977019,2.539231570411967,2.774748262750382,2.790845509225889,3.102515806612696,3.4690183644512964,3.88265233853994,4.412265746596223,5.26828484040892,6.360691255928033,7.124363543448343,8.666892312238438,10.585865821125589,13.050109002707844,16.132403231258184,19.92530908834558,24.519016012629912,30.171785218591005,37.127779630628964,45.68745303977478,56.22052775651709,69.18196421388629,85.13161230395302,104.75839325787541,128.91005656969207,158.62979726974706,1.3412801450387135,1.389914266776031,1.4455156696549718,1.5090824801919067,1.5234501704426031,1.589618788115854,1.6698494791704417,1.559978085166978,1.628883704078935,1.690381433563151,1.7263243620803053,1.7714776643034393,1.960359374728181,2.202840053933901,2.0551829042672707,2.2904153050277345,2.5946253400482333,3.0088689590546034,3.482456751485739,4.023890310988193,4.600349267749697,5.259391223337759,6.012846944913153,6.874242064846212,7.859039885603408,8.984918968646614,10.272090490471845,11.743661062792615,13.426047530020961,15.349451190267644,37.78576018123744,33.61206061499928,35.55500816264063,35.81610488007878,45.80820315058285,46.390334761474776,42.61030106808189,38.161014565609975,39.66790000931136,50.67544223198869,51.48633000938307,51.729970269103816,40.387788514866536,41.737291580141886,41.7096376922884,52.98694990273805,51.562029658830596,44.103085488242186,34.695854767260926,33.28153128067131,41.98149166962574,36.97616144807685,30.14060693446379,15.484001415385169,6.436209193923441e-12,6.75662284820509e-12,7.094824381671577e-12,7.449927913228795e-12,7.822806501420608e-12,9.964283361119136e-14,41.05309082,37.01864215,39.12869924,39.5905787,49.68622163,50.51918512,47.05489881,42.51183816,44.39929952,55.83484203,57.09530671,57.91371368,47.61643273,50.30082289,50.88918414,63.94425752,64.74252082,60.16206345,54.31071475,57.23073068,71.10085695,72.40733789,73.28123351,68.04569652,63.15577668,63.75559462,79.8236576,81.1428934,74.6017738,67.04061429,
0.5649948730380756,0.5915767374134177,0.6242869531182164,0.6645383890726856,0.6906978955761911,0.7448677090307725,0.8139550585678449,0.818677085201268,0.9101036187607048,1.0176148531798896,1.1389517939484368,1.2943105767107592,1.5454184271032356,1.8658690207157846,2.089887512720929,2.5423786850547403,3.105297568826972,3.8281679027296325,4.732339647966156,5.844964872564997,7.192500084603704,8.850704597018778,10.891202077476992,13.40212876751009,16.49194039585122,20.29409676167734,24.972826331335124,30.730219841697444,37.8149593077544,46.53305947088642,1.33211890647034,1.3804208464531995,1.4356424795141838,1.4987751147458972,1.5130446705102598,1.5787613419629645,1.658444039741147,1.549323091538308,1.6177580699089218,1.6788357563668528,1.7145331867722147,1.7593780820042022,1.9469696887792296,2.187794171582847,2.041145552743595,2.2747712644388782,2.576903477972177,2.9883177218974493,3.458670805483025,3.9964062546198904,4.568927869844429,5.223468423839361,5.971777877022138,6.827289478717394,7.805360913632719,8.923549994764652,10.201929851825833,11.663449273286663,13.334344670698242,15.244611060658787,38.99921632049361,35.331558396135506,37.44370974736984,38.330612176183756,47.06491082391602,47.79266964900887,44.40282116169372,40.47103017326327,42.884506461333366,52.67927453045639,53.761986759282635,54.39816782128848,44.490524294121165,46.729153417705184,47.91930083453948,58.601308850510584,58.54400339320526,53.11584972537754,46.53770649655568,47.93775720282022,58.754783225557205,57.724645979147475,55.83384163550677,47.55644662377873,39.46364813052256,35.99267335356484,43.99253008684624,38.06729086502342,23.16760386155525,5.778921578454962,40.8963301,37.30355598,39.50363918,40.49392568,49.26865339,50.1162987,46.87522026,42.83903035,45.41236815,55.37572514,56.61547174,57.45185648,47.98291241,50.78281661,52.0503339,63.4184588,64.22620444,59.93233535,54.72871695,57.77912833,70.51621118,71.798819,72.69682159,67.78586487,63.76094944,65.21032011,79.16728627,80.46095998,74.31690784,67.55659211,
0.018797845342778764,0.019682245890988208,0.020770541741606138,0.022109740208714857,0.02298008856223553,0.024782362926409764,0.027080956017630366,0.027238061737691634,0.030279897903098475,0.03385688533018062,0.03789386540872259,0.043062780226134904,0.05141734548201696,0.062079000987560626,0.06953228095095497,0.08458703539636464,0.10331581086432709,0.12736630298033133,0.15744884255962607,0.19446680129617208,0.23930040903077737,0.2944702405789228,0.36235927442755084,0.445899876013004,0.5487004568670567,0.6752013345644807,0.8308665256098264,1.0224197554707557,1.258134879858875,1.5481932615715988,1.3398878814264246,1.3884715204079503,1.4440152084162827,1.507516035901439,1.521868812330886,1.5879687462477996,1.6681161569584877,1.5583588106761272,1.627192904794216,1.6886267989556503,1.7245324183158184,1.7696388509122811,1.9583245000343752,2.200553481615561,2.0530496017019617,2.288037828631014,2.591932090273506,3.0057457198257724,3.47884192289501,4.019713468379621,4.595574054373879,5.253931917129336,6.006605543339716,6.867106525619487,7.850882115356287,8.975592523469832,10.261427947031594,11.73147101283679,13.412111144321038,15.333518290313924,41.144350393232834,37.6802227437032,40.655619449844345,42.30074330389219,49.59783438910935,50.349667590828396,47.0216235670266,43.30310352758902,47.49658730730568,55.39965675571734,57.00652600627877,57.75549273886506,48.268954044487245,51.884095697400696,54.216370367351075,63.04589743597685,63.89683916886659,59.153802427198535,53.71096844455022,57.39230328032931,67.90524601660073,68.98142579229739,69.00576915223864,63.13598146837371,59.584964727783166,60.93244425197252,70.57173490736578,70.76755969169999,62.56637180582799,53.90718347811464,42.50303612,39.08837651,42.1204052,43.83036908,51.14268329,51.9624187,48.71682068,44.8887004,49.15406011,57.12214044,58.76895229,59.56819437,50.27869589,54.14672818,56.33895225,65.4185223,66.59208707,62.28691445,57.34725921,61.60648355,72.74012048,74.52982795,75.37473397,70.44898787,67.9845473,70.58323811,81.66402938,83.52145046,77.23661783,70.78889503,
0.0,0.0,0.0,0.0,0.0,0.0,0.0,0.0,0.0,0.0,0.0,0.0,0.0,0.0,0.0,0.0,0.0,0.0,0.0,0.0,0.0,0.0,0.0,0.0,0.0,0.0,0.0,0.0,0.0,0.0,1.2281932655538166,1.272726915749745,1.3236404171713951,1.3818477416464363,1.3950040538998765,1.4555938202644165,1.5290600493802804,1.4284522034420486,1.491548207225837,1.5478609003487078,1.5807733854192871,1.6221196932082307,1.7950762866447627,2.0171127779243565,1.8819049934042984,2.097304327781025,2.3758656094849924,2.755183252442855,3.188841604476114,3.6846254673667054,4.212481643558907,4.815958027343976,5.505887902586542,6.294656519788558,7.19642342945317,8.227376666729086,9.40602335032163,10.75352191234603,12.294061923134821,14.055298329410228,41.60147124444822,38.34969560425239,41.515517932830846,43.52167342835592,49.903360526102595,50.864370489738185,47.562140860622435,44.0735412865608,48.86601037277716,55.79332340965443,57.36707500458401,58.35595448679523,49.17055365335887,53.05358874207946,55.83646215659971,63.57207562222319,64.67443163051942,60.01039522756177,54.94192609552874,58.973126562638384,68.80657231644643,69.94074305266163,70.38748830741936,64.69571948021762,61.94822923055333,64.08403646327773,72.57115964968553,73.0221726876615,65.53610578687307,57.70075190058993,42.82966451,39.62242252,42.83915835,44.90352117,51.29836458,52.31996431,49.09120091,45.50199349,50.35755858,57.34118431,58.94784839,59.97807418,50.96562994,55.07070152,57.71836715,65.66937995,67.05029724,62.76557848,58.1307677,62.65775203,73.01905396,74.75670108,75.89337621,70.990376,69.14465266,72.31141313,81.977183,83.7756946,77.83016771,71.75605023,
0.0,0.0,0.0,0.0,0.0,0.0,0.0,0.0,0.0,0.0,0.0,0.0,0.0,0.0,0.0,0.0,0.0,0.0,0.0,0.0,0.0,0.0,0.0,0.0,0.0,0.0,0.0,0.0,0.0,0.0,1.073797800369749,1.1127331511520713,1.1572463457518136,1.2081364611267125,1.219638900974688,1.2726119628468542,1.3368427947839618,1.248882302980013,1.3040465446147385,1.3532802016491376,1.3820552772538341,1.4182039646000055,1.5694182846914353,1.7635426970495633,1.6453318049347636,1.8336534135462075,2.0771969176111154,2.4088307590211855,2.787974170392447,3.221433330576555,3.6829330121036206,4.210546728656036,4.813745918248385,5.503358888704052,6.291765201620492,7.193117903608942,8.223597594184412,9.401702891196237,10.748582508078576,12.288414904193258,41.298931929632296,38.01723321885006,40.741753744250424,42.716149128875635,49.411565299027785,50.342224827155746,47.23062117521876,43.68757946702283,47.95533728538825,55.091367218354016,56.79914744274947,57.751532685403454,48.76277390531219,52.09856423295424,54.81433943506925,62.808977226458,64.0694489023933,59.68712361098344,54.620302259612416,58.06121689942856,68.19445852790174,69.57390679134961,70.05679878175752,64.72964550130216,61.335422608386004,63.541360796397875,72.47186146582276,73.28444771881128,66.2512422319293,58.57579918580691,42.37272973,39.12996637,41.89900009,43.92428559,50.6312042,51.61483679,48.56746397,44.93646177,49.25938383,56.44464742,58.18120272,59.16973665,50.33219219,53.86210693,56.45967124,64.64263064,66.14664582,62.09595437,57.40827643,61.28265023,71.87739154,73.78445352,74.8705447,70.23300439,67.62718781,70.7344787,80.69545906,82.68615061,76.99982474,70.86421409,
0.0,0.0,0.0,0.0,0.0,0.0,0.0,0.0,0.0,0.0,0.0,0.0,0.0,0.0,0.0,0.0,0.0,0.0,0.0,0.0,0.0,0.0,0.0,0.0,0.0,0.0,0.0,0.0,0.0,0.0,0.9091158432817199,0.9420799117942014,0.979766383522653,1.022851785763023,1.0325901650915976,1.0774390647620442,1.1318191975217529,1.057348681141214,1.104052712417383,1.145735697442365,1.1700977115150804,1.2007024905236852,1.3287259732304437,1.4930786835654422,1.392997090147179,1.5524369380980783,1.7586296291219505,2.039402768432216,2.3603992186342975,2.7273813355684817,3.1181035665148054,3.5648003176958807,4.075490449231139,4.659341596027992,5.326834740238993,6.0899523602232435,6.9623935335611105,7.959819855536037,9.100136587679945,10.403814083409847,40.306922086720306,37.20183017820793,38.84783508647958,40.93468494423932,47.994404924910874,49.20353819524056,46.10984897248097,42.74673592886164,45.949698497585615,53.458128112560786,55.16768024848822,56.43993666947977,47.7351192567732,49.70619873643839,52.538642269856815,60.98205590190613,62.67861751088247,58.36145474157242,53.60121634137055,55.52558330443662,66.41520875349055,67.88185195230975,68.86020768077478,63.65644054397819,58.95700685976751,61.47732729978359,71.10140981644608,72.1064863744715,65.79774507232797,58.67465599659034,41.21603793,38.14391009,39.82760147,41.95753673,49.02699509,50.28097726,47.24166817,43.80408461,47.05375121,54.60386381,56.33777796,57.64063916,49.06384523,51.19927742,53.93163936,62.53449284,64.43724714,60.40085751,55.96161556,58.25296464,69.53331232,71.44665227,72.93569813,68.31578214,64.2838416,67.56727966,78.06380335,80.06630623,74.89788166,69.07847008,
0.0,0.0,0.0,0.0,0.0,0.0,0.0,0.0,0.0,0.0,0.0,0.0,0.0,0.0,0.0,0.0,0.0,0.0,0.0,0.0,0.0,0.0,0.0,0.0,0.0,0.0,0.0,0.0,0.0,0.0,1.4127572472969299,1.4639830916549954,1.5225475050384745,1.5895018043366376,1.6046351518357933,1.6743299091221668,1.7588361106508101,1.6431096468519075,1.7156872607511557,1.7804622172302325,1.8183205520005719,1.8658800832372624,2.0648273399095003,2.320229865731185,2.164704035368045,2.4124720204550147,2.7328934725024228,3.1692122214695644,3.668037607399011,4.2383242756585995,4.845502851995861,5.539665292611802,6.3332728287482984,7.240571876581823,8.277849781233723,9.463727198440552,10.819492362563166,12.36948324153428,14.141524438984886,16.167426686581724,44.13136382270512,43.04009287834715,43.27709925496377,48.46617367566572,50.82909851816669,49.61898467088043,50.443664729351916,49.464925813150955,54.41981267925184,55.7602883327729,58.43420031800273,56.9352729267662,55.17998816009414,55.27072360427264,62.17617124463597,63.4854590495492,63.001707727501994,63.574320278535076,61.624691552605846,61.28689297434649,68.4276815080095,70.87160016739382,68.07088381125762,68.24902899342439,64.03113418877278,71.14457555156629,71.44299827744402,73.26039002847325,68.62136014102303,64.42927861341846,45.54412107,44.50407597,44.79964676,50.05567548,52.43373367,51.29331458,52.20250084,51.10803546,56.13549994,57.54075055,60.25252087,58.80115301,57.2448155,57.59095347,64.34087528,65.89793107,65.7346012,66.7435325,65.29272916,65.52521725,73.27318436,76.41126546,74.40415664,75.48960087,72.30898397,80.60830275,82.26249064,85.62987327,82.76288458,80.5967053,
0.0,0.0,0.0,0.0,0.0,0.0,0.0,0.0,0.0,0.0,0.0,0.0,0.0,0.0,0.0,0.0,0.0,0.0,0.0,0.0,0.0,0.0,0.0,0.0,0.0,0.0,0.0,0.0,0.0,0.0,1.2876626792472299,1.3343526595103037,1.387731404931854,1.4487571420755498,1.4625504861366239,1.5260740235798511,1.6030975052017498,1.4976182031346603,1.5637693306165317,1.622808697901717,1.6573148134254463,1.700663119394609,1.8819943127369976,2.1147818643955016,1.9730272863880458,2.198856308408076,2.4909055944556844,2.888589889033396,3.3432460829063437,3.863035919833492,4.416451019196017,5.049147874814023,5.772484320765755,6.599445304365104,7.544875984960502,8.625748226260983,9.861465266116495,11.274210033020692,12.889343362126972,14.735859259337758,42.28875479075481,41.74224448049183,41.54022025507038,46.527560137926805,48.82678791386584,47.867724396422744,48.34402884480097,47.97111484686818,52.239810979386476,53.80056952210144,56.13104392657789,54.922940210608886,53.526680097266656,53.07006545560834,59.695069623615986,61.274176671596166,60.80938348554876,60.97133247097126,59.85520323709855,58.92458768017165,66.16044225080938,68.23710731519165,65.8763054792402,65.62867733564113,61.74309373504604,68.63401245374587,69.3739477038907,70.85363730698687,66.29782558788096,63.27568753066244,43.57641747,43.07659714,42.92795166,47.97631728,50.2893384,49.39379842,49.94712635,49.46873305,53.80358031,55.42337822,57.78835874,56.62360333,55.40867441,55.18484732,61.66809691,63.47303298,63.30028908,63.85992236,63.19844932,62.7876236,70.57689327,73.28625519,71.6487898,72.22812264,69.28796972,77.25976068,79.23541297,82.12784734,79.18716895,78.01154679,
0.0,0.0,0.0,0.0,0.0,0.0,0.0,0.0,0.0,0.0,0.0,0.0,0.0,0.0,0.0,0.0,0.0,0.0,0.0,0.0,0.0,0.0,0.0,0.0,0.0,0.0,0.0,0.0,0.0,0.0,1.1451533154617133,1.1866759801772566,1.234147145009346,1.2884189868083584,1.300685781472375,1.3571789847664972,1.4256780542582725,1.331872452510671,1.3907024428321122,1.4432077520866415,1.473894975714808,1.5124457989236124,1.6737085431184344,1.8807328211970633,1.754666633519703,1.955502502619285,2.2152298470439598,2.5689012671933367,2.9732393412867655,3.4355025292269525,3.927669574273297,4.490344033640812,5.1336267369650725,5.869065549775809,6.709862674575582,7.671111649687123,8.770068300345303,10.026460506002222,11.462842344621663,13.104998971371037,41.31210918454032,40.30108068982488,40.747050934992885,45.09441900319399,47.57363839853009,46.51950704523609,47.23867705574444,46.31225210749217,50.62585260717088,52.5579160579165,54.68844617428848,53.37198434107984,51.691268126885184,52.08704147880675,57.8651939664843,59.88870877738491,59.14081409296045,59.6509333128113,57.89419359871808,57.96737279077814,64.83810533573207,66.73382213636482,64.31449679304083,64.50405231023036,61.04999701543091,67.0225531803197,68.43203454966188,69.7905178740053,65.69059553538624,62.02916401862914,42.4572625,41.48775667,41.98119808,46.38283799,48.87432418,47.87668603,48.66435511,47.64412456,52.01655505,54.00112381,56.16234115,54.88443014,53.36497667,53.9677743,59.6198606,61.84421128,61.35604394,62.21983458,60.86743294,61.40287532,68.76577491,71.22416617,69.44812353,70.37311786,67.75985969,74.69366483,77.20210285,79.81697838,77.15343788,75.13416299,
0.0,0.0,0.0,0.0,0.0,0.0,0.0,0.0,0.0,0.0,0.0,0.0,0.0,0.0,0.0,0.0,0.0,0.0,0.0,0.0,0.0,0.0,0.0,0.0,0.0,0.0,0.0,0.0,0.0,0.0,1.0123313623773218,1.0490379720281655,1.0910031380188274,1.13898019646621,1.149824212535115,1.1997649852540408,1.2603191096703241,1.1773936608822848,1.2294001856389607,1.275815604895071,1.3029435348269283,1.337022995500717,1.4795814907932259,1.6625938146828187,1.5511495619369038,1.728691246735537,1.958293809884092,2.270944234730817,2.6283846821201595,3.037031730952827,3.4721142028820142,3.9695262038216246,4.538197006811399,5.188335084626487,5.931611366796886,6.781368749864956,7.752861621896561,8.863529701061234,10.133311104084449,11.585000264608668,40.440031467624706,39.46696043797397,40.04450855198341,44.556931883536144,46.653591607467355,45.73903124474855,46.252223780332386,45.350773439120566,50.01679408436403,51.44522446510808,53.62879806517638,52.47223775450276,50.6354395092104,51.21803160532099,57.1857459480671,58.64951778326867,58.19580378012032,58.47624027527382,56.81336426788469,57.12891900905227,63.663584447123334,65.69401366618398,63.54945878319449,63.51915672537967,60.463266053209594,66.80608923014185,67.6191838281106,69.20454121894629,65.19402073592344,61.78931237539149,41.45236283,40.51599841,41.13551169,45.69591208,47.80341582,46.93879623,47.51254289,46.5281671,51.24619427,52.72104007,54.9317416,53.80926075,52.115021,52.88062542,58.73689551,60.37820903,60.15409759,60.74718451,59.44174895,60.16595074,67.13569865,69.66353987,68.08765579,68.70749181,66.39487742,73.58745798,75.37204545,78.06807092,75.32733184,73.37431264,
0.0,0.0,0.0,0.0,0.0,0.0,0.0,0.0,0.0,0.0,0.0,0.0,0.0,0.0,0.0,0.0,0.0,0.0,0.0,0.0,0.0,0.0,0.0,0.0,0.0,0.0,0.0,0.0,0.0,0.0,0.8777597406787332,0.9095868531892622,0.9459734896074016,0.987572843283858,0.9969753384413775,1.0402773651691843,1.0927818854478453,1.0208799142860283,1.0659730877078426,1.1062183946141328,1.1297401441391293,1.1592893408500242,1.2828971954616284,1.441581254780998,1.3449515522687006,1.4988921975950957,1.6979731445838058,1.969062203004451,2.278987239478445,2.6333118617742,3.0105577833443773,3.441847621021566,3.9349236582903027,4.498637331299713,5.143108125090423,5.8799052331539965,6.722255241379724,7.68527956461941,8.786265898203837,10.044978557362693,40.08819046932331,38.866563256812874,39.96739985039484,44.096248486718494,46.19763426156109,45.4414924148334,45.86223667455488,44.65765279571682,49.49378513229516,51.27084105538901,53.10241157586416,52.12604967915344,49.88046985454201,51.15348031522281,56.605170947735296,58.485376692409105,57.87042528542061,58.06529930700017,56.0773169705264,57.20773309823089,63.68711119666097,65.33448375898406,63.489786721715596,63.40262319870647,60.89322631491608,66.72185839685282,68.15802215862743,69.3885459353881,65.65715577180406,61.989471732637455,40.96595021,39.77615011,40.91337334,45.08382133,47.1946096,46.48176978,46.95501856,45.67853271,50.55975822,52.37705945,54.23215172,53.28533902,51.16336705,52.59506157,57.9501225,59.98426889,59.56839843,60.03436151,58.35630421,59.84104496,66.69766898,68.77633138,67.42471038,67.90126053,66.03633444,72.60176363,74.8802774,77.0738255,74.44342167,72.03445029,
0.0,0.0,0.0,0.0,0.0,0.0,0.0,0.0,0.0,0.0,0.0,0.0,0.0,0.0,0.0,0.0,0.0,0.0,0.0,0.0,0.0,0.0,0.0,0.0,0.0,0.0,0.0,0.0,0.0,0.0,0.7710157565029797,0.7989723875631328,0.8309340607914324,0.8674745349764147,0.8757335967457376,0.9137696826453209,0.9598891508168447,0.896731147413184,0.9363405594284309,0.9716916518880303,0.9923529315797432,1.0183086631999803,1.1268846198272258,1.2662711790085355,1.1813925730182826,1.3166125627401957,1.4914833614728185,1.729605396206666,2.001840582422241,2.313075939942453,2.644445147400274,3.023286013594015,3.4563992862468234,3.9515599821684,4.5176569601801635,5.164852489133874,5.904764675503058,6.750676025389382,7.717771884937052,8.823413039509495,39.89514993349905,38.354255062439,40.3589501892108,44.10399641502593,46.520272813256724,45.69173702735727,45.65151751918587,44.06644341258966,49.49742106057456,51.51239415811514,53.471227388423586,52.4088787468035,49.235227890176404,51.68425139099529,56.624316286985746,58.790227127264025,58.23548928853161,57.865430963798,55.44056259758265,57.93240162006267,64.18951268260511,66.04653934641162,64.14779923375909,63.4528062578378,61.96498062982634,67.25598512087295,69.12852177450411,70.65205192461816,66.18088063507084,62.08292677049067,40.66616569,39.15322745,41.18988425,44.97147095,47.39600641,46.60550671,46.61140667,44.96317456,50.43376162,52.48408581,54.46358032,53.42718741,50.36211251,52.95052257,57.80570886,60.10683969,59.72697265,59.59503636,57.44240318,60.24547756,66.83395783,69.06982536,67.60419852,67.40436624,66.48263759,72.42083761,75.03328645,77.40272795,73.89865252,70.90633981,
0.0012004970647312102,0.0012569780200115436,0.0013264804523596145,0.0014120064155506117,0.0014675899478460612,0.0015826895799888822,0.001729485886092221,0.001739519214505495,0.0019337816590237423,0.002162220760872305,0.0024200366246744692,0.0027501418549812453,0.0032836940192799407,0.003964585148352741,0.004440578037724614,0.005402028043956647,0.00659811406154568,0.008134063776213148,0.010055241432804363,0.01241933955124304,0.015282572730644648,0.018805913817217995,0.023141548267685715,0.028476747337601607,0.035041956983576414,0.04312075163224173,0.05306208275413806,0.06529535130138503,0.08034895504057075,0.09887311190520721,0.6816448216204403,0.7063609089784201,0.7346178010881351,0.7669227504976253,0.7742244776530295,0.8078516775766162,0.8486252887380716,0.7927881341781505,0.8278062908888287,0.8590597236630242,0.8773260874709256,0.9002732061271655,0.9962637717715414,1.1194935831833963,1.0444535314702714,1.1639997339909136,1.3186006917578017,1.5291212297896628,1.7698007533682527,2.044959812011977,2.3379189408014804,2.672847134526621,3.0557568442035175,3.493521859247813,3.994000702049786,4.566177699946836,5.2203242670416214,5.9681832911104,6.823179935616315,7.800662641032125,40.32813706131687,38.0562029030037,42.36202567846175,45.27915820308918,47.6712050024016,46.64778588284599,46.156279495378556,43.72145620661019,50.810738537455144,52.543882965579236,54.79143105590769,53.500543512021295,48.86167807421282,54.279951501672045,58.13991862049599,59.99222522796932,59.49328159418505,58.56309950643874,55.0912416952038,60.97891797844187,65.65359471647324,67.90962697166178,65.7607638175347,64.45390296342079,65.53334554097314,69.54433584842776,71.07662474021141,73.08546571759574,67.62172533935102,62.30159015706285,41.01098238,38.76382079,43.09796996,46.04749296,48.44689707,47.45722025,47.00663427,44.51598386,51.64047861,53.40510491,55.67117718,54.40356686,49.86122554,55.40340967,59.18881273,61.16162699,60.8184804,60.1003548,56.87109769,63.03629713,68.00679623,70.60128002,68.83966221,67.97590157,69.5623882,74.1536343,76.35001109,79.11894436,74.52525423,70.20112591,
0.12323587355492337,0.12903387179055162,0.13616857725234646,0.14494816288825857,0.15065403702901017,0.16246947925680666,0.17753871311730873,0.1785686748123422,0.19851049953848693,0.2219606962090743,0.24842653617269853,0.2823131716481573,0.33708445679843935,0.4069806819140518,0.45584327496071486,0.5545400022400272,0.677323063985719,0.8349945072439838,1.0322111550141546,1.2748953775370744,1.568817830512002,1.9305030269127417,2.3755734186823707,2.923253156756291,3.5971984495538742,4.426519357574606,5.447037158990427,6.702831596263368,8.24814483479559,10.149724372262456,0.5720931748946602,0.59283697641579,0.6165525165430856,0.643665523913334,0.649793742214207,0.6780164924749205,0.7122371069671202,0.6653739107451785,0.6947640679298919,0.7209945548565605,0.7363252105487739,0.7555843460256995,0.8361476331183487,0.9395723666690046,0.8765924978763892,0.9769256396789635,1.1066796552091567,1.2833660454862363,1.4853643713135836,1.7163007981264442,1.962176528107248,2.2432761970733295,2.5646459552800858,2.932054859992566,3.352098438502457,3.8323170874910213,4.381331434179747,5.008997089199371,5.726581569217672,6.54696656534596,40.264767141552454,37.16294636179579,43.67216487620681,45.92912109320076,48.16583347075926,47.50748104827087,46.05853288991829,42.662602354445326,51.4988542625346,53.6205684589375,55.2832588832818,54.38679534232958,47.55734649008684,55.76263699142074,58.7178965471669,60.9568281380852,60.17600819080953,57.90742206727438,53.0639202236771,61.98588544434157,65.9509483413861,67.18439525601953,65.19152665604342,62.03624945325731,64.75480346195016,66.97413710494118,68.17776299683698,68.25532537454477,60.458057315994616,51.91256296239174,40.96009619,37.88481721,44.42488597,46.71773478,48.96628125,48.34796702,46.94830871,43.50654494,52.39212883,54.56352371,56.26801063,55.42469286,48.73057858,57.10919004,60.05033232,62.48829378,61.96001091,60.02578262,55.58149575,64.97708162,69.4819427,71.35817448,70.13174603,67.89155747,71.70410035,75.23297355,78.00613159,79.96715406,74.43278372,68.6092539,
1.049399871830423,1.098772010233204,1.159526714047743,1.2342881919784707,1.2828758590210279,1.3834887990830251,1.5118090002194724,1.5205795119185408,1.6903916592098438,1.8900789148006039,2.1154455086709665,2.4040029708685475,2.870401089847088,3.46559376842265,3.881677149027062,4.722116949300257,5.767660958053934,7.110292673751549,8.78966669791186,10.85621424339841,13.359074616620068,16.43896026839613,20.22890226016859,24.892601476636962,30.63149944101339,37.69347928079907,46.38357266930528,57.077135213269045,70.23605937775623,86.42872524143212,0.5060461362515236,0.5243951064395863,0.5453727338212548,0.5693555974944661,0.574776324972702,0.5997408138891368,0.6300107253368991,0.5885577935048121,0.6145549144980623,0.6377571429876451,0.6513179044504531,0.6683536103867063,0.7396160234795808,0.8311005737292664,0.7753916076679263,0.8641414843930207,0.9789156524894409,1.135203944417427,1.3138819584193022,1.51815722621969,1.7356470838424787,1.9842943455548043,2.268562593429917,2.5935548583496817,2.9651052268737126,3.38988357162732,3.8755152852719377,4.430718167457952,5.065458922080978,5.79113207419625,40.7987670819201,36.70046522332935,44.93535545213325,46.30261234052943,48.87202952600876,48.49934191703045,46.40442055444637,41.90133853457951,51.64435512629509,53.79747992221488,55.527601536881875,54.799384338748204,45.68500170667698,55.66040227785188,57.17804977330902,58.91970915631092,57.94902229946103,53.82332218183564,46.121740653673676,55.84297076038699,56.630711539542794,55.50470941605467,50.730658346407395,42.716156635019544,41.68321755211941,36.38564783758045,30.26577025542995,21.33912150928051,1.664657960170673,9.964287307526286e-14,42.35421309,38.32363234,46.6402549,48.10625613,50.72968171,50.48257153,48.54624028,44.01047584,53.9493017,56.32531598,58.29436495,57.87174092,49.29501882,59.95709662,61.83511853,64.50596759,64.69559891,62.0688188,56.22528931,68.21734223,71.72543324,73.92796403,73.2281232,70.20231297,75.27982222,77.46901069,80.52485821,82.84697489,76.96617626,69.40394637,
2.491941016588116,2.6091817939744852,2.7534520025481117,2.9309831785252642,3.0463611232475976,3.2852800700382905,3.5899936316199166,3.6108203902522122,4.014062153767961,4.488246376631046,5.023409639091462,5.708628110138621,6.8161531193755005,8.229518118104092,9.217564019653743,11.213301265762661,13.696086017314713,16.884345452379343,20.872244751145388,25.779539605627317,31.722917902353416,39.03652026507813,48.03624682623555,59.11082733507078,72.73861175865667,89.50823189438702,110.14402644144333,135.53732772922905,166.78496148628466,205.2366225897088,0.6424013245862622,0.665694463114933,0.6923245560082077,0.7227696523884812,0.7296510062073929,0.7613422288028869,0.7997684311116153,0.7471459202192865,0.7801480197614367,0.809602137177428,0.82681687413923,0.8484428866205734,0.9389071057591266,1.0550423591471019,0.984322495827469,1.0969862121980463,1.2426865196039694,1.4410870182137645,1.667910196273158,1.927227861629184,2.203320815635087,2.518966601337426,2.87983152232167,3.2923936317989324,3.7640590231373148,4.303294780071632,4.919780973242244,5.624584431623224,6.4303574082911945,7.351564706875989,40.86555595882765,36.12482930291271,45.49717914144591,46.5088897290886,48.79038371054747,48.063874561161406,46.04275642727118,40.88826124953134,51.461249196473574,53.418413616194655,54.55473878677259,53.18087583324425,42.92409277486899,53.632709802752615,54.27648277452279,54.93388568204351,51.84308310308573,46.15508823941152,35.26386070258629,43.87856939274859,40.843858272016845,35.049106133590044,24.673452231448678,10.526823193136488,2.493831518212537,6.756625284335362e-12,7.094817780681087e-12,7.449924723598236e-12,7.822813284182617e-12,9.964283437368159e-14,43.9998983,39.39970556,48.9429557,50.16264256,52.56639584,52.11049686,50.43251849,45.24622756,56.25545937,58.71626213,60.4049653,59.73794683,50.679153,62.91727028,64.47836929,67.24417316,66.78185564,64.48052071,57.80401565,71.58533686,74.77009699,76.604593,75.58953058,72.93004416,78.9965023,80.78055963,83.94304762,85.84652474,79.95671931,71.3527107,
3.8167019733005962,3.9962700703876286,4.2172369336022975,4.489146896624655,4.6658618454800775,5.031794429600169,5.498499236832078,5.530397877385848,6.148010262383224,6.874279402407851,7.693945143400091,8.743438158354538,10.439743512331878,12.604478930920251,14.117787920600655,17.17449521612185,20.97717328813483,25.860369156818074,31.968307916846992,39.48440955408121,48.58739534796039,59.78904112686652,73.57318525246272,90.53521324597448,111.40777457667168,137.09242836160615,168.6985848653472,207.59142481964363,255.45086636646616,314.344126613477,0.7928673546182802,0.8216163132818988,0.8544838222633417,0.8920599014279865,0.9005530358437769,0.9396671143212636,0.9870936687297098,0.922145684646016,0.9628776793654947,0.9992306681661853,1.0204775156320498,1.0471688667404364,1.1588220084306224,1.3021589655748989,1.2148747885297841,1.3539270901696274,1.5337539567695766,1.7786246823849203,2.0585753709515866,2.378631546846056,2.719392192401064,3.10896990578359,3.5543581768298655,4.063552376526833,4.645693285617133,5.311231184984723,6.072113453483598,6.941999040865048,7.9365036659062485,9.073480141405248,40.55758385208316,35.5443500363326,45.3792356641366,46.03217710194971,48.50190960867862,47.51834951608116,45.28482875444092,39.899044807970995,50.547229368254264,52.07613094942911,53.41643512097115,51.52854518490848,40.318674119241145,50.949201243508654,50.753392260873554,50.128264893712704,46.0385791951,38.552103620801624,25.18927868220625,31.927939829077843,25.033911129643883,15.895330707355503,0.4627685507131147,6.127772952263978e-12,6.4345272145735145e-12,6.756620339657689e-12,7.094819502543071e-12,7.449928450041276e-12,7.822812580610765e-12,9.964283062702121e-14,45.16715318,40.36223642,50.45095642,51.4133839,54.06832449,53.48981106,51.77042166,46.35158837,57.65811731,59.94964102,62.13085778,61.31915221,51.91723964,64.85583914,66.08605497,68.6566872,68.54950644,66.19109746,59.21616197,73.79098093,76.34069867,78.79334174,77.59031198,74.86477477,81.43049472,82.79471959,85.70633398,88.29933423,82.07785765,73.09585028,
4.7392206734237945,4.962191406783491,5.236567224862617,5.574199381389387,5.793627344268659,6.248007927262306,6.827517956154345,6.867126680603901,7.634019512063554,8.535832057803905,9.55361569723446,10.856777177454715,12.963089239084406,15.651053591563004,17.530138020827295,21.32566895535606,26.04747607032827,32.110968314452364,39.69523081281636,49.028017211103325,60.331246744356065,74.2403943862543,91.3562449982386,112.41809218787583,138.33567099222842,170.22845252424545,209.47399785574632,257.7674597107644,317.19480205603884,390.32290019952455,0.923010894404774,0.956478790257401,0.9947412671838526,1.0384851926159715,1.0483724146686346,1.0939067910672,1.1491180772276093,1.0735093432701637,1.120927205360118,1.1632472788399584,1.1879816452740397,1.2190541919187239,1.349034403077976,1.5158991027586595,1.41428784855261,1.576164596987316,1.7855087653549717,2.0705732798002403,2.3964758837327156,2.7690670056289517,3.1657610886929493,3.619285214229044,4.13778080371354,4.730555611441997,5.408250812334378,6.183032026590959,7.068807710371,8.081478832926338,9.239224322259666,10.562827403474639,40.50855209217346,35.282050002961235,45.48796232795576,45.61329292599699,47.82267278106517,47.049260781673084,44.94414311662075,39.37385871612878,49.81446281257935,51.517573713359305,52.07453442749483,50.276618630630054,38.68364302784125,49.319333115682184,48.18612571062413,47.205885657660865,41.87165912432122,33.48034598575207,18.354609873455814,23.84896884327289,14.457121396956387,1.8027154395223315,5.835623555494722e-12,6.127767952209566e-12,6.4345237244888634e-12,6.7566175967985955e-12,7.0948163313555e-12,7.449925912590674e-12,7.822805533627484e-12,9.96428390142463e-14,46.17078366,41.2007202,51.71927082,52.2259775,54.66467254,54.3911755,52.92077915,47.31449474,58.56940953,61.21665305,62.81613177,62.35245,52.99576667,66.48628581,67.13055158,70.10771921,69.70464396,67.66188758,60.44631657,75.64605306,77.95412923,79.66239504,78.89779741,76.52829714,83.4776208,84.10329828,87.51770355,89.27323413,83.90165732,74.61434107,
5.3411319199145275,5.592421358246138,5.901644654855445,6.282158248266977,6.5294549616756825,7.0415447761943755,7.694656274163457,7.739295559194215,8.603588670555839,9.619937160265097,10.766985812085325,12.235657110267152,14.609484235211687,17.63883720101143,19.75657733529962,24.034164901777935,29.3556716302751,36.18926605495686,44.73677825378378,55.25488803777551,67.99369979995532,83.66939788794416,102.9590706716582,126.69590676113775,155.90518334433202,191.8485515041552,236.07853135295122,290.50557082032105,357.48056459851216,439.8963975279881,1.0252023250398903,1.0623756291149549,1.1048743477590937,1.1534613951398291,1.164443283975619,1.2150190126436478,1.2763430330676928,1.1923632552380035,1.245031000286009,1.292036553514468,1.319509392817152,1.3540221458714736,1.4983931554634833,1.6837323308911347,1.5708711559107038,1.7506701375599714,1.9831919089118315,2.2998174273832257,2.6618024367839985,3.0756450975508276,3.516259286128789,4.019995472537644,4.595896458197434,5.254300508238672,6.007026938484423,6.867588289458839,7.851432896255932,8.976222208752606,10.262147840469435,11.732294037569982,40.41418264504762,35.096188072641034,45.31420384738771,45.69971581659555,47.83009889435117,46.99940486116457,44.648653782771575,39.014754595570636,49.74059957916117,50.87352391622358,51.71710150510085,49.75414428386486,37.59568535932848,47.9368963981013,46.971979278793704,44.974347360666336,39.4740502508175,30.066349707664564,13.85503934943708,18.195220514678784,7.168544673921242,5.557407339984751e-12,5.835619909277852e-12,6.1277656304963536e-12,6.4345213916800404e-12,6.756615246826581e-12,7.094813446985329e-12,7.449922901552605e-12,7.822800316492844e-12,9.964284124222821e-14,46.78051689,41.75098506,52.32072285,53.13533546,55.52399714,55.25596865,53.61965309,47.94641341,59.58921925,61.78549763,63.80359671,63.34382354,53.70356275,67.25946593,68.29942777,70.7591824,70.81291379,68.55543319,61.25362004,76.52575365,78.67850376,80.91468199,80.15223389,77.53893292,84.44839599,85.56770369,88.33094584,90.67660276,85.00966599,75.61086856,
5.586937124536453,5.849791199865351,6.173245318112579,6.571270596892003,6.8299481973773055,7.365604990493408,8.048773451631787,8.095467089327052,8.999535991340737,10.06265803995587,11.262495226640912,12.79875651405815,15.281829969356084,18.450597339592097,20.665798378207306,25.140245580963473,30.70665433957491,37.85473885756428,46.795617671660025,57.79778330120206,71.12285023902504,87.51996248301758,107.69736881025486,132.5266021555103,163.08012417488646,200.677648625511,246.94314443050737,303.874980591507,373.93224275345,460.1409497367913,1.1205370534086654,1.161167145241628,1.20761786799169,1.260723080081136,1.272726187230194,1.328005010338076,1.3950316210575344,1.3032424683246502,1.3608078467912612,1.4121844997913529,1.442212069617437,1.4799342027690625,1.637730436482803,1.840304512294435,1.7169482484936371,1.9134669416162946,2.167611176525086,2.513680061501641,2.909326467976839,3.361652827705316,3.8432402300163555,4.393819416414449,5.023274088692196,5.7429038789941576,6.565627194743152,7.5062131229507685,8.581546556933692,9.810931304848248,11.216436621284773,12.823293382670778,40.225541672056906,34.991818274895145,45.169608843897976,45.82911843302921,47.999089545394966,47.18825005917111,44.35064175731339,38.83685876235114,49.81851354187099,50.86809157025593,51.76281133374493,49.782636393176226,37.10787743416475,47.26391181811728,46.592507203303065,44.34386805742443,38.740755183904426,28.410496890938713,11.918083820368002,15.702355101097748,4.42226058096397,5.55739046074432e-12,5.835618486299381e-12,6.127764244630371e-12,6.434519906039999e-12,6.756613678891673e-12,7.0948115625860274e-12,7.449920836474788e-12,7.822796598782556e-12,9.96428471607756e-14,46.93301585,42.00277662,52.55047203,53.66111211,56.10176393,55.88186006,53.79444683,48.23556832,60.17885738,62.34293411,64.46751863,64.06132711,54.02743784,67.55481367,68.97525383,71.39758058,71.6150207,68.77891581,61.62302796,76.86179123,79.38835105,81.75665696,81.06012847,77.79170068,84.81922324,86.41440016,89.12787867,91.62015748,85.28678747,76.06686209,
5.416116242328995,5.670933541148933,5.984498033541958,6.370353669501639,6.621122189405356,7.140401249262451,7.802681800509119,7.847947777894847,8.724374727981049,9.754991766750791,10.918143871401398,12.407433893066372,14.81458725319139,17.88646940248645,20.033940558475763,24.371581314062738,29.767796846282312,36.697328322374375,45.364839319240474,56.03061318400372,68.94826553328662,84.84403524974786,104.4045163686559,128.47459466168345,158.09394121612132,194.54191947492168,239.3928454301042,294.5839878510576,362.49924571605135,446.07211716865356,1.2132143870419676,1.2572049108792984,1.3074974781419717,1.3649949139811897,1.3779907736345094,1.437841595425024,1.5104118403733195,1.4110309940807568,1.4733574875588247,1.5289833987129127,1.5614944875788215,1.6023365414049289,1.7731837796824903,1.9925123440247265,1.8589535353091962,2.07172588861409,2.3468898747019904,2.7215814111254675,3.149950924705582,3.6396882748374297,4.161106788687177,4.757223256332818,5.4387388403780665,6.217887742489315,7.108656825211941,8.127036696613237,9.291308765088537,10.622373417384283,12.144125211113568,13.88388181701867,40.10878869063107,35.6081850579739,45.974086398318306,46.409685536519525,48.60495176696259,47.31022085531512,44.25796351912029,39.589309448027244,50.523824944463094,51.83245344453942,52.56508292102306,50.059126885532145,38.12595884712975,48.59576451349263,47.704386416219016,45.84010971732733,39.508796819020105,29.07439110650478,13.891013926058772,18.238160801163957,7.263957288031547,5.557401368444761e-12,5.835618352649998e-12,6.12776372190843e-12,6.434519514518241e-12,6.756613055020602e-12,7.094810839937532e-12,7.449919896007504e-12,7.822794613289294e-12,9.964283969053091e-14,46.73811932,42.53632351,53.26608191,54.14503412,56.60406473,55.8884637,53.57105716,48.84828822,60.72155716,63.11642861,65.04472128,64.06889732,54.71372988,68.47474626,69.59728051,72.28341692,71.62348354,68.49330084,62.40580417,77.90846226,80.37332961,82.48865595,81.06970745,77.46865874,85.97425518,87.19369504,90.23369644,92.44046821,84.93262103,77.03311338,
4.950211658980057,5.183109090846446,5.469700171361853,5.822363774274007,6.051560710859467,6.526170401892137,7.131480325020233,7.172852437246834,7.973887480153419,8.915848888106446,9.978944444403567,11.340122916023379,13.540208382268819,16.347841407499857,18.310583024937976,22.275091702384746,27.207114548053205,33.54055459428635,41.46246986923885,51.21075365324643,63.017205066957985,77.54559054803697,95.42344201166073,117.42296655426378,144.49440078590794,177.8070548816369,218.79981918832095,269.24331494445147,331.31637362041545,407.70014829014366,1.3220913453673107,1.3700296911903542,1.4248356419146953,1.4874930445269285,1.5016551858242753,1.5668771732549462,1.6459600573701414,1.537660520056683,1.6055803522764067,1.6661982747973396,1.7016269918296891,1.7461343158997382,1.9323138217803069,2.171325491775181,2.02578077438117,2.2576478622119582,2.557505767335037,2.965823079410173,3.4326355674357396,3.966323198433178,4.534535141712078,5.1841486239811205,5.926825157512867,6.775896872484286,7.746605848215898,8.85637773079196,10.125134548898211,11.575652343379062,13.233970030487955,15.129856838524281,40.164795485654665,36.43812114796533,46.925714126725694,47.32546069120143,49.63539092331873,48.73171979485552,44.44858782761235,40.66021970269934,51.691923147573185,53.205811357099385,54.03585737377004,52.05599117808036,39.82638445595453,50.66797483072879,49.89112022068488,48.51962529540753,43.05877687461621,31.54578622630814,18.1781441433303,23.54192707832556,13.676597491335343,0.610765327987397,5.835620289478774e-12,6.1277637874286455e-12,6.434519649518459e-12,6.756612934936287e-12,7.094810627026679e-12,7.449919521107497e-12,7.822793493590263e-12,9.96428480680574e-14,46.43709849,42.99125993,53.82024994,54.63531751,57.18860682,56.82476737,53.22602821,49.37073266,61.27139098,63.78785852,65.71642881,65.14224841,55.29890666,69.18714173,70.22748402,73.05236486,72.82339719,68.0521639,63.07324958,78.71900393,81.2283377,83.3405045,82.42787441,76.96971525,86.8687115,87.98323412,91.19359871,93.3950877,84.38560526,77.85700145,
4.190515190224955,4.387670442006971,4.63027911392187,4.928820325258141,5.122842987414831,5.524615529017661,6.0370300685173355,6.072052907272676,6.750155127227886,7.547556099259484,8.447501068126053,9.59978292087925,11.462226832619834,13.838979515399476,15.500504138784123,18.856589692112234,23.031707460221682,28.393170474024895,35.099329438993976,43.35156875514559,53.34611391809021,65.64486480836005,80.77904760456333,99.40236073224877,122.31921039120954,150.51945568003916,185.2211640817087,227.92322406951672,280.4700873563578,345.1314372320856,1.390126195918271,1.4405314501021924,1.498157716291043,1.5640394702596119,1.5789303956686034,1.6475087080484023,1.730661199169777,1.616788565215396,1.6882035535381434,1.751940875723761,1.7891927553363318,1.8359904273102072,2.031750734776552,2.2830619507180936,2.1300274988733725,2.3738264722909856,2.6891150719973536,3.118444402191921,3.609279071415049,4.170430279980737,4.767882422719161,5.450925029486242,6.231819714239983,7.124584678877959,8.145246360467446,9.312127129234533,10.646174201911952,12.171335674921382,13.914990427735914,15.908439613816894,40.78713321385881,37.20046461789297,47.77968131978933,48.7739022244846,50.750299726919046,49.70880469293655,45.37887816231561,41.72484851751478,53.54117283923699,54.84319601501991,55.782488716540946,53.770857041814025,41.85304451260725,53.17805681388626,53.40860245234653,52.22831909560101,47.17454813778537,36.43895697378782,24.419520919595865,31.325523394878807,23.566192469196032,12.628662012159356,5.835590701097237e-12,6.127765783242787e-12,6.434521247876214e-12,6.756614272881642e-12,7.094811834413223e-12,7.449920613784338e-12,7.822795234606686e-12,9.964284694975341e-14,46.3677746,43.02866651,53.90811815,55.26676202,57.45207311,56.88092893,53.14656943,49.41368999,61.97953152,64.14269299,66.01918254,65.20663039,55.34702208,69.30009828,71.03913409,73.45873526,72.89537067,67.95057185,63.12812943,78.84752243,81.68018881,83.72445185,82.50934027,76.85481058,87.01053541,89.00009524,91.70088384,93.82535623,84.25962974,77.9247446,
3.1216285297234623,3.268494829166352,3.4492206152402143,3.671612068391224,3.816144816778351,4.115436090379384,4.497147591933785,4.523237055326162,5.028373808157588,5.622379440145151,6.2927728792497515,7.151138913628425,8.538523945297305,10.309031543019062,11.546746342214698,14.046785582234582,17.156944154213452,21.150843506728815,26.14644337920761,32.293760478426066,39.738968503213755,48.90064192909322,60.174505558291045,74.04751709466863,91.11890055455177,112.12602885327642,137.97627352712544,169.78619729183285,208.9297823016932,257.097777256907,1.4838414067852808,1.5376447258632537,1.5991558607087946,1.6694790261719323,1.6853738217466727,1.7585753338219001,1.847333541361279,1.7257841958001743,1.8020136180278308,1.8700477850655648,1.9098109962128806,1.959763528306646,2.1687209962519938,2.436974331307871,2.2736230780341464,2.533857733528738,2.870401480927599,3.32867400263148,3.8525982393069347,4.451579397407724,5.0893087133294745,5.818398565384271,6.651937182941741,7.6048878035017395,8.69435728469596,9.939903197406636,11.363884912773022,12.991864985611011,14.853068039665445,16.980905392356608,41.775700463493294,38.437865904972526,48.211714914053246,49.364536435439206,51.12625983147746,49.9048044358013,46.81744250670767,43.41196183887653,54.519853513817566,56.21107498479244,56.869387264540684,54.83229780806842,44.916763878454326,55.721039435676914,56.49749013975518,56.375113374240904,51.45561945486339,43.49068547064435,33.44501546149031,41.154360474171334,36.292639993462124,27.804173285528158,14.084213668773113,6.127812329536026e-12,6.43452881145655e-12,6.756617154186934e-12,7.094813964532513e-12,7.449922106800382e-12,7.822798179359291e-12,9.964283800069239e-14,46.3811704,43.24400546,53.26009139,54.70562753,56.62777847,55.77881586,53.16192364,49.66098309,61.35024094,63.70350221,65.07197114,63.94320025,55.62400882,68.46704531,70.31785956,72.95575669,71.48296509,67.97020298,63.44405708,77.89970035,81.12091721,82.52321378,80.91065641,76.87701418,85.96458616,88.09645948,91.07299964,92.47919525,84.28397261,78.3147226,
1.8480637381154081,1.9350113937276048,2.042004512417193,2.173664502169908,2.25923065096727,2.4364168038390352,2.6623973065565587,2.677842767406,2.976893377306667,3.3285560617868697,3.725441787709373,4.233610881841043,5.054969330938281,6.10314365989896,6.835894471452083,8.315965472646978,10.157238776608013,12.521703509290386,15.479194090426212,19.118523276967455,23.52622869172892,28.95011442240018,35.62445711346483,43.83754503046544,53.94413024112407,66.38075160114549,81.68459039819268,100.5166730954184,123.69042338241016,152.2067967967518,1.4910470619082146,1.54511165430015,1.6069214922428616,1.6775861527439213,1.6935581347448105,1.7671151193443113,1.8563043439923474,1.7341647448768354,1.8107643434078902,1.8791288899201477,1.919085194470032,1.9692803001414982,2.1792524826260755,2.448808477797212,2.2846639774893998,2.546162353736057,2.8843403850728424,3.344838315589697,3.871306771170735,4.473196630720799,5.114022812312494,5.846653184266193,6.68423953346284,7.641817760106306,8.736577794126827,9.988172179568977,11.419068866505352,13.054954543606868,14.92519575177935,17.063366056530672,42.69396665997841,39.82182245197437,48.10150384534219,49.70228062508852,50.81075699429039,49.90473924681924,48.2442391694538,45.315513337720006,55.27055192928845,56.81852068829615,57.28522174782391,55.82524557802095,48.464314256439295,57.97438931230768,59.71641246106255,60.17272285362122,56.300510658323596,51.593541475124574,44.17856108840794,52.09990722231691,50.344773155963956,45.00971462333928,36.17873035307826,24.820685659434478,20.847205074755614,9.872231119292382,7.0948877837881775e-12,7.449929899839799e-12,7.822807130610851e-12,9.964282949665758e-14,46.03307746,43.3019455,51.75042985,53.55353128,54.76354578,54.10827117,52.76294082,49.72752085,60.05820965,62.02620564,62.92974873,62.02813676,55.69853607,66.52634145,68.83697091,71.03485068,69.34208982,67.4600833,63.52906195,75.69162713,78.98502466,79.80648223,78.487427,76.30004845,83.52791311,86.2411549,88.67507136,89.43470466,83.65141729,78.41965177,
0.6110073113668167,0.6397539677670077,0.6751280603575273,0.7186575202426198,0.746947422502162,0.8055287542196541,0.8802424865109226,0.885349068774185,0.9842212588125799,1.100488066564244,1.231706527981094,1.3997175253949248,1.671275268399556,2.017822936303631,2.260085199252144,2.749426656703332,3.3581889129726945,4.13992885480564,5.117735156126855,6.3209711136241635,7.778247818548169,9.57149432250145,11.778167230312981,14.493580482944235,17.835022300833813,21.946821273429247,27.00658041707792,33.232848472098254,40.8945597892523,50.322650547419094,1.4281353070668539,1.4799187518887007,1.5391206470838108,1.6068037532724928,1.6221018293708516,1.6925552238153432,1.777981287139439,1.6609951246338641,1.7343627559877293,1.7998427969066384,1.8381132249336232,1.8861904483041794,2.0873032736259653,2.3454858915795365,2.188267140851155,2.4387321150288064,2.762641399292668,3.2037095387252936,3.7079647085856,4.284459026805765,4.898246826670846,5.599965322314819,6.402211387220444,7.319386511792188,8.367955331175743,9.566741189543645,10.937264046658276,12.504126792629373,14.295456905781032,16.34341138203299,44.03480160156837,41.55565039034643,48.991815642560915,50.615176456487255,51.80718610812946,50.733116311967606,50.151558366352376,47.60995976659482,56.65228927520272,58.41823667653228,59.185040307088606,57.73678042630438,52.42022662797811,61.46323853212068,63.60081365990073,65.0362769182721,62.09725523773907,60.176333906473715,55.2511510852924,64.2899927795752,65.40741390478638,63.779139755189384,59.034802282472484,54.55481829526978,56.44630095799697,53.74060529703396,49.719559996270995,42.73858891527992,28.535663764974565,12.429775220548086,46.07394422,43.67532311,51.20606435,52.94063773,54.17623536,53.23120029,52.80978214,50.15630396,59.37087329,61.31856754,62.25486006,61.0226884,56.17880517,65.82654736,68.049166,70.22443569,68.21808555,67.5199723,64.07685095,74.89542292,78.08390855,78.9505994,77.2151809,76.36778529,82.64927859,85.25416776,87.66340446,88.47556418,83.72568046,79.09583715,
0.0405552176565434,0.04246325850240442,0.0448111911665849,0.047700431094275186,0.04957815517756246,0.053466453425742945,0.05842552939527097,0.05876447551148744,0.0653270535896718,0.07304418824073237,0.08175372929583487,0.09290535128472506,0.11092982197270479,0.13393170073709784,0.15001170276173037,0.18249142754752595,0.22289763111465605,0.274785117405005,0.33968638231346154,0.419550395788723,0.5162762006269613,0.6353017849804034,0.7817682812206878,0.9620020909300616,1.1837881443703175,1.4567061589199803,1.7925444206607906,2.2058089617912002,2.714350127024889,3.34013359257421,1.3167970527214243,1.364543430241645,1.4191299114543767,1.4815364035474368,1.4956418327871914,1.560602639861744,1.6393688378922342,1.5315029842617986,1.5991508326511383,1.6595260117167598,1.6948128550452275,1.7391419502815897,1.9245759034495928,2.1626304552157083,2.017668569204451,2.2486071491660766,2.5472642783310744,2.953946490569816,3.418889635806761,3.9504401236257864,4.516376671696067,5.163388787657178,5.903091285451132,6.748762906962932,7.715584694861781,8.820912514524094,10.084588617205458,11.529297837476246,13.18097481918595,15.069269580257902,46.49005011962408,45.48111803125809,50.854050477381286,52.425147765360634,53.86278195203772,52.5841308667151,53.14471888271521,52.255585720229554,58.84327322376219,60.71355504004565,61.893738005662236,60.29918118843715,58.27587003458134,64.95939266405101,67.18454196803782,69.08466054329061,66.68717555055869,66.89019003202982,65.03183388188465,72.1517682805906,74.48710317768233,74.94695252736805,71.9330147633341,71.59653579211322,75.5446147307744,76.60905954656276,77.39827167214094,76.7520634407401,71.05308790379708,66.50480497716808,47.84740239,46.88812472,52.31799158,53.9543846,55.40800194,54.19819996,54.84251325,53.84585318,60.50775111,62.44612524,63.67030459,62.13122849,60.31137576,67.25595482,69.35222224,71.51575912,69.45733746,70.11892164,68.7904099,76.5217588,79.51975605,80.7456431,78.61787433,79.30730079,84.44398757,86.88667822,89.27540471,90.48717024,86.94841285,84.91420815,
6.994388269253162e-06,7.323460070138763e-06,7.728398167683175e-06,8.226693258303513e-06,8.550536454319984e-06,9.22113494265144e-06,1.0076405972913208e-05,1.0134862587774722e-05,1.1266682900387557e-05,1.2597624742020513e-05,1.409972275323804e-05,1.6022996219128424e-05,1.9131601070104043e-05,2.309863861291689e-05,2.5871889110131527e-05,3.147353099883401e-05,3.844221943316648e-05,4.739103653738674e-05,5.858428545001237e-05,7.235809684260682e-05,8.903999066017061e-05,0.0001095678339081872,0.00013482829612090493,0.00016591246524138938,0.00020416297553586913,0.00025123200067586946,0.0003091526169127126,0.0003804266187701395,0.0004681325803227574,0.0005760588296058643,1.2439129142300944,1.2890165507262132,1.3405816941798419,1.3995340143463562,1.4128587142732183,1.4742239692089312,1.5486304927749128,1.4467349667650005,1.510638536458956,1.567671975881887,1.601005707931165,1.6428812072168641,1.8180514725251777,2.042929809411745,1.9059915001195984,2.1241477311155057,2.406274319360399,2.7904468497787644,3.229655596143833,3.731784997935009,4.266397206645923,4.877597486175734,5.576357775616338,6.375221844321826,7.288530470917631,8.3326788812548,9.526411066697234,10.891156266185702,12.451413652423891,14.235192127866265,47.38539614138367,47.26327863581585,52.25855740742424,53.611399138962746,55.08193034519281,53.37369954965873,54.19009920082185,54.310233198375265,60.18198878686114,62.27874656649652,63.31814070234939,61.233165889790385,60.6339079758774,66.85995580195348,68.80428839799531,70.99526532535769,67.88368535842459,68.47429822918934,68.00224084957557,74.66375498397323,77.03643863336876,77.45171478599596,73.98385970609343,74.2279387132191,79.22310483611332,80.25519850675133,81.75061618069299,81.37048665720305,75.91742642500368,73.69225934330429,48.62931605,48.55230251,53.59914683,55.01094138,56.49479761,54.84793274,55.73873977,55.7569783,61.69263859,63.84643114,64.91916051,62.87606312,62.45197858,68.90290871,70.71030577,73.11944453,70.28999812,71.26479247,71.23195503,78.39561234,81.30292488,82.32942184,79.56035231,80.60332647,86.51183947,88.58812862,91.2773364,92.26202335,88.36930821,87.92802753,
0.0,0.0,0.0,0.0,0.0,0.0,0.0,0.0,0.0,0.0,0.0,0.0,0.0,0.0,0.0,0.0,0.0,0.0,0.0,0.0,0.0,0.0,0.0,0.0,0.0,0.0,0.0,0.0,0.0,0.0,1.153309173580837,1.1951275654776892,1.2429368231047717,1.2975951925726996,1.3099493521646304,1.3668449038120611,1.4358318282351576,1.3413581367494376,1.4006071181769018,1.4534863737380075,1.4843921538149933,1.5232175385521287,1.6856288067426424,1.8941275255065715,1.7671634860512586,1.969429721575573,2.2310068614312906,2.5871971529707083,2.994414949735277,3.459970406862157,3.955642698355514,4.522324562666887,5.170188768212694,5.910865425189442,6.7576507630644835,7.725745817344909,8.832529310401236,10.097869624955853,11.544481470616704,13.198333646142222,46.3103215464212,46.85504341452445,52.01337492689748,53.22115057742966,54.67052373783783,53.13184260619054,52.96680378176756,53.83897734325342,59.7400531618261,61.93327110626514,62.84374905618832,60.952481081451324,60.12046676326098,66.56805896449723,68.31048082395273,70.62357844842865,67.61141838857313,66.96931870703392,67.50085389026958,74.43420173314294,76.76192741164985,77.05757621733875,73.88356152179323,72.76033197481676,79.20083485694205,80.06976433266195,81.78763976960595,81.3242069950517,74.70654059939122,73.82033567385797,47.46363072,48.05017098,53.25631175,54.51874577,55.98047309,54.49868751,54.40263561,55.18033548,61.14066028,63.38675748,64.32814121,62.47569862,61.80609557,68.46218649,70.07764431,72.59300817,69.84242525,69.55651586,70.49526884,77.89417214,80.71757011,81.57990078,79.05375029,78.6711974,85.95848562,87.79551015,90.62016908,91.42207662,86.25102207,87.01866932,
0.0,0.0,0.0,0.0,0.0,0.0,0.0,0.0,0.0,0.0,0.0,0.0,0.0,0.0,0.0,0.0,0.0,0.0,0.0,0.0,0.0,0.0,0.0,0.0,0.0,0.0,0.0,0.0,0.0,0.0,1.0306835040099729,1.0680555527889541,1.1107814881270062,1.1596283030636836,1.1706689058690658,1.221515034450947,1.2831669198465196,1.1987381494805185,1.2516874792747812,1.2989443447013695,1.3265640657905617,1.361261339082129,1.506404219086776,1.6927342986178169,1.5792697185496951,1.7600299840089852,1.993794918209867,2.312113254860511,2.6760335940713635,3.092088838280227,3.5350587425694844,4.0414881224329156,4.620468126052723,5.28239229143584,6.039143125625006,6.904305413082122,7.893410082441398,9.02421300939724,10.317013760646578,11.795020000805632,44.82945037599207,45.224532967213186,50.484421281875235,51.648914346938675,53.096330074133405,52.11559251555165,51.2815466201562,51.96320721052233,57.97104630072824,60.412649795301796,61.03259405421275,59.78283605092135,58.038943720916876,64.63405925138602,66.30010308145432,68.91451523599524,66.36001537179456,64.89452646514414,65.24065443593352,72.37249883172491,75.04933529743592,75.04138038757273,72.7483378739532,70.73100133857037,77.23822532438153,78.13714000692474,80.33188046756578,79.5995778306103,73.02013004936134,72.04067442919455,45.86013388,46.29258852,51.59520277,52.80854265,54.26699898,53.33710755,52.56471354,53.16194536,59.22273378,61.71159414,62.35915812,61.14409739,59.54534794,66.32679355,67.8793728,70.67454522,68.35381029,67.20663972,67.91668803,75.46458767,78.58439404,79.08286851,77.368806,76.01339363,83.27736845,85.04144542,88.22529055,88.62379084,83.33714381,83.83569443,
0.0,0.0,0.0,0.0,0.0,0.0,0.0,0.0,0.0,0.0,0.0,0.0,0.0,0.0,0.0,0.0,0.0,0.0,0.0,0.0,0.0,0.0,0.0,0.0,0.0,0.0,0.0,0.0,0.0,0.0,0.7759846937279599,0.804121495872281,0.8362891513344548,0.87306511658543,0.8813774052299794,0.9196586209100177,0.9660753135419509,0.9025102780491002,0.9423749594024405,0.9779538777628528,0.998748312452904,1.0248713200334072,1.1341470121823622,1.274431870855915,1.1890062507983719,1.3250976878737584,1.5010954700876598,1.7407521212447092,2.0147417716710696,2.3279829363886946,2.661487706934898,3.042770075090819,3.478674617111297,3.9770264571743,4.546771739806646,5.1981382262648355,5.9428188978109535,6.794181861831012,7.767510328917632,8.880276968856734,48.100100706274084,50.24231457412986,51.20209648866779,53.215843213416925,49.60951581477249,48.96622798909257,55.05551054646077,57.71870604195376,59.71623930060056,59.98032486224029,57.02122060755039,56.16284749997007,64.5259919978213,65.6220832291479,68.33613093920563,68.48672109213045,62.42982591991676,69.88567335875992,72.8764013883338,73.7848164036164,74.96362412307046,70.5372093749148,68.8839198528946,77.0353213928319,79.44591715019986,81.90517336374202,81.20550270219623,75.66282597817651,81.05022771109026,83.56461655114346,48.8760854,51.04643607,52.03838564,54.08890833,50.49089322,49.88588661,56.02158586,58.62121632,60.65861426,60.95827874,58.01996892,57.18771882,65.66013901,66.8965151,69.52513719,69.81181878,63.93092139,71.62642548,74.89114316,76.11279934,77.62511183,73.57997945,72.36259447,81.01234785,83.99268889,87.10331159,87.1483216,82.45700784,88.81773804,92.44489352,
0.0,0.0,0.0,0.0,0.0,0.0,0.0,0.0,0.0,0.0,0.0,0.0,0.0,0.0,0.0,0.0,0.0,0.0,0.0,0.0,0.0,0.0,0.0,0.0,0.0,0.0,0.0,0.0,0.0,0.0,0.6867726725934535,0.7116746931656055,0.7401441551168323,0.7726921269347796,0.7800487832373159,0.8139289525437522,0.8550092938306862,0.7987520897108495,0.8340336796396296,0.8655222245141124,0.8839260018084143,0.9070457461503443,1.0037584258632601,1.1279152656751115,1.0523107055992922,1.1727562256112023,1.3285202094094906,1.540624443101534,1.7831145411758458,2.0603435556115692,2.35550654586377,2.6929543242899285,3.0787445721372393,3.519802788695206,4.024046614138627,4.600527962750801,5.2595955180262,6.013080506677428,6.874509086461647,7.859345160498603,46.318558427408576,48.21326759683653,49.26562172488541,51.301367153067574,47.88857054676515,47.71311020745884,53.022325006172046,55.38616200029201,57.56500547036338,57.69470993548904,55.042036098194906,54.72293016385312,61.9275401941404,63.15562141432873,65.88296729440472,65.89272528439304,60.86097939059493,67.34426717690312,69.99554698882903,71.07948922439355,72.21589974414161,68.2314397857157,67.31275678786866,74.391760771311,76.6878871758679,79.25812534725603,78.46038561198097,73.46795992333008,78.54368982354625,80.74353152950158,47.0053311,48.92494229,50.00576588,52.07405928,48.66861933,48.52703916,53.8773343,56.18491409,58.39903915,58.56023216,55.9259621,55.62997591,62.93129862,64.28353668,66.935278,67.06548151,62.1894996,68.88489162,71.77866153,73.13983278,74.57140629,70.92439411,70.39150136,77.91156356,80.71193379,83.85865331,83.71998113,79.48104043,85.41819891,88.60287669,
0.0,0.0,0.0,0.0,0.0,0.0,0.0,0.0,0.0,0.0,0.0,0.0,0.0,0.0,0.0,0.0,0.0,0.0,0.0,0.0,0.0,0.0,0.0,0.0,0.0,0.0,0.0,0.0,0.0,0.0,0.5791677994050328,0.6001681231381376,0.6241769346219602,0.6516252271431402,0.6578292282802694,0.6864009870058737,0.7210447808133854,0.6736020644517615,0.7033556665008905,0.7299105251450938,0.7454307629495919,0.7649280609459684,0.8464876105890438,0.9511913161447247,0.8874326250501262,0.9890065075840156,1.1203650885571685,1.299236419893078,1.5037326994973,1.7375249347294255,1.9864412156941633,2.2710170222811685,2.596360906501088,2.9683132669943277,3.3935511927300843,3.8797083265207055,4.435511900076794,5.070939400582758,5.797397681187012,6.627927730702137,44.893351660597006,47.154099116864,47.86909236538029,50.00798277285922,46.571675421722205,46.28015357299672,51.399386569189346,54.16692052555111,56.10943118350212,56.10681139485807,53.526819477053714,53.076154029057506,60.578992149414624,61.38799699385912,64.2297291949539,64.10264327242021,59.06930600144727,65.33936609011158,68.5574104505076,69.19008801527572,70.39022338431123,66.55616664772448,65.53156007350483,72.40260759301192,74.87713363727646,77.70115098348614,76.82047207993038,72.05987343942479,76.83537229882091,79.85486108929805,45.47251946,47.75426724,48.4932693,50.659608,47.22950465,46.96655456,52.12043135,54.84052259,56.81278685,56.83672192,54.27225024,53.84108209,61.42547976,62.33918831,65.11716182,65.09164978,60.18967109,66.63860251,70.06114315,70.92761295,72.3766646,68.82718367,68.12792098,75.37092086,78.27068483,81.58085931,81.25598398,77.13081284,82.63276998,86.48278882,
0.0,0.0,0.0,0.0,0.0,0.0,0.0,0.0,0.0,0.0,0.0,0.0,0.0,0.0,0.0,0.0,0.0,0.0,0.0,0.0,0.0,0.0,0.0,0.0,0.0,0.0,0.0,0.0,0.0,0.0,0.5112535968930676,0.5297913869005543,0.5509848842614942,0.5752145432557307,0.5806910526537745,0.6059124382919816,0.6364938418373911,0.5946143391938141,0.6208789831946869,0.6443199738899267,0.6580202821776745,0.675231293806055,0.7472270317577091,0.8396530024839218,0.783370764091536,0.8730339201737485,0.9889891702313023,1.146885744627321,1.3274024422170534,1.533779801785182,1.7535077357262585,2.004713698585056,2.2919072048633167,2.620243798110361,2.9956176004714172,3.424767120802156,3.915396220759853,4.476312410389476,5.117584955812779,5.850725637284677,43.91131495310897,45.946472783101584,46.76125498574074,48.82182094674663,45.46816467734869,45.202702981710615,50.28048769816533,52.778262300809054,54.77598173680832,54.831467936113235,52.25752562782562,51.838423286197404,59.034379688245934,59.98129541751991,62.71089775591247,62.660020699830454,57.71673281977311,63.95304543537732,66.85875943778781,67.66642645821995,68.89012475427911,65.10191963142056,64.1563507151426,71.01037834189586,73.36882367953508,76.12287964920468,75.39494366924731,70.72637495961804,75.60721173419512,78.3176046727155,44.42256855,46.47626417,47.31223987,49.39703549,46.04885573,45.80861542,50.91698154,53.37287664,55.39686072,55.47578791,52.91554591,52.51365458,59.78160672,60.82094842,63.49426852,63.53305462,58.70572199,65.09993118,68.18616188,69.20020626,70.64363249,67.10663333,66.44825792,73.63062214,76.36444128,79.54764677,79.31033989,75.20268737,80.72479669,84.16833031,
0.0,0.0,0.0,0.0,0.0,0.0,0.0,0.0,0.0,0.0,0.0,0.0,0.0,0.0,0.0,0.0,0.0,0.0,0.0,0.0,0.0,0.0,0.0,0.0,0.0,0.0,0.0,0.0,0.0,0.0,0.40340982761853644,0.41803725853891577,0.4347602022384178,0.45387886001905986,0.4582001552151076,0.4781013449464687,0.5022319110834281,0.46918646544770953,0.48991084875424,0.5084071998274478,0.5192175668121853,0.5327980898174792,0.5896070558821637,0.6625367039955947,0.6181266338741583,0.6888762551162846,0.7803719193452561,0.9049618102443084,1.0474003384023267,1.21024448376129,1.3836230350180876,1.581839643741159,1.8084525880117661,2.0675299016728985,2.363722401487547,2.702347176102895,3.0894830355694634,3.532079634873704,4.038082230411086,4.6165743089608515,43.6398530123835,45.49598675146322,46.379300107763825,48.51202097998329,44.641354784787346,44.97553422505612,49.979990848919286,52.258019204555175,54.42344795124879,54.029588030175724,51.305470193191134,51.573917990186025,58.46879997412151,59.51799067600826,62.321966066129896,61.770181294887955,57.47042804065921,63.63910832976037,66.31388891160258,67.26131039624387,68.06581133498733,64.1413851562645,64.12488489199418,70.93439118833335,73.196630878519,76.15101043390398,74.88015203443774,70.12029841513385,75.99743922959684,78.53354130103936,44.04326284,45.91402401,46.81406031,48.96589984,45.09955494,45.45363557,50.48222276,52.72720567,54.9133588,54.53799523,51.82468776,52.10671608,59.05840703,60.18052738,62.9400927,62.45905755,58.25079996,64.54407014,67.36128925,68.47155488,69.44943437,65.7232248,65.93333748,73.00192109,75.56035328,78.85335761,77.96963507,73.65237805,80.03552146,83.15011561,
0.0,0.0,0.0,0.0,0.0,0.0,0.0,0.0,0.0,0.0,0.0,0.0,0.0,0.0,0.0,0.0,0.0,0.0,0.0,0.0,0.0,0.0,0.0,0.0,0.0,0.0,0.0,0.0,0.0,0.0,0.34924736242881005,0.36191089047970026,0.37638858432661193,0.392940339752318,0.39668145076690403,0.41391067411999877,0.4348014308648149,0.40619272096627335,0.42413461457480883,0.4401476152124221,0.44950656459299393,0.4612637443027744,0.5104454453969773,0.5735834393244874,0.5351359380656523,0.5963865991056079,0.6755979053702053,0.7834601531460149,0.906774650864374,1.0477550741459074,1.19785553670931,1.3694592584004355,1.5656467770485305,1.7899399455998224,2.0463651545297314,2.3395256114417795,2.674683975377722,3.057856829245659,3.495922686284394,3.996745469438084,43.536116337573226,45.55360043952244,46.338474155675634,48.39701605025004,43.93579534923557,45.4033615058826,49.86643792913791,52.32272097903658,54.29191043542821,53.31974554479073,50.49371828541031,52.06231469570069,58.54987469460665,59.47942323067933,62.178801481938365,60.97155785089859,58.0412181046342,63.52921355685862,66.4566966691405,67.27871065585921,67.26073294329605,63.23590863160518,64.89516832295737,70.95026255440636,73.35387803547677,76.23049743856505,74.18254617462944,69.34180089076185,76.2526640737235,79.15606367056209,43.8853637,45.91551133,46.71486274,48.78995639,44.3324768,45.81727218,50.30123936,52.7289137,54.71604505,53.75989316,50.94322485,52.52357844,59.06032014,60.05300667,62.71393742,61.56794445,58.71681601,64.31267371,67.36347132,68.32646573,68.45858848,64.60536789,66.4608151,72.7402025,75.40024319,78.57002305,76.85723015,72.39965772,79.74858676,83.15280914,
0.001471171275043473,0.0015403869036664769,0.0016255599415855887,0.0017303693109822495,0.001798485176052545,0.0019395361436486227,0.002119430385097747,0.0021317259124991332,0.0023697884089359405,0.002649733320597663,0.0029656785271452418,0.003370212071488121,0.0040240634143310665,0.004858474009702329,0.005441788277218371,0.006620014924424403,0.0080857806003714,0.009968038513793227,0.012322381115426453,0.01521950876813756,0.01872831068947351,0.02304605402348802,0.028359237245677016,0.03489735537098563,0.042942812648266854,0.05284312059008797,0.06502590821356642,0.0800173928371728,0.09846510925198604,0.12116587902001064,0.3169377847910151,0.3284297843301845,0.341568117529932,0.3565886366901741,0.35998364998211224,0.37561896314589466,0.3945770738650833,0.36861501339906966,0.38489706625610287,0.3994286719199159,0.40792180602412637,0.41859130533456784,0.4632231081022347,0.5205200789150425,0.4856294335140801,0.5412136724099312,0.6130969810291095,0.7109806747953381,0.8228870997076809,0.9508251397919686,1.0870395059366766,1.2427678213531328,1.420805637105135,1.6243489924222263,1.8570517882790873,2.123091380263023,2.427243568217459,2.7749683288352567,3.1725078302272967,3.6269984879712234,44.57378324393598,46.26347241876829,47.09110189253072,49.2199544540012,43.43831268484429,47.172925380713046,51.05856591575253,53.1366964306913,55.21284523533798,53.49474135476265,49.92056791545202,54.08852003259743,59.46508410848709,60.4524752170791,63.23615808821274,61.17692449266987,60.31681900837496,65.06720174669552,67.52286695918178,68.41268369144501,67.52718487337923,62.56371796462901,67.5257820556551,72.74977927221299,74.66145098907917,77.66357298915374,74.56071625357617,68.6752355083351,78.30722497052864,80.63237559300896,44.8921922,46.59344259,47.43429557,49.57827346,43.80009482,47.55048388,51.45526242,53.50744317,55.60011209,53.89681976,50.3314554,54.51048155,59.93233128,60.97785377,63.72722931,61.72475818,60.93800177,65.78815046,68.35807644,69.37872834,68.63295269,63.82953184,68.97494693,74.40902562,76.56144559,79.83950749,77.05298573,71.53022123,81.57819791,84.38053996,
0.13764407841573484,0.14411995350614373,0.1520888178451366,0.16189487462768992,0.1682678548728448,0.18146470745809942,0.1982957709084313,0.19944615126625148,0.22171948781329984,0.2479113799651592,0.27747149136947236,0.3153200055730147,0.3764949122838927,0.4545631014665616,0.5091384973711767,0.6193744187561583,0.7565127445661012,0.9326184504269063,1.1528928149240878,1.4239506261897255,1.7522372200068697,2.15620908387333,2.653315179185406,3.265027261386524,4.017767320379191,4.944048838922082,6.083881163964425,7.486497650640311,9.21248222352205,11.336386208770259,0.279425703016645,0.2895575339449667,0.30114084198514596,0.3143835644607674,0.3173767512039517,0.33116150197311645,0.34787577104983664,0.32498652481414403,0.3393414685427078,0.35215314428294514,0.3596410491076997,0.36904772918411144,0.4083970067512496,0.4589124300247793,0.4281513671672946,0.4771567738289198,0.5405321270053195,0.6268305150707547,0.7254919336637746,0.8382874995717536,0.9583798231993994,1.0956764665880507,1.2526421053264376,1.4320945022419642,1.637255090365333,1.8718068023658136,2.139960184580115,2.446528982478387,2.7970165544370413,3.197714665072016,45.14277400856966,46.98708504255103,47.460622200171976,49.17421401091391,42.15482181392568,48.486050040571385,51.674350628044444,53.93309643392245,55.12004192364698,53.15988682575504,48.36179356952612,55.486279115246326,60.2116065509685,60.68085861851248,62.88276873546555,60.471479897419144,61.49687805843302,65.20712471450699,67.69346764141703,67.81790265424364,65.7480455367991,58.88772898954425,67.16968313549408,70.81853959637775,71.680452219262,73.13995133871897,68.63347199146266,59.70339786688886,70.78195718204884,71.34471223615793,45.55984379,47.42076253,47.91385186,49.65049245,42.64046642,48.99867625,52.22052217,54.45752911,55.68110288,53.75995135,48.99890611,56.17064685,60.99649847,61.59433415,63.8200586,61.56801109,62.79392293,66.76657368,69.57185239,70.08014078,68.45866258,62.13961454,71.07564042,75.51566136,77.33547463,79.95580698,76.85731334,69.6364245,82.79145596,85.87881311,
0.9918669945980567,1.0385323276603036,1.09595618209161,1.1666188955313566,1.2125427655238046,1.307639646279946,1.4289247499510784,1.4372144222805296,1.5977166947710724,1.7864561861499575,1.9994671576065264,2.2722045863804903,2.7130326377033196,3.2755941446680423,3.668865940577874,4.4632290058063315,5.451451533291158,6.7204740674545915,8.307777164075421,10.261027167394426,12.626669343389558,15.537701645884871,19.119861768053983,23.52787576702586,28.952141224865354,35.62695118780404,43.840614104495295,53.94790687891413,66.38539892892533,81.69030915034577,0.26681671959189934,0.2764913553271578,0.2875519707964477,0.3001971202271024,0.30305524050494537,0.31621795939913866,0.332178003150594,0.31032162584311723,0.3240288079463811,0.33626236146912786,0.34341237730656976,0.35239458435890075,0.38996824005853237,0.4382041731925597,0.40883119213109537,0.4556252476047357,0.5161408109725686,0.5985450156005033,0.6927543734909072,0.800460080428991,0.9151332815431651,1.0462344637338263,1.1961170849983733,1.367471757639394,1.5633745486913724,1.7873421998236818,2.0433952579978993,2.3361302501670926,2.6708021976585057,3.053418951493522,45.879651225812076,47.74976127701468,48.44941809711419,50.087612494243906,41.73405861397372,49.87215772432351,52.268680046901046,54.59797196187921,55.894547877285525,53.40389013238406,47.35605769509021,56.408924029264064,60.008174922241786,60.3475491321432,62.189654637295035,58.67240230659314,60.0267786257407,61.76078564694955,62.98329568243852,61.8255454521817,57.166545735072646,46.44344650038693,54.38220788695356,53.23667054534097,49.9174457764498,45.60756061237914,33.49898587751399,14.34725987092629,16.603692673424067,4.112403108160885,47.13833494,49.06478496,49.83292625,51.55442851,43.24965662,51.49601533,54.0297828,56.34550801,57.81629338,55.52660868,49.69893723,59.0335232,63.1111758,64.06134745,66.26735177,63.59125656,65.99437097,69.07980473,71.98382722,72.8870327,70.70834836,63.02738261,74.69818674,78.13201807,80.43296155,83.021854,79.38299524,70.631297,85.6598938,88.85613121,
2.331268717623186,2.4409501887861302,2.5759183208140555,2.7420028606179123,2.849941608543458,3.073455834198456,3.3585224506320204,3.3780063672118104,3.755248405713419,4.198858763178748,4.6995164289461835,5.340554228659829,6.37666960652474,7.698905400304007,8.62324529700519,10.490303858776187,12.813006677725708,15.795697453773744,19.526469900777197,24.117358250963964,29.67752673325364,36.51957166443721,44.93902495788433,55.299552325581004,68.04866127548576,83.73703053005943,103.04229577133661,126.79831910227735,156.03120647507288,192.0036288054355,0.2638194055096414,0.2733853601923243,0.2843217250578467,0.29682482385344855,0.2996508371322599,0.3126656912196198,0.32844644611705254,0.3068355947555924,0.32038879576648316,0.33248492236071553,0.33955461773251827,0.34843592220374836,0.38558749023390154,0.43328155986749084,0.40423854332214854,0.4505069327818613,0.5103426881130928,0.5918211963178561,0.6849722433365977,0.7914680267262665,0.9048530342029398,1.0344814772782196,1.1826803761280353,1.3521101177746522,1.545812213925382,1.7672639005569064,2.0204405593876174,2.3098870817947192,2.6407994562627963,3.019118043977895,46.46449074686921,47.97781769102369,49.14942721413035,50.291623435531,41.38716693432675,50.42156167458452,52.54493649325368,54.52951949803546,55.732396698523125,52.913615134463704,46.13889848332459,55.99456136913993,58.442174093245015,58.72741000983234,59.5227429196767,54.84741581844617,55.63352396416565,55.507810969913066,54.1599263158911,51.16196875231491,42.56882208254881,27.34901412829021,31.929700035993562,24.664826726650556,14.351862420595406,0.37761823939052347,7.094816720485118e-12,7.449921959612189e-12,7.822807406574185e-12,9.964257475183859e-14,49.05957887,50.69215324,52.00966726,53.33045112,44.53675938,53.8076832,56.23190539,58.21436146,59.8080339,57.44495882,51.17796953,61.68355152,65.20443119,66.85959697,68.55022676,65.78822661,68.95687333,71.89532962,74.37136846,76.07079503,73.15120185,64.90306727,78.05140537,81.31648917,83.94633591,85.88191267,82.12554307,72.73327293,89.15118282,91.80328872,
3.596351470187595,3.765552522424658,3.9737622566255184,4.229973981333083,4.396486606779375,4.741292723708586,5.1810531586006565,5.211110187851314,5.793065819789371,6.477405102172669,7.249748898806771,8.238651300326756,9.837023480376205,11.876781748029215,13.302722533544298,16.182956267558986,19.76609348146817,24.367366717996525,30.122674492381083,37.20484736368109,45.78228845599763,56.33722713009382,69.32556819998781,85.30832366231084,104.97584477172538,129.17764073244803,158.95907197972767,195.6065029627778,240.70286473619328,296.1960273030147,0.2926980456876129,0.3033111248708848,0.31544462436415127,0.3293163582324093,0.33245171729440637,0.3468912250664776,0.36439939930040444,0.3404229448507195,0.35545972897596506,0.3688799419723604,0.37672351214088545,0.3865769967883243,0.42779531177788954,0.480710149280737,0.44848797757478176,0.4998210747205729,0.566206671389858,0.6566041160774695,0.7599518185084954,0.8781050211203794,1.00390156756694,1.1477196156758984,1.3121409097903376,1.5001170526579235,1.7150224910178804,1.960715091856161,2.2416053967611975,2.5627357975972282,2.929871054814363,3.349601783331452,46.521227244126834,47.8584223727066,49.26092993901258,50.207770060436864,40.756665605928696,50.39483155122753,52.23461769210167,54.081242457300846,55.27060998123768,52.22235752585814,44.641830989055656,54.9788750828884,56.52834212784956,56.48241334269388,56.64561400888494,50.96495576772467,50.771583987146414,48.85076570593067,45.30082763911532,40.240976535203664,28.43263308644082,8.800864184235923,9.843870400227779,6.1278630822171475e-12,6.4345247260941784e-12,6.7566166304658774e-12,7.094813514864462e-12,7.44992253529337e-12,7.822801751802739e-12,9.964281284684129e-14,50.41027676,51.92728602,53.55013682,54.7670604,45.48560393,55.4830155,57.78007025,59.63277559,61.41913553,59.06864257,52.2683034,63.60410338,66.79316092,68.83990524,70.39682452,67.64773311,71.10388414,73.87473654,76.18345395,78.32392892,75.21882311,66.28581093,80.48157951,83.55527745,86.43273473,88.19538931,84.44682439,74.28283717,91.60567422,94.0401093,
4.468773557505125,4.679020301853388,4.937738661926087,5.256103590934604,5.463009735607479,5.891460756196661,6.437900618755514,6.4752490421913045,7.198378569770632,8.04872851883081,9.008431585762017,10.237227196952743,12.223341010485045,14.757914698777743,16.529767792031027,20.108703960171376,24.561057676754785,30.278532273079865,37.42999324976016,46.23019732305523,56.88839974352183,70.00381163774053,86.1429336368405,106.00287101453347,130.44144410840326,160.5142405883786,197.52020998979475,243.0577698988116,299.09384721308254,368.048836611827,0.30830633324999496,0.3194853608372806,0.33226588600092355,0.34687733786318453,0.3501798917068754,0.3653893943350322,0.3838312017864048,0.35857618944646175,0.3744148185245457,0.38855067191103687,0.3968125048609838,0.4071914321074924,0.4506077368775586,0.5063442877885737,0.4724038506917802,0.5264743140534508,0.5963999599238856,0.6916178990848173,0.8004766757516327,0.9249304642060026,1.0574351820948422,1.2089224083367522,1.3821115602409086,1.5801116364280767,1.8064770279037505,2.0652713245761274,2.3611402626392484,2.699395122333543,3.0861080731955814,3.528221178383729,46.89095914924692,48.09556709731147,49.28810183207523,50.57485157120459,40.47967069268811,50.636866309470925,52.39998083946082,54.1388765683651,55.42846836170783,51.31488715926131,43.7906917593803,54.576871010943236,55.62002956264106,54.871413783437525,55.20803988728121,47.795353165779396,47.75430080332577,44.74779895783997,39.6647978044931,32.643085622743904,18.14339677438873,5.5574335643156454e-12,5.835668584964905e-12,6.127769013260068e-12,6.434523279997213e-12,6.756615480302485e-12,7.0948136351396016e-12,7.449924377040853e-12,7.822801112725737e-12,9.964283634342744e-14,51.66803904,53.09407276,54.55810638,56.1778325,46.29286032,56.89371646,59.22171266,60.9727018,63.00126175,59.75216635,53.19593585,65.22128964,68.29397831,70.13567277,72.21021153,68.43053144,72.91175844,75.71794913,77.89526773,79.79821341,76.0892317,67.46221929,82.52788938,85.6400245,88.05965057,90.46725844,85.42401652,75.60117286,93.89128281,96.15315546,
5.018989515271657,5.255122805966534,5.545695760694205,5.903259244312745,6.135640625332688,6.616844506548162,7.230564558731904,7.272511491872281,8.084676053446136,9.039725000036205,10.117591123418594,11.497681702996145,13.728334985822148,16.574977046228195,18.564988843246777,22.58458009632233,27.58512808432302,34.00656445462062,42.03854620508363,51.92227188680682,63.89276121941684,78.62300295990525,96.7492479031365,119.0544321309633,146.5019947670998,180.2774922913378,221.83980688126397,272.98416064932763,335.9196575811288,413.3647024831539,0.3386346654173762,0.35091338258418336,0.3649511378810855,0.38099992955033324,0.3846273581668395,0.4013330313178164,0.42158897361441316,0.39384960620118,0.41124629345696145,0.4267727016609797,0.4358472575004504,0.4472471678378836,0.49493436804712687,0.5561537665275518,0.5188745824146762,0.5782639990264807,0.6550682846985105,0.7596528860902327,0.8792201847107923,1.015916588475541,1.1614558978225433,1.32784503953323,1.518070942098221,1.7355484387342968,1.984181568635917,2.268433660189657,2.5934074542477816,2.9649367057909166,3.389690908363675,3.8752950212400292,47.25272005931301,48.21098525145142,49.68516800142696,50.880005436139285,40.55050527650293,50.95003055213662,52.6496258076564,54.1365677319294,55.6115847830999,51.305846208305965,43.53641083908426,54.50812648916945,55.00062521613438,54.338539607248094,54.39429433434259,46.43603480465543,46.04856957098293,42.33265157929382,36.03815233021048,28.377806464722788,12.334122742766008,5.557390215331095e-12,5.835625385339021e-12,6.1277685276655994e-12,6.4345226056473985e-12,6.756615109233389e-12,7.094814810534266e-12,7.449925851834208e-12,7.822802764769553e-12,9.964283820809578e-14,52.61034424,53.81702144,55.5958149,57.16426461,47.07077326,57.96820809,60.30177934,61.80292883,64.10750713,60.77234391,54.08984922,66.45305536,69.22389457,71.46967042,73.47815776,69.5988789,74.28876594,77.09886892,78.95591872,81.31599494,77.38833986,68.59586566,84.0865066,87.20189993,89.73456665,92.05578197,86.88250196,76.87158757,95.60364205,97.46241265,
5.155835058555447,5.398406654880213,5.69690224298504,6.06421489404562,6.302932282789418,6.797256455719953,7.42770992679403,7.470800566418994,8.305109246908867,9.286198134718386,10.393452878019716,11.811172395567445,14.102645681989245,17.026903022942392,19.071173599477355,23.20036124583729,28.33725195861404,34.9337723664618,43.18475057088095,53.337961535740895,65.63483292416304,80.76670290626166,99.387170009034,122.30051750247716,150.49645321437504,185.19285848195878,227.88839271756942,280.42722576398046,345.07869405680196,424.6353212229477,0.38664114398232824,0.4006605511394733,0.4166883661307371,0.43501231168097787,0.4391539820214068,0.4582279317309782,0.48135545381246186,0.4496836202841976,0.4695465455809561,0.48727405207394664,0.49763506058611423,0.5106510770318274,0.5650986440565767,0.6349967988518269,0.5924327383343815,0.6602414842314663,0.7479339147697823,0.867344932171654,1.003862666008946,1.1599378093045405,1.3261094710006838,1.516086737557153,1.7332799788106663,1.9815881311557533,2.2654686891564655,2.590017724094305,2.961061365902346,3.385260390720096,3.870229791568701,4.424675478615019,47.68266772746428,48.72543985398246,50.46528882088648,51.17072177427575,40.90999864519164,51.51388130255165,53.097395059396234,54.69491404329967,55.89995675751318,51.41676883321082,43.86675668139745,55.04965547740418,55.46617663395783,55.07152214820962,54.46455114219226,46.21686837993545,46.23029817662057,42.198721971371164,35.80527033311496,28.255953284959674,10.959553394841633,5.55738939839592e-12,5.835624220401792e-12,6.127768350837564e-12,6.434522507296011e-12,6.756615358843908e-12,7.094815647553497e-12,7.449926766181611e-12,7.822804338438528e-12,9.964283228169798e-14,53.22514393,54.52450706,56.57887943,57.66994898,47.65208491,58.76936569,61.00646044,62.61539823,64.67461255,61.19024102,54.75784462,67.37147895,70.13392096,72.73342197,74.12815748,70.07747111,75.31548405,77.99983927,79.99388357,82.75385263,77.92049579,69.44300654,85.24863573,88.22093339,91.32128445,92.87012237,87.47994388,77.82093143,96.7208575,98.7436663,
4.985956006366145,5.220535137376622,5.509195626605314,5.864405732819009,6.095257648117606,6.57329438729241,7.182975115076765,7.22464596587323,8.031465099807546,8.980228195872048,10.051000122289617,11.422007352656701,13.637979133387683,16.465885435217807,18.442799561436548,22.435935050249,27.40357090603833,33.782743275807746,41.76186089099501,51.58053480496029,63.47223790684222,78.10552954009604,96.1124728844828,118.27085096744975,145.53776184051392,179.09095900033392,220.37972269222325,271.1874594060924,333.7087334565658,410.6440579113426,0.4598094430028907,0.47648189469740626,0.4955428270332139,0.5173344116284028,0.5222598551875632,0.5449433753672575,0.5724475694030844,0.5347821311532506,0.5584039333314688,0.5794862082347954,0.5918079428123906,0.6072871212836123,0.6720383922131666,0.7551641332874347,0.7045452137464704,0.7851861444051284,0.8894735651024861,1.0314820250259147,1.1938344909564709,1.3794454271496033,1.5770635554749755,1.8029922815769608,2.061287356581537,2.3565855549235364,2.6941879112305087,3.080154881648728,3.521415137896359,4.025889947056178,4.602635369907076,5.262004830462404,48.31071669063301,49.490698327928115,51.320654436363725,51.83604460555494,41.360963446697305,52.20841595734295,53.86005563552289,55.617591912976394,56.69912010686399,51.56645655589631,44.49010394490131,55.98104315606315,56.6769766944028,56.47203225149859,55.68499326482099,46.7829743653501,47.736628308863615,43.964274069171026,38.01119300805343,30.885743877895283,12.789606627688203,5.557391933769303e-12,5.835626140483821e-12,6.127768713077697e-12,6.434522700443811e-12,6.7566158699724746e-12,7.094816393789757e-12,7.449927497634339e-12,7.822805673674154e-12,9.964283499310784e-14,53.75648214,55.18771536,57.32539289,58.21778475,47.97848095,59.32665372,61.61547832,63.37702001,65.28898914,61.12617096,55.13291201,68.01033763,70.98699422,73.69308182,74.83233804,70.00409556,76.02967278,78.77849937,80.96688839,83.84572411,77.83890809,69.9186609,86.05701684,89.10162905,92.5261964,93.75234225,87.38834684,78.35397093,97.68640657,99.94473392,
4.609095343088581,4.825943943225779,5.0927861927239455,5.421147944066544,5.634551047982281,6.076455650739026,6.640054005721256,6.678575188841061,7.424411355101517,8.301462729438105,9.291300965728148,10.558681390416487,12.607160198079844,15.221320802347902,17.048810993036863,20.740127595571614,25.33228750629768,31.229293742358,38.60531426784175,47.6818492702325,58.67472472246147,72.20196728833469,88.8478660098442,109.33141562444123,134.5373724690236,165.55447020867476,203.72244606148797,250.68990874703178,308.48554767807457,379.6057591702657,0.5351603408498595,0.554564976982101,0.5767495040747358,0.6021121668409863,0.6078447634504486,0.6342455270184196,0.6662569484431016,0.6224191171876142,0.6499119229521616,0.6744490384786989,0.6887899872711878,0.7068058035028758,0.7821681362005626,0.8789160403675128,0.8200019866280297,0.9138578840969861,1.0352353208939937,1.2005153014874066,1.38947314549729,1.605500922634424,1.8355035607317294,2.098456172750515,2.3990791427281453,2.742769092732196,3.135695760120841,3.58491275335363,4.0984841745814755,4.68562938207657,5.356888491199613,6.124311584888794,49.71923067606361,50.72064965979427,52.71776209320359,52.86620025909485,42.40866453856974,53.72955772224519,55.5780114458384,57.12501476397421,57.967924031949345,51.915786212086374,45.92569381700395,58.02145478608413,58.772611945723256,58.95794760728844,57.82688763033915,48.08158241033561,51.08928315281275,47.970971536159254,42.31222992666583,36.1115457471382,17.03009869681217,5.557439358544776e-12,5.835684321453689e-12,6.1277694969574835e-12,6.434523298248556e-12,6.756616162309112e-12,7.094816847210503e-12,7.449927684838528e-12,7.822806196261992e-12,9.964283164870283e-14,54.86348636,56.10115858,58.38729779,58.88946037,48.65106035,60.4402589,62.8843224,64.42600907,66.04224731,60.89169798,55.90578477,69.28694198,72.16194028,75.05818445,75.69570061,69.73556789,77.45680598,80.40078058,82.30701734,85.39889594,77.54032698,70.89880555,87.67237071,90.93649389,94.24016671,94.83399045,87.05313517,79.45236475,99.69805724,101.598976,
3.8137218939501945,3.993149784339962,4.21394411671759,4.485641772551271,4.6622187424464085,5.027865606553462,5.49420601086146,5.5260797449696435,6.143209898467688,6.868911967842796,7.687937714157419,8.736611285392096,10.431592164838094,12.594637358890951,14.106764757526921,17.161085377233416,20.96079431975242,25.84017739108496,31.943347075011108,39.45358014314003,48.54945832940899,59.74235786784108,73.51573933930317,90.46452338824758,111.32078743153626,136.98538664922862,168.56686507881,207.42933751946848,255.25141043377184,314.0986868471044,0.5613071269169604,0.5816598319379651,0.6049282474274301,0.631530075480832,0.6375427544613431,0.6652334026943916,0.6988088334893602,0.6528291798528222,0.6816652251211947,0.7074011714679629,0.7224427882499388,0.7413388186097628,0.8203831931931298,0.9218579923849924,0.8600655243799349,0.9585070196313418,1.08581469757489,1.259169903411802,1.4573598222708437,1.6839422531111765,1.9251823266351222,2.200982239112163,2.516293002416143,2.8767749059904038,3.288899127323264,3.7600638990500856,4.29872731805134,4.914559180664261,5.618614569672245,6.423532309212384,50.75617888913489,51.886617193724206,53.98014531585722,53.82473355197026,43.87924362309471,55.14537652075473,56.9981689956519,58.660828565180395,59.276187256414104,53.53664963069238,48.10207483759593,60.2654957460016,61.373371651972406,62.07096427872788,60.796282448097166,51.86937663313945,55.92052878267712,53.69377112550788,49.43486643272294,44.86356658375392,27.347447953961215,9.724835173052378,12.217976458286623,6.128087494723931e-12,6.434525983598631e-12,6.756616482277311e-12,7.094815878395101e-12,7.449926234866721e-12,7.822806482478125e-12,9.964282349674976e-14,55.13120791,56.46142681,58.79901768,58.9419054,49.17900512,60.83847553,63.19118384,64.83973749,66.10106238,61.11296277,56.51245534,69.74344585,72.62534701,75.58745963,75.76311273,69.98896903,77.9671378,80.79311842,82.83557333,86.00108898,77.82208861,71.66817528,88.2500088,91.38024367,94.90470425,94.91844651,87.36946391,80.3145548,100.1845615,102.2514203,
2.7977554565180367,2.9293841838738044,3.0913594315072737,3.290677478357432,3.420214763654301,3.6884541732549367,4.030562603556899,4.0539452507452625,4.506673399871681,5.039050164842775,5.639889401289317,6.409198828566183,7.652640835096959,9.239455936627152,10.348756194518337,12.589413069183198,15.376888591186153,18.956415623274623,23.433715426479104,28.943240276576706,35.61599815853613,43.82713589450539,53.931321317049125,66.36498962660819,81.66519455824076,100.4928056157095,123.66105334280029,152.17065560223918,187.25304208937064,230.42354409891658,0.6574499966507863,0.6812887922160413,0.7085427124889635,0.7397010052059579,0.746743559248184,0.7791771695037137,0.8185035307864318,0.7646483030871434,0.7984234984409663,0.8285675978619428,0.8461856013197815,0.8683182173173998,0.9609016200804048,1.0797574178951705,1.0073808954267875,1.1226838331942437,1.2717972657945524,1.474845426117903,1.7069820857854598,1.972374437411777,2.254935049819282,2.5779750449290235,2.947293463201711,3.3695201104907064,3.8522345727552865,4.404102280716162,5.035030067012857,5.756344008341469,6.580992745099351,7.523779928421739,51.186325876833216,52.3398968939123,54.41366351600602,54.21205414643898,45.41617765709998,55.61014491724395,57.7808522456594,59.43448093617047,60.01153388169036,54.821013747298444,50.49077417739422,61.59388545411992,63.35469818482631,64.51563453548154,63.50788299005892,55.79091126762679,60.34358293302373,59.64425114061214,56.94538841774033,54.22917575601665,39.41080613164996,25.852001050571214,30.267952209755045,20.83409262290727,8.442324799010473,6.756621560578554e-12,7.094816915841841e-12,7.449926015359002e-12,7.822809519009173e-12,9.964279559002768e-14,54.64153133,55.95056987,58.21356566,58.24243263,49.58313598,60.07777626,62.62991838,64.25307449,65.31663078,60.68863151,56.97684918,68.8714025,71.96824064,74.83484789,74.86402008,69.50300817,76.99226879,80.07551219,82.08608593,85.14479047,77.28173934,72.25711199,87.14656699,90.56860236,93.95975393,93.79203452,86.76282346,80.97454355,99.29472004,101.3262604,
1.68408275670327,1.7633154392846595,1.8608149262097093,1.9807925622172124,2.058766320792278,2.220230527152511,2.426159500341395,2.440234466344681,2.7127499457235955,3.0332091652270456,3.394878729767794,3.857957351606552,4.606435649550851,5.56160417378249,6.229337099463584,7.578079569975286,9.255974416146005,11.410637268415403,14.105706052072337,17.422113058289078,21.438717319566926,26.381334960377952,32.463454968756444,39.94778543585041,49.15760083960873,60.490705403100634,74.43661565387805,91.59770435937338,112.7152191190473,138.7012994475199,0.7422927654878139,0.7692079158052164,0.7999789066833524,0.8351581224208219,0.8431095057088775,0.8797286164762003,0.9241299757002193,0.8633248253336057,0.9014586504028865,0.93549279297848,0.955384368878874,0.98037316014824,1.0849042886375855,1.2190982186758046,1.1373816329382833,1.267564212572147,1.435920472090171,1.665171641337177,1.9272651297447236,2.226905898824614,2.545930462624719,2.9106582024600383,3.3276365147906612,3.8043507702860055,4.349358687178067,4.972443954822064,5.684791865232108,6.499190105434897,7.430258315157898,8.494710530748314,50.74873010781096,51.84329601491226,53.852739627109194,53.60973229536432,46.56245668350131,55.450189816373886,57.5988172539611,59.141087488324565,59.66500786387652,56.12161434179763,52.49006695135663,62.28184481824867,64.25132665181522,65.86871586754555,65.16207638760213,59.97215027745677,64.34265345176824,64.85070075025205,63.742770018187805,63.009256822891416,52.535188727813726,42.79198747716763,49.139556696458804,44.385858453869794,37.708853093219716,25.403240782084136,5.786041290897029,7.44993268240646e-12,7.82281328454413e-12,9.964282526439825e-14,53.17510563,54.37581937,56.51353346,56.42568298,49.46433251,58.55014896,60.94910673,62.44464678,63.27921646,60.0903163,56.84033005,67.12017533,69.94266659,72.64941826,72.52879512,68.81779406,75.03454834,77.92650966,79.7757412,82.65827578,76.51983651,72.08398064,84.93064818,88.13799466,91.21581262,90.86639014,85.90744881,80.78052484,96.62992778,98.47439349,
0.6400247020548328,0.6701365679119654,0.7071906139921363,0.7527873344818499,0.7824207544556967,0.84378417626908,0.9220461436130615,0.9273952429294865,1.0309629790164319,1.1527514218153616,1.2902015883028028,1.4661916076712722,1.7506459183217045,2.113651505606643,2.3674190625216296,2.879999869136972,3.51767289602669,4.336538503766725,5.360781872099742,6.621160792077261,8.147645126272888,10.026054824572778,12.337524988808932,15.18189612093717,18.68202658442426,22.989099287789756,28.28915180457349,34.811111988509076,42.83668617030106,52.71252704189908,0.7870072377998905,0.8155437116699373,0.8481682954747555,0.8854666482174467,0.8938970095104178,0.932721994146688,0.9797980168457527,0.9153300661139586,0.9557610089034875,0.9918453111958626,1.012935122295622,1.039429196476633,1.1502571049804182,1.2925346524915886,1.2058955965640252,1.3439201566444146,1.5224179151164752,1.7654787906362748,2.043360351588046,2.361050978480827,2.699293047405796,3.085991375104242,3.5280877622273503,4.0335184856302195,4.611356766150731,5.271975646196057,6.02723420102773,6.8906904265102495,7.877844624969722,9.006417658294726,50.93619457014732,51.85277230042024,53.83282933053536,53.56140888730306,48.275078066036365,55.57681402958683,58.11668977954392,59.41061983095942,59.91755844208309,57.33579264699194,55.09688630940488,63.24254508585559,65.70741678670154,67.79657551190562,67.37957111091839,63.895361724222845,68.4606696988613,70.63470806560167,70.8496595263171,72.03010259944703,64.8962089863267,59.68172796032862,67.32896054896965,67.57688650343886,66.10606295943155,60.63096566602107,50.71908760440598,39.87414870498821,44.440048334737156,34.8767816398064,52.36322651,53.33845258,55.38818824,55.19966287,49.95139583,57.3533202,60.01853394,61.25334514,61.90428243,59.48038938,57.40002302,65.74816589,68.60831981,71.20276167,70.95288577,68.11928175,73.50076051,76.73672536,78.25380175,81.01231437,75.74314716,72.79377416,83.1945733,86.79230111,89.39944631,88.8920406,85.03547361,81.57595112,95.15457913,96.59572634,
0.0721118767523034,0.07550459449038441,0.07967949085849137,0.08481689427074553,0.08815570529169924,0.09506955017409129,0.10388736193257943,0.10449004740612984,0.11615907173634554,0.12988103144942384,0.1453676047543348,0.16519648096112732,0.1972460786179503,0.23814608464372763,0.2667381916815258,0.3244909062776494,0.3963378187104137,0.48859978233848383,0.6040017524569228,0.7460092234917415,0.9179989136059307,1.1296401959177629,1.3900745995663641,1.7105511997027578,2.1049125044924275,2.59019236158409,3.1873517097217188,3.9221839551919886,4.826429079490752,5.93914460042548,0.8575238141154782,0.8886171824342475,0.9241649591185468,0.9648052787597616,0.9739910082208142,1.0162947473850716,1.0675888252529466,0.9973444865168989,1.0413980791701052,1.0807155683179257,1.1036950459956636,1.1325630137244882,1.2533212053216691,1.4083469526653005,1.3139449572045432,1.464336645510517,1.6588279682128684,1.9236673229571293,2.226447328749547,2.5726033296059256,2.941152200706143,3.3624990561773296,3.8442076884286576,4.394925472060754,5.024538596889308,5.744349539513961,6.567279959306717,7.508102661099699,8.583706788641805,9.813401009434735,52.02438619913427,52.95538819307752,54.54585165002521,54.19410871697187,50.98073133648997,57.26099227244344,59.52422520281721,60.81879109607983,60.79614585909654,59.4557255902358,58.554319189253306,65.61859984531785,67.90515649606402,69.76389062269479,69.42884705111796,67.68863110821604,72.75153391308115,75.19025102470903,76.27583239879841,77.92992773690744,73.39417922569329,71.34953540791052,79.4384669320109,81.66607063824269,82.53067737862477,80.62846463890878,76.97629752097875,73.56127779371585,82.81803803187536,81.89547336013997,52.95402189,53.91950997,55.5496961,55.24373089,52.04287805,58.37235657,60.69570139,61.92062563,61.95370301,60.66632219,59.80338184,66.91635934,69.35572378,71.41038366,71.0095302,69.47745866,74.8066997,77.60251813,79.10628148,81.24854029,77.25333034,75.84167466,84.67274922,87.77154731,89.66012848,88.96300654,86.73092919,84.99156441,96.2281739,97.64801897,
0.0010376993489681341,0.001086521001469736,0.0011465983068777615,0.0012205262146840511,0.001268572142467516,0.0013680632756406064,0.0014949527414707194,0.0015036254643521945,0.0016715442524340945,0.001869005049491682,0.0020918588671984865,0.002377198992254947,0.0028383968991879892,0.003426953341444032,0.003838397505637174,0.004669466630954671,0.005703353108669572,0.007031014846280804,0.008691664307296516,0.01073517041028718,0.013210124571773823,0.01625567033705935,0.02000335550746958,0.024615055747408684,0.03028996656194927,0.037273207249209316,0.045866408462390325,0.05644074069540815,0.06945294643809762,0.08546506848599346,0.8903267316989755,0.9226095167797806,0.9595171050164325,1.001712041606837,1.0112491534102752,1.055171140425422,1.1084273741904564,1.0354959739217298,1.0812347516919822,1.122056255462926,1.1459147686845947,1.1758870247732576,1.3012645877993012,1.4622205457443471,1.3642073842426665,1.5203520161701916,1.7222832288491163,1.9972535016898076,2.3116157719190262,2.671013302141953,3.0536602986180372,3.4911249644013997,3.9912604301737287,4.563044859152443,5.216742618253858,5.96408853849423,6.818498572372407,7.795310629842271,8.912059916232971,10.188793714835388,53.2718363489541,54.2194000422209,55.651772796678955,55.105005872180854,53.36457145444974,58.67834615630156,60.971735373070814,62.288780070616795,61.839971974058585,60.96034319949073,61.33765807245151,67.30005819623796,69.62549822530517,71.31091285091804,70.75232487825572,69.57632502720307,74.82485269804664,77.37024872346858,78.58111919377856,80.1211856774529,75.99209222681557,75.73592145526719,82.63791854432475,85.18810725510637,86.12841474519074,84.35334119426342,81.89371523917241,80.95182849946987,89.4439837773369,89.58966978667884,54.16320078,55.14309608,56.6124365,56.10793844,54.37708918,59.73488536,62.0816577,63.32577967,62.92287827,62.08426846,62.4856647,68.47832242,70.92960121,72.77656035,72.12037066,71.10134651,76.55283928,79.37453324,80.90142663,82.80293415,79.05896265,79.24330209,86.64918233,89.77576717,91.37544733,90.35470294,88.75808022,88.80357987,98.42549664,99.86392857,
0.0,0.0,0.0,0.0,0.0,0.0,0.0,0.0,0.0,0.0,0.0,0.0,0.0,0.0,0.0,0.0,0.0,0.0,0.0,0.0,0.0,0.0,0.0,0.0,0.0,0.0,0.0,0.0,0.0,0.0,0.8616299915266674,0.8928722477066561,0.9285902417951094,0.9694251640348147,0.9786548785540049,1.0211611854549312,1.0727008805061449,1.0021201829282387,1.0463847223377412,1.0858904798265057,1.1089799927133048,1.1379861921682273,1.2593226237517388,1.41509069826042,1.3202366671419334,1.4713484928285696,1.6667711201347197,1.9328786348509186,2.2371084760879962,2.5849220145288325,2.9552356495044325,3.3786000873584427,3.8626153390551625,4.415970186388425,5.048598158324902,5.7718558523799866,6.598726802155829,7.544054550762025,8.62480911412783,9.860391617612125,53.00167042847539,54.132305482295486,55.59314521820714,55.209775805967546,52.96290434144847,58.36647721454767,60.665212139496596,62.18824323707464,61.956411707665275,60.15547746017666,60.87620960729001,66.94226248783525,69.51860227625193,71.24487142174341,70.89173387286206,68.66467518717565,74.4410561598697,77.00215968515373,78.4913180339169,80.0853502554763,75.03036587050093,75.2300076226472,82.28286359095075,84.86271067361778,86.18045293168163,84.69760633762685,80.95431011785135,80.5482584892455,89.25570787588009,89.78998729238806,53.86330042,55.02517773,56.52173546,56.17920097,53.94155922,59.3876384,61.73791302,63.19036342,63.00279643,61.24136794,61.9851896,68.08024868,70.7779249,72.65996212,72.21197054,70.13602368,76.10782728,78.93503832,80.72842651,82.67027227,77.98560152,78.60860771,86.14547893,89.27868086,91.22905109,90.46946219,87.55303692,88.09231304,97.88051699,99.65037891,
0.0,0.0,0.0,0.0,0.0,0.0,0.0,0.0,0.0,0.0,0.0,0.0,0.0,0.0,0.0,0.0,0.0,0.0,0.0,0.0,0.0,0.0,0.0,0.0,0.0,0.0,0.0,0.0,0.0,0.0,0.8135028500159385,0.8430000410298172,0.8767229734643365,0.9152770232871847,0.9239912035502128,0.9641232812954262,1.012784178926004,0.9461458316070983,0.9879379341550497,1.0252370609556445,1.0470368877068115,1.0744229190157968,1.1889819917902449,1.3360494961720086,1.2464936248476282,1.3891649594994995,1.5736720748907298,1.8249159078133979,2.1121527093872894,2.4405388003756174,2.790168224159537,3.1898852490734426,3.646865380427513,4.169312080057991,4.766604030467308,5.449463495894304,6.230148802642026,7.12267439396656,8.143062409834045,9.309630307770536,51.668985359986095,52.79493050897233,54.40923227653791,54.55606968671518,51.27234640645226,56.517534138707184,59.14244707107673,60.65111681839577,61.22102738584796,58.084294639047506,58.9326880122965,64.82086501098769,67.80455109821342,69.73528936383182,70.0556108051564,66.30539600050471,72.0915581351137,75.08658386219126,76.58101855061759,78.42224673962951,72.48072366584583,72.8754248109322,79.73386907957841,82.82066586994823,84.46783284953922,83.88008938411255,78.27513227736516,78.11950581604097,87.22823936017387,87.82844946222967,52.48248821,53.63793055,55.28595525,55.47134671,52.19633761,57.48165742,60.15523125,61.59726265,62.20896532,59.1095317,59.9797249,65.89528793,68.99353309,71.07133886,71.30210443,67.69456096,73.66523021,76.91149977,78.69317126,80.86278554,75.27089189,76.06531006,83.38073446,86.98997795,89.23443688,89.32955288,84.50528108,85.24218021,95.37130177,97.13807977,
0.0,0.0,0.0,0.0,0.0,0.0,0.0,0.0,0.0,0.0,0.0,0.0,0.0,0.0,0.0,0.0,0.0,0.0,0.0,0.0,0.0,0.0,0.0,0.0,0.0,0.0,0.0,0.0,0.0,0.0,0.7261980919934679,0.7525296578054695,0.7826334603796004,0.8170499070084289,0.824828885385916,0.8606540066940177,0.9040926387938593,0.8446058887773854,0.881912881777008,0.9152090831548932,0.9346693623563435,0.9591163371683787,1.0613809820528006,1.1926652683637649,1.1127204926554763,1.2400804041841458,1.4047862993800937,1.6290667577583189,1.8854774356670436,2.178621279856704,2.490728631971922,2.8475482065119455,3.2554854368016106,3.721863392862249,4.255054241230886,4.864629537596533,5.561532050226235,6.358272198662739,7.269152634055743,8.310524992672205,48.21547519800856,49.59972895219667,49.78422515962265,47.55168025299392,51.56344382461654,54.28384856330857,55.19266981120885,56.97942398122545,53.36174326822597,53.33738913684823,59.265611527646946,62.25692574283508,63.70584967795083,63.81216875164005,61.05977852734852,60.89212926582004,69.2652788806243,70.09347579224631,71.98722550433781,71.78188145014839,66.59527725803342,73.4974673634937,76.7350599332043,77.39919669714396,77.36251271877563,73.0270622024103,72.00008837978093,79.1973584913448,81.66777187595216,82.87721589732799,48.94167329,50.35225861,50.56685862,48.36873016,52.38827271,55.14450257,56.09676245,57.82402987,54.24365615,54.25259822,60.20028089,63.21604208,64.76723066,65.00483402,62.17249902,62.13220967,70.67006518,71.72254255,73.87270294,73.96050273,69.08600589,76.34501557,79.99054537,81.12106009,81.61756696,77.89169174,77.56162043,85.55563069,88.93692451,91.18774089,
0.0,0.0,0.0,0.0,0.0,0.0,0.0,0.0,0.0,0.0,0.0,0.0,0.0,0.0,0.0,0.0,0.0,0.0,0.0,0.0,0.0,0.0,0.0,0.0,0.0,0.0,0.0,0.0,0.0,0.0,0.6582757429252154,0.6821444796216973,0.7094326303657483,0.740630057380803,0.7476814567539173,0.7801558030851504,0.8195315576243617,0.7656086886537101,0.7994263050918339,0.8296082650009383,0.8472483963784551,0.8694088105741058,0.9621084965530132,1.081113575275437,1.008646149097131,1.1240939054390449,1.2733946220336714,1.4766978074734123,1.7091260269293265,1.9748517069406673,2.2577672107835434,2.5812129387608977,2.9509952148319276,3.3737521717760144,3.8570729153864893,4.4096337600211015,5.0413539811366,5.763573880793268,6.5892583626656975,7.533229671029036,46.36803336707682,47.701532150380444,48.04317325963649,45.80416693262155,49.73294652324855,52.31207080691747,53.081847652378386,54.79772133134917,51.39875948491118,51.533614105002236,57.160924543624866,59.99396423942937,61.272969553450636,61.591457744728395,58.81939432090687,58.84432821456516,66.76659014797076,67.43893644253123,69.27543493307553,69.33207419306444,64.4222814492218,70.98380704124473,74.06259568517396,74.57258252823017,74.83219479461998,70.5448454499857,69.81914138887053,76.67666971921423,78.86706182734217,80.08941704897111,47.02630911,48.38367663,48.75260589,46.54479699,50.48062798,53.09222661,53.90137921,55.56333002,52.19818579,52.36322237,58.00817294,60.86337305,62.23507805,62.67257132,59.82804047,59.96842212,68.03998477,68.91563425,70.98456096,71.3069259,66.68004866,73.56501998,77.0135909,77.9463347,78.68926771,74.95447921,74.86049537,82.4402436,85.45632019,87.62264672,
0.0,0.0,0.0,0.0,0.0,0.0,0.0,0.0,0.0,0.0,0.0,0.0,0.0,0.0,0.0,0.0,0.0,0.0,0.0,0.0,0.0,0.0,0.0,0.0,0.0,0.0,0.0,0.0,0.0,0.0,0.5923103338195518,0.6137871990276175,0.6383408208954118,0.6664119728529242,0.6727567558127587,0.7019768677836926,0.7374068020721364,0.6888875107815517,0.7193162845845114,0.7464737287729432,0.7623461533869923,0.7822858860459498,0.8656961932572427,0.9727758459132404,0.9075703361370848,1.0114491435100095,1.1457885267184653,1.3287188244372916,1.537855554348144,1.7769530266817486,2.031517741126859,2.322551170764475,2.6552777913853234,3.0356705325478024,3.4705580004008554,3.967747061153353,4.536162985742558,5.186009671503486,5.928952817052513,6.778329338642325,45.18011748618249,46.32320734097453,46.494913839106836,44.539957197149434,48.11145764418972,50.596443132218916,51.726778377930586,53.2130872792213,49.9778745854185,49.82649808123021,55.29644826661631,58.02471982395752,59.50853996674641,59.61808305409058,57.20007346386693,56.906707606494194,64.59535549328595,65.74939031556735,67.32425213565672,67.16146444332338,62.3688011888785,68.77029871924115,71.7562845786206,72.83234987745841,72.60499173960565,68.83136427885348,67.7649206842646,74.48380982850405,77.2488113329554,78.22438185135786,45.77242782,46.93699454,47.13325466,45.20636917,48.7842144,51.29842,52.46418518,53.90197479,50.69719087,50.57297181,56.05879442,58.80700571,60.37423616,60.5908589,58.1076438,57.91815675,65.74114402,67.07810914,68.86210769,68.93841747,64.40031893,71.09284989,74.41156237,75.86802041,76.07554974,72.79911134,72.30108367,79.6698195,83.17776415,85.00271119,
0.0,0.0,0.0,0.0,0.0,0.0,0.0,0.0,0.0,0.0,0.0,0.0,0.0,0.0,0.0,0.0,0.0,0.0,0.0,0.0,0.0,0.0,0.0,0.0,0.0,0.0,0.0,0.0,0.0,0.0,0.5209464634763543,0.5398357117941267,0.5614310170711404,0.5861200466271038,0.5917003852700858,0.6173999436341621,0.6485611405860077,0.6058876436621644,0.6326502395438751,0.6565356484236906,0.6704957011145879,0.6880330166369479,0.7613937231419219,0.8555719995898433,0.7982227051785633,0.8895857867275554,1.0077394345573103,1.1686295730844756,1.3525686901474905,1.5628587619669587,1.7867525219506393,2.0427211033958166,2.335359516774699,2.669921049683967,3.0524115710417363,3.4896973452201276,3.9896282915348342,4.561178901779836,5.214609345483144,5.961649654958585,44.024655886525686,45.427694088208014,45.60566632293109,43.48510511337524,47.316057834732376,49.671325656368424,50.40944128941671,52.1827635463407,48.79152062045911,48.93870514157945,54.38114758888871,56.96148862336652,58.36583687686171,58.49326994041397,55.85032263482543,55.90883494327664,63.43943754544709,64.11160392692014,66.08721986985736,65.96242997803813,61.368510258054705,67.77287612660979,70.6115780732312,71.16463021032223,71.46370948896478,67.4814088547867,66.91365316847234,73.67729427822769,75.73376466452476,77.2853647350416,44.54560235,45.9675298,46.16709734,44.07122516,47.90775822,50.2887256,51.05800243,52.78865119,49.42417086,49.59524079,55.05164329,57.64952164,59.1272306,59.34884194,56.64854534,56.79842073,64.44717698,65.2802335,67.43978856,67.52528874,63.15526278,69.81559723,72.94693759,73.83455126,74.51612106,70.9711062,70.90328146,78.23847318,80.94837401,83.24701439,
0.0,0.0,0.0,0.0,0.0,0.0,0.0,0.0,0.0,0.0,0.0,0.0,0.0,0.0,0.0,0.0,0.0,0.0,0.0,0.0,0.0,0.0,0.0,0.0,0.0,0.0,0.0,0.0,0.0,0.0,0.39512534633212165,0.4094523862619206,0.4258319052239785,0.4445579395439078,0.4487904920105182,0.4682829880943295,0.4919180055115853,0.4595511858220576,0.4798499702613295,0.49796647765240004,0.5085548414115022,0.5218564728752557,0.5774988019766273,0.6489307565197573,0.6054326978805927,0.6747293948926342,0.7643460912180032,0.8863773864930401,1.0258907768874206,1.1853907318413246,1.3552087566433455,1.5493547610499163,1.7713139498402666,2.0250708151389216,2.315180663877922,2.6468513922198365,3.0260369749120777,3.4595443478431966,3.9551556024993877,4.521767685890442,43.82277567366992,44.906994263740216,45.156837824778265,42.633819960458446,46.97545857799195,49.15253996190827,50.19047438449113,51.58140262418081,47.830881169741666,48.75420372235074,53.9874796185918,56.36200113712821,57.712254908027006,57.94861634348407,54.76692046212341,55.730793395111576,62.82688474878642,63.9136197235116,65.45868199311745,65.48509782816379,61.363183213362014,67.56162840895573,70.20678912016565,71.2663139048673,71.25764352612862,66.725400507787,67.3867774550951,73.98930688216436,76.39771876750854,77.54613769410975,44.21790102,45.31644665,45.58266973,43.0783779,47.42424907,49.62082295,50.68239239,52.04095381,48.31073114,49.2521702,54.49603446,56.88385761,58.28975371,58.5975471,55.37235316,56.40552279,63.59123084,64.79999711,66.48457277,66.67048856,62.71839197,69.11098317,71.97810307,73.29138472,73.57282419,69.3722519,70.41281443,77.44885123,80.35287437,82.06790538,
0.0,0.0,0.0,0.0,0.0,0.0,0.0,0.0,0.0,0.0,0.0,0.0,0.0,0.0,0.0,0.0,0.0,0.0,0.0,0.0,0.0,0.0,0.0,0.0,0.0,0.0,0.0,0.0,0.0,0.0,0.3726206821034744,0.38613171459157525,0.40157832560963597,0.4192378044210004,0.42322928864692355,0.441611574810221,0.46390044185785084,0.43337709896884646,0.4525197507218807,0.4696044186736025,0.4795897141321227,0.4921337410722389,0.5446069190549836,0.6119704123690081,0.5709498186997815,0.6362996696972939,0.7208121790126303,0.8358930891730578,0.9674603884463017,1.1178759023132376,1.278021812522718,1.4611100837793864,1.6704274183769887,1.9097313686645674,2.1833177906077403,2.496097960687336,2.8536867404965243,3.2625033717199288,3.7298867109120453,4.264226972707803,43.61709251789856,44.76324817541056,44.73157029439261,42.31420431558134,46.96083783135555,49.091192915192366,49.95694392814487,51.41571892103402,47.47137927928111,49.231376681329536,53.97027097587119,56.29082207893123,57.53025174094866,57.407707187634806,54.358027631304225,56.28321902030691,62.7576191909918,63.62970167083159,65.27200574155856,64.89513049769188,62.011892137482654,67.59131625622626,70.17999937162892,71.00343094134165,70.6639556993988,66.32067869931952,68.20076516951065,74.1207264582876,76.20832421909586,77.50112117729239,43.9897132,45.14937989,45.13314862,42.73344212,47.38406712,49.53280449,50.42084437,51.84909602,47.92389903,49.7009811,54.44986069,56.78295582,58.07485866,58.0196776,54.92897745,56.91951869,63.47843137,64.46559476,66.23946613,66.0130064,63.28991395,69.05242634,71.85042679,72.91316231,72.84727349,68.81677666,71.05445191,77.38322983,79.93821093,81.76534815,
0.00029136757403831764,0.0003050758282297447,0.0003219444701431289,0.00034270211557546555,0.00035619256002318415,0.00038412790578570393,0.00041975621746066224,0.0004221913642387678,0.0004693399819646329,0.0005247834718960394,0.0005873568716914391,0.0006674753184228191,0.0007969715115429681,0.0009622277227329322,0.0010777539472529598,0.001311103418988382,0.0016014004063984245,0.0019741842768093917,0.002440465194558186,0.003014245467575559,0.003709168703872729,0.00456430394331978,0.00561658747558529,0.006911471116438617,0.008504885431057483,0.010465655571268023,0.012878474075199228,0.0158475590349935,0.0195011556416647,0.023997075544611595,0.3364221561331651,0.34862064886194477,0.3625666868389866,0.37851062184648404,0.38211435023288554,0.39871087490994594,0.4188344726329698,0.3912763436285813,0.4085593675887859,0.4239843321846623,0.4329995983497573,0.444325026036604,0.49170065633297105,0.5525200706967527,0.5154844545034695,0.5744858433996958,0.6507883192676196,0.7546896049058306,0.873475696564132,1.00927897835014,1.1538673895581375,1.319169408305872,1.5081524476365165,1.7242090295537131,1.9712176857541788,2.2536125829452454,2.5764631226236308,2.945564944247912,3.3675439654447716,3.8499753269229022,44.32014554629483,45.129005495311965,44.60873826869311,41.7704497360403,47.43780320720957,49.738637587186865,50.7662702411523,51.834702535010045,46.85978101243225,50.82038920434658,54.51752639478186,57.031435168648464,58.00497086215915,57.25855550158434,53.6615709515533,58.111876483185526,63.60128318033042,64.68661308082201,65.84557351824621,64.76446698618741,64.09838285174337,68.36437309775646,71.21414374489383,72.28783931933609,70.6068463788213,65.61201671149033,70.67235430330835,75.13418921672464,77.76350486892149,78.48638088753269,44.65685907,45.47793122,44.9716269,42.14930306,47.82027375,50.13773259,51.18552447,52.22640107,47.26880972,51.24489832,54.95111335,57.47642767,58.49746849,57.8120378,54.17813316,58.68767343,64.2536729,65.44327687,66.72148968,65.77676021,65.25595941,69.68810681,72.72791278,74.01895982,72.58656895,67.87609495,73.2616959,78.09560172,81.15054999,82.36035329,
0.08470876219276668,0.08869413787574121,0.09359832730406753,0.09963315961652769,0.10355521187086071,0.11167680387978755,0.12203495780602684,0.1227429235774819,0.13645035502327735,0.15256933950272022,0.17076118964375328,0.19405387920889272,0.23170207072124233,0.27974670691925435,0.3133334349969924,0.38117470036183393,0.46557221286114847,0.5739509860728477,0.7095119849484921,0.8763260748771725,1.0783598370760619,1.3269717420900655,1.6329002098965797,2.009359363810266,2.4726097948065755,3.042660913466504,3.744135226585975,4.607331869587359,5.669535332427425,6.976625907462966,0.2903422449627593,0.3008699040347553,0.3129057462073721,0.3266658324538462,0.32977595635879403,0.34409924674104275,0.361466505208162,0.3376830269317183,0.3525987864465723,0.3659109859185509,0.3736914265631154,0.38346560474911123,0.42435217124305,0.476841119969456,0.44487829066970963,0.49579822978712734,0.5616495173311638,0.6513193918526687,0.7538352930609464,0.871037531344719,0.9958215954748819,1.1384821139488672,1.301580051759556,1.4880432554731329,1.7012190123578548,1.9449341390869859,2.2235636786960153,2.542109439005032,2.9062897823858287,3.322642278731394,44.90411159284651,45.772391158091644,44.4492553364908,40.76789820793198,48.292476471772815,50.61658546938176,51.41530497698855,52.551501419493675,45.70864636853314,52.308074734581886,55.44722557379646,57.97033940604548,58.72126234803937,56.906499703115124,52.19224152433733,59.62207600985527,64.42421856981213,65.12997350207914,66.26168627199546,63.859925563783236,65.19588145745443,68.54228032396671,71.1491701683498,71.55302831072282,68.2257239128421,61.350423317453355,69.55519486472521,72.42499372141518,73.70557632519467,73.29984982380584,45.2791626,46.1619552,44.85575941,41.1941972,48.72580764,51.07236152,51.89880644,53.01192737,46.19769551,52.82655506,55.99167819,58.54785889,59.37731659,57.66308753,52.95045325,60.49904894,65.4514403,66.35524388,67.72503355,65.60728917,67.27006289,71.00773418,74.08365043,75.05043093,72.39955272,66.33801837,75.52289377,79.57443503,82.28140144,83.59911801,
0.760349539408955,0.7961224451447926,0.8401426630830094,0.8943115808007234,0.9295160926826667,1.0024158563364234,1.095391097186013,1.1017458287900257,1.2247843305517758,1.3694690373923042,1.5327598767065913,1.7418360728874138,2.0797678798810417,2.5110186272488106,2.8124945615334767,3.42144071465626,4.1789964632585574,5.15180905265394,6.368610483683653,7.865941021409617,9.679404871623936,11.910956160719765,14.656983414186506,18.036097178512037,22.194253226613533,27.31105689948844,33.607520890708784,41.355611559675054,50.889996112374924,62.6224980515772,0.2964332156584452,0.3071817301657566,0.3194700673274533,0.33351882077117995,0.33669419068801076,0.35131796349573385,0.36904956254443533,0.34476714044656503,0.35999581155346283,0.3735872821900264,0.38153094550296845,0.39151017215827316,0.4332544811360649,0.48684457395736797,0.45421120959083877,0.5061993771950551,0.5734321318513107,0.664983153837479,0.7696496940276297,0.8893106699262017,1.016712527681274,1.1623658625728905,1.328885365026572,1.519260303698969,1.7369081872230026,1.9857361134870168,2.270210907757243,2.5954393087254797,2.9672596419388335,3.3923466262836968,45.97589293493464,46.597088304691596,45.002174869591784,40.29246441843045,49.24780861663181,51.714085840170455,52.44423591027229,53.33214038076627,44.97862121789776,53.44543196042083,56.132252207793755,58.70204738495778,58.84315922898655,56.34415294879766,50.1029088688797,59.27638768815291,63.25627761489458,63.108172083513246,62.843842342293605,58.762270868669304,59.58166378070017,60.540358276712986,60.992318310792854,58.401529867795205,50.576389436169976,37.566364127031335,43.02187338154112,38.54372366160699,31.610633815694136,20.37037716213928,47.03267569,47.70039248,46.1617876,41.52029482,50.5140189,53.06781966,53.90867657,54.77865335,46.56340136,55.18848828,58.04654303,60.83539363,61.35618159,59.34201615,53.36961464,63.20402778,68.00870621,68.92496429,69.98210252,67.51752256,70.27778118,73.6136803,76.97818709,77.95688735,74.50755085,66.86315714,78.89960518,82.49477453,85.46788957,86.38522184,
1.9368454430350706,2.0279700980357678,2.140103208001642,2.278088195165902,2.367764975223951,2.5534632201927963,2.7902999146617598,2.806487381492489,3.119904499677833,3.4884611970867327,3.9044134685395377,4.4369952047430115,5.297812035040557,6.396341068797862,7.1642935159814165,8.715467707059922,10.645196500827506,13.123251044218478,16.22282062980728,20.03698461413234,24.656437921260988,30.340889244193413,37.33586996906045,45.943517842456274,56.53562736021111,69.56970887542661,85.60875007496404,105.34553339185169,129.6325597079266,159.51887085636,0.30868988474728815,0.31988281971274596,0.33267924461322224,0.3473088739945121,0.3506155364124846,0.3658439605705517,0.38430871073213785,0.35902227964806765,0.37488061292695074,0.3890340521595539,0.3973061633232661,0.4076980025753237,0.4511683198222857,0.5069742103324277,0.47299154930422804,0.5271292795525794,0.5971419171039507,0.6924783130696758,0.8014725165580681,0.9260811329603503,1.0587506946342946,1.2104263800357469,1.3838309895914787,1.5820773897022755,1.8087243932483879,2.0678406454866245,2.3640776621843953,2.7027533311320546,3.089947376007837,3.532610496311406,46.595049292219684,47.17927764225363,45.39358743738738,39.74715939084194,49.80780167836604,52.05599645923923,52.8062863846088,53.71095141886227,44.02439463739822,54.23827586075683,56.057035458140454,58.17738417268508,57.956902515140754,54.62997974087347,46.827814934718354,57.313870243391655,59.210891012072906,57.758670812716446,55.637849613639474,49.04762659291242,48.290234844110074,44.9946743357765,41.02541079135402,33.427909907847685,18.91448449654703,6.756696934436398e-12,7.094872173664768e-12,7.449926246088837e-12,7.822811165401298e-12,9.964285903535508e-14,48.84058462,49.52713056,47.86636989,42.37255646,52.52618219,54.97530364,55.98089501,56.87646108,47.51917975,58.11577111,60.35875509,63.02207738,63.70588287,61.53329502,54.4651,66.55646723,70.45322943,71.57440017,72.66214276,70.01069234,74.00542346,76.54598996,79.74511175,80.95350514,77.25883625,68.23561617,83.08456236,85.78085156,88.75322595,89.69343726,
3.1244783630687922,3.271478741398222,3.452369517754115,3.674963999091493,3.819628695992649,4.119193202056595,4.5012531801049365,4.527366461393015,5.032964369531187,5.62751228803402,6.298517750497281,7.157667414357802,8.546319033671052,10.3184429837365,11.557287731890883,14.059609336747902,17.172607270785164,21.170152780248518,26.170313293739195,32.32324247302638,39.775247463529226,48.94528487063819,60.229440766258904,74.11511741333115,91.20208587872395,112.22839224881274,138.1022364280337,169.9412004775136,209.12052090328095,257.3324899434616,0.32565376523858014,0.3374618017039017,0.3509614469995172,0.3663950395059975,0.3698834177133599,0.3859487114296881,0.40542818164048855,0.3787521488358676,0.3954819679775099,0.41041320157120526,0.41913990199140316,0.4301028189750843,0.4759620232673724,0.5348346953732224,0.49898453615689636,0.5560973751839324,0.6299575181930026,0.7305330726395993,0.8455169918056994,0.9769734052408002,1.1169337487001967,1.2769446868187617,1.4598786500024905,1.6690195704894948,1.9081218337374701,2.1814776751346434,2.493994231903745,2.8512816333934015,3.25975371110654,3.726743136358131,46.68994589169467,47.10319446690002,45.096224535248616,39.45900156140487,49.76908347629647,51.838109036516286,52.56368810825729,53.33118970977395,43.355522042494314,54.025338980397905,55.28710873751461,57.00248186667058,56.20785233306521,52.008200680894085,43.85849163195624,54.17110652807237,54.403748291026254,51.57808260711653,47.38485377446001,38.22164265173796,35.59320711777598,28.411205122548697,20.04008535374456,7.323284756185605,6.434529879864955e-12,6.756616527296559e-12,7.094814306425843e-12,7.449921031474769e-12,7.822793513887072e-12,9.964281975743176e-14,50.14007802,50.71213501,48.8995555,43.5003606,53.95859559,56.34325095,57.47036947,58.23730832,48.78396838,60.06326447,62.00476639,64.5902521,65.23013339,62.86147836,55.9147639,68.78681324,72.20631308,73.47876846,74.40068406,71.52185853,76.48538833,78.63343468,81.72940477,83.10742174,78.92645211,70.05180139,85.86877447,88.12013525,91.11466843,91.83947562,
3.9712665343219795,4.15810658093346,4.388021914961927,4.670943385921214,4.8548147406702125,5.2355664564971045,5.72117135709784,5.754361793398006,6.396985559382496,7.1526663410801055,8.00552599564668,9.097520214071086,10.862520659839678,13.114921131146904,14.68951442893308,17.87000886440079,21.82668357304349,26.90763368900734,33.26292497480158,41.08340535532724,50.55503376606709,62.21031136497,76.55267046274173,94.20160784273155,115.91944299937572,142.64424539036483,175.5303529460213,215.99823197239186,265.79583207211186,327.0740862172251,0.34949358519820534,0.36216604115888795,0.3766539419200298,0.39321736649344524,0.3969611150274909,0.414202485149738,0.4351079700801722,0.4064790907643699,0.4244336335814829,0.44045792353946756,0.44982347106989823,0.4615889397051219,0.5108053143744172,0.5739878211984909,0.5355132140792981,0.596807057427872,0.676074208429736,0.7840125001337686,0.9074139357660568,1.0484937516099548,1.1987000364516498,1.3704247404267915,1.5667505731735998,1.791201870578702,2.047807861761758,2.3411749996321847,2.676569653457278,3.060012647894295,3.4983873456004226,3.999563213661574,46.748897690481854,47.28735765790979,45.10752469312029,39.386560027587684,49.89921170430477,51.74137276835578,52.379571012824734,53.33452325584051,43.02834128703901,53.572900675383615,54.91961539328675,56.23241420622729,55.26592385578958,50.42292649765846,41.91131612699165,51.5829219881756,51.046472628531234,47.14939335086356,41.83756594943727,30.812577293067946,26.135924897486657,16.790361964608888,5.1300147240906195,6.127771544288357e-12,6.434523687540575e-12,6.7566168227570914e-12,7.0948132268312636e-12,7.449920858373453e-12,7.822803305145076e-12,9.964283058269733e-14,51.06965781,51.80763028,49.87220055,44.45072078,55.15098756,57.39114171,58.53585034,59.49536414,49.84976048,61.16602494,63.37496486,65.79152336,66.63924983,64.11183545,57.13634377,70.04973791,73.54923041,74.84103954,76.00790486,72.9444764,77.8896587,80.37109807,83.24943576,84.64820473,80.49635233,71.58223565,87.44532364,90.06743837,92.80390303,93.82341323,
4.554185674755651,4.768450886217706,5.032114156257543,5.3565640260881935,5.5674247886581805,6.0040648365802,6.560948859043476,6.599011126642675,7.335961901417039,8.20256467434902,9.180610642262701,10.432892347226,12.45696695329598,15.039984202726604,16.845702901879186,20.493043635990873,25.030495635758264,30.857248897541353,38.14539646520519,47.11379972166865,57.975713434081975,71.34180151139269,87.78939216811631,108.02891452098503,132.93458451373965,163.58216536932628,201.29543357584183,247.70335743510174,304.81045791584927,375.0833909435886,0.3857870897291444,0.39977552932244886,0.4157679403641445,0.43405141002640524,0.43818393180304427,0.457215748935346,0.480292184475972,0.44869031107624535,0.46850936102219237,0.4861977091054939,0.4965358311154752,0.5095230963939161,0.5638503938174687,0.6335941501030886,0.591124109628475,0.6587830723254585,0.7462817984574046,0.8654290480506083,1.0016452269369247,1.157375614786746,1.3231802187689365,1.5127378432489322,1.7294513248743193,1.977210987652501,2.260464479957464,2.584296616324188,2.9545206573077043,3.377782666013794,3.8616808146537167,4.414901782850137,47.150505935517245,47.78981995446198,45.14931615338055,39.254938803887754,50.033059599541254,51.96674495448706,52.66467037648329,53.76878902228395,42.712371907563764,53.49592572654864,54.71786788662513,56.037761166383554,55.098192602890194,49.37025793717411,40.46410749849633,50.06452433168789,49.10126445578875,44.61434375441266,38.548659277862754,25.73370298354971,19.887944757154454,8.810168875364015,5.8356527664062765e-12,6.127769164666563e-12,6.434522982307109e-12,6.7566178066916935e-12,7.09481424632294e-12,7.449922372943686e-12,7.822803257191576e-12,9.964283453842527e-14,52.0904787,52.95804637,50.59719825,45.04555424,56.03866832,58.42802554,59.70591142,60.81649046,50.51684317,62.18468811,64.39501436,66.98017661,68.11900995,65.04383629,57.90093451,71.21635104,74.87804189,76.3370217,77.69570097,74.00487832,79.18683841,81.66470823,84.75350053,86.3402203,81.66653672,72.54013935,88.90164405,91.51711563,94.65894117,95.90681221,
4.935371157062421,5.167570373373127,5.453302267297542,5.804908601301647,6.0334184162423705,6.506605249725682,7.110100482150877,7.1513485627293125,7.949982140222032,8.889119592141643,9.94902803792133,11.306125760452026,13.499615473863027,16.298831347229587,18.25568875753798,22.208312024282485,27.12554889724083,33.440001587856386,41.338167333106256,51.057226220451525,62.828282447670844,77.31311251184134,95.13736701694964,117.07093801884514,144.0612133628892,177.27399768717265,218.14386761292675,268.4361361393805,330.3231027025672,406.4778824055033,0.445679073421373,0.461839165250604,0.48031433750128966,0.5014362465411311,0.5062103266628873,0.5281967612815378,0.5548557259888197,0.5183477815030203,0.5412436638463176,0.5616780609373538,0.5736211372117839,0.5886246262078435,0.6513860306763434,0.7319572408226557,0.6828938875098657,0.7610566477634908,0.8621392195401021,0.9997836281093101,1.1571468525595534,1.3370537929633606,1.5285989333765908,1.7475846607048808,1.9979420890898818,2.284165500598279,2.6113930241592027,2.985498872494651,3.4131987928307486,3.9021706243843655,4.4611921268083385,5.100298553817498,47.214635619518255,47.939837011378415,44.83281495520342,39.387442872159575,50.087293417097214,51.79557941899537,52.620021751863014,53.84869027577053,42.752586085934645,53.287351926924146,54.5483379648702,55.54667522334359,54.75418455546427,48.230600921951556,39.79558224495616,48.880828217958225,47.40599024322347,42.63760227403893,36.097089534339034,21.85812367659021,15.534742498957923,3.4612687174594208,5.83562606361505e-12,6.12776866681771e-12,6.434523808506112e-12,6.756618886172348e-12,7.094815655214029e-12,7.44992403973094e-12,7.822805818862485e-12,9.964283214026342e-14,52.59568585,53.56924655,50.76643156,45.69378772,56.62692216,58.83038143,60.28497796,61.51838662,51.24381189,62.73814958,65.07098714,67.44142561,68.90518606,65.26138951,58.73416489,71.85019689,75.39367836,77.07738749,78.59240372,74.25240369,79.89162388,82.52196589,85.33714288,87.17760358,81.93968816,73.58403696,89.69289405,92.47779681,95.57700479,97.01369331,
4.75052572746402,4.974028340717842,5.24905866164975,5.587496214261293,5.80744760602249,6.262912079680773,6.84380448610805,6.883507694187135,7.652229890747115,8.55619364240639,9.576405128066925,10.882675201866636,12.994011712308309,15.688388001338705,17.57195484500883,21.376539732768094,26.109610363048134,32.187566611323106,39.789920796761315,49.14496985421716,60.4751623903575,74.41748925655877,91.57416844130778,112.68625708140141,138.6656603183275,170.63451967907582,209.97368230366854,258.3823445753125,317.95144637071087,391.2539860855728,0.511308729625782,0.5298485187175349,0.5510443015497798,0.5752765734299132,0.5807536734055699,0.6059777788758164,0.6365624802686307,0.5946784614095405,0.6209459377456895,0.6443894562781561,0.6580912419842332,0.6753041096193187,0.7473076114709262,0.8397435492592209,0.7834552414843903,0.873128066691375,0.9890958211691364,1.1470094228676244,1.3275455870760742,1.533945202033451,1.7536968310673844,2.0049298835570246,2.292154360302613,2.6205263608186633,2.9959406428626782,3.4251364419598507,3.915818450539011,4.476795128432279,5.118136827614222,5.851356569750886,47.925212662912244,48.325558380566775,45.02869992680272,40.056201612311156,50.481024040574425,52.17976106144601,53.482427063626055,54.3389985544062,43.559612551510185,54.314579191318614,55.114925569952156,56.13366404851754,55.498542896224436,48.81343770940593,41.05382251351081,50.490394610544804,48.57469396578722,44.60943352581396,37.85666483616753,23.66471469375454,18.652223348580517,6.4526532398898775,5.835636517289843e-12,6.127769133681594e-12,6.434524314426706e-12,6.756619271323773e-12,7.094816047536819e-12,7.44992465024691e-12,7.822806844113347e-12,9.964282726213398e-14,53.18704712,53.82943524,50.82880289,46.2189744,56.86922532,59.04865092,60.96279403,61.81718471,51.83278838,63.51516229,65.34942194,67.69164336,69.23986222,65.34156926,59.4092326,72.74006241,75.67340015,77.94400956,78.97413122,74.34362975,80.88108257,82.87507238,85.65375641,88.15778775,82.04035877,74.42978334,90.80374159,92.87350369,96.65162789,97.48489399,
4.366380757348573,4.57181012784681,4.824600486198484,5.1356707344331065,5.337836048260554,5.756469990592463,6.290389302059486,6.326881962810546,7.033442457241979,7.864308377568809,8.802021812875724,10.002662087522582,11.943268167852418,14.419767287405431,16.15102199334962,19.64795416394527,23.998291307421557,29.584761674911082,36.57236155968556,45.17092696737843,55.584918492747406,68.39981756576928,84.16914461502654,103.57403217359844,127.45264538167152,156.8363852781126,192.9944386281202,237.48859855023235,292.24072383780884,359.6157507796405,0.6121967187083303,0.6343946539085028,0.659772645615884,0.6887862659049865,0.6953440702976252,0.7255452260896251,0.7621646944273918,0.7120164035296024,0.7434668010878612,0.7715360365399099,0.7879413661650158,0.8085505607185148,0.8947613077975348,1.0054360812287217,0.9380413443021367,1.0454078064182835,1.1842575358551717,1.3733295841066904,1.589487926283816,1.83661292082879,2.0997244587910804,2.400529122301914,2.744426795093574,3.137590943452131,3.5870794389679346,4.100961257655037,4.688461329874081,5.36012614132666,6.1280130579012475,7.005906773028616,48.71119564394514,49.19764716824684,45.09292950818787,40.69651631966426,51.26560635144429,53.152786883320495,54.486462683515846,55.437940753662716,44.39455921167316,55.54903040589443,56.25307499096256,57.55237726176238,57.1406949343537,49.59305667136969,42.70835451235229,52.81368156964067,51.2420294067277,47.72264804098691,41.65501881403553,26.968238561797932,24.049260768466915,12.70072174193447,5.836040485463338e-12,6.1277711196187726e-12,6.434525184629484e-12,6.756619892441023e-12,7.094816648718314e-12,7.449925366745806e-12,7.822808486317007e-12,9.964283240327695e-14,53.68977312,54.40385195,50.57730264,46.52097332,57.29878647,59.6348021,61.53901668,62.47683912,52.17146847,64.18487482,65.84303817,68.36358991,69.97872441,65.01826004,59.79741785,73.50704354,76.42457825,78.6807393,79.8168683,73.97577845,81.73390372,83.50106843,86.50400532,88.99105852,81.63442415,74.91611422,91.76118861,93.57502281,97.56518276,98.52516038,
3.5525313222147186,3.719670725247677,3.9253435045825547,4.1784333887853355,4.3429171224653755,4.683521910578135,5.1179240351133535,5.1476148311189265,5.722479559368462,6.398480432987689,7.161413519980369,8.138266529241406,9.717163164137352,11.732067768332161,13.140634018365992,15.985773221307385,19.52525129783186,24.070459804380473,29.755641385484534,36.7515207268661,45.224449025867045,55.65077986550167,68.48086303643251,84.26887482167639,103.69675481358101,127.60366127615544,157.0222173331435,193.22311358180647,237.76999367571125,292.5869935773096,0.6891276385385229,0.7141150489532692,0.7426821336201994,0.7753417134975108,0.7827235960149991,0.8167199415295371,0.8579411486496693,0.8014910367378456,0.8368936083918542,0.868490128516079,0.8869570129643465,0.9101560356654143,1.007200346318624,1.131782923992904,1.0559191134090553,1.1767776450464762,1.333075748637167,1.5459072946802734,1.7892288992279355,2.0674085410168352,2.3635836548115523,2.7021885527011746,3.08930168791992,3.531872307520752,4.037845201525458,4.6163033235273225,5.27763084299482,6.03369955630372,6.898082002848304,7.886295111977636,49.9548642792488,49.9384651258012,46.3642291617995,41.7342635177195,52.15643275152211,54.71982541789494,56.14398658623973,56.49144291214611,45.79945256224268,57.00488206849939,57.775462447058615,59.986098175096664,59.21371300954768,52.739260577678756,45.815608148228975,56.444103093650384,56.31629382353541,53.80699919094393,48.22563554529243,35.82227494212218,34.25662978932679,25.1237443018028,15.782804265653487,2.0302521708090864,6.434526663223474e-12,6.756620022877872e-12,7.094816604857021e-12,7.449925074286825e-12,7.822809366293513e-12,9.964282679460668e-14,54.19652324,54.3722509,51.0322548,46.68803862,57.28207347,60.22006727,62.11985177,62.44054878,52.35882573,64.27185263,65.82383298,69.03452074,69.93807652,65.60311127,60.01216128,73.60665396,77.17462087,79.42336629,79.77050583,74.64120421,81.84466247,83.47671272,87.35296899,89.8309993,82.36874085,75.18515165,91.88553547,93.5477287,98.48605029,98.467931,
2.5432378601548185,2.662892050128883,2.8101320747099003,2.9913177468816623,3.1090707576035803,3.3529078737076965,3.663893993025262,3.685149472470952,4.096692006159404,4.580637356489024,5.12681700576371,5.826140764409709,6.956464281623644,8.398923533691224,9.407308454387447,11.44412814210811,13.978021254637556,17.231911314344536,21.301901900635777,26.310213887870994,32.37593719385511,39.84009075896078,49.025077549986264,60.32762935515113,74.23594302123674,91.35076738734385,112.41135173388116,138.32737655128926,170.21824583037176,209.4614380460382,0.8644592838171747,0.8958041286667981,0.931639408186702,0.9726084180647351,0.9818684397463843,1.0245143225297606,1.0762232559585814,1.0054107959937113,1.0498206847078175,1.089456165321581,1.1126214961133332,1.1417229418077106,1.2634577999012242,1.419737362422914,1.3245718637584898,1.4761798879614545,1.6722442149974948,1.939225533953607,2.244454359850944,2.5934099966083686,2.964939612367843,3.3896942313342504,3.8752988202564387,4.430470691856349,5.065175993344211,5.790808613339623,6.620394718839445,7.568826593970293,8.653129978273313,9.892769703634482,50.01648516603005,50.229392881206465,46.72857785710564,42.89819345505595,52.15325328265251,55.211787963765154,56.494480241018884,57.0791429015382,47.40753812913577,57.88990476819256,58.39174726812628,61.34346093378606,60.96675727847879,55.06210826388971,49.50404228185809,59.871102329934665,60.71588474036938,59.12038715170652,55.367115239518185,44.91572166552576,45.59730053378243,38.73443196971065,33.53749498976325,23.792740422998772,2.1606768954256244,6.756624018261958e-12,7.094820236873167e-12,7.449927361258758e-12,7.822814555838985e-12,9.96428200074452e-14,53.42418231,53.78808906,50.47034934,46.86211962,56.24419248,59.58921016,61.23459749,61.76970317,52.55405082,63.55999829,64.63118577,68.31132464,69.18667936,64.88076916,60.2359226,72.79141036,76.36615021,78.291524,78.9134715,73.81934555,80.93817734,81.96421696,86.43787136,88.55084047,81.46179591,75.46548697,90.86784087,91.85275847,97.08255051,97.41001623,
1.46609022400779,1.5350667994712694,1.619945671401776,1.724393055920159,1.7922736661342504,1.9328374795986878,2.1121104121374668,2.1243634739175503,2.3616037631004527,2.6405818163090076,2.9554358285502675,3.358572217021957,4.010165323791991,4.841694077401035,5.422993725944175,6.597151078277739,8.05785437275211,9.933611446548632,12.279822748232418,15.166944459616344,18.663627872428613,22.966458820229995,28.26129166026306,34.77682879011889,42.79449910627279,52.66061390500125,64.80132528166746,79.74103313409475,98.12503583305072,120.74740292172909,0.9880700606139571,1.0238969680580474,1.064856406484112,1.1116836577280735,1.1222677885894743,1.1710116921781342,1.2301145903061892,1.149176513846697,1.199936662132508,1.2452397000726816,1.2717174882438935,1.3049802083621018,1.4441221793802859,1.622748471797068,1.5139750665089577,1.687261827919304,1.91136178858293,2.2165193048963885,2.565393416322198,2.9642469234995366,3.388902308473089,3.8743934472286266,4.429435615891642,5.063992633314919,5.789455726202177,6.618848018290701,7.567058314472866,8.651108376623553,9.89045848912554,11.307356799441015,50.035884955380304,50.17097211247283,47.26916311211636,44.11447822635412,51.65293932527874,55.15525168822577,56.821668087559054,57.2809906622386,49.09168718477004,58.26203202362145,58.477293703209135,62.122973874619426,62.371307906831355,57.752503180805725,53.41262734755088,62.889753743807184,64.6923414386694,64.77244362855964,62.51581980545027,54.932876266889245,57.0874025891037,52.67990599254704,51.81773745385126,47.16168234657244,32.044369927531555,16.328438896714893,16.480600323866838,0.7223681292891609,7.822727580140644e-12,9.964281819317576e-14,52.49004524,52.72993588,49.95396519,46.95055494,54.56748078,58.25910086,60.16389309,60.55453065,52.65322761,62.14785354,62.70444702,66.7865263,67.82559541,64.21694573,60.34959614,71.17416665,74.6615576,76.92257438,77.36103597,73.06406765,79.13993277,79.52075826,84.50846473,87.00250377,80.62832476,75.60790082,88.84898392,89.11450964,95.38503443,95.49370501,
0.5602755094172833,0.5866353372933714,0.6190723267984429,0.6589875452550317,0.6849285431857661,0.7386458798849603,0.8071561475056801,0.8118387313728523,0.9025015853361621,1.0091147857505143,1.1294382073325206,1.283499288783685,1.5325096524367414,1.850283544107511,2.0724308249353416,2.5211423693834005,3.0793592301315176,3.796191477461771,4.692810737808524,5.796142279828774,7.132421622193415,8.776775265467597,10.800228609709475,13.290181700439451,16.354184343089283,20.124581556240344,24.764230017066403,30.47353241230535,37.499093533045446,46.14437200041398,0.9966115124594893,1.032748128513228,1.0740616441296478,1.1212936973481884,1.131969323587987,1.181134597808004,1.2407484157366027,1.1591106635050106,1.2103096120131318,1.2560042757422518,1.2827109533026435,1.3162612157050138,1.4566060107865093,1.636776452688072,1.527062746868271,1.701847499754176,1.9278847107190655,2.235680185953447,2.5875701679553216,2.9898715966523755,3.418197949572719,3.9078859558869556,4.4677262316325095,5.1077687287030455,5.83950314618621,6.676065187269587,7.632472364328038,8.725893585238714,9.97595736039243,11.405104163168101,49.86123624812528,50.135890124195555,48.13791787907416,45.63266893739914,52.030063623228735,55.18955119230966,56.88735558676045,57.464288845125004,51.05897474265371,58.644439818510385,59.464336539368155,62.86870408551478,63.58278866678039,60.571877863208236,57.344459038200384,65.53303301086663,68.18083470915383,69.31983347658942,68.65071051424104,64.09827727352396,67.01245171823923,65.78608997865109,67.57269785866394,66.82783749086371,58.236248680731016,49.55188282649692,54.68196741861272,48.73839888246347,45.96208439657004,36.17911930641811,51.41812327,51.75527359,49.83105185,47.41295018,53.84696149,57.10933167,58.93526015,59.43523824,53.17178594,60.90955888,61.8764857,65.46846459,66.57190433,64.05893786,60.94395261,69.75602288,73.18807865,75.35170514,75.93109142,72.88429115,77.56307129,78.4707512,82.8406527,85.22578792,80.42993617,76.35252957,87.0786698,87.93782488,93.43713529,93.72859547,
0.07267123983476363,0.07609027447288053,0.08029755500579625,0.08547480863327071,0.08883951840639319,0.09580699314504805,0.1046932035999496,0.1053005640316265,0.11706010356838817,0.1308885028588036,0.1464952036346766,0.1664778900294199,0.19877609252838987,0.2399933549406818,0.268807247485209,0.32700794288438256,0.39941216310351446,0.49238979159419943,0.6086869207992499,0.7517959265646548,0.9251197198466773,1.1384026779181964,1.4008572396512133,1.7238197379084452,2.1212400555124384,2.610284169602307,3.212075610381784,3.952607860461964,4.863867104525836,5.985213824809726,1.0245215099521083,1.0616701280255334,1.104140624173334,1.1526954059279393,1.163670001924619,1.2142121443255163,1.2754954407701784,1.191571432127135,1.2442042016443673,1.2911785394833704,1.3186331346570226,1.353122968525125,1.4973981043962425,1.6826142000142739,1.569827973742868,1.7495075547075245,1.9818749132900146,2.2982901674800202,2.660034790324958,3.073602626971186,3.513924213025579,4.017325878932877,4.592844420980779,5.250811238877516,6.00303779948957,6.863027669949948,7.846218926441466,8.970261290247313,10.255332966066407,11.72450287030477,50.50404824021518,50.88312664750373,50.283846840823124,48.37785381544114,53.77406847967146,56.00792735253202,57.764960335632594,58.443394083844105,54.281183574790234,60.425930567660984,61.766875321711595,64.18801365144893,65.217384093079,64.24103037504885,61.937118148775916,68.7542443424123,71.0741404936109,72.82937865093042,73.05205598888065,71.45355565646926,74.31904816713312,75.03406845315456,77.14955986937392,78.55467544322023,74.9482386750045,70.42698814045457,77.36200371318394,76.94139515929825,78.65069716941566,76.49990369488569,51.60124099,52.02088705,51.46828502,49.61602403,55.026578,57.31794649,59.14514898,59.74026608,55.64244788,61.84799761,63.23200366,65.70761451,66.91355829,66.16363793,63.77575337,70.83075984,73.45542757,75.62005861,76.3207777,75.27895421,78.7580921,80.18979701,83.14326153,85.52930642,83.07251653,79.90029998,88.42029825,89.86426431,93.76989724,94.20962039,
0.0008596048355680463,0.0009000475019458668,0.0009498140767133939,0.0010110541527497785,0.0010508542276877536,0.0011332702562385812,0.0012383823954325327,0.0012455666675763582,0.0013846664967913035,0.0015482382058365166,0.0017328448739587028,0.0019692136753114505,0.002351258774740032,0.002838804579091843,0.0031796348913189533,0.0038680722884558046,0.004724518634457545,0.005824321241815965,0.007199962759074364,0.008892753382283602,0.01094294505594968,0.013465800899876413,0.016570291904785213,0.020390511923602736,0.025091469655191604,0.030876215948685327,0.03799461428169462,0.046754133240094115,0.05753312716443707,0.07079717860068757,0.986122951674006,1.0218792579587697,1.062757980966046,1.109492953571918,1.1200562271513876,1.168704075111779,1.22769050398739,1.1469119255822753,1.197572044991127,1.2427858079358356,1.269211418493219,1.3024085904865614,1.4412763657908063,1.6195506539674651,1.5109915995420191,1.6839368788897395,1.907595224070573,2.2121513913989825,2.560338005117542,2.9584055242759004,3.3822240755779958,3.8667584966125745,4.4207068890225365,5.054013436776924,5.7780469188196975,6.60580479528222,7.552146530905528,8.63406034416911,9.870968170663279,11.285074315243762,51.66121086349247,51.50484311454142,51.13320336495949,50.0801034422777,54.966192228623406,57.586369434634584,59.11623305361991,59.17403840775301,56.20932544851509,61.997860583861495,63.17995281663614,66.05201616584161,66.1217355054381,65.47791376145729,64.28552996557069,70.73964415882602,73.38630060729939,74.93636004736385,74.49668029212826,73.37736492234693,77.14031476937141,77.8553534824932,80.7922707490786,82.19023119130567,78.44541902153163,75.79928542877593,82.82335528481997,82.91572073259833,85.74392038218022,83.77144463615573,52.64819342,52.52762242,52.19691116,51.19060745,56.08729931,58.75620678,60.34516194,60.3221959,57.40828216,63.24219463,64.45089708,67.35639397,67.56536313,67.10030322,65.7997012,72.42744911,75.29862035,77.15433576,77.06421826,76.3446632,80.53348179,81.73557778,85.22954793,87.26463514,84.24855741,82.43596644,90.41349643,91.59653521,95.67242168,95.12731613,
0.0,0.0,0.0,0.0,0.0,0.0,0.0,0.0,0.0,0.0,0.0,0.0,0.0,0.0,0.0,0.0,0.0,0.0,0.0,0.0,0.0,0.0,0.0,0.0,0.0,0.0,0.0,0.0,0.0,0.0,0.91461998614926,0.9477836320246583,0.9856982723920131,1.02904453050811,1.038841869793789,1.0839623022431022,1.1386716735944349,1.0637502835825465,1.1107370793298594,1.1526724294482653,1.1771819406820831,1.2079720129922376,1.3367705999328796,1.502118365854068,1.401430839327658,1.561835998474469,1.769277060691105,2.051750110396236,2.3746899986485306,2.7438939688441724,3.1369817849868658,3.586383013001269,4.100165062322127,4.687551072304013,5.359085481064511,6.126823313573018,7.004546586983238,8.008011718001661,9.155232373616212,10.46680284276938,51.6780957838528,51.42125678797749,50.13050110761023,49.78186618949425,54.520680360208694,57.6498351377595,59.142901986408305,59.07633163642032,55.871729910673146,61.97131795055489,62.66723725932122,66.12273254701124,66.02461128007077,64.20890555414977,63.910213400676376,70.73024095152975,73.50062474931333,75.02128481960844,74.45686976135636,72.02008993116095,77.2459770750185,77.38006939700438,81.0968767076838,82.4851295877022,77.145146328942,75.69768978643383,83.23996045302395,82.7266072920059,86.4163751763917,84.3733219272308,52.59271577,52.36904042,51.11619938,50.81091072,55.55952223,58.73379744,60.28157366,60.14008192,56.98246699,63.12399038,63.8444192,67.33070456,67.36138188,65.71102392,65.31164424,72.29207695,75.26990181,77.07303493,76.83155976,74.7639839,80.38295886,80.96645241,85.19704177,87.17268066,82.50423181,81.8245131,90.24450704,90.73461901,95.57160755,94.84012477,
0.0,0.0,0.0,0.0,0.0,0.0,0.0,0.0,0.0,0.0,0.0,0.0,0.0,0.0,0.0,0.0,0.0,0.0,0.0,0.0,0.0,0.0,0.0,0.0,0.0,0.0,0.0,0.0,0.0,0.0,0.8352814347136819,0.8655683059024103,0.9001940473931819,0.9397802418968896,0.9487277126922447,0.9899341810855712,1.039897797545585,0.9714754504642029,1.0143863847962342,1.052684060270829,1.0750674982205148,1.1031866910696055,1.2208126670138022,1.3718173697721927,1.2798639652015795,1.426354806749579,1.6158014301459818,1.8737714043415228,2.168697928220952,2.505875364311525,2.8648648462913715,3.2752828430359804,3.744496957953459,4.280930270781096,4.894212544188069,5.595353092101951,6.39693841299831,7.3133581359601,8.361063335569101,9.558861852759577,50.64743610528837,50.58781048409974,48.516427732609074,48.50581223810548,52.85348067731024,56.36006422891705,57.96940005245715,58.11706981953866,54.43692911520678,60.51937718973233,60.749991631782805,64.64117120893388,64.96276965298985,62.15436131023164,62.27681903480245,69.08839185325466,71.88070206985847,73.57259467566315,73.31947821178393,69.7722587656936,75.54184608371403,75.13025001696967,79.4452578920525,81.05192294922514,74.86681170581848,74.0304885379049,81.62887049700889,80.55138016404746,85.19345280443885,83.62300332724064,51.48271754,51.45337879,49.41662178,49.44559248,53.80220839,57.34999841,59.00929785,59.08854527,55.4513155,61.57206125,61.82505913,65.7443579,66.18358232,63.52617868,63.556683,70.51474666,73.4965035,75.44636608,75.48817614,72.27813413,78.40671093,78.40553286,83.18975485,85.33285322,79.76102425,79.62584163,88.02580891,87.8647383,93.55451614,93.18186518,
0.0,0.0,0.0,0.0,0.0,0.0,0.0,0.0,0.0,0.0,0.0,0.0,0.0,0.0,0.0,0.0,0.0,0.0,0.0,0.0,0.0,0.0,0.0,0.0,0.0,0.0,0.0,0.0,0.0,0.0,0.8871681187835864,0.9193363741998646,0.956113025353837,0.9981582669312387,1.0076615439148906,1.0514277088587503,1.1044950054372373,1.0318223439602647,1.0773988542290984,1.1180755355158396,1.1418494058695354,1.1717153293593732,1.2966480902967292,1.45703302465069,1.359367584526763,1.5149582620086726,1.7161730831498854,1.990167843716015,2.303414850647498,2.661537345941894,3.0428268253379307,3.4787394973484758,3.9771006320967115,4.546856540962653,5.198235175959237,5.942929736432583,6.794308579095267,7.7676551995847705,8.880442593567148,10.152646922569023,46.89337758121846,47.07667395580228,52.02873995464841,52.62609116307111,52.67626390608759,55.84776448114384,53.66138735456549,54.0863155860426,59.06011845577391,60.449410794487314,60.547288714133785,64.0558515206441,60.43978157970691,66.65618711535313,67.56850346547725,68.99454901799554,71.20260274685454,68.03077733628862,68.11239391935737,74.83559160406323,75.35805834466744,74.75442056265717,78.55873163790922,74.64962895904355,80.32210172404729,80.41210776357426,81.22495984091194,79.90391444042278,77.94647811644076,76.76793766743118,47.7805457,47.99601033,52.98485298,53.62424943,53.68392545,56.89919219,54.76588236,55.11813793,60.13751731,61.56748633,61.68913812,65.22756685,61.73642967,68.11322014,68.92787105,70.50950728,72.91877583,70.02094518,70.41580877,77.49712895,78.40088517,78.23316006,82.53583227,79.1964855,85.5203369,86.3550375,88.01926842,87.67156964,86.82692071,86.92058459,
0.0,0.0,0.0,0.0,0.0,0.0,0.0,0.0,0.0,0.0,0.0,0.0,0.0,0.0,0.0,0.0,0.0,0.0,0.0,0.0,0.0,0.0,0.0,0.0,0.0,0.0,0.0,0.0,0.0,0.0,0.7830194351434624,0.8114113133594436,0.843870586865051,0.8809799471016968,0.8893675913578428,0.9279958479725243,0.9748333342524093,0.9106920456564063,0.9509181229589178,0.9868195843959291,1.0078025324318083,1.0341623598939529,1.1444286981774017,1.2859853186695254,1.1997852669096292,1.3371104500581372,1.5147037520001776,1.756533026641971,2.033006548666383,2.3490874222240015,2.6856156026912923,3.070354511791831,3.510210775746701,4.013080457923239,4.587990804722979,5.245262297859774,5.996693922103531,6.8557749743165965,7.837927216064812,8.96078171679684,45.32321985485857,45.13664160664269,50.320362303137195,50.77372879290066,50.707551828644625,54.04655345203007,51.871965305750315,51.855592084346455,56.97783564704408,58.47651512560722,58.2831204375715,61.98705027010951,57.95774913182624,64.48678676133429,65.19646532309437,66.76263962994608,68.93755896800423,65.81076672336265,65.37820712133846,72.48515163778112,73.03581391731406,72.12142815821376,76.23380676425919,72.40823407208295,77.99376961528351,77.93808027214703,79.01439767790363,77.40749147569093,75.94643992394306,74.25096012320331,46.10623929,45.94805292,51.16423289,51.65470874,51.59691942,54.9745493,52.84679864,52.76628413,57.92875377,59.46333471,59.29092297,63.02121263,59.10217783,65.77277208,66.39625059,68.09975008,70.45226272,67.56729975,67.41121367,74.83423906,75.72142952,75.19178267,79.74401754,76.42131453,82.58176042,83.18334257,85.0110916,84.26326645,83.78436714,83.21174184,
0.0,0.0,0.0,0.0,0.0,0.0,0.0,0.0,0.0,0.0,0.0,0.0,0.0,0.0,0.0,0.0,0.0,0.0,0.0,0.0,0.0,0.0,0.0,0.0,0.0,0.0,0.0,0.0,0.0,0.0,0.6951724503841752,0.7203790425382978,0.7491967087261734,0.7821427682108548,0.7895894022901577,0.8238839531016288,0.8654667397422403,0.8085214651260203,0.8442345770522992,0.876108251956636,0.894737122132398,0.9181396393958496,1.0160351923527837,1.141710569385517,1.0651813052119008,1.1870999700421208,1.3447690716529195,1.5594675093699375,1.8049234548367825,2.0855432013317876,2.3843162704777807,2.7258913044979174,3.1164000749147234,3.5628527854001617,4.073263915186188,4.65679609069069,5.323924568064927,6.086625279364838,6.958589818050041,7.955471223114742,44.20531500961786,43.98557110746384,48.71019089127608,49.36009630179151,49.30461854771232,52.41948191690098,50.599303670260475,50.531344284876845,55.38834307295072,56.805789088046524,56.66939381787092,60.11849503060764,56.48844753765088,62.43944454061833,63.38696162479212,64.87247795996213,66.88890719835153,64.24083939063472,63.783978945168094,70.25514141867336,71.06860635952762,70.27600183550777,74.11642776509122,70.85992226460606,75.75678661482034,76.09090631931616,77.14035501194226,75.72255326064273,74.63468224195789,73.00682741688546,44.90048746,44.70595015,49.4593876,50.14223907,50.09420795,53.24336587,51.46477041,51.33986575,56.23257765,57.68189734,57.56413094,61.03663467,57.50448273,63.58115511,64.45214293,66.05957793,68.23367627,65.8003069,65.5889024,72.34068462,73.45292263,73.00189314,77.23282784,74.42277505,79.83005053,80.74770241,82.46427958,81.80917854,81.59327206,80.96229864,
0.0,0.0,0.0,0.0,0.0,0.0,0.0,0.0,0.0,0.0,0.0,0.0,0.0,0.0,0.0,0.0,0.0,0.0,0.0,0.0,0.0,0.0,0.0,0.0,0.0,0.0,0.0,0.0,0.0,0.0,0.6175354261107728,0.639926940069783,0.6655262424572888,0.6947928781982478,0.7014078704159514,0.7318723976522302,0.7688112088102277,0.7182255959803626,0.7499502590894208,0.7782642744145223,0.7948126679470823,0.8156015865274485,0.9025641408924859,1.014204061986384,0.946221604201584,1.0545243636034838,1.1945849425201533,1.3853058077495302,1.6033491749622613,1.8526292415574244,2.1180352634208224,2.4214631165612297,2.7683597748020263,3.1649525406050634,3.6183608342592595,4.1367239978892,4.7293474085526395,5.406869523370758,6.1814528553956025,7.0670023085109115,43.007340163891264,43.24674852993235,47.862796387544954,48.286122301804106,48.25187744958652,51.44310215235037,49.233857661192495,49.6807933040225,54.18024766091358,55.50694446558863,55.458264102056226,58.99626057347602,55.54809987911116,61.37004608801745,62.013171605802434,63.405510836400744,65.66990163748429,62.54563047225512,62.7835806150426,69.12625368844769,69.55632486658455,68.91777249344442,72.91469971520391,69.14348966940115,74.70890191574728,74.74081391211764,75.73817193145453,74.53906079663676,73.0937743046123,72.41159312148926,43.62487559,43.88667547,48.52832263,48.98091518,48.95328532,52.17497455,50.00266887,50.3990189,54.93019792,56.28520874,56.25307677,59.81186216,56.45066402,62.38425015,62.95939321,64.4600352,66.86448658,63.93093628,64.38692979,70.97888293,71.67436013,71.33923561,75.68305949,72.30844221,78.32726275,78.87753791,80.46751934,79.94593032,79.27522716,79.47859543,
0.0,0.0,0.0,0.0,0.0,0.0,0.0,0.0,0.0,0.0,0.0,0.0,0.0,0.0,0.0,0.0,0.0,0.0,0.0,0.0,0.0,0.0,0.0,0.0,0.0,0.0,0.0,0.0,0.0,0.0,0.5251750032064526,0.544217576179604,0.5659881712661273,0.5908776024942285,0.5965032369311426,0.6224113994632235,0.653825532884719,0.6108056537703518,0.6377854825308714,0.6618647700671307,0.675938136968943,0.6936178034633218,0.7675739812572536,0.8625167059001292,0.8047019053631468,0.8968065840766846,1.0159192889864515,1.1781153781067029,1.3635475350863917,1.5755445383966697,1.801255651459387,2.059301938373712,2.3543157074643273,2.69159288743765,3.0771880970490924,3.518023334366519,4.022012236761185,4.598202142274754,5.25693650257175,6.010040563027516,42.397713776795584,42.94850008382253,47.23426308873612,47.883288317508125,47.95949232307133,50.96968687053937,48.544228677118,49.3357960362325,53.72411278747213,55.18444462993602,55.12060602303436,58.45005206654014,55.17634898874637,60.585781324103685,61.503322794640845,63.060583815927515,65.10158613101797,61.72408044189792,62.445399684918456,68.33844083160844,69.31420399854596,68.7009664416319,72.48324534254158,68.45330278256854,74.07492919295741,74.5434593056403,75.81803956324597,74.69891167773278,72.74263855743615,72.75509884697267,42.92288878,43.49271766,47.80025126,48.47416592,48.55599556,51.59209827,49.19805421,49.94660169,54.36189827,55.8463094,55.79654416,59.14366987,55.94392297,61.44829803,62.3080247,63.9573904,66.11750542,62.90219582,63.80894722,69.91398537,71.11545965,70.76026838,74.83756105,71.14489567,77.15211729,78.06148264,79.8400518,79.29711382,77.99957506,78.76513941,
0.0,0.0,0.0,0.0,0.0,0.0,0.0,0.0,0.0,0.0,0.0,0.0,0.0,0.0,0.0,0.0,0.0,0.0,0.0,0.0,0.0,0.0,0.0,0.0,0.0,0.0,0.0,0.0,0.0,0.0,0.49461641343304963,0.5125509478054227,0.5330547676640504,0.5564959465687372,0.5617942397309844,0.5861948725715023,0.6157810979424367,0.5752644355271334,0.6006743770801212,0.6233525524816372,0.6366070261702209,0.6532579581048172,0.7229108151302144,0.8123290655376126,0.7578783603243869,0.8446237034339191,0.9568055447955077,1.1095638584694523,1.2842061926637027,1.4838676327468734,1.6964451936236151,1.9394764273152627,2.2173240999768717,2.534975983773097,2.8981343946847478,3.3133185574220914,3.787981635044835,4.330644524141663,4.951048817388518,5.660331679387311,41.83590285656899,43.08609371219671,47.36870827233819,47.96617651343362,47.935461160271494,50.2362601774311,47.90330140206029,49.49298276447573,53.81562210292287,55.27344122752151,55.09243778383308,57.60811547189866,55.35726420487342,60.76646464446621,61.61249596967962,63.1705833965703,64.17436879520892,60.92453236153518,62.68014841734116,68.57859170725824,69.48330196638175,68.73519038269038,71.50382138002904,67.6280643662331,74.41782825532177,74.82627769258474,76.12424458496234,74.87054035586587,71.97207097261939,73.29664109061287,42.33051927,43.59864466,47.90176304,48.52267246,48.4972554,50.82245505,48.5190825,50.0682472,54.41629648,55.89679378,55.72904481,58.26137343,56.08017502,61.57879371,62.37037433,64.0152071,65.13117434,62.03409622,63.96435461,70.06245934,71.17974716,70.67466681,73.72114548,70.16304035,77.31596265,78.13959625,79.91222622,79.20118488,76.92311979,78.95697277,
0.0,0.0,0.0,0.0,0.0,0.0,0.0,0.0,0.0,0.0,0.0,0.0,0.0,0.0,0.0,0.0,0.0,0.0,0.0,0.0,0.0,0.0,0.0,0.0,0.0,0.0,0.0,0.0,0.0,0.0,0.45419277629247007,0.4706615705679424,0.4894896697034987,0.5110150656206913,0.5158803438759553,0.5382867802014415,0.5654550048625877,0.5282496576708445,0.5515829146876844,0.5724076652764686,0.5845788873374772,0.5998689844669671,0.663829305333573,0.7459396484211842,0.6959390493706528,0.7755949345118245,0.8786084629630354,1.0188822604048913,1.17925155764541,1.3625952181610408,1.5577994004928468,1.7809683608393976,2.036108308494328,2.3277993787411697,2.661277852981594,3.0425301576462953,3.4784003293064676,3.9767128751418337,4.546413234290346,5.197728361566255,41.26667110370956,44.74854634943419,47.91714385029874,48.88156742438166,48.77720005612651,50.13187158980115,47.25484277514012,51.40103617233201,54.84028394531533,56.17935958472669,56.058962352665844,57.4869159955365,57.500847924670076,61.48187641158264,62.79260565063335,64.21876142549239,64.05739109704137,60.12178240959973,65.16266052235945,69.43830181184407,70.71068275951251,70.0534479191662,71.46412133151155,66.82473421126501,75.4695722770249,76.49794562236052,77.65612917070068,76.52413900486567,71.26883933571753,76.6940780584339,41.72086388,45.21920792,48.40663352,49.39258249,49.2930804,50.67015837,47.82029778,51.92928583,55.39186686,56.75176725,56.64354124,58.08678498,58.16467723,62.22781606,63.4885447,64.99435636,64.93599956,61.14066467,66.34191208,70.80089703,72.26848216,71.83441628,73.50022964,69.15253359,78.13085013,79.54047578,81.1345295,80.50085188,75.81525257,81.89180642,
0.05764103569553535,0.060352929672686025,0.0636900408590417,0.06779651078888788,0.07046531562252843,0.07599174479907354,0.08304006783847206,0.08352181115813945,0.0928491879820764,0.10381753335396386,0.11619638361931052,0.1320461577856939,0.15766429568148052,0.19035681199716686,0.21321128114428484,0.2593746377711514,0.3168038800910537,0.39055144260551716,0.4827954581340628,0.5963059930916657,0.7337821525485665,0.902952936305703,1.111125423739612,1.3672913145747252,1.6825153119253857,2.070413045623619,2.5477391790170922,3.135111101632173,3.8578994665259487,4.747324037758261,0.37672751541306554,0.39038745954492127,0.4060043151567366,0.42385842765134996,0.42789390396134425,0.446478790218377,0.4690133136828958,0.4381535582239046,0.4575071904287203,0.4747801567943447,0.48487550503835086,0.49755778578494736,0.550609296118927,0.6187152351732972,0.5772425336406288,0.6433126370496242,0.7287565997302812,0.8451058724316094,0.9781232387383259,1.1301965549557402,1.2921075109343667,1.4772136868514736,1.6888380093412871,1.930779444560217,2.2073811951865574,2.523608667261875,2.8851386064929354,3.2984610041411804,3.770995601859546,4.311225086908856,40.52927265889344,46.33392887078454,48.656553513986466,49.949674271562124,49.7129110304186,50.427311734985146,46.40031861848135,53.20537060062082,56.01763928159222,57.424177949854865,57.097577381345644,57.77773368643283,59.47002921820322,62.34382444283335,64.04613545521909,65.52437310518341,64.24878920018307,58.79532042496748,67.17770984313246,70.12692257195769,71.83564381652242,70.79232047684845,71.105878136925,64.59936260087123,75.40244899289456,76.63532735712133,77.49014186449715,75.56678162423418,66.8103306716224,75.66830159533306,40.96364121,46.78466926,49.12624787,50.44132921,50.21127025,50.94978227,46.952372,53.72704597,56.56799566,58.00277564,57.69864927,58.40733763,60.17830281,63.15289649,64.83658927,66.42706038,65.29434968,60.03097774,68.63862854,71.85342512,73.86153348,73.1724871,73.90584157,67.89743336,79.2923455,81.22934907,82.92301965,82.00035373,74.43922574,84.72685072,
0.7545794823852878,0.790080918625453,0.8337670807715205,0.8875249273595214,0.9224622831106053,0.9948088330494949,1.0870785136091312,1.0933850211243203,1.2154898218256034,1.3590765612634403,1.5211282370016985,1.7286178187220291,2.0639851659568205,2.4919632850466193,2.7911514118928302,3.3954764613708446,4.147283354162116,5.1127135702893876,6.320281072343515,7.806248832638625,9.60595086768274,11.820567605599214,14.54575610922813,17.899226826377262,22.025827916834537,27.103801752323935,33.35248382957739,41.04177663957575,50.503807702593214,62.1472753204594,0.43802587198661475,0.4539084627049593,0.4720663792817563,0.49282558288127365,0.4975176824950447,0.519126566039383,0.5453277429816242,0.5094467129501516,0.5319494271820215,0.552032924788514,0.5637709145468165,0.5785167636168426,0.6402004291934568,0.7193880704493605,0.6711672330821474,0.747987782349007,0.8473345641155309,0.9826153427815858,1.13727632580529,1.3140939040726802,1.5023498311688528,1.7175751353978157,1.9636334258057755,2.2449418086438757,2.566550180886826,2.9342318832706753,3.3545873402043656,3.835162547043085,4.38458453174331,5.01271622263439,39.859997575630125,47.34096304867173,49.30437489994897,50.51993716976156,50.39158384439682,50.37954952091371,45.421933333411964,54.19164140592842,56.456721780995416,57.78515131395124,57.45267544845483,57.182036107664636,59.78979000485341,61.84920973450788,63.24959573502907,64.22304195628439,61.5091275217268,54.06601953693369,63.8222989018561,64.90356454329385,64.90974011115381,61.96643949900865,58.76535166497202,47.90071920498508,57.09515762228518,53.54078259441225,48.63702061022545,39.736864423388724,19.71249495567137,20.827164856906403,41.05260293,48.58495243,50.61020836,51.90028768,51.81156381,51.89348492,47.05433959,55.79447314,58.20416103,59.6962608,59.5375746,59.48917069,62.4939756,65.06056109,66.71191438,68.3665062,66.50374544,60.16134845,71.2798563,74.02390728,76.01804081,75.50458224,75.2747412,68.04488784,81.68753572,83.57881623,85.34409178,84.61380361,74.60088719,87.9871564,
2.043210288147315,2.1393391936677997,2.2576302657552074,2.4031929106207155,2.4977944289201868,2.6936905784945617,2.943533524141013,2.960609950598543,3.29123885166062,3.680035406708108,4.1188303366116745,4.680659617622918,5.588749527532399,6.74760597200132,7.557731708433113,9.19409101491124,11.22979383205577,13.843934550332458,17.113721764834985,21.137346428061562,26.010484115264457,32.00710582158294,39.38622666668472,48.46657675600947,59.64036825170389,73.39023639126346,90.31008619588215,111.13074531094658,136.75153101481146,168.27909488566044,0.45660176441500505,0.4731579073491811,0.49208586863480885,0.5137254328651144,0.5186165160167605,0.5411417935959916,0.5684541155082066,0.5310514352804532,0.5545084493052148,0.5754436520619807,0.5876794289352015,0.6030506230444321,0.6673501823607089,0.7498960296032958,0.6996302329196897,0.7797086040430505,0.8832685048265673,1.0242862989358705,1.18550617714649,1.3698222721075333,1.566061795777317,1.7904144195435765,2.0469076011898135,2.3401457685292377,2.675392975619453,3.0586674002331407,3.4968493789525703,3.99780491927593,4.570526905958449,5.225296536448704,39.33103112743972,48.17929024898517,49.880009775612244,50.808470006516536,50.829273705065525,50.27508299791206,44.434368000353516,54.83711888412386,56.40519339903717,57.60742036123306,57.16850869445642,56.058488969336125,59.07648909011053,60.1591943083992,60.80051168865121,60.8740263610499,56.46220865312209,46.433615160736274,56.21831550802338,54.470541469836,51.200522358963596,44.671370228879105,36.186340272131346,18.52810228546746,22.63138193268313,10.069005088510199,7.094828434605909e-12,7.449925475205927e-12,7.822812180587876e-12,9.964255852242376e-14,41.83084318,50.79178735,52.62972591,53.72538835,53.84568465,53.50991537,47.94635564,58.32878027,60.2509407,61.86289942,61.87501846,61.34219921,65.3325888,67.65669631,69.05787363,70.84782598,68.57527099,61.30183601,74.51754345,76.97771017,78.77706827,78.46889047,77.61947454,69.33482481,84.94714316,86.51790888,88.44160245,87.93573966,76.01510722,91.98372569,
3.376182515703589,3.53502506458595,3.730488180478671,3.9710146007817513,4.1273333085988,4.451030364610772,4.863868626857529,4.892085562124082,5.438413818900947,6.080857790004559,6.805918631227668,7.734280340428163,9.234800034513702,11.149684120954985,12.488328685701473,15.192234256258184,18.55601149361926,22.875594376415627,28.27856170078465,34.927163323702814,42.97949271514742,52.88825711184538,65.08145079485422,80.08574055684633,98.54921428773088,121.2693741632492,149.22758356052182,183.6314555836236,225.96701410824886,278.06288036389776,0.4486500323133,0.4649178495695874,0.48351617989645707,0.5047788905292355,0.5095847953352418,0.5317177945949704,0.5585544716808898,0.5218031601429571,0.5448516696327663,0.5654222852661557,0.5774449757535262,0.592548480100768,0.6557282608489619,0.7368365699247346,0.6874461534526327,0.7661299575726669,0.8678863598774498,1.0064483252805998,1.1648605549429427,1.3459667801150672,1.5387887871618315,1.759234303904995,2.011260649841611,2.2993920665497374,2.628800934442903,3.005400624564778,3.4359516522495883,3.928183038261762,4.4909310560248,5.1342978556550785,39.08044806198514,48.568536455846605,49.48756166962713,50.45066362869137,50.21539324606844,50.00510228079687,43.7554487014643,54.95522689773584,55.61462727146931,56.39955920473245,55.64838719302213,54.70963184947454,57.727388424641,57.14805019912412,57.42593602084992,56.24421101617337,51.045410856507736,38.99434887830843,47.6807379742773,42.272283416187264,35.76515866769615,25.288348174255297,12.670600235310092,6.1277756678087e-12,6.434529768300002e-12,6.7566172218138166e-12,7.094813951958704e-12,7.449921535594933e-12,7.82280800790054e-12,9.964281307735788e-14,42.90528061,52.56847937,53.70156603,54.92645712,54.85231135,54.98785044,49.1778718,60.36911562,61.59789276,63.04583928,63.0317508,63.03646067,67.61791672,69.03457089,70.60171086,72.20257523,70.46930871,62.87639158,77.12416023,78.54541352,80.28344017,79.93583959,79.76331168,71.11571005,86.67714944,88.45207746,90.13277919,89.57966829,77.96757746,95.20130792,
4.358598752398939,4.563661995326802,4.816001816739709,5.1265176583968985,5.328322662036051,5.746210491833952,6.279178222814654,6.31560584433016,7.020907067623678,7.850292172816926,8.78633436344766,9.984834790683292,11.921982215673236,14.394067581713413,16.12223674990003,19.61293649483873,23.95552022718015,29.53203407862887,36.50718027694968,45.0904208464571,55.48585198094411,68.2779116330457,84.0191337166645,103.38943681285902,127.2254922376094,156.55686280988468,192.65047328013077,237.06533325292884,291.71987627874915,358.97482372630844,0.42342813007339725,0.4387814142483449,0.4563341962958328,0.4764015743301266,0.48093730404984936,0.5018260454172373,0.527154036451325,0.492468785138594,0.5142215692048919,0.5336357599655475,0.544982567019745,0.5592369928365298,0.6188649756602856,0.6954135930052787,0.6487997733594923,0.7230601849186332,0.8190961150371504,0.9498684981515232,1.099375216875758,1.2703001355119692,1.4522822061692067,1.6603348668507032,1.8981929671587212,2.170126407936731,2.4810167922356356,2.836445057229431,3.2427916602013664,3.707351117085624,4.2384629496988815,4.84566139235612,38.80847841752969,48.628816630426996,49.70307891696671,50.42652406727534,50.198849263916586,50.081505362751415,43.156941510736736,54.78152767053413,55.299720383174446,56.0743932672207,55.02858143953591,54.03046466648366,56.444105738670146,55.582651135285154,55.24843757674449,53.48420841024685,47.414127997787126,33.398665073224244,41.07682933617943,34.04785959803607,25.14397992289206,11.681928200109246,5.835655748793859e-12,6.127769333203484e-12,6.434523451435669e-12,6.7566155310275195e-12,7.094813839400254e-12,7.449922597407162e-12,7.822808943298864e-12,9.964283406546675e-14,43.5905053,53.63126004,54.97541493,56.0294433,56.00810923,56.3295419,49.96327377,61.5896023,62.83484902,64.4583212,64.35989837,64.57453645,68.98495293,70.67213231,72.0194741,73.82020509,72.18874434,63.88056765,78.68338483,80.40858058,82.08211411,81.6201747,81.70951894,72.25147328,88.7332085,90.22829651,92.15211817,91.46720937,79.21276938,97.12599949,
4.938719338613819,5.171076080084753,5.457001816017285,5.808846681593464,6.03751151878527,6.511019364686051,7.114924011426655,7.156200074918235,7.955375449598115,8.895150017266609,9.955777510467735,11.313795895176295,13.508773683457028,16.30988855948161,18.268073512070288,22.22337825906829,27.143951011185052,33.462687459462,41.36621136157517,51.091863709194854,62.87090548239364,77.36556213087817,95.20190870327022,117.15035955420802,144.1589452419118,177.39426129242338,218.29185755124112,268.6182446151462,330.5471956194468,406.7536391223966,0.41158335772755694,0.4265071566064244,0.4435689256752691,0.46307494864712784,0.467483798072093,0.4877882079590831,0.5124076861040431,0.47869270312347595,0.4998369853996145,0.5187080930405944,0.5297374900389559,0.5435931694883437,0.6015531481531253,0.6759604317476113,0.6306505643965832,0.7028336513597555,0.7961831191285047,0.9232973392699917,1.0686218298386356,1.2347653780233223,1.4116567708420658,1.613889467693357,1.8450938413151623,2.1094203484237477,2.411614036483097,2.7570997242480275,3.1520793851963576,3.603643482025185,4.119898250828356,4.71011121989229,39.011019053660654,49.14729367331097,49.9905190083097,50.953362769761775,50.20231753314512,50.24859091735746,43.21944899247202,55.233575991961146,55.72072602500528,55.98175382969594,54.67785048949661,53.76935128533885,56.30705202839351,54.863403878774626,54.657867683537184,51.9674154195762,45.424883119690904,30.624191051272668,37.88235895859112,29.421243112787003,18.99311080676972,3.65966701143415,5.835625401812552e-12,6.127769027959557e-12,6.434522676214747e-12,6.756615486484516e-12,7.094814442905653e-12,7.449923439626294e-12,7.822810246462395e-12,9.964283852458493e-14,44.36132175,54.74487691,55.89108975,57.2252844,56.70731285,57.24739849,50.84678069,62.86846877,64.17593846,65.39561194,65.16336549,65.62674035,70.41737886,71.84925287,73.55659176,74.89362733,73.36501725,65.01017585,80.31719215,81.7478722,83.27567306,82.63911861,83.04092725,73.52910527,90.21115577,92.15404659,93.49210541,92.60908338,80.61349886,99.14275524,
5.199236091504485,5.443849618520405,5.744857896947429,6.115262529867442,6.355989405170974,6.854474723575174,7.490235255786809,7.533688625842229,8.375020389522385,9.364367933914625,10.480943378722348,11.91059704288159,14.221359601841463,17.170232894966233,19.231711829340675,23.39565834735905,28.57579062247222,35.22783953274849,43.54827321292372,53.7869523587126,66.18733693447253,81.4465846895633,100.22379604366945,123.33002460065353,151.76330939780394,186.7517837116487,229.8067224408266,282.7878193685012,347.98351385818756,428.20983657466377,0.4261593580994296,0.44161167518469185,0.4592776775093839,0.4794744956573677,0.4840394820826544,0.5050629615833856,0.5305543251334737,0.49564534439950914,0.5175384399124647,0.5370778575490461,0.5484978546329826,0.5628442254211113,0.6228568251520996,0.6998992021559288,0.6529847105387386,0.7277241221993604,0.8243795105097562,0.955995411502195,1.1064664897275074,1.2784939211515336,1.4616498262716073,1.6710444838998948,1.9104368344469498,2.184124320792361,2.497020033670814,2.854740908837738,3.2637085592826596,3.731264552576014,4.265802202746408,4.876917242545317,39.456076540398115,49.87362186629705,50.582376895545444,51.68022727447754,50.30616866274884,50.237540774844035,43.65142461908244,56.00383909976113,56.46055495056817,56.1285734185395,54.638254346647976,53.55416195170077,56.8777182130101,55.13020682288167,55.021139290124616,51.49679302044579,44.41297712702246,29.88169932575396,37.15041264735368,27.99209625014102,16.434549249261245,0.16107263654200257,5.835622078929006e-12,6.127769135029533e-12,6.4345226083302676e-12,6.756615733973726e-12,7.0948149698741546e-12,7.449924123572619e-12,7.822811254861907e-12,9.96428336213669e-14,45.08147199,55.75908316,56.78651247,58.2749643,57.14619755,57.59707846,51.6722142,64.03317307,65.35311378,66.03001921,65.66769558,66.02760322,71.72193464,73.00033892,74.90583583,75.62017549,73.81314726,66.06553427,81.80515235,83.05754253,84.08353601,83.27870181,83.54815989,74.72275779,91.6564151,93.84442264,94.39907867,93.32582885,81.92215759,100.9794787,
5.068470097134699,5.306931348982965,5.6003689677689765,5.961457553236921,6.196129906555574,6.682077820003999,7.301848338161154,7.344208812444195,8.164380239733338,9.128844702622288,10.217337156821497,11.611033599629767,13.863678166165984,16.738384342879932,18.74801501762902,22.80723411082031,27.857080871677066,34.34182409030181,42.45299053109281,52.434156643049675,64.5226591286182,79.39812152160745,97.70306720610427,120.22815097562108,147.9463101861927,182.05478933255364,224.02685323620653,275.6754225193162,339.23138000369465,417.4399303628445,0.4738936388275929,0.4910767761509418,0.5107215544857913,0.5331806263399733,0.5382569387267893,0.5616352666035981,0.5899819280151957,0.5511627783394516,0.5755081282670106,0.5972361639146784,0.6099353194550913,0.6258886329927232,0.6926232681040011,0.778295192674888,0.7261257900238034,0.8092367931791579,0.9167185903242074,1.0630768412072649,1.2304022452920615,1.421698538348415,1.62536980990562,1.858218847169692,2.1244256309751197,2.4287689625030953,2.7767122497532326,3.1745015837091297,3.6292778648084094,4.14920499255141,4.74361641943951,5.423182700100664,40.15768948403975,50.51305089486824,51.04637814774749,52.260099900425466,50.8450222047201,49.97115294339501,44.48939941382638,56.77168503921923,57.15127311200264,56.59824537346619,55.33823401372671,53.352523867380974,57.875630105733656,55.960531914449,56.048389632351196,52.34075657600476,44.54952604800317,31.567145408495584,38.93157326362004,29.74425826860706,18.31028170148156,2.65367713122851,5.835623050585684e-12,6.127769401991509e-12,6.4345229189539535e-12,6.756616007376133e-12,7.094815329182482e-12,7.449924477235192e-12,7.82281173956772e-12,9.964282684127395e-14,45.70005322,56.31105902,57.15746867,58.75473808,57.57940905,57.21486603,52.38122968,64.66705663,65.89116148,66.32432624,66.16550649,65.5894461,72.43193154,73.47721145,75.52253044,75.95722748,73.32332551,66.97204634,82.61496604,83.60011345,84.45831064,83.9100175,82.99373689,75.74805915,92.25515789,94.61703733,94.81983142,94.03330938,83.04624485,101.9791048,
4.555841887937594,4.7701850208751875,5.033944176900933,5.358512038879833,5.569449484835054,6.00624832492208,6.563334868477969,6.601410978119156,7.338629758564521,8.20554768749552,9.18394933977086,10.436686459953341,12.461497157892037,15.045453768939252,16.85182915082855,20.5004963073205,25.03959843476189,30.86847070227933,38.15926873853087,47.130933519393004,57.996797366024914,71.36774626650922,87.82131839135958,108.06820121789166,132.98292861451446,163.6416550252086,201.36863835367976,247.79343930595508,304.9213078316075,375.2197969008274,0.5523649211478671,0.5723933864300053,0.5952911118832144,0.6214691451745683,0.6273860359313265,0.6546355433655052,0.6876760826606925,0.6424289326826558,0.6708055897872381,0.6961315357672567,0.7109335239646054,0.7295285209265022,0.8073136364901305,0.9071718366914635,0.8463637869084163,0.9432370068528797,1.0685165412052187,1.2391100184849828,1.434142566003433,1.6571153032855093,1.894512171772934,2.1659183050688453,2.4762058402834883,2.8309448925679375,3.236503546829117,3.7001621741692268,4.230244125196879,4.8362651463460615,5.5291042014444285,6.321198765027947,40.74137202091657,51.494155662696954,52.1186026212181,53.19588218594795,52.01973156923608,50.448550341715006,45.30160442886406,58.02689667920102,58.35400182165123,57.99219744674036,57.002793076267814,54.3023671591236,59.83928738562146,58.283518784373115,58.36564614226704,55.16576571583081,47.08009508403731,35.083590899240306,43.79278204547057,35.675555207326575,25.2922744522075,11.304878308427574,5.8356501839781834e-12,6.12777011174793e-12,6.4345234427959745e-12,6.756616244143349e-12,7.094815380276738e-12,7.449924432368034e-12,7.82281197423633e-12,9.96428314758891e-14,45.84957883,56.83673407,57.74783791,59.17586337,58.21656709,57.10943421,52.55261538,65.27073659,66.36343717,66.89387667,66.89767594,65.46858214,73.10809818,74.23614439,76.06383908,76.60949903,73.18821006,67.19117162,83.38619335,84.46360403,85.18358399,84.83854288,82.84080144,75.99589859,93.20804487,95.29520608,95.63408282,95.07385634,83.31796316,102.9311003,
3.7204148824800187,3.8954528669741246,4.11084521675402,4.375895482716533,4.548152297704332,4.904853198499957,5.359784058361939,5.390877965582706,5.9929093331933005,6.700856282191506,7.499843639019216,8.52286022747943,10.176371486235183,12.286495337740185,13.761626832518374,16.74122005022195,20.44796482394685,25.207968280072937,31.161817027775104,38.4883037655428,47.36164102359048,58.28069363907999,71.71709378398559,88.25120669758346,108.59719869628513,133.63388452118883,164.44268642846043,202.35434460876812,249.00639652258351,306.4139078854026,0.5964906426569376,0.6181190836932514,0.642845996008001,0.6711152638481908,0.6775048259563262,0.7069311627478094,0.7426111485024482,0.6937494258704114,0.7243929547853056,0.7517420662424977,0.7677265126010553,0.7878069725711705,0.8718059591021637,0.9796413406265327,0.9139756343061,1.018587580156751,1.1538750814019358,1.338096433989328,1.5487091741440515,1.7894941086398428,2.0458554473623307,2.3389428840776945,2.6740177670083454,3.05709518045622,3.4950519243649705,3.9957499629384574,4.568177558398822,5.222610623441561,5.9707971889001925,6.826168298084945,41.77675124486508,52.638982099334775,53.408588047240215,54.44609760343763,52.98403711634181,51.75740294875483,46.72998139313833,59.54879370854976,60.00191283202441,60.03335186156917,58.622208088383054,56.45568828995289,62.46615446466632,61.502781391637136,61.79601894317956,59.52775730962555,51.919255004655675,41.00279574594241,51.13901231808576,44.791979675822525,36.530042129052575,24.208890606847984,8.826477999012004,6.127773358724814e-12,6.4345272080864426e-12,6.756616745736951e-12,7.094814655693861e-12,7.449923490709466e-12,7.822810660127711e-12,9.964282803048902e-14,46.09365677,57.15255405,58.16227926,59.49310835,58.20969424,57.36918731,52.8323766,65.6334211,66.71921512,67.48595021,66.88977824,65.76635549,73.51433191,74.76891807,76.47162141,77.28756494,73.52109491,67.54886046,83.84953852,85.06977755,85.9375386,84.82852713,83.21758955,76.40045895,93.87697499,95.8060888,96.48053414,95.06263225,83.76150217,103.503049,
2.6569062956255722,2.7819083552523183,2.9357291812184565,3.1250128343963,3.2480287427458574,3.5027640072031,3.827649457837555,3.849854937726234,4.279791109173439,4.785366096151346,5.355956905385423,6.0865365047760935,7.267379129066267,8.774308200878846,9.827762258867978,11.955616336594591,14.60276022690768,18.002080880455466,22.253977166395366,27.486132545103132,33.82295958424248,41.62071885377383,51.216222920714614,63.02393525397969,77.55387235499018,95.43363315882934,117.43550723303099,144.50983267216571,177.82604453266723,218.82318683374223,0.7081721703750712,0.7338501256272959,0.7632066819726087,0.7967688325406862,0.8043547186255195,0.839290577298826,0.8816509617606262,0.8236408109048393,0.8600217577759418,0.892491470179475,0.9114687000980574,0.9353088442716935,1.0350350433885707,1.1630605490984014,1.0851001882165991,1.2092987312318377,1.3699162439469945,1.5886295409572162,1.8386755108984292,2.124542844702648,2.428902968165268,2.776865452947713,3.1746767346573677,3.62947810772614,4.1494339220919265,4.743878145222948,5.423481920487695,6.20044512978832,7.088715399286984,8.1042384796983,43.03391504400138,53.05362126912254,53.94192329681119,55.03909855306538,52.98743994863109,52.83669592550068,48.47305201040453,60.29021382137183,60.98252904305366,60.836015693672344,59.27803359451984,58.526198970955704,64.46179080754884,64.1612520500266,64.87464026291946,63.0093891021778,57.304365439149755,48.40561178859194,58.9013003427111,54.69645852019936,48.44781986759761,38.726099323284075,28.550449414633935,10.25314270830037,11.332069262924419,6.7566597670764865e-12,7.09481734224737e-12,7.449924504361866e-12,7.822813284451083e-12,9.964274648691467e-14,46.39899351,56.56937975,57.64085916,58.96088022,57.03982341,57.17875051,53.18235243,64.96370957,66.12234191,66.51387326,65.5454592,65.54804432,72.76420498,74.0986208,75.78750271,76.17430417,73.27704191,67.99632221,82.99395302,84.30713391,84.69968242,83.12368363,82.94134907,76.90655607,93.03537554,94.94900305,95.09081519,93.15210855,84.31636081,102.4469226,
1.498989797818785,1.569514231591753,1.656297814887456,1.7630890349898012,1.8324929096725477,1.9762110239300061,2.159506903337805,2.1720349280798152,2.4145989717473344,2.6998373893610843,3.0217568349882256,3.433939744029547,4.100154826418731,4.950343374055008,5.544687588601235,6.745193439714923,8.238675423430637,10.156525137427819,12.555386235578377,15.507295960885038,19.082446163905498,23.481834132581383,28.895484860480412,35.557232906425696,43.75482252907183,53.842336370460295,66.25548952698009,81.53044961228974,100.32699571671394,123.457016579782,0.8061553568635933,0.8353861315901984,0.8688044811764403,0.9070103138823319,0.9156457883610967,0.955415396366448,1.0036367926331144,0.9376003175763646,0.9790149571722353,1.0159772012209742,1.037580133667747,1.0647188165162953,1.1782432008409947,1.323982403199777,1.2352353933948061,1.376618131879657,1.5594587936538296,1.8084334122253347,2.0930759138129087,2.4184960477000232,2.7649676462875585,3.1610744587684367,3.613927181858583,4.131655184378259,4.723552441314163,5.400244374265839,6.173878593306428,7.058342964353218,8.069514916676273,9.225546465979608,44.13694419531966,52.6911975068202,53.489295383938355,54.500632901130224,52.53547246196884,53.53590127970614,50.06860501403181,60.162172154346685,60.72114641108344,60.50969115942109,59.46802800134733,60.234060769457614,65.5907502027439,65.73344221274904,66.70654819800797,65.43176410840964,62.56744489291996,56.0945193103515,66.18401256061361,64.00243381142006,59.93822989981232,53.92146080865583,49.40026391766696,37.28909953920228,41.93180626962054,32.823616535280735,19.389908049720663,1.6952342633645794,7.822819547571235e-12,9.964282093385026e-14,46.44208935,55.09609787,56.01439768,57.17073225,55.28361116,56.4675277,53.23174871,63.2718074,64.11476034,64.22550575,63.52736497,64.73271933,70.86914823,72.00776799,73.48647118,73.55357568,72.36557911,68.05947786,80.83247471,81.92822582,81.78564371,80.5643694,81.90967596,76.97798763,90.41018124,92.06619728,91.81927617,90.28402684,84.39467466,99.77881499,
0.4591337726979889,0.48073508672473503,0.5073165044667278,0.540026170568497,0.5612842624309742,0.6053044686392386,0.6614471647102577,0.6652844418369084,0.739580707663403,0.826947940574509,0.9255504059086345,1.0518001604734433,1.255858816943783,1.516267710952852,1.6983126467508882,2.0660221410849333,2.5234688953174587,3.11089755956627,3.8456578279650118,4.74981438114242,5.844866664395654,7.192379234901147,8.85055588586057,10.891019081506734,13.401903582490117,16.49166329525087,20.293755776549986,24.972406733337387,30.729703506920416,37.81432393388844,0.8998616013013134,0.9324901158038988,0.9697929623526331,1.012439781610315,1.0220790302071248,1.0664713955721001,1.1202979719163049,1.0465855197407672,1.0928141326089476,1.1340728103987874,1.1581868341025912,1.1884800752221627,1.3152003573556412,1.4778800578505675,1.3788172337015034,1.5366340817397286,1.7407278575687695,2.018642898439791,2.336371801555355,2.6996182655057224,3.0863631836606977,3.5285128357478133,4.034004454806188,4.611912354839799,5.272610828027916,6.027960378445417,6.89152063546068,7.878793768918,9.007502775763145,10.297909633764037,45.43225114600274,51.77117262747351,52.72250766318289,53.80252946782354,51.957648997364366,54.30129942579124,51.85020621337615,59.36456024842518,60.24608701973065,60.42106075902985,59.44117686999207,61.925613334307855,65.8391026957042,66.6806790112004,68.07541819955162,67.83975749717955,67.46772020711818,63.44161668199857,71.8457556304845,71.82444435335695,70.50697204194903,67.30400176935669,68.30788151933916,62.053785893659686,68.80651566948849,66.62256023631055,61.99856889799653,54.58697671775217,45.29195761732435,48.204500232347726,46.79124652,53.18439783,54.19961713,55.35499542,53.54101229,55.97307529,53.63195135,61.07643021,62.07848186,62.38208151,61.52491411,64.16589357,68.41016187,69.67482678,71.15254808,71.44241372,71.73191696,68.57115714,78.02778526,79.273877,79.43820189,78.02489384,81.19244186,77.55671733,87.48103008,89.14218391,89.18384531,87.43817722,85.0291639,96.3167338,
0.033212018539381036,0.034774576740481164,0.03669737700338146,0.03906347181406206,0.04060120260850935,0.04378545955415977,0.04784661204094935,0.04812418630502968,0.053498500077541956,0.059818318683189875,0.06695085194786816,0.07608328662928907,0.09084412602907778,0.1096811306885845,0.12284957993420736,0.1494483083857557,0.18253829432400176,0.22503068509924654,0.2781804926437058,0.34358379336404604,0.42279577665877277,0.5202697921525441,0.6402160843837152,0.7878155543257832,0.969443540668139,1.192945193050271,1.4679743315850426,1.8064104292021252,2.22287172774122,2.7353466510784603,0.9077482802069753,0.9406627615923331,0.978292542385813,1.0213131321981521,1.0310368622957446,1.0758182967475556,1.1301166266632026,1.0557581346512983,1.1023919100749409,1.144012192297429,1.1683375591253313,1.1988963000343997,1.3267271998168328,1.490832677965142,1.3909016350984196,1.5501016411740376,1.7559841610435842,2.0363349394627286,2.356848521727061,2.723278595491038,3.1134130715329973,3.559437866563448,4.0693597781059685,4.652332650395334,5.318821699271935,6.080791378114813,6.951920157281617,7.947846072660629,9.08644745129055,10.38816385348357,48.72466747125569,54.12591003166935,55.266329740613074,56.36940930599017,54.36741119509825,57.05203115370091,55.748593131298605,62.17395354904655,63.24938856985056,63.52025709902256,62.47069318893014,65.41127831333982,69.45832925415776,70.75038839135013,72.30570396497143,72.42502130044444,72.61094375463686,70.52211033544268,78.20514733563412,79.25177100115006,78.8843358718136,76.71118044128966,79.67201404751624,76.8808699452851,84.55274211006646,85.20963370884179,84.11217367114052,80.7836173081448,78.94317714097613,86.66481131543816,49.66562777,55.10134737,56.28131966,57.42978591,55.43904926,58.17163491,56.92655637,63.27783587,64.40527898,64.72408761,63.7059816,66.6862579,70.87590058,72.3509022,73.81945518,74.12457125,74.54946621,72.78347596,80.84017635,82.31863339,82.42054472,80.7908881,84.38158991,82.32101815,90.84100735,92.48337028,92.53206816,90.53787381,90.25249632,99.78832182,
0.0,0.0,0.0,0.0,0.0,0.0,0.0,0.0,0.0,0.0,0.0,0.0,0.0,0.0,0.0,0.0,0.0,0.0,0.0,0.0,0.0,0.0,0.0,0.0,0.0,0.0,0.0,0.0,0.0,0.0,0.850166966957515,0.8809935798176229,0.916236385892865,0.9565280451060781,0.9656349685834753,1.0075757765519817,1.058429793532018,0.9887880932945015,1.032463742452059,1.0714439199666235,1.0942262526761841,1.1228465570482062,1.2425687429461532,1.3962644972213907,1.3026723930319655,1.4517738446745572,1.6445965922176904,1.907163843701149,2.207346246734978,2.5505325145656457,2.9159195402800058,3.3336515871999133,3.8112275566332414,4.357220635837703,4.981432199273133,5.695067757610667,6.510938113040897,7.443689331913054,8.510065663050504,9.729210121510903,50.31825991304453,55.198560870184544,56.279705434109395,57.2993529148963,54.800492951419024,57.69935046345064,57.59062928647074,63.41241100670838,64.29924881755097,64.49834366003654,62.98760716732713,66.17705364295529,70.89158251705753,72.13040506278247,73.57863398697208,73.64132627532969,73.59086860778676,73.07861878630354,80.06797528326994,81.10585284543951,80.5815511697254,77.93388567280574,81.34683586337272,80.45469431416853,87.3358233807334,88.11862359239619,87.23017554696631,83.62833878809451,84.47332075695742,91.8306408784893,51.16842688,56.07955445,57.19594182,58.25588096,55.76612792,58.70692624,58.64905908,64.4011991,65.33171256,65.56978758,64.08183342,67.2999002,72.13415126,73.52666956,74.88130638,75.09310012,75.2354652,74.98578263,82.27532153,83.65638536,83.49747071,81.26753726,85.15806342,84.81191495,92.31725558,93.81369135,93.74111366,91.07202812,92.98338642,101.559851,
0.0,0.0,0.0,0.0,0.0,0.0,0.0,0.0,0.0,0.0,0.0,0.0,0.0,0.0,0.0,0.0,0.0,0.0,0.0,0.0,0.0,0.0,0.0,0.0,0.0,0.0,0.0,0.0,0.0,0.0,0.7822062776463152,0.8105686711935983,0.8429942360830227,0.8800650586370308,0.8884439924123072,0.9270321339863421,0.9738209800263982,0.9097463014880228,0.949930604429808,0.9857947825744569,1.0067559400381716,1.0330883930950814,1.1432402209390264,1.2846498363607042,1.198539302453363,1.3357218748348678,1.5131307479895297,1.7547088854578652,2.030895292620108,2.3466479194950742,2.6828266189652576,3.0671659807310334,3.5065654585543604,4.008912915823321,4.5832262242384365,5.239815147801197,5.990466418159185,6.84865532368098,7.829787610594267,8.951476038666414,50.09294745235574,54.82281153880855,55.71430750391923,57.018726721365354,54.34879208759018,56.694919896016266,57.33908950997634,62.97907075851485,63.98132027557319,63.98178562742871,62.46731861996514,65.0230291669084,70.41700490906463,71.42103352364313,73.22376955755067,73.06770689516937,72.3318930820149,72.80129080454678,79.58983599738477,80.37564457051006,80.04778518104013,77.42962138927462,80.07767510145156,80.31690036418289,86.7032306957681,87.99882946220565,86.889708491848,83.35963607632655,84.62066214941365,91.8003551613338,50.87515373,55.63338021,56.55730174,57.89879178,55.23723608,57.62195203,58.31291049,63.88881706,64.93125088,64.96758041,63.47407456,66.05611756,71.56024513,72.70568336,74.42230886,74.40342877,73.84502383,74.55599969,81.62073129,82.72229249,82.7306118,80.49678737,83.58424056,84.32581328,91.28645692,93.23864461,92.88017491,90.2082914,92.45044976,100.7518312,
0.0,0.0,0.0,0.0,0.0,0.0,0.0,0.0,0.0,0.0,0.0,0.0,0.0,0.0,0.0,0.0,0.0,0.0,0.0,0.0,0.0,0.0,0.0,0.0,0.0,0.0,0.0,0.0,0.0,0.0,0.7126115069074712,0.7384504301976917,0.767991014719345,0.8017635571770726,0.8093969970950496,0.8445518590562388,0.8871777891157545,0.8288039885816589,0.8654129976010418,0.8980862536998789,0.9171824466525731,0.9411720381320976,1.0415233933586008,1.1703514557465278,1.0919023828076584,1.2168794923245805,1.3785038720443556,1.5985882225499792,1.850201661894221,2.137861019377801,2.4441290927311625,2.7942728586133456,3.19457790981829,3.6522303075882743,4.175445581925108,4.77361621237149,5.457480236758271,6.239314014691312,7.1331526061644785,8.15504172141726,48.11661305309457,53.59285868980446,54.40456938528291,55.762696632825296,53.36586566290743,54.92968623094636,55.08069636088697,61.5647276714212,62.56943672240197,62.426434416303266,61.33655986335074,62.996780391871376,68.84389043664505,69.7552157742573,71.61527504719636,71.30485262767962,70.09859461796006,69.95916412745466,77.86023774811066,78.55907004062732,78.19418780727422,76.1549090313923,77.70943817018762,77.28244548241794,84.87596605808143,86.31625697763536,85.0737126832489,82.23466163531624,81.59942982384344,90.23874388858293,48.82922456,54.33130912,55.1725604,56.56446019,54.17526266,55.77423809,55.96787415,62.39353166,63.43484972,63.32452067,62.25374231,63.93795243,69.88541383,70.92556723,72.70717743,72.52173212,71.47709849,71.55775235,79.71043941,80.69693106,80.6383169,78.94918189,80.90401608,80.93467579,89.05141164,91.08987319,90.53119292,88.47397565,88.73258243,98.39378561,
0.0,0.0,0.0,0.0,0.0,0.0,0.0,0.0,0.0,0.0,0.0,0.0,0.0,0.0,0.0,0.0,0.0,0.0,0.0,0.0,0.0,0.0,0.0,0.0,0.0,0.0,0.0,0.0,0.0,0.0,0.29979542540049686,0.31066585188757334,0.32309356603112044,0.3373016634794899,0.3405130491297306,0.3553026879362773,0.37323540262221017,0.34867756403311867,0.3640789620263756,0.37782459006693164,0.38585835212983677,0.3959507653354546,0.4381685473078586,0.49236647057002847,0.45936297151617905,0.5119408001784589,0.5799361233012343,0.67252553680953,0.7783792275702147,0.8993974241770529,1.0282443013991514,1.1755496679649078,1.3439578706850142,1.5364920831487272,1.756608576112145,2.008258762614173,2.2959601316207663,2.6248773435601294,3.0009149435323583,3.4308233565312576,40.838732054601536,46.97691913811456,48.63206605397112,49.153878926522864,46.40627375087274,44.35108634206631,46.77959057738051,53.95591178596974,55.138361847976626,55.7094229899362,53.33169235787344,50.85414377466802,60.38702597269577,62.44059223943379,63.155918368487825,63.721381479825745,56.71323508670315,59.61474274319508,68.59808600243464,70.70378923582805,70.3940293486062,66.94817309204069,63.50545183932087,66.65081610685743,77.25959150389437,77.69099672739264,77.88854623838638,73.71760581644737,71.75611453647554,82.20680574346892,41.13852748,47.28758499,48.95515962,49.49118059,46.7467868,44.70638903,47.15282598,54.30458935,55.50244081,56.08724758,53.71755071,51.25009454,60.82519452,62.93295871,63.61528134,64.23332228,57.29317121,60.28726828,69.37646523,71.60318666,71.42227365,68.12372276,64.84940971,68.18730819,79.01620008,79.69925549,80.18450637,76.34248316,74.75702948,85.6376291,
0.0,0.0,0.0,0.0,0.0,0.0,0.0,0.0,0.0,0.0,0.0,0.0,0.0,0.0,0.0,0.0,0.0,0.0,0.0,0.0,0.0,0.0,0.0,0.0,0.0,0.0,0.0,0.0,0.0,0.0,0.23126733179791648,0.23965296518712903,0.24923991697762357,0.2602002869779983,0.26267760493477876,0.2740865859106416,0.28792018951472825,0.2689758517296004,0.28085675423203205,0.2914603674011767,0.29765774921280824,0.3054432098159754,0.33801073074509186,0.3798199380906869,0.35436047300384516,0.394919911595043,0.4473726697795093,0.5187977310064842,0.6004550831508068,0.6938105951332546,0.7932052855820537,0.9068391712214575,1.036752146524306,1.1852763394362311,1.3550779764837593,1.5492052454406644,1.7711430147574485,2.0248753920477536,2.314957244648048,2.6465959661492584,39.31504078820412,45.202750254815015,46.757815163024624,47.40506131302436,44.7452238350677,42.81688382409195,45.039909940488,51.91662521827325,53.17388667577095,53.83510448260198,51.4217093607905,49.09278276018749,58.113758709258555,60.04880657191314,60.91390975700017,61.592951378409175,54.77556971022491,57.43512122899816,66.06891082685405,68.06002384487186,68.1323079644233,64.68281969878416,61.46939195348159,64.36292057056998,74.51677901352276,75.2096398045662,75.61029521524972,71.47782271795978,69.54868746535986,79.64941625385093,39.54630812,45.44240322,47.00705508,47.6652616,45.00790144,43.09097041,45.32783013,52.18560107,53.45474343,54.12656485,51.71936711,49.39822597,58.45176944,60.42862651,61.26827023,61.98787129,55.22294238,57.95391896,66.66936591,68.75383444,68.92551325,65.58965887,62.5061441,65.54819691,75.87185699,76.75884505,77.38143823,73.50269811,71.86364471,82.29601222,
0.0,0.0,0.0,0.0,0.0,0.0,0.0,0.0,0.0,0.0,0.0,0.0,0.0,0.0,0.0,0.0,0.0,0.0,0.0,0.0,0.0,0.0,0.0,0.0,0.0,0.0,0.0,0.0,0.0,0.0,0.18086480419708514,0.18742286810182093,0.19492043442454662,0.20349209544832483,0.20542950538730637,0.21435200686750153,0.22517070740657943,0.21035510886305242,0.21964668103661228,0.2279393370062621,0.23278605806790675,0.2388747511687826,0.26434448894037643,0.29704177498337003,0.27713095951239036,0.3088508520804888,0.349872027725479,0.4057306724080308,0.46959157698118753,0.5426011380988732,0.6203336958557137,0.7092021508880206,0.8108018219619363,0.9269565717949927,1.0597515480598696,1.2115706148353087,1.3851391464534855,1.583572951955994,1.8104342084240066,2.069795407267692,38.06202138580495,44.00226165190031,45.5266643955777,46.01141306455403,43.51433606461517,41.669930613135094,43.60868209259613,50.536636351139805,51.608578208966385,52.19660011299688,50.0063615919354,47.77603968883468,56.57607478106326,58.479083815020445,59.126871090491626,59.72979399792372,53.32664776227893,55.63806285759661,64.36188823302369,66.33106853190624,66.13779697414967,63.00326650911762,59.944966268043984,62.46081218821123,72.73728890194667,73.21165973517155,73.56301750355371,69.81546204805156,67.6846290815839,77.9575482127325,38.24288619,44.18968452,45.72158483,46.21490516,43.71976557,41.88428262,43.8338528,50.74699146,51.82822489,52.42453945,50.23914765,48.01491444,56.84041927,58.77612559,59.40400205,60.03864485,53.67651979,56.04379353,64.83147981,66.87366967,66.75813067,63.71246866,60.75576809,63.38776876,73.79704045,74.42323035,74.94815665,71.399035,69.49506329,80.02734362,
0.0,0.0,0.0,0.0,0.0,0.0,0.0,0.0,0.0,0.0,0.0,0.0,0.0,0.0,0.0,0.0,0.0,0.0,0.0,0.0,0.0,0.0,0.0,0.0,0.0,0.0,0.0,0.0,0.0,0.0,0.14557714222563342,0.15085569382677405,0.15689044604821895,0.16378973152008297,0.16534914272498016,0.17253081785938273,0.18123873377517186,0.1693137353991546,0.17679247361920164,0.18346718937100964,0.18736828999946673,0.19226904747657417,0.21276950722320662,0.23908738306314195,0.22306127102595064,0.24859244793052995,0.28161017931084936,0.3265705125143285,0.3779718231727229,0.43673684000307694,0.4993033723163451,0.5708331305522979,0.6526101785062378,0.7461025338138176,0.8529885210150419,0.9751868999348431,1.114891310228733,1.2746096504235134,1.4572090983644301,1.6659675812516523,37.5419158977764,42.95736682617536,44.51786240395403,45.238830768482266,42.51068054727749,40.5145994521432,43.016024506227545,49.3357375846037,50.740486656383794,50.885004120632125,48.85240420000382,46.45026501252689,55.236584072780445,57.1913121469407,58.13684127897807,58.2370298320737,51.860707080693565,54.90331113749032,62.86687565683215,64.90580707000204,64.53199145768903,61.62060748945334,58.366613651499684,61.7210993861924,71.25441010899151,72.139962270072,71.89457768977847,68.41989346958404,67.0285924416435,76.40285263874856,37.68749304,43.10822252,44.67475285,45.4026205,42.67602969,40.68713027,43.19726324,49.50505132,50.91727913,51.06847131,49.03977249,46.64253406,55.44935358,57.43039953,58.35990255,58.48562228,52.14231726,55.22988165,63.24484748,65.34254391,65.03129483,62.19144062,59.01922383,62.46720192,72.10739863,73.11514917,73.009469,69.69450312,68.48580154,78.06882022,
0.0,0.0,0.0,0.0,0.0,0.0,0.0,0.0,0.0,0.0,0.0,0.0,0.0,0.0,0.0,0.0,0.0,0.0,0.0,0.0,0.0,0.0,0.0,0.0,0.0,0.0,0.0,0.0,0.0,0.0,0.1233479627791753,0.12782049587380287,0.13293376009243005,0.13877954600755252,0.14010083994366346,0.1461858954930946,0.15356413957622247,0.14346005157628852,0.1497968095968009,0.15545231689367806,0.15875773151962894,0.1629101584847021,0.18028026142204598,0.202579479004569,0.18900050471755836,0.21063314985942783,0.2386091757594288,0.2767042051145631,0.3202566945848232,0.3700484750655352,0.4230612913704301,0.48366867671679625,0.5529586223291321,0.6321749840897093,0.7227398115711938,0.8262788759066739,0.9446508547597049,1.0799806983072757,1.2346977752039001,1.4115794833026878,37.08418101722286,42.44261337412834,44.27408094990982,44.84565142399481,41.87746974005881,39.992553864509496,42.493566100426506,48.744000168426574,50.298498970406214,50.25731925310948,48.12436786848368,45.85096509151876,54.577325188581554,56.88363665099922,57.63336699528641,57.52405599014475,51.20092193424498,54.24980462489003,62.13559141542001,64.58089414493955,63.77325645863491,60.748204683288805,57.670790517676735,61.03948418591646,70.95251538843529,71.61542920410015,71.12740434524746,67.53918854170024,66.378911934804,75.68330763669748,37.20752898,42.57043387,44.40701471,44.98443097,42.01757058,40.13873976,42.64713024,48.88746022,50.44829578,50.41277157,48.2831256,46.01387525,54.75760545,57.08621613,57.8223675,57.73468914,51.43953111,54.52650883,62.45584811,64.95094262,64.19631775,61.23187336,58.22374914,61.67165917,71.6752552,72.44170808,72.0720552,68.61916924,67.61360971,77.09488712,
0.0,0.0,0.0,0.0,0.0,0.0,0.0,0.0,0.0,0.0,0.0,0.0,0.0,0.0,0.0,0.0,0.0,0.0,0.0,0.0,0.0,0.0,0.0,0.0,0.0,0.0,0.0,0.0,0.0,0.0,0.13135179408348588,0.13611454194604142,0.14155959684282945,0.14778470547436773,0.14919173583878897,0.15567163988833033,0.16352864518998844,0.15276892077731405,0.15951685982643588,0.165539342996482,0.16905924013564855,0.17348111074764613,0.19197832896534453,0.2157245033660207,0.20126441343648116,0.22430076268890423,0.2540921034658075,0.2946590519481115,0.34103758548710733,0.39406026660314103,0.45051299086525454,0.5150530823315921,0.588839130054336,0.6731957015256158,0.7696371206015922,0.8798946518308542,1.0059475791855903,1.1500587371042192,1.3148151316796735,1.5031743812030856,37.835455435918554,42.901014388056105,44.42838819315942,45.13563708452799,40.986114694163675,39.30258803011425,43.35388347481273,49.270639239225545,50.624085540176566,49.93302779700666,47.10024117986765,45.06031169925581,55.16592882103829,57.07994577663779,58.00542175656753,57.1505491073153,50.313374336538594,55.34454909805652,62.799507224517754,64.79519284340196,63.34569250914011,59.43110370767403,56.64783113995156,62.25697083848056,71.16860063940491,72.04330013817595,70.61690877082157,66.02827914290329,67.67855680832822,76.43689563879707,37.96680723,43.03712893,44.56994779,45.28342179,41.13530643,39.45825967,43.51741212,49.42340816,50.7836024,50.09856714,47.26930042,45.23379281,55.35790715,57.29567028,58.20668617,57.37484987,50.56746644,55.63920815,63.14054481,65.18925311,63.7962055,59.94615679,57.23667027,62.93016654,71.93823776,72.92319479,71.62285635,67.17833788,68.99337194,77.94007002,
0.0,0.0,0.0,0.0,0.0,0.0,0.0,0.0,0.0,0.0,0.0,0.0,0.0,0.0,0.0,0.0,0.0,0.0,0.0,0.0,0.0,0.0,0.0,0.0,0.0,0.0,0.0,0.0,0.0,0.0,0.12891124830375036,0.13358550324333512,0.1389293877995008,0.14503883251715724,0.14641971994198782,0.15277922592166232,0.1604902463034789,0.14993043998244304,0.15655300081131931,0.16246358489398152,0.16591808155523274,0.17025779281999073,0.1884113285766079,0.21171629373364328,0.19752487551657158,0.2201332042357328,0.24937101522255553,0.289184220708001,0.3347010306969783,0.3867385385115667,0.44214235850165395,0.5054832806003329,0.5778983670154707,0.6606875744782594,0.7553370903681401,0.8635460119502846,0.9872568476569737,1.1286903879554917,1.290385571785625,1.4752450642276353,39.86129094169828,44.0214617067588,45.665523552202735,46.2812097074852,40.92026556006047,38.99360620408092,45.67612959369923,50.55728388002041,51.90868529919167,50.51636057510916,47.02452857844806,44.70601152718346,56.60745458142703,58.67093810627017,59.47813504448744,57.819249825768466,49.91841509478186,58.31524806929662,64.44596176930787,66.60813635149353,64.0929704215037,59.340672449405275,56.20637883299042,65.62326589552792,73.17545684963837,73.90002599805655,71.46515746235018,65.93758184205201,71.37990447822227,78.48937053577254,39.99020219,44.15504721,45.80445294,46.42624854,41.06668528,39.14638543,45.83661984,50.70721432,52.0652383,50.67882416,47.19044666,44.87626932,56.79586591,58.8826544,59.67565992,58.03938303,50.16778611,58.60443229,64.7806628,66.99487489,64.53511278,59.84615573,56.7842772,66.28395347,73.93079394,74.76357201,72.45241431,67.06627223,72.67029005,79.9646156,
0.05419076583875994,0.05674033160769525,0.05987769041285139,0.06373835578270419,0.06624741163265604,0.07144304050741347,0.07806946591381134,0.07852237310250892,0.08729143297897807,0.0976032365146775,0.10924111511952761,0.12414215549958857,0.14822684612292458,0.17896245791347437,0.20044890712411131,0.2438490233626795,0.2978406733270171,0.36717386353043574,0.453896348392406,0.560612384041229,0.6898595128557097,0.8489040931399005,1.0446158180330904,1.2854481632297987,1.5818035222385658,1.9464825222353472,2.3952369280388144,2.94745001606911,3.6269738060271832,4.463159313266829,0.1125477235451435,0.11662864557205868,0.12129419686877199,0.12662813090590855,0.1278337335060059,0.13338598693851936,0.14011819845305493,0.1308988155198464,0.13668073257624633,0.1418410486237517,0.1448570440495505,0.14864588815833504,0.16449508014574352,0.18484179783125457,0.1724517866008534,0.19219029634289161,0.21771676599786238,0.2524762280570902,0.2922152998192803,0.3376473557535657,0.38601841644562035,0.441319072387288,0.5045420512474772,0.5768222979803947,0.6594573487476911,0.7539306235906204,0.861938055989753,0.9854185373517927,1.126588722946571,1.2879828241117028,42.21817463061813,45.352303482822386,46.99205936272062,47.55349702331374,40.3822779248638,39.13696684255665,48.36324086563585,52.07180545138052,53.318920254447804,50.87368993486472,46.37290607083421,44.82749407634554,58.24615529373498,60.27844545425912,60.99640334627907,58.10073267029865,49.90265560067954,61.49415865841713,66.04542006179321,68.09862862021035,64.01229125070405,57.841384054478446,55.51857438072534,68.390927948796,73.89881318902026,74.18501028418089,69.81614583597862,62.33264873658664,72.26840188103415,76.69567035262165,42.38491312,45.52567246,47.17323125,47.74386351,40.57635907,39.34179587,48.58142853,52.28122664,53.54289242,51.11313422,46.62700423,45.10028212,58.55887722,60.64224971,61.36930404,58.53677199,50.41821304,62.11380875,66.79153171,68.99688836,65.08816918,59.13160722,57.06773225,70.25319841,76.14007406,76.88542343,73.07332082,66.26551729,77.02196441,82.44681249,
0.733792074291989,0.7683155050864062,0.8107981862185324,0.8630750936591963,0.8970499834426093,0.9674035064137261,1.0571313109361709,1.0632640846719215,1.1820051014623234,1.3216362653522469,1.4792236872982798,1.6809972765870456,2.0071258119128523,2.4233138465593274,2.7142598387668357,3.3019367395504386,4.033032604474367,4.9718668259361065,6.146167854343145,7.591199677513253,9.341322918643517,11.494930653564312,14.145044752337924,17.406132935965278,21.419053038656457,26.357137151632152,32.43367844396187,39.91114404248473,49.112511907403224,60.43522138296134,0.09650622254169701,0.100005488070127,0.10400605527431143,0.10857974018766431,0.1096135074568457,0.11437439455867253,0.12014705954162035,0.11224172131687633,0.11719953793534178,0.12162435074522762,0.12421047436086996,0.12745929202879458,0.14104948826612154,0.15849617490801887,0.14787212012102346,0.16479728709734648,0.18668545225635455,0.21649062534430244,0.2505656610916414,0.2895222562355879,0.33099895785765987,0.3784175749642756,0.4326293410972717,0.4946074367606443,0.5654644594341806,0.6464723963257487,0.739085458402363,0.8449661856042867,0.9660152918689529,1.1044057857265381,43.070762743168345,45.870421266845604,47.04505726850939,47.92725039615548,39.598060879103,38.35108528903018,49.14195321952493,52.49879805401406,53.539022300605325,50.97808019390568,45.056165138344134,43.3962224513876,57.971052409824665,59.07167056853647,59.991846791116146,56.56824762335641,46.315201683273656,59.14732024872422,62.17451469457006,62.26671384625626,57.08173560350418,47.29959552147705,42.622156986570715,54.865480557280286,55.425219121915866,51.741861762048934,41.77081985764295,25.55573062191852,29.698584810735728,23.104049931312307,43.90106104,46.73874226,47.95986151,48.89890523,40.60472437,39.43286319,50.31923159,53.67430386,54.83822694,52.42134081,46.6595993,45.20467902,60.11922771,61.65348059,62.85397875,60.03498165,50.53491974,64.3356777,68.57124821,70.14743578,66.75405748,59.17294375,57.19983108,72.76622093,77.40973662,78.74547131,74.94358376,66.31184085,79.77711201,84.6436771,
2.116212222346151,2.215775721004758,2.338293219080195,2.489056676942742,2.5870382163071377,2.7899335464866577,3.0487031397640116,3.06638969047935,3.408831643491872,3.811519524700431,4.265992174506558,4.847895074195863,5.788430161302425,6.988691429540968,7.827762177676574,9.522587024931461,11.63102354157215,14.338564988011369,17.725178548026154,21.892563442203816,26.939813641881194,33.150688861780466,40.7934585821372,50.19824082784284,61.77126112355463,76.01239879860434,93.53677852814376,115.10133972490361,141.637531406766,174.29154474613063,0.08166618579610467,0.08462735929630251,0.08801274788557786,0.0918831242413132,0.09275792617274745,0.09678671810317535,0.10167170394781759,0.094981992100853,0.0991774311351772,0.1029218278748692,0.10511027589536331,0.10785951361598559,0.11935990666518542,0.13412376660393702,0.12513340298497044,0.13945593882271173,0.15797829847510672,0.18320024519500586,0.21203546563013118,0.2450015941679524,0.2801003052320417,0.32022722651061575,0.3661026949389792,0.4185502422828495,0.47851137873822797,0.547062494416676,0.625434182122379,0.715033328293114,0.8174683686698255,0.9345781620710242,43.58299431185978,45.87771712970109,47.345497263036485,47.6291127288183,39.043177247522586,37.91365459541275,49.323489856290905,52.165899407422664,52.80061874537597,50.16881491742785,43.57349635960137,41.81659975219161,56.06288435203606,56.85995723385893,56.58641383934248,52.27622963625005,40.49844325995717,52.56871965679828,52.7457714263486,50.66006742363337,41.65044956289215,27.33164311171453,18.02393089292973,25.26522680988053,18.084533277713653,4.29744607698584,7.094818469795503e-12,7.449922318376691e-12,7.822805338033765e-12,9.964223679791952e-14,45.78087272,48.17812021,49.77180323,50.21005253,41.72297339,40.80037486,52.4738647,55.32727109,56.30862782,54.08325627,47.94459881,46.77235434,61.97067442,63.98277243,64.53930942,61.9382726,52.2874451,67.09048489,70.68298544,72.79763246,68.87036351,60.8025592,59.18349217,75.88201788,80.33430578,80.85690737,77.3195226,68.13806063,83.19311025,87.25038486,
3.4536949452679244,3.6161842969593145,3.816134972672214,4.062183543251645,4.22209111001601,4.553219797800734,4.975536249267126,5.00440100591099,5.563272195519669,6.220465781855153,6.962173006122946,7.911848602016452,9.446818130065859,11.405665277503925,12.775043249598495,15.541026711119793,18.982031570201052,23.40078603581106,28.92779793485003,35.72904215413279,43.96624176864148,54.10249754022697,66.5756299001653,81.92439717423792,100.81176644406962,124.05354942019052,152.65364021059614,187.84737702759674,231.15490077713014,284.44681527512137,0.07542883795593094,0.07816384846154555,0.08129067414624022,0.08486544610502997,0.08567343404381327,0.08939452240757156,0.09390641190137612,0.08772763440665649,0.09160264201218031,0.0950610561914111,0.09708235900485414,0.09962162056714742,0.11024365801485428,0.12387991135604157,0.11557619698553069,0.12880483285595393,0.14591252621964493,0.16920811806739275,0.19584101574005913,0.22628931870993182,0.25870732578969324,0.295769507808929,0.3381411851500851,0.3865829914034574,0.44196452785280554,0.5052799740904645,0.5776659349953298,0.6604218444530787,0.7550332920952528,0.8631986918062908,43.679432346778185,45.951443254581285,46.97198443318379,46.90862658064568,38.45557429594264,37.780777979794266,49.04082739883422,51.92060134968521,51.602086442471155,49.25516103195657,42.08084559487549,40.621463767419854,54.30145244192292,53.864225531143866,52.73564216341998,47.971906246028475,35.23946806358372,45.612717596126174,43.71259324941478,38.447691487162395,26.539530315574204,7.920408501969723,5.835386645520069e-12,6.127811834909289e-12,6.434524094083815e-12,6.7566149581919875e-12,7.094813081916804e-12,7.449920494232756e-12,7.822798604917665e-12,9.964277516929415e-14,47.20855613,49.6457914,50.86941008,51.05567557,42.76333884,42.4233923,54.11027006,57.01272999,57.25696128,55.57068787,49.14010096,48.63293399,63.85851423,65.39377072,65.62626161,63.64173779,54.36741216,69.18271175,72.8362322,74.40302296,70.76447941,62.31867555,61.53778036,78.24841002,82.10590091,82.21867579,79.44601257,69.83708826,85.78749991,89.90833157,
4.4292854735884974,4.637674383571876,4.8941065923814016,5.209658306338625,5.414736135681002,5.839401171225859,6.381012446506694,6.418030842551342,7.134770473864906,7.977606350055897,8.928829051008751,10.146766474021742,12.115330096673368,14.627507157075154,16.383703363101112,19.931014448895894,24.344025174628566,30.01097760558868,37.099245071221766,45.82168660129151,56.385708373272806,69.38522661595253,85.38173610724914,105.06618218656737,129.2888051069242,159.0958648929884,195.7748329804344,240.9100026219861,296.4509200685953,364.79659230843504,0.06923313221088698,0.07174348964266936,0.0746134786534419,0.07789461974421752,0.07863623975728558,0.08205167886039076,0.08619296288796634,0.08052170861989046,0.08407842407702325,0.08725276498693599,0.08910803849655972,0.09143872575390533,0.10118827172193062,0.11370444664939199,0.10608279728511436,0.11822483633815907,0.13392730807932157,0.1553094058821311,0.1797546840502505,0.2077019710857733,0.23745717123187493,0.27147507495804457,0.31036635339814467,0.35482916189100955,0.405661672890051,0.46377640432637796,0.5302166006405064,0.6061749605461426,0.6930150477167949,0.7922957687483577,43.89576772420265,45.82503472678759,47.2435146689674,46.74379604391951,37.96818621456418,37.737522639916335,49.00214417060808,51.53470707883162,51.132292292061074,48.32091217496032,40.92450040049799,39.811165150227815,52.78506525160835,52.37879041627928,50.390592589617796,44.525964094770174,31.472912967296534,40.75407650853385,36.86100326473288,30.337687327627865,15.179252315500706,5.557379791125495e-12,5.835621616918946e-12,6.127767951003171e-12,6.434522164557074e-12,6.756614966145515e-12,7.094812906876802e-12,7.449921254540083e-12,7.822796999877664e-12,9.964284143648653e-14,48.39428633,50.5344526,52.21223474,52.03134897,43.46155859,43.65897549,55.46934958,58.03325963,58.35114119,56.38577129,49.94243749,50.04937035,65.00158362,67.12000202,66.88037875,64.57520338,55.95086545,70.92036352,74.14000302,76.3670759,71.80241786,63.33618567,63.33007094,80.21376357,84.27329048,83.78987378,80.61128746,70.9773555,87.94221164,91.51769349,
5.044043468879353,5.281355497344512,5.573378943511795,5.932727324050946,6.166268713937543,6.649874684194872,7.266658323913263,7.308814649106301,8.125033399911988,9.084849790611699,10.168096440844835,11.555076201053257,13.796864530823017,16.657716550804018,18.65766215284243,22.69731853107316,27.722828415671408,34.17631951898383,42.24839557479289,52.18145915689376,64.21170316392342,79.01547579983877,97.23220391672632,119.64873188200359,147.23330814585094,181.17740728710257,222.94719397841408,274.3468517798298,337.59651215341717,415.4281497263808,0.07449596409365507,0.07719714907732235,0.0802853034257988,0.08381586402704516,0.08461385909241888,0.08828892651554175,0.09274501475491487,0.08664265392233458,0.09046973697526985,0.09388537886368775,0.09588168300800762,0.09838953999341574,0.10888020830741181,0.1223478138917717,0.11414679655738087,0.12721182592170505,0.14410793813930783,0.1671154193740603,0.19341893196286772,0.22349066243393234,0.2555077364980022,0.292111548193346,0.3339591894845838,0.3818018867483465,0.43649848638564326,0.49903087237109534,0.570521592506597,0.6522540097964417,0.7456953406905753,0.8525229937661422,44.05758708702903,46.043376693580306,47.146766653064645,46.71289056192436,38.03264670697251,37.96589733929217,49.00608853133455,51.63400392697423,50.91851307311573,48.038086750527754,40.62300027615045,39.59395995895679,52.21165905087321,51.096077055308015,49.005878360604186,42.70242489300934,29.423251316193706,37.722691731646755,32.970879213249106,24.822438240677428,8.393478279583945,5.5573875167846286e-12,5.83562056655882e-12,6.127767828114912e-12,6.434522347706331e-12,6.756615064776243e-12,7.094812707568236e-12,7.449922443803438e-12,7.822796675223686e-12,9.964285315813271e-14,49.17612652,51.40192934,52.8004309,52.72943375,44.28352928,44.70406095,56.36549187,59.02946123,59.13401621,57.21682192,50.8869784,51.2474257,66.11740379,67.87614142,67.77768731,65.52695525,57.29018767,72.06612667,75.41269372,77.22738806,72.86068918,64.53403706,64.84603267,81.50966746,85.22266998,84.91405059,81.7993897,72.31972121,89.36297348,93.08869042,
5.118825110683247,5.359655463924536,5.656008371739871,6.020684355429567,6.25768816761142,6.748463950869991,7.374391860161096,7.417173183776493,8.245492975866412,9.219539348121527,10.318845923984329,11.726388675819823,14.001413160850996,16.904679409086004,18.93427567067199,23.033822915853314,28.133839668283024,34.68300850773116,42.8747590080496,52.955087538875624,65.16368873170231,80.186938148386,98.67374261280723,121.42261203690201,149.41614986386878,183.863495156546,226.2525495535874,278.4142449588151,342.60162791061936,421.58717656264133,0.09991573150259479,0.10353862405591002,0.10768052898290759,0.11241579953587724,0.11348608920408046,0.11841517569044425,0.12439178558460355,0.1162071563379304,0.12134012974672448,0.12592126863101535,0.12859875849651492,0.13196235501143386,0.14603268501248268,0.1640957529910117,0.15309635650020356,0.17061947982535713,0.193280941185188,0.22413911377977971,0.2594180008090738,0.29975090990181213,0.3426929593752917,0.3917868487667441,0.4479138852061361,0.5120816311011541,0.5854419913563016,0.669311891750962,0.76519691968356,0.8748183516677619,1.0001440527638104,1.1434238026349821,44.909974517816195,46.703316782021695,47.63581874927946,47.07336786503691,38.88740339318696,38.690564913442145,49.958561984257024,52.37411866988846,51.3021585443899,48.29918842325062,41.559978857522445,40.36736803917219,52.95342580414021,51.57749289792683,49.30348855283184,42.81247731432555,30.05671440053621,38.55496920849371,33.400248001146224,24.848776041227683,7.8991084389278,5.557387686854068e-12,5.835620546297231e-12,6.127767913348374e-12,6.434522519746087e-12,6.756615030318267e-12,7.094812680171556e-12,7.449922695036007e-12,7.822797168665186e-12,9.964284833313063e-14,50.12871536,52.16651087,53.39950765,53.20646802,45.25857765,45.55744404,57.45734563,59.90749901,59.66899165,57.64464904,52.00742354,52.22571907,67.10087165,68.64626806,68.39086058,66.01691971,58.38383501,73.46211683,76.53442501,78.10361449,73.40549013,65.95496734,66.08391815,83.08858808,86.18961134,85.68225364,82.41102796,73.91207907,91.09402019,94.47334454,
4.8748030364521275,5.1041526453692745,5.386377965367906,5.73366929768975,5.9593747825017935,6.426754547724271,7.02284353432478,7.063585408046646,7.852417952687806,8.780030072743346,9.826931054537678,11.167374131263148,13.333944785237415,16.098807974836777,18.03165033706209,21.935766013368404,26.79265731422838,33.02961744755047,40.83085490914454,50.430639052570115,62.05723790655611,76.36430647996397,93.96981723464347,115.63421391680089,142.29325778902265,175.09844644061224,215.46675100639376,265.1418201188751,326.26929420708547,401.4894832307577,0.13013219572549733,0.13485072158474326,0.14024521927325242,0.14641252791569806,0.14780649403585783,0.1542262323267669,0.16201028551664406,0.15135046489529333,0.15803574948703572,0.16400231404069407,0.16748952901665784,0.17187034266270182,0.19019581463876667,0.21372150636153464,0.1993956780312179,0.22221813531575169,0.2517328641853163,0.2919231494929538,0.3378710594249807,0.39040142617807416,0.446329988206284,0.5102708264220207,0.5833717724050204,0.6669450950690056,0.7624910578082957,0.8717248504203479,0.9966073792716286,1.1393804684353406,1.3026071037129157,1.4892174419783308,45.68845118782442,47.70747143304812,48.3165783953611,47.35923986439691,39.270870963464816,39.83052766995156,50.919715670161295,53.58826590706091,51.69538207782815,48.1566007232191,42.150293296448964,41.86554901607762,54.57998504012746,52.9041170888055,50.202044224910715,43.23590711132006,32.433965321590726,40.968084602961234,36.50999814143537,27.93153316125693,10.209164855242964,5.557389809571391e-12,5.835621081889805e-12,6.1277681422235095e-12,6.434522582830882e-12,6.7566151449036784e-12,7.094812742018697e-12,7.449922606164584e-12,7.822796694688196e-12,9.964284654512199e-14,50.69338642,52.9464748,53.84320158,53.23932169,45.37805224,46.41150845,58.10456949,60.80320178,59.70583578,57.10063311,52.14471388,53.20479349,68.10412564,69.21664657,68.43309024,65.39389126,59.4783555,74.2896252,77.67872411,78.75257364,72.71273275,66.12907671,67.32279193,84.02453309,86.90575665,85.7351603,81.63328167,74.1071938,92.12014177,95.88585614,
4.265343850296238,4.46601963896863,4.712960494640651,5.016832658808799,5.214319920226819,5.623266782784672,6.144831341232195,6.180479571371886,6.8706904410293985,7.682330341586026,8.59834533361234,9.771203106783892,11.66690407071189,14.086097649300262,15.777291574811134,19.19330565091991,23.442977132366615,28.90017803879947,35.72608669248086,44.12568354883557,54.29869803801234,66.81706370305169,82.22149265480056,101.17735619792975,124.5034245508199,153.20723240245013,188.52859786870653,231.99317458443977,285.4783500339179,351.2943364996496,0.16506359306385313,0.1710487132560519,0.17789125645818357,0.18571405633011698,0.18748220490488024,0.19562519413916873,0.20549872144698103,0.19197748419000027,0.20045730034322298,0.20802547037204316,0.21244875878664016,0.21800551464500223,0.24125009475906495,0.2710907900875598,0.2529194783331183,0.28186816993806085,0.3193055402087695,0.3702841075199197,0.42856581916607633,0.49519691712678393,0.5661383882347065,0.6472428715684653,0.7399663112449416,0.845973228643779,0.9671666030010379,1.1057220326701946,1.2641267902950888,1.4452244729923052,1.65226604907908,1.8889682177101683,47.16414566664194,49.02542689777745,49.69889110890341,48.66402429486343,40.47136332487076,41.119039163078746,52.78715329732356,55.25301543444098,53.33812383863039,49.07951904804507,43.902863047604306,43.81906040857458,57.1169760645327,55.819153740616024,53.20913681685978,45.76896794914624,36.39070626742903,46.339795583685266,42.57455804835795,35.22360534404279,17.681386973758343,5.561934417818892e-12,5.835624177673197e-12,6.1277716877886885e-12,6.434522788556505e-12,6.756615496504786e-12,7.094812978077297e-12,7.44992163915789e-12,7.822801197528221e-12,9.964284728467832e-14,51.59455311,53.66249525,54.58974286,53.86657101,45.87316545,46.93793114,59.13748336,61.62547249,60.40927158,56.96987486,52.71365714,53.80826903,69.02513023,70.17634218,69.23934787,65.24414177,60.15298894,75.61025773,78.72921056,79.84448581,72.5462234,66.85060128,68.08640091,85.51822123,88.1107135,86.74526561,81.4463446,74.91576643,93.75774401,97.18256633,
3.380770481947444,3.5398288853486197,3.735557620227715,3.976410897000187,4.132942029634737,4.457078964462297,4.870478241406142,4.898733521266302,5.445804195133622,6.089121197016607,6.815167338841446,7.74479061851809,9.24734940073725,11.16483566389991,12.505299341223106,15.212879306581218,18.581227652389504,22.90668050825801,28.31699003986422,34.97462658896688,43.03789846212286,52.96012808955373,65.16989136285049,80.19457077339413,98.68313491151453,121.43416969562533,149.43037209841728,183.88099627510246,226.27408549083293,278.4407459273988,0.21142989332737974,0.21909623149620058,0.22786084247104493,0.23788106383993576,0.24014588467419773,0.25057623647506766,0.26322323383352314,0.24590388619402434,0.25676567946674267,0.26645974556681795,0.27212553400808065,0.2792431804652573,0.30901715425761783,0.3472400895094747,0.3239644632217692,0.3610448312447319,0.4089983445293456,0.47429677193247144,0.5489497941256645,0.6342975420610246,0.7251664453147736,0.8290531470479375,0.9478225655238902,1.0836067855422336,1.2388433324798014,1.4163189294368281,1.6192195229930644,1.8511874756093403,2.116386951361849,2.4195786687787284,48.52160165472722,50.343371983157326,51.0007906773035,50.02591256916224,41.70344878569353,42.63537305906522,54.59894305476307,56.98589913254254,55.12571720540264,50.13696095741973,45.860061727153756,46.24862670102013,60.03447311500879,59.145651246594426,56.89034743555914,49.123557142178264,41.68191242308558,52.99022403981415,50.508511926015,44.78326653897723,28.175316112567725,13.35779135340398,2.5563056616315425,5.100701261069871,6.434519684638772e-12,6.756616081401763e-12,7.094813688115679e-12,7.449920611035464e-12,7.822783396390665e-12,9.964283320043105e-14,52.11380203,54.1022971,54.96420914,54.24020453,46.0765367,47.34302826,59.73264453,62.13053654,60.82828708,56.4925419,52.9473546,54.2726605,69.59083967,70.657727,69.71961124,64.69748128,60.67213842,76.37120132,79.37445176,80.39219067,71.93838102,67.14697259,68.67401959,86.37887882,88.71512176,87.34695488,80.76393087,75.24789334,94.70132437,97.97904574,
2.301586617243279,2.4098716057046525,2.543121301066458,2.707091224934047,2.8136556787996296,3.0343240842228902,3.315761185165607,3.3349970292845335,3.7074359595173787,4.145398196257579,4.639681405498857,5.272557405513232,6.295480790358006,7.6008816584763315,8.513452706141951,10.356739568311475,12.649869349325224,15.594584011188045,19.277855643965566,23.810292041439595,29.299667535442286,36.05459841455799,44.366853830767326,54.59546924383088,67.18225442181487,82.67087675425506,101.73034415317261,125.18390185078417,154.0445912479304,189.55900672458003,0.2752258812018026,0.2852054287714437,0.29661463747405314,0.3096583192954306,0.312606517868793,0.3261840811946857,0.3426471316070894,0.3201019151246662,0.33424110130060974,0.3468602151015636,0.354235575283177,0.3635008711570489,0.4022587215485886,0.45201488833869613,0.4217161701454348,0.4699850161624207,0.5324078256468118,0.6174091324170401,0.7145876509990128,0.8256878779556941,0.9439751909664875,1.0792082395183604,1.233814654654061,1.4105698476862116,1.6126468328902914,1.843673187752422,2.107796173291725,2.4097571834623,2.7549768601104954,3.149652401425458,48.80380446155695,50.888454365526044,51.39289092146175,50.56316729577289,42.918729303334054,43.86924750458502,55.23386223323003,57.87969225559367,56.046122969185,51.705588868643986,47.91718846922127,48.50674984333319,62.22582089809703,61.6643649831888,59.935717663716616,53.533260835530285,47.34469751503238,59.084747616399554,58.62091799504027,54.68617804060981,41.31947011359659,29.967195365929275,22.909042134584517,29.15758192848912,18.739408265301346,1.7690955479993657,7.0948170506416855e-12,7.449922203249323e-12,7.822806919243609e-12,9.964224629510275e-14,51.38061696,53.5835314,54.23262686,53.57991684,46.0449915,47.22975567,58.89227055,61.5347912,60.08780003,56.19784728,52.91110545,54.14280812,68.92356041,69.71726153,68.87088654,64.35998542,60.52697469,75.29674076,78.61336129,79.32215796,71.56311284,67.10100202,68.50971062,85.16362102,87.53430952,86.28364549,80.342624,75.19637667,93.36897872,97.03956312,
1.1193139206764624,1.1719753734660505,1.23677773103407,1.3165200344443493,1.3683447521271004,1.4756608167032723,1.6125300800713918,1.6218849085783744,1.8030104313322326,2.01600142834327,2.2563825952806513,2.564164588611233,3.061635496664057,3.6964816296755854,4.140285686236305,5.036718012167014,6.1519191810375355,7.5840008975149225,9.375259667145153,11.579486575776468,14.249094732264972,17.534171257109183,21.576610125095527,26.55101844643036,32.67225836011921,40.204727683201014,49.473780179621855,60.87977873020796,74.915388409429,92.18685641757814,0.33576882915113565,0.3479436325827197,0.36186258755486217,0.37777555967020104,0.38137228966797737,0.3979365841331395,0.41802110211920707,0.39051649060445054,0.407765951181036,0.4231609607178189,0.4321587193658599,0.44346215323524857,0.490745780739888,0.5514470846769017,0.5144833911168756,0.5733702001656086,0.6495244977243119,0.7532240085622087,0.8717794193412773,1.0073189731099075,1.151626595705714,1.3166076003137344,1.505223637303749,1.7208606404505282,1.9673896093980925,2.24923609976589,2.571459668345941,2.939844699548465,3.361004243563539,3.842498730285697,48.64724556017445,50.46782378395338,51.343575671413326,50.34323779588781,44.290960568207396,45.282143629166185,55.396549707812134,57.68980214082004,56.14730038748975,52.94408102094208,50.21760697535681,51.050333168157,63.318544122599725,63.81048061565136,62.233559042650846,57.816980807671605,53.63067805124259,65.08622249392754,66.02511207351847,64.84796134111876,55.12506372203469,48.24393657258271,45.320513997606625,54.77297232312536,50.81187059048923,41.34586921703994,27.132794842039367,11.36970820025111,12.769676917015387,1.0011858028073599e-13,50.10232831,51.98774279,52.94221599,52.03753339,46.04067761,47.15574103,57.42710089,59.70220354,58.35807677,55.38324341,52.90614829,54.05795991,66.8709254,68.05840933,66.88832812,63.42706902,60.43212173,73.4234474,76.27215116,77.43476689,70.52578505,67.09471543,68.40234776,83.04485141,85.45151856,83.799833,79.17803469,75.18933163,91.04606957,94.14959627,
0.21928964317488203,0.22960677671354163,0.24230248754629347,0.257925147943669,0.2680783530797413,0.28910310857784044,0.31591775938417077,0.3177505043964178,0.35323559085951944,0.39496358054250785,0.44205769717048893,0.502356601924865,0.5998182843909055,0.7241937427921702,0.8111413197006648,0.9867652633079877,1.2052491594450356,1.48581449755305,1.8367477694172099,2.2685874198864107,2.7916019283625664,3.4351955133506826,4.227167238656539,5.201725140279371,6.400963791442964,7.87668251482495,9.692622776946376,11.927221405631013,14.676998551651124,18.060726732503596,0.39142398494255093,0.4056168154299153,0.42184289822385923,0.44039351524632847,0.44458641901303975,0.46389631792088976,0.48730993283455487,0.4552463113524166,0.47535494565913894,0.4933017455343701,0.503790922133852,0.516967949733097,0.5720890458372099,0.6428518570794055,0.5997612692245448,0.6684088250940953,0.7571860314127646,0.8780741908985051,1.0162806808843763,1.1742865100364683,1.3425137538721703,1.5348410834422097,1.754721055652112,2.0061008376472693,2.2934930642371856,2.6220568462914686,2.997690384326774,3.427136849834068,3.9181054350709217,4.479409744339673,49.33472234188461,51.25732352785869,51.67537903423211,50.95273655681237,47.256679577909686,48.43814586350386,56.44404378778401,58.81988496425405,57.09606594348437,55.7965357539263,54.17656437069898,55.37196317834553,65.57656953977556,65.91659017013228,64.98065182107884,63.26248998160217,61.07814514914664,70.8296377315531,73.27945941970331,73.11037941008226,68.04909083777065,64.93530961321275,65.37294049569726,75.57697561207956,75.78428585432638,72.67871966889042,68.34847889873403,62.98469163454245,72.16586045328584,71.43706080315692,49.94543597,51.89254712,52.33952442,51.65105522,47.96934435,49.19114529,57.24727148,59.59288178,57.92465648,56.68480108,55.12241299,56.39128773,66.74847687,67.28363577,66.39155441,64.91766407,63.04058034,73.19352642,76.13248787,76.55325334,72.18320652,69.90534621,71.35482879,82.78480159,84.47874271,83.17745903,81.03879206,78.33904989,90.76096444,93.97719728,
0.00309191907055495,0.00323738760012068,0.003416393365599224,0.0036366682537156995,0.003779825441319142,0.004076268271619546,0.004454346912261253,0.004480188074537722,0.004980517291946574,0.005568869597184537,0.006232882704255306,0.007083079415984859,0.008457260295219553,0.010210917450077529,0.011436852552573562,0.013913098181978405,0.016993656457758678,0.02094954469248508,0.025897599967962523,0.03198641123773454,0.03936076102243782,0.04843524010088942,0.059601807045688765,0.07334278504064405,0.09025169511042899,0.11105889237492071,0.13666311264794143,0.16817029198862707,0.20694133595797395,0.25465090190226447,0.40641114417172414,0.4211474012721971,0.4379947614938241,0.4572556595971933,0.4616091046664349,0.48165835665627266,0.5059684510610787,0.4726771516156514,0.4935557216335956,0.5121896831487137,0.5230804778552272,0.5367620381821385,0.5939936555521368,0.6674658907447998,0.6227254154882913,0.6940014046937845,0.7861777847427359,0.9116946081960163,1.0551928604437923,1.2192485450256367,1.3939170101125622,1.5936083245769124,1.8219072396252296,2.082912054742231,2.3813081881616225,2.7224522869773056,3.1124683867945087,3.558357847127243,4.068125036043293,4.65092102027996,51.55679812675977,53.12451417112984,53.88988422514283,53.14822970215146,51.20281294989473,51.77045858507469,59.053156822029386,61.01786232031267,59.622016281077464,59.23178188725724,58.84352153944382,59.36112373240535,68.2765623941563,69.16642533180897,68.27426423196316,67.71960963712846,66.16540036880393,75.22239915711614,77.48146094959313,78.21523834374176,74.65261005887038,73.65361847532783,73.919363183335,83.97814063022335,85.22200581673447,83.49716556065462,82.17113092056475,80.65315017089169,90.15821913800667,92.07127197781799,51.96630119,53.54889896,54.33129538,53.60912203,51.66820188,52.25619321,59.56357962,61.49501966,60.12055252,59.74954044,59.3728349,59.90496885,68.87901331,69.84410214,68.9084265,68.42752414,66.96857181,76.15504331,78.56255141,79.4664733,76.08588783,75.29566204,75.80087223,86.13439547,87.6935657,86.33067674,85.42026242,84.37967831,94.43328551,96.9768439,
0.0,0.0,0.0,0.0,0.0,0.0,0.0,0.0,0.0,0.0,0.0,0.0,0.0,0.0,0.0,0.0,0.0,0.0,0.0,0.0,0.0,0.0,0.0,0.0,0.0,0.0,0.0,0.0,0.0,0.0,0.40000303914532837,0.41450694168429375,0.43108866043603017,0.4500458615081562,0.454330663446838,0.47406378800194854,0.4979905719577631,0.46522419449435054,0.4857735607702354,0.5041137105034693,0.5148327841405654,0.5282986198822702,0.5846278352876647,0.6569415938824524,0.6129065659752259,0.6830587079849934,0.773781693035364,0.8973194246285838,1.0385550620718813,1.200023991659297,1.3719383642831393,1.568481037441025,1.7931802396221586,2.0500696501995685,2.343760809875391,2.679525904582313,3.0633924089333107,3.5022512882080417,4.003980701259844,4.577587424991459,51.59984752085671,52.75552516831786,53.56104391956623,52.6184798384942,51.87577794655564,51.92910764200065,59.10404320804498,60.594708565508526,59.02852112923278,58.4191968894997,59.618610715862765,59.54516177012121,67.80705566471599,68.75115912612138,67.60064485402881,66.79823451201922,66.38314906696907,75.30688946537607,76.96815399793302,77.77038029834584,73.66181700572224,74.69177244256463,74.22089309038377,84.13993405980666,84.80237830013114,82.78058915542455,81.17565975107388,81.9583912217995,90.49027078874808,91.71313012500873,51.99985056,53.17003211,53.99213258,53.0685257,52.33010861,52.40317143,59.60203378,61.05993276,59.51429469,58.9233106,60.1334435,60.07346039,68.3916835,69.40810072,68.21355142,67.48129322,67.15693076,76.20420889,78.00670906,78.97040429,75.03375537,76.26025348,76.01407333,86.19000371,87.14613911,85.46011506,84.23905216,85.46064251,94.49425149,96.29071755,
0.0,0.0,0.0,0.0,0.0,0.0,0.0,0.0,0.0,0.0,0.0,0.0,0.0,0.0,0.0,0.0,0.0,0.0,0.0,0.0,0.0,0.0,0.0,0.0,0.0,0.0,0.0,0.0,0.0,0.0,0.38707163693570296,0.40110665354384817,0.4171523141822169,0.4354966619311376,0.43964294367913276,0.4587381306550189,0.4818914033205779,0.45018430582373037,0.47006934684590185,0.48781659145198486,0.4981891360906713,0.5112196447947694,0.5657278346846675,0.6357038152973754,0.5930923632169653,0.6609766085474141,0.7487666773583211,0.8683106490573411,1.0049803841064606,1.1612293041726638,1.3275859842780584,1.517774774816977,1.7352098427910438,1.98379446573817,2.2679911012741405,2.592901494734579,2.9643582629666407,3.389029598333474,3.8745389725214845,4.429601989008855,50.61642603306634,51.8466024664583,52.59624854582002,51.98502193807121,50.72119334632334,50.578239649347566,57.97812642668214,59.550561964179124,58.317510503157095,56.78494257855115,58.29162308391262,57.99607635520869,66.63958771531898,67.51421527470644,66.78751966678703,64.93004018145679,64.6573278226461,73.87577320094731,75.64857204589842,76.37765458583245,71.6043344557273,73.03850739518866,72.29711425721486,82.55474950426806,83.29842359873238,81.82368051527227,78.91500149704054,80.16206664167409,88.80913768748646,90.19079227099134,51.00349767,52.24770912,53.01340086,52.4205186,51.16083629,51.03697778,58.46001783,60.00074627,58.78757985,57.27275917,58.78981222,58.507296,67.20531555,68.14991909,67.38061203,65.59101679,65.4060945,74.74408385,76.65355243,77.53888389,72.93192044,74.55628217,74.0323241,84.53854397,85.5664147,84.41658201,81.87935976,83.55109624,92.68367666,94.62039426,
0.0,0.0,0.0,0.0,0.0,0.0,0.0,0.0,0.0,0.0,0.0,0.0,0.0,0.0,0.0,0.0,0.0,0.0,0.0,0.0,0.0,0.0,0.0,0.0,0.0,0.0,0.0,0.0,0.0,0.0,0.350168079810478,0.36286499259563965,0.37738085384424225,0.393976244499751,0.3977272181684568,0.41500186275337847,0.4359476935944379,0.40726356283577164,0.4252527564817091,0.4413079720351837,0.45069159432182676,0.4624797693686741,0.5117911276970577,0.5750955716960828,0.5365467116683666,0.5979588472227351,0.677378977473848,0.7855255814310826,0.9091651719451935,1.0505172605280408,1.2010134314624885,1.3730695503549017,1.5697742762260647,1.7946587466484385,2.051759966830996,2.345693279768124,2.6817352183977774,3.0659182270863146,3.5051389528292427,4.007282050153319,48.64477189019156,50.044763997406505,50.677834046158004,50.69941353550261,48.292622651834016,48.262812227249206,55.72186883640827,57.480353097167075,56.87400355352128,54.60283478796796,55.50024145568147,55.34034011063478,64.32666149230658,65.05753141830773,65.13819222833563,62.44075876278147,61.70534522253055,71.01507768857354,73.04477264805966,73.62426902947706,68.89295616854285,69.5829923096507,69.04043554377982,79.41469113335776,80.35403968317553,79.9337164502387,76.0115080116094,76.45061050292122,85.52858190717868,87.28073438984688,48.99493997,50.40762899,51.0552149,51.09338978,48.69034987,48.67781409,56.15781653,57.88761666,57.29925631,55.04414276,55.95093305,55.80281988,64.83845262,65.63262699,65.67473894,63.03871761,62.3827242,71.80060327,73.95393782,74.67478629,70.0939696,70.95606186,70.61020982,81.20934988,82.40579965,82.27940973,78.69324323,79.51652873,89.03372086,91.28801644,
0.0,0.0,0.0,0.0,0.0,0.0,0.0,0.0,0.0,0.0,0.0,0.0,0.0,0.0,0.0,0.0,0.0,0.0,0.0,0.0,0.0,0.0,0.0,0.0,0.0,0.0,0.0,0.0,0.0,0.0,0.5490759856920551,0.568985195882007,0.5917465818643026,0.617768743813073,0.623650403744967,0.6507376599794,0.6835814666490952,0.6386037308755812,0.6668114254155699,0.691986573619523,0.7067004266331646,0.7251847037747629,0.8025066649730126,0.9017702814804477,0.8413242998579104,0.9376207095170067,1.0621542944314943,1.2317320103649558,1.425603279467612,1.6472483746181013,1.883231715656599,2.1530218208150482,2.461461817134674,2.8140886537407725,3.217232498179056,3.678130372182978,4.205056066800289,4.807468669045383,5.496182366348131,6.283560577037421,40.77708241430997,41.62354050412012,42.95565839813794,41.261457686189274,45.286415996257496,47.716396160023194,46.684306373353635,47.814870529127276,46.29911782458743,46.609031456383626,52.049360233370145,54.72148040622871,53.469002095030625,55.079398208523365,52.98965608014609,53.23336587048719,60.92241969557293,59.33050370963968,60.47580896053726,62.04640499538702,58.35053620434877,64.7513549191906,67.69808685287126,65.68421869626545,67.07056743182748,63.763040507823874,63.41831548320691,70.16856094096218,69.6018104636598,70.1269363329628,41.3261584,42.1925257,43.54740498,41.87922643,45.9100664,48.36713382,47.36788784,48.45347426,46.96592925,47.30101803,52.75606066,55.44666511,54.27150876,55.98116849,53.83098038,54.17098658,61.98457399,60.56223572,61.90141224,63.69365337,60.23376792,66.90437674,70.15954867,68.49830735,70.28779993,67.44117088,67.62337155,74.97602961,75.09799283,76.41049691,
0.0,0.0,0.0,0.0,0.0,0.0,0.0,0.0,0.0,0.0,0.0,0.0,0.0,0.0,0.0,0.0,0.0,0.0,0.0,0.0,0.0,0.0,0.0,0.0,0.0,0.0,0.0,0.0,0.0,0.0,0.5027856727490667,0.5210164202231907,0.5418588884097852,0.5656872301015224,0.5710730317442793,0.5958766740518011,0.6259515559668234,0.5847657060500524,0.610595327169091,0.6336480633224091,0.6471214525781245,0.6640473971834144,0.7348506653874308,0.8257457791890145,0.7703957469038476,0.8585738067269236,0.9726084829879249,1.1278898069041263,1.3054165955500292,1.5083757144710852,1.7244642813969693,1.971509504750097,2.2539462076716807,2.576844542132455,2.9460010055772563,3.3680424965333775,3.85054527713307,4.402170978101508,5.032822087698687,5.7538197158692235,39.25955666725296,40.08880616977894,41.349590531592455,39.63391290990083,43.38651050825818,46.01162718595078,44.94949618403589,46.0511481439528,44.4716981328339,44.52850954668072,49.86530698742518,52.76542949282004,51.50085473461619,53.02665459081479,50.90161615310015,50.86290567327726,58.75692360701647,57.14262076310048,58.273983484454824,59.763230695534006,55.78564930860837,62.08752940525551,65.35314930233419,63.32943012787373,64.66899962442923,61.36830374347344,60.71502837287409,67.38524611190601,67.22340051230923,67.79040813413096,39.76234234,40.60982259,41.89144942,40.19960014,43.95758354,46.60750386,45.57544774,46.63591385,45.08229346,45.16215761,50.51242844,53.42947689,52.2357054,53.85240037,51.6720119,51.72147948,59.72953209,58.27051057,59.57940008,61.27160641,57.51011359,64.05903891,67.60709551,65.90627467,67.61500063,64.73634624,64.56557365,71.78741709,72.2562226,73.54422785,
0.0,0.0,0.0,0.0,0.0,0.0,0.0,0.0,0.0,0.0,0.0,0.0,0.0,0.0,0.0,0.0,0.0,0.0,0.0,0.0,0.0,0.0,0.0,0.0,0.0,0.0,0.0,0.0,0.0,0.0,0.46776143597327835,0.48472222280464555,0.5041127969132569,0.5262812474692291,0.5312918721684348,0.5543676835369191,0.5823475380032946,0.5440307096944982,0.5680610298092824,0.5895079037968213,0.6020427317508902,0.6177896087660711,0.6836606949997497,0.7682240214014611,0.7167296929308115,0.7987652363436906,0.9048562146862967,1.0493205838830797,1.2144807904710992,1.4033017017578175,1.604337458823047,1.8341734201267252,2.096935477382271,2.3973405938903007,2.7407814809299325,3.133423404814795,3.582314862442017,4.095514112122191,4.682233831103812,5.3530064966063495,38.25161613402876,38.79232814719748,40.06706464308898,38.498887002533124,42.57040775783404,44.53707225646568,43.79765789199943,44.56134086030837,43.19715259019372,43.42968416620633,48.926874528252426,51.0737160212374,49.837723085003894,51.386937028602354,49.445683647073196,49.61374514366051,56.881774395318125,55.692756646121545,56.40958522953376,57.93723795824727,54.4503080711823,60.9775926298789,63.311014632623625,61.7802149361159,62.743230799076564,59.711649555192025,59.34923088756513,66.29415335788532,65.67871071890406,65.7775761433938,38.71937757,39.27705037,40.57117744,39.02516825,43.10169963,45.09143994,44.38000543,45.10537157,43.76521362,44.01919207,49.52891726,51.69150563,50.52138378,52.15516105,50.16241334,50.41251038,57.78663061,56.74207723,57.62406602,59.34053966,56.05464553,62.81176605,65.40795011,64.17755553,65.48401228,62.84507296,62.93154575,70.38966747,70.36094455,71.13058264,
0.0,0.0,0.0,0.0,0.0,0.0,0.0,0.0,0.0,0.0,0.0,0.0,0.0,0.0,0.0,0.0,0.0,0.0,0.0,0.0,0.0,0.0,0.0,0.0,0.0,0.0,0.0,0.0,0.0,0.0,0.43474442718868805,0.45050803442221254,0.4685299220456925,0.4891336093046983,0.4937905583329591,0.5152375602099566,0.5412424525916839,0.5056302231650865,0.5279643596501205,0.547897402927406,0.5595474582327599,0.5741828396504931,0.635404405710918,0.7139988174566999,0.6661392236279398,0.7423842763136902,0.8409868075665629,0.975254138315946,1.1287564877733642,1.3042494476574704,1.4910950666596328,1.7047080233079808,1.948922982651079,2.2281239604510006,2.5473230226792705,2.912250259432795,3.3294566484331707,3.806431654659672,4.351737677201351,4.97516375684591,37.726159072813346,38.18157777557992,39.30513162795654,37.63617725069765,41.41251206166951,43.80479244979263,43.198642087411024,43.85907049683776,42.228094070352874,42.73250576707572,47.595718181770536,50.23300104035296,49.05637272429271,50.415937612547104,48.33960982637605,48.8240360036905,55.957048602437844,54.94839622168869,55.549070442231496,56.86982115234762,53.62276651334571,59.365015416697645,62.34004882735483,61.02375808955519,61.64945670732723,58.48371675057401,58.54588782157399,64.63102514534785,64.99434647280653,64.98739061315425,38.1609035,38.63208581,39.77366155,38.12531086,41.90630262,44.32003001,43.73988454,44.36470072,42.75605843,43.28040317,48.15526564,50.80718388,49.69177713,51.12993643,49.00574905,49.56642028,56.79803541,55.92365036,56.67782693,58.1740706,55.11386158,61.06972344,64.28897181,63.25188205,64.19677973,61.39596701,61.87534447,68.4374568,69.34608415,69.96255437,
0.0,0.0,0.0,0.0,0.0,0.0,0.0,0.0,0.0,0.0,0.0,0.0,0.0,0.0,0.0,0.0,0.0,0.0,0.0,0.0,0.0,0.0,0.0,0.0,0.0,0.0,0.0,0.0,0.0,0.0,0.36818807598308473,0.38153838447443517,0.3968012463185332,0.41425065221225854,0.4181946547006963,0.43635826960373464,0.45838199364337534,0.42822174910881755,0.4471366844751983,0.4640181173211816,0.4738846301036746,0.4862794363127374,0.5381284059757249,0.6046905593558816,0.5641579368146498,0.6287304016835584,0.7122375704903489,0.8259495057891624,0.9559517120763982,1.1045779191243879,1.2628187720575448,1.443729069222269,1.6505564150913783,1.8870136630738403,2.15734556666469,2.4664049789795675,2.8197399685669753,3.2236934153545387,3.685516874622181,4.213500753027097,37.52490848401894,37.815008435527695,39.081039483683696,37.16123326779008,41.08368617530176,43.37026025039885,42.97454323635934,43.43631036089403,41.69231214552779,42.75313387268196,47.216652849899624,49.732344553690716,48.593422534027894,50.14496156064792,47.73485114318934,48.86525212832063,55.427838809514064,54.70523788421548,55.08288814792848,56.636816870880736,53.77049787794781,59.036633690783354,61.89367996491453,60.920977086932375,61.561963813341826,58.04413563102727,58.9651781514402,64.55329951465302,65.17390786538573,64.9602942369731,37.89309656,38.19654682,39.47784073,37.57548392,41.50188083,43.80661852,43.43292523,43.86453211,42.13944883,43.21715199,47.69053748,50.21862399,49.13155094,50.74965212,48.29900908,49.49398253,56.14007638,55.53118739,56.03883986,57.74139479,55.03331665,60.48036276,63.54423638,62.80799075,63.71930938,60.51054061,61.78491812,67.77699293,68.85942474,69.17379499,
0.0,0.0,0.0,0.0,0.0,0.0,0.0,0.0,0.0,0.0,0.0,0.0,0.0,0.0,0.0,0.0,0.0,0.0,0.0,0.0,0.0,0.0,0.0,0.0,0.0,0.0,0.0,0.0,0.0,0.0,0.33710981343382135,0.3493332402593274,0.3633077843696762,0.3792843092738532,0.3828954037926254,0.39952585227985,0.4196905832595201,0.39207612458641977,0.409394475582573,0.42485096928354354,0.4338846629317361,0.445233240143339,0.4927057076944842,0.553649438823813,0.5165381206846402,0.5756601102460834,0.6521185507365275,0.7562322138187151,0.8752611079252385,1.011341975822835,1.156225930218892,1.3218658314096607,1.5112351579224266,1.7277333661808187,1.975246915720397,2.258219036822497,2.581729492997413,2.9515857701701718,3.374427329548182,3.8578447956622233,37.9198743765682,38.5440471897428,38.76961679563256,36.726713620728496,41.62545527620984,44.26542801772274,43.4303212867432,44.272692715416426,41.203544004420415,43.61294253071959,47.83864619707156,50.75736125986012,49.53517012230914,49.75260522118,47.17900013931935,49.858153359758106,56.587951709267884,55.30822149618591,56.1859158520796,56.22556880418226,54.92210691978645,59.89657144859595,63.278070262083475,61.683402893825374,61.18734968428608,57.49627405318431,60.37640957700974,65.65252638983735,66.14625488045971,66.57791309433796,38.25698419,38.89338043,39.13292458,37.10599793,42.00835068,44.66495387,43.85001187,44.66476884,41.61293848,44.0377935,48.27253086,51.2025945,50.02787583,50.30625466,47.69553826,50.43381347,57.24007026,56.06445371,57.06117696,57.23691078,56.07833285,61.21843728,64.78930542,63.41113626,63.1625966,59.75449309,62.95813907,68.60411216,69.52068221,70.43575789,
0.0,0.0,0.0,0.0,0.0,0.0,0.0,0.0,0.0,0.0,0.0,0.0,0.0,0.0,0.0,0.0,0.0,0.0,0.0,0.0,0.0,0.0,0.0,0.0,0.0,0.0,0.0,0.0,0.0,0.0,0.3003895873653185,0.31128155785678197,0.3237339023796749,0.3379701587336882,0.3411879090014183,0.35600685926540493,0.3739751146437221,0.34936860508639156,0.3648005269773379,0.3785733973594119,0.38662308146597674,0.39673549673817726,0.4390369497681153,0.4933422874263911,0.4602733790227571,0.5129554112296452,0.5810854936961676,0.6738584093635714,0.7799218906399119,0.9011799321655944,1.030282169901047,1.1778794797007954,1.3466214491836421,1.5395372435404746,1.7600899834805566,2.012238913314175,2.300510475179657,2.630079565301112,3.006862430945583,3.43762287571588,39.842455812636715,40.15332733214536,39.366857957622564,36.65688608126866,42.97516962100105,46.18465132073719,45.63760380535899,46.11978327491646,41.12349686302566,46.44717857264373,49.38896132853733,52.956111453265294,51.609882600235515,50.529806202577426,47.09240488098124,53.113737768774534,59.06278095630824,58.154267890641066,58.586432559364944,57.1513906278395,58.59827540010429,61.94670582030481,66.16351022082226,64.99742309646571,62.30261090652593,57.563274616692624,64.6434022448275,68.1101471247064,69.94081122906232,69.84362353428428,40.1428454,40.46460889,39.69059186,36.99485624,43.31635753,46.54065818,46.01157892,46.46915188,41.48829739,46.82575197,49.77558441,53.35284695,52.04891955,51.02314849,47.55267826,53.62669318,59.64386645,58.8281263,59.36635445,58.05257056,59.62855757,63.1245853,67.51013167,66.53696034,64.06270089,59.57551353,66.94391272,70.74022669,72.94767366,73.28124641,
0.04727140471982164,0.04949542856332565,0.05223219294623007,0.05559990831916137,0.05778859476254203,0.06232081850050185,0.06810114716689426,0.0684962247910257,0.0761456051239464,0.08514074351667023,0.09529263676075012,0.10829103417495403,0.12930046521704286,0.15611159293916121,0.17485453965539743,0.212713101494235,0.2598108144984982,0.32029117944432745,0.3959404827299924,0.48903045540652296,0.6017746331367864,0.7405115674971181,0.9112337931871488,1.1213154018008924,1.379830554701194,1.6979454278690793,2.0894005182004656,2.5711041437504814,3.1638627732821547,3.8932797306137017,0.25164131006798973,0.2607656933321821,0.27119722764947485,0.28312317432029227,0.2858187367728566,0.2982328157393384,0.3132851195248789,0.29267184076406505,0.3055994161689407,0.3171371767708978,0.32388052986770793,0.3323518668716546,0.3677884915283125,0.4132809682545241,0.38557859845470605,0.429711205439724,0.48678489882998727,0.5645022998961602,0.6533534269037387,0.7549332875554745,0.8630843607048533,0.9867290606636103,1.1280869906656101,1.2896957323352125,1.474456398989448,1.685685714865858,1.9271755551743195,2.2032610158038826,2.5188982346354325,2.879753361466578,41.499187015214225,42.257444378106634,40.244726709406535,36.5960887773629,44.67093381846707,48.03445633576275,47.52743896331095,48.52315892444777,41.03921491871011,49.086269739715576,51.307823753374855,55.03797860895686,54.257007033258276,51.58188452881012,46.9150649018939,56.033807253070236,61.273702766675925,60.369058000664154,61.40255136037113,58.0921568670431,61.554539286163724,63.872094241844906,68.16066398615314,66.86954125587009,62.62484877631585,56.09518854727187,66.73417274663238,68.73917630045315,70.2728447420903,70.31691295791987,41.79809973,42.5677055,40.56815613,36.93481186,45.01454115,48.39500997,47.90882523,48.88432699,41.42095994,49.48854766,51.72699692,55.47862151,54.75409599,52.15127709,47.47549804,56.67623156,62.02029848,61.25385148,62.45184527,59.33612061,63.01939828,65.59933487,70.19998477,69.28055239,65.47913573,59.47881969,70.75074882,73.51354146,75.95560575,77.08994605,
0.5259810211780416,0.550727362846201,0.5811788828163735,0.6186508890194944,0.6430040373414265,0.6934333335307118,0.7577500846980179,0.7621460474035245,0.8472594241422905,0.9473468259338177,1.0603052456605024,1.2049362416320304,1.4387046701224546,1.7370276080972904,1.9455772442276877,2.366823135572525,2.8908715180557554,3.5638264324268283,4.405563588947519,5.441360159412165,6.695845785255575,8.239548470683907,10.139146147936287,12.476689101954925,15.353144009915004,18.892755046068675,23.248410423314294,28.608246171239966,35.203772390972375,43.31987298827391,0.2340928601260039,0.24258094570552788,0.2522850268962427,0.2633793061508196,0.2658868909507817,0.27743526212365727,0.29143787895827244,0.2722620871123717,0.28428814555327026,0.2950213092696391,0.30129440812151415,0.30917498825284995,0.34214040564337067,0.3844604205414699,0.35868990227101777,0.3997448792584941,0.45283848348457095,0.5251361864818437,0.6077911942824437,0.7022872851855668,0.8028963387324363,0.9179185560501998,1.0494187541961995,1.1997575540879193,1.371633757101611,1.5681327925048523,1.7927821054253177,2.049614479650828,2.343240431997569,2.678930977831284,41.891936688697996,42.4006380814504,40.502669190289616,36.023291174832025,45.21421135171025,48.037199994348214,47.83838666634642,48.569087625486944,40.25633993030741,49.55138128479967,51.639264256221296,54.6673027301186,53.77877363423782,51.01704073136506,45.13332423350527,55.404431945173194,59.46224961846411,58.41626938109597,58.357259736774914,54.315737785407386,57.18271805601737,58.05736520327152,59.90069969787343,57.019467073963355,49.99391315298989,38.97044117143332,47.57552339126758,44.66607923911675,39.96032171703795,32.22526185389498,42.65201057,43.19394639,41.3361331,36.90532137,46.12310228,49.00806859,48.88757463,49.60349576,41.3878875,50.79374942,53.00086391,56.18141396,55.55961871,53.13852876,47.43759138,58.17099996,62.80595962,62.505232,63.37061452,60.45938523,64.68146018,67.21483223,71.0892646,70.69591373,66.71869092,59.43132901,72.61671592,75.32393989,77.50733454,78.22406582,
1.614002644004952,1.6899381992316482,1.7833804181842432,1.8983653979703008,1.9730944170771294,2.1278395772780034,2.325199182013062,2.3386884433056916,2.599863675044819,2.906987553319564,3.2536068813195715,3.6974153088181354,4.414747011820234,5.33016789446027,5.970114300448167,7.262731248649138,8.870803481027554,10.935803865753188,13.518722148885951,16.69712276805071,20.546583177178487,25.283522563809893,31.11254595093549,38.28542929910511,47.111994593059116,57.973492139692716,71.3390681057297,87.78602858580383,108.02477547710802,132.92949122847878,0.22534949592015951,0.2335205516526723,0.24286218558169867,0.25354209370136827,0.2559560202531834,0.26707305996599484,0.2805526793082729,0.2620931029503368,0.2736699883201175,0.28400226856057575,0.29004106728073514,0.297627307882858,0.32936146751400985,0.3701008306004661,0.3452928407338733,0.3848144150534047,0.43592497409604586,0.5055223591587568,0.5850902038726716,0.6760568674436247,0.7729081746111638,0.8836343141364151,1.0102229821959683,1.1549466305575844,1.3204032604136093,1.5095630603027779,1.7258217253393262,1.9730614149075745,2.255720443101765,2.5788729529564973,42.21370354007693,42.671784609117815,40.8992701262363,35.75749553833067,44.91321705267216,48.2200695627586,47.88769541868139,48.611949623746824,39.64039250663806,49.522837998123016,50.628356551402995,54.02849002330247,52.61797403066941,49.4814432949431,42.412816968821964,52.72240360630168,55.55856046488082,53.1170950250927,51.32267010724625,45.410876724510786,45.807023108215716,42.53289677205933,41.29742422687445,33.5777768403435,20.851635306533794,1.5652197000113433,2.2968446989381865,7.449931852993051e-12,7.822805670766138e-12,9.964286126535554e-14,44.05305568,44.59524336,42.92551273,37.90940303,47.14226749,50.6149822,50.49344728,51.21273117,42.51392617,52.71382782,54.1720045,58.02353264,57.36208251,55.18171202,48.72822411,60.36994927,64.86528892,64.55842125,65.42648246,62.78405636,67.12651446,68.70005365,73.42019316,73.01815277,69.28403316,61.0482749,75.36173453,76.98834527,80.05331703,80.76180907,
2.775044168697763,2.905604375963461,3.0662647601194255,3.2639648065402604,3.392450549407651,3.658512476904914,3.997843779917847,4.021036614222794,4.47008966041082,4.998144760345066,5.594106575213944,6.357170993555155,7.590519133864583,9.164452975739131,10.26474828740552,12.487216223123474,15.25206390654079,18.80253347812219,23.243487987369218,28.708288269302006,35.32687882778821,43.47136116254324,53.493524025614825,65.82625977547418,81.00226251598887,99.67703702275118,122.65721229297465,150.9353826804652,185.73298152646274,228.55303914881242,0.2341189395408704,0.2426079707464384,0.25231313303274555,0.2634086482597104,0.26591651242036835,0.2774661701543235,0.2914703469683992,0.27229241881885097,0.2843198170381909,0.2950541764964087,0.30132797421089474,0.3092094322883522,0.3421785222334135,0.3845032518469683,0.35872986257892603,0.3997894133486895,0.45288893253573786,0.525194689951199,0.6078589060387928,0.7023655243999366,0.8029857864272585,0.9180208179424421,1.0495356660364181,1.1998912146146667,1.3717865657168635,1.5683074923467846,1.7929818326116467,2.0498428195767127,2.343501483698698,2.6792294275675643,41.4425949217634,42.350111473292245,40.754636656850074,35.35666752520238,44.475720508174454,47.387838482943366,46.66112429311647,47.95649069696121,38.85253537255398,49.237128563161676,49.41628775057847,52.169739814159946,50.59100148390565,47.10815229241772,39.35753214001955,49.563270533532055,50.06873870092791,45.81497932193125,42.90006113659685,35.052063366303166,33.30980556578989,25.756043219519952,19.905342808354668,6.652852859917353,6.4345305175267935e-12,6.756616935417982e-12,7.094814789200153e-12,7.449921263375278e-12,7.822792605937651e-12,9.964281065316041e-14,44.45175803,45.49832382,44.07321455,38.88404098,48.13408757,51.32381713,50.95043842,52.24981973,43.60694485,54.5303275,55.3117223,58.83612024,58.52369914,56.65710852,49.98101029,62.45027617,65.77369154,65.14270749,66.75140803,64.46271716,69.43967018,70.1454252,74.4484025,73.67900385,71.1364842,62.61780543,77.95867299,78.60809312,80.77783989,82.39728421,
3.5630760165411672,3.730711526083832,3.936994787464511,4.190835898109504,4.35580785568851,4.697423633726767,5.133115159312255,5.16289408413072,5.739465137332422,6.4174725302276805,7.182670170426003,8.162422694272632,9.746005841651643,11.766891125880242,13.179638310351521,16.033222512221876,19.583206538168596,24.141906223261312,29.843962673726335,36.86060732370301,45.35868513747507,55.81596362026286,68.68412929995989,84.51900337667935,104.00454958946837,127.98241700863238,157.48829381046696,193.79664228140834,238.4757473133031,293.4554561273439,0.24661501154640705,0.2555571438355954,0.2657803180648618,0.27746805516625755,0.2801097762937767,0.29227589570727747,0.3070275438800999,0.2868259959775161,0.299495355220953,0.31080265990515826,0.3174113208654037,0.3257134508792609,0.36044226228350207,0.40502606956887216,0.37787702855410754,0.42112812821752377,0.4770618282552201,0.5532268973216327,0.6403033066240836,0.7398542050864299,0.8458450622564394,0.9670200756107343,1.1055545138959286,1.2639352729298132,1.4450055190191584,1.6520157279539551,1.8886820358026957,2.159252948990831,2.4685856112058993,2.8222329962318264,41.236876911914464,42.19470008008271,40.700566944472875,35.1605481467266,44.371830628020184,47.17617099056855,46.192064606810376,47.58404225989463,38.40326116744963,48.78389910987032,48.815579598711906,51.31328942485159,49.2953252760685,45.552338894554715,37.3808649010984,47.120375109564826,46.792551013580606,41.3192503094217,37.268662689654455,28.07642335121571,24.48543722027387,14.63562032413204,5.880169726150116,6.127773952520555e-12,6.4345240655932236e-12,6.756616374872495e-12,7.09481343660707e-12,7.449920547388911e-12,7.822803281084444e-12,9.96428242997435e-14,45.04656794,46.18096875,44.90334205,39.6288521,49.00774826,52.16587052,51.63220731,53.03376234,44.44222166,55.5121743,56.31566109,59.80142557,59.40177338,57.72425609,50.93838024,63.57472575,66.85281938,66.01438343,67.75292867,65.67688488,70.68996742,71.41860402,75.66985354,74.66490415,72.47635361,63.81722907,79.36235929,80.03487411,81.85872986,83.63355147,
4.041118800710384,4.23124525496918,4.465204665873509,4.753102560798714,4.940208105633451,5.327657022479694,5.821803430577627,5.855577667329853,6.509504811242041,7.278477577955397,8.146338537336906,9.257540298337648,11.053586074417854,13.34560495873648,14.947894435950495,18.184331916951177,22.210602230263497,27.38092330079288,33.84800046044738,41.8060385380212,51.444267378412626,63.30455452493292,77.89918736955018,95.85855928338069,117.95839851696861,145.15327462364993,178.61782966592108,219.7975151251999,270.47102602002917,332.8271289812234,0.26452825280071357,0.27411990991817464,0.2850856593264836,0.2976223522684074,0.3004559586651448,0.313505781916527,0.3293289375817824,0.30766002076673765,0.3212496374074922,0.33337826466842957,0.34046695536168464,0.3493721227045767,0.38662351200567235,0.4344457291953319,0.40532467796727567,0.45171738437201164,0.5117139103372071,0.5934113403445952,0.6868126717092218,0.793594594958165,0.907284252713474,1.0372609899960823,1.1858580793724312,1.3557430559672174,1.5499656036209981,1.7720123011762599,2.025869211667868,2.316093437985424,2.6478949295363434,3.0272300084589254,41.13090031649094,41.99008943511478,40.81805477480225,35.157052746935214,44.579724785703874,46.78635533560638,45.92806789184332,47.23167706190627,38.26070979135346,48.98217176737932,48.762675117304724,50.49445830896124,48.36608146358011,44.79908178207199,36.32930406608624,46.177657418681015,44.4658159694037,38.61155184886714,33.67950338784824,24.04990381702573,19.71606269887925,8.261043205076607,5.835710424025113e-12,6.127769595884598e-12,6.434523113335212e-12,6.756616940187727e-12,7.094813124268372e-12,7.449921419830173e-12,7.822802478922626e-12,9.964285132256221e-14,45.43654737,46.4954546,45.5683451,40.20777766,49.82038885,52.42751814,52.07920026,53.39491475,45.09146424,56.59402761,57.24948061,60.10137073,59.80629105,58.57913247,51.68252318,64.81370672,67.18813211,66.58588649,68.21431652,66.64953695,72.06761433,72.60285872,76.04938974,75.31129693,73.54970347,64.74951509,80.90901879,81.36200276,82.56740139,84.20308411,
4.186335232574294,4.38329382581538,4.625660500284081,4.92390392255058,5.117733050863752,5.519104832146462,6.031008248078399,6.065996152231152,6.7434219783699545,7.54002755839308,8.439074849602601,9.590207323549732,11.45079348360003,13.825175401662417,15.485042686451209,18.837780609512368,23.00873377860117,28.36484883700368,35.064318538433625,43.30832640587337,53.29290220380622,65.57938532852846,80.6984720708353,99.30320880477079,122.19719935054077,150.3693154414807,185.03640956186499,227.6958750728026,280.1903238823674,344.7871753153391,0.30195891373255684,0.312907787183385,0.32542518653312835,0.33973581741078296,0.34297037818244114,0.35786674713989186,0.375928874137348,0.3511938127064565,0.3667063556406721,0.3805511796774408,0.3886429177767128,0.39880816337523156,0.4413306120335289,0.4959196572564256,0.4626779868394716,0.5156352459706585,0.5841212606642419,0.6773788501980049,0.7839964392888937,0.9058879696231431,1.0356646766287347,1.1840330795680083,1.3536566083095891,1.5475802533226184,1.769285227709941,2.0227514600756793,2.3125290400655856,2.6438198991321316,3.0225711928135586,3.4555820608753898,41.25485152369519,42.156528107003375,40.79931215318503,35.44667765004098,44.28890770095627,46.87712072071625,46.02368496778698,47.38801594506525,38.54491473599236,49.051301211932646,48.340430922623995,50.48673029307851,48.37372368437011,44.492070301085,36.380760146713335,45.89302222452123,44.01379598073906,37.99296934280299,32.890166272282386,22.70159801450862,18.220209819570435,5.736296501909204,5.8353301922081776e-12,6.1277693546280794e-12,6.434522897214177e-12,6.75661743908952e-12,7.094813806115807e-12,7.449922400437027e-12,7.822803553591456e-12,9.964283376925575e-14,45.74314567,46.85272972,45.75039784,40.71031739,49.74961113,52.7540923,52.43062209,53.80520591,45.65504307,56.97187995,57.16814869,60.47574578,60.26584778,58.81316536,52.32848082,65.24643808,67.60665102,67.03519703,68.73848125,66.91581239,72.5487767,72.49971491,76.52310596,75.81948511,73.84354617,65.55879145,81.44921115,81.24641521,83.12455256,84.85010793,
3.992117996286797,4.1799390619489385,4.41106158537182,4.695468558812431,4.880305345251001,5.263056229316033,5.751210838436027,5.784575543855157,6.430573458841811,7.190222004712621,8.047559669126894,9.145287493118813,10.919555219072393,13.183782104535178,14.76664293409619,17.963836817505083,21.94128637253026,27.048914435484704,33.437574701521335,41.299117158286855,50.820477133968154,62.53695172769438,76.95461656297536,94.69622114203575,116.52808758059292,143.39321074727334,176.45198951876017,217.1323484764127,267.19141497619535,328.79141564084694,0.34249046852042175,0.3549089951060161,0.36910658879502994,0.3853381171626666,0.3890068488468856,0.405902738159857,0.4263893211236343,0.3983341043604338,0.41592887588682853,0.43163207276325993,0.4408099544111545,0.4523396677904568,0.5005698497830794,0.5624863120042659,0.524782655123358,0.5848482987143987,0.6625271026601451,0.7683025379261251,0.8892312682254991,1.0274841411637794,1.1746806078484795,1.342964309787164,1.535356185597941,1.755309950885776,2.006774097489756,2.294262774687524,2.6229368247781886,2.998696427750958,3.428287018146839,3.9194203754759798,41.86293832519482,42.857532232947186,40.558616665835395,35.98033672402724,45.10478957590458,47.47831734252671,46.77385479044305,48.24202558178727,39.201978495274346,50.044114722527254,49.39739219646523,51.3288532490942,49.539865811148154,44.53775917346435,37.48800214078444,47.49265081378473,45.506719864814,39.88389115659379,35.203406320258004,23.987174390554436,21.437481258188704,9.529864152524075,5.836038867890135e-12,6.127770007570648e-12,6.434523305319164e-12,6.756617601498214e-12,7.094813889676734e-12,7.449922453080974e-12,7.822804215942929e-12,9.964284574135067e-14,46.19754679,47.39238029,45.33878484,41.0611434,50.37410177,53.14727631,52.95145495,54.42493523,46.04848083,57.6659688,57.88576182,60.92648041,60.95999088,58.28402759,52.77942773,66.04133593,68.11053334,67.70110813,69.53021229,66.31377569,73.432639,73.40978019,77.09344393,76.57265715,73.17918115,66.12375213,82.44150751,82.26627496,83.95029134,85.82741297,
3.469066652568326,3.632279211952698,3.833119828239471,4.080263511927781,4.240882795375401,4.573485270899939,4.997681368653268,5.026674596571363,5.5880332103681765,6.24815183426747,6.993160249443759,7.947062661984869,9.488864033226607,11.456429618590958,12.831902418892488,15.610196721076338,19.06651680641565,23.504938266752784,29.05654979329339,35.88806499396685,44.16192674090351,54.343296965071524,66.87194474915547,82.28902632477991,101.26045950780934,124.6056870239693,153.33307111368538,188.68344823324063,232.18372513252606,285.7128313119261,0.37755214367885503,0.3912419884035249,0.406893028140559,0.42478622194784876,0.4288305316127083,0.4474560987913542,0.47003994863699633,0.4391126434886789,0.45850863934230923,0.4758194149353364,0.48593686113920587,0.4986469024468191,0.5518145385565235,0.6200695564015704,0.5785060742368979,0.6447208001450886,0.7303517932492875,0.8469557457790013,0.980264277120417,1.1326704704171382,1.2949358373304016,1.4804471967782789,1.6925347490320832,1.9350057759001087,2.2122129870054463,2.5291326572909383,2.891453958433783,3.3056810877993565,3.779250028298378,4.32066203515764,42.75191337375485,43.78222053964591,41.26965441362221,36.59186588612671,46.07988106301437,48.36547853031131,47.94334157271246,49.433848139942825,40.04205615029251,51.416751860800375,50.838149849420354,52.75491804557179,51.45101192822052,46.42720162501129,39.41500035687463,50.33012571878279,48.620137590339475,43.93684607747285,40.09984822959106,29.542977655621122,28.580335101771464,18.133238448155833,8.875857141818358,6.127684737050032e-12,6.434524393665923e-12,6.756617524299809e-12,7.094813604878573e-12,7.44992191789379e-12,7.822805347003798e-12,9.964283455425827e-14,46.59853217,47.80574174,45.50966727,41.09691562,50.74959439,53.3864199,53.41106289,54.89963538,46.088598,58.14072311,58.31724696,61.20062761,61.4916905,58.5037008,52.82540885,66.58504324,68.41700619,68.28874009,70.1366623,66.56371312,74.03719768,73.95698261,77.44033664,77.23729236,73.45499438,66.18135876,83.1202347,82.87949441,84.67896293,86.57600892,
2.7271105450088613,2.8554155723698886,3.013300853166162,3.2075860063268067,3.3338524017266993,3.5953186141523057,3.9287886126253113,3.951580834715003,4.392877341394532,4.911811291210604,5.49747899628148,6.2473629243473505,7.459407315223939,9.006154435770355,10.087444233214308,12.271523251417715,14.988613436086373,18.477755381144647,22.842000825841655,28.21240704976127,34.716674011974675,42.72047586467516,52.569524876570526,64.6892360118466,79.60310209426012,97.9553052979133,120.53854163428736,148.32826027270153,182.52479661051413,224.60521896811414,0.4076052817462934,0.4223848376552871,0.43928169963433755,0.4585991910729905,0.4629654276525304,0.48307358935851746,0.5074551129000153,0.47406599529151805,0.4950059117693693,0.5136946245232942,0.5246174191081635,0.5383391792807223,0.5957389574547117,0.6694270724478905,0.6245551384866342,0.696040554372708,0.7884877716771893,0.9143733949463105,1.058293280944419,1.2228310021536795,1.3980126868711291,1.5982907443550463,1.8272604587074728,2.089032171241891,2.3883050671224804,2.7304515326118644,3.1216135972633436,3.5688131923360413,4.080078204732812,4.66458658931348,43.75063469324689,44.284912469976966,42.05123880720175,37.769320692602555,47.56902391062325,49.69781139649177,49.303569284477405,50.19489663999632,41.5804305968391,52.74953298426923,53.003291154613635,54.86176212637538,53.123940447324976,48.820604241785574,42.54862873830306,53.65677923421377,53.139429662240865,49.31693493391369,45.8798161932188,37.11992467809016,37.966209181159556,30.53626839097544,23.608956914727898,10.934426986917707,6.434531654702843e-12,6.756618067699603e-12,7.094815254140739e-12,7.449921461446162e-12,7.822803191214883e-12,9.96428382463159e-14,46.88535052,47.56271288,45.50382136,41.43550589,51.36584174,53.7762036,53.73981301,54.62054347,46.46831385,58.1750389,59.02538757,61.64746423,61.17908672,58.49618575,53.26062811,66.62434304,68.91653087,68.70906371,69.7801103,66.55516273,74.08089588,74.855035,78.00574225,77.71269517,73.44555877,66.72661534,83.16929389,83.88589199,85.20016992,86.13588462,
1.7721636599476764,1.855540370618225,1.958139276108094,2.084391982925868,2.166443925341553,2.336353033284705,2.553052504473449,2.567863619406334,2.854632204504807,3.1918520834203377,3.572437691008235,4.059736252824634,4.847361465776142,5.852487218077526,6.555143913974732,7.974428318707838,9.740080428000926,12.007436465602009,14.843462747829266,18.333324486879615,22.56000520069549,27.76113164961676,34.161358723605005,42.03713467346833,51.72864188022646,63.65449052505424,78.32979983093423,96.38844786825031,118.6104509714486,145.95565537978186,0.42403590193005836,0.4394112235970055,0.4569892002080495,0.47708538215672686,0.4816276222820587,0.5025463465160124,0.5279106923386533,0.4931756551990207,0.5149596623443268,0.5344017194603945,0.5457648132690628,0.5600396993203691,0.6197532697734198,0.6964117619519072,0.6497310346878025,0.724098036681079,0.8202718129449247,0.9512319015243823,1.1009532162321352,1.2721234736821168,1.4543667541483085,1.6627180453242973,1.9009175576665631,2.1732413208640144,2.4845779448259537,2.8405163773810957,3.247446234066698,3.712672501074296,4.244546670437703,4.852616661531724,44.2022141181243,44.848059935786914,42.775658893686106,38.86874000491975,48.03276838237886,50.08393257020188,50.100724633190616,51.0775233753975,43.09279111315386,54.23653996712239,54.12003750572597,56.04940802785844,55.17211747445406,51.54487453997436,46.04895537134146,57.68274520461527,57.262545949058556,55.036804132878224,53.21994295594346,46.49186248944336,49.796248055161556,44.4329375850646,40.70559708873436,32.69521901567387,18.727085634954122,0.22309194757151019,1.2886139450062855,7.449929581423518e-12,7.822810682399581e-12,9.964278958239073e-14,46.39841368,47.14301153,45.19078737,41.43021737,50.68083993,52.92283195,53.18168783,54.13856265,46.46238298,57.96279377,58.23824001,60.66918398,60.63923221,58.09377352,53.25383032,66.38127156,67.82289819,67.9954725,69.16435892,66.09731045,73.81062001,73.85678728,76.76787337,76.90559501,72.94030546,66.71809885,82.86586001,82.76721105,84.31530715,85.37580715,
0.763256690708769,0.7991663720248073,0.8433548986515476,0.8977309280085675,0.9330700422505732,1.0062485338204763,1.099579259980804,1.105958288523639,1.2294672206884927,1.3747051209114773,1.5386202930505455,1.7484958796485173,2.0877197488333232,2.520619357817725,2.8232479674297144,3.434522389998079,4.19497460800699,5.171506688553685,6.3929604875779695,7.896015979674768,9.71641350120217,11.95649699409961,14.713023519658295,18.105057124745244,22.279111635505718,27.415479103290078,33.736017250576246,41.51373228398531,51.084570989688096,62.86193145315427,0.4395704903629178,0.4555090881417029,0.4737310353007408,0.4945634424469158,0.4992720878945071,0.5209571712269141,0.5472507418426208,0.5112431839006027,0.533825249851497,0.5539795682506579,0.5657589498897626,0.5805567975080581,0.6424579792851087,0.7219248613203417,0.6735339819618182,0.750625424889678,0.8503225349691099,0.9860803566366216,1.141286723419034,1.3187278166386496,1.5076475939387426,1.7236318509630044,1.9705578210705263,2.252858186632316,2.5756006521640633,2.944578917035322,3.366416680848316,3.848686548535063,4.40004596969324,5.030392652470732,44.503926388930346,45.076862139835626,43.65820708604996,40.649366889546876,48.82138624985739,50.65493060495521,50.7420796081793,51.58947262757862,45.38480113946301,54.75146008084102,55.643059407063014,57.491019512846904,56.86526973188523,54.574206460865774,50.54298992061249,60.72718366511648,61.82836753702834,60.82427847481435,60.4395837190079,56.56737857369171,60.953216014864495,59.55423214494304,59.009866729277114,55.401249718628684,47.73777396233671,37.34269349968143,43.92970128858263,36.7072735474872,27.573803800626592,16.013906954375194,45.70675357,46.3315376,44.97529302,42.04166126,50.25372838,52.18213631,52.38890961,53.2066741,47.14809361,56.68014477,57.74743865,59.82007219,59.59544746,57.81675068,54.03977187,64.91233148,66.87366468,66.98186552,67.97383093,65.78212237,72.17727711,73.23436099,75.69344807,75.75916503,72.59248625,67.70275152,81.03213522,82.06969238,83.05842076,83.90623106,
0.09511651375941707,0.0995915530726283,0.10509829628505621,0.11187459894637532,0.11627853459078348,0.12539798691269954,0.1370287965827224,0.13782374664808356,0.1532153431957144,0.17131478851092025,0.19174178235969333,0.21789633084045956,0.26017017162510686,0.3141178174376509,0.351831182627312,0.42800777266940127,0.5227747950068745,0.6444695383435866,0.7966862545488504,0.983995976344323,1.2108526393932655,1.4900102739979013,1.833526677310432,2.2562395273884994,2.776407274541331,3.4164977878249507,4.204158821094106,5.173412216442795,6.36612342686767,7.833809831991279,0.4738675072389899,0.4910496970445022,0.5106933921209502,0.5331512255300932,0.5382272579973321,0.5616042967392038,0.5899493950504903,0.551132385952222,0.575476393421017,0.5972032309346686,0.6099016862143458,0.6258541200494622,0.6925850752589912,0.7782522756822966,0.7260857497724384,0.8091921699953268,0.9166680403461019,1.0630182206975307,1.2303343980734964,1.4216201426108959,1.6252801832642807,1.8581163806952135,2.124308485244395,2.428635034578895,2.7765591354334056,3.1743265343676565,3.629077738053546,4.148976195815157,4.743354845485764,5.4228836532943205,45.861944199003624,46.69881003988501,46.16189935159624,44.69029434552589,50.54345942741436,52.35253680635069,52.49197767836954,53.61777645740258,50.11311268338627,57.416921010557566,58.03083425142928,59.95922316911357,59.87483986311957,59.04140377688391,57.195478697604294,65.39905373733951,66.53302060465148,66.33563380096355,67.35218265738256,66.01274404104993,71.25800672734786,71.26226321531257,72.97932920745114,72.27461343803884,69.9486849500318,66.41594620781426,75.35092576085955,74.2893433177496,73.26491435765449,72.3843154747146,46.43092822,47.28945129,46.77769104,45.33532017,51.19796522,53.03953909,53.21895587,54.30673259,50.84180442,58.18543903,58.83247772,60.80297362,60.82759511,60.13377387,58.27339563,66.63625368,67.97246344,68.04312156,69.37920331,68.41836016,74.09413955,74.61038987,76.93716437,76.959488,75.50165136,73.00677053,83.18416232,83.61173173,84.37439263,85.64100896,
0.0,0.0,0.0,0.0,0.0,0.0,0.0,0.0,0.0,0.0,0.0,0.0,0.0,0.0,0.0,0.0,0.0,0.0,0.0,0.0,0.0,0.0,0.0,0.0,0.0,0.0,0.0,0.0,0.0,0.0,0.47759445611962564,0.49491178315671486,0.5147099751046689,0.5373444384700908,0.5424603937284747,0.5660212919395875,0.5945893233087624,0.5554670199955535,0.5800024921037255,0.6019002103203464,0.6146985384399364,0.6307764375253959,0.6980322290130462,0.7843731985212697,0.7317963849838018,0.8155564338583529,0.9238775976056578,1.0713788162378493,1.2400109286177086,1.432801127840425,1.6380629465202583,1.8727303912769317,2.1410160860194227,2.4477361514213114,2.798396661331976,3.199292484856571,3.657620288464704,4.181607726680976,4.7806611405192525,5.465534415063623,46.701523433882414,47.504740176845424,47.380369444897575,46.964543261532256,51.09764907627399,52.87267654806302,53.48193874669397,54.56685291000732,52.69152343789929,58.817699919682816,58.72585488156337,60.62978107247808,61.04308159099062,60.78582856148257,60.32647528502023,67.23410708614587,67.56012504239878,68.06819209376681,69.18114053138719,68.6198825621647,74.02767435348512,73.38199279872873,75.3751529739865,75.75187984858492,74.50677826867457,73.29645965515027,81.29094665154251,80.15219268332658,80.95334353948867,81.4616451449366,47.17911789,47.99965196,47.89507942,47.5018877,51.64010947,53.43869784,54.07652807,55.12231993,53.27152593,59.41960013,59.34055342,61.26055751,61.74111382,61.57020176,61.05827167,68.04966352,68.48400264,69.13957091,70.42115146,70.05268369,75.6657373,75.25472319,77.51616906,78.199616,77.30517493,76.49575214,84.94856694,84.33380041,85.73400468,86.92717956,
0.0,0.0,0.0,0.0,0.0,0.0,0.0,0.0,0.0,0.0,0.0,0.0,0.0,0.0,0.0,0.0,0.0,0.0,0.0,0.0,0.0,0.0,0.0,0.0,0.0,0.0,0.0,0.0,0.0,0.0,0.4724278251536,0.48955781283410293,0.5091418273554161,0.5315314304260321,0.5365920411289671,0.559898056845685,0.5881570384057194,0.5494579613280128,0.5737280079725182,0.595388836025165,0.6080487114522484,0.6239526793493969,0.6904808956935501,0.7758878260374118,0.7238797900253882,0.8067337202114033,0.9138830624023195,1.0597886084844077,1.2265964536799974,1.4173010428197508,1.6203423330680977,1.8524711384597985,2.117854510613664,2.421256469267241,2.768123523399992,3.1646824440367234,3.6180520438961112,4.13637097049252,4.72894380676424,5.406408101948142,45.71756695484844,46.500734187168035,46.300999452646835,46.81879083957632,50.07832067887352,51.780981303156906,52.354641831597,53.413723108674844,52.52782316203047,57.68971585397799,57.55443317855106,59.378097900654076,59.7523108543101,59.39960155396642,60.13957175997862,65.9436609897928,66.1632177176021,66.63025229152024,67.71370489632487,67.04852175718536,72.60071284693724,71.90824094154584,73.80586027939226,74.13888320073897,72.78590423660653,73.08699283597012,79.70859617611107,78.52317391951503,79.20762402324368,79.69282458805205,46.18999478,46.990292,46.81014128,47.35032227,50.61491272,52.34087936,52.94279887,53.96318107,53.10155117,58.28510469,58.16248189,60.00205058,60.44279175,60.17548938,60.86345155,66.75039471,67.07710078,67.6900409,68.94030135,68.4658228,74.22105518,73.76071208,75.92371479,76.56013967,75.55402776,76.25167528,83.32664822,82.65954489,83.93656783,85.09923269,
0.0,0.0,0.0,0.0,0.0,0.0,0.0,0.0,0.0,0.0,0.0,0.0,0.0,0.0,0.0,0.0,0.0,0.0,0.0,0.0,0.0,0.0,0.0,0.0,0.0,0.0,0.0,0.0,0.0,0.0,0.4848504588982966,0.5024308848292072,0.5225298669851426,0.5455082114969405,0.5507018925017076,0.5746207470096267,0.6036228071082809,0.5639061259962694,0.5888143609192349,0.6110447670517024,0.6240375377641831,0.6403597053476212,0.7086373014304946,0.7962900330553787,0.7429144298748711,0.8279470294241376,0.9379138962466524,1.087656073161627,1.2588501815201307,1.454569405992902,1.6629497288923967,1.9011824320171269,2.1735441408790983,2.4849241465678,2.840912175677399,3.247898734075858,3.7131898258334037,4.245138106682936,4.853292826408846,5.548571251849455,44.57981321110374,45.42341178517293,44.6294557230171,45.44529609850541,48.36423879750077,50.37513699299297,51.04932575289445,52.17687197400658,50.98809011908377,56.09083924295144,55.584976742239114,57.766949804655845,58.364971868573136,57.24760292694844,58.37303149012913,64.10928108058006,64.35640435375777,64.953246096843,66.11977843848473,64.58598847401218,70.54201042111298,69.3821738479885,71.73226184912683,72.2099737534384,70.03676518432911,70.81444569593096,77.35002465417378,75.63817134332459,77.03832063359906,77.62294790815073,45.06466367,45.92584267,45.15198559,45.99080431,48.91494069,50.94975774,51.65294856,52.7407781,51.57690448,56.70188401,56.20901428,58.40730951,59.07360917,58.04389296,59.11594592,64.93722811,65.29431825,66.04090217,67.37862862,66.04055788,72.20496015,71.28335628,73.90580599,74.6948979,72.87767736,74.06234443,81.06321448,79.88330945,81.89161346,83.17151916,
0.0,0.0,0.0,0.0,0.0,0.0,0.0,0.0,0.0,0.0,0.0,0.0,0.0,0.0,0.0,0.0,0.0,0.0,0.0,0.0,0.0,0.0,0.0,0.0,0.0,0.0,0.0,0.0,0.0,0.0,0.5105907966511652,0.5291045538659713,0.5502705755176684,0.5744688226569269,0.5799382321895108,0.6051269202768279,0.6356686774279807,0.5938434682791617,0.6200740622263957,0.6434846635133308,0.657167210424528,0.67435590932447,0.7462583104412924,0.8385644581361804,0.7823551852572853,0.8719021000809478,0.9877070232395712,1.1453988970949165,1.325681568926088,1.531791376413065,1.7512344502990653,2.0021147443039675,2.288935926697192,2.6168468572696804,2.991734016898987,3.4203271784918785,3.9103202162524338,4.47050922197874,5.110950407777749,5.843140629782993,43.115834373350864,44.21140583613616,42.47721133448457,43.06709191734543,46.277020177812965,48.34038560972577,49.36877631257475,50.7857109117237,48.322244797776605,53.825237636489824,53.18698361957876,55.435345610678986,56.802678649562345,54.47423123186763,55.313905424746714,61.50782136992325,61.73808429676484,62.787808232909704,64.31392477107877,61.40140796359203,67.6099868197063,66.28216022570166,68.7095871933087,69.69416378273652,66.4568827631075,66.85885908151495,73.96027959375473,72.05189590802878,74.16709264223014,75.18174646021718,43.62642517,44.74051039,43.02748191,43.64156074,46.85695841,48.94551253,50.00444499,51.37955438,48.94231886,54.4687223,53.84415083,56.10970152,57.54893696,55.31279569,56.09626061,62.37972347,62.72579132,63.93320713,65.63960634,62.93319934,69.36122127,68.28427497,70.99852312,72.31101064,69.44861678,70.27918626,77.87059981,76.52240513,79.27804305,81.02488709,
0.0,0.0,0.0,0.0,0.0,0.0,0.0,0.0,0.0,0.0,0.0,0.0,0.0,0.0,0.0,0.0,0.0,0.0,0.0,0.0,0.0,0.0,0.0,0.0,0.0,0.0,0.0,0.0,0.0,0.0,0.2158256796965718,0.2236514067970795,0.2325982406205862,0.24282678992180706,0.24513869808319783,0.25578590473628654,0.26869584267388436,0.2510164127816877,0.2621040308990473,0.2719996439183124,0.277783228359038,0.2850488560348815,0.31544185311715345,0.3544594719169534,0.33069992786738495,0.36855122460697703,0.41750172746924225,0.4841577582490292,0.5603628728744295,0.6474850646271291,0.7402432006663657,0.8462897849981169,0.9675285089379146,1.1061357849305795,1.2645998163372993,1.4457652643257504,1.6528843136992746,1.8896750543714527,2.16038822651894,2.4698835275856927,33.46500955030546,31.632497093205046,33.66686822938165,38.46265927008054,41.05353862191928,40.90693175526631,38.33615123732882,36.33226571722116,43.14459839910395,44.49521307608483,47.17924955164425,46.90268465396857,40.66056548688646,43.22406707808685,49.42079833213661,50.90062183539722,52.33430135253518,48.87408800175559,46.17636473713042,48.934823395377954,56.26694212933901,59.33794611500752,58.74156454106802,54.720011445075635,53.45092037366922,60.884500155681096,62.34806079630793,65.55546489563609,59.04450525348898,55.2214752224145,33.68083523,31.8561485,33.89946647,38.70548606,41.29867732,41.16271766,38.60484708,36.58328213,43.40670243,44.76721272,47.45703278,47.18773351,40.97600734,43.57852655,49.75149826,51.26917306,52.75180308,49.35824576,46.73672761,49.58230846,57.00718533,60.1842359,59.70909305,55.82614723,54.71552019,62.33026542,64.00094511,67.44513995,61.20489348,57.69135875,
0.0,0.0,0.0,0.0,0.0,0.0,0.0,0.0,0.0,0.0,0.0,0.0,0.0,0.0,0.0,0.0,0.0,0.0,0.0,0.0,0.0,0.0,0.0,0.0,0.0,0.0,0.0,0.0,0.0,0.0,0.19739176691202018,0.20454908990487364,0.21273176464113794,0.22208668210208718,0.22420112760068042,0.23393894442064977,0.2457462301144079,0.2295768201103521,0.23971743235866425,0.24876784999801319,0.25405745202055613,0.2607025143072864,0.2884996115028377,0.32418469182516096,0.30245447701679407,0.3370728521510388,0.38184243779440985,0.4428053024056183,0.5125016529269679,0.5921826408033442,0.6770182006588348,0.7740072275700816,0.8848908164473667,1.0116594899134683,1.15658893109651,1.32228083547102,1.5117096150975036,1.728275793669949,1.9758670508904828,2.258928012006985,32.349588263090006,30.411506800097246,32.4939077353611,37.378252017900266,39.833632552401795,39.22217621558194,37.059480269888304,34.929595359892495,41.92760506764432,43.06040707000513,45.77710018798275,44.97063189569618,39.09239825850078,41.72093596817865,48.02850259298721,49.262297967853165,50.18287571221,47.25380993759901,44.40486380707789,47.24546371920175,54.473481719346495,57.60195705243552,56.3486687035585,52.9351172600927,51.63364586890997,59.22828523453578,60.40476806490963,63.690434296337564,57.16858206911739,53.18662792799317,32.54698003,30.61605589,32.7066395,37.6003387,40.05783368,39.45611516,37.3052265,35.15917218,42.1673225,43.30917492,46.03115764,45.23133441,39.38089787,42.04512066,48.33095707,49.59937082,50.56471815,47.69661524,44.91736546,47.83764636,55.15049992,58.37596428,57.23355952,53.94677675,52.7902348,60.55056607,61.91647768,65.41871009,59.14444912,55.44555594,
0.0,0.0,0.0,0.0,0.0,0.0,0.0,0.0,0.0,0.0,0.0,0.0,0.0,0.0,0.0,0.0,0.0,0.0,0.0,0.0,0.0,0.0,0.0,0.0,0.0,0.0,0.0,0.0,0.0,0.0,0.17993884708159294,0.18646333626202896,0.19392251797523252,0.20245029544437562,0.20437778660160968,0.2132546083611414,0.22401792138140927,0.20927817291248665,0.2185221758676659,0.2267723766795225,0.23159428442343094,0.23765180579509265,0.26299114846287386,0.2955210371794324,0.27571215730251397,0.3072696564168033,0.3480808196735736,0.40365348992491884,0.4671874516235136,0.5398232323204258,0.6171578297594484,0.7055713130317975,0.8066508334949839,0.9222109164021914,1.054326034284892,1.2053678467693585,1.3780477753362623,1.5754656773025637,1.8011654927948784,2.059198863658886,31.27457399292043,29.673598483740093,31.777125182027003,36.47098300455797,38.87430093340085,38.46389340164145,35.8290267886213,34.08171797709036,40.90931184413533,42.37494396332363,44.67439924557988,44.100697484208375,38.145484751540764,40.80397981282438,46.8638134927015,48.481891763587406,49.218357240330846,45.69198412007972,43.34104552838135,46.221925967684676,53.632454580245906,56.24347816697382,55.296968176510916,51.213796193604,50.548624935721605,57.852534903237455,59.52701964467089,62.24418003270495,55.358049687213004,52.017254806341285,31.45451284,29.86006182,31.9710477,36.6734333,39.07867872,38.67714801,36.05304471,34.29099615,41.12783402,42.60171634,44.90599353,44.33834929,38.4084759,41.09950085,47.13952565,48.78916142,49.56643806,46.09563761,43.80823298,46.7617492,54.24961241,56.94904948,56.10361901,52.13600711,51.60295097,59.05790275,60.90506742,63.81964571,57.15921518,54.07645367,
0.0,0.0,0.0,0.0,0.0,0.0,0.0,0.0,0.0,0.0,0.0,0.0,0.0,0.0,0.0,0.0,0.0,0.0,0.0,0.0,0.0,0.0,0.0,0.0,0.0,0.0,0.0,0.0,0.0,0.0,0.17080628170812984,0.17699962880926953,0.18408022932261978,0.19217519038502007,0.19400485420098953,0.20243114425854394,0.2126481791327255,0.19865652769045436,0.20743136313305985,0.21526283558536266,0.2198400135868599,0.22559009323137322,0.24964337006519274,0.2805222460065014,0.26171874041859905,0.29167457914460343,0.3304144241593461,0.3831665748159526,0.44347595178446736,0.5124251966030748,0.5858347757472872,0.6697609460854027,0.7657103051436436,0.8754052842734866,1.000815068814024,1.1441909478493604,1.3081067281408942,1.495504937723696,1.7097496485891177,1.9546868666980615,30.714469238293894,29.242081721192854,31.527617700679613,36.180507129617325,38.44033801580149,37.59087613574405,35.18793884086999,33.5859220723124,40.583122096869936,41.927269434417774,44.17555942641644,43.09955007677209,37.59160705993845,40.485578653997315,46.49122574958542,47.97161118085961,48.10334351584507,44.87827094518869,42.7177866682204,45.869991773402035,53.07904631425806,55.63176142392021,54.055842524862236,50.31708821573271,50.183531751192476,57.42939058215747,58.94049332186626,61.598493002283824,54.41504611141876,51.32315292330209,30.88527552,29.41908135,31.71169793,36.37268232,38.63434287,37.79330728,35.40058702,33.7845786,40.79055346,42.14253227,44.39539944,43.32514017,37.84125043,40.7661009,46.75294449,48.26328576,48.43375794,45.26143752,43.16126262,46.38241697,53.66488109,56.30152237,54.82155283,51.1924935,51.18434682,58.57358153,60.24860005,63.09399794,56.12479576,53.27783979,
0.0,0.0,0.0,0.0,0.0,0.0,0.0,0.0,0.0,0.0,0.0,0.0,0.0,0.0,0.0,0.0,0.0,0.0,0.0,0.0,0.0,0.0,0.0,0.0,0.0,0.0,0.0,0.0,0.0,0.0,0.146790174146212,0.15211270965505075,0.15819774687979685,0.1651545211399322,0.16672692624991592,0.1739684432045938,0.182748918450825,0.17072455417531415,0.178265609514985,0.18499594281185502,0.1889295496395365,0.19387114302785818,0.2145424243174816,0.24107959573492033,0.2249199449761504,0.25066386223324466,0.2839567162152108,0.3292916846018092,0.381121300347355,0.4403759808717392,0.503463853277934,0.5755896383260974,0.6580480993646896,0.7523194863910153,0.8600961087040121,0.9833127143317049,1.1241812215884919,1.28523042624452,1.469351397108926,1.6798493749440657,30.61687266585581,29.26924914034707,31.72313868312243,36.366687548862416,38.584677053752536,37.714050876797984,35.078446101551876,33.616472955827525,40.790779340488,42.23407792719128,44.340986860363756,43.2398441369756,37.62964137568614,40.743095404268885,46.73260629502786,48.32932821777095,48.2711787937892,44.753926125402806,42.78348707965748,46.19015900913335,53.51356912672743,55.89652496167954,54.300890460641234,50.23860039361517,50.59805616130248,57.84657536567513,59.519773438418675,61.999940783763016,54.434449512898965,51.60212039505611,30.76366284,29.42136185,31.88133643,36.53184207,38.75140398,37.88801932,35.26119502,33.78719751,40.96904495,42.41907387,44.52991641,43.43371528,37.8441838,40.984175,46.95752624,48.57999208,48.55513551,45.08321781,43.16460838,46.63053499,54.01703298,56.4721146,54.95893856,50.99091988,51.45815227,58.82988808,60.64395466,63.28517121,55.90380091,53.28196977,
0.0,0.0,0.0,0.0,0.0,0.0,0.0,0.0,0.0,0.0,0.0,0.0,0.0,0.0,0.0,0.0,0.0,0.0,0.0,0.0,0.0,0.0,0.0,0.0,0.0,0.0,0.0,0.0,0.0,0.0,0.14558649623125144,0.1508653870037797,0.15690052698600435,0.16380025576891347,0.16535976717320286,0.17254190376349424,0.18125037920321102,0.16932461459081835,0.17680383335443325,0.1834789779876418,0.1873803292798819,0.19228140165335475,0.21278317864947233,0.23910274553481972,0.22307560374570623,0.2486084211466475,0.28162827406912727,0.32659149618224537,0.37799610961291097,0.43676490236776233,0.49933545487050396,0.5708698092247083,0.6526521117327239,0.7461504743571352,0.8530433294780719,0.9752495602096717,1.114962947158954,1.2746915499968157,1.4573027307979587,1.6660746273845564,30.546199043770773,29.316809052998344,32.88964606301623,37.63037604423343,39.63491270282926,37.66441201623909,34.997559150799496,33.67105780541202,42.20790002664855,43.63564564201549,45.547809210723415,43.1828939883501,37.69097170135415,42.24297612446899,48.35703764625829,49.93477683885755,48.20806471593528,44.65129230382237,42.85455831039193,47.89803907763732,55.30054142513482,57.429752540780896,54.23221288827315,50.125632435649045,52.48581937052841,59.88746732979713,61.53055860284819,63.72339364001067,54.3158825792099,51.69976706261558,30.69178554,29.46767444,33.04654659,37.7941763,39.80027247,37.83695392,35.17880953,33.84038242,42.38470386,43.81912462,45.73518954,43.37517539,37.90375488,42.48207887,48.58011325,50.18338526,48.48969299,44.9778838,43.23255442,48.33480398,55.79987688,58.00062235,54.884865,50.87178291,53.3388627,60.86271689,62.64552155,64.99808519,55.77318531,53.36584169,
0.0,0.0,0.0,0.0,0.0,0.0,0.0,0.0,0.0,0.0,0.0,0.0,0.0,0.0,0.0,0.0,0.0,0.0,0.0,0.0,0.0,0.0,0.0,0.0,0.0,0.0,0.0,0.0,0.0,0.0,0.1467395059946652,0.15206020430263306,0.15814314113074115,0.16509751409327916,0.1666693764499017,0.17390839382120743,0.18268583827567744,0.17066562449807907,0.17820407686151532,0.18493208702232106,0.18886433607120004,0.19380422374996628,0.21446836985074524,0.24099638132658144,0.22484230845909986,0.250577339585303,0.2838587017396942,0.3291780216739221,0.380989747183691,0.44022397453298956,0.5032900706459247,0.5753909597483717,0.6578209582701467,0.7520598052647425,0.8597992258899265,0.9829733003490084,1.1237931834596946,1.284786798117581,1.4688442152100198,1.6792695346161928,30.671859624007357,30.13522953569949,36.04489400887149,39.370901915909066,41.41582779355257,38.53575409618138,35.141476951727036,34.61095480550477,44.15988691314148,46.075629662980816,47.5943107939321,44.181818706253495,38.743543340152875,46.29882208867722,50.59418638154491,52.7288377704189,49.3242480682647,44.834547268330695,44.05403699282115,52.511351445472116,58.405546489359445,60.022453360257266,55.49296233173577,50.32991724474143,57.57380510411658,62.684728339657816,65.01210166654748,66.62386121188995,54.53478704479787,53.17089221538397,30.81859913,30.28728974,36.20303715,39.53599943,41.58249717,38.70966249,35.32416279,34.78162043,44.33809099,46.26056175,47.78317513,44.37562293,38.95801171,46.53981847,50.81902869,52.97941511,49.60810677,45.16372529,44.43502674,52.95157542,58.90883656,60.59784432,56.15078329,51.08197705,58.43360433,63.66770164,66.13589485,67.90864801,56.00363126,54.85016175,
0.02569402237518068,0.026902874084509424,0.02839042212135585,0.030220918901771036,0.031410563228648776,0.033874019917162095,0.03701587480745919,0.03723061632771932,0.04138838042623188,0.046277621363757473,0.05179560784437624,0.058860790611454085,0.07028031145042107,0.08485330160544127,0.09504089165397347,0.1156186329067391,0.14121824643470243,0.17409190143581182,0.21521052066892435,0.26580888674313563,0.3270901505947689,0.40249958504772054,0.4952943880119944,0.6094826924283443,0.7499966915851831,0.9229056778422822,1.1356781966507938,1.3975046392210084,1.7196942077463948,2.1161633995039715,0.13897555462406788,0.14401473608597126,0.14977582621435306,0.15636224500444004,0.15785094050824153,0.1647069432410506,0.17301997525634352,0.16163574804964753,0.16877534274239345,0.17514737553122084,0.17887157024472758,0.18355008967467643,0.20312090085958617,0.2282453217368243,0.21294595691357432,0.23731935383752034,0.26883980726073914,0.3117612930620739,0.36083167284795026,0.41693183171652504,0.4766611161097039,0.5449471648051744,0.6230158122670327,0.7122685049173867,0.8143074591496917,0.9309644234567644,1.0643335609957412,1.2168090428801266,1.3911280270535165,1.5904197942786473,30.76767878300277,30.387424749831638,38.18832964166653,40.94450060609614,42.44453113626558,39.65037033684439,35.24450588993892,34.894028175625486,45.91675252683438,47.54483353310817,48.76056997191421,45.43925936971734,39.03326074769362,49.00789470666155,52.561341271436454,54.35086030325995,50.65809660630898,44.84456815550674,44.256650706487974,55.433170001545435,60.02246031330087,61.18244214015272,56.68508267972686,49.94876576266046,60.36123625927162,64.38251210870777,66.08848566236061,67.01121181790636,53.09951440520795,51.63445376621751,30.93234836,30.55834236,38.36649589,41.13108377,42.63379264,39.8489513,35.45454174,35.09289454,46.12691625,47.76625853,48.99123715,45.68167025,39.30666196,49.32099333,52.86932812,54.70379829,51.06815466,45.33042135,44.8326929,56.11591072,60.82621158,62.12988889,57.80339288,51.27051696,61.92554041,66.23638221,68.28849742,69.6255255,56.21033664,55.34103696,
0.4748892236253375,0.49723179970543846,0.5247253747482378,0.5585574926707214,0.5805450687120256,0.6260758547119933,0.6841451210888257,0.6881140766827527,0.7649598634548227,0.8553251553906448,0.957311223492126,1.0878933141448401,1.2989543658635772,1.568299347336863,1.7565912643484223,2.1369189306358316,2.6100632447447163,3.217649876111704,3.977623884035847,4.912807111902241,6.045436771374815,7.439190044353202,9.154268022129747,11.264750936776652,13.86179794614407,17.057584617552717,20.990148183909113,25.829349855845813,31.784211723055783,39.111945151317684,0.11698705262415263,0.12122894241880758,0.12607852158288863,0.13162284715643935,0.13287600350984025,0.13864725986254248,0.1456450165289578,0.1360619845279874,0.14207196334976457,0.14743582275083567,0.15057078101101412,0.15450907217477367,0.17098341922220678,0.19213269223836782,0.17925396977141902,0.19977104470797213,0.22630437967708944,0.26243489292979916,0.30374143146332705,0.35096550806826904,0.40124451544772716,0.4587264488268869,0.5244431929954703,0.5995744596428928,0.6854689649087913,0.7836686408106563,0.8959363151791103,1.0242873569961615,1.1710258552165493,1.338785980534942,30.910313183752532,31.44158028787788,39.15487753367111,41.60406363017519,43.6060725977806,40.80248220542805,35.27790133238492,35.993254208792095,46.5243235031984,48.143146031861654,49.82042370550015,46.409023923683826,39.768332954917824,49.41066668042858,52.42859297588419,53.94713603466044,50.43380387558262,42.6854214809631,42.75449668450566,52.95713116003461,56.13639367318283,56.688531186825564,50.617116434880685,40.35070593358664,49.70119458895364,50.26825061164346,48.374811950918975,45.52481767716557,24.29061565173556,17.60987618814755,31.50218946,32.06004103,39.80568143,42.29424397,44.31949367,41.56720532,36.10769147,36.81743027,47.43135533,49.14590701,50.92830571,47.65142631,41.23827074,51.17109872,54.36443821,56.28382601,53.2701715,46.16550625,47.035862,58.22090378,62.58307496,64.58644768,60.29582765,52.21503133,64.2484615,68.10950387,70.26089645,72.37845489,57.24585323,58.06060732,
1.66371874015788,1.741993337008268,1.8383138550512927,1.956840715225477,2.0338716110442983,2.193383383798332,2.39682225310099,2.4107270238811336,2.679947231867441,2.99653144177168,3.3538276790712604,3.81130673005793,4.550734389378602,5.494352965988209,6.154011630299221,7.486445036499418,9.144050690661704,11.272659247321991,13.935139118656831,17.21144395835175,21.179479231373307,26.0623304818366,32.070905177795815,39.464734730456435,48.56318456591617,59.75924863782714,73.53652421435416,90.49010014000267,111.35226080959293,137.0241160991519,0.10488906622822401,0.10869228931679793,0.11304035877158217,0.11801132879972129,0.11913489244884129,0.12430932565508199,0.1305834230527721,0.12199140149423038,0.12737987015403032,0.13218903656465303,0.13499979927042863,0.1385308197845425,0.15330150457199912,0.1722636670362317,0.1607167723716522,0.17911211427964432,0.20290155649914016,0.2352957036497522,0.2723306075875526,0.314671099013523,0.3597506015449387,0.41128815362348625,0.4702089296989979,0.5375706438923589,0.6145825375112202,0.70262708670037,0.8032848199108423,0.9183626906976374,1.0499265151792774,1.2003380564590447,30.751192143615917,31.81501462367705,39.40922949617936,41.28051139597715,43.250186326509336,40.968258160549176,34.746667113848936,36.12863482462747,45.81403258798151,47.6419910716668,48.68477589166161,45.67190830016098,38.59956624605302,47.50334393697938,49.41365813733316,50.47905892922516,46.12586602284357,36.14882869903286,35.184083753760454,42.96903231263982,43.1128936070871,39.69209525454555,30.247861322511085,13.8994202556574,17.58038838657912,9.35642616547932,7.0952498271797465e-12,7.449927590970953e-12,7.822809524326236e-12,9.964283129820362e-14,32.51979995,33.66570025,41.36058371,43.35536344,45.40319283,43.28595087,37.27407279,38.66135325,48.62135969,50.77071155,52.17360337,49.62174585,43.30360214,53.16996057,55.72838654,58.14461608,55.47281827,47.65678365,49.39155348,60.49514737,64.65212344,66.16571389,62.78897543,53.90172563,66.75815549,69.81830189,72.58378008,74.14825107,59.09505742,60.9684498,
3.027622486714368,3.1700659922435825,3.3453493254897806,3.5610435882766245,3.701223816294422,3.9915021057846007,4.361718585592975,4.387022379840419,4.876947230659804,5.453064725587954,6.103269652872711,6.9357864891238625,8.281391220633584,9.998581003056508,11.199022734832914,13.623774734848443,16.640272674981265,20.513898051675486,25.35905831482957,31.321252504605987,38.54225238318871,47.428027297151125,58.36238502450517,71.81761881867655,88.37490741029659,108.74941815458007,133.82119761725266,164.67318387175737,202.63798239215254,249.3554259565438,0.11116137047186267,0.11519202405606196,0.11980010549754401,0.12506833659896463,0.1262590886910539,0.13174294994852073,0.13839223466694556,0.12928641529113835,0.13499711119594052,0.14009386291903117,0.14307270757539767,0.14681488103186743,0.16246884405036702,0.18256493263645276,0.17032754048715065,0.18982291298233125,0.21503494980346524,0.2493662478311738,0.2886158171624708,0.3334882449818019,0.3812634751538249,0.4358829424236628,0.49832714612711027,0.5697170510651048,0.6513342104616707,0.7446437717189685,0.8513207779564058,0.9732802374849137,1.1127115010074349,1.272117563666662,30.052849862815794,31.408309383702484,38.91305704901492,40.37495948512675,42.80617298501699,39.904992204269455,33.544015329742784,35.32543680487128,44.40083947814725,46.417226581496166,47.34120764955522,43.39007984984774,36.181869635319686,44.296991594310875,45.26614356468395,45.75074142217346,39.5687827552197,27.878071440497976,25.251881708012817,30.32881017041735,27.30722504166286,20.09494775043089,5.004996029373655,6.1277710242542426e-12,6.4345249859914794e-12,6.756616714791785e-12,7.09481403773379e-12,7.449920909491891e-12,7.82280357253458e-12,9.964284264855295e-14,33.19163372,34.6935674,42.37820648,44.06107141,46.63365589,44.02823726,38.04412615,39.8417456,49.41278382,52.01038517,53.58755001,50.47268122,44.6257297,54.47813753,56.63549384,59.56433907,56.42409038,48.64133574,50.89955584,61.98355092,66.2307409,67.95885799,63.8657082,55.01529337,68.40065212,70.95475488,74.35606561,76.15772834,60.31591535,62.82991314,
4.087577634526952,4.279889882814123,4.516539014542575,4.807746735562009,4.997003344456556,5.388906578467889,5.888733954383656,5.922896477580783,6.58434151294962,7.362154796297111,8.23999314314882,9.36396986586114,11.18066393177217,13.49903307444803,15.119743316855793,18.39338859067392,22.46594703175766,27.695708841161583,34.237134931856296,42.28666281380977,52.03569781805441,64.03233708306725,78.79475752695596,96.96059985562503,119.31451050085909,146.8220332512076,180.67131447405552,222.32442332366745,273.58050363495414,336.6534852547054,0.1598355163429948,0.16563106918743647,0.17225688779171758,0.17983191529214707,0.18154406110923885,0.18942913658032995,0.19898993860867517,0.18589696093594493,0.1941081949711795,0.20143665754657072,0.20571984667724474,0.21110060281690834,0.23360895487531833,0.2625045026901469,0.24490873282357703,0.2729405294435634,0.3091921419080262,0.35855605964033777,0.4149918084411856,0.47951249255673445,0.5482070269128362,0.6267426793287412,0.716529279648625,0.8191786286896209,0.936533432424257,1.0707003812482063,1.2240879681545913,1.3994497247063948,1.5999336509559317,1.8291387266507348,29.47157976913208,30.94737071800057,38.484086457667956,39.9684578991482,41.879595104436675,38.74153387495437,32.560859387010375,34.536049151486125,43.63800283208219,45.01991322615945,45.62962202017725,41.23192951132541,34.11098540335613,41.73817366286567,42.42121764032465,41.55436896988673,34.02269065633874,21.35989979920269,17.2734202897074,20.37969079363862,14.376654335038145,3.918379217609667,5.835623671307463e-12,6.1277682332850814e-12,6.434522886399877e-12,6.756615369288081e-12,7.094812994623182e-12,7.449920722102352e-12,7.822806447418834e-12,9.964284299743773e-14,33.71899292,35.39289167,43.17288236,44.95603655,47.05814251,44.31986959,38.64858328,40.64484259,50.41645254,52.58350468,54.07533501,50.80699998,45.52525829,55.49971124,57.78586969,60.22069809,56.79782983,49.4141647,51.92554703,63.1458661,66.96055918,68.57745898,64.28873912,55.88939378,69.68330074,72.39598247,75.17541951,76.85096021,61.27423372,64.09638662,
4.743275750305627,4.966437266819026,5.241047852408149,5.578968901233219,5.798584615922507,6.253353986087004,6.833359868175778,6.873002483518774,7.640551500795882,8.543135675345688,9.561790173339574,10.866066693427328,12.974181004400444,15.664445292428795,17.54513754550067,21.34391609621097,26.06976338829073,32.13844381184699,39.72919572474601,49.0699676482859,60.38286870095688,74.3039175956001,91.43441325049592,112.51428184396994,138.45403682071137,170.37410716031928,209.6532326339058,257.9880164095954,317.4662072927833,390.656876918086,0.21023806630399897,0.21786118944368563,0.2265763944426538,0.2365401319793875,0.23879218605379868,0.24916374212363923,0.2617394485545006,0.24451772980852882,0.25531829532134487,0.2649577161214454,0.2705915666013026,0.27766909099599785,0.307275229360734,0.34528270252050364,0.3221382805765134,0.35900962714110435,0.40669282721645883,0.4716231683989536,0.5458553726660403,0.6307220166724657,0.7210786933305408,0.8243797873402795,0.9424797044497831,1.0774985109297677,1.231859991864393,1.4083351616390798,1.6100920077022125,1.8407523605740268,2.104456911002524,2.4059395414194715,28.872081693392396,30.405436993739418,38.334614833151434,39.44017445678975,41.37796082802617,38.23402949179194,31.675671453272425,33.753375806675535,42.85662517388577,44.457600198536014,44.653412430062446,40.140931225580125,32.49699877624245,40.299035465054544,40.303755913926835,39.29904193665215,30.855364014497237,16.960320599758674,11.939288982592801,14.365691185046742,6.7253205457179535,5.557163667846766e-12,5.835621134948557e-12,6.127768929197264e-12,6.434522706251072e-12,6.756615903953097e-12,7.094814498594183e-12,7.449922930467553e-12,7.822810484915326e-12,9.964285132201459e-14,33.82559551,35.58973545,43.80223908,45.25568349,47.41533763,44.73654722,38.77077077,40.87089602,50.75249497,53.26569359,54.48579417,51.28466701,45.77845501,56.30876346,58.17103174,61.00196766,57.33182023,49.57038758,52.21434008,64.06638085,67.82926794,69.0979966,64.89315604,56.0660881,70.69911556,72.87852579,76.15070326,77.43429789,61.46795221,64.45286993,
4.740936632623339,4.963988098387687,5.23846326143123,5.5762176665395655,5.7957250790704755,6.2502701824769105,6.8299900381809575,6.869613104008513,7.636783609140672,8.53892267977631,9.557074834479643,10.860708158508105,12.96778286568826,15.656720466191487,17.53648526727961,21.333390473376014,26.056907242512008,32.122594933106036,39.709603512714736,49.045769091204754,60.35309125530098,74.2672750690719,91.38932292388144,112.4587961079458,138.38575905176856,170.29008820218957,209.54984341316077,257.86079118323926,317.30965075715295,390.46422684741543,0.23464971041582652,0.24315798709777223,0.25288515195033223,0.26400582181167503,0.2665193715493198,0.2780952135037951,0.2921311391767851,0.2729097327604903,0.28496439828545217,0.2957230936020712,0.30201111463872315,0.3099104407639682,0.34295427490849906,0.38537495888530754,0.3595431387854871,0.40069577563248177,0.4539156767002696,0.5263853584449757,0.609236982515821,0.7039578567616663,0.8048062349107308,0.920102062260919,1.0519150675698963,1.2026114871013018,1.3748965420270522,1.571863001104622,1.7970467004003956,2.0544900167193396,2.3488144341819144,2.685303506624419,28.57722583696285,30.833228554516662,38.406845746620675,39.620573621651104,41.43100306938267,37.641711804021874,31.335986362644956,34.24588271323383,43.06077394257686,44.472340976624764,44.71623584088492,39.464663770731384,33.04736717940687,40.390020444927,40.53865356393889,39.315171960995684,30.095041480792126,16.521651558453623,12.556640424774281,14.457000492038663,6.723953729793613,5.557176358046267e-12,5.835621213425052e-12,6.127769194367594e-12,6.4345229308070745e-12,6.7566161403586535e-12,7.094814834243736e-12,7.449923310465835e-12,7.822811400171218e-12,9.96428356062816e-14,33.55281218,36.04037464,43.89819416,45.46079711,47.49324752,44.1700772,38.45810754,41.38840555,50.98252195,53.30698675,54.57532179,50.63528237,46.35810432,56.43211587,58.43468197,61.04925821,56.6058644,49.17063185,52.87548092,64.20672744,67.88185122,69.21153407,64.07145589,55.61394841,70.8539921,73.2088352,76.20973757,77.56153305,60.97224969,65.26897571,
4.498789641883005,4.7104485822034565,4.970904714849797,5.29140805352466,5.499703955860769,5.931032817947244,6.481143035428078,6.5187423226444565,7.246729003229333,8.102790625860182,9.068939874918101,10.305989122654525,12.30544336595887,14.85704140706577,16.640795772842246,20.24377112055246,24.726030631895306,30.481908650927597,37.68140492260301,46.540718651960866,57.270510625814424,70.47401678236297,86.72154285284316,106.71487646294695,131.31759980131247,161.59239076254894,198.84692373196526,244.6903526278535,301.1028159019916,370.52096566306693,0.23772851987452065,0.2463484325890834,0.25620322635327203,0.26746980913091645,0.27001633883982756,0.28174406596662477,0.29596415526226294,0.2764905471800082,0.28870338046138394,0.29960323927164345,0.3059737646446945,0.3139767368385778,0.347454134991926,0.3904314154496789,0.3642606592739619,0.40595325471434324,0.45987144743784164,0.5332919947993378,0.6172307046518167,0.7131943996241273,0.8153659967108546,0.9321746061700199,1.0657171134110686,1.218390801787266,1.3929363873386755,1.5924872186542458,1.8206255250624976,2.081446722888117,2.379632934165832,2.720537037580024,29.049356148244495,31.189137165209583,38.747483338799164,39.86968805734677,41.93113324530187,37.28743688608872,31.948135299312376,34.714396200178385,43.41094353631229,45.11870069487133,45.43897186044052,39.24740470051036,33.84098621905283,41.2828532674884,41.388196007887814,40.64473852473742,30.56150336067128,18.496976714277686,14.731713592750031,17.06455495842013,10.068622427480081,5.557596859725895e-12,5.835621519885382e-12,6.127769024562132e-12,6.434522735712409e-12,6.7566158601407205e-12,7.094814369358437e-12,7.449922740352791e-12,7.822810347265663e-12,9.964282430547009e-14,33.78587431,36.14593418,43.97459128,45.42856592,47.70085354,43.50021377,38.72524249,41.50962907,50.94637592,53.52109456,54.8138855,49.86737056,46.49388372,56.53032609,58.39325244,61.2944629,55.74740544,49.51217736,53.03034922,64.31846801,68.15449905,69.51407667,63.09977714,56.00025002,70.97730107,73.15693097,76.5158344,77.90057579,61.39577076,65.46014362,
3.776817652980661,3.9545092735826124,4.17316704554148,4.44223556478876,4.617103852397175,4.979212461655555,5.441040229978818,5.472605531538211,6.0837639019520235,6.802443570432406,7.613543850668815,8.652069722819135,10.330648781536398,12.472762837113756,13.970257833218115,16.995022709930694,20.7579630106011,25.59012975791883,31.634240902455712,39.071799701565894,48.0796598074006,59.164249019804636,72.80434961685516,89.58912537466672,110.24356961688423,135.65982021864352,166.93569416983115,205.42210614055946,252.78141922298005,311.05924822259226,0.22939544993262875,0.23771320985718813,0.24722256469068704,0.2580942212628355,0.2605514877643507,0.271868124246834,0.2855897584191952,0.26679875643845524,0.2785834947063421,0.2891012820433489,0.2952485021372175,0.30297094708485434,0.3352748659247753,0.37674566880821025,0.3514922730811242,0.3917234228605176,0.4437516274944823,0.514598573015281,0.5955949891101492,0.6881948799309481,0.7867850680010041,0.8994991989644797,1.0283606563523486,1.175682691825491,1.34410995142587,1.53666595084162,1.7568073519364995,2.008486014886808,2.2962199398524032,2.625174371688579,29.54130894708873,32.11310942656232,39.79764790977007,41.00341777395075,42.92383454984093,37.83432849410019,32.7254140216047,35.95327554202618,44.89263406334464,46.482147017527396,47.020736127197274,40.436809960099474,36.03299059254246,43.99377320408185,44.42521702370477,43.96795328721298,34.01410065190883,23.058150989070523,21.034368608438978,24.914544708508245,19.35503232460374,9.596985011236512,5.835626770418489e-12,6.127768921945325e-12,6.4345234685168834e-12,6.7566156766532076e-12,7.094813201142672e-12,7.449920996071351e-12,7.822807588392563e-12,9.964285791271791e-14,33.54752205,36.30533191,44.21803752,45.70374756,47.80148989,43.08540908,38.45204401,41.69267983,51.25498146,53.57369187,54.92952848,49.39185063,46.69891424,56.84328171,58.74696713,61.35469942,55.21581529,49.16287932,53.2642045,64.67453929,68.2214772,69.66073323,62.49807704,55.60517999,71.37023609,73.60007602,76.59102957,78.06492567,60.96263646,65.74881229,
2.8797269691694853,3.0152122901616267,3.1819332549483503,3.3870911266341555,3.520423728350052,3.7965222916542283,4.1486541660915,4.172721902091096,4.638714545481058,5.186689431661601,5.8051326731176305,6.596982118073307,7.876855765522598,9.510163005551728,10.651964681646614,12.958270622573233,15.827416465148753,19.511820156386772,24.120300487398886,29.791249054819986,36.6595122501072,45.11122833227848,55.51145655629974,68.30941924933198,84.05790529831565,103.43714704044567,127.28420188316504,156.62910774887618,192.7393740248123,237.17472973820878,0.21531048640866074,0.22311753286800992,0.23204300987827547,0.24224714280813375,0.24455353225845783,0.2551753231713511,0.2680544440468544,0.25041721637835673,0.26147836745786895,0.27135035885150327,0.27712013741014796,0.28436842144729046,0.31468886799656604,0.35361334859638816,0.3299105204929267,0.3676714631372768,0.41650511720495015,0.48300203466835684,0.5590252415448058,0.6459394656057914,0.7384761805001776,0.8442696230902675,0.9652189404270303,1.1034953496834132,1.2615811146786902,1.442314106145117,1.6489387456588611,1.8851642477532884,2.155231205745743,2.463987716590805,30.98851563442388,33.77603763697249,40.93990591517561,42.438705590560055,43.78995662939396,39.157517525177,34.64973216986435,38.08379004153339,46.76333272706406,48.46382567949003,48.56395385947551,42.65242772048285,39.41938963648446,47.154136715855685,48.23335336786447,48.42749942429369,39.13055652765068,29.95359440894948,29.625117551061145,34.4360409695793,31.266857809397962,23.34593116463688,6.200989973279124,6.127773761531812e-12,6.434529786102388e-12,6.756617758630129e-12,7.094814446784386e-12,7.44992111911701e-12,7.822805781948117e-12,9.964280934104716e-14,34.08355309,37.01436746,44.35388218,46.06804386,47.55493389,43.20921514,39.06644078,42.50692916,51.66352564,53.92186547,54.64620667,49.53377826,47.61093427,57.01791307,59.21522857,61.75344151,55.37447811,49.9484166,54.30444328,64.87322949,68.66484624,69.30142912,62.67766547,56.49365403,71.58949651,74.1867289,77.08879205,77.66227346,61.93671332,67.03287285,
1.7050975098289352,1.7853188939793567,1.8840350239936214,2.005509795691911,2.08445654640778,2.247935576814982,2.456434225701668,2.470684825553488,2.7466008774394695,3.0710589333171434,3.4372415757227643,3.9060987039187545,4.6639168556134765,5.631004408556879,6.307069610387239,7.672642304909658,9.371474688634725,11.553024407199294,14.281723488963493,17.639514135160198,21.706239417283534,26.71053329645207,32.86854877371295,40.44627213165556,49.771011814682566,61.24553602848628,75.36546971122762,92.74070231260822,114.12173105788393,140.4320775547695,0.23937343853257798,0.24805299514372703,0.25797597733622274,0.2693205171559305,0.2718846671076029,0.28369354207975606,0.298012024661206,0.2784036725386018,0.29070101026792045,0.30167628864137186,0.3080908936900684,0.31614924097436403,0.3498582798112731,0.3931329336364909,0.36678109373909157,0.4087621734058456,0.463053443121816,0.5369820104226255,0.6215015187003102,0.7181292167650533,0.8210077713782068,0.9386246164719628,1.0730911464677089,1.2268212322788332,1.402574553824673,1.6035061403219735,1.8332230076745606,2.095848909685217,2.3960983654687453,2.7393612919665546,33.43548127164051,36.08811784087904,42.80210322867239,43.958223417154514,45.192505286487076,41.318984501107835,37.79792235963984,41.02924879191076,48.81127592229561,50.47472576804462,50.89387907059047,46.046810735110334,44.02123117457888,51.75253230781044,52.75347927587767,53.5868261016887,46.361929868247856,39.75824392238269,41.02549724234104,47.37887606807983,46.04285137134361,41.643400097081575,29.66641408982521,16.96934849607177,21.368575691499252,11.603414151198558,1.0728022019814353e-08,7.449929157684532e-12,7.822809004636386e-12,9.964276985781943e-14,35.37995222,38.12148973,44.94411423,46.23305373,47.5488465,43.85061362,40.55236861,43.77833729,51.84857781,53.84746099,54.63921154,50.26905868,49.03500631,57.77666965,59.42732998,61.66823058,56.196458,51.84825034,55.92872225,65.73651942,68.57009856,69.29255801,63.60805401,58.64244186,72.54216206,74.45245632,76.98242053,77.6523321,64.2925329,69.03786689,
0.57076904993658,0.5976225776393606,0.6306670876552778,0.6713298882481024,0.6977567416344506,0.7524801638036808,0.8222735774073715,0.8270438625620699,0.9194047638532888,1.0280147496341896,1.1505917387531819,1.3075382688336035,1.5612124100332385,1.8849379686110446,2.1112459015706144,2.5683614770605425,3.137033321380773,3.8672912996353026,4.780703566959312,5.904699682118676,7.266006535392703,8.941157690415519,11.002508799774404,13.539096846360113,16.6604859628812,20.501499890960947,25.228045491320387,31.044278842873428,38.20142345968309,47.00862151549176,0.2765337351618014,0.28656070483706336,0.29802412929408156,0.3111297937707549,0.31409200197563236,0.32773408492404515,0.344275366589925,0.321623016830185,0.33582939142078866,0.34850847035977456,0.3559188777323637,0.36522820163821523,0.4041702265990007,0.4541628311815377,0.42372013561812893,0.4722183517842165,0.5349377900530151,0.6203430170329965,0.7179833210756944,0.8296114884686007,0.9484608944412305,1.0843365608940763,1.2396776548012407,1.4172727760339952,1.6203100168076812,1.852434192600573,2.1178122719234107,2.4212081794996814,2.7680683156831587,3.16461932731134,37.26837007490365,40.35554329752571,45.27690363305288,46.6800032579835,47.91559579639239,45.05946117127486,42.52149240600542,46.21062240061059,52.19637068472892,53.857237210009174,54.716872063517755,51.22040559953164,51.080557263371404,57.05923055021124,58.729706832815275,60.21529540115944,55.458018598570625,51.3697319133363,55.004856641969845,60.847285099417824,62.12096393017144,61.27608379869604,54.68629468543026,48.22054242761211,56.297462080317636,54.40040407644534,51.61847024676341,46.43824255763444,28.29439914464165,24.511740637197093,38.11567286,41.23972658,46.20559485,47.66246294,48.92744454,46.13967542,43.68804135,47.35928928,53.45160484,55.23376043,56.22338268,52.89317207,53.0459399,59.39833135,61.26467287,63.25587523,59.12998971,55.85736623,60.50354353,67.58159627,70.33543136,71.30157805,66.92848114,63.17691205,74.57825806,76.75433816,78.96432801,79.90372958,69.26389092,74.68498148,
0.017588356612053036,0.01841585316530979,0.019434126013662532,0.020687157932178204,0.021501506435386602,0.02318781907664018,0.025338516364397153,0.02548551360689189,0.028331632311297972,0.03167846963850895,0.03545570282467441,0.04029203993928405,0.04810905675049908,0.05808472128475365,0.06505844319464309,0.07914454641894028,0.09666827724185276,0.11917131545278009,0.14731828784608642,0.1819544414815748,0.2239033705562605,0.27552347136044314,0.3390443970625003,0.4172098391904112,0.5133960372900702,0.6317576105506311,0.7774070103761633,0.9566353450894735,1.1771841149614055,1.4485795947544233,0.29743495139952975,0.3082197883247646,0.32054965142175845,0.33464587976943944,0.3378319802028549,0.35250517107548157,0.37029669045556096,0.34593221085262493,0.36121234415515796,0.3748497444014662,0.38282025170838524,0.3928332011298341,0.4347185765066697,0.48848976614341527,0.45574612396147607,0.5079099750007858,0.5753699290724683,0.6672303291107979,0.7722505685784444,0.8923159143992749,1.020148300811908,1.1662938415146884,1.3333760627474545,1.5243943347920963,1.7427777150566457,1.9924465046718365,2.2778826236310836,2.604210067810594,2.977286892190818,3.40381037151261,37.84585651199045,41.41770279851205,46.00082656256682,47.38390992230073,48.40093752336423,44.69266240985048,43.34422218318275,47.567362765543336,53.148166673536544,54.96367292596317,55.613004695470245,51.23191693893435,53.212185686746466,59.02557941257566,60.8425602828479,62.82507796858449,57.085008553690095,55.13721401544105,60.324299803580324,66.70509586412426,69.2651251686372,69.6161400571305,63.70204407019594,61.310238616023675,72.54032920765978,74.25377850478435,76.1040993059999,76.06987196710742,65.19157010285565,70.74644159373311,38.16087982,41.74433844,46.34081034,47.73924296,48.76027101,45.0683554,43.73985739,47.93878049,53.53771065,55.37020114,56.03128065,51.66504218,53.69501332,59.5721539,61.36336485,63.41213249,57.75704676,55.92361566,61.24386866,67.77936622,70.50917684,71.05795737,65.37446453,63.25184279,74.79650296,76.87798262,79.15938894,79.63071738,69.34604111,75.59883156,
0.0,0.0,0.0,0.0,0.0,0.0,0.0,0.0,0.0,0.0,0.0,0.0,0.0,0.0,0.0,0.0,0.0,0.0,0.0,0.0,0.0,0.0,0.0,0.0,0.0,0.0,0.0,0.0,0.0,0.0,0.2795494293060944,0.2896857464854394,0.30127418347298424,0.31452276966442144,0.31751728175414823,0.33130813624263883,0.3480298061936215,0.3251304248791782,0.3394917248015481,0.35230907339537,0.35980029377295203,0.36921113901244407,0.4085778399592261,0.4591156308453774,0.42834094736485845,0.4773680530221871,0.540771468031147,0.6271080679690962,0.7258131726335926,0.838658683040898,0.9588041820830937,1.0961616187490169,1.2531967599556537,1.4327286162013833,1.6379800469281192,1.8726356155627482,2.140907732820485,2.447612275639197,2.798255039215188,3.1991305740809444,37.56803129069594,40.85029803351669,45.15531055652925,46.284029270337925,47.59051100824831,43.47719796375995,43.03272533380909,46.91961522512368,51.918978275201454,54.0472133466078,54.69215332623037,49.85157672099102,52.50906464004442,57.97634637915846,59.46879552263916,61.823104996982046,55.60172392197328,54.83737723203556,59.631395907371285,65.64741443696424,68.3142970179223,68.71982917125663,62.293777670050275,61.29981941380483,71.73133633307842,73.16840927444412,75.63076124718671,75.79130194436836,65.97845821079272,71.30521708591924,37.84758072,41.13998378,45.45658474,46.59855204,47.90802829,43.8085061,43.38075514,47.24474565,52.25847,54.39952242,55.05195362,50.22078786,52.91764248,58.43546201,59.89713647,62.30047305,56.14249539,55.4644853,60.35720908,66.48607312,69.2731012,69.81599079,63.54697443,62.73254803,73.36931638,75.04104489,77.77166898,78.23891422,68.77671325,74.50434766,
0.0,0.0,0.0,0.0,0.0,0.0,0.0,0.0,0.0,0.0,0.0,0.0,0.0,0.0,0.0,0.0,0.0,0.0,0.0,0.0,0.0,0.0,0.0,0.0,0.0,0.0,0.0,0.0,0.0,0.0,0.2690863814777669,0.2788433139747184,0.28999801596678426,0.302750730672013,0.30563316339425517,0.31890785023946083,0.3350036572333953,0.31296135984334733,0.3267851413442427,0.3391227589234015,0.34633359598094693,0.35539220968811136,0.39328548364249327,0.44193173311325923,0.41230889238898405,0.4595009989456155,0.5205313346556308,0.6036365061598744,0.6986472508195293,0.8072691504845969,0.922917812935292,1.0551342001883102,1.2062917898032601,1.379104081629666,1.5766733090986194,1.8025461288508706,2.0607772884116384,2.356002414840043,2.693521231015893,3.079392693417906,36.66122597852426,39.55421422602741,43.49727400403546,44.43195665933033,46.04437419660821,42.78765724976312,41.994381932769315,45.430923270159504,49.84145531865875,52.38969562107974,52.915270914022344,49.06071105031534,50.84328059636114,55.847591236890565,57.08906734761502,59.92761605105859,54.72239630534879,53.51661974384477,57.74114686918536,63.237220459520536,66.2226858370701,66.49036501981733,61.32247337020265,59.83306720837655,69.0982846209079,70.23701386115599,73.32238833159556,73.33849764516751,64.41632977899204,69.0581167165823,36.93031236,39.83305754,43.78727202,44.73470739,46.35000736,43.1065651,42.32938559,45.74388463,50.16824046,52.72881838,53.26160451,49.41610326,51.23656608,56.28952297,57.50137624,60.38711705,55.24292764,54.12025625,58.43979412,64.04448961,67.14560365,67.54549922,62.52876516,61.21217129,70.67495793,72.03955999,75.38316562,75.69450006,67.10985101,72.13750941,
0.0,0.0,0.0,0.0,0.0,0.0,0.0,0.0,0.0,0.0,0.0,0.0,0.0,0.0,0.0,0.0,0.0,0.0,0.0,0.0,0.0,0.0,0.0,0.0,0.0,0.0,0.0,0.0,0.0,0.0,0.2664176724948612,0.27607783898954524,0.28712191236769025,0.2997481499018954,0.30260199561777845,0.31574502854637,0.3316812026949857,0.3098575134586675,0.32354419530529366,0.3357594525082776,0.3428987748889224,0.35186754828666567,0.38938500938854126,0.4375488015820777,0.4082197503119767,0.45494382129579963,0.5153688784917385,0.5976498406231356,0.6917183004062638,0.7992629242992003,0.913764621888098,1.0446697311105755,1.1943281901674334,1.3654265873217233,1.5610363890880583,1.7846690775495444,2.0403391865978286,2.332636368688983,2.666807785818915,3.048852303756835,34.881640467507175,37.35604077101259,41.67327135763455,42.733573320100454,44.79668854438469,41.65119170145622,39.95489127730773,42.90649088654419,47.936657914697705,50.655300307494876,51.48148515511439,47.7577991417168,48.01615178061509,53.50348043842175,54.90621848969205,57.94202370870842,53.267075711512675,50.91076672938149,54.5190387895986,60.57318269570591,64.01895326811729,64.67816974889506,59.68133483983847,56.89264970268447,66.16524324091844,67.51502516245729,70.85845926340936,71.31930987131854,61.20432663418898,65.10276543624335,35.14805814,37.63211861,41.96039327,43.03332147,45.09929054,41.96693673,40.28657248,43.2163484,48.26020211,50.99105976,51.82438393,48.10966669,48.40553679,53.94102924,55.31443824,58.39696753,53.78244459,51.50841657,55.21075709,61.37244562,64.93271789,65.72283948,60.87566303,58.25807629,67.72627963,69.29969424,72.89879845,73.65194624,63.87113442,68.15161774,
0.0,0.0,0.0,0.0,0.0,0.0,0.0,0.0,0.0,0.0,0.0,0.0,0.0,0.0,0.0,0.0,0.0,0.0,0.0,0.0,0.0,0.0,0.0,0.0,0.0,0.0,0.0,0.0,0.0,0.0,0.2564958824625294,0.2657962900015102,0.2764290656750642,0.2885850833603397,0.29133264762082034,0.3039862144720141,0.31932890181346507,0.2983179591952895,0.31149492867092354,0.3232552715432477,0.33012871494908363,0.338763477897495,0.37488373299530503,0.4212538339939965,0.39301704017748107,0.43800103732379914,0.49617577559541326,0.5753924724238331,0.6659576829746827,0.7694971852577066,0.87973466947373,1.0057646778978926,1.1498496335402835,1.3145760721246473,1.502901074188256,1.7182053490032205,1.9643539232532852,2.2457655239166283,2.5674919008789123,2.9353085132335166,32.6676478275395,34.77240111000062,39.909536304327176,40.864865206642015,43.28568584238165,39.41004976553057,37.418201198189244,39.93919728080756,45.840504511332064,48.686699878459905,49.74498576505423,45.18824380210597,44.69413751700833,51.23870844600981,52.50506069982651,55.69012755268041,50.399079064408994,47.67394473758079,50.73921101703018,58.007620534747396,61.53021732053163,62.498679782107736,56.457840146465614,53.257351307881535,63.35935869581824,64.55419531100361,68.10218046675388,68.92014828609089,57.26233995912897,60.51872818676665,32.92414371,35.0381974,40.18596537,41.15345029,43.57701849,39.71403598,37.7375301,40.23751524,46.15199944,49.00995515,50.07511448,45.52700728,45.06902125,51.65996228,52.89807774,56.12812859,50.89525484,48.24933721,51.4051687,58.77711772,62.40995199,63.50444446,57.60768978,54.57192738,64.86225977,66.27240066,70.06653439,71.16591381,59.82983186,63.4540367,
0.0,0.0,0.0,0.0,0.0,0.0,0.0,0.0,0.0,0.0,0.0,0.0,0.0,0.0,0.0,0.0,0.0,0.0,0.0,0.0,0.0,0.0,0.0,0.0,0.0,0.0,0.0,0.0,0.0,0.0,1.1001689633174274,1.1400605187777177,1.1856669030894407,1.2378068175647992,1.2495917432917945,1.3038657588872662,1.3696740216355519,1.2795533275462925,1.3360723356040203,1.386515111144452,1.4159968674737151,1.4530333224461773,1.6079612816173112,1.8068531525310962,1.6857391452329016,1.8786857026247872,2.128210337800536,2.4679887014547175,2.8564434121025912,3.3005478000385557,3.773381350286214,4.313952615538994,4.931965640765173,5.638514663807703,6.44628327318232,7.369772097045189,8.425559110680068,9.632597235405195,11.012554571235626,12.590203370974969,36.270297576684605,36.40189018122441,37.08182153691279,37.47627487243754,35.87646345671067,36.36646145111532,41.46421463836716,41.83324714245656,42.08026976439898,42.6990381988587,41.24620282252959,41.73112609755728,46.68159410838632,47.38686388747272,48.07680781477111,48.60982418737942,46.14794332220387,52.29730019854992,52.22202672790227,52.67055185996656,52.36576949971915,49.789554064466635,49.71119691924074,56.303214306198505,55.31945391682418,54.974335492961636,54.60085924932708,50.99820625460232,56.89714565877225,55.39812064902518,37.37046654,37.5419507,38.26748844,38.71408169,37.1260552,37.67032721,42.83388866,43.11280047,43.4163421,44.08555331,42.66219969,43.18415942,48.28955539,49.19371704,49.76254696,50.48850989,48.27615366,54.7652889,55.07847014,55.97109966,56.13915085,54.10350668,54.64316256,61.94172897,61.76573719,62.34410759,63.02641836,60.63080349,67.90970023,67.98832402,
0.0,0.0,0.0,0.0,0.0,0.0,0.0,0.0,0.0,0.0,0.0,0.0,0.0,0.0,0.0,0.0,0.0,0.0,0.0,0.0,0.0,0.0,0.0,0.0,0.0,0.0,0.0,0.0,0.0,0.0,1.1369705580547205,1.1781965202347415,1.225328477189245,1.2792125164910058,1.2913916580839953,1.3474811860173965,1.4154907915564523,1.3223554830107773,1.3807651003283976,1.432895229943303,1.4633631762895083,1.5016385324233819,1.6617489646118415,1.8672939390705947,1.7421285644259175,1.9415293495299546,2.199400797610713,2.5505450387406565,2.951993892389936,3.410953952727884,3.899604190479559,4.458258027858778,5.096944118454991,5.827127811875456,6.6619169735423975,7.61629729005176,8.707401284168915,9.954815868674048,11.380933960098648,13.011356464333991,35.1486841219473,35.20818848976738,35.622389582812986,35.99456186351132,34.31576855191847,34.87011707398518,40.174990578446256,40.46340491699207,40.42032816967459,40.99556454005983,39.45344769371378,40.01715498758007,45.14142245539178,45.50127633093321,46.16906723557808,46.649211820474235,44.21501788239367,50.62498487126398,50.43112505761491,50.483549807277214,50.12938091952578,47.43177498214683,47.438944361550895,54.31652024813073,52.8122362164641,52.40837845995506,51.949971815838246,48.19547027133347,54.55744358990924,52.88424265566619,36.28565468,36.38638501,36.84771806,37.27377438,35.60716021,36.21759826,41.59048137,41.7857604,41.80109327,42.42845977,40.91681087,41.51879352,46.80317142,47.36857027,47.9111958,48.59074117,46.41441868,53.17552991,53.38311895,53.89450376,54.02898511,51.89003301,52.53588848,60.14364806,59.47415319,60.02467575,60.6573731,58.15028614,65.93837755,65.89559912,
0.0,0.0,0.0,0.0,0.0,0.0,0.0,0.0,0.0,0.0,0.0,0.0,0.0,0.0,0.0,0.0,0.0,0.0,0.0,0.0,0.0,0.0,0.0,0.0,0.0,0.0,0.0,0.0,0.0,0.0,1.1686038299062467,1.2109767981012807,1.2594200801351134,1.314803303783923,1.3273212985637428,1.3849713728741557,1.4548731701901145,1.3591466120176754,1.419181326212486,1.472761842163327,1.5040774804947814,1.5434177496444046,1.7079828414472247,1.9192465744162186,1.7905987962084204,1.9955473936088426,2.2605934493011137,2.6215073728208687,3.0341255048934164,3.505854944574399,4.008100614240827,4.582297553051759,5.238753436004061,5.989252606471741,6.847267622407855,7.828201108467658,8.949662255652388,10.231782932046762,11.697579079300354,13.373363882448315,34.05653186009578,34.017036301900845,34.63553516986712,34.924187156218416,33.21251045143871,34.22758896712841,38.92004530981259,39.096351077985176,39.221441893790505,39.73997231783981,38.18624757950851,39.28177802035905,43.60519502855641,44.224525685587594,44.79050001379559,45.20289698639536,43.378442950703295,48.99986402718377,48.649525215111446,48.99511126543071,48.47276275576451,45.752326136953855,46.419489734001836,52.39658011353445,51.08907632759863,50.530086671539166,49.96966232435477,46.175442127960764,52.313620860707545,50.424428307551864,35.22513569,35.2280131,35.89495525,36.23899046,34.53983175,35.61256034,40.37491848,40.45549769,40.64062322,41.21273416,39.69032506,40.82519577,45.31317787,46.14377226,46.58109881,47.19844438,45.6390364,51.6213714,51.68365072,52.50096621,52.48086337,50.33462369,51.65824317,58.38583272,57.93634395,58.35828778,58.91932458,56.40722506,64.01119994,63.79779219,
0.0,0.0,0.0,0.0,0.0,0.0,0.0,0.0,0.0,0.0,0.0,0.0,0.0,0.0,0.0,0.0,0.0,0.0,0.0,0.0,0.0,0.0,0.0,0.0,0.0,0.0,0.0,0.0,0.0,0.0,1.201296504384488,1.2448548919837938,1.2946534155542873,1.3515860314402004,1.3644542276467002,1.4237171112470057,1.4955744701028217,1.3971698809970894,1.4588841167871034,1.5139635927118287,1.5461553123497516,1.586596158598543,1.7557650971791228,1.972939110667707,1.8406923027223168,2.051374509416251,2.3238354513160955,2.694846245233103,3.1190077164000893,3.6039341836952388,4.120230598161834,4.710491179009995,5.385311967109328,6.156806982745732,7.038825690006128,8.047201614918055,9.20003658040342,10.518025660479603,12.024828687111183,13.747494978803722,33.730379175617536,33.77402900801833,34.304691184447954,34.63879362856215,32.49757008235576,33.49160202875558,38.54298124989989,38.81816591900576,38.90293172321588,39.191327807291316,37.36528935765355,38.439302731404915,43.288413522824506,43.790819009336104,44.42084561728169,44.56592647058796,42.42165619868832,48.49646838477154,48.25782579360477,48.46466361630986,47.71444817184352,44.63636908099563,45.26153930289657,51.74261434726046,50.420387140000365,49.91073007508878,48.99382812960375,44.782267629527915,51.45309503289671,49.671565041196445,34.93167568,35.0188839,35.5993446,35.99037966,33.86202431,34.91531914,40.03855572,40.2153358,40.36181584,40.7052914,38.91144467,40.02589889,45.04417862,45.76375812,46.26153792,46.61730098,44.74549165,51.19131463,51.37683351,52.0685978,51.83467877,49.34686026,50.64685127,57.89942133,57.45921283,57.95793169,58.19386471,55.30029329,63.47792372,63.41906002,
0.0,0.0,0.0,0.0,0.0,0.0,0.0,0.0,0.0,0.0,0.0,0.0,0.0,0.0,0.0,0.0,0.0,0.0,0.0,0.0,0.0,0.0,0.0,0.0,0.0,0.0,0.0,0.0,0.0,0.0,1.0817617262190167,1.1209858448181838,1.1658291758560753,1.2170967227224214,1.2286844715345273,1.282050413273474,1.3467576194242445,1.2581447600757256,1.3137181326751066,1.3633169359165245,1.3923054246687838,1.4287222122713297,1.5810580280783781,1.7766221830258655,1.6575345683297251,1.847252882472024,2.0926026506275974,2.4266960866849914,2.8086514520510923,3.2453254042651367,3.7102478430765595,4.2417746580859035,4.849447533149202,5.544175085288228,6.338428690323351,7.246466362312859,8.284588705762168,9.471431535319507,10.828300415909638,12.379553128790416,33.831896763783014,34.02979305518394,34.57515701414616,34.72576600727993,32.37233718846793,34.208937056729106,38.67114687057846,39.10865794992712,38.99480931732788,39.097131184086614,37.219216525334495,39.25710598773212,43.63277484192524,44.169219386977936,44.54292574167426,44.48964393753216,43.390632869376795,48.73821489331962,48.761687587953745,49.03044135573996,47.81264412692878,44.72472850191969,46.632446606856675,52.325382664718,51.34940110968318,50.63494534769397,49.559238554245,45.402616614687986,52.61688242409828,51.27836822120978,34.91365849,35.1507789,35.74098619,35.94286273,33.60102166,35.49098747,40.01790449,40.36680271,40.30852745,40.46044812,38.61152195,40.6858282,45.21383287,45.94584157,46.20046031,46.33689682,45.48323552,51.16491098,51.57033904,52.27576676,51.52289197,48.96650316,51.48189414,57.86955775,57.6878298,57.88141171,57.84382726,54.87404815,63.44518284,63.65792135,
0.0,0.0,0.0,0.0,0.0,0.0,0.0,0.0,0.0,0.0,0.0,0.0,0.0,0.0,0.0,0.0,0.0,0.0,0.0,0.0,0.0,0.0,0.0,0.0,0.0,0.0,0.0,0.0,0.0,0.0,1.0935221336329124,1.1331726784995253,1.1785035252536966,1.2303284289054104,1.2420421543015803,1.2959882655932713,1.3613989382177611,1.2718227213175832,1.3280002616253348,1.3781382798521078,1.4074419178925854,1.444254611773317,1.598246551303545,1.7959367882541142,1.6755545087229822,1.8673353516219502,2.1153524476765235,2.453077991273973,2.839185796684638,3.2806070638208165,3.7505839218853545,4.287889247766745,4.9021684580440805,5.604448763120087,6.4073371217786494,7.3252465545366645,8.374654878445927,9.574400508013246,10.946020632298003,12.514137838960748,34.67637180636912,34.91587631150261,35.28798279474854,35.61592767109693,32.36289251570088,35.22568929440931,39.637919411784964,40.126544368685266,39.993647838377655,39.477882180151035,37.208576542110706,40.42312650823014,44.77101544870008,45.08255152174969,45.686115191281026,44.92258646838225,44.68875700232788,49.96662015873065,50.04902143332023,50.05629648618429,48.27603530812,44.68431631223886,48.07480603196182,53.68432338688611,52.45148800822784,52.01096534547016,50.034697941561234,45.30603801199426,54.05511528770989,52.77054709103941,35.76989394,36.04904899,36.46648632,36.8462561,33.60493467,36.52167756,40.99931835,41.39836709,41.3216481,40.85602046,38.61601846,41.86738112,46.369262,46.87848831,47.3616697,46.78992182,46.80410945,52.41969815,52.88820723,53.33690355,52.02661923,48.97220556,52.97697449,59.28877215,58.85882513,59.3362119,58.40935282,54.88043852,65.00113592,65.28468493,
0.0,0.0,0.0,0.0,0.0,0.0,0.0,0.0,0.0,0.0,0.0,0.0,0.0,0.0,0.0,0.0,0.0,0.0,0.0,0.0,0.0,0.0,0.0,0.0,0.0,0.0,0.0,0.0,0.0,0.0,1.1335492205624158,1.1746511268211435,1.2216412557131069,1.2753631487898893,1.2875056412775339,1.3434263862961229,1.4112313393825542,1.3183762907967589,1.3766101436566065,1.4285834048586348,1.458959667980143,1.4971198470673954,1.6567484797750553,1.8616749344995123,1.7368862037230306,1.9356869580019609,2.1927824271030847,2.5428700155792954,2.9431108414529192,3.4006898130275913,3.887869619230094,4.4448423723406805,5.081606548027057,5.80959299471244,6.641870134025991,7.59337855808778,8.68119923499269,9.924860137174054,11.3466867970747,12.972203083112465,37.08688588943961,37.040173763180995,37.366531074289135,36.76958878121246,32.64356065872492,38.21206642370646,42.39688810062017,42.56714616920609,41.28932885634639,40.59276577514451,37.53182236202314,43.848138182936054,47.498313220228574,47.744288455504304,47.16557058628097,46.18881516200224,48.499292482901325,53.46802212442535,53.12254509855196,53.039451076977535,49.62269526077525,45.00263224766493,52.29610646197886,57.540962985293774,55.641467705980524,53.67318060191905,51.3941527750145,45.48818609283346,58.10757832293322,56.23469341688772,38.22043511,38.21482489,38.58817233,38.04495193,33.9310663,39.55549281,43.80811944,43.88552246,42.665939,42.02134918,38.99078203,45.34525803,49.1550617,49.60596339,48.90245679,48.12450212,50.69207491,56.01089214,56.06565594,56.44014089,53.51056488,49.44747462,57.37771301,63.35055598,62.28333784,61.26655916,60.07535201,55.41304623,69.45426512,69.2068965,
0.005804731331470045,0.0060778321830914665,0.006413895434320284,0.006827436835439903,0.007096198401717797,0.007652736572920823,0.00836253682351361,0.008411050707895745,0.00935036270735949,0.010454928183435954,0.011701538330456607,0.013297687316854094,0.01587755781888796,0.019169852474463678,0.021471408154745575,0.02612028164121822,0.03190368435448251,0.039330420907386074,0.04861983981907007,0.06005090018725424,0.07389541495872382,0.09093173182907552,0.1118957090646765,0.13769285435607678,0.16943743687048046,0.20850061644445125,0.25656966878545834,0.31572086482640055,0.38850915214799486,0.47807851212414487,1.1274957776900658,1.16837818925287,1.2151173788334633,1.2685523832557122,1.2806300317266448,1.3362521456587237,1.4036950029468205,1.3113358240787463,1.3692586932643702,1.4209544039534883,1.4511684500577327,1.4891248440248392,1.6479010189906043,1.8517331140135107,1.7276107869883313,1.9253498943734368,2.181072407888061,2.529290439066964,2.927393876523166,3.382529259311599,3.86710740069716,4.421105776796805,5.054469468859927,5.778568281654415,6.606400848094195,7.552827973714651,8.634839409870635,9.871858844626178,11.28609258636856,12.90292819952763,38.2295787309805,38.28547505856617,38.798088035734466,38.206286909911206,32.7351418198741,40.47622127777095,43.7055270802324,43.99564307521623,42.89854991403128,41.15649654786623,37.63340304161511,46.43894481866178,49.09284146319416,49.57521771351587,49.00010799486095,46.82187496398956,51.38132439776185,55.11648861003028,54.916359883662615,55.09123515050624,50.29102317434948,45.06921907137975,55.496339942081306,59.32790151399572,57.81793020504184,55.81887714984773,51.993914381351075,45.37538855055493,59.85571556149134,58.08077217834842,39.36287924,39.45993108,40.01961931,39.48166673,34.02286805,41.82012616,45.11758462,45.31538995,44.27715897,42.58790588,39.09627303,47.94136735,50.75662004,51.44612068,50.74919019,48.77334514,53.59430049,57.68510947,57.8923736,58.53381531,54.23202599,49.58125658,60.66270512,65.24416265,64.59376849,63.58020574,60.88532346,55.56296826,71.5303173,71.46177889,
0.35142978811703307,0.3679638478244255,0.38830977435042635,0.4133463796081384,0.4296177304937482,0.46331163989564794,0.5062843353447702,0.509221460792199,0.5660892464135073,0.6329618007235509,0.70843401723371,0.8050679987328726,0.9612584048217515,1.1605803625763067,1.299921045008233,1.5813729384794555,1.9315114503342707,2.381140606991027,2.9435401968160932,3.635598949193634,4.47377295155328,5.505184895734702,6.7743850804281385,8.336194712276368,10.258073826029479,12.62303512000578,15.533229565630288,19.114358666100298,23.521103945102126,28.943808184236143,1.1305579660869844,1.1715514110113343,1.218417540494362,1.2719976701168723,1.2841081205155296,1.3398812996624547,1.407507326359368,1.3148973073449493,1.372977490412759,1.4248136025194034,1.4551097075574682,1.493169188056245,1.6523765864201885,1.8567622731182474,1.7323028397755669,1.9305789907684918,2.186996026186621,2.5361597897006454,2.935344444267433,3.391715938370675,3.8776101552496547,4.433113146650547,5.068197003868379,5.794262411151855,6.6243433046627445,7.573340850696252,8.658290943413698,9.89867002406311,11.316744711590111,12.937971521019985,38.76036796579801,39.244288241166366,39.711765865157446,39.62620230027733,33.082930468993176,41.827844070444485,44.21184560829858,45.011593011865706,44.390231303176726,42.40714570676018,37.821902945212116,47.71910531321434,49.8458590187617,50.098509614309265,50.069068345220224,47.41102488075625,51.79655361348354,54.05665526331297,53.95576595892135,53.40626970244082,48.27085992320242,40.77059406762038,51.446962355709374,52.57144204657798,49.807802039314275,46.330618289304795,39.37725678096316,27.813618259844098,38.29065538331564,31.977526884744044,40.24235572,40.7838035,41.31849318,41.31154635,34.79665632,43.63103701,46.12563727,46.83571178,46.32929804,44.46492111,39.98544667,50.0173425,52.45949401,53.11585225,53.10129223,50.92297681,55.91506109,58.97395566,59.8346506,60.43358459,56.62224303,50.70889211,63.28954444,66.70189917,66.69021917,66.52699426,63.56877729,56.82664695,73.12850404,73.85930659,
1.657243033165185,1.735212961118157,1.8311585699669917,1.9492240870074327,2.0259551547972325,2.184846058484093,2.3874930808977726,2.4013437300170852,2.669516049834948,2.98486801625213,3.3407735462846126,3.7964719475629036,4.533021526142837,5.472967247919777,6.1300583170464815,7.457305481054677,9.108459222242315,11.228782577214144,13.880899254876551,17.144451704610052,21.097042159259047,25.96088784512558,31.946075313282655,39.311125798555715,48.37416165820329,59.52664719207709,73.25029735846854,90.13788473237273,110.91884343166004,136.4907759345115,1.114789281551774,1.155210962161145,1.2014234168805848,1.2542562268726853,1.2661977643295528,1.3211930358469048,1.387875834939979,1.2965575127853797,1.3538276108225973,1.404940728333776,1.434814272355669,1.472342910598178,1.6293297317641546,1.8308647080044305,1.708141197631365,1.903651852144101,2.1564924594070627,2.5007861911287006,2.894403137468242,3.3444092984021605,3.8235264080002405,4.371281409742465,4.997507307175595,5.713445771212624,6.5319489445701775,7.467710156530621,8.537527689696324,9.760606333735192,11.158902139448308,12.757516561999507,38.746800535285075,38.97896716672283,39.50063230315466,39.796146416122234,32.724608910875666,42.035431635671586,43.813361654164964,44.384488467200384,44.19907109934544,41.818180415417224,36.611903431363,46.938592881842375,47.693515102096654,47.373571594079614,47.43292797532617,43.55824958680541,47.09841283835505,47.11502554166181,44.652033257660094,41.72140867699291,33.92132133274609,22.154772955137563,29.11716524954766,23.793094610237887,13.744732257233037,2.2510758013991303,7.094825166014662e-12,7.449926721230323e-12,7.822816303169534e-12,9.964280788211204e-14,41.51883285,41.86939109,42.53321429,42.99962673,36.01676183,45.54147073,47.58873057,48.08238971,48.22241476,46.20798916,41.38749125,52.20740774,53.85586636,54.67740355,55.27112749,52.91920692,58.36336452,60.84459431,61.42733565,62.21026968,58.8418899,52.48694221,66.06074787,68.81766618,68.65084286,69.24543315,66.06073504,58.81920922,75.44812131,75.82530141,
3.1958400466425636,3.346197847640546,3.5312200881462,3.7588985275388564,3.906867301192977,4.213273726133477,4.604059782615248,4.630769479528532,5.147915016980635,5.756042143114136,6.442373069198641,7.321145325802839,8.741513124886433,10.554111590657556,11.821250996877033,14.380724504168812,17.56482191393308,21.653669568768912,26.768031504359158,33.06149082472016,40.68369626481104,50.06317321086533,61.605054162910974,75.80787343283141,93.28510058949092,114.79163836064907,141.25642952896717,173.822581228287,213.89673974924054,263.2098485251865,1.1166703310879065,1.157160217576916,1.203450649289813,1.2563726071902874,1.2683342943058085,1.3234223625800807,1.390217679482913,1.298745270551223,1.3561120037939725,1.4073113674752353,1.437235318885372,1.4748272814069405,1.6320789956715682,1.8339540337332525,1.7110234447614958,1.906863995903188,2.1601312359970155,2.5050059147864676,2.8992870341554586,3.350052516957904,3.8299780690407443,4.378657330021008,5.005939895250801,5.723086404375778,6.542970686289044,7.480310863191847,8.55193356241701,9.777075979003834,11.177731211489562,12.779043070200006,37.57851362227156,37.478993464784665,38.285230342566216,38.7209995052732,31.499306894503665,41.13884979128902,42.02105721790455,42.282597599923086,42.544505329228386,39.91654583941376,34.26371106191927,44.711505662793684,43.62757328944563,42.91498474561301,42.68572496836547,37.630164259932194,40.09177774007431,37.23135370644926,31.92574341149024,26.510568058327056,15.438518006153583,5.5582027122824594e-12,1.094800661844156,6.127774650739641e-12,6.4345241895961535e-12,6.756616867737768e-12,7.094813554420538e-12,7.449920343726989e-12,7.822805134685374e-12,9.964281395833139e-14,41.891024,41.98235153,43.01990108,43.73627064,36.67450849,46.67554588,48.01533468,48.21211235,49.04853235,47.07989935,42.14331945,53.50747827,54.00116541,55.30305037,56.21799941,53.91775276,59.81673089,61.39002919,61.59306195,62.9221114,59.95219234,53.44547122,67.70579472,69.43457482,69.43638092,70.43170452,67.30725169,59.89337959,76.12446795,76.02987233,
4.307495691766357,4.510154639201066,4.759535863613829,5.0664110145846255,5.265849924457689,5.67883816419995,6.205557033145227,6.24155755341633,6.938589364170241,7.758250216289006,8.683317636462576,9.867766061327611,11.782201103752163,14.225302125160908,15.933209108456888,19.382981608001057,23.674650050272753,29.185781208416163,36.07914623362538,44.56175128053367,54.83529958575701,67.4773767693744,83.03403847653566,102.1772314784478,125.73381740971884,154.72128782188724,190.39171321153955,234.28582433565586,288.29956177583756,354.7659682604642,1.1503956654262038,1.1921084150299084,1.2397968961426318,1.2943171867598824,1.3066401370754634,1.3633919582666694,1.4322046068134666,1.337969576284277,1.3970688819834134,1.4498145531199629,1.48064225851902,1.5193695619457577,1.6813705441824986,1.8893425501349246,1.7626992492749267,1.9644545165869816,2.2253708560714776,2.5806613339765523,2.986850410603656,3.451229774058653,3.945649890249521,4.51090019373525,5.157127754321326,5.895933302033116,6.740579477189575,7.706228914197792,8.810216433020758,10.07236022455337,11.515317616139397,13.164991803740836,36.94368500280947,36.753424335771165,36.97146880024578,37.64995262865785,30.016383898469307,40.29803163753598,40.96276623004404,41.17615938030225,41.02061450384935,38.285439480594185,31.880955425021703,42.88235344673009,41.146437402068976,39.12528715470796,38.87481413227217,33.04399324541615,34.76857212366017,30.371785687611897,23.2215048357758,14.837316015412764,1.6979330539987902,5.557383152169897e-12,5.8356204444719305e-12,6.127765925375047e-12,6.434519797808949e-12,6.7566133041429116e-12,7.094809908802736e-12,7.449916459975195e-12,7.822798835189512e-12,9.964288760374228e-14,42.40157636,42.45568739,42.97080156,44.01068083,36.58887396,47.34026176,48.60052787,48.75568651,49.35627275,47.49350425,42.04491532,54.26948907,54.61000905,55.23993183,56.57072249,54.39142937,60.66859303,62.13822823,62.28750148,62.85029707,60.47888253,53.3206767,68.67000661,70.28081782,69.35713171,70.87360726,67.89855732,59.75352929,77.0522449,76.88708169,
5.036788110819795,5.27375878938403,5.565362188682802,5.924193682088641,6.157399145765282,6.6403094966260685,7.256205954031491,7.298301641516778,8.113346342311088,9.071782131985268,10.153470638962354,11.538455365852018,13.777019104650948,16.633756071720843,18.630824949652503,22.664670681396444,27.682951866664567,34.127160260781956,42.187625432896176,52.10640128465508,64.11934097455239,78.90181984649274,97.09234500022642,119.47662900530713,147.02152758220547,180.91680149131975,222.62650647231558,273.9522309454821,337.1109129331798,414.8305973870956,1.2084641248535029,1.2522824066499654,1.3023780566297738,1.3596503649908496,1.3725953401991964,1.4322118199816234,1.5044979208460147,1.4055061938067706,1.4675886519449424,1.5229967634543211,1.5553805572619162,1.5960626966771319,1.7662409936821022,1.9847107912662345,1.85167492339756,2.063614180363134,2.3377007797230984,2.7109252357551616,3.1376174963082883,3.625437311632227,4.144814245133801,4.73859665744147,5.417443811451339,6.193542006607234,7.080823340802062,8.095215811915098,9.254929248673667,10.58078220371645,12.096575677067086,13.829520378901128,36.33243829432873,35.95566992396813,36.29974329468965,37.17803333292284,29.001347464037966,39.727198053394886,40.04168540512521,40.0817640646793,40.28133718574695,36.87297817456354,30.26995308377902,41.66167974747431,39.10022282167059,36.87430406701674,36.66818443695395,29.63365781824462,31.236755183616754,25.558232733467513,17.000438430800397,7.406131033717803,5.292404456477336e-12,5.557379892403031e-12,5.835616851894366e-12,6.127763402298443e-12,6.434517466462433e-12,6.7566109729720734e-12,7.094807065659237e-12,7.449913383392048e-12,7.822793737538056e-12,9.964281251385536e-14,42.57769053,42.48171112,43.16748354,44.46187738,36.53134195,47.79971937,48.80238928,48.7855719,49.86227218,47.46775707,41.97880428,54.79619781,54.64348292,55.49277093,57.15068431,54.36194268,61.25740783,62.39631823,62.32568136,63.13796963,60.44609571,53.23683576,69.33647857,70.57272791,69.67458676,71.60020194,67.86174814,59.65957339,77.37228,76.93421056,
5.326325489205145,5.576918314962409,5.885284397523528,6.2647431493323245,6.511354318607943,7.022024542210451,7.673325515690497,7.717841053828154,8.579738213122342,9.593269230109506,10.737138088463082,12.201738006245128,14.568984521055228,17.589939659305507,19.701809095578938,23.96753853818837,29.274293239994112,36.08894390072055,44.612761094629576,55.10171307723285,67.80521091410532,83.43745358083866,102.67365245532125,126.34468642193833,155.47299044420637,191.31671811618918,235.4240857281545,289.70024515723395,356.4895740577349,438.6769377529879,1.2108567304227722,1.2547617668550617,1.304956599862875,1.3623423001245718,1.375312904740644,1.4350474175855463,1.5074766357539202,1.40828891766078,1.4704942911855492,1.5260121037224168,1.5584600133310724,1.5992226982182909,1.769737926649531,1.9886402667011365,1.8553410047011605,2.0676998744927455,2.342329130527909,2.7162925236071915,3.1438295806734855,3.6326152173097324,4.153020451211863,4.747978477323372,5.428169662527846,6.205804433595133,7.094842472203474,8.111243311646108,9.273252833799749,10.601730809394674,12.12052536141336,13.856901073783478,36.13438811037412,35.108334688184655,35.83255025261583,36.551497750545444,28.475625236653862,39.397668590206585,39.72919179855828,39.037363258513906,39.494336235695094,35.72949752617121,29.488948458209123,41.05831177554005,37.607985912298865,35.72818581399715,35.2293917797239,27.617826077323073,29.711297489482376,23.7286598056769,13.774358234701795,4.192010345462512,5.292398766079285e-12,5.557379080032797e-12,5.835616000272279e-12,6.127762740652858e-12,6.434516754062077e-12,6.7566101935856545e-12,7.094806082682183e-12,7.449912479665864e-12,7.822792320468298e-12,9.964281443010109e-14,42.67157033,41.94001477,43.02279125,44.1785832,36.36229246,47.85474055,48.90999395,48.16349323,49.54456874,46.84877886,41.78454656,54.85927248,53.94670836,55.30676574,56.78654188,53.65306449,61.32791986,62.53389623,61.53094891,62.92633864,59.65788033,52.99048128,69.41629024,70.72833413,69.4410458,71.14399268,66.97683287,59.38349756,77.54287858,75.95320061,
5.246412112506118,5.493245175754801,5.796984696351793,6.170750249305865,6.413661394745453,6.916669791816625,7.558198989211331,7.602046639707618,8.451012348885568,9.449336881379663,10.576043735053435,12.018669568604187,14.350399166008303,17.326029487657884,19.406213549437748,23.607942238707142,28.835077193579615,35.54748443218951,43.943414771322004,54.27499605386901,66.78789731340298,82.1856020610007,101.13319115937601,124.44907742462496,153.14035574565622,188.44630304399234,231.89190698974517,285.35373556671595,351.1409926241202,432.09526048845,1.2127574569109616,1.2567314126989562,1.3070050383882412,1.3644808191010682,1.3774717841537987,1.43730006446761,1.5098429774522513,1.4104995607381712,1.472802580333029,1.5284075412287437,1.5609063855183818,1.6017330570961377,1.7725159495731528,1.9917619087050418,1.858253401935,2.0709456192801587,2.3460059709918486,2.7205563882078274,3.1487645659679497,3.6383174674533394,4.159539600653148,4.755431554331129,5.436690460736855,6.215545913797617,7.105979508219073,8.12397582956275,9.287809400939388,10.618372737431061,12.13955139729885,13.87865276269383,35.80310017058495,35.22335445154837,35.948517495262195,36.0890792615954,28.340370991103192,39.85786494371834,39.372813183339126,39.18920709955705,38.99915827078439,35.20709675739473,29.38239356943146,41.64823223430313,37.86664738442217,36.02717490364087,34.80962020863124,27.213809072016875,30.604468405432936,23.666037769607268,14.487648482714881,5.056488548682721,5.2923988454637824e-12,5.557379191105056e-12,5.835616314857336e-12,6.1277627808471945e-12,6.4345169174840025e-12,6.756610176863607e-12,7.0948060540076936e-12,7.449912576893702e-12,7.822792370567166e-12,9.964286398593443e-14,42.26226974,41.97333104,43.05250723,43.62431033,36.13150417,48.2118348,48.44085515,48.2017533,48.9229732,46.18484118,41.51934369,55.26863486,53.9895625,55.3449663,56.07408716,52.89269693,61.78555157,61.93407859,61.57982782,62.96980207,58.81241294,52.65415532,69.93427774,70.04991642,69.48900895,70.25140667,66.02764178,59.00659569,76.79909658,76.01353625,
4.748806462965652,4.972228188307208,5.247158972915374,5.585474041468836,5.805345830541632,6.260645466886163,6.8413276423308,6.8810164814073715,7.649460469436869,8.553097067245139,9.572939327794865,10.878736648915819,12.98930904479107,15.682710211116165,17.56559537242303,21.368803341478174,26.100161024440432,32.175917597353184,39.775520412015844,49.12718378025586,60.45327580228374,74.39055679588462,91.54102680061345,112.64547475700857,138.61547577863544,170.57276527783466,209.89769065173635,258.2888333267648,317.83637644680965,391.1123872127927,1.2549081118107,1.300410428462966,1.3524313666382821,1.4119047782740228,1.4253472579157849,1.4872549327386808,1.5623191506002478,1.4595229494480146,1.5239913757061665,1.5815289452237227,1.6151573208656413,1.6574029661504417,1.834121596826844,2.060987678769661,1.9228389440933922,2.142923502093385,2.4275438642552527,2.8151121732917743,3.2582031745077806,3.76477099953628,4.304108753578009,4.9207115558711685,5.625648328694162,6.431573718312858,7.352955264392507,8.406333113498096,9.6106169389204,10.987425396972949,12.561474213497002,14.361019867294992,36.49647747522568,35.73667953323196,36.55828131044858,36.4532776802595,28.90634752154504,40.66461710037775,40.30991401707166,39.90254110914747,39.55477531485997,35.75228172753429,30.33760906134279,42.9625520249372,39.21242144838574,37.73671674011799,36.3624406134876,29.03976499643265,33.515030251308744,27.291716779359678,18.598901563481245,10.231956230212965,5.292408469138857e-12,5.5573802981683665e-12,5.835617750072743e-12,6.127763671804884e-12,6.434517627955563e-12,6.756610734974797e-12,7.0948066178159136e-12,7.449913213475182e-12,7.822793734914698e-12,9.964280620229207e-14,42.50019205,42.00931815,43.15787165,43.4506565,36.13704061,48.4125175,48.71356081,48.24308054,48.72822716,45.88690774,41.52570571,55.49869164,54.03585209,55.48041463,55.85087493,52.55149184,62.04273514,62.28274655,61.63262515,63.12391101,58.43302039,52.66222354,70.22538054,70.44427381,69.65907266,69.97175926,65.60170457,59.0156373,77.23144958,76.07870876,
3.8525707550051984,4.033826405618962,4.256869881636004,4.531335212925306,4.709710901856526,5.079082464463863,5.550173292131266,5.5823717112327715,6.205788323012982,6.938882829394365,7.766251663722177,8.825607653600324,10.53785462598848,12.72293389712828,14.25046473336159,17.33589849678227,21.174313556019314,26.103400953006286,32.26874118781137,39.85547799928279,49.044012262124134,60.35092939571988,74.26461480069405,91.38604934038696,112.45476781178417,138.38080204670263,170.28398837778798,209.54233729661757,257.8515545590595,317.2982846631484,1.114726695428129,1.155146106697148,1.20135596697255,1.254185810842861,1.2661266778819624,1.3211188618733398,1.3877979172832102,1.2964847218910367,1.3537516046897369,1.4048618526255212,1.434733719496987,1.4722602508193523,1.6292382584841922,1.8307619202158425,1.7080452997446818,1.9035449779642297,2.156371390335143,2.5006457928342805,2.894240640864052,3.3442215377039433,3.8233117488709403,4.371035998736704,4.9972267388068285,5.713125008868212,6.531582230096821,7.467290906867087,8.537048378697866,9.760058357068244,11.158275660130109,12.75680033380987,37.89104264956872,37.17946445768603,37.64095162139369,37.7560362562342,30.46981678026398,42.0545834536654,42.18609755058825,41.776632566879066,41.27062893230029,37.58397489798326,32.67935378678413,45.24927769558378,42.33068746553096,40.851266122659666,40.009207506897724,33.35878769525771,38.76621753364993,34.20355493416405,26.996512991329414,19.838363723018347,5.617666749010263,5.557387281434097e-12,5.83562915581692e-12,6.1277684022516496e-12,6.434521525883263e-12,6.7566147810992794e-12,7.094811226883198e-12,7.449918326542724e-12,7.82280241225943e-12,9.96428553058209e-14,42.8583401,42.36843697,43.09917747,43.54155728,36.44565436,48.45478478,49.12406876,48.655489,48.83016886,45.92771958,41.88033917,55.5471456,54.49778035,55.40496194,55.96771754,52.59823117,62.09690248,62.80760168,62.15949482,63.03806326,58.48499076,53.1119639,70.28669186,71.03790592,69.56433717,70.1181434,65.66005077,59.51963642,77.88227705,76.72907152,
2.5227161134963647,2.6414047968570915,2.7874567208165444,2.9671803801263934,3.0839832251197477,3.3258527849834447,3.634329513238964,3.6554134792092055,4.063635217879679,4.543675544604707,5.085447992898303,5.779128809044894,6.900331585636894,8.331151429609838,9.331399549497554,11.351783850550209,13.865230620513898,17.09286458026816,21.13001383582006,26.09791304397598,32.114691169119595,39.51861542147291,48.6294872526121,59.84083716574257,73.63692267811378,90.61364510132051,111.5042886085797,137.21119334955708,168.84473068564023,207.77126402274234,1.2361578323947044,1.280980273649501,1.3322239380809553,1.3908087244257306,1.404050352509554,1.4650330303625532,1.5389756720339585,1.4377154060441224,1.501220573722245,1.5578984424416171,1.5910243578367196,1.6326387874605932,1.8067169668784457,2.030193316627802,1.8941087389617293,2.1109048912857946,2.391272582461006,2.773050018031315,3.209520550384844,3.7085194640539827,4.23979867301763,4.84718847021275,5.541592390999294,6.33547600154144,7.2430906739550895,8.280729419284505,9.467019370884246,10.823256168710978,12.373786247212326,14.146443889439599,39.292983704110966,38.95860897949554,39.37700122110474,39.49447538545024,33.33197952237317,43.71215999465661,44.17257266472981,44.150975534749534,43.61398344840108,40.993706592956826,36.78316649926826,48.19070304349799,46.4500250174883,45.554618063766185,45.14184509154473,40.472679208168195,45.90224788702952,43.22528121170517,38.57194213379999,33.81303184197516,23.61728917786815,10.74900213831996,16.185617866394523,5.182349032722201,6.434532992401138e-12,6.756618979356481e-12,7.094814354272104e-12,7.449921009197441e-12,7.822806581838594e-12,9.964293564358015e-14,43.05185765,42.88099405,43.49668188,43.85246449,37.8200131,48.50304581,49.34587785,49.24410442,49.17883924,47.09528058,43.45963885,55.60247064,55.15707357,55.91596281,56.36735338,53.93536795,62.15875109,63.09119581,62.91147652,63.61946435,59.97177902,55.11480603,70.35669751,71.3586622,70.20593019,70.61881994,67.3292413,61.76411066,78.23393761,77.65731036,
0.9589877773549361,1.0041062098429805,1.0596265314467332,1.1279468595476922,1.1723484075893646,1.2642929392719375,1.3815575852671158,1.3895724647676102,1.544754276839597,1.7272372774055005,1.9331871872037703,2.1968836929307654,2.6230988159625603,3.1670120746229773,3.5472473758377197,4.315278245384898,5.270742365399089,6.497698304127431,8.032384181273564,9.92088625816794,12.208110195177763,15.0226452213278,18.486060974042246,22.74795452473603,27.99241200091672,34.44595991156084,42.38734962139023,52.15959759980332,64.18480150503396,78.98237206216758,1.3745046115064685,1.4243434351495192,1.481322124460638,1.5464635302623717,1.561187118454836,1.6289947800125688,1.7112128425454325,1.598619855697002,1.6692323159675282,1.7322533881021587,1.7690866486112449,1.8153584303564758,2.0089188755538085,2.257405974242549,2.106091251595383,2.3471505268086625,2.6588960615121167,3.083400790608028,3.5687196906585283,4.123564945852405,4.714303202393156,5.389670097581101,6.161789455123236,7.044521946956986,8.053713912587117,9.207481824060148,10.52653750313867,12.034559928799592,13.758620309544803,15.729668051194016,41.900559151140634,41.88937213500963,42.46361893409486,42.38710860019229,38.303595673958256,47.24375860071809,47.608133632190174,47.90595067953825,47.32076041719587,46.4418856044955,43.4542117141883,53.463398826716244,52.373222288487284,52.42996575113831,52.26811675257092,50.48659034781066,56.32315498309323,55.242566115269206,53.4183684080728,51.780488985984796,46.62268652243444,39.39077148109674,48.07906688084044,43.52567781831319,36.59361103650268,28.912406804385874,18.427057495478294,2.823849741404626,2.4388013154291412,9.964283677697059e-14,44.23405154,44.31782178,45.00456759,45.06151899,41.0371312,50.13704632,50.70090406,50.894143,50.53474701,49.90137627,47.15648555,57.47564095,57.00523998,57.8543838,57.92145538,57.14901912,64.25279341,64.82366521,65.01947228,65.82494019,63.54509992,59.8030868,72.72691731,73.31815429,72.63973695,72.56584854,71.34094462,67.01800727,80.38222313,80.25939969,
0.02541250803792032,0.026608115067890244,0.02807936491313315,0.029889806013652397,0.031066416105198415,0.03350288214324409,0.03661031357176103,0.03682270229509916,0.040934912210324005,0.045770584601744366,0.05122811374001243,0.058215887442240294,0.06951029128730608,0.08392361373419216,0.09399958433214105,0.11435186733993048,0.13967100091301501,0.17218447855201924,0.21285258518444017,0.26289657463035065,0.3235064156067422,0.39808963310334416,0.4898677378225458,0.6028049479426713,0.7417794176023049,0.9127939414836124,1.1232352365644815,1.3821930003275746,1.7008525266691714,2.0929778379656803,1.5264680724968074,1.5818170123439677,1.645095192219124,1.7174385480154508,1.7337899571706044,1.8090943465280942,1.900402332247698,1.7753612096698612,1.8537804926763197,1.923769093443978,1.9646745918340158,2.01606212222158,2.2310223611458904,2.5069818736861946,2.3389379900309364,2.6066484684912417,2.9528601883244043,3.4242976139716057,3.9632727470520313,4.579460979626623,5.23551049758609,5.985545087572509,6.843028967639701,7.8233552277771174,8.944122158392425,10.225449165367415,11.69033794282459,13.36508538718393,15.279755664921204,17.468719908334588,42.918335019467314,43.28419482259028,43.67703722286999,43.63584694597324,40.808350106726664,48.84659716133125,49.034581774183266,49.7420515680379,49.00075668511635,47.14652842195742,46.90571382442928,56.03432930033965,55.44406018757046,55.70781169258344,55.90197037564094,53.52865298417306,61.86786385076702,61.573274417481045,61.686643677768416,61.488131505748164,56.98606076681255,55.65796243932979,66.19494586454371,65.28343719428645,63.51172326401181,61.94559202315583,57.404664400618124,54.779303462496024,63.830772838417545,61.738659163699914,44.4702156,44.89261995,45.35021178,45.3831753,42.57320648,50.68919439,50.97159442,51.55423548,50.89547209,49.1160681,48.92161653,58.10860731,57.74459284,58.29871718,58.33490795,56.24965332,64.96039504,65.16975651,65.86276901,66.33048906,62.54507768,62.04159716,73.52784257,73.70959737,73.19762484,73.08383513,70.21823758,69.52658185,80.81138103,81.30035691,
0.0,0.0,0.0,0.0,0.0,0.0,0.0,0.0,0.0,0.0,0.0,0.0,0.0,0.0,0.0,0.0,0.0,0.0,0.0,0.0,0.0,0.0,0.0,0.0,0.0,0.0,0.0,0.0,0.0,0.0,1.5430193928933038,1.59896847502547,1.6629327730370558,1.7360605396454505,1.7525892452778364,1.8287101515988808,1.921008179464556,1.7946112501588798,1.873880824567883,1.9446283038055727,1.9859773358810053,2.0379220554395414,2.255213083884476,2.534164794159414,2.3642988297091736,2.6349120625620084,2.9848777168555283,3.461426885106047,4.006246064501027,4.629115556281525,5.292278544848965,6.050445674933005,6.917227155578643,7.908182982306399,9.041102261793354,10.33632255236021,11.817094952893278,13.51000149408159,15.445432324752439,17.658131259498045,42.39436995710873,42.71177220497667,43.04894009696518,42.9645689803569,40.506829144724634,48.479212978403716,48.439862790538164,49.09139988984398,48.25614262543511,46.080058146197565,46.57505981412229,55.63360706456393,54.740918606119166,54.943953365844415,55.093274190294835,52.364848057442195,61.48690172314891,60.92748886489859,61.00283741550385,60.76772114372358,55.863018715156386,55.53387059507261,66.05755764442726,64.91825229769981,63.12621003821315,61.64835935764663,56.8408610571139,55.50413098592591,64.39769558525546,62.58844460050211,43.93738935,44.31074068,44.71187287,44.70062952,42.25941839,50.30792313,50.36087097,50.88601114,50.13002345,48.02468645,48.56103715,57.67152912,56.99613169,57.47811816,57.45757302,54.99976012,64.47177944,64.38891575,65.00908348,65.3968367,61.15529726,61.58431627,72.9747848,72.82643528,72.1673123,71.98468191,68.65795601,69.01413248,79.84312791,80.24657586,
0.0,0.0,0.0,0.0,0.0,0.0,0.0,0.0,0.0,0.0,0.0,0.0,0.0,0.0,0.0,0.0,0.0,0.0,0.0,0.0,0.0,0.0,0.0,0.0,0.0,0.0,0.0,0.0,0.0,0.0,1.462570755772682,1.5156028120875362,1.576232193750624,1.6455472868525056,1.6612142328416766,1.7333664118750933,1.8208522834030625,1.701045330053428,1.7761820145870952,1.8432409217234846,1.882434133015299,1.9316706028179704,2.1376326958150136,2.402040658281309,2.2410310214936637,2.497535251005332,2.829254692674039,3.280957944351317,3.7973718032031005,4.3877666534149045,5.0163542122341465,5.734992667172669,6.556582629733375,7.495872841580231,8.569724936025848,9.797416129014936,11.200985273349556,12.805628488335717,14.640151466982264,16.737486580327836,41.20901837422936,41.472396787914604,41.714188926251616,41.67276758314985,40.197867687160795,46.9630115481275,47.089163216599665,47.66594318994943,46.8036291354159,45.25373463827966,46.218569366988,53.89243034718551,53.15708025418863,53.24876930172252,53.43973380851035,51.43977385899888,59.577259907330394,59.25296583565333,59.27109448680178,58.93001493659022,54.95758321777121,55.26591641283296,64.08055524027255,63.23249244842597,61.30328954398067,59.96122376099189,56.130679226657605,55.55471187167179,62.90276127302563,61.11361041967234,42.67158913,42.9879996,43.29042112,43.31831487,41.85908192,48.69637796,48.9100155,49.36698852,48.57981115,47.09697556,48.1010035,55.82410095,55.29471295,55.65080996,55.68076483,53.93730911,62.4065146,62.53392378,63.06846629,63.31778159,59.97393743,61.00090908,70.63713787,70.72836529,69.87301448,69.75863989,67.3316645,68.36034036,77.54291274,77.851097,
0.0,0.0,0.0,0.0,0.0,0.0,0.0,0.0,0.0,0.0,0.0,0.0,0.0,0.0,0.0,0.0,0.0,0.0,0.0,0.0,0.0,0.0,0.0,0.0,0.0,0.0,0.0,0.0,0.0,0.0,1.357727811127537,1.406958316698476,1.4632415408300505,1.527587849727496,1.5421317261184146,1.6091117472356622,1.6903262801978651,1.5791075703424766,1.6488581556216013,1.7111100110231499,1.7474936955514113,1.7932006974923271,1.9843986006340362,2.22985273863531,2.0803849191378263,2.31850189549966,2.6264423555886234,3.0457657043964406,3.5251609442146585,4.073233920865663,4.656761799410431,5.323885364246294,6.086580459241943,6.958538577036118,7.955412641358635,9.0950979999087,10.398053672023737,11.88766961800429,13.590686623116673,15.537676333805372,39.5486736788745,39.79746953330366,40.42961960917219,40.582439060274865,38.408435403884056,45.13098543276694,45.196437759804866,45.739645009660386,45.5759048743814,44.39685206898,44.160402064451894,51.78827728251112,51.01613716936959,51.62436245136846,52.04726321086614,50.48615007450456,57.27301380441577,56.901328965608165,56.926595195790185,57.20043732913942,54.0577522405949,52.89576020575931,61.71284994076394,60.84401966297006,59.661866598647855,58.717747700098116,55.519678767983415,53.355862762003234,60.74452296689124,59.08337929619482,40.90640149,41.20442785,41.89286115,42.11002691,39.95056713,46.74009718,46.88676404,47.31875258,47.22476303,46.10796208,45.90789576,53.58147798,53.00053577,53.85421519,54.12764813,52.80465197,59.89945616,59.94709467,60.45175614,61.27367125,58.71451404,58.21964557,67.7994304,67.80255824,67.61727924,67.8128457,65.91773244,65.24353238,74.33520959,74.62105563,
0.0,0.0,0.0,0.0,0.0,0.0,0.0,0.0,0.0,0.0,0.0,0.0,0.0,0.0,0.0,0.0,0.0,0.0,0.0,0.0,0.0,0.0,0.0,0.0,0.0,0.0,0.0,0.0,0.0,0.0,1.2956051169704443,1.342583085902068,1.3962910769933785,1.4576932272494434,1.471571650095486,1.5354870073438784,1.6129855778348314,1.5068556684299215,1.5734148229664033,1.6328183512274699,1.6675373040711234,1.711152986913217,1.8936026499710126,2.1278260595304914,1.9851971244992979,2.21241908348364,2.506269759991597,2.906407012781183,3.3638675734836645,3.8868635283448723,4.4436921497676485,5.080291545588464,5.808089606190907,6.6401513713983755,7.591413567050679,8.678952741082565,9.922291812539012,11.34375053653055,12.968846176487228,14.826751576364268,37.672215803031584,38.30690579410006,38.69478298300886,39.3210951527529,36.318918449906974,43.13031506265871,43.05178469216788,44.02622056157293,44.158415797036575,41.940873158775666,41.75817615593216,49.49241385309025,49.106842280032616,49.410151300473316,50.431295345504715,47.68988652652055,54.734887500012825,54.199756437223456,54.8066096765212,54.75146350166024,51.04364683023771,49.991490864417145,58.98244618381502,57.949200208607834,57.117686642955846,56.990102518924274,52.37234903746817,50.37214593347696,57.843570223520686,56.97831573363591,38.96782092,39.64948888,40.09107406,40.77878838,37.7904901,44.66580207,44.66477027,45.53307623,45.73183062,43.57369151,43.42571346,51.20356684,51.00044493,51.53797736,52.41649247,49.90230561,57.24115726,57.10616345,58.17047725,58.63832703,55.48733898,55.07178241,64.79053579,64.58935158,64.70910021,65.66905526,62.29464085,61.71589647,70.8124164,71.80506731,
