RE_PV_MY_y1,RE_PV_MY_y2,RE_PV_MY_y3,RE_PV_MY_y4,RE_PV_MY_y5,RE_PV_MY_y6,RE_PV_MY_y7,RE_PV_MY_y8,RE_PV_MY_y9,RE_PV_MY_y10,RE_PV_MY_y11,RE_PV_MY_y12,RE_PV_MY_y13,RE_PV_MY_y14,RE_PV_MY_y15,RE_PV_MY_y16,RE_PV_MY_y17,RE_PV_MY_y18,RE_PV_MY_y19,RE_PV_MY_y20,RE_PV_MY_y21,RE_PV_MY_y22,RE_PV_MY_y23,RE_PV_MY_y24,RE_PV_MY_y25,RE_PV_MY_y26,RE_PV_MY_y27,RE_PV_MY_y28,RE_PV_MY_y29,RE_PV_MY_y30,RE_WIND_MY_y1,RE_WIND_MY_y2,RE_WIND_MY_y3,RE_WIND_MY_y4,RE_WIND_MY_y5,RE_WIND_MY_y6,RE_WIND_MY_y7,RE_WIND_MY_y8,RE_WIND_MY_y9,RE_WIND_MY_y10,RE_WIND_MY_y11,RE_WIND_MY_y12,RE_WIND_MY_y13,RE_WIND_MY_y14,RE_WIND_MY_y15,RE_WIND_MY_y16,RE_WIND_MY_y17,RE_WIND_MY_y18,RE_WIND_MY_y19,RE_WIND_MY_y20,RE_WIND_MY_y21,RE_WIND_MY_y22,RE_WIND_MY_y23,RE_WIND_MY_y24,RE_WIND_MY_y25,RE_WIND_MY_y26,RE_WIND_MY_y27,RE_WIND_MY_y28,RE_WIND_MY_y29,RE_WIND_MY_y30,PP_CO2_MY_y1,PP_CO2_MY_y2,PP_CO2_MY_y3,PP_CO2_MY_y4,PP_CO2_MY_y5,PP_CO2_MY_y6,PP_CO2_MY_y7,PP_CO2_MY_y8,PP_CO2_MY_y9,PP_CO2_MY_y10,PP_CO2_MY_y11,PP_CO2_MY_y12,PP_CO2_MY_y13,PP_CO2_MY_y14,PP_CO2_MY_y15,PP_CO2_MY_y16,PP_CO2_MY_y17,PP_CO2_MY_y18,PP_CO2_MY_y19,PP_CO2_MY_y20,PP_CO2_MY_y21,PP_CO2_MY_y22,PP_CO2_MY_y23,PP_CO2_MY_y24,PP_CO2_MY_y25,PP_CO2_MY_y26,PP_CO2_MY_y27,PP_CO2_MY_y28,PP_CO2_MY_y29,PP_CO2_MY_y30,EL_Demand_MY_y1,EL_Demand_MY_y2,EL_Demand_MY_y3,EL_Demand_MY_y4,EL_Demand_MY_y5,EL_Demand_MY_y6,EL_Demand_MY_y7,EL_Demand_MY_y8,EL_Demand_MY_y9,EL_Demand_MY_y10,EL_Demand_MY_y11,EL_Demand_MY_y12,EL_Demand_MY_y13,EL_Demand_MY_y14,EL_Demand_MY_y15,EL_Demand_MY_y16,EL_Demand_MY_y17,EL_Demand_MY_y18,EL_Demand_MY_y19,EL_Demand_MY_y20,EL_Demand_MY_y21,EL_Demand_MY_y22,EL_Demand_MY_y23,EL_Demand_MY_y24,EL_Demand_MY_y25,EL_Demand_MY_y26,EL_Demand_MY_y27,EL_Demand_MY_y28,EL_Demand_MY_y29,EL_Demand_MY_y30,EL_Demand_MY_y31
0.0,0.0,0.0,0.0,0.0,0.0,0.0,0.0,0.0,0.0,0.0,0.0,0.0,0.0,0.0,0.0,0.0,0.0,0.0,0.0,0.0,0.0,0.0,0.0,0.0,0.0,0.0,0.0,0.0,0.0,2.8326566235002244,2.949616266841687,3.0777221641936077,3.2180365535631825,3.2887337837396933,3.4448792301356925,3.629253992519797,3.820753486759123,3.9844905805393727,3.97663314417636,4.1386910026500265,4.354474405464152,4.520190506452427,4.6425413988145525,4.846290468583305,5.093980458014885,5.0606055281910125,5.165490763065793,5.303692780440344,5.798958263075677,6.3515989855473025,6.956906368870465,7.619899545824325,8.346075972541884,9.141457012725628,10.012637866038876,10.966842254672867,12.01198232154367,13.156724236787248,14.410560056553452,7.527371586501319,7.828377383159939,7.989162085808104,7.178935476438617,8.033799156262196,7.669676309866295,7.5864250674822955,7.897049143243074,7.231396089462938,7.441915955826066,8.30221984735252,7.877732444538526,8.192026393550382,8.4785004211884,7.528560261419804,7.511958021988391,8.227384391812418,8.252084216937831,8.712343019563454,8.662685786928284,7.3010748644569174,7.900787521133943,6.970628674180293,6.3575480574629895,6.4352345872795,4.627912053966616,3.9090215553330006,4.136787708462525,2.5482876732191295,1.9291202634533333,10.36002821,10.77799365,11.06688425,10.39697203,11.32253294,11.11455554,11.21567906,11.71780263,11.21588667,11.4185491,12.44091085,12.23220685,12.7122169,13.12104182,12.37485073,12.60593848,13.28798992,13.41757498,14.0160358,14.46164405,13.65267385,14.85769389,14.59052822,14.70362403,15.5766916,14.64054992,14.87586381,16.14877003,15.70501191,16.33968032,
0.0,0.0,0.0,0.0,0.0,0.0,0.0,0.0,0.0,0.0,0.0,0.0,0.0,0.0,0.0,0.0,0.0,0.0,0.0,0.0,0.0,0.0,0.0,0.0,0.0,0.0,0.0,0.0,0.0,0.0,2.726305539510216,2.8388739747012606,2.962170181766028,3.097216517364083,3.165259445214648,3.315542466441797,3.4929949440430317,3.677304657979681,3.834894300894041,3.8273318691806058,3.9833053230798567,4.190987214893338,4.350481563894984,4.468238835582473,4.664338219098365,4.902728776099278,4.870606896128117,4.9715542522176825,5.10456752407488,5.58123844056897,6.113130463955688,6.69571179717115,7.333813131442047,8.032725522868956,8.798244265198852,9.636716943672779,10.555096068405263,11.560996723724745,12.662759711496163,13.869520712002112,7.251808422491327,7.429258835300363,7.534740478235681,6.877715090637714,7.48967430478724,7.179318943560189,7.309226985959057,7.486178782022517,6.925710049108266,7.045059010821818,7.724064546922689,7.359210655109334,7.760374646107824,7.977034884420475,7.20818479090474,7.10025771390399,7.676508653875313,7.951392437785935,8.248429485928908,8.135592969434981,6.886525216048526,7.285942752833252,6.443217458562571,6.128861037135914,5.976206824806269,4.40953457633268,3.60924342160063,3.635609536281352,2.4632993585102168,1.6971991180046713,9.978113962,10.26813281,10.49691066,9.974931608,10.65493375,10.49486141,10.80222193,11.16348344,10.76060435,10.87239088,11.70736987,11.55019787,12.11085621,12.44527372,11.87252301,12.00298649,12.54711555,12.92294669,13.35299701,13.71683141,12.99965568,13.98165455,13.77703059,14.16158656,14.77445109,14.04625152,14.16433949,15.19660626,15.12605907,15.56671983,
0.0,0.0,0.0,0.0,0.0,0.0,0.0,0.0,0.0,0.0,0.0,0.0,0.0,0.0,0.0,0.0,0.0,0.0,0.0,0.0,0.0,0.0,0.0,0.0,0.0,0.0,0.0,0.0,0.0,0.0,2.64623209998021,2.755494324015671,2.8751692380017273,3.00624917129067,3.0722936322820633,3.218162739427234,3.390403317617809,3.5692997304699614,3.7222608588764707,3.714920540902574,3.866312948859582,4.067895082900281,4.222704974886719,4.337003635777643,4.527343447631346,4.75873231257174,4.727553873963326,4.825536337858525,4.954642919865157,5.41731368881362,5.933583683358039,6.499054208382531,7.118414074441858,7.796798935736636,8.539833874312807,9.35368004253528,10.245085750589347,11.221442422620958,12.290845885497172,13.462163498385406,6.965679278021331,7.030899458985949,7.2434075319999796,6.643072615711126,7.224725727719825,6.927557080574752,7.01537078238428,7.070438479532235,6.687087111125837,6.840479009099848,7.447789701142962,7.09805239710239,7.319959125116086,7.659712514225307,6.957627022371759,6.894299627431526,7.402145976040106,7.623130692145089,7.771885780138627,7.805130161190334,6.687058936646173,7.012936661621868,6.200284165562762,5.845049164268234,5.702110495692297,4.234062327470154,3.5062835994165202,3.464688197385096,2.28007801450922,1.3742291616216697,9.611911378,9.786393783,10.11857677,9.649321787,10.29701936,10.14571982,10.4057741,10.63973821,10.40934797,10.55539955,11.31410265,11.16594748,11.5426641,11.99671615,11.48497047,11.65303194,12.12969985,12.44866703,12.7265287,13.22244385,12.62064262,13.51199087,13.31869824,13.6418481,14.24194437,13.58774237,13.75136935,14.68613062,14.5709239,14.83639266,
0.0,0.0,0.0,0.0,0.0,0.0,0.0,0.0,0.0,0.0,0.0,0.0,0.0,0.0,0.0,0.0,0.0,0.0,0.0,0.0,0.0,0.0,0.0,0.0,0.0,0.0,0.0,0.0,0.0,0.0,2.5733947429502035,2.679649531764082,2.7960304019519384,2.923502369068712,2.9877289608017286,3.1295830307788215,3.2970826988697817,3.4710550002298253,3.6198058840695255,3.6126676078443407,3.759892950157304,3.955926549786338,4.106475310115248,4.217627908205623,4.402728629794676,4.627748532100025,4.597428277875579,4.692713781173306,4.81826671336645,5.268202501137147,5.770262199495985,6.32016818710841,6.9224802153403004,7.582192579862687,8.304775532724056,9.09622064099311,9.963090468080196,10.912572989688673,11.952541195606427,13.091618371548064,7.028847920051338,6.989366215237537,7.104942571049767,6.459069834933084,7.0541812092001575,6.861535341223164,7.098224131132308,7.041070149772368,6.501782035932782,6.963315792158083,7.273902209845238,7.03987316021633,7.297746039887557,7.521094341797324,6.764746880208426,7.048007727903237,7.34743805212785,7.7434310188303055,7.755619966637333,7.669887718866805,6.8749916605082175,6.857062402895981,6.193266434664309,6.04593305014216,5.630890467281046,4.11589691901231,3.815095131925508,3.4097079703173794,2.603725674400152,1.5668265484587331,9.602242663,9.669015747,9.900972973,9.382572204,10.04191017,9.991118372,10.39530683,10.51212515,10.12158792,10.5759834,11.03379516,10.99579971,11.40422135,11.73872225,11.16747551,11.67575626,11.94486633,12.4361448,12.57388668,12.93809022,12.64525386,13.17723059,13.11574665,13.62812563,13.935666,13.21211756,13.7781856,14.32228096,14.55626687,14.65844492,
0.0,0.0,0.0,0.0,0.0,0.0,0.0,0.0,0.0,0.0,0.0,0.0,0.0,0.0,0.0,0.0,0.0,0.0,0.0,0.0,0.0,0.0,0.0,0.0,0.0,0.0,0.0,0.0,0.0,0.0,2.5447226263202016,2.6497935510161814,2.764877734835703,2.8909294413732396,2.9544404365838175,3.0947140042108665,3.2603474331513245,3.4323813789098225,3.579474917835008,3.572416174487174,3.71800116908541,3.9118506116793212,4.060721995606309,4.170636159420364,4.353674535350152,4.576187322530374,4.546204888948392,4.640428745147014,4.764582798165114,5.2095055146150155,5.705971390158289,6.249750463640826,6.845351682826251,7.497713698200043,8.212245813638958,8.994872839679196,9.85208422130106,10.79098784759148,11.81936898946737,12.94575485416395,6.823053695681339,6.9996591899854375,7.056966583166004,6.338856615628556,7.07731613341807,6.886097604791119,6.881128116850762,7.058474931092373,6.3772927011673,6.950049215515249,7.304637480917133,7.07260591832335,7.320425564396496,7.4742701305825845,6.631949394652951,7.04048570747289,7.386339211055035,7.492051854856598,7.783863541838673,7.625183385388938,6.875293249845914,6.914156326363569,6.256864857178358,5.797642091804815,5.612046226366145,4.002098120326211,3.8563791387046162,3.516811542414618,2.3814648105390317,1.683032105842763,9.367776322,9.649452741,9.821844318,9.229786057,10.03175657,9.980811609,10.14147555,10.49085631,9.956767619,10.52246539,11.02263865,10.98445653,11.38114756,11.64490629,10.98562393,11.61667303,11.9325441,12.1324806,12.54844634,12.8346889,12.58126464,13.16390679,13.10221654,13.29535579,13.82429204,12.99697096,13.70846336,14.30779939,14.2008338,14.62878696,
0.0,0.0,0.0,0.0,0.0,0.0,0.0,0.0,0.0,0.0,0.0,0.0,0.0,0.0,0.0,0.0,0.0,0.0,0.0,0.0,0.0,0.0,0.0,0.0,0.0,0.0,0.0,0.0,0.0,0.0,2.5354185129302005,2.6401052732432917,2.754768681814235,2.880359513222004,2.943638297072947,3.0833989910510873,3.248426824635848,3.4198317732212513,3.566387503054419,3.559354568157306,3.7044072692616994,3.8975479520183587,4.045875026627602,4.155387318020389,4.337756461953432,4.559455689266172,4.529582878618678,4.623462229906216,4.747162346068817,5.190458318856827,5.685108996644343,6.226899884024999,6.820323442973034,7.470300267088813,8.182219882542826,8.961985437349602,9.816062649529455,10.75153342003004,11.77615455495932,12.898422084047283,6.987057251071339,7.098603682758328,7.038638775187471,6.19037867077979,7.145232272928939,6.986308448950899,7.06052503536624,7.168063626780944,6.218804880947888,7.097591991845116,7.3809867907408435,7.184743547984311,7.440546703375202,7.4558038619825595,6.45856295804967,7.20568290073709,7.509240491384746,7.709374130097394,7.917355533934969,7.607070731147125,7.056949063359851,7.011953245979395,6.39859026703157,6.044615002916031,5.602047147462273,3.811021432655785,4.067600170476187,3.6377248399760895,2.6591917850472773,1.865679305959626,9.522475764,9.738708956,9.793407457,9.070738184,10.08887057,10.06970744,10.30895186,10.5878954,9.785192384,10.65694656,11.08539406,11.0822915,11.48642173,11.61119118,10.79631942,11.76513859,12.03882337,12.33283636,12.66451788,12.79752905,12.74205806,13.23885313,13.21891371,13.51491527,13.78426703,12.77300687,13.88366282,14.38925826,14.43534634,14.76410139,
3.727487999999979e-09,5.075655999999814e-09,6.083487202332221e-09,6.893334510383603e-09,7.746866914642556e-09,8.806465979540253e-09,1.0038142504129995e-08,1.028068280226733e-08,1.0420701458824806e-08,1.0409193313844973e-08,1.0568760547117627e-08,1.0793443665380971e-08,1.0989459651383594e-08,1.1167250835286415e-08,1.1448686696774444e-08,1.1804461137485439e-08,1.1936760144302762e-08,1.2246691202141726e-08,1.264532631865595e-08,1.3447211102646793e-08,1.3312169004235212e-08,1.3156870591045533e-08,1.3362333515210579e-08,1.3331962920573187e-08,1.3297036736736881e-08,1.3167793503190043e-08,1.3019163784638905e-08,1.2766831486516743e-08,1.2572956829967348e-08,1.2350000974952526e-08,2.5089248842201988,2.6125177296058553,2.7259829731567797,2.8502614544181215,2.9128790122836827,3.0511792894053453,3.2144826794209225,3.384096547344999,3.529120856203002,3.5221614113293134,3.6656983972226502,3.8568208737101446,4.003598017835605,4.111965970346056,4.292429464240305,4.511812065329893,4.482251407942219,4.575149775355157,4.697557298230977,5.136221089447467,5.625702959272266,6.161832451291359,6.749055083899873,7.392240033395975,8.096720508579056,8.86833797304708,9.713490581878897,10.63918623433238,11.653100682464668,12.763641177503887,7.254060163053857,7.352388479320112,6.9981869047614405,6.239261904690339,7.412062739971341,7.281350601790178,7.3548424905430245,7.449719832376516,6.276336308378606,7.42433132826392,7.679084662211135,7.514721825499083,7.749614421177744,7.417136228489644,6.526248744314109,7.572981962868909,7.870788940124446,8.069177172401758,8.261114469127486,7.570831787109277,7.462553167419747,7.386798835556162,6.8148763127423875,6.464021603276893,5.59009429812901,3.9311213337905277,4.547387375107654,4.086768712906737,3.14683936496861,2.343380320152738,9.762985051,9.964906214,9.724169884,9.089523366,10.32494176,10.3325299,10.56932518,10.83381639,9.805457175,10.94649275,11.34478307,11.37154271,11.75321245,11.52910221,10.81867822,12.08479404,12.35304036,12.64432696,12.95867178,12.70705289,13.08825614,13.5486313,13.56393141,13.85626165,13.68681482,12.79945932,14.26087797,14.72595496,14.79994006,15.10702151,
0.007594551239999956,0.010341369192499622,0.012394769688325303,0.014044788917782857,0.015783814121658767,0.017942688782615863,0.02045216177812971,0.020946324260200443,0.02123160455131921,0.02120815734056315,0.02153326677869258,0.02199104624154101,0.02239041800331624,0.02275265773585736,0.02332606778327921,0.024050938586313856,0.024320490516803038,0.02495195795536365,0.025764155021707164,0.027397951047501153,0.027122810219162102,0.026806398266538856,0.027225017643849173,0.027163139232124458,0.027091979058634294,0.026828653097666817,0.026525828242610707,0.026011715100570886,0.025616706179468585,0.025162445920235536,2.4597116160001953,2.561272458547623,2.6725120493898356,2.7943527732393245,2.855742070071684,2.9913295483065814,3.1514296963340787,3.3177165404686115,3.4598961566635786,3.4530732232611516,3.5937946907502956,3.781168246033569,3.9250663151385523,4.031308599739655,4.208232251375257,4.423311600957346,4.3943307841898225,4.48540692396197,4.605413388801607,5.035472666207693,5.515353211297732,6.040966372334844,6.6166704676187935,7.2472391631833,7.937901055435105,8.694383026018501,9.522957728398486,10.430495599915277,11.424521830587608,12.513278761042937,7.327102207761349,7.645166092261501,7.000935122923545,6.015628565844689,7.647603475808548,7.611847022912792,7.431461951889881,7.768989865273386,6.037920358787412,7.776852379400712,7.942823502473557,7.885992587727563,8.102830776860937,7.429598852527437,6.271115520844567,7.9737514604596,8.279411655296796,8.174665338086271,8.655038576180468,7.594097262748755,7.910026428487281,7.735676049402997,7.298878904741948,6.626457367589401,5.667875025511358,3.7043863408892173,5.108274803364549,4.546407834990101,3.3974368832391524,2.9504264930435498,9.794408375,10.21677992,9.685841942,8.824026128,10.51912936,10.62111926,10.60334381,11.10765273,9.51904812,11.25113376,11.55815146,11.68915188,12.05028751,11.48366011,10.50267384,12.421114,12.69806293,12.68502422,13.28621612,12.65696788,13.45250245,13.80344882,13.94277439,13.90085967,13.63286806,12.42559802,14.65775836,15.00291515,14.84757542,15.4888677,
0.13208529139199926,0.17985825890399343,0.21557123183214927,0.24426855229756553,0.27451387470478944,0.31206126620429336,0.35570630346561305,0.3643008330667204,0.3692624600529671,0.36885466352000906,0.37450900352148825,0.382470755550382,0.3894166742572019,0.39571678852523784,0.40568960071747157,0.41829663544733187,0.42298471301225987,0.4339672658966931,0.4480930888433707,0.4765082535216316,0.47172297321519446,0.46621990086221193,0.4735005762684352,0.47242437995541475,0.471186754195324,0.4666069593942466,0.46134019537399007,0.45239868164542035,0.44552864195546005,0.4376280963126075,2.39953396224019,2.4986100853682203,2.6071281630303664,2.7259880134937284,2.785875400986262,2.9181456869672644,3.0743289322114222,3.2365475140073623,3.375248659124885,3.3685926510324204,3.505871321531837,3.688660721152199,3.829038276664042,3.9326813088260346,4.1052764651287585,4.315093827677129,4.286822036124502,4.375669968179389,4.4927404353829195,4.912278171107585,5.380418280814573,5.893172142976629,6.454791448202729,7.069933073216874,7.743697695094867,8.481672085437829,9.289975435180466,10.17531009415357,11.145017146126799,12.207137280153004,8.09188143636936,8.226684845729414,7.289695455139195,6.052892490210502,8.10095526431084,8.162631186830435,8.070876914325058,8.255201762928118,5.9893437918244565,8.32194572545,8.383420824949226,8.467341363300099,8.643741589081566,7.6609886826516815,6.228711054156873,8.580031886878803,8.910883510866663,8.94916865592752,9.24056446577749,7.825579195374744,8.566762465974408,8.286786646165535,8.027549055533429,7.535203816832534,6.018358830714885,3.7577149551733355,5.959427199451128,5.291166204206928,4.513870291923872,3.8876916635408953,10.62350069,10.90515319,10.11239485,9.023149056,11.16134454,11.39283814,11.50091215,11.85605011,9.733854911,12.05939304,12.26380115,12.53847284,12.86219654,11.98938678,10.73967712,13.31342235,13.62069026,13.75880589,14.18139799,13.21436562,14.41890372,14.64617869,14.95584108,15.07756127,14.23324328,12.705994,15.71074283,15.91887498,16.10441608,16.53245704,
1.069135121675994,1.455822820930697,1.7448935664661696,1.9771776677784998,2.2219917277786405,2.5259107679411237,2.8791858505122083,2.948752365859915,2.9889131560262383,2.9856123373560566,3.0313801395221427,3.095824777032183,3.152046976820715,3.2030418556868208,3.2837645740472805,3.385809423006891,3.423756027999651,3.5126518686392,3.626990212263314,3.8569904660809478,3.818257075036725,3.7737136753311757,3.832645489042475,3.8239344564669118,3.813916769004066,3.7768466348483294,3.734215980577185,3.66184087909983,3.606232865198825,3.54228364921754,2.387471254080189,2.4860493111763464,2.594021857113782,2.712284186679068,2.771870514011939,2.903475863433119,3.0588739591705356,3.220277051191742,3.3582809311480544,3.3516583835043243,3.4882469397711917,3.6701174379644184,3.809789300824688,3.912911308625508,4.084638811028319,4.293401399753461,4.265271733453498,4.353673017662652,4.470154959384879,4.8875836350388004,5.3533703554584315,5.8635465503340445,6.422342536581304,7.034391780317925,7.704769316982647,8.439033832891512,9.243273757166483,10.124157746224851,11.088989979440473,12.14577072448147,7.587483424245365,7.523272107894584,6.392908426421759,4.721914294544232,6.746237488211316,6.496826488627749,6.018178560319347,6.295841292950542,3.805466522828018,6.541359649142043,6.380095530709211,6.359540435006073,6.560847542357404,5.607836695690622,3.8333556149275068,6.5386395072429115,6.569338148550273,6.437198233701749,6.812482468355587,5.279229978884213,6.226803539509015,5.768374624339162,5.401036054380816,4.816162373219988,3.586406434018371,1.0367975222656745,3.8005395622619402,2.9583263146812615,2.046774215367074,1.6933616663076352,11.0440898,11.46514424,10.73182385,9.411376149,11.74009973,11.92621312,11.95623837,12.46487071,10.15266061,12.87863037,12.89972261,13.12548265,13.52268382,12.72378986,11.201759,14.21785033,14.25836591,14.30352312,14.90962764,14.02380408,15.39843097,15.40563485,15.65602408,15.67448861,15.10509252,13.25267799,16.7780293,16.74432494,16.74199706,17.38141604,
2.3671458863519863,3.223301650048882,3.863326107468557,4.377620646800962,4.9196574607651415,5.592557163636086,6.374734871116012,6.528760388840115,6.617679410680712,6.610371148910707,6.7117045186862585,6.854389812141212,6.978870007630865,7.091776519900044,7.270502713463462,7.496437714139042,7.580454362819355,7.777276466234906,8.03043019234002,8.539668120873172,8.453909468467232,8.35528701819001,8.48576650349892,8.466479619634514,8.444299703188348,8.362223627120706,8.267836139660522,8.107592200178054,7.98447185861859,7.842883465835991,2.311801452750183,2.407255123748197,2.511805529592336,2.626319589113434,2.684017355256906,2.811451533767589,2.961924358462929,3.118211853851748,3.2518417644204844,3.245429115372871,3.377688560284365,3.5537947568372887,3.689039784360393,3.7888933876391886,3.955178065979716,4.157324020646134,4.130085911158326,4.215685357396869,4.328475457647249,4.732673923763695,5.183697748698795,5.677704144150201,6.218789349088127,6.811439974056635,7.460570203584643,8.171562543986663,8.95031245442899,9.803277231336462,10.73752955148321,11.760816117739868,6.807486170899375,6.245410596204547,4.7350260929408154,2.790653625087399,4.522261703979845,3.821100552598319,3.098456710423154,3.264544147310343,0.6965411749011126,3.4660690557188483,3.2342771710319274,3.046250441024179,3.3393236380115563,2.2916775124637256,0.43219775055995474,3.053418985218092,2.905170446025752,2.883453556371844,3.0849690800165246,1.245849595367134,2.290785732838176,1.8789477976641962,1.3438413074175763,1.024371906313708,5.012500005188082e-12,5.245632028984396e-12,0.13732380591634097,5.786441114784668e-12,6.0627827810445465e-12,6.3577876603318005e-12,11.48643351,11.87596737,11.11015773,9.794593861,12.12593652,12.22510925,12.43511594,12.91151639,10.56606235,13.32186932,13.32367025,13.45443501,14.00723343,13.17234742,11.65787853,14.70718072,14.61571072,14.87641538,15.44387473,14.51819164,15.92839295,15.91193896,16.04839716,16.3022915,15.63759923,13.79230799,17.3554724,17.29462492,17.41255637,18.00423312,
3.48806662880398,4.749640055954076,5.692736957761159,6.4505667266673985,7.249275641598445,8.240815289259707,9.393379639004834,9.620341260362975,9.751366337666537,9.740597375710498,9.889915399384599,10.100166830608522,10.283592456522772,10.449963882927628,10.713322755338512,11.046245343962655,11.170046614604818,11.46007040008126,11.833100667913822,12.583479355969736,12.457111186051256,12.31178779062969,12.504053565660108,12.475633713563571,12.44295088364946,12.322009110011704,12.182926070354231,11.946801401824288,11.765379565005288,11.55674445267933,2.347996801110186,2.4449449684759155,2.551132296191613,2.6674392762386296,2.7260404031541405,2.855469789548562,3.0082985329591883,3.167032986036862,3.302755109653824,3.2962420592218646,3.430572260113193,3.6094357112413333,3.7467982393306447,3.848215227713891,4.017103387357844,4.22241429515638,4.194749724797372,4.281689382052887,4.396245411191869,4.806772320553413,5.264857722702579,5.766598663676553,6.316155516325346,6.918085137031568,7.5773786505910925,8.299502835992834,9.090445456263355,9.956764908245649,10.905644604001846,11.944952534763535,5.852204510087375,4.828104885571631,3.050509876048933,0.9971882970957703,2.4234984652493097,1.3182109411937255,0.25194201803807414,0.28365846360237135,2.282773771059215e-12,0.5937876750700705,0.3030139805047701,2.7092821712377907e-12,0.14989617414942485,2.9320047688189413e-12,3.0737051615101438e-12,3.245292020879602e-12,3.4011265465295356e-12,3.5702241432858053e-12,3.751775718864146e-12,3.929667903732552e-12,4.1330072590290185e-12,4.336107461025316e-12,4.549608695432953e-12,4.770777586604058e-12,4.999881785903703e-12,5.2396297399452035e-12,5.505287125789439e-12,5.772288544972553e-12,6.053602965411605e-12,6.347056662583467e-12,11.68826794,12.02268991,11.29437913,10.1151943,12.39881451,12.41449602,12.65362019,13.07103271,10.9119148,13.63062711,13.62350164,13.66286603,14.18028687,13.39076271,12.03946872,15.04804554,14.84213178,15.13781704,15.63467726,14.75892284,16.29756152,16.27001587,16.29701286,16.58874801,15.89689172,14.24376315,17.75771604,17.68381733,17.71852195,18.22666779,
4.263125277947975,5.805024025769537,6.957679828972126,7.883901598225839,8.860085979810455,10.0719486492692,11.480616182533872,11.758009342729242,11.918148577021746,11.904986720091335,12.087483647163099,12.344453563899693,12.568636902601165,12.77197654857519,13.093854535903569,13.500753501491884,13.652063778066978,14.00653170045719,14.462450389367667,15.379565425722777,15.225117877313352,15.0475031966238,15.282490991537994,15.247756164838357,15.207811114129994,15.059995723191843,14.890008023644683,14.601415760284665,14.379681458500404,14.124687011467927,2.446167524340194,2.5471691349225485,2.6577961989934162,2.778966022270251,2.840017286685382,2.974858169579096,3.1340767463420764,3.2994479529505836,3.4408446750284507,3.4340593112479225,3.574005913731834,3.760347720174752,3.903453432718512,4.0091107075845525,4.185060151455721,4.39895519373692,4.37013395618028,4.460708596680281,4.580054261063065,5.007745471320736,5.484983614738047,6.007702553223018,6.580236606545608,7.207333155149837,7.89419200483605,8.646508502897355,9.470520763223892,10.373061391959542,11.36161414261369,12.444375970405101,5.087748187713369,3.8673494993095345,1.7283585120361635,1.7916219727515263e-12,0.889091243506058,1.978447623007744e-12,2.073204896786299e-12,2.177246861996131e-12,2.2791177202432017e-12,2.3999599701502096e-12,2.5234175270455013e-12,2.6521537094250178e-12,2.786924019514677e-12,2.9256124322754254e-12,3.0699773667525916e-12,3.2303510908971113e-12,3.3921733637931115e-12,3.5615654846228024e-12,3.74206440628634e-12,3.925182562789458e-12,4.12469193111426e-12,4.329930703434458e-12,4.5435583925667276e-12,4.764339266520183e-12,4.9939658586572065e-12,5.234745310929944e-12,5.497952333880693e-12,5.7665719083794285e-12,6.048544415022474e-12,6.340988485270977e-12,11.79704099,12.21954266,11.34383454,10.24669057,12.58919451,12.46602984,12.77137697,13.28505043,11.05376834,13.69375092,13.83268633,13.71958195,14.41246689,13.44939769,12.19598032,15.11773345,14.90374295,15.27869218,15.89067065,14.82354867,16.37303598,16.51983698,16.36466339,16.74312577,15.96650044,14.42893031,17.83995252,17.95534693,17.88341358,18.52510098,
4.796723626811972,6.531615677037511,7.828544799295236,8.870698044762467,9.969067523016609,11.332614198295692,12.917599015440459,13.229712368596626,13.409895590676408,13.395086316729572,13.600425654617169,13.889559468574339,14.141802939590644,14.370593796185096,14.732759964454939,15.190588846955501,15.360838025974834,15.759673281197383,16.272657489828166,17.30456414904475,17.130785018417072,16.93093901817419,17.1953392959957,17.15625684989326,17.111312036871194,16.9449951843529,16.75373080399255,16.429016600697903,16.179528702759523,15.892617620152237,2.5678411411502036,2.6738666232135215,2.7899963337174887,2.9171932056324987,2.9812811909910235,3.122829127981516,3.289967317733112,3.4635641722680504,3.6119940392180925,3.604871167992006,3.7517787856619407,3.9473893283329455,4.097613191803866,4.2085259132602655,4.393227171959525,4.617761462433303,4.587506641861778,4.6825865110475675,4.8078684894773485,5.256833278061974,5.757809489461746,6.306528733807907,6.907540922140258,7.56582957202068,8.286853130234705,9.076590233546522,9.941589282803948,10.889022741455596,11.926746608716739,13.063365560527787,4.490488512039359,3.0470729397505876,0.7994765269889816,1.7823368854239292e-12,1.8859735863879937e-12,1.972069734134305e-12,2.0692180838636115e-12,2.1733085751085866e-12,2.2762629556139245e-12,2.3952909227890376e-12,2.5195965877345113e-12,2.648727103037788e-12,2.7829656318299274e-12,2.922298299251839e-12,3.067152143519167e-12,3.226675467836446e-12,3.3892419557861067e-12,3.558550440080153e-12,3.738634418738302e-12,3.922204259736458e-12,4.121728317232308e-12,4.32626048012097e-12,4.5399262399998136e-12,4.7599311296303e-12,4.9894943868358876e-12,5.2306072637144915e-12,5.492516682575197e-12,5.761755452411936e-12,6.044237056280986e-12,6.335546391996122e-12,11.85505328,12.25255524,11.41801766,10.38695326,12.63107811,12.57811588,12.83418058,13.3209416,11.20507878,13.67453933,13.87870696,13.84293908,14.45140392,13.53735015,12.36292603,15.09652409,15.03774726,15.35382559,15.93360122,14.92048741,16.35006549,16.57479762,16.51180329,16.82546058,16.07091352,14.62644194,17.81492403,18.01508344,17.97135579,18.57514878,
4.982759448935972,6.784937441394252,8.132166579718596,9.214738629954144,10.355707199750844,11.772137582009016,13.418594348853656,13.742812686321559,13.929984122953707,13.914600487073997,14.127903692699311,14.428251253990746,14.690277719641895,14.927941986174558,15.304154383933831,15.779739672509578,15.956591784791057,16.370895441024377,16.903775196368716,17.975703257408313,17.79518428810125,17.587587473376256,17.86224223464964,17.821644017459064,17.77495606768548,17.602188793004366,17.403506427158153,17.06619852898653,16.807034508383186,16.508995884712043,2.7177855099602155,2.8300021553828993,2.952913047114381,3.0875373468278884,3.1553676324241082,3.3051810013092275,3.4820789187810224,3.665812642907896,3.8229097994171393,3.815371001203594,3.9708570194809094,4.177889880644814,4.336885790807945,4.4542750569949625,4.649761606579339,4.8874071646941575,4.855385669424047,4.956017553001667,5.0886151425406725,5.56379640564291,6.094026203101174,6.674786900257199,7.3108940918521945,8.00762229880619,8.770748703882902,9.606601055363418,10.522110135940018,11.524867231895561,12.623187079095656,13.826176807733834,4.304373401105348,2.805123873224468,0.21424504316873236,1.7796516984087416e-12,1.8784375525025756e-12,1.969055339490277e-12,2.067127329575742e-12,2.1712166199192428e-12,2.2739763297824484e-12,2.3926063159754867e-12,2.5169706023377674e-12,2.6461674488133096e-12,2.780550725895061e-12,2.9194191611413967e-12,3.0647105689591974e-12,3.22443580252236e-12,3.387152878688353e-12,3.5567364941884274e-12,3.736557977252252e-12,3.919441509084831e-12,4.119976378585299e-12,4.323572197981953e-12,4.537029037830047e-12,4.756699391214438e-12,4.985310712795455e-12,5.226811672366865e-12,5.488568114820572e-12,5.757662724605164e-12,6.040206946314512e-12,6.330957388678449e-12,12.00491836,12.42006347,11.29932467,10.45082288,12.68057691,12.63737977,12.99642326,13.50305606,11.27397908,13.84607143,13.93309498,13.9081624,14.64897325,13.39662621,12.43894596,15.28589343,15.10860011,15.54792024,16.15143411,14.76538543,16.55515914,16.63975111,16.5896014,17.03815883,15.90385259,14.71638028,18.03839272,18.08568113,18.19853981,18.82909503,
4.919789308559971,6.699192089344755,8.029395479420899,9.09828641286382,10.224835873782999,11.623365969880924,13.249015468224298,13.569136462757617,13.75394250090728,13.738753277324765,13.949360841521163,14.245912729292748,14.504627808252772,14.739288567917546,15.11074654240175,15.580321572467271,15.754938697800196,16.164006548520792,16.69015198057671,17.748533439343337,17.570295797271573,17.365322508867447,17.63650629205137,17.596421139049763,17.550323213093552,17.379739302801298,17.1835678060018,16.850522671448505,16.59463386308951,16.30036173349908,2.892558159090229,3.0119911210048254,3.1428060441898995,3.286087629554528,3.358279877734421,3.517727295833206,3.7060009887474794,3.9015500785765,4.068749682873948,4.060726087118356,4.226210945707909,4.44655747031949,4.615777931433463,4.740716149866986,4.94877385417087,5.2017016866202495,5.167620984861271,5.2747242035811785,5.415848747107927,5.921587494553564,6.485914782785044,7.104022461584973,7.781035802174537,8.522568514122282,9.334769293518649,10.224372807191482,11.198755535717327,12.265996938271677,13.434946446489445,14.715296842840274,4.197405252351334,2.7528970296520394,0.005957396390439442,1.7774119733081195e-12,1.8753710069554585e-12,1.96700026658613e-12,2.06495290626327e-12,2.169099771687046e-12,2.271800538864945e-12,2.390653082421832e-12,2.5146187907723368e-12,2.64398937871849e-12,2.778257154180477e-12,2.916827580198145e-12,3.0621010349159167e-12,3.2225333061412416e-12,3.3853665874787516e-12,3.5549263958992643e-12,3.734506438228348e-12,3.916720598101727e-12,4.118477459161471e-12,4.320930393628621e-12,4.534355388967873e-12,4.753345890593304e-12,4.9813356617000156e-12,5.2226961219325806e-12,5.4849277068025084e-12,5.753472934876224e-12,6.035381644474207e-12,6.325973411980331e-12,12.00975272,12.46408024,11.17815892,10.3218313,12.64250091,12.70566207,13.00165689,13.55091095,11.13482751,14.03407062,13.89125804,13.983311,14.70088929,13.25297052,12.28541553,15.49344223,15.19023491,15.55418136,16.20867486,14.60705215,16.77994177,16.58978689,16.67923836,17.04502006,15.73331122,14.53474011,18.2833144,18.03137521,18.20586833,18.89582543,
4.484956777163974,6.107088145086526,7.319722332275881,8.294140002490531,9.321120086936215,10.596041966547782,12.078009440683866,12.36983673935429,12.538308810265544,12.524462076803253,12.71645522185952,12.98679655467388,13.222645261592573,13.436565675330986,13.775192566770402,14.203264498593793,14.362448197438006,14.73536083949305,15.215003233358846,16.179840302308342,16.0173560838552,15.8304992326144,16.077714605055558,16.041172353478768,15.99914876416148,15.843641807144186,15.66480880660766,15.36119966002949,15.12792742553496,14.859664355886682,3.1031081965502456,3.2312347138652933,3.371571688280483,3.5252827763574586,3.6027299164781863,3.773783552328583,3.975761734803856,4.18554489216904,4.364914997805414,4.356307362492452,4.533837905648657,4.770223509324336,4.95176157045426,5.085794073297829,5.3089963503382585,5.580334863461262,5.543773418831318,5.658672707836864,5.810069742456905,6.352621340798909,6.958026154577609,7.621126047109407,8.347419359399487,9.142928424350806,10.014249503191989,10.96860748084673,12.013915773771956,13.158841947012947,14.412879584563791,15.786427008973137,4.318957646287315,2.980257521049802,0.3360258994453462,1.7762176917839661e-12,1.878309351325863e-12,1.965348024521336e-12,2.062902584954961e-12,2.166984174610917e-12,2.270165522723578e-12,2.3894720022448436e-12,2.5129338039253004e-12,2.6420362824028692e-12,2.776137775385431e-12,2.9145594267115212e-12,3.0597447540665903e-12,3.220713426291802e-12,3.383667529535329e-12,3.5532749211858988e-12,3.732444206589224e-12,3.9139577306337805e-12,4.116936268391819e-12,4.31857375023896e-12,4.531603361224515e-12,4.750045412417896e-12,4.977540627718434e-12,5.218680696697383e-12,5.481068256367867e-12,5.749260230990633e-12,6.029388073250148e-12,6.320286411941608e-12,11.90702262,12.31858038,11.02731992,10.18657799,12.59046371,12.60517114,12.89044215,13.39272394,10.98892101,14.00388097,13.83408089,13.87271494,14.52927796,13.07413384,12.12443216,15.46011323,15.07009312,15.42113261,16.01946236,14.40994339,16.74384529,16.52150245,16.54731982,16.89921884,15.52100462,14.34428247,18.24398391,17.95715712,18.05013734,18.67524438,
3.787001436563978,5.156694418199061,6.180616751697345,7.0033941607696395,7.87055414655164,8.94707087335249,10.19841246533173,10.44482518549897,10.587079393568567,10.575387508424788,10.737502407689945,10.965772838509567,11.164918434841852,11.345548250108433,11.631477543980283,11.992932314073519,12.127343619723112,12.44222306702702,12.847222830649125,13.66191058522597,13.524712391514473,13.366934468729632,13.575677833959425,13.544822339449153,13.50933852075898,13.378031777153621,13.227029022035628,12.970667961857801,12.773697883653416,12.547182293735625,3.263070329760258,3.3978016412791527,3.545372846785817,3.707007588177285,3.7884470511433777,3.9683183313525427,4.180708287728108,4.401305557666284,4.58992201338597,4.580870663055888,4.767552728683906,5.016123774512759,5.20701994166987,5.347961686382018,5.582669818233572,5.867995561137813,5.829549410495121,5.950371643274937,6.109573044061267,6.6800926362823665,7.316705464520669,8.013987495290069,8.777720503591794,9.61423726758467,10.530474079186067,11.534028258933072,12.633221152009952,13.837167127797052,15.155849155076648,16.60020157955589,4.703460003677303,3.503651800523407,1.1789281815185453,1.78116343114577e-12,0.6839685123068796,1.9679585195148405e-12,2.062568510883584e-12,2.1663775743179865e-12,2.270176377169153e-12,2.3906155323743047e-12,2.512843012591363e-12,2.641878507645844e-12,2.7756890435367788e-12,2.913906216202034e-12,3.0591672574895633e-12,3.2202986905590395e-12,3.3834454265552295e-12,3.552982998501978e-12,3.731741524398822e-12,3.912625219131133e-12,4.116403242132892e-12,4.3174828591069834e-12,4.530559846279273e-12,4.748568387642607e-12,4.975740801852032e-12,5.216959159279885e-12,5.4788489834576354e-12,5.746452433362617e-12,6.02468080461755e-12,6.316495559488044e-12,11.75353177,12.05814786,10.90491778,10.23041008,12.34296971,12.47118322,12.72427425,13.10958248,11.03620552,13.77196956,13.5621408,13.72525354,14.22210812,12.92901227,12.1766027,15.20408587,14.90990407,15.22234212,15.68078787,14.24999447,16.46655868,16.19673502,16.37142844,16.68137467,15.34872304,14.40600485,17.94185424,17.60416865,17.81745693,18.28042284,
2.9799995788079827,4.057813933183351,4.863540620555687,5.510985934099798,6.193355992753416,7.040469321381298,8.025152712583399,8.219055412281755,8.330995554695772,8.321795185119058,8.449363748168507,8.62899024134301,8.785698339592406,8.927836329881357,9.15283470645448,9.437264242772079,9.543032788396463,9.790812102996437,10.10950728841634,10.750586835431719,10.642625281594963,10.518469494669613,10.682730097915686,10.658449842894724,10.630527549617975,10.527201990546192,10.408377597635809,10.206646527777583,10.051650349424026,9.873404744331012,3.4002861243902696,3.5406830398046725,3.6944597812580886,3.8628914461720343,3.9477555305822976,4.13519060137848,4.356511795419906,4.586385429833499,4.782933420652454,4.773501450812983,4.968033708251057,5.2270574474418465,5.425981014140239,5.57284951848145,5.817427392497128,6.114751405308068,6.074688550586769,6.200591494783882,6.366487494370573,6.960998080130681,7.624381197167752,8.350984725258444,9.146833569576179,10.018526808757391,10.973292413632574,12.019047180652354,13.164462376969107,14.419035641494837,15.793169738129855,17.298258814174087,5.1556999768032865,4.2456805070135974,2.2986983581879317,1.0155805797299697,1.8934425966661805,0.9657068772422183,0.1070961819987961,0.07151367788695678,2.2714515008210196e-12,0.25539008407040914,2.5213048049156514e-12,2.645100837683087e-12,2.782548394468191e-12,2.9148837396331234e-12,3.0599346712590904e-12,3.222141843396183e-12,3.384892650121923e-12,3.554856167681319e-12,3.7335855137950606e-12,3.912427849629692e-12,4.11672462902152e-12,4.3174244789991385e-12,4.530102051998048e-12,4.7480127632316954e-12,4.975111142467872e-12,5.2164578196213014e-12,5.4771631444981995e-12,5.744351001983291e-12,6.0203658588780214e-12,6.3138244372209065e-12,11.53598568,11.84417748,10.85669876,10.38945796,12.03455412,12.1413668,12.48876069,12.87695452,11.20778076,13.35068672,13.2232616,13.36227163,13.96973852,12.87184317,12.36590721,14.73899477,14.51559256,14.94059183,15.40253418,14.18698429,15.96284869,15.79202483,15.93846504,16.37261915,15.28085454,14.62996894,17.39301514,17.16429071,17.48767367,17.95603894,
1.890713252735989,2.5745515654319053,3.0857590624837377,3.496542152335488,3.929483862240932,4.466949843241742,5.091699574998261,5.214724560192257,5.285746956396755,5.279909619770111,5.360847742884396,5.474814937243321,5.5742411520247686,5.6644231050249365,5.80717729044702,5.987638622592694,6.054745340444857,6.211953293492758,6.414155070614349,6.820899287700717,6.7524011771383075,6.673628349983237,6.7778463846663115,6.762441348949392,6.744725557873258,6.679168835894955,6.60377860563397,6.475786773023669,6.377446715991271,6.264355650412627,3.489559419150276,3.6336424053112797,3.7914565000534473,3.964310278024563,4.051402438586346,4.243758550057172,4.470890452806484,4.7067993371878245,4.908507625133837,4.898828022303245,5.098467654510175,5.364291969232756,5.568438202952373,5.719162687290375,5.970161865819858,6.275292014133485,6.234177323505553,6.363385804424366,6.533637344082928,7.14375659241405,7.824556595671742,8.57023683923988,9.386980410020064,10.281559643095592,11.261392277083221,12.334602961089864,13.510090623282327,14.797602259681721,16.207813755029964,17.752418405884786,6.075946108115278,5.440353449258435,3.9448644074645225,2.9461383596417474,3.874710629174618,3.297958836703079,2.839815692197355,2.742742202622127,1.0324399784717275,3.029234367929082,2.56731259260799,2.3771212235266206,2.5963212550256975,1.4472128976876908,0.6094362637363271,2.318508833277147,2.068021126053097,2.2619442920865738,2.2003383953066127,0.1770903298894971,1.2152529971943122,0.3133278007815311,4.538462721528798e-12,4.753447220154771e-12,4.9775767194222836e-12,5.218212582422078e-12,5.479292862338619e-12,5.745068630309312e-12,6.018419150860347e-12,6.313989916842738e-12,11.45621878,11.64854742,10.82207997,10.40699079,11.85559693,12.00866723,12.40240572,12.6642661,11.22669456,13.20797201,13.02662799,13.21622813,13.73900061,12.83079869,12.38677542,14.58143947,14.35694379,14.83728339,15.14813081,14.14174621,15.79221077,15.55719299,15.76426493,16.25940879,15.23212843,14.65465789,17.20708919,16.90905289,17.36675313,17.65945938,
0.7217647935359959,0.982814647531964,1.1779640563752893,1.334777243994241,1.5000493091320088,1.705222686030023,1.9437159427416888,1.9906797554244535,2.0177919920678433,2.015563635092488,2.0464611218659257,2.0899671947129392,2.127922363895761,2.1623486094375686,2.2168438878826056,2.2857335706247515,2.3113510281029575,2.371363917741109,2.44855284298167,2.6038242229450157,2.5776756123314595,2.5476047101227017,2.5873891185605795,2.5815083683159044,2.574745505533888,2.549719746691242,2.5209401240275673,2.47208025672374,2.4345397196499152,2.3913681020183053,3.5792957743802836,3.727083950932311,3.8889563407097683,4.066255169233037,4.155586962974594,4.352889640551983,4.585862392148094,4.827837831331334,5.034733182859249,5.024804662565518,5.2295781614879395,5.5022383263192225,5.711634317027471,5.866234782325759,6.123688572667654,6.43666534689921,6.394493364493092,6.5270245279485115,6.701654199859934,7.327463072875607,8.025770303721302,8.79062621366658,9.628372891829642,10.545956828421641,11.550986514170857,12.651795528971968,13.85751164288361,15.178132502451023,16.624608529935195,18.2089337228385,7.1406551420852695,6.901968191537349,5.87137979291665,5.273960306774522,6.278651047895288,6.009818783419985,5.857126485112313,5.805869433246417,4.463280415075224,6.175837252344424,5.8370517066486896,5.689245918970526,5.856180569079597,4.940007488239652,4.365228509452891,5.868130282479329,5.721952247407448,5.920111594314082,5.950223127162255,4.362329604183479,5.1986093539515315,4.322221456215191,3.6263010296145364,3.111359893267566,1.2699769103007088,5.2074275245542615e-12,0.8393639130950353,5.750154145687558e-12,6.0183298330602015e-12,6.315893954735334e-12,11.44171571,11.61186679,10.93830019,10.67499272,11.93428732,12.06793111,12.38670482,12.62438702,11.51580559,13.21620555,13.11309099,13.28145144,13.69573725,12.96859088,12.70576097,14.5905292,14.42779664,14.81850004,15.10043017,14.2936169,15.80205527,15.66045238,15.84206304,16.23882509,15.39570893,15.03204619,17.21781568,17.02128513,17.34476758,17.60385071,
0.0711815018039996,0.09692662101674646,0.11617254174055609,0.1316376881391559,0.14793706143654306,0.16817156058168642,0.1916921151098376,0.1963237551498338,0.19899760366506436,0.19877783983412978,0.20182499526509473,0.20611562793460048,0.2098588223489778,0.213253989141658,0.21862839337373613,0.22542239485497143,0.2279488260580859,0.2338673851929992,0.2414798701333384,0.2567929612011686,0.25421414689735333,0.2512485104476533,0.25517210711841637,0.25459213891007604,0.25392517547042154,0.251457098453978,0.24861880988559742,0.24380017815989094,0.24009787537181473,0.2358402271658514,3.5962920509102845,3.74478199922829,3.9074230396210226,4.085563771163202,4.175319756691373,4.373559325512067,4.607638347603738,4.850762806520767,5.058640600078902,5.048664934232781,5.2544107995739315,5.528365690477688,5.7387559974947,5.894090582694083,6.152766891679357,6.467229835296629,6.4248575993434525,6.5580180866784605,6.733476987125674,7.362257511921799,8.0638806528086,8.832368479021898,9.674093195073326,10.59603427656445,11.60583634312168,12.711872546621807,13.923314000315482,15.250205824546155,16.703550439625996,18.295398796522836,8.118690127287268,8.189540109756589,7.419149778640133,7.02009437069944,8.193593291873977,7.960372623908237,7.960270827288518,8.033251258331601,6.864760146258347,8.497081655935517,8.296960355163524,8.024801781590387,8.241766830159138,7.4593230681672305,7.003639114950033,8.481134549851689,8.294064354601927,8.472719198132172,8.670850542744777,7.333749846881068,8.115648900298295,7.341287970534898,6.482753457813005,5.877061584530356,4.245956361413226,2.8605265849302612,3.7341664398047025,2.358159677300762,0.9232761050096043,6.314004596141774e-12,11.78616368,12.03124873,11.44274536,11.23729583,12.51685011,12.50210351,12.75960129,13.08033782,12.12239835,13.74452443,13.75319615,13.7592831,14.19038165,13.56666764,13.3750344,15.17378678,14.94687078,15.26460467,15.6458074,14.95280032,16.4337437,16.42490496,16.41201876,16.727688,16.10571788,15.82385623,17.90609925,17.85216568,17.86692442,18.23964315,
0.0025784966759999847,0.0035110943682498713,0.0042082634550942005,0.004768476819128648,0.005358909428768169,0.006091889029703549,0.006943903529699762,0.0071116812267824,0.00720853938984327,0.007200578609398793,0.00731095953633727,0.007466384496416378,0.007601978915057195,0.007724966293344001,0.00791965006787368,0.008165757691232643,0.00825727577239523,0.008471671151381543,0.008747427726015397,0.009302132999393975,0.009208717379578613,0.009101289416779628,0.009243418772259997,0.009222409857591282,0.009198249605719973,0.009108845361334475,0.009006030480310331,0.00883147914923819,0.008697365999182909,0.008543135876631084,3.40599982299027,3.546632655509794,3.7006677969684483,3.8693824874081315,3.9543891738767356,4.142139202727159,4.363832295647175,4.594092200102487,4.790970461945377,4.781522643018242,4.976381784326178,5.235840776175667,5.435098605716354,5.5822139017500705,5.827202754196748,6.125026377844423,6.084896203177521,6.211010709416672,6.377185473703129,6.972695050188512,7.637192888472095,8.365017370744091,9.162203526176611,10.035361522221844,10.991731475290191,12.039243484885942,13.186583388996157,14.443264785968067,15.819707920071384,17.327326084854644,8.358247930335283,8.402852960123585,7.489355869578173,7.447052015774544,8.412413226696387,8.252093128245129,8.36789055082522,8.39405857867293,7.414735418667093,8.774663298374788,8.610523036140036,8.403961989330597,8.655385905371404,7.682088011959552,7.639781305738499,8.840620614467628,8.732035231053542,9.020077819435596,9.15811314857464,7.646058366816163,8.570763204152582,7.860922259843547,7.10696201505579,6.655659127925505,4.755004335109305,3.893658179758483,4.474526890529653,3.193706924889357,2.0092050639358,0.785142099276797,11.76682625,11.95299671,11.19423193,11.32120298,12.37216131,12.40032422,12.73866675,12.99526246,12.21291442,13.56338652,13.59421578,13.64726915,14.09808649,13.27202688,13.47490371,14.97381275,14.82518871,15.2395602,15.54404605,14.62805555,16.21716481,16.23504092,16.27840896,16.70024306,15.75593406,15.94201051,17.67011631,17.64580319,17.83761035,18.12101132,
1.5005879999999913e-06,2.0433247499999252e-06,2.4490509141741847e-06,2.775074003261046e-06,3.1186835557108818e-06,3.545250091028153e-06,4.041090456625862e-06,4.13873076047159e-06,4.195098565225427e-06,4.190465690683914e-06,4.254703234960956e-06,4.345154710879472e-06,4.424065558185674e-06,4.4956395825877295e-06,4.608938210650006e-06,4.752163582921528e-06,4.805423661033648e-06,4.930193700862202e-06,5.090673646664804e-06,5.413491234337588e-06,5.3591268601608665e-06,5.296607829851051e-06,5.379321764395435e-06,5.367095366921926e-06,5.35303500982606e-06,5.301005105144521e-06,5.241170714771912e-06,5.139588410932291e-06,5.061539606181708e-06,4.971783480725373e-06,3.2892196039202606,3.4250306120582295,3.573784409271766,3.7367144433597717,3.8188065379363825,4.0001192530348915,4.214211239289323,4.436576310073822,4.6267042819158295,4.617580396758919,4.805758476882961,5.056321497069931,5.24874744927812,5.390818659172019,5.627407672116264,5.915019930578586,5.876265683930612,5.998056150113419,6.1585333435291165,6.733624909910436,7.375339363825498,8.078209205198654,8.84806254245467,9.691282902751183,10.614862163383954,11.626458527555021,12.734460025231579,13.948054065636704,15.277303618092425,16.733230652897074,7.990543625493288,8.016880514618645,7.146909521679029,7.117360901568024,7.748678873381952,7.674862981717007,7.997162779622311,8.003033511197616,7.082288122987915,8.250067722777812,7.90429908841635,7.792666677778033,8.246531816659132,7.319773835191361,7.291502588948641,8.290706007261107,8.081740950649182,8.610691519696518,8.720878805801018,7.2756329466023795,8.009960257051889,7.100915878197952,6.47815981822827,6.317685490158359,4.474563033586196,3.657762401445502,4.02926203360368,2.55007890478116,1.8219535803747127,0.6129615853259677,11.27976473,11.44191317,10.72069638,10.85407812,11.56748853,11.67498578,12.21137806,12.43961396,11.7089966,12.86765231,12.71006182,12.84899252,13.49528369,12.71059699,12.91891487,14.20573069,13.95801144,14.6087526,14.87941724,14.00926327,15.38530498,15.17913038,15.32622774,16.00897376,15.08943055,15.28422623,16.7637273,16.49813811,17.09926226,17.34619721,
0.0,0.0,0.0,0.0,0.0,0.0,0.0,0.0,0.0,0.0,0.0,0.0,0.0,0.0,0.0,0.0,0.0,0.0,0.0,0.0,0.0,0.0,0.0,0.0,0.0,0.0,0.0,0.0,0.0,0.0,2.0460816675301623,2.130563838823528,2.223097161041163,2.324448908866151,2.3755148606688716,2.4883016815947303,2.6214790734959044,2.7598027945052723,2.8780732064920462,2.8723976310047923,2.98945509944318,3.1453195487352006,3.2650194352070425,3.3533958080406703,3.5005676300580646,3.6794788127274507,3.6553714671702084,3.7311320639511565,3.830958005373009,4.18869766791229,4.587880555664703,5.025105572619913,5.503998133690955,6.028529155832066,6.603047984383225,7.232318457295305,7.921558406275898,8.676482922394337,9.503351744898854,10.409021166187989,8.55687300247139,8.054426191178102,8.328214448960553,8.947912601135656,8.727446479333027,9.059137898407267,8.857190136506192,8.313288065496929,9.28215275351027,9.527315098997638,9.21019608055937,9.563301061267477,8.747773164795769,9.156376381962282,9.916203199945038,10.009652307275807,10.150152312833212,10.001064076052439,9.413917574630766,9.599222152091668,10.237928954339464,9.544461307384456,9.654794546313624,9.019871864172744,8.247972695621822,8.640915682709995,8.232546313729664,7.159122977611505,6.569918145107247,5.031652353818433,10.60295467,10.18499003,10.55131161,11.27236151,11.10296134,11.54743958,11.47866921,11.07309086,12.16022596,12.39971273,12.19965118,12.70862061,12.0127926,12.50977219,13.41677083,13.68913112,13.80552378,13.73219614,13.24487558,13.78791982,14.82580951,14.56956688,15.15879268,15.04840102,14.85102068,15.87323414,16.15410472,15.8356059,16.07326989,15.44067352,
0.0,0.0,0.0,0.0,0.0,0.0,0.0,0.0,0.0,0.0,0.0,0.0,0.0,0.0,0.0,0.0,0.0,0.0,0.0,0.0,0.0,0.0,0.0,0.0,0.0,0.0,0.0,0.0,0.0,0.0,1.8015821274301427,1.8759689773315658,1.9574448940286049,2.046685465586882,2.091649216324673,2.1909584100945234,2.30822157355199,2.4300160979469636,2.53415361299365,2.5291562487520456,2.6322257627247616,2.7694649602613897,2.8748611326357794,2.9526768407332766,3.082262149284485,3.2397940768754467,3.2185674740545847,3.285274946825578,3.373172040462407,3.688163075537579,4.039645016636637,4.42462318672243,4.846289776417398,5.308141192110295,5.814007047718726,6.368081919366636,6.9749601262825855,7.63967382631762,8.367734741965986,9.165179862875586,8.55723749257141,7.9067567426700665,8.173495735973113,8.662120584414927,8.452864143677225,8.843719709907475,8.906149086450107,8.205734202055238,9.018128597008664,9.253040911250386,8.953816987277788,9.374832209741287,8.663476627367029,9.058698049269674,9.663744660718615,9.767607413127807,9.973925125948835,10.130734753178013,9.348586599541362,9.550437224466373,10.047827363367524,9.412135123281933,9.639380123587179,9.393767527894507,8.445339502286316,8.71157869063866,8.374657303722975,7.399445263688215,7.33544503804012,5.665651927130831,10.35881962,9.78272572,10.13094063,10.70880605,10.54451336,11.03467812,11.21437066,10.6357503,11.55228221,11.78219716,11.58604275,12.14429717,11.53833776,12.01137489,12.74600681,13.00740149,13.1924926,13.4160097,12.72175864,13.2386003,14.08747238,13.83675831,14.4856699,14.70190872,14.25934655,15.07966061,15.34961743,15.03911909,15.70317978,14.83083179,
0.0,0.0,0.0,0.0,0.0,0.0,0.0,0.0,0.0,0.0,0.0,0.0,0.0,0.0,0.0,0.0,0.0,0.0,0.0,0.0,0.0,0.0,0.0,0.0,0.0,0.0,0.0,0.0,0.0,0.0,1.580142286110125,1.6453859434877836,1.7168473214135422,1.7951189686556346,1.8345560405499073,1.9216587343910623,2.0245086019385914,2.13133286228341,2.222670408649072,2.218287290923255,2.308688108603115,2.429058674028729,2.5215001709925597,2.589751231555562,2.703408678852997,2.8415777117318877,2.8229601576403884,2.8814683415972002,2.958561643294111,3.234835839562844,3.54311569507347,3.880774620814253,4.250612442178133,4.655695807917988,5.099383618412853,5.585354877247875,6.1176391970498685,6.700650212528988,7.3392221777832605,8.038650051326217,8.44268948389143,7.801100609513848,8.10623338158818,8.569292081346177,8.390118919451995,8.699460525610936,8.82612444806351,8.138859217718794,8.958090621353245,9.148116049079176,8.925924361399437,9.260093205973952,8.620256809010254,9.056620938447391,9.632686791150105,9.706792488271374,9.875102772363034,10.099393688406398,9.325941196709662,9.601468700441115,10.047209684930692,9.536284229190114,9.692161947826445,9.569357162086815,8.72664864159219,9.009344122757419,8.690290122955691,7.882299157476847,7.854625672222848,6.282435618680202,10.02283177,9.446486553,9.823080703,10.36441105,10.22467496,10.62111926,10.85063305,10.27019208,11.18076103,11.36640334,11.23461247,11.68915188,11.14175698,11.64637217,12.33609547,12.5483702,12.69806293,12.98086203,12.28450284,12.83630454,13.59032538,13.41705885,13.94277439,14.22505297,13.82603226,14.594699,14.80792932,14.58294937,15.19384785,14.32108567,
0.0,0.0,0.0,0.0,0.0,0.0,0.0,0.0,0.0,0.0,0.0,0.0,0.0,0.0,0.0,0.0,0.0,0.0,0.0,0.0,0.0,0.0,0.0,0.0,0.0,0.0,0.0,0.0,0.0,0.0,1.4340641574001136,1.4932762874503265,1.5581313334943332,1.6291670654263417,1.6649583304114788,1.7440087123603678,1.8373505018560143,1.9342992666906045,2.017193005197099,2.0132150899906573,2.0952586968062743,2.2045014624737886,2.2883970955554047,2.350338605834767,2.453488855545561,2.578884688222142,2.5619882560110896,2.615087581473473,2.685053901412504,2.9357876017673226,3.215568160216009,3.5220118058848495,3.8576595309859316,4.225294484289145,4.627965048642155,5.069010117778003,5.552086782002493,6.081200652327572,6.660739074494626,7.295507508294156,8.407479203601442,7.761248268551307,8.127710608507387,8.65885090457547,8.431527439590422,8.646496727641633,8.817021248146084,8.127192293311598,9.081157874805218,9.126765870011774,8.998502743196276,9.230846657528891,8.626948304447406,9.133321504168185,9.79168082445754,9.719517971781118,9.860364673992331,10.130982538530121,9.349815638591267,9.721180278236634,10.104033609788152,9.726834164119515,9.782378729018646,9.74246221571566,9.004903011362888,9.418115582227292,8.960863868003065,8.31891879767826,8.25828938551148,6.734559461712256,9.841543361,9.254524556,9.685841942,10.28801797,10.09648577,10.39050544,10.65437175,10.06149156,11.09835088,11.13998096,11.09376144,11.43534812,10.9153454,11.48366011,12.24516968,12.29840266,12.42235293,12.74607012,12.03486954,12.65696788,13.31960177,13.24884597,13.64003826,13.9677567,13.63286806,14.4871257,14.51295065,14.40011945,14.91902846,14.03006697,
0.0,0.0,0.0,0.0,0.0,0.0,0.0,0.0,0.0,0.0,0.0,0.0,0.0,0.0,0.0,0.0,0.0,0.0,0.0,0.0,0.0,0.0,0.0,0.0,0.0,0.0,0.0,0.0,0.0,0.0,1.3147359099001041,1.3690210081483059,1.4284794762595692,1.4936043363818432,1.5264174159737773,1.5988900283762406,1.6844648626059362,1.7733465363377294,1.84934270021783,1.8456957866948478,1.9209125582051072,2.021065250941162,2.0979799419102,2.154767309098405,2.2493344431489537,2.3642961087906174,2.3488056259817194,2.397486565127031,2.4616309988559744,2.691501188399132,2.9480012516538077,3.2289457709366496,3.5366643029071465,3.8737084109744306,4.242872822540527,4.647218602528869,5.090098535350096,5.575184925769182,6.106500049195202,6.688449503883681,8.41320004910145,7.809696899853328,8.219034522742152,8.657907983619967,8.491377954028126,8.722044761625758,8.846916467396161,8.205728264664472,9.101750699784484,9.05551248330758,9.086385881797442,9.337716379061513,8.72795451809261,9.283450690904544,9.833361296854145,9.670504431212636,9.990372214021697,10.201447294876557,9.474657231147793,9.915381671604822,10.086110168350348,9.916640809067712,10.012045737097425,9.932809299030366,9.336048477464509,9.64768595747642,9.111783694655456,8.712702294236646,8.640308260810905,7.226692886122733,9.727935959,9.178717908,9.647513999,10.15151232,10.01779537,10.32093479,10.53138133,9.979074801,10.9510934,10.90120827,11.00729844,11.35878163,10.82593446,11.438218,12.08269574,12.03480054,12.33917784,12.59893386,11.93628823,12.60688286,13.03411142,13.14558658,13.54871004,13.80651771,13.5789213,14.29490456,14.20188223,14.28788722,14.74680831,13.91514239,
0.0,0.0,0.0,0.0,0.0,0.0,0.0,0.0,0.0,0.0,0.0,0.0,0.0,0.0,0.0,0.0,0.0,0.0,0.0,0.0,0.0,0.0,0.0,0.0,0.0,0.0,0.0,0.0,0.0,0.0,1.3025834401501033,1.3563667661341041,1.4152756430843878,1.4797985360080408,1.5123083151773253,1.5841110430628353,1.668894885294437,1.756955000990718,1.8322487111873718,1.8286355071005853,1.9031570290678845,2.0023839826043854,2.0785877296885764,2.134850195444684,2.228543219168406,2.342442262154371,2.3270949621872363,2.3753259298699074,2.438877458754119,2.6666228941897674,2.9207520560062887,3.1990997269439196,3.5039739309219073,3.837902646538996,4.203654768754393,4.604263068216915,5.043049338618211,5.523651940588746,6.050055970527068,6.626626304518472,8.40118073085145,7.78322512886753,8.245838593917332,8.77691080399377,8.541024654824575,8.811547776939161,8.836318274707661,8.179582117011485,9.232327518814941,9.126090782901844,9.143189220934664,9.438635727398294,8.701199150314231,9.319492424558268,9.979361800834692,9.751441507848883,10.101419077816178,10.192302340133681,9.446530091249647,9.958032065814187,10.177348573997865,9.993120123060441,10.142829379082666,9.934308893465804,9.394408931250645,9.838775211788377,9.228555131387346,8.814920799417083,8.660109759479042,7.229200175487938,9.703764171,9.139591895,9.661114237,10.25670934,10.05333297,10.39565882,10.50521316,9.936537118,11.06457623,10.95472629,11.04634625,11.44101971,10.77978688,11.45434262,12.20790502,12.09388377,12.42851404,12.56762827,11.88540755,12.62465496,13.09810063,13.19221985,13.64680331,13.77221154,13.5980637,14.44303828,14.27160447,14.33857274,14.71016573,13.85582648,
0.0,0.0,0.0,0.0,0.0,0.0,0.0,0.0,0.0,0.0,0.0,0.0,0.0,0.0,0.0,0.0,0.0,0.0,0.0,0.0,0.0,0.0,0.0,0.0,0.0,0.0,0.0,0.0,0.0,0.0,1.3502181441601069,1.405968294483304,1.4670314341323099,1.5339138909898735,1.5676125335059705,1.6420410445732037,1.7299253816407199,1.8212058035507783,1.8992529600822168,1.8955076232645074,1.9727543531009304,2.0756099774893966,2.154600450417723,2.212920401184431,2.310039723228334,2.428103986677284,2.41219544505088,2.4621901906220636,2.5280657612332558,2.764139712195983,3.027562226768506,3.3160889069797848,3.632112179815199,3.9782524705518263,4.357379930995655,4.772638238419777,5.227470662541414,5.7256486166818386,6.27130292985184,6.868958099066901,8.399472423841447,7.68227071051833,8.511833808869412,8.987040339011937,8.72306082649593,9.107912755428796,8.825007308361378,8.059500603451424,9.450381339920098,9.340531316737922,9.33437547690162,9.755331712513282,8.564617719585087,9.61815193881852,10.212379086774765,9.97634551332597,10.439895424952539,10.164918699381525,9.29056090877051,10.275736177807968,10.406891983235651,10.187574593024573,10.479788530189374,9.859140789452972,9.68791979900938,10.042497861585511,9.410622457464141,8.951431013323988,8.508483710154264,6.909016240939509,9.749690568,9.088239005,9.978865243,10.52095423,10.29067336,10.7499538,10.55493269,9.880706407,11.3496343,11.23603894,11.30712983,11.83094169,10.71921817,11.83107234,12.52241881,12.4044495,12.85209087,12.62710889,11.81862667,13.03987589,13.43445421,13.5036635,14.11190071,13.83739326,14.04529973,14.8151361,14.63809312,14.67707963,14.77978664,13.77797434,
0.0,0.0,0.0,0.0,0.0,0.0,0.0,0.0,0.0,0.0,0.0,0.0,0.0,0.0,0.0,0.0,0.0,0.0,0.0,0.0,0.0,0.0,0.0,0.0,0.0,0.0,0.0,0.0,0.0,0.0,1.3668257954701084,1.423261671326659,1.485075886152347,1.5527809956509309,1.5868941306747373,1.6622381106716937,1.7512034230111988,1.843606591956667,1.9226137266716437,1.9188223222994611,1.9970191850899626,2.101139931231165,2.1811019851124502,2.2401392698973237,2.338453157310493,2.457969608413722,2.441865392100731,2.492475071862638,2.5591609104377806,2.798138565426351,3.06480117071173,3.3568767222808016,3.6767870739144053,4.02718488205869,4.410975601319126,4.8313415761250775,5.291768428330032,5.796073959550116,6.348439807895466,6.953446121588088,8.350232859531447,7.517032099674976,8.796703743849376,9.214885294350882,8.957619229327166,9.299004329330305,8.768402236990898,7.876254198045536,9.693164833330671,9.560106077702969,9.589023564912589,9.962337048771513,8.363620644890359,9.95007230010563,10.477611232692606,10.214626881589533,10.662831287902687,10.092371268140953,9.067073209565987,10.637570504577605,10.660065649292427,10.479881587723561,10.712480816090167,9.763895047946109,10.060677548685911,10.331203373880209,9.66275635167552,9.24304513045571,8.381879342110642,6.600239928418328,9.717058655,8.940293771,10.28177963,10.76766629,10.54451336,10.96124244,10.51960566,9.71986079,11.61577856,11.4789284,11.58604275,12.06347698,10.54472263,12.19021157,12.81606439,12.67259649,13.10469668,12.58484634,11.62623412,13.43570907,13.72486682,13.83675831,14.38926789,13.79107993,14.47165315,15.16254495,14.95452478,15.03911909,14.73031915,13.55368605,
0.0175584418559999,0.023909026871999126,0.028656445392680117,0.032471254956294625,0.036491844450450665,0.04148311701032965,0.047284965505189756,0.04842745871310385,0.04908702071301363,0.049032811257611275,0.049784457403096026,0.05084283384000252,0.05176617290724393,0.05260366350817064,0.05392937541123534,0.055605261378158626,0.05622845974091888,0.05768839910448867,0.05956618154539117,0.06334348340522662,0.06270736362883245,0.06197582588590208,0.06294366503320871,0.0628006034539165,0.06263608263771486,0.06202727858482091,0.061327153924123474,0.06013853521228084,0.05922528294040914,0.05817504282783667,1.3746062070901088,1.4313633340861642,1.4935294152849519,1.5616199240219917,1.595927241971679,1.6717001041125108,1.7611718355964288,1.8541009930707721,1.933557861783334,1.9297448755192006,2.0083868599791344,2.113100294863734,2.1935175184493367,2.252890862429226,2.3517643840800373,2.471961161226297,2.4557652745394023,2.5066630408605537,2.5737284766565414,2.814066469246257,3.082247003765675,3.3759851432247885,3.6977165273743555,4.050108912433375,4.43608429178852,4.8588431247962065,5.321890874589521,5.829067074938134,6.384577167179965,6.993027371212399,8.556943167055445,7.551046556043471,9.370368069324094,9.784719691023529,9.493387853579778,9.875483418879163,8.962363318900483,7.889114679218328,10.29241489750597,10.187651383225619,10.166582022620322,10.590050221298943,8.37731297864623,10.608859004065556,11.137776930511828,10.904022397398801,11.342818985723097,10.32102855003855,9.078800601801836,11.356428057352469,11.401927782609649,11.161584440893668,11.452252907597005,10.007509634117504,10.832600485578803,11.10226095662426,10.466969271491907,9.97898383985541,8.63828550988573,6.602579235966178,9.949107816,9.006318917,10.89255393,11.37881087,11.12580694,11.58866664,10.77082012,9.791643131,12.27505978,12.16642907,12.22475334,12.75399335,10.62259667,12.91435353,13.54347069,13.43158882,13.85481272,12.88537999,11.71209526,14.23383801,14.54688215,14.59954541,15.2129131,14.12041915,15.33132086,16.02313136,15.8501873,15.86818945,15.08208796,13.65378165,
0.7433321487359957,1.012182542431963,1.2131632922540776,1.3746622802164532,1.5448729089491577,1.7561771572013483,2.0017969305100705,2.0501640884913956,2.078086477199823,2.0757915337591397,2.1076122812374467,2.152418377215059,2.191507700658068,2.2269626512190897,2.2830863258362215,2.3540345299562757,2.380417473379074,2.442223633233501,2.521719072982776,2.6816301818911388,2.6547002137243467,2.6237307503292735,2.664703973289397,2.6586474978908976,2.6516825511819637,2.6259089871887435,2.59626938860207,2.5459495191997696,2.5072872176609544,2.4628255708947036,1.4208167817301125,1.4794819311400602,1.5437378692887842,1.6141173983430899,1.6495780363262784,1.7278981789053804,1.8203777100810083,1.9164308966376817,1.9985588922106958,1.9946177235729843,2.07590344066993,2.184137060443546,2.2672576954452155,2.32862701203854,2.430824396355326,2.5550618668384533,2.538321517870837,2.5909303306120193,2.660250326521754,2.908667837949746,3.185863882906615,3.489476710947868,3.8220238415014527,4.1862627135967925,4.585213550202819,5.022184401537396,5.500798575004154,6.02502467920229,6.599209531130502,7.22811419944743,8.340909999535448,6.947485952429609,8.882429448458863,8.94857727144227,8.508841984726468,8.739745563895273,7.550513459411022,6.2956212748731275,8.800954220591798,8.805476592670308,8.675764508095174,9.116461672344077,6.674338903899528,9.244152006745324,9.494361637811558,9.30572402320853,9.69543144875351,8.572254546158076,7.092993320499242,9.619389950163072,9.554585373373195,9.244128638727219,9.55997807521372,8.064550828517108,9.145516448620256,9.161557521279146,8.677385836399328,8.120855021603768,6.818370671214655,4.619024159664286,10.50505893,9.439150426,11.63933061,11.93735695,11.70329293,12.2238209,11.3726881,10.26221626,12.87759959,12.87588585,12.85928023,13.45301711,11.1331043,13.79974167,14.20827236,14.21482042,14.61417044,13.60540851,12.27496272,15.20968797,15.39514947,15.3573361,16.04670589,14.90946104,16.38241255,16.80965091,16.7744538,16.69182922,15.92486742,14.30996393,
2.014409284223988,2.7429863140878994,3.287638511736567,3.725296241591772,4.186562273709184,4.759190862690554,5.424813562560902,5.555887204747357,5.631556095360541,5.625336862973589,5.711570196565105,5.832993460553635,5.938924431239524,6.035006353302592,6.187099938123004,6.379367582299948,6.45086461934646,6.618357579855031,6.833787992970773,7.267142615104797,7.1941631563375585,7.1102367787463905,7.221273064309719,7.204860185769275,7.185985375445976,7.116139739570051,7.035817258327721,6.899451822933465,6.7946780696366496,6.674188253354489,1.4438651077801143,1.5034819164812243,1.5687802070515584,1.6403014247132535,1.6763373010781162,1.755927943981861,1.8499076674517347,1.9475190177282962,2.0309792841782737,2.0269741823572356,2.109578506986799,2.2195678800638605,2.30403688842488,2.366401730997695,2.4702569495021676,2.596509785910123,2.579497876931281,2.632960103768322,2.7034046006609125,2.9558519123232103,3.2375445995678747,3.5460825999069496,3.8840242716783395,4.254171784769541,4.659594355858334,5.103653697971886,5.590031895388855,6.122761935019657,6.706261147427267,7.34536783477728,7.444410447997449,5.5937238194325065,7.141463611213599,6.931182423696788,6.143732145214603,6.172506433329587,4.528433319989464,3.194821297526549,5.602797220463504,5.603689944671607,5.371432476450653,5.91089907938519,3.3631557103384115,5.823437165702673,5.978713852377934,5.658585521793195,6.138308503725687,4.869067746380254,3.2592970363720983,5.455230682575967,5.417929234098736,5.099065021351033,5.550263334016526,4.014765549466,5.041496048700749,5.095981032463371,4.6438112662889965,4.102252612052725,3.026698722942216,0.8983959518747063,10.90268484,9.84019205,11.99788233,12.29678009,12.00663172,12.68762524,11.80315455,10.69822752,13.2653326,13.25600099,13.19258118,13.96346042,11.60611703,14.22484525,14.63607074,14.63446289,15.168671,14.12038543,12.79648963,15.67822521,15.84963699,15.7553844,16.65556067,15.47379752,16.88707578,17.31577447,17.26966042,17.12446637,16.52763794,14.91795204,
3.1629880424519814,4.306986162155092,5.162188926533522,5.849390964897821,6.573662320973648,7.472793095389216,8.517941495450113,8.723750893849553,8.842564780416456,8.832799457238483,8.968201435946007,9.158857989745185,9.325188832354398,9.47605488175228,9.714869403651159,10.016764487358719,10.12902780694324,10.392022142519677,10.730286975789685,11.410732354336105,11.296141363700198,11.164361724455022,11.338708837658675,11.312937640627263,11.283300764038332,11.173630443898743,11.047509575761742,10.833391101957176,10.66887730059813,10.47968642904964,1.525703712150121,1.5886996151965422,1.6576990278032966,1.7332740844314833,1.7713524825063447,1.8554543412439344,1.9547608569234203,2.0579048408471703,2.146095654278172,2.141863542370369,2.229149899002911,2.3453734948890532,2.434630225953208,2.5005299220593713,2.6102716780895103,2.7436805541258953,2.7257044062572873,2.782196884332675,2.8566341914124305,3.1233902744080604,3.421049367559426,3.7470753722881107,4.104171655267439,4.495299214014697,4.923701229110567,5.392929956245072,5.906876181075489,6.469801481132241,7.086373562284395,7.761704962770302,6.322766135399448,4.213497602649993,5.477199605664903,5.030958450672508,3.8113825165219115,3.642813783368853,1.4482089776285698,0.2090183653054907,2.618471645307693,2.437775270393585,2.1597884650536425,2.771166515368457,0.16356260169523523,2.603002046191317,2.6880480882624487,2.0467226885186625,2.6528002468029097,1.0870415431512668,3.784770187400247e-12,1.5350888212598095,1.319491668744556,1.040473233261259,1.5847580970784811,4.886729210137524e-12,1.1012065468561778,1.1953787398615132,0.5190781131683764,0.034877066920812286,6.1117301614738295e-12,6.375920995239996e-12,11.01145789,10.10918338,12.29708756,12.6136235,12.15639732,12.97106122,11.92091133,10.9906741,13.60713208,13.41243827,13.3571398,14.275398,11.92338166,14.57958685,15.01318917,14.80716773,15.50753246,14.26126057,13.14629427,16.06921145,16.0366824,15.95191033,17.02763859,15.62817528,17.30820854,17.76193914,17.47346387,17.33806965,16.69252957,15.32574894,
4.026312326111976,5.482559921293799,6.5711866834969905,7.445957628078408,8.36791580473889,9.51246054257154,10.842877802865463,11.104862010988796,11.256105648200508,11.243674921130967,11.416034300468816,11.658729758786317,11.8704599053508,12.062504208436946,12.366502149709783,12.750798226840088,12.893703347361189,13.228480880762223,13.65907367763838,14.525243760521006,14.37937564092449,14.211627303370824,14.4335617278746,14.400756390998968,14.363030253588418,14.223425880805406,14.06288085213489,13.790319641419945,13.580902489872962,13.340072765612277,1.4967063744901186,1.5585049851282653,1.6261930033602363,1.7003316897297225,1.737686374440229,1.8201898035638469,1.917608911784031,2.0187925537976077,2.1053072234431522,2.101155546535296,2.1867829493773816,2.3007976138523123,2.3883579424311856,2.4530051569942652,2.560661174666645,2.6915344979646694,2.6739000025580837,2.729318791522698,2.802341352272151,3.064027501865979,3.356029322794078,3.6758589172566203,4.026168272071443,4.409862108400116,4.830121967330912,5.290432590817811,5.794610816723005,6.346837227556961,6.951690815343385,7.61418695004581,5.424383949399451,3.2185090835795633,4.278983733144494,3.544979602193682,2.2145219308227846,1.6886563438666153,2.0984870659889006e-12,2.1916105108200136e-12,0.32948034835866163,0.2789353623361737,2.6205940564638944e-12,0.37116865736407284,2.7998249771611743e-12,0.27662927457177106,0.17844222562670817,3.2779007442520633e-12,8.627858691125425e-11,3.586126071645453e-12,3.761012174713115e-12,3.977090324398945e-12,4.1811922095201674e-12,4.388353981469303e-12,4.654512146834801e-12,4.800706870140204e-12,5.112120106827643e-12,5.38434374707721e-12,5.588706347997927e-12,5.816824212701697e-12,6.088240299178561e-12,6.367363442751651e-12,10.94740265,10.25957399,12.47636342,12.69126892,12.32012411,13.02130669,11.85156567,11.15417832,13.69089322,13.62376583,13.53703863,14.33069603,12.10076143,14.79213864,15.10560555,15.04047076,15.56760335,14.17830077,13.34186686,16.30348007,16.28935777,16.16675648,17.09359786,15.53726393,17.56054016,17.87127594,17.74877729,17.5715851,16.59542672,15.55374448,
4.598573468687974,6.2617980306807715,7.5051516854642975,8.504254122412044,9.557250528809785,10.864469800148864,12.38397971888884,12.683199831764327,12.855939778657932,12.841742268115155,13.038599144756896,13.315788991245444,13.557612415672398,13.776952040980955,14.124157313211532,14.563073522704599,14.72628979668963,15.108649374963433,15.600442472751988,16.58972160459759,16.423121199469136,16.231530733551228,16.485008773417334,16.447540802835597,16.404452636662516,16.245006246816075,16.06164289852687,15.7503424700781,15.511160787438467,15.236101852423838,1.6175346509101283,1.68432222914795,1.7574746635918461,1.8375985250382545,1.8779688327505144,1.9671327179994313,2.0724164168549226,2.1817685582313517,2.275267509227257,2.2707806697427064,2.363320725377666,2.48653973055022,2.5811687559458347,2.65103490432529,2.7673819326616864,2.9088205868442314,2.8897624683931853,2.9496551854882656,3.028572817111682,3.311384744585077,3.6269597107443285,3.972608971178551,4.351198606132155,4.765867833296836,5.220055037810311,5.7175262829139175,6.262406537675891,6.859213880716677,7.512896963549243,8.228876044175701,4.67690801040344,2.504193040172904,3.282974640945577,2.2943130625515122,0.8658667584416055,0.20258762185371698,2.085969102787084e-12,2.1856890835742315e-12,2.3041212581011848e-12,2.417071619737861e-12,2.5391903496825e-12,2.673674424323103e-12,2.794486629047439e-12,2.9489385894549547e-12,3.094481735020377e-12,3.247145186553308e-12,3.4144191826341046e-12,3.576058558915672e-12,3.7540923247123725e-12,3.952425457974104e-12,4.150397729415277e-12,4.351288210152065e-12,4.575855851634037e-12,4.782187727068568e-12,5.039127086814835e-12,5.288022985318194e-12,5.534994904331438e-12,5.79329071431639e-12,6.07360345245727e-12,6.357795254057568e-12,10.89301613,10.4503133,12.54560099,12.63616571,12.30108612,13.03419014,11.79268728,11.36154953,13.63144983,13.67316707,13.51612016,14.34487501,12.32573089,14.87422761,15.04001973,15.09500913,15.58300615,14.10786319,13.58991015,16.39395622,16.34842474,16.14177437,17.11051049,15.46007505,17.65799237,17.79368209,17.81313628,17.54443214,16.51298091,15.84290955,
4.838416347515972,6.588387934385509,7.896589856135981,8.947801410477037,10.055717824400073,11.431116333372787,13.02987770602555,13.344703922351153,13.5264532819319,13.51151528701414,13.718639417257968,14.010286358151204,14.26472230832718,14.495501795917653,14.860815882240917,15.32262417510851,15.494353145757126,15.89665504367094,16.41409806815187,17.454973973771317,17.27968436947012,17.07810132450251,17.344799747432,17.305377599975767,17.26004213039681,17.092279665702392,16.899352831339808,16.5718162393399,16.320159813452644,16.03075492370434,1.6888150665601338,1.7585457943214422,1.8349218604384134,1.9185765656563416,1.9607258846015476,2.053818983235746,2.163742252446881,2.277913249533847,2.3755324486407146,2.370847886168756,2.467465933966803,2.5961148703619976,2.694913943217776,2.7678589054535836,2.8893330354163935,3.0370045119087647,3.0171065532701014,3.0796385818424,3.162033901922794,3.457308592855222,3.7867901017546313,4.147671198452148,4.542944263664939,4.975886851992507,5.450088868987692,5.969482338202515,6.538374005033504,7.161481047713482,7.843970191560856,8.59150055081683,4.333152795925435,2.195081161294674,2.9216547934273245,1.9701630138684318,0.4788300010002819,1.999999929035036e-12,2.0825062370256568e-12,2.183534037484088e-12,2.2982889446445574e-12,2.4103538224663816e-12,2.5351347717695926e-12,2.667924994273683e-12,2.792368139189257e-12,2.9431466235407626e-12,3.089896779966173e-12,3.2426339885424707e-12,3.40950178849522e-12,3.572599067935224e-12,3.75096879696642e-12,3.947742063240678e-12,4.145189717674071e-12,4.347303441884937e-12,4.567274799833325e-12,4.776957810186558e-12,5.02719878866909e-12,5.2768989534604245e-12,5.524095446515647e-12,5.787653702744788e-12,6.068416994972201e-12,6.354879519702472e-12,10.86038421,10.54201489,12.65316651,12.83654099,12.49527371,13.1578713,11.75736025,11.46124723,13.84760761,13.72119606,13.72948855,14.48099323,12.43388929,15.00175868,15.27851361,15.14803255,15.73087296,14.06560065,13.70916173,16.53451739,16.40585096,16.3965919,17.27287176,15.41376172,17.80939134,18.07584156,17.87570751,17.82139233,16.46351342,15.98193122,
4.811201443727972,6.55132987016076,7.852173477355688,8.897472224848917,9.999156881013954,11.36681911112942,12.95658784366781,13.269643239838251,13.45037030390343,13.43551633153877,13.641475439413314,13.931481937883575,14.184486748321484,14.41396815796663,14.77722744226427,15.236438176890447,15.407201214250536,15.807240262781603,16.321772797317976,17.35679403157554,17.182490388252784,16.982041198410496,17.247239508203965,17.208039100646303,17.162958631950723,16.996139789922896,16.804298121626683,16.478603842523825,16.228362922233078,15.940585863920637,1.7720457321301404,1.8452130320758007,1.9253531757062927,2.013130675024781,2.057357258638331,2.155038308145729,2.270378977425842,2.3901767173483606,2.4926069292623465,2.487691495299385,2.5890712156947076,2.724060418003597,2.827728651938235,2.9042685949846008,3.0317293915082058,3.186678630686103,3.165800031612751,3.2314138554985625,3.317869902810691,3.627696754923409,3.9734162556679316,4.352082824833401,4.7668363180403395,5.221115819149897,5.718688156715197,6.263679138050466,6.860607759906979,7.514423679426414,8.230548256076043,9.014919504880327,4.213081804143426,1.97062762776506,2.8781126269397377,2.041153870128112,0.5517183703496192,1.9983024116186866e-12,2.0804297972145595e-12,2.1812852260327123e-12,2.2970095152447232e-12,2.4092883668130954e-12,2.533529036103166e-12,2.6656045892151833e-12,2.7904830975809557e-12,2.9404149775226113e-12,3.0880606506086487e-12,3.241312239402142e-12,3.4070264538185996e-12,3.570277646562989e-12,3.748010391913772e-12,3.944598122753952e-12,4.142948293774124e-12,4.344958350601823e-12,4.563261425089471e-12,4.774024119697373e-12,5.020211698698947e-12,5.270626083325167e-12,5.519361013732307e-12,5.7843836049217865e-12,6.064479307531647e-12,6.352271352719021e-12,10.79632898,10.36717053,12.65563928,12.95175677,12.60823251,13.20296339,11.68801459,11.27115695,13.97189833,13.84744369,13.8536048,14.53061966,12.22766728,15.00469043,15.41564758,15.28740839,15.78478274,13.98264084,13.48178872,16.53774868,16.55679989,16.54481909,17.33206598,15.32285038,17.81287177,18.23808326,18.04018047,17.98249989,16.36641057,15.71686324,
4.540097973083974,6.182172958751523,7.409716118895882,8.39611396156945,9.435720457562887,10.726317118591368,12.226504937515275,12.521920165133581,12.692463549533622,12.678446574644127,12.8728002177281,13.14646531599632,13.385213711897947,13.601764212843733,13.944554420161623,14.377889367758257,14.539030182347695,14.916527673282731,15.402067126256513,16.378766577051184,16.214284663955976,16.02513046387656,16.27538527503776,16.238393747458172,16.195853490737623,16.038434622411064,15.857402923869296,15.550060994063468,15.313920747540271,15.042359464059277,1.9380201835201536,2.0180405246983173,2.1056868043907713,2.201685774537927,2.2500547359801177,2.3568848488041287,2.483028627710375,2.614046938186398,2.726071032425165,2.7206952060239304,2.8315704169529314,2.979203062030006,3.09258113467924,3.176290009557446,3.3156891186161954,3.485151309971087,3.462317166543456,3.5340765532810554,3.6286303007607357,3.9674763485256377,4.345576844540483,4.759710317825536,5.213310711114655,5.710139221884225,6.254315489730135,6.850351755901756,7.503190278239527,8.21824431175608,9.001442994666753,9.859280512058755,4.22031508339741,2.1706251065517796,3.1909281467150614,2.3339195038944296,0.8831121164588943,1.9964505423476075e-12,2.077415378466964e-12,2.179122215107233e-12,2.296117096471934e-12,2.4088205544799316e-12,2.5309763115349695e-12,2.6612027175958796e-12,2.7884341965720824e-12,2.9386338467066476e-12,3.0859337239844222e-12,3.2392860301082787e-12,3.4028595437328342e-12,3.5671372836021684e-12,3.7449404699264355e-12,3.940429939078956e-12,4.1390131828279926e-12,4.340743225064201e-12,4.556588712620429e-12,4.770247559643358e-12,5.0133615674269515e-12,5.260581256949147e-12,5.51235801900972e-12,5.778566573065856e-12,6.05777147577092e-12,6.348939468406283e-12,10.69843324,10.37083859,12.70633107,12.93171924,12.56888731,12.94142928,11.58203349,11.27514486,13.95028256,13.87488883,13.8103733,14.24278635,12.23199362,15.06479128,15.39179819,15.31770748,15.47210603,13.85585321,13.48655878,16.60399015,16.58961487,16.4931894,16.98873953,15.18391039,17.88422071,18.20986732,18.07593546,17.92638377,16.2180081,15.7224241,
3.884341243199978,5.2892403508998065,6.339481238436833,7.18340704030621,8.07285621365585,9.177043363027835,10.460549016901213,10.713295446451857,10.859206108668252,10.847213699255294,11.01349554516983,11.247633362091332,11.451897729610824,11.637170392678039,11.93044911660511,12.301194598100995,12.439060766580928,12.76203376891185,13.177443509751805,14.013071723377216,13.872347033605344,13.71051364035064,13.924622474579687,13.892973880853692,13.85657799806535,13.721896190244502,13.567012111279421,13.304061632944586,13.102028702336614,12.869690832155145,2.1405054423001695,2.2288863462985278,2.3256899504479427,2.4317189380728084,2.4851415113183357,2.6031332844927446,2.7424566246504773,2.8871637897252547,3.0108922139314895,3.0049547186636114,3.1274142236924134,3.2904715968486933,3.4156954637654877,3.508150281196836,3.6621138746255033,3.849281555304865,3.8240616898500432,3.9033185310089205,4.007751298423402,4.382000140365421,4.799604753742634,5.2570070867746885,5.757999862144698,6.306737249007466,6.907769308838257,7.566079723970918,8.287127121665714,9.076890336360819,9.941917985416357,10.889382769426822,4.56964786450139,2.8453757628032834,3.766682361116937,3.147526631622788,1.7913179850277106,0.908736932481418,2.0764001501727636e-12,2.17789082859128e-12,2.333663163097833e-12,2.420240364994113e-12,2.534443436451991e-12,2.663848953907201e-12,2.787821725354441e-12,2.942611704417437e-12,3.090868451993091e-12,3.2389490909962977e-12,3.4023334061854757e-12,3.5651749513832333e-12,3.743133892965812e-12,3.936554063825086e-12,4.135713959095045e-12,4.3381521101017745e-12,4.553698379838878e-12,4.768162037994015e-12,5.008746595145345e-12,5.254615808549445e-12,5.508902369733706e-12,5.775737004055929e-12,6.05450336053844e-12,6.345895909350677e-12,10.59449455,10.36350246,12.43185355,12.76265261,12.34931571,12.68891358,11.46951034,11.26716904,13.76789943,13.60043746,13.56911362,13.96487832,12.22334094,14.73936717,15.19056899,15.01471653,15.17021128,13.72123918,13.47701865,16.24531682,16.26146504,16.20506239,16.65725193,15.03639387,17.49789231,17.97179526,17.71838555,17.61321964,16.06044498,15.71130237,
2.984166019631983,4.063487303658851,4.870340505473379,5.518691034778204,6.202015138690643,7.050312845860069,8.036372957082197,8.230546758873873,8.34264340868558,8.333430175752888,8.461177096837261,8.641054732045324,8.797981929325015,8.940318647670708,9.16563160228208,9.450458809404767,9.5563752337032,9.80450097716143,10.12364174137953,10.76561760395653,10.65750510532484,10.533175731885299,10.697665993580992,10.673351791492903,10.645390459088956,10.5419204369674,10.422929911549808,10.220916794482278,10.06570391059304,9.887209094134013,2.375988652770188,2.4740925962929925,2.581545845633534,2.6992393896362423,2.7585391350724224,2.889511525351127,3.044162230151527,3.2047890500594196,3.342129196984365,3.3355385006452822,3.4714701309146365,3.6524659185046526,3.7914660261290387,3.894092066114607,4.0649936409002025,4.2727521808558855,4.244757804873054,4.332733920946621,4.448655639925087,4.864076682167839,5.3276231899788655,5.8353456799842744,6.3914541232871995,7.00055970123689,7.667713040765187,8.398446093550525,9.198818006266299,10.075465362263879,11.035657211288017,12.087355343524083,5.297186527599366,3.869939330049774,4.6411976488947975,4.210345945587356,3.063846246238829,2.4489047387907967,0.45701241276837284,2.2065331233020745e-12,1.7224135343323697,1.5403755836042627,1.2794578522506586,1.3409874194527112,2.7948173865091876e-12,1.5033068662176525,1.5619570968208345,0.859743439742634,1.0101931514272036,3.571983766585768e-12,3.745650591315212e-12,0.17293563387969685,4.149130595893464e-12,4.343718513045471e-12,4.556773991414569e-12,4.769103610621548e-12,5.008565842172315e-12,5.253788343797948e-12,5.506736497594334e-12,5.773142237122371e-12,6.050674010450012e-12,6.342917169751246e-12,10.6573412,10.40751923,12.093084,12.42827637,12.02440052,12.38872911,11.5375476,11.31502394,13.40718614,13.20934426,13.21210508,13.63450807,12.27525697,14.33771758,14.79258234,14.58295443,14.81132619,13.80263371,13.53425941,15.80262992,15.79385152,15.77870103,16.26318759,15.1255899,17.02107257,17.50094163,17.20887694,17.14980913,16.1557157,15.77803277,
1.863168431999989,2.537044258999907,3.040804239171633,3.445602843245345,3.872237249930046,4.401873167817403,5.017521244766566,5.138753942759785,5.208741650510673,5.202989355013731,5.282748332591979,5.395055198006861,5.493032923833862,5.581901062734818,5.722575536470808,5.900407821067079,5.966536895952628,6.121454567870532,6.32071057217583,6.721529143726665,6.654028946609599,6.576403719916796,6.679103456106617,6.663922848365035,6.646465149460561,6.581863489362911,6.507571580264472,6.3814443942788355,6.284537002531987,6.173093502031602,2.6097072353102067,2.7174613573366004,2.8354844471921252,2.9647551375108963,3.0298880136870605,3.1737437489144575,3.343606960505504,3.520034138981192,3.670884007186882,3.6636450046344984,3.8129478048005887,4.011747582688257,4.164420696742622,4.277141739736372,4.464854368634611,4.6930494672465874,4.662301371936785,4.758931423761314,4.886256000162378,5.342540712792223,5.851684842721796,6.409350408233648,7.020161502138779,7.689182893293067,8.421962023024358,9.224575003819037,10.10367700168344,11.066557419944312,12.121200342065436,13.27635073466462,6.145790672691344,5.249605953665112,6.058538003637951,5.811281389245559,4.963625266384783,4.617283703270127,3.1345503147300238,2.761250768261224,4.304647772304753,4.007879240354194,3.942088362609982,4.01218477930756,2.7317301994263317,4.291042847531767,4.3592056348976875,3.6198481816896066,3.948365462114025,2.8721587783717912,2.4529045076656137,3.5317574234851064,2.8877949306728157,2.584762651853981,2.3068506117592382,0.7175942883468529,1.7298974875202133,1.4035261768234704,0.16141746805810536,5.777600767195666e-12,6.047816888198984e-12,6.3415549994975704e-12,10.61866634,10.50411157,11.93482669,12.22163937,11.86575053,12.19290062,11.49567852,11.42003885,13.18427343,12.8745136,13.0377845,13.41898756,12.38918382,14.15008565,14.54663554,14.21330547,14.57720373,13.75254477,13.65987108,15.59582728,15.39350872,15.57051678,16.00611557,15.07070003,16.79832466,17.20996467,16.77266605,16.92353447,16.09708757,15.92446893,
0.6007293936479966,0.81800283495097,0.980426919770742,1.1109435256761593,1.2485005087353669,1.41926760544124,1.617767048440727,1.6568553261857515,1.6794210118843187,1.6775663363076976,1.7032825095830963,1.739492888636572,1.7710832155314324,1.7997363970042908,1.8450931612440433,1.9024304790419202,1.9237520506058268,1.973701157470365,2.03794598718689,2.1671793368482106,2.1454156831769597,2.1203874814523846,2.153500295725915,2.148605710176277,2.1429769367936604,2.1221478397391027,2.09819437813083,2.0575280021562503,2.026282776182986,1.9903507663164686,2.828576888460224,2.945368080620118,3.073289473392867,3.213401774896875,3.28399718335423,3.439917741197302,3.6240269577427933,3.815250644745087,3.978751916098678,3.9709057964120986,4.132730250978551,4.3482028716448475,4.513680299940399,4.635854976372007,4.839310596446785,5.08664385025409,5.05331698868866,5.1580511625543695,5.296054134408118,5.790606310698146,6.342451092108193,6.946886681186607,7.608924981904194,8.334055532680164,9.128291024945087,9.998217159622849,10.951047254935391,11.994682058331211,13.137775258490642,14.38980524062518,7.422617807893327,7.079425194430536,8.116023486838106,8.062603669428771,7.568054827912296,7.47285657336345,6.506407383818572,6.31614969907136,7.7044306720193125,7.36875617728263,7.459766199440898,7.484424789721257,6.50388531453098,7.993010416626656,8.058989222312277,7.381786430707261,7.766484860708947,6.922891369978891,6.766306798408781,7.945014302457604,7.0762798647190435,6.811355317365414,6.426346732374498,4.919093317148432,5.8576981282663585,5.322381230643382,3.909350366939434,3.2062109095185964,1.2866304753331117,0.05776629306691704,10.85192409,10.84279611,12.16973988,12.38694897,12.10055252,12.33204192,11.74820139,11.78825567,13.3626036,13.01722831,13.29577896,13.57212055,12.78864883,14.42860179,14.74339298,14.37086076,14.7435539,14.05464369,14.10030692,15.90279995,15.56414664,15.87862948,16.18877201,15.40175456,17.12896609,17.44274623,16.958592,17.25842097,16.45068851,16.4379223,
0.016463320955999904,0.02241781966574918,0.02686914145497286,0.03044602115459966,0.034215846280169875,0.03889581291992519,0.04433579983290561,0.045407035682088454,0.04602546076695357,0.04597463235800599,0.0466793982956639,0.047671763741069594,0.048537514104335135,0.04932277037443966,0.050565797559558916,0.052137158434594995,0.05272148788418508,0.05409037075635943,0.05585103581215737,0.05939274716537272,0.05879630221136573,0.058110390514185435,0.05901786548528861,0.0588837266638786,0.05872946701924249,0.058158634105689756,0.05750217625522657,0.05638769175211073,0.05553139907028132,0.0545466624862525,2.989545093390237,3.112982620189402,3.2481837432925453,3.396269533427435,3.4708823741921964,3.6356760344105576,3.8302625090497937,4.032368323302166,4.205174099073132,4.196881473651897,4.36791500861196,4.595649710999181,4.770544102537924,4.899671476077868,5.114705316309915,5.376113771695542,5.340890350378097,5.451584719998346,5.597441143085799,6.120137216183585,6.7033862928864245,7.3422190065990325,8.041932477928453,8.808328643075564,9.647762362761195,10.56719411593286,11.574247715181775,12.677273522439103,13.885417689128042,15.208697994902344,8.342645905655312,8.381096690146475,9.263129795254198,9.494984925419768,9.075211889529523,9.101949222671504,8.411359041119391,8.442926061017943,9.688275110162222,9.273873683992518,9.408329973094919,9.417973915262422,8.764170903360549,9.916438113550642,10.214602386133624,9.494053359873126,9.881338441741143,9.192298439248914,9.323116351105847,10.204732386655008,9.399196744906385,9.10784926289117,8.671307486590871,7.2395339702654145,7.94105923022465,7.5704065899668285,5.9775829385687285,5.209014335814721,3.262744541808336,2.196023512618563,11.34865432,11.51649713,12.53818268,12.92170048,12.58031011,12.77652107,12.28595735,12.52070142,13.93947467,13.51672979,13.82292438,14.06129539,13.58325252,14.86543236,15.3798735,14.92230429,15.27495028,14.69797353,14.97640853,16.38426235,16.16137934,16.50817866,16.77225783,16.10674634,17.64755106,18.19575934,17.60933283,17.94267555,17.20369363,17.45926817,
8.153879999999953e-06,1.1102997499999594e-05,1.3307628255101735e-05,1.5079169241464133e-05,1.694627137578059e-05,1.9264144330244303e-05,2.1958436727784364e-05,2.2488993629959784e-05,2.2795284441179267e-05,2.277011037403588e-05,2.311916369681981e-05,2.3610658018020876e-05,2.403944298740161e-05,2.4428361202189036e-05,2.5044002149194098e-05,2.58222587382494e-05,2.6111662815662295e-05,2.6789637004685027e-05,2.7661651322059893e-05,2.941577428703986e-05,2.912036969676453e-05,2.8780654417912105e-05,2.9230104564523144e-05,2.916366888875385e-05,2.9087267861611927e-05,2.8804548288228222e-05,2.847942077889761e-05,2.7927443876755375e-05,2.7503343065553576e-05,2.7015627132708653e-05,2.966796460740235,3.089294702509518,3.223467026719431,3.370425973426566,3.444471055534907,3.6080107355247564,3.801116524610858,4.001684435676882,4.173175263858831,4.164945740308789,4.334677813362076,4.560679592202595,4.734243143047729,4.862387935260429,5.075785497836196,5.335204792751783,5.300249400397674,5.41010145271805,5.554847996514571,6.073566668173995,6.652377571651516,7.286349154230432,7.9807382286291215,8.741302581818003,9.574348717865783,10.486784150678913,11.486174680239122,12.580807127266413,13.77975804649539,15.092968988326797,8.103874155381314,8.213220944494607,8.927713765654026,9.180565167405996,8.852790518195608,8.821926160332902,8.183884876954503,8.286366535331682,9.366384720859035,9.060842829583258,9.17723553747677,9.119177597142059,8.596615747512088,9.54420130638132,9.862849298164756,9.265903264992742,9.560339617942939,8.927831017648566,9.143279181837908,9.804969186055684,9.161133817982961,8.850400015119542,8.336540561270914,6.970893644517964,7.528485014871444,7.186951354778188,5.744126770345932,4.95816649529562,3.00251835016832,2.0418882660529225,11.07067877,11.30252675,12.1511941,12.55100622,12.29727852,12.42995616,11.98502336,12.28807346,13.53958278,13.22581134,13.51193647,13.6798808,13.33088293,14.40661367,14.93865984,14.60113388,14.86061513,14.33795926,14.69815484,15.87856527,15.81354051,16.13677795,16.31730802,15.71222539,17.10286282,17.67376431,17.23032993,17.53900155,16.7823039,17.13488427,
1.1100239999999936e-06,1.5115004999999447e-06,1.8116267036356984e-06,2.0527944681657054e-06,2.306971397375173e-06,2.622513765966031e-06,2.9892997898328294e-06,3.0615268639104914e-06,3.103223596194152e-06,3.099796538314128e-06,3.1473147217519402e-06,3.214224032705363e-06,3.272596440301732e-06,3.3255416090374984e-06,3.409351553083566e-06,3.515299088736473e-06,3.5546969547372196e-06,3.646992600637793e-06,3.7657037934232796e-06,4.004500365126435e-06,3.964285622584751e-06,3.9180386686569415e-06,3.979224318867856e-06,3.970180134435398e-06,3.959779322337086e-06,3.921291447641152e-06,3.8770303917490856e-06,3.8018873176759416e-06,3.744152585394688e-06,3.6777576432763038e-06,2.8227483399302233,2.939298872861741,3.0669566715816488,3.20678025851958,3.277230198502712,3.4328294673817394,3.616559309582544,3.807388962205102,3.970553323821967,3.96272337180244,4.124214371870756,4.339242990950401,4.504379437452114,4.626302361480023,4.829338742127318,5.076162342518878,5.0429041540840185,5.147422513340757,5.285141117100425,5.778674222149404,6.329381875520755,6.932571968258385,7.593246076833912,8.316882427956683,9.109481323341456,9.977614893456392,10.928481592803271,11.969965888597898,13.110703637781743,14.36015369446272,7.7826224000473205,7.941399055639382,8.60080899679336,8.714294148687753,8.469213224527781,8.597737010106485,7.8647237211197565,8.022072026270232,8.889480342956745,8.766327898403446,8.782477910817066,8.901086194828238,8.328971589954254,9.207151092981317,9.359552578524228,8.976554402185293,9.340220831222448,8.587900539670256,8.864452687199577,9.468169593354194,8.890203470197791,8.481386333707336,8.199766343946369,6.73494524186803,7.312952286884301,6.809106635257536,5.654679130172072,4.783406239520698,2.966226758072423,2.1352272177867238,10.60537185,10.88069944,11.66776748,11.92107646,11.74644573,12.0305691,11.48128602,11.82946405,12.86003677,12.72905437,12.90669543,13.2403324,12.8333543,13.83345678,14.18889473,14.05272026,14.38312854,13.7353267,14.14959757,15.24684782,15.21958931,15.41396222,15.7930164,15.05183164,16.42243757,16.78672545,16.5831646,16.75337593,16.07693414,16.49538459,
0.0,0.0,0.0,0.0,0.0,0.0,0.0,0.0,0.0,0.0,0.0,0.0,0.0,0.0,0.0,0.0,0.0,0.0,0.0,0.0,0.0,0.0,0.0,0.0,0.0,0.0,0.0,0.0,0.0,0.0,2.6347653619202087,2.7435541273717168,2.8627104621707695,2.9932223956761868,3.0589806706846847,3.2042176931224358,3.3757119128989364,3.553833126060153,3.706131438384576,3.698822927712648,3.8495593172174845,4.050267949070436,4.204407013852972,4.318210392109748,4.5077254173678485,4.738111620635333,4.70706828544005,4.804626168570785,4.933173301783147,5.393839210872344,5.907872087668957,6.470892297624277,7.08756833358834,7.763013595779776,8.502828791458056,9.31314837528447,10.200691415449532,11.172817307342317,12.237586796732474,13.403828818461431,7.690213758081336,7.676191972629906,7.691073917830938,7.575320964325609,7.348459089317202,7.307392206879547,7.802023297103149,7.774483843942041,7.694840331617732,8.301563062289773,7.585870452785057,7.51836259093223,8.085271076149832,8.194493547893199,8.071335682635251,8.510167669367926,7.860070904563375,8.567555711432819,8.616986318220642,8.397311899131608,8.440479412335215,7.185994812380117,6.711448676416266,6.890866484225059,6.351672328547046,5.569000594720838,5.433178184556139,3.6708004726638297,3.4142933632737265,2.3927401715452215,10.32497912,10.4197461,10.55378438,10.56854336,10.40743976,10.5116099,11.17773521,11.32831697,11.40097177,12.00038599,11.43542977,11.56863054,12.28967809,12.51270394,12.5790611,13.24827929,12.56713919,13.37218188,13.55015962,13.79115111,14.3483515,13.65688711,13.79901701,14.65388008,14.85450112,14.88214897,15.6338696,14.84361778,15.65188016,15.79656899,
0.0,0.0,0.0,0.0,0.0,0.0,0.0,0.0,0.0,0.0,0.0,0.0,0.0,0.0,0.0,0.0,0.0,0.0,0.0,0.0,0.0,0.0,0.0,0.0,0.0,0.0,0.0,0.0,0.0,0.0,2.535604234980201,2.6402986637076515,2.7549704714928436,2.880570502559979,2.9438539216478263,3.0836248532425423,3.2486647752882036,3.4200822794648316,3.5666487446580377,3.5596152945911097,3.7046786209571194,3.897833451470197,4.04617139119233,4.155691704474661,4.338074207137671,4.559789674149999,4.529914675287974,4.623800903335891,4.747510080660995,5.19083852534128,5.685525436806764,6.2273560109348995,6.820823038777448,7.470847474373388,8.18281923868162,8.962641912128424,9.816781686354698,10.752320981064729,11.777017170560615,12.89936690691538,7.376037311021344,7.291594977293969,7.450153268508862,7.254661327441819,7.038403847354061,6.937125466759444,7.481594674713884,7.37784294053736,7.366881835344268,7.707985555411312,7.263572009045422,7.130577918532474,7.668104028810474,7.943635655528286,7.725243902865428,7.8795037858532595,7.4503780847154495,8.213055416667714,8.16823112934279,8.14470051466267,7.786666003197409,6.871597299069494,6.333822661227154,6.5963971156314445,6.180940391323475,5.309337187876888,4.862429673651056,3.4848807089413607,3.248274789445596,2.157606803091416,9.911641546,9.931893641,10.20512374,10.13523183,9.982257769,10.02075032,10.73025945,10.79792522,10.93353058,11.26760085,10.96825063,11.02841137,11.71427542,12.09932736,12.06331811,12.43929346,11.98029276,12.83685632,12.91574121,13.33553904,13.47219144,13.09895331,13.1546457,14.06724459,14.36375963,14.2719791,14.67921136,14.23720169,15.02529196,15.05697371,
0.0,0.0,0.0,0.0,0.0,0.0,0.0,0.0,0.0,0.0,0.0,0.0,0.0,0.0,0.0,0.0,0.0,0.0,0.0,0.0,0.0,0.0,0.0,0.0,0.0,0.0,0.0,0.0,0.0,0.0,2.5052783379301986,2.6087206183832867,2.722020948163569,2.8461187993719266,2.908645347010454,3.0467446143826353,3.2098106543783893,3.3791780004457532,3.5239915266459123,3.5170421968370644,3.660370561792134,3.851215255169439,3.997779069013976,4.105989516308679,4.2861907191760915,4.505254463047145,4.475736770000973,4.568500116154738,4.6907297282843174,5.128755952457459,5.6175263947271095,6.152876660145048,6.739245805857318,7.381495931155964,8.084952493395571,8.855448466016608,9.699372704828422,10.623722923598992,11.63616371821839,12.745090120564937,7.232326336071345,7.063963192618335,7.161642630838139,7.043653316629871,6.662391630991435,6.727931735619351,7.3320379456237,7.136935059556442,7.144745773356398,7.392399613165361,6.8560411382104105,6.906377574833232,7.41076862098883,7.612210493694269,7.484972400827006,7.538635806956116,7.2103626300024555,8.04295597384887,7.887927011719468,7.786715227546494,7.426429515277072,6.406463059859344,6.092368614147286,6.438744238848868,5.826350456609528,5.070885273988723,4.51323602517729,3.0269748464070068,3.1253016317878495,1.9189156694420022,9.737604674,9.672683811,9.883663579,9.889772116,9.571036978,9.77467635,10.5418486,10.51611306,10.6687373,10.90944181,10.5164117,10.75759283,11.40854769,11.71820001,11.77116312,12.04389027,11.6860994,12.61145609,12.57865674,12.91547118,13.04395591,12.55933972,12.83161442,13.82024017,13.91130295,13.92633374,14.21260873,13.65069777,14.76146535,14.66400579,
0.0,0.0,0.0,0.0,0.0,0.0,0.0,0.0,0.0,0.0,0.0,0.0,0.0,0.0,0.0,0.0,0.0,0.0,0.0,0.0,0.0,0.0,0.0,0.0,0.0,0.0,0.0,0.0,0.0,0.0,2.505812953860198,2.6092773084637426,2.7226018160610193,2.846726149232331,2.909266039774882,3.0473947769537273,3.2104956145611094,3.3798991029124896,3.524743531714094,3.5177927189472995,3.66115166957661,3.8520370884141126,3.9986321783641645,4.106865717316206,4.287105374367411,4.506215865526135,4.476691873527595,4.569475014991854,4.691730710409974,5.129850407549235,5.618725151389132,6.1541896583169615,6.740683932755014,7.383071111547011,8.086677788477886,8.857338181720268,9.701442510438639,10.625989981683864,11.63864682693875,12.747809869546348,7.009411273141343,6.900789014537879,7.053496247940689,6.883998092769469,6.532312541227005,6.639674087048259,7.090605795440978,6.959416707089705,6.972418528288216,7.178949281055126,6.713014440425933,6.809138671588558,7.218114621638641,7.483803222686741,7.294753235635688,7.302856414477128,7.104668526475831,7.753969665011753,7.67545322959381,7.645059602454717,7.1709146386150575,6.235271711687429,5.975924587249594,6.121552308457825,5.673226191527218,4.845031468285117,4.234065039567019,2.8400676683222024,2.7857067330678085,1.6696641504603666,9.515224227,9.510066323,9.776098064,9.730724242,9.441578581,9.687068864,10.30110141,10.33931581,10.49716206,10.696742,10.37416611,10.66117576,11.2167468,11.59066894,11.58185861,11.80907228,11.5813604,12.32344468,12.36718394,12.77491001,12.78963979,12.38946137,12.71660852,13.50462342,13.75990398,13.70236965,13.93550755,13.46605765,14.42435356,14.41747402,
0.0,0.0,0.0,0.0,0.0,0.0,0.0,0.0,0.0,0.0,0.0,0.0,0.0,0.0,0.0,0.0,0.0,0.0,0.0,0.0,0.0,0.0,0.0,0.0,0.0,0.0,0.0,0.0,0.0,0.0,2.512089871050199,2.6158133979055918,2.7294217768703186,2.8538570343503977,2.9165535837183425,3.055028325431762,3.2185377212476505,3.388365555584808,3.53357281134188,3.5266045871892624,3.6703226437367378,3.861686219559173,4.008648521770084,4.1171531795062055,4.297844326521943,4.51750367684685,4.487905728948046,4.580921286840157,4.70348322573705,5.142700387495134,5.632799734423877,6.169605549114919,6.7575689579460185,7.401565279638718,8.106934450788733,8.87952530394934,9.725744065416144,10.652607474850726,11.667800967204414,12.77974239937933,6.9596251379513445,6.904034428096028,6.871109583131387,6.883128935651398,6.404451000283546,6.678420972570224,7.035460978754439,6.961584674417387,6.970344178660429,7.18523224281316,6.571359826265809,6.8505338704435,7.219635168232722,7.265361590496745,7.291467213481161,7.308233103156415,7.148904731055383,7.686173333163454,7.676420884266738,7.402787942508821,7.174888295580313,6.061635780889475,6.019925032058593,6.041307040366123,5.405858569216356,4.831661836056051,4.22942873458951,2.641481425155529,2.6905959428021853,1.6525606006273794,9.471715009,9.519847826,9.60053136,9.73698597,9.321004584,9.733449298,10.2539987,10.34995023,10.50391699,10.71183683,10.24168247,10.71222009,11.22828369,11.38251477,11.58931154,11.82573678,11.63681046,12.26709462,12.37990411,12.54548833,12.80768803,12.23124133,12.77749399,13.44287232,13.51279302,13.71118714,13.9551728,13.2940889,14.35839691,14.432303,
0.0,0.0,0.0,0.0,0.0,0.0,0.0,0.0,0.0,0.0,0.0,0.0,0.0,0.0,0.0,0.0,0.0,0.0,0.0,0.0,0.0,0.0,0.0,0.0,0.0,0.0,0.0,0.0,0.0,0.0,2.5282807825802003,2.6326728278935705,2.74701343512532,2.8722507022262698,2.935351343141954,3.0747185817035394,3.2392818276194926,3.4102042356312516,3.556347380608917,3.549334244886026,3.69397859247334,3.886575544044753,4.0344850470946,4.143689038614216,4.325544775483725,4.54661987336959,4.5168311608960705,4.610446222287678,4.733798096900046,5.175846099341991,5.669104232609741,6.2093698659779,6.801122814206044,7.449269818400327,8.159185232094327,8.93675558471336,9.788428391936977,10.721265617688998,11.743002231055176,12.862110343675072,7.0558330394213415,7.032674855108049,7.050103177876384,7.026287831775526,6.3526540418599335,6.791430289298444,7.1363988723825935,7.097933014370941,7.12184681939339,7.246210255116397,6.511445197529199,6.971688055957916,7.365409972908204,7.47189976138873,7.456052444519375,7.371529146633672,7.278628069107357,7.8022193877159305,7.83531852310374,7.626529880661961,7.238669497394446,5.978569144026497,6.1505712957985645,6.153126181604512,5.630302447910779,5.001922635291996,4.27579712806868,2.525758152317315,2.7857826989514036,1.7907737063317393,9.584113822,9.665347683,9.797116613,9.898538534,9.288005385,9.866148871,10.3756807,10.50813725,10.6781942,10.7955445,10.20542379,10.8582636,11.39989502,11.6155888,11.78159722,11.91814902,11.79545923,12.41266561,12.56911662,12.80237598,12.90777373,12.18793901,12.95169411,13.602396,13.78948768,13.93867822,14.06422552,13.24702377,14.52878493,14.65288405,
0.0,0.0,0.0,0.0,0.0,0.0,0.0,0.0,0.0,0.0,0.0,0.0,0.0,0.0,0.0,0.0,0.0,0.0,0.0,0.0,0.0,0.0,0.0,0.0,0.0,0.0,0.0,0.0,0.0,0.0,2.538905304090201,2.6437360330887643,2.758557130560906,2.8843206786221565,2.9476864855436586,3.087639383037626,3.2528941683419403,3.4245348386657706,3.571292116772182,3.564249509951044,3.7095016923140007,3.9029079885075886,4.051439047401832,4.161101943709584,4.343721887704108,4.5657260031061435,4.5358121103842075,4.629820567651885,4.753690800294005,5.1975964083242046,5.692927346037962,6.235463322115831,6.829702976713922,7.480573670395209,8.193472341184322,8.974310255299633,9.829562022630125,10.766319283387203,11.792349511094422,12.91616041950206,7.653128975911344,7.698980736912858,7.671588719440803,7.706764891379642,6.411394097458228,7.44716073696436,7.780916091660146,7.820036061336423,7.853997403230125,7.374009700051378,6.57401771768854,7.691244721495081,8.14738599260097,8.205014556293362,8.262169772298988,7.509978316897116,8.059052099619215,8.570180572351711,8.696297489709776,8.431990141679753,7.385484293966222,6.045742227888563,6.999756773290671,6.984622479609617,6.487006978820757,5.9395816547057105,4.420589447375559,2.582075536619103,3.6579964289118685,2.763630370504787,10.19203428,10.34271677,10.43014585,10.59108557,9.359080583,10.53480012,11.03381026,11.2445709,11.42528952,10.93825921,10.28351941,11.59415271,12.19882504,12.3661165,12.60589166,12.07570432,12.59486421,13.20000114,13.44998829,13.62958655,13.07841164,12.28120555,13.82945975,14.46519615,14.68047932,14.91389191,14.25015147,13.34839482,15.45034594,15.67979079,
0.0,0.0,0.0,0.0,0.0,0.0,0.0,0.0,0.0,0.0,0.0,0.0,0.0,0.0,0.0,0.0,0.0,0.0,0.0,0.0,0.0,0.0,0.0,0.0,0.0,0.0,0.0,0.0,0.0,0.0,2.5158133907101994,2.619690660708265,2.7334674345371606,2.858087134911964,2.9208766156025003,3.059556610093349,3.2233083660480726,3.3933879259652966,3.5388104137002596,3.5318318609682686,3.6757629421432534,3.867410164679524,4.014590300268081,4.123255787929493,4.30421476256002,4.524199700722712,4.494557881566687,4.587711310823388,4.71045491590759,5.150323102836255,5.641148894537007,6.178750384186832,6.767585295800285,7.412536174490498,8.118950871919889,8.892686890014295,9.740159950633089,10.668397193928847,11.68509544651068,12.798685042563484,8.112521659291346,8.33926079929336,8.32847127546455,8.240198355089834,6.410281568399386,8.136164689908641,8.282837423954016,8.521151494036902,8.433628476302049,7.566981389034153,6.577076047859292,8.454124265323149,8.911059169734726,8.991922532073456,8.905364517443079,7.728754319280552,8.890469638436736,9.17735569918021,9.540904004096191,9.304858357167705,7.6292304054671725,6.065814745817565,7.929492504204307,7.6718863255143255,7.450779858085177,6.735421199991046,4.719158219372654,2.640173286077411,4.426649153495463,3.8153313774430506,10.62833505,10.95895146,11.06193871,11.09828549,9.331158184,11.1957213,11.50614579,11.91453942,11.97243889,11.09881325,10.25283899,12.32153443,12.92564947,13.11517832,13.20957928,12.25295402,13.38502752,13.76506701,14.25135892,14.45518146,13.2703793,12.24456513,14.6970778,15.0844225,15.56973073,15.62810809,14.45931817,13.30857048,16.1117446,16.61401642,
0.0,0.0,0.0,0.0,0.0,0.0,0.0,0.0,0.0,0.0,0.0,0.0,0.0,0.0,0.0,0.0,0.0,0.0,0.0,0.0,0.0,0.0,0.0,0.0,0.0,0.0,0.0,0.0,0.0,0.0,2.4832218310801966,2.5857534041947625,2.6980562362271616,2.821061528152262,2.883037591157839,3.019921030575633,3.1815514347884424,3.3494276682827464,3.4929662540963435,3.486078106287999,3.6281446062376643,3.81730910016446,3.962582564064609,4.069840325010709,4.248455033872546,4.465590137362958,4.436332318514799,4.528278974822612,4.649432475672901,5.08360231061069,5.56806961081234,6.0987066447231975,6.679913387965761,7.316509133839338,8.013772454294667,8.777484969189384,9.613979286753558,10.530191512781592,11.533718763950086,12.63288216215486,8.365076488921352,8.471013085806863,8.57654073377455,8.56651576184954,6.359276594844048,8.53653696942636,8.562724725213652,8.671455961719452,8.791550425905967,7.749960833714428,6.527074853764877,8.901236799838216,9.078435855938201,9.297468394992242,9.305449766130554,7.9388593626403035,9.379973421488625,9.521668885180985,9.729128124330877,9.64947019939327,7.866384599191835,6.029275295281198,8.490718132038827,8.080099506165478,7.855275775710391,7.257990870815936,5.024113833252135,2.6516651572246226,4.911473356056052,4.129424037851656,10.84829832,11.05676649,11.27459697,11.38757729,9.242314186,11.556458,11.74427616,12.02088363,12.28451668,11.23603894,10.15521946,12.7185459,13.04101842,13.36730872,13.5539048,12.4044495,13.81630574,14.04994786,14.3785606,14.73307251,13.43445421,12.12798194,15.17063152,15.39660864,15.86904823,16.03547584,14.63809312,13.18185667,16.44519212,16.7623062,
0.6430045617599963,0.875568200869968,1.0494225662183752,1.189124025594259,1.336361315036502,1.5191458155810642,1.7316142726019605,1.773453312221387,1.797607014365556,1.7956218195857396,1.8231477187708578,1.8619063331497083,1.8957197681433475,1.9263893617919992,1.9749380205079115,2.0363103410451693,2.0591323769309606,2.112596555493455,2.1813624907282234,2.319690387186118,2.2963951585205153,2.26960564555225,2.3050487100264143,2.2998096774942622,2.293784790081717,2.2714898856454773,2.2458507455485845,2.2023225520917755,2.1688785038290006,2.130417848329739,2.446184119740194,2.5471864155422286,2.6578142301342114,2.7789848754568243,2.840036554058696,2.974878351746006,3.1340980086868333,3.299470337214136,3.44086801856202,3.4340826087479206,3.574030160663882,3.7603732312952842,3.903479914703271,4.009137906374159,4.185088543929477,4.398985037327065,4.370163604240085,4.460738859220646,4.580085333273667,5.007779445093329,5.485020826211167,6.007743310949526,6.580281248483453,7.207382051464358,7.894245560969345,8.646567162930152,9.470585013557816,10.373131765350289,11.361691222588574,12.444460396101594,8.178490158501358,8.00081823358943,7.919729963649126,7.831490048950721,5.5596351059066915,7.550716732674924,7.332581688713299,7.346750770566677,7.490516077074738,6.663645531668764,5.300527210567803,7.63364970555768,7.674452327156193,7.849555661836793,7.884281255565712,6.694817441631028,7.970775628832379,8.019764395289496,8.09411910600189,7.866061687724511,6.438957085272499,4.498502383502628,6.926290341494728,6.484628941046198,6.176980018954002,5.6976092114297,3.7779893808992715,1.3105691025641368,3.5503712435886254,2.743514635575215,11.26767884,11.42357285,11.62696676,11.79959895,9.736032975,12.0447409,12.19829397,12.41967442,12.72899111,11.89334996,10.69770509,13.25592927,13.47365201,13.78508293,14.04430782,13.13011282,14.40007161,14.59309981,14.85556693,15.19353152,14.22037307,12.77585134,15.8116203,15.99182067,16.36501037,16.61566626,15.49442514,13.88602342,17.08094097,17.31839288,
1.9832086337039885,2.7005009274104013,3.236717151790443,3.6675961172785794,4.121717722303864,4.685477019119789,5.3407900657337315,5.469833543080166,5.544330418338898,5.538207513991004,5.62310520237594,5.742647773669907,5.846938007678547,5.941531742363281,6.091269590033612,6.280559251722464,6.3509488901466735,6.515847596664105,6.7279412653140405,7.154583772773892,7.082734673465362,7.000108209251848,7.109424683271398,7.093266019448578,7.074683556050575,7.005919740682716,6.926841353024429,6.792588045650067,6.6894371051976345,6.570813523686372,2.40333245406019,2.502565415911565,2.61125527902739,2.7303032860981666,2.790285476062802,2.9227651475358347,3.0791956327811,3.2416710085902527,3.380591719329035,3.373925174693771,3.511421159019605,3.6944999165111896,3.835099691422597,3.93890679178119,4.111775168342391,4.3219246743602335,4.293608128213323,4.382596707639094,4.499852498834297,4.920054367962535,5.3889355492298,5.902501107071828,6.465009462576202,7.081124864360139,7.755956063934087,8.495098676827427,9.304681580729492,10.191417735373419,11.1626598455549,12.226461328836605,7.0394629522373675,6.40513237667966,5.918705859183881,5.612093576625057,3.212404971635222,4.721223063346371,3.9497098114872617,3.9088945683317817,4.031034642334376,3.42171171131765,1.9899154986070018,4.1321370598215825,4.009373220901667,4.070288195858485,4.091681631627104,3.013929373920571,4.095916321643434,3.899707105700412,3.8678663458554516,3.301461329267556,2.275383327309044,0.3828770836807979,2.6109553341570115,2.042135196196132,1.7310153900204368,1.4109153024952312,5.514532519009456e-12,5.770728044254864e-12,6.065271404477586e-12,6.356681723081746e-12,11.42600404,11.60819872,11.76667829,12.00999298,10.12440817,12.32946523,12.36969551,12.62039912,12.95595678,12.3338444,11.12444186,13.56928475,13.69141092,13.95072673,14.29472639,13.6164133,14.74047334,14.79815141,15.09566011,15.37609947,14.74705355,13.2854864,16.18538948,16.21652608,16.56165501,16.91193372,16.06829274,14.43994379,17.3209499,17.59828984,
3.2434704216479813,4.416577627200838,5.293541066058081,5.998228992542596,6.74092946726767,7.662938666439219,8.734680916594025,8.945727144795466,9.06756425628263,9.057550453998054,9.196397742408925,9.391905561168047,9.56246869987424,9.717173542979994,9.962064711597424,10.27164152987946,10.386761394899922,10.656447633688822,11.003319631517947,11.701078974658394,11.583572210887391,11.448439432536505,11.62722281621866,11.600795869869204,11.570404881564453,11.457943994981502,11.328613975435234,11.109047247014994,10.940347384258862,10.746342542104088,2.4364916739901927,2.5370937712688266,2.6472832484181286,2.767973782739773,2.8287835580122835,2.9630910758805196,3.12167986130404,3.2863969397584363,3.4272343650959156,3.4204758409180953,3.5598688826302474,3.7454736114138685,3.8880132672812047,3.9932526132973933,4.168506086646869,4.3815550640534715,4.352847829310917,4.443064200535302,4.5619377914492825,4.987937263056478,5.463287684226204,5.983939000533394,6.554208387284661,7.178824446593321,7.862966416354096,8.612307115833069,9.433059983972377,10.332030600445357,11.3166731166682,12.395152064687005,5.847563454363367,4.735224721531957,3.9841112855254983,3.414109194719431,0.813611934721937,1.9649695976822565,0.6232410521040341,0.4760090054483081,0.6448922686237731,0.06714566508629508,2.5231649459007554e-12,0.7197388974207777,0.336108332847391,0.42793250372559166,0.36687538175884354,3.2345399111640322e-12,0.31354082579263853,3.5765975594145122e-12,3.752813972042753e-12,3.933540134933491e-12,4.1270187190979686e-12,4.328703700333477e-12,4.551289644139281e-12,4.76982670136082e-12,5.002184969226679e-12,5.2465992396616764e-12,5.499866964356374e-12,5.764316675931742e-12,6.051089417216085e-12,6.344206859464233e-12,11.52752555,11.68889612,11.9249356,12.18031197,10.38332496,12.59099934,12.47960183,12.70813309,13.13969089,12.54517196,11.40893304,13.85711807,13.7865903,14.13835866,14.49744618,13.84971633,15.05315005,14.92963488,15.2006015,15.58290212,14.99972892,13.6252431,16.52871592,16.36061199,16.78440292,17.15176927,16.34360617,14.80922404,17.47484876,17.72062891,
4.218772425839975,5.74462951345479,6.885293275833403,7.801878786597737,8.767907106916565,9.967161757082106,11.361173745717252,11.635680953235239,11.794154125352183,11.781129202209979,11.961727461358834,12.216023905473785,12.437874877702722,12.639099011544783,12.957628233392906,13.36029388926898,13.5100299586881,13.860810055290006,14.311985441373537,15.219558964186014,15.066718262591174,14.890951455738588,15.12349447640021,15.089121025107385,15.049591556116894,14.903314012121099,14.735094836557314,14.4495050394965,14.230077624808704,13.977736097936958,2.4900462988501975,2.592859652435348,2.7054711186171785,2.8288144575261516,2.890960845083163,3.0282204718430883,3.190295073779353,3.358632669980159,3.5025657330170055,3.4956586549857844,3.6381155865263652,3.827799948221668,3.973472657191192,4.081025187264841,4.260130770646473,4.477862611607923,4.448524385508486,4.540723732488023,4.662210191172134,5.097573225206417,5.58337195356904,6.115467300744613,6.6982713345060185,7.336616592684883,8.035796153968194,8.8016075274418,9.64040072480743,10.559130913881997,11.565416089975363,12.667600243350348,4.830792725311364,3.377083404111481,2.2797702555511243,1.4982725558779126,1.8750250952857817e-12,1.979728631241264e-12,2.071448307067994e-12,2.1748443090205214e-12,2.281952855902712e-12,2.396975004358884e-12,2.5186195788664055e-12,2.6520810211548593e-12,2.7850005116923355e-12,2.926578486599832e-12,3.073874346492713e-12,3.2274900069988127e-12,3.3921640604701883e-12,3.56054118116912e-12,3.740365086208259e-12,3.925957108785144e-12,4.122189679908021e-12,4.324995210754098e-12,4.543399645579298e-12,4.7628840589013874e-12,4.994761647271699e-12,5.2391162403315154e-12,5.493935317911946e-12,5.760359022177518e-12,6.0466448368052896e-12,6.338396092809463e-12,11.53961145,11.71457257,11.87053465,12.1289658,10.60035815,12.59228768,12.49268592,12.73604844,13.08430046,12.59320094,11.64740359,13.85853596,13.81687466,14.07386018,14.43633212,13.90273974,15.05469033,14.94528767,15.23399194,15.51181371,15.05715514,13.91003916,16.53040719,16.37776507,16.70783332,17.07946591,16.4061774,15.11876777,17.49317005,17.75955498,
4.809320686211972,6.548768875150011,7.84910396666128,8.893994094083451,9.99524808823577,11.362375682450262,12.951522954938103,13.264455973923518,13.44511238956791,13.430264223802805,13.63614281974189,13.926035951123273,14.17894185888492,14.408333561439017,14.77145084323745,15.230482066768388,15.401178350767653,15.801061019139622,16.315392416612234,17.350009048404424,17.175773542508686,16.975402710707478,17.240497351236584,17.201312267597906,17.15624942140916,16.98949579090794,16.79772911586731,16.472162154643467,16.222019056590504,15.934354493851504,2.5293150664802,2.6337498171024505,2.7481371994590162,2.8734256993541774,2.936552153849361,3.0759764055765824,3.2406069719883273,3.411599301939126,3.557802232009882,3.5507862273123836,3.6954897468559795,3.8881654871155678,4.036135497850604,4.145384163178218,4.327314294656926,4.548479831237737,4.518678932623372,4.612332290612201,4.735734626731388,5.1779634647573785,5.671423382949216,6.211910031344726,6.803905057332329,7.452317209296549,8.162523039342958,8.940411484992785,9.792432699513032,10.72565153577705,11.74780612713702,12.867372051053517,4.200975697309362,2.5760706377491567,1.2732934838814116,0.43418204656417597,1.871955780404887e-12,1.973151182200365e-12,2.069014037897566e-12,2.1728985400797713e-12,2.2795659602004486e-12,2.393847966058601e-12,2.516587990095242e-12,2.6494717546094133e-12,2.782332187132335e-12,2.9237637260036687e-12,3.071221823908917e-12,3.2252376929490995e-12,3.389865649694589e-12,3.558329945714805e-12,3.738008163816592e-12,3.923552022991367e-12,4.120380352136878e-12,4.3231315382253466e-12,4.540762115914692e-12,4.759786992376808e-12,4.991458221986073e-12,5.235945170595446e-12,5.490829525828318e-12,5.758170642172638e-12,6.044456238718765e-12,6.33535176014803e-12,11.53961145,11.75858933,11.87053465,12.20160184,10.76662335,12.70308538,12.49268592,12.78390334,13.16265765,12.62064608,11.83009155,13.9804752,13.86879069,14.07386018,14.52278615,13.93303884,15.18715435,14.94528767,15.2912327,15.51181371,15.08997013,14.12821626,16.67585583,16.37776507,16.70783332,17.18174872,16.44193239,15.35590362,17.49317005,17.82628538,
5.13611656876797,6.993761181515744,8.382454729776892,9.4983456936257,10.674430478739641,12.134455115565338,13.831585785149777,14.16578276817349,14.358714882745419,14.342857776268696,14.562725931617324,14.872317454496761,15.142408452362204,15.387387442347995,15.77517873536736,16.2654013731545,16.447696559871666,16.87475146691429,17.424031954690903,18.528951333451698,18.342876432839564,18.128890297113067,18.411998258579775,18.370150527796888,18.32202563739201,18.14394100956194,17.939143687595557,17.591454279280747,17.324313825503957,17.017102303684045,2.628177329790208,2.7366940771362196,2.8555524705043216,2.9857380687604187,3.051331920160336,3.1962057883741424,3.367271199784507,3.5449470342822944,3.6968645361598216,3.689574299867778,3.8399337843959627,4.040140559448105,4.193894211121013,4.307413032611067,4.496454189837668,4.726264329774668,4.695298616098418,4.792612563098106,4.9208382738961385,5.380352322613199,5.893099898958713,6.454712319329946,7.0698464033625585,7.743602765603476,8.481568109165954,9.28986154996993,10.175185355682514,11.144880520079502,12.20698763364351,13.370313555130089,3.8067408714433557,2.138175981349654,0.7734753697204946,1.8243257708119354e-12,1.8695941137601796e-12,1.970477450738405e-12,2.067063018291734e-12,2.171131495841167e-12,2.2774668852212715e-12,2.3909131500353492e-12,2.514223644895874e-12,2.6473796629899734e-12,2.780165908032304e-12,2.9216698989117045e-12,3.0691120332952968e-12,3.2229164632159266e-12,3.388141874375415e-12,3.55656559314007e-12,3.736140888881412e-12,3.9216298072129495e-12,4.118533121880848e-12,4.320736683498085e-12,4.5384676850868145e-12,4.756834519584642e-12,4.988499370765854e-12,5.232849564571151e-12,5.487111811144245e-12,5.754844349881443e-12,6.0413952665214345e-12,6.331760820831389e-12,11.57103477,11.86863124,12.01148257,12.34186453,10.68158695,12.85897517,12.52670454,12.90354058,13.3139681,12.49714297,11.73665573,14.15204087,13.99858076,14.24096987,14.68973186,13.79669291,15.37352815,14.98598493,15.4343346,15.69599731,14.9423027,14.0166295,16.88049868,16.42236309,16.90621818,17.37926035,16.28103493,15.2346204,17.54080541,17.99311138,
5.052932761163971,6.880491228086498,8.246693694731254,9.344511848510233,10.501548933054876,11.93792722018023,13.607571404750676,13.936355781349775,14.126163195053977,14.110562908000382,14.32687011022657,14.631447533186307,14.897164175972149,15.138175521357756,15.51968620219141,16.00196926441814,16.18131202442614,16.601450411419396,17.141834831164047,18.22885909407415,18.045797835875543,17.835277388924965,18.113800174435774,18.07263020350111,18.025284736921765,17.850084342192773,17.648603888292016,17.30654560778748,17.043731722501235,16.741495754445076,2.7839240361602204,2.8988715238499503,3.024773507116528,3.1626739493884264,3.2321549153288522,3.385614059565561,3.5668168669952123,3.755021833492926,3.9159420195840307,3.9082197613434393,4.0674896014329915,4.27956069989052,4.442425846655096,4.562671833149459,4.762915635369869,5.0063444044533565,4.9735436517708695,5.076624457253535,5.212448868452175,5.699193880166753,6.2423270569471505,6.837220825474709,7.488807970142945,8.20249136969806,8.984188797230779,9.84038198960736,10.778170393217419,11.80533003169151,12.93037798371217,14.162643005560312,3.728135022677341,2.1724112680651704,0.8512900381539265,1.828777842964269e-12,1.867810024128588e-12,1.968438805840503e-12,2.0652350516788577e-12,2.1694152012056326e-12,2.2757390617397895e-12,2.3888992200638918e-12,2.5121921000179633e-12,2.645389966971794e-12,2.7783544024256376e-12,2.919928443903188e-12,3.0672011456161774e-12,3.2208861524787907e-12,3.3865389835314003e-12,3.5550724837797127e-12,3.7345669341540784e-12,3.919832520664717e-12,4.1168990220589264e-12,4.318350543833882e-12,4.536107526699461e-12,4.7540114508763295e-12,4.9856526347210045e-12,5.229627506643137e-12,5.483455178059097e-12,5.751134583760582e-12,6.0372284764820205e-12,6.327618745532558e-12,11.56499182,11.95177402,12.12275724,12.3794349,10.56735896,12.83063158,12.5201625,12.99393315,13.35449768,12.39147919,11.61114491,14.12084711,14.09664438,14.37289856,14.73444946,13.6800414,15.33964201,14.97815854,15.54245603,15.84140542,14.81596502,13.86673684,16.84329089,16.41378655,17.0628378,17.43216525,16.14337822,15.07170264,17.53164477,18.1191577,
4.730211756155973,6.441047612065515,7.719993379696045,8.747696019445907,9.830835391829076,11.175474986534946,12.738482238710073,13.046267795522276,13.223952578230993,13.209348651223003,13.411840732411083,13.696965386714211,13.945711223423576,14.171329642111449,14.528473976476727,14.979954555888646,15.147843042015245,15.541148005944768,16.04701912197578,17.064617255709837,16.893247764652475,16.69617284991574,16.956906925877806,16.918366401053788,16.874044797501966,16.710034111826555,16.521421823335018,16.20121014108807,15.955181668392608,15.672248924814381,2.895535715520229,3.0150916199528814,3.1460412020779827,3.2894702793796227,3.3617368411881245,3.521348392092162,3.709815891151067,3.905566276310303,4.072937993398398,4.064906138272443,4.230561344518866,4.4511346905719185,4.620529344716546,4.7455961726974625,4.953868048513616,5.207056241119099,5.172940457191644,5.280153926374995,5.421423741411907,5.927683088816657,6.49259128718141,7.111335236850314,7.789045484922665,8.531341519636308,9.34437836645816,10.234897624782132,11.210283368424365,12.278623373435696,13.448776180924595,14.730444550967096,4.128992888325332,2.515197787983222,1.2703228982276789,0.25585676117627415,1.8672458937529234e-12,1.967604348885606e-12,2.0648182085525223e-12,2.168654608810081e-12,2.2751328577417157e-12,2.3884183409779418e-12,2.511499746557828e-12,2.644464674887696e-12,2.7777436399764417e-12,2.9193159558406866e-12,3.0663527971678905e-12,3.2199353350427742e-12,3.3857828434848874e-12,3.5549174540042106e-12,3.7340048291103465e-12,3.9190096229364514e-12,4.116095429721678e-12,4.317295723901548e-12,4.53484528616293e-12,4.753289348013767e-12,4.984303335216356e-12,5.2278754486563775e-12,5.481483325412995e-12,5.749138525739024e-12,6.034889593047797e-12,6.32523285366645e-12,11.75474036,11.97133702,12.13635748,12.29302306,10.52801376,12.66572337,12.72558266,13.015202,13.26127964,12.25425351,11.56791341,13.93935616,14.11971817,14.38902318,14.63159898,13.52854592,15.14248625,15.2239074,15.56789637,15.85917752,14.6518901,13.81510714,16.62680919,16.68308998,17.0819802,17.31048398,15.96460327,15.01558653,17.81928906,18.14881566,
3.9836054751479772,5.424406740294552,6.501486504370619,7.366978806528897,8.27915782865377,9.411562449778819,10.727868054777938,10.98707341227444,11.136712817387274,11.124413942286814,11.29494511612806,11.535066318419574,11.744550656144224,11.934557956939914,12.235331410463226,12.615551282380732,12.75694061694442,13.088167185326586,13.514192710487855,14.371175379766413,14.226854474479032,14.060885433381058,14.280465812886987,14.248008440232532,14.210682461676372,14.072558864019447,13.913716726743615,13.64404655628133,13.436850679776132,13.198575421813304,2.996111746740237,3.119820408920723,3.2553185066070265,3.403729573002852,3.478506303806216,3.6436619397791246,3.8386758312612703,4.041225578881683,4.214410929334053,4.2061000888350035,4.377509305679843,4.605744236295649,4.7810227902424565,4.910433797135819,5.125939967653315,5.387922616990079,5.352621826042684,5.463559340198435,5.609736142654442,6.133580338229802,6.718110544463646,7.358346479351565,8.059596898834302,8.827676483293743,9.668954052152168,10.590405373322794,11.599671005400971,12.705119652216188,13.915917555072886,15.242104498071733,4.61548933811332,3.264492390786344,2.2497320190240626,1.2893784204700538,1.8687541603686056e-12,1.97099492699048e-12,2.065178026352114e-12,2.16886174629983e-12,2.275982378402609e-12,2.390033528706578e-12,2.512266657357684e-12,2.6453716399466244e-12,2.778544845577566e-12,2.9202430340035207e-12,3.0669201106898102e-12,3.2204309780020158e-12,3.386596445209806e-12,3.5555798020620498e-12,3.7346382883826855e-12,3.9193575157778096e-12,4.1164695975870805e-12,4.317669711202257e-12,4.535301873935703e-12,4.7534669763917486e-12,4.984411181939685e-12,5.227487356570652e-12,5.481215759699731e-12,5.748460384037632e-12,6.032396557847642e-12,6.323979806471214e-12,11.59520656,11.80871954,12.00653703,12.0600868,10.50516816,12.5046802,12.55287272,12.83840475,13.00999622,12.15819553,11.54281125,13.76211889,13.92791728,14.23510637,14.35434986,13.42249909,14.94995133,15.01729052,15.35642357,15.68953473,14.53703766,13.78512861,16.41540129,16.45666926,16.89925731,16.98247359,15.8394608,14.98300298,17.577448,17.90228389,
2.923711084007983,3.9811668624583545,4.771674372360028,5.406890247207611,6.076371182060224,6.907483590911951,7.873567534537116,8.06380765281053,8.173633384816913,8.164606798806734,8.289765749972705,8.465999321551212,8.619747398250217,8.759200578251221,8.979949014643207,9.259006029907505,9.362776738930593,9.605875809694094,9.918551238462065,10.547521588212724,10.44159929418156,10.319788656032886,10.480946580279467,10.45712494915168,10.42973007335213,10.328356205896641,10.211776258344578,10.013855638111064,9.861787145265021,9.686908378505393,3.0641103732302426,3.1906266807271426,3.3291999923285154,3.4809793405255163,3.557453175915708,3.7263571221495604,3.925796975641196,4.132943716230602,4.310059616326778,4.301560156114352,4.476859612141978,4.710274476989478,4.889531087140131,5.0218791576229975,5.242276375215509,5.510204884328196,5.4741029198928475,5.587558230187883,5.737052606430156,6.272785773046947,6.870582257218878,7.525348746332382,8.242514481858404,9.028026111980052,9.888397000452294,10.830761234595935,11.862932780253454,12.993470274212125,14.231747991345046,15.588033574920638,5.398299142763313,4.512211826816122,3.631185145313165,2.9755989722686746,0.9995329920259632,1.553906516940484,0.5271535098237878,0.5060645109610781,0.31419840885863387,2.399891566126008e-12,2.516380295471588e-12,0.23704216146203108,0.27154337461251465,0.12860251412882467,3.082023956792339e-12,3.2241813129159515e-12,3.395691115810789e-12,3.562677366217814e-12,3.74233518992055e-12,3.922748449094232e-12,4.119084522180416e-12,4.320487964481634e-12,4.538136266831827e-12,4.7561530803462475e-12,4.9866742746836315e-12,5.229599412486232e-12,5.483343903085344e-12,5.7499602801391875e-12,6.031233164691234e-12,6.325078648986245e-12,11.3861206,11.68400537,11.73205951,11.86346856,10.63335735,12.18774723,12.32651802,12.70281588,12.79789141,12.16094004,11.68366227,13.41331596,13.78082186,13.90968225,14.12032775,13.425529,14.57104262,14.74649719,15.19424142,15.3308614,14.54031915,13.95334149,15.99935052,16.1599209,16.5129289,16.7056046,15.8430363,15.1658329,17.26048964,17.71321442,
1.5947201250599907,2.1715028381261705,2.6026802694211626,2.949154838990589,3.314319073580372,3.7676441958308295,4.294588706806376,4.398354002516962,4.458257768671561,4.453334273169644,4.52160144886546,4.61772696032406,4.701587897693103,4.77765177208467,4.89805764119238,5.050267563956393,5.106868655280373,5.239465539647788,5.410012418098067,5.753080404637417,5.69530574458022,5.6288648855074435,5.716767478384918,5.703774117043906,5.688831751500327,5.633538002582833,5.5699501913395775,5.461995613345482,5.379050794599341,5.283664253048545,3.107180170800246,3.235474818855894,3.3759959468712637,3.5299087383865158,3.6074575065331884,3.7787356031359773,3.98097882630787,4.191037266248062,4.370642745711293,4.362023815249361,4.5397873183136745,4.776483112943156,4.958259392744004,5.092467776306411,5.315962944817934,5.587657514954902,5.5510480935057025,5.666098156160293,5.817693857661232,6.36095740544161,6.96715664618076,7.6311266745623385,8.358373046648683,9.154925997994853,10.027390445604313,10.983000755070949,12.029680727029744,13.176109300316202,14.431792516636849,15.807142343472757,6.718060804141305,6.316153723019559,5.750910523709284,5.345582282624695,3.9032299698883297,4.650385851035185,4.087585926887848,4.155962291237179,3.9271103256194624,3.429289621583429,2.83285276282342,4.029031176735471,4.167122149565715,4.036630951611886,3.8600989739928107,2.8800161610920036,3.923907821217395,3.8847613141955772,4.01741581424454,3.2135922999250184,1.977942459243302,0.9448365099347811,1.9360488349711167,1.3492494249662625,0.7932262729006921,0.0343974423574029,5.489914223391957e-12,5.754360381785264e-12,6.033636399365285e-12,6.329894819787739e-12,11.4199611,11.72313138,11.72958674,11.82464586,10.82500655,12.19676565,12.36315346,12.74535356,12.75601084,12.24464771,11.89424153,13.42324125,13.82696944,13.9067505,14.07411956,13.51794124,14.58182457,14.79032501,15.24512209,15.32763011,14.64040485,14.20482807,16.01118936,16.20794954,16.50944847,16.6509362,15.95208902,15.43917269,17.31178926,17.77253033,
0.27351642299999845,0.3724425869374864,0.4463954435126784,0.5058205949482815,0.5684512808492149,0.6462027708727811,0.7365809980592558,0.7543781726658212,0.7646524920183896,0.7638080448598074,0.7755168039148983,0.7920036505032377,0.8063869540423115,0.8194329540997323,0.8400842157907502,0.8661903098729034,0.8758981750923559,0.898640363482156,0.9278914975303835,0.9867323731483071,0.9768232247588422,0.9654277041097571,0.9805042071264652,0.9782756670454236,0.9757128459519828,0.9662292079264051,0.9553230241990253,0.936807330093573,0.9225811534915976,0.9062210504005721,3.143607024990249,3.2734057282281483,3.415574247884638,3.5712914274644088,3.6497493342881495,3.823035400145352,4.027649610513492,4.240170658909733,4.42188173323792,4.413161759223329,4.593009262844572,4.832479947478625,5.016387271401642,5.1521690394961235,5.378284341204957,5.653164107547669,5.616125497579038,5.732524343254406,5.88589726854375,6.4355297363589905,7.048835720234573,7.720589764373487,8.456361968918841,9.262253264557362,10.144946000670236,11.11175935453466,12.170710021022353,13.330578686026314,14.60098283480514,15.992456498962492,8.598672212011301,8.716748824835992,8.495700748604396,8.379968287589111,7.4812847148645245,8.470902758983856,8.243968321429342,8.446030008426645,8.251724594746,7.785368225919287,7.4865704732430745,8.616884852020808,8.758419764558852,8.679812706407096,8.608497283007399,7.790908152582701,8.978542077332039,8.930843043267059,9.26291434392967,8.726115980496656,7.472857725010821,6.666322211521182,7.550182093959305,6.813067668402081,6.27282038338292,5.463513487544386,3.7610489747845928,2.4190126138863053,2.6914649917096543,1.8432972306437405,12.01579566,12.36259714,12.35767044,12.45708031,11.69948533,12.94014093,13.00819893,13.44057884,13.43825882,12.96233803,12.85509654,14.24136845,14.58119399,14.6514147,14.82686584,14.31026257,15.47056575,15.56200775,16.07670311,16.14837809,15.49851667,15.35233968,16.98704827,17.0535966,17.39347923,17.54150205,16.88708202,16.68639863,18.21502898,18.74197478,
1.863743999999989e-05,2.5378279999999067e-05,3.0417436011661106e-05,3.446667255191801e-05,3.8734334573212775e-05,4.403232989770126e-05,5.019071252064997e-05,5.140341401133664e-05,5.210350729412403e-05,5.204596656922486e-05,5.284380273558813e-05,5.3967218326904854e-05,5.4947298256917964e-05,5.583625417643207e-05,5.724343348387222e-05,5.902230568742719e-05,5.968380072151381e-05,6.123345601070862e-05,6.322663159327975e-05,6.723605551323396e-05,6.656084502117605e-05,6.578435295522766e-05,6.681166757605289e-05,6.665981460286593e-05,6.64851836836844e-05,6.583896751595021e-05,6.509581892319453e-05,6.38341574325837e-05,6.286478414983674e-05,6.175000487476263e-05,3.1102464150002462,3.2386676674685346,3.379327465297069,3.5333921418586804,3.611017437096631,3.782464555269276,3.9849073571832925,4.195173088119733,4.374955806825434,4.366328370984321,4.544267295582077,4.781196667625017,4.963152328869167,5.097493152668402,5.321208871880724,5.593171557110495,5.556526008555685,5.671689605530119,5.823434905514223,6.367234559542352,6.974032013067303,7.63865726391317,8.366621301164649,9.163960311166191,10.03728572882088,10.993839058778056,12.041551921080138,13.189111819159601,14.446034175526023,15.822741232454069,8.882567417561306,9.026089064253096,8.891765587268633,8.799671501470572,8.145543158570687,9.090638382402815,8.99838162210628,9.139010138468453,8.929503289669583,8.513622203051536,8.373531810617735,9.386387115159332,9.502617763835387,9.451254501080374,9.3580316446889,8.626134710587094,9.833885537647028,9.860516601017489,10.126003297857988,9.667981094406104,8.425973146091893,7.788562961738289,8.532414467172384,7.856978769024057,7.234311746000581,6.37301098225973,4.738200033106594,3.578681846689029,3.734121479696169,2.7708820175477333,11.99283247,12.26478211,12.27112347,12.33309811,11.75659933,12.87314697,12.98333917,13.33423463,13.3045112,12.88000262,12.91785195,14.16763775,14.46582504,14.54880349,14.67929776,14.21936529,15.39047123,15.53226744,15.94950143,16.03528289,15.40007172,15.42728601,16.89910258,17.02100574,17.27166396,17.36691588,16.77981705,16.7678575,18.18021852,18.593685,
6.989039999999959e-06,9.516854999999652e-06,1.1406538504372915e-05,1.2925002206969256e-05,1.4525375464954792e-05,1.6512123711637973e-05,1.882151719524374e-05,1.9276280254251243e-05,1.953881523529651e-05,1.9517237463459323e-05,1.981642602584555e-05,2.023770687258932e-05,2.0605236846344237e-05,2.093859531616203e-05,2.1466287556452083e-05,2.2133364632785198e-05,2.238142527056768e-05,2.2962546004015734e-05,2.3709986847479906e-05,2.521352081746274e-05,2.4960316882941025e-05,2.4669132358210374e-05,2.5054375341019835e-05,2.4997430476074727e-05,2.493194388138165e-05,2.468961281848133e-05,2.441093209619795e-05,2.3937809037218893e-05,2.3574294056188777e-05,2.3156251828035987e-05,2.9106503177402305,3.0308303001039083,3.1624634347868614,3.306641207205117,3.3792849981148483,3.53972971612116,3.7291810093927924,3.9259532051932284,4.094198597198578,4.086124816050206,4.252644737083142,4.474369468825571,4.6446483575530655,4.7703680303066145,4.979727078537773,5.234236905270412,5.199943038060917,5.30771615806489,5.449723396939654,5.958625401665178,6.5264824024443975,7.148456175397867,7.829704048913802,8.575874844775804,9.393155717483452,10.288323457360136,11.268800682847056,12.342717387922873,13.518978354992402,14.807336992223567,8.543144293221319,8.69840500304272,8.607912608676346,8.633207507794477,8.001616616511575,8.754933671757115,8.670589069092102,8.826027598528714,8.786083423988492,8.282006486714753,8.252396266493376,9.056611793470228,9.189511037212894,9.184735391101016,9.23150498517777,8.420028131368221,9.498920380517236,9.526413709392711,9.803325093077289,9.422295794817968,8.261564917242906,7.7858248554741785,8.309996266715459,7.680078327798559,7.173695010577769,6.524829753032389,4.844161386226526,3.8892977842742487,3.8440869507197477,2.974438301531489,11.4538016,11.72924482,11.77038745,11.93986164,11.38091614,12.2946799,12.3997889,12.75200008,12.88030156,12.36815082,12.50506082,13.5310015,13.83418,13.95512436,14.21125353,13.65428717,14.6988858,14.83415283,15.2530722,15.38094641,14.78807228,14.9343057,16.13972537,16.25597817,16.56687566,16.8131779,16.11298648,16.23203911,17.36308888,17.78179845,
0.0,0.0,0.0,0.0,0.0,0.0,0.0,0.0,0.0,0.0,0.0,0.0,0.0,0.0,0.0,0.0,0.0,0.0,0.0,0.0,0.0,0.0,0.0,0.0,0.0,0.0,0.0,0.0,0.0,0.0,2.849416220340226,2.967067863005818,3.0959317072174577,3.237076275782483,3.308191790711771,3.465261081780043,3.65072670941742,3.8433592228486555,4.00806507777586,4.000161152380414,4.163177836696311,4.380237936024204,4.54693450708408,4.670009296445224,4.874963860814883,5.124119324151679,5.090546929388438,5.196052724565652,5.335072423149587,5.833268176170985,6.389178633360597,6.998067357120369,7.664983176254448,8.395456072952001,9.195543036704832,10.071878288103303,11.031728288960036,12.083051994898408,13.234566850012696,14.495821070819288,7.921532379661321,8.108038946995807,8.030299032784253,8.062836834219317,7.490161559290116,8.080890158221946,8.00981130058467,8.19746394715354,8.181882582226448,7.8259482276220105,7.7017778333062346,8.32696477397847,8.51571559291873,8.521394493557727,8.57459986918822,7.931760715851592,8.71343657061499,8.753717245437965,9.06733849685421,8.70592686383297,7.750797726643606,7.171785752884031,7.492118233750151,6.891372827052845,6.464679033300296,5.840152781902007,4.375097121045628,3.3181065551076316,3.093368999994,2.294289459187727,10.7709486,11.07510681,11.12623074,11.29991311,10.79835335,11.54615124,11.66053801,12.04082317,12.18994766,11.82610938,11.86495567,12.70720271,13.0626501,13.19140379,13.44956373,13.05588004,13.8039835,13.94976997,14.40241092,14.53919504,14.13997636,14.16985311,15.15710141,15.2868289,15.66022207,15.91203107,15.40682541,15.40115855,16.32793585,16.79011053,
0.0,0.0,0.0,0.0,0.0,0.0,0.0,0.0,0.0,0.0,0.0,0.0,0.0,0.0,0.0,0.0,0.0,0.0,0.0,0.0,0.0,0.0,0.0,0.0,0.0,0.0,0.0,0.0,0.0,0.0,2.1665641251001717,2.2560209852242927,2.3540030841182547,2.461322877036824,2.515395820920545,2.634824035287487,2.775843508823842,2.9223123503882236,3.047547054231043,3.0415372754254757,3.165487612168287,3.3305300587008415,3.4572784108922296,3.5508587805941607,3.7066967390043977,3.8961430138535524,3.8706161197590654,3.9508378399799966,4.056541980176907,4.43534695716428,4.858035522182429,5.3210063074468,5.828098208546867,6.383515967821767,6.991865039555565,7.65818977782559,8.38801526365274,9.187393118279212,10.062951682451578,11.021950977789503,8.038764644901375,8.238309084777336,7.786828625883459,8.05211728296498,8.268996329081352,8.126724874714506,8.272359251178255,8.487092079613978,8.29398132577127,8.392106644576954,8.684127847834263,8.513172711301836,8.92036850911058,8.47224310940879,8.806778550998704,8.726459966149706,8.995337260244357,9.266381380023601,9.590608929826868,8.81617851283968,8.812686567821741,8.830526592557572,8.299023871457718,8.100548572183047,7.281403260449491,7.1463653421797195,6.507513786352832,6.193853261726649,5.407547677554538,4.887688972216928,10.20532877,10.49433007,10.14083171,10.51344016,10.78439215,10.76154891,11.04820276,11.40940443,11.34152838,11.43364392,11.84961546,11.84370277,12.37764692,12.02310189,12.51347529,12.62260298,12.86595338,13.21721922,13.64715091,13.25152547,13.67072209,14.1515329,14.12712208,14.48406454,14.2732683,14.80455512,14.89552905,15.38124638,15.47049936,15.90963995,
0.0,0.0,0.0,0.0,0.0,0.0,0.0,0.0,0.0,0.0,0.0,0.0,0.0,0.0,0.0,0.0,0.0,0.0,0.0,0.0,0.0,0.0,0.0,0.0,0.0,0.0,0.0,0.0,0.0,0.0,2.285544015630181,2.379913523989089,2.483276446494614,2.596489855514929,2.6535322905248924,2.779519071844436,2.928282826442944,3.0827952087147037,3.2149073509777164,3.2085675367874993,3.339324779139964,3.513430761800414,3.6471396765220683,3.745859142738107,3.910255159973957,4.110105141217829,4.083176402133043,4.167803610001184,4.279312640477359,4.678920221076613,5.124821318145629,5.613216789765314,6.148156349830356,6.7340756499695935,7.375833059412101,8.078749949974474,8.848654820207434,9.691931624573588,10.615572708395828,11.627236787506256,7.7662938943713655,7.583770002012537,7.261911986507095,7.469862974486872,7.894788669476998,7.997489978157555,7.953752023559147,7.749691881287496,7.644318989024594,7.586976963214927,8.250901660862585,8.34728678820226,8.10463065348074,7.808162937264839,8.07108068002914,7.808043878785427,8.801260327870375,8.85062512000241,8.677769119526417,8.055598648927342,7.782952411858543,8.228537940239057,7.99926089017423,7.532144720035222,6.340565470592966,6.096236830030858,5.215570699798148,5.352618055432304,4.622246241610295,3.4779311025002513,10.05183791,9.963683526,9.745188433,10.06635283,10.54832096,10.77700905,10.88203485,10.83248709,10.85922634,10.7955445,11.59022644,11.86071755,11.75177033,11.55402208,11.98133584,11.91814902,12.88443673,13.01842873,12.95708176,12.73451887,12.90777373,13.84175473,14.14741724,14.26622037,13.71639853,14.17498678,14.06422552,15.04454968,15.23781895,15.10516789,
0.0,0.0,0.0,0.0,0.0,0.0,0.0,0.0,0.0,0.0,0.0,0.0,0.0,0.0,0.0,0.0,0.0,0.0,0.0,0.0,0.0,0.0,0.0,0.0,0.0,0.0,0.0,0.0,0.0,0.0,2.409631921470191,2.509124986666038,2.618099740975064,2.737459789369754,2.7975992009664705,2.9304261200171418,3.087266631241987,3.2501678775265743,3.389452718699494,3.3827687001269076,3.5206250804815156,3.70418371276709,3.8451520191725117,3.949231212326478,4.1225527008583205,4.333253037853439,4.30486227011504,4.394084100939304,4.511647235812249,4.932950512270015,5.403060696089785,5.91797238042757,6.481955148282747,7.099685473914519,7.776285499579,8.517365507689302,9.329070440572504,10.218130853559472,11.191918723904086,12.258508578292469,7.268751872531354,7.080416048335583,6.785846367026643,6.849244724632045,7.33315496903542,7.541245079984846,7.390469948760103,7.175552602475625,6.952345941302814,6.900923999875517,7.610789609521031,7.820491987235584,7.465332060830296,7.200209527676471,7.287888439144781,7.019817862149825,8.214528259888384,8.140673299064298,7.958888074191537,7.355650157733938,6.892713593914404,7.375841389576814,7.264632701721848,6.636504586090309,5.459812850426097,4.982202022316025,4.06832450943315,4.230863926446451,3.479772286102182,2.279450891714151,9.678383794,9.589541035,9.403946108,9.586704514,10.13075417,10.4716712,10.47773658,10.42572048,10.34179866,10.2836927,11.13141469,11.5246757,11.31048408,11.14944074,11.41044114,11.3530709,12.51939053,12.5347574,12.47053531,12.28860067,12.29577429,13.29381377,13.74658785,13.73619006,13.23609835,13.49956753,13.39739495,14.44899478,14.67169101,14.53795947,
0.0,0.0,0.0,0.0,0.0,0.0,0.0,0.0,0.0,0.0,0.0,0.0,0.0,0.0,0.0,0.0,0.0,0.0,0.0,0.0,0.0,0.0,0.0,0.0,0.0,0.0,0.0,0.0,0.0,0.0,2.485144945080197,2.587755923063563,2.700145727248759,2.823246279772818,2.8852703397124335,3.022259787564681,3.1840153653279466,3.352021609412066,3.4956713576922875,3.488777875405436,3.630954397774994,3.8202653888378975,3.965651358769025,4.072992184747456,4.251745220537206,4.469048482809161,4.439768005445224,4.531785869206107,4.653033196548544,5.087539271316982,5.572381763873942,6.10342974597157,6.685086600763104,7.3221753538162675,8.0199786650354,8.784282631813708,9.62142476662598,10.538346546885856,11.542650972804488,12.642665610513088,6.929766362921345,6.740129905938055,6.341539505752947,6.4403531052289775,7.003066631289452,7.150515282437304,7.008488124674143,6.789228110590129,6.497572886310018,6.700229104596988,7.23409845222755,7.375457951164774,7.036220761233783,6.646947355255496,6.774124549465898,6.7794905371941026,7.722277714558199,7.661740620797502,7.477237603455239,6.7276772286869955,6.61018083613026,6.872278484032824,6.669128169241491,6.040077466188569,4.706235804969678,4.260302738191753,3.652615463379739,3.564900543120259,2.7296358672020826,1.4986186994937405,9.414911308,9.327885829,9.041685233,9.263599385,9.888336971,10.17277507,10.19250349,10.14124972,9.993244244,10.18900698,10.86505285,11.19572334,11.00187212,10.71993954,11.02586977,11.24853902,12.16204572,12.19352649,12.1302708,11.8152165,12.1825626,12.97570823,13.35421477,13.36225282,12.72621447,13.04458537,13.27404023,14.10324709,14.27228684,14.14128431,
0.0,0.0,0.0,0.0,0.0,0.0,0.0,0.0,0.0,0.0,0.0,0.0,0.0,0.0,0.0,0.0,0.0,0.0,0.0,0.0,0.0,0.0,0.0,0.0,0.0,0.0,0.0,0.0,0.0,0.0,2.5326476668502007,2.637220019660955,2.75175811769459,2.8772116964708445,2.94042132575449,3.0800292814887964,3.2448767634971025,3.416094391240815,3.5624899568378074,3.5554647079223143,3.7003588873837527,3.893288495281971,4.041453469831148,4.150846080113392,4.333015920923499,4.554472863015157,4.524632699033237,4.618409453754889,4.741974383564541,5.184785897908229,5.678895993979343,6.220094782206025,6.8128698149507105,7.462136308315962,8.173277898498922,8.952191282226313,9.805335111422915,10.739783547541947,11.763284919623112,12.884325972463532,6.7565703451513395,6.497481124340664,6.111887641307114,6.2123116695309495,6.824803248247398,6.972929668513191,6.811552226504985,6.515125515761378,6.2429672181645,6.623936472080105,7.0294211926187895,7.170570324720699,6.732564960171656,6.358007549889557,6.4856622990796025,6.683461476988105,7.494167040970187,7.412327986248721,7.137073086439234,6.397777632095765,6.49218135602486,6.594062467798364,6.384057475053889,5.721724431688898,4.302345171506267,3.847268037779075,3.456190868582909,3.187874412464049,2.3184604703832585,0.964086017543498,9.289218012,9.134701144,8.863645759,9.089523366,9.765224574,10.05295895,10.05642899,9.931219907,9.805457175,10.17940118,10.72978008,11.06385882,10.77401843,10.50885363,10.81867822,11.23793434,12.01879974,12.03073744,11.87904747,11.58256353,12.17107735,12.81415725,13.19692729,13.18386074,12.47562307,12.79945932,13.26152598,13.92765796,14.08174539,13.84841199,
0.0,0.0,0.0,0.0,0.0,0.0,0.0,0.0,0.0,0.0,0.0,0.0,0.0,0.0,0.0,0.0,0.0,0.0,0.0,0.0,0.0,0.0,0.0,0.0,0.0,0.0,0.0,0.0,0.0,0.0,2.5375903138802007,2.642366747280532,2.75712837478393,2.8828267853884157,2.946159772883523,3.0860401837472216,3.2512093776651687,3.4227611491235117,3.5694424163666407,3.562403457164422,3.707580408207219,3.9008865323362416,4.049340661662449,4.158946759619033,4.341472118188052,4.563361249688222,4.533462850445309,4.62742261735783,4.751228693159216,5.194904386537702,5.689978774575205,6.232233751792673,6.826165628338967,7.476699212720121,8.189228647692797,8.969662137818366,9.824470939552892,10.760743020092711,11.786241829907965,12.909470676298533,6.891824067121342,6.415305060721086,6.042225352217774,6.199182507613381,6.8216032011183625,7.017164236254765,6.956995012336919,6.42471269287868,6.2279088426356655,6.632092542837998,7.024988801795324,7.218270317666427,6.633824708340353,6.273681400383917,6.4682625818150505,6.691237590315041,7.545407779558116,7.584887232645782,7.0276474468445596,6.303645573466296,6.4991468154289995,6.585254438211718,6.436720921665635,5.90613730728473,4.195903082312411,3.8192162021870226,3.4567202904529353,3.1705353299132835,2.5080305600985575,0.8221631037082112,9.429414381,9.057671808,8.799353727,9.082009293,9.767762974,10.10320442,10.20820439,9.847473842,9.797351259,10.194496,10.73256921,11.11915685,10.68316537,10.43262816,10.8097347,11.25459884,12.07887063,12.21230985,11.77887614,11.49854996,12.18912559,12.81748819,13.26288655,13.38283652,12.38513173,12.78887834,13.28119123,13.93127835,14.29427239,13.73163378,
0.0,0.0,0.0,0.0,0.0,0.0,0.0,0.0,0.0,0.0,0.0,0.0,0.0,0.0,0.0,0.0,0.0,0.0,0.0,0.0,0.0,0.0,0.0,0.0,0.0,0.0,0.0,0.0,0.0,0.0,2.511611533050199,2.6153153094559918,2.728902055753271,2.8533136189726958,2.9159982300169456,3.0544466041502223,3.21792486542818,3.3877203621059415,3.5328999683154776,3.525933071012844,3.6696237615777063,3.8609508990261854,4.007885217503503,4.116369214394019,4.297025955219565,4.516643479248556,4.487051167224235,4.580049013617866,4.7025876149608745,5.141721143461589,5.631727168433934,6.168430767586135,6.756282219737542,7.400155915278974,8.105390774005505,8.87783451476867,9.723892144026555,10.65057906535271,11.665579250281237,12.777308952833375,7.118428685951343,6.3812221045456266,6.067978901248432,6.247480856029102,7.026914339984941,7.165997245851764,7.207475364573906,6.393288347896253,6.284716081686831,6.907335618989578,7.255395368424837,7.387234670976485,6.603174562499301,6.313327195608932,6.5350675447835345,7.001557490754707,7.73198488277919,7.892097216385743,6.996787475042901,6.353597526542407,6.842888781570264,6.878892842418259,6.660509290267058,6.267421804725867,4.2762605259996835,3.937496275236733,3.8683675059791076,3.5305065146533963,2.932826589725161,0.861643717173475,9.630040219,8.996537414,8.796880957,9.100794475,9.94291257,10.22044385,10.42540023,9.78100871,9.81761605,10.43326869,10.92501913,11.24818557,10.61105978,10.42969641,10.8320935,11.51820097,12.21903605,12.47214623,11.69937509,11.49531867,12.47461595,13.04732361,13.41679151,13.66757772,12.3816513,12.81533079,13.59225965,14.18108558,14.59840584,13.63895267,
0.0,0.0,0.0,0.0,0.0,0.0,0.0,0.0,0.0,0.0,0.0,0.0,0.0,0.0,0.0,0.0,0.0,0.0,0.0,0.0,0.0,0.0,0.0,0.0,0.0,0.0,0.0,0.0,0.0,0.0,2.4962330151601977,2.599301816626701,2.712193074872977,2.835842870030137,2.8981436651857884,3.0357443243080318,3.1982216133685077,3.366977457596462,3.511268133674098,3.5043438944630503,3.6471547714793604,3.8373104189233636,3.983345063221126,4.091164816033684,4.270715401355413,4.488988214238673,4.4595770950038744,4.552005518528692,4.673793819895701,5.110238547705989,5.597244281302823,6.130661661311426,6.71491371763485,7.354844994925893,8.055761722942773,8.823475815139657,9.664353060322895,10.585365906972088,11.594151277906938,12.699073894691805,7.6704208948413495,6.396012909374917,6.115597512128728,6.22738124097166,7.785981684816104,7.781203435693957,7.808112066633582,6.41270195040573,6.265818333328207,7.679549285539371,8.092290088523184,8.067361971079306,6.626272596781676,6.375178453969264,6.516660498647686,7.857893005764587,8.472608294999548,8.615124761474908,7.023991250108076,6.425471262298,7.77486145870135,7.889298788692952,7.484932682369742,7.074329675078929,4.36939502706238,3.9389500748657427,4.905805579682827,4.652874883033868,3.817719952099394,0.9380251553152092,10.16665391,8.995314726,8.827790587,9.063224111,10.68412535,10.81694776,11.00633368,9.779679408,9.777086467,11.18389318,11.73944486,11.90467239,10.60961766,10.46634327,10.7873759,12.34688122,12.93218539,13.16713028,11.69778507,11.53570981,13.37210574,14.01996045,14.1998464,14.42917467,12.42515675,12.76242589,14.57015864,15.23824079,15.41187123,13.63709905,
0.0,0.0,0.0,0.0,0.0,0.0,0.0,0.0,0.0,0.0,0.0,0.0,0.0,0.0,0.0,0.0,0.0,0.0,0.0,0.0,0.0,0.0,0.0,0.0,0.0,0.0,0.0,0.0,0.0,0.0,2.4448847975401935,2.545833444671988,2.6564024978754572,2.777508781849231,2.8385280320657187,2.973298206795538,3.1324332921649654,3.2977177810501135,3.4390403571984662,3.43225855154218,3.572131768513534,3.758375860623028,3.9014065310730284,4.007008401140855,4.182865580248938,4.39664845976925,4.367842335557651,4.458369480324995,4.57765256196124,5.005119498545068,5.482107386756857,6.00455222071522,6.576786047349816,7.203553757662687,7.890052430768374,8.641974427421028,9.465554590354673,10.367621942815886,11.35565631396664,12.437850360687989,8.153235522461355,6.378565384329631,6.1231690651262465,5.961357854152564,8.509388907936172,8.25978510320645,8.341002277837125,6.4048620749520815,5.988140707803843,8.349938608460247,8.896670371489014,8.604277619379646,6.624568638929776,6.402165768862096,6.218448369754167,8.610753030234008,9.061853284445773,9.267565539678602,7.027911278042541,6.467580131458914,8.605364993247317,8.886451149289153,8.169338392654778,7.837986032342128,4.467235809236738,3.6637058125843573,5.884062839650905,5.817352037190003,4.710285056039488,1.0917385993187672,10.59812032,8.924398829,8.779571563,8.738866636,11.34791694,11.23308331,11.47343557,9.702579856,9.427181065,11.78219716,12.46880214,12.36265348,10.52597517,10.40917417,10.40131395,13.00740149,13.42969562,13.72593502,11.60556384,11.47269963,14.08747238,14.89100337,14.74612444,15.04153979,12.35728824,12.30568024,15.34961743,16.18497398,16.06594137,13.52958896,
0.4173285629399976,0.5682690928737292,0.681105605655387,0.7717758944047836,0.8673371548815743,0.9859695837576226,1.1238677591545576,1.151022506286324,1.1666989577533498,1.165410508908836,1.1832756138143348,1.2084310758471355,1.230376973393081,1.2502824269536466,1.281791910990773,1.3216243225431916,1.336436484082937,1.3711362827082871,1.4157673640993744,1.5055461707773168,1.4904268934338332,1.4730397244869953,1.49604329871158,1.492643015031081,1.488732688798137,1.4742626508192567,1.4576221071466484,1.4293710503065808,1.4076648954354598,1.3827028173355722,2.411986223010191,2.5115764966944067,2.620657723460742,2.7401343911379232,2.800332561214753,2.9332892571899776,3.0902830075273284,3.2533434144918427,3.392764342223523,3.3860737931119447,3.524064864365057,3.7078028403781196,3.8489088781515166,3.9530897606143527,4.12658059079698,4.337486789991816,4.309068283399358,4.398377287327464,4.516055285830415,4.937770191526544,5.408339690779462,5.923754463311174,6.488288263665159,7.106622135192875,7.783883224677184,8.525687295989343,9.33818529529754,10.228114353939803,11.202853651870663,12.270485604894262,8.165222844051359,6.0377379244334834,5.642247470885574,5.412303479459088,7.925202813905564,7.678426209054392,7.688442843320205,5.508243749224027,5.067663709025437,7.650623447981645,8.030612631823155,7.847684723777419,5.674543008458208,5.400763272434953,5.2135482782153515,7.811866527468252,8.22008990252113,8.46983308996785,5.924964520073994,5.244264137700127,7.690775045790879,7.815645672206208,7.240420377627855,7.004895809780863,3.3161213265298235,2.56672780319687,5.100861377561388,4.876856645759535,4.056361212700007,0.16927284777788978,10.99453763,9.117583514,8.9440108,8.924213765,11.59287253,11.59768505,11.90259361,9.91260967,9.627127009,12.20210775,12.73795311,12.76391864,10.75382886,10.60413546,10.62192078,13.47097764,13.86559467,14.23934666,11.85678717,11.6875805,14.58954163,15.21243986,15.22475194,15.60416096,12.58873724,12.56667775,15.89666878,16.53434205,16.66687976,13.82246127,
1.6040649991439908,2.18422759169042,2.6179316724833375,2.966436542652258,3.3337405971004586,3.7897221517367465,4.319754496136441,4.424127844387073,4.484382639630146,4.479430293018373,4.548097506407902,4.6447863021611715,4.729138654850035,4.805648254681045,4.926759688149613,5.079861543322464,5.136794310445304,5.270168197102258,5.441714460384704,5.786792785343995,5.728679572511928,5.66184937774801,5.750267069575569,5.737197568651347,5.722167642587067,5.666549878744856,5.602589450338245,5.494002271098142,5.410571405380547,5.31462590981262,2.4684922421401954,2.570415634420312,2.682052325984739,2.804327994255269,2.8659364372919947,3.0020079328189606,3.162679602945083,3.329560054314239,3.4722472202749657,3.4653999305101935,3.606623742496902,3.7946661799071553,3.9390779332744965,4.045699479320426,4.223254709239527,4.439101844503006,4.410017572633018,4.501418834069189,4.6218536954311205,5.053448189286312,5.535041801725746,6.062531285430649,6.64029051693263,7.2731102031967465,7.966237605561834,8.72542004937231,9.556952580077914,10.467730160959757,11.465304845299627,12.557948397057013,7.42112780871736,4.650271938890886,4.18803630553363,3.589265449094271,5.804416285609438,5.213072105446283,4.9605322909205665,2.4713078913008877,2.1406403100971967,4.736195156473859,5.035070801097743,4.77252194793435,2.4245085818782797,2.397772466001487,1.9906305526139796,4.4807334621777954,4.805511066925108,5.114220018832167,2.166873974187991,1.5582236053737162,3.8984417157665225,4.027672786825731,3.368633553496408,3.3022755781567468,5.005837252000054e-12,5.246049756520667e-12,1.3610513395895674,1.1591135479481893,0.5476728893262839,6.343531336008729e-12,11.49368505,9.404915165,9.488020304,9.360029986,12.00409332,12.00480219,12.44296639,10.22499579,10.09727017,12.68102538,13.18979205,13.21197443,11.09272517,11.2491202,11.14064495,13.99969685,14.35232295,14.88580705,12.23044213,12.39846458,15.16216309,15.75205345,15.75919114,16.31258335,13.35443318,13.18037462,16.52059337,17.12084598,17.42354914,14.25806251,
2.746287999767984,3.739572914453363,4.482109104176105,5.078777408338568,5.707631424563299,6.488308437203967,7.395766344265443,7.5744618921075055,7.677622936823796,7.669144122014008,7.786707901667455,7.952246878972568,8.096664875790182,8.227655450358595,8.43500794327311,8.697130605277328,8.794604071269342,9.022950868066152,9.316651836860453,9.90745362065442,9.80795913688111,9.693540480529746,9.844918664183645,9.822542629814524,9.7968101902876,9.701588115436952,9.592082729379133,9.406172764736247,9.263332427559913,9.099066039819638,2.5278791739002004,2.6322546368973145,2.746577081518069,2.8717944551111954,2.9348850727077607,3.074230173264304,3.23876727887637,3.409662536453281,3.5557824670965457,3.54877044538607,3.6933918167177784,3.8859581749278735,4.033844183063435,4.14303082790574,4.324857677618831,4.545897658488084,4.5161136778487725,4.60971386881084,4.733046149403478,5.175023934045256,5.668203714960227,6.208383528996387,6.800042479310193,7.448086527588901,8.157889173668572,8.935336011919631,9.786873533856005,10.719562581632909,11.741136895662942,12.860067241819959,6.281155936333357,3.4524695566509385,2.7093783443075288,1.8415173065520334,3.5291112227308337,2.5788281895337217,1.8751616068602819,2.1824392438463568e-12,2.2849878181123872e-12,1.7773576326023546,1.8937748516173194,1.524066576102247,2.7888866947268904e-12,2.930179205835781e-12,3.0746005180118644e-12,1.1035932262378776,1.204874810885347,1.3329715631266497,3.742471801122694e-12,3.926982047549998e-12,0.061731798163347465,0.06997201047847067,4.5546749451576124e-12,4.774138703761036e-12,4.994791949521365e-12,5.23761740020435e-12,5.502549688480089e-12,5.7706843587767885e-12,6.050367064272856e-12,6.3374394029125895e-12,11.55532311,9.824297108,9.93806453,9.79208917,12.17162772,12.1413668,12.50969523,10.68094659,10.56336038,12.9952722,13.37387457,13.36227163,11.58736957,11.78269849,11.65489735,14.34662149,14.51559256,14.9656363,12.77581936,12.98655959,15.53789465,15.97189602,15.93846504,16.40006408,13.98787254,13.78878099,16.92998801,17.35979202,17.51698773,14.89385495,
3.7379994476399783,5.089969256617313,6.100642524413989,6.912773586987177,7.768712936936206,8.83130005171899,10.066449881466964,10.309674138786583,10.45008764538168,10.438547047644551,10.598564257581812,10.823880978108456,11.020449725588369,11.198742277361577,11.480971782805549,11.837749500899378,11.970421588483958,12.281226646208765,12.68098590642371,13.485131990764877,13.349709076118167,13.193972724258042,13.40001505009234,13.369558810936356,13.334534135903656,13.204926438814011,13.055877587188723,12.802833716624317,12.608412337107326,12.384827750679817,2.600295007770206,2.707660501409031,2.8252579265916515,2.9540623863941904,3.0189603529059257,3.1622972548731876,3.3315478340675657,3.5073387063991834,3.6576445161508366,3.6504316219443487,3.7991959433460365,3.9972787255802986,4.149401205422029,4.261715706221755,4.4487513266221,4.676123411770118,4.645486213217454,4.741767756970783,4.868633121752894,5.3232721878978815,5.830580027405022,6.386234304017183,6.994842433190485,7.6614509170739975,8.391587189471611,9.191305448628711,10.067236857883474,11.026644530440208,12.077483754191588,13.228467955966394,5.389856934591356,2.2125159119752706,1.2013310189960629,0.09056279762043605,1.4410684301597634,0.2791807234098216,2.077474976926359e-12,2.171485033221251e-12,2.278387221287193e-12,2.4003569522656137e-12,2.5239181338886435e-12,2.652402641779449e-12,2.7810574046733184e-12,2.9225017152787488e-12,3.0688923575965363e-12,3.229354840678724e-12,3.3923607481681976e-12,3.5620738010056305e-12,3.736852298267158e-12,3.922202050574652e-12,4.123683051093772e-12,4.329056432128913e-12,4.5428920672848786e-12,4.763563715618701e-12,4.9893082535354354e-12,5.232339590723533e-12,5.494657328406581e-12,5.763581881203979e-12,6.045103936475349e-12,6.332289783818929e-12,11.72815139,10.01014567,10.12723147,9.957398771,12.22874172,12.27277803,12.69679767,10.88300059,10.74169055,13.11054177,13.43662998,13.50689724,11.80657059,12.00697727,11.8516548,14.47387769,14.67270105,15.18947126,13.01750256,13.23375337,15.67571758,16.04684235,16.1109739,16.64535319,14.2541259,14.02156256,17.08015897,17.4412509,17.77898222,15.17560553,
4.320123818099975,5.882637952981035,7.050704914382545,7.989310389312831,8.978546483207502,10.20661191437751,11.634113516012384,11.915215458884415,12.077495775594306,12.064157942922671,12.249094877675917,12.509500515664412,12.736681214799669,12.942739538321241,13.2689210762583,13.68126033400689,13.834593648684894,14.193800853359742,14.65581523451514,15.585192218341998,15.42867968609667,15.24869027399558,15.486819886330183,15.451620650474064,15.411141529235694,15.261349827270738,15.08908937004317,14.796638590538725,14.571939672263202,14.313535916266032,2.6166337647902074,2.7246738813882176,2.843010221098034,2.972624013982211,3.037929761958264,3.1821673105084116,3.3524813629166705,3.529376803899452,3.6806270488389927,3.6733688329572725,3.8230679037213844,4.022395324136737,4.175473654075471,4.288493874546583,4.476704719122136,4.7055054795709435,4.674675774498277,4.77156229604997,4.899224809756812,5.356720566089392,5.867216036038186,6.426361724273091,7.038793996596783,7.709591064472919,8.444315092917652,9.249058321273164,10.130493579290945,11.095929617397815,12.153371709936257,13.311588033893532,4.599228097111353,1.4590774756323641,0.322536074521128,1.783389361152863e-12,0.1691126748361335,1.9726585940975306e-12,2.0692560752259437e-12,2.170120281743987e-12,2.276481950875072e-12,2.395689349341459e-12,2.519760010505641e-12,2.649065883139428e-12,2.7791049655212386e-12,2.920605830374354e-12,3.0670530033101664e-12,3.2264866594978207e-12,3.389580182890164e-12,3.5588059089743873e-12,3.7351043765067695e-12,3.9205513324135096e-12,4.121489075486649e-12,4.326207213776001e-12,4.540136405025598e-12,4.759948739846115e-12,4.98709359609034e-12,5.230136640150273e-12,5.491683265539679e-12,5.760947992925865e-12,6.042855757058832e-12,6.3301868559309015e-12,11.53598568,10.06638931,10.21625121,10.00999728,12.18558892,12.26891299,12.48876069,10.94414851,10.79843196,13.08995792,13.38921478,13.50264354,11.87290774,12.11252023,11.91425944,14.45115336,14.66808021,14.94059183,13.09064353,13.35007985,15.65110634,15.99021624,16.10590011,16.37261915,14.3794216,14.09562943,17.05334273,17.37970419,17.48767367,15.26087216,
4.501065822311974,6.129023553506276,7.346013274057491,8.323930852748946,9.354599639085952,10.634100776679093,12.121391174119653,12.414266656610627,12.583343844657081,12.569447376567327,12.76213012163436,13.0334424650854,13.270138292200924,13.484827064203243,13.824670234004648,14.254279712435277,14.414035166486713,14.788287234290005,15.269652405288689,16.237954971159652,16.07488714270959,15.887359139972263,16.13546245934219,16.09878895549036,16.05661442605676,15.900548919935007,15.721073587928473,15.416373939547817,15.182263839017123,14.913037223427331,2.7099373012502146,2.821829896209466,2.9443858554683495,3.0786213976446204,3.146255808240305,3.295636557780649,3.4720236432638285,3.6552267954935713,3.8118702991050735,3.8043532708441554,3.9593902887428705,4.165825296581599,4.324362070774499,4.441412349407873,4.636334388203773,4.873293692038313,4.841364665941051,4.941705952625612,5.073920637202717,5.547729708969678,6.07642835023498,6.655511972012856,7.289782262946164,7.9844985126054135,8.745421220857189,9.578859863205354,10.49172520816929,11.491586620508281,12.586734825443166,13.786250654308262,4.269387446439348,1.203569390285876,2.0612943921375535e-12,1.781267461584323e-12,1.8811849722662463e-12,1.969808055461702e-12,2.0672093084079965e-12,2.1687451938172826e-12,2.275022435351409e-12,2.3934389024041145e-12,2.517581356826262e-12,2.6469346368634802e-12,2.7774606298552135e-12,2.9188081454778104e-12,3.0655368887037947e-12,3.224577337610277e-12,3.387788851365271e-12,3.5571391720432363e-12,3.733646003219209e-12,3.9187979902245914e-12,4.11996945002708e-12,4.324002906591774e-12,4.537780600502341e-12,4.75722721073043e-12,4.984484680593926e-12,5.227796831944487e-12,5.488624680199498e-12,5.7578580887396606e-12,6.039787741887497e-12,6.32714038639934e-12,11.48039057,10.15442284,10.22614229,10.16153108,12.09928332,12.19290062,12.4285739,11.0398583,10.96190128,13.06388504,13.29438439,13.41898756,11.9767398,12.12424722,12.09462043,14.42236922,14.57720373,14.86858898,13.20512505,13.36300502,15.61993211,15.876964,16.00611557,16.29371496,14.39334334,14.30901253,17.01937549,17.25661077,17.40339572,15.39433296,
4.338044504639975,5.907040242179784,7.07995256513906,8.022451552202142,9.015791183564527,10.248950861235157,11.68237400813479,11.96464201476242,12.127595500763244,12.11420234025183,12.299906428211079,12.561392277787975,12.789515365213143,12.996428457435862,13.323963057771737,13.738012776353715,13.891982146474616,14.252679410228538,14.716610313976869,15.64984252841885,15.492680752737904,15.311944710685777,15.551062129462562,15.51571688055247,15.475069844302014,15.32465677817014,15.151681752150754,14.85801783178078,14.632386820109364,14.372911156706998,2.7850131825002205,2.9000056407544785,3.025956880280384,3.163911272933124,3.2334194217056855,3.3869386033080384,3.568212302174362,3.7564908995426625,3.9174740419606775,3.9097487625639085,4.069080913320402,4.281234979724506,4.444163843737186,4.564456873712042,4.764779016721017,5.008303021719513,4.975489436495883,5.078610569976208,5.214488119356213,5.701423558877418,6.244769224038942,6.8398957310903485,7.491737794263755,8.205700406057584,8.987703654755366,9.84423181305404,10.782387104838568,11.809948595930154,12.935436697122755,14.168183814358928,4.399633512861341,1.315587067067354,0.02874033458223013,1.7811244067230555e-12,1.892564280160723e-12,1.9697779809002383e-12,2.0667244478551813e-12,2.168078824817027e-12,2.2744596025893776e-12,2.3931949615473713e-12,2.5172957147469805e-12,2.6465496571620117e-12,2.7767835054451145e-12,2.918011656069802e-12,3.0647692108636352e-12,3.224150495117971e-12,3.3875169824914323e-12,3.5568483730129946e-12,3.733028603096283e-12,3.9179090744621946e-12,4.119638841677415e-12,4.323574545837107e-12,4.5372115978863e-12,4.7564182126842155e-12,4.983140481745735e-12,5.226421920080514e-12,5.487464548558325e-12,5.756704425595029e-12,6.0379866646279115e-12,6.3252851803132e-12,11.5226912,10.12263295,10.13464978,10.09515677,12.18431972,12.2521645,12.4743682,11.00529643,10.89029902,13.10505274,13.38782022,13.48421087,11.93924489,12.01577252,12.01561933,14.46781787,14.64805658,14.92337376,13.1637845,13.24344724,15.66915458,15.98855076,16.08391368,16.35375075,14.26456721,14.2155472,17.07300797,17.37789399,17.46752024,15.34613878,
3.8760784026959776,5.277988983764307,6.325995780009872,7.168126367746024,8.055683488828457,9.157521791451254,10.43829714902986,10.690505931833071,10.836106210266413,10.824139311322291,10.990067439505692,11.223707194254988,11.427537046940744,11.612415594669264,11.905070450823835,12.275027275868245,12.41260017295678,12.734886141312503,13.149412215085777,13.983262865356803,13.842837527674194,13.681348389322178,13.895001767390974,13.863420497122357,13.82710203631001,13.692706726051332,13.538152119282687,13.275760993931252,13.074157831404314,12.842314194515994,2.9000549358002297,3.0197974376438586,3.150951399913202,3.294604334786831,3.3669836869539322,3.526844352297796,3.7156060028462865,3.911661906292065,4.079294849533962,4.071250458654303,4.237164212002578,4.458081818889081,4.627740856495543,4.753002883085939,4.961599820161015,5.215183177367143,5.181014147077793,5.2883949501612655,5.4298852526919585,5.9369347466307225,6.502724627985157,7.122434285032658,7.801202272396787,8.544656848956715,9.358962646662803,10.250871786890277,11.227779868181418,12.297787289619597,13.469766418320821,14.753435157987184,4.703048641505328,1.64266603459345,0.49079059507863376,1.783776360293359e-12,0.7565757442195049,1.973131396258681e-12,2.066721464043965e-12,2.167284561345798e-12,2.274135887730325e-12,2.393775655980815e-12,2.517660951910727e-12,2.6467988399014634e-12,2.7760956173804526e-12,2.91733618066037e-12,3.064039686491269e-12,3.2239817954079024e-12,3.3877888579402127e-12,3.5569224344438156e-12,3.73235309773163e-12,3.916953227456682e-12,4.1194619815600405e-12,4.323387280185487e-12,4.5369729330823336e-12,4.7556796951434744e-12,4.9816707884177486e-12,5.2247919095032885e-12,5.486066020311186e-12,5.755216105821324e-12,6.035140926198062e-12,6.32265352049963e-12,11.47918198,9.940452456,9.967737775,9.931099516,12.17924292,12.28179645,12.42726549,10.80723034,10.71331984,13.01311154,13.38224196,13.51682252,11.72437021,11.81787947,11.82035248,14.3663159,14.68348301,14.8670237,12.92687136,13.02533508,15.55922439,15.98188887,16.12281274,16.29199965,14.02963777,13.98452913,16.95322875,17.3706532,17.40156359,15.06994906,
3.0790644860759824,4.192708905605596,5.0252205764844815,5.694189084328171,6.399243349739302,7.27451748883937,8.291934968170702,8.49228362615081,8.607945024066565,8.598438804191941,8.73024816242763,8.915846026207602,9.077763612851435,9.22462673361603,9.45710479020964,9.75098969217224,9.860274329288268,10.116290636604058,10.445580289625534,11.107971412094857,10.996420864019509,10.868137733719346,11.037858895263506,11.012771485359302,10.983920963966735,10.877160526245756,10.754386022889534,10.54594875418796,10.385799997241882,10.20162892676792,2.991202876230237,3.11470885244473,3.2499849481924823,3.3981528558650123,3.472807071448751,3.637692114166294,3.832386492218416,4.034604379558923,4.207505980761778,4.1992087568575975,4.3703371344945445,4.598198121874933,4.773189497038959,4.9023884751666715,5.117541557423582,5.3790949708004865,5.343852017152335,5.454607769765885,5.600545074147228,6.123530996219841,6.707103500160136,7.3462904637259285,8.046391944919543,8.813213097270905,9.653112305441352,10.573053908150438,11.580665945597687,12.684303410213653,13.893117525207506,15.217131625360182,5.3218961776953195,2.4190643189512877,1.5528207193247416,0.9088889198086163,2.2945004988138398,1.2884210869963304,0.20873859961297875,2.1678053597420146e-12,2.2758575233733886e-12,0.27721552895290386,0.2677110230803958,2.667566000469283e-12,2.77704708632747e-12,2.918437677694694e-12,3.0654931700022817e-12,3.228637298084405e-12,3.3926658867149712e-12,3.5608957058037753e-12,3.733126926748603e-12,3.917481220954032e-12,4.121861221487368e-12,4.325827626003322e-12,4.53877863526334e-12,4.757068724683367e-12,4.982017693838836e-12,5.225439872576761e-12,5.487141767282156e-12,5.7555169436025205e-12,6.033341043679186e-12,6.321630830609265e-12,11.39216354,9.726482077,9.828026244,10.00123086,12.16655092,12.20063069,12.33306006,10.57460238,10.78897506,13.07486309,13.36829632,13.42749494,11.47200061,11.65223566,11.90382533,14.43448886,14.58644541,14.75432358,12.64861767,12.84276712,15.6330581,15.96523413,16.01626315,16.16849744,13.83299313,14.08328495,17.03367748,17.35255123,17.26965028,14.74556517,
2.0147961686999882,2.7435131279936495,3.2882699307400696,3.7260117164933524,4.187366338684554,4.760104905868133,5.425855444252466,5.556954260249314,5.632637683718022,5.626417256874471,5.7126671523128465,5.834113736674368,5.940065052306245,6.036165427721549,6.188288223411533,6.380592794228635,6.4521035628906285,6.619628691850154,6.835100480213292,7.268538331796872,7.195544856702423,7.111602360334961,7.222659971363523,7.206243940589834,7.187365505198304,7.11750645487257,7.037168547012964,6.900776921474317,6.795983045484978,6.675470088106418,3.056929787700242,3.1831496107183654,3.321398182870134,3.4728218439479837,3.5491164668265687,3.7176245953239313,3.9165970717463208,4.1232583745717815,4.299959212638705,4.29147967047543,4.46636832121733,4.699236190298733,4.878072721775899,5.0101106413424885,5.22999136935769,5.4972920017488285,5.461274640415801,5.574464074009224,5.723608117846948,6.258085821260534,6.854481400027217,7.5077134774503556,8.223198571851919,9.006869395749948,9.86522404916546,10.805379901051465,11.835132605622194,12.963020742938504,14.198396619741047,15.551503817602779,5.826124523601311,3.8585083572896,3.3840337513915006,2.8750333395604626,3.9338109244907704,3.1263972788099292,2.4554684040033092,0.9581962651811082,0.9347353636455892,2.5737570126525355,2.6439860764723777,2.2376582030295897,0.723084215920701,0.8023867609389587,0.5719997672339507,1.912748294025845,1.959917866697056,1.9200315441442934,0.16623008194374897,3.925409567296734e-12,0.8857134432746724,0.6947179422192236,4.5498052811598925e-12,4.762479768891735e-12,4.9856913022293255e-12,5.228356274248846e-12,5.489167307332274e-12,5.756739929599766e-12,6.031861588085363e-12,6.3231905029565226e-12,10.89785048,9.785171096,9.993701865,10.0738669,11.67029373,11.60412678,11.79792092,10.6384089,10.86733226,12.49165394,12.82302155,12.77100813,11.54122199,11.84866283,11.99027936,13.79063309,13.87329607,14.11412431,12.72493868,13.05926364,14.9357397,15.31403378,15.23320826,15.46693629,14.06618235,14.18556776,16.27388393,16.64476409,16.52030942,14.83453903,
0.7832440826039955,1.066529933116711,1.2783019966325513,1.448472393383399,1.6278221873858452,1.8504720517217874,2.1092799538712175,2.16024410273208,2.1896657358004643,2.1872475693416575,2.220776876810467,2.267988758603455,2.309176915649793,2.346535558449192,2.405672696688955,2.480430341898982,2.5082298718301463,2.5733546065221335,2.657118416392996,2.82561567567083,2.7972397494483183,2.764607434288992,2.80778064357814,2.8013989762099545,2.794060058735847,2.766902627808593,2.7356715822480773,2.6826498745044027,2.641911667564717,2.5950627295876467,3.0111196991102385,3.1354480356776295,3.2716248627199107,3.420779341379338,3.4959306395250263,3.6619135637060647,3.857904307669777,4.061468655953249,4.235521516602326,4.227169045914249,4.3994368760484575,4.6288150680835285,4.8049716173828045,4.935030862523529,5.1516165342799525,5.41491149218708,5.379433874527617,5.490927090562748,5.637836113534644,6.164304319627987,6.751762521289081,7.395205489568466,8.099968572724876,8.871895577706091,9.717387226262016,10.643454228925313,11.657775416942412,12.768761414177533,13.985624376949147,15.318454380072803,7.20379961828731,6.12851192120728,6.017457760649245,5.984826385239058,6.588424503091017,5.877875834574134,5.939334578461095,5.009565111316868,5.283809347599519,6.05939798474652,6.248828437143622,5.638833213315694,5.070255386970218,5.247262139030239,5.361625639034208,5.875596845917218,5.72994595364568,6.1797608029187465,5.139133550076196,4.819003214705207,5.365407699266828,5.209181496146974,4.044709343701622,3.9360123360888646,2.362196235007365,1.8738693732717495,1.8571961908154027,1.2530893113244377,0.04484010554719172,6.332975132150137e-12,10.9981634,10.33048989,10.56738462,10.85407812,11.71217733,11.39026145,11.90651884,11.23127787,11.7089966,12.4738146,12.86904219,12.53563704,12.18440392,12.52882856,12.91891487,13.77093868,13.6176097,14.2440425,13.43408808,13.80892321,14.91440997,15.36899442,14.95245856,15.60930689,14.87364352,15.28422623,16.25064319,16.7045006,16.67237615,15.66125457,
1.562255999999991e-05,2.1272969999999223e-05,2.549696842153946e-05,2.8891181403813634e-05,3.2468486333428364e-05,3.6909453002484884e-05,4.207162667172131e-05,4.308815586244396e-05,4.367499876125103e-05,4.362676609479144e-05,4.4295540528360646e-05,4.523722712696437e-05,4.605876471535771e-05,4.6803918942009244e-05,4.7983466302657604e-05,4.947457976740221e-05,5.0029068251857174e-05,5.1328044008976355e-05,5.299879412966097e-05,5.6359634768446126e-05,5.579364950304465e-05,5.5142766447764374e-05,5.600389782110317e-05,5.587660929946116e-05,5.573022749955899e-05,5.518854630013474e-05,5.456561292091307e-05,5.3508043730254e-05,5.26954808314808e-05,5.17610334979628e-05,2.791719041970221,2.9069883833897037,3.03324289304648,3.171529457473562,3.2412049705805615,3.3950938014413965,3.576803977936567,3.7655359195917435,3.9269066832737716,3.9191628026587657,4.078878599359465,4.291543498302616,4.4548646685609326,4.5754473446169275,4.776251830814864,5.020362202070206,4.987469607062135,5.090839039485478,5.227043759938495,5.715151660921969,6.259805614208339,6.856365089242891,7.509776682248236,8.225458400066987,9.009344585593865,9.86793512460145,10.808349341976449,11.838385034267274,12.966583128033406,14.202298500135363,8.468692635471328,7.79150928364192,7.947068889986809,8.327477691346836,8.769201880934999,8.39322945910759,8.613597470438854,7.865818952254593,8.477804091729777,8.986869070577566,9.117841975102557,8.682178814472932,8.163568892677164,8.442936461467081,8.910267205721938,9.22773775335329,9.10603638387304,9.49281776247412,8.685587671271175,8.633340829447224,9.171384542146336,8.903960587995044,7.965226223858546,7.756014543328541,6.445476024183757,6.324436736857594,6.005380382416231,5.291458417695022,4.1033123764921555,2.016844608838118,11.2604273,10.69851894,10.98033728,11.49903604,12.01043932,11.78836017,12.19044352,11.63139796,12.40475445,12.9060755,13.19676487,12.97376755,12.61847962,13.01843061,13.68656702,14.24814943,14.09355602,14.58370813,13.91268443,14.34854885,15.43124595,15.76038082,15.47505891,15.98152882,15.45487634,16.19242705,16.81378429,17.12989696,17.0699482,16.21919487,
1.034651999999994e-05,1.4088677499999483e-05,1.688615013882657e-05,1.913407189463096e-05,2.1503251913805622e-05,2.4444418435856214e-05,2.7863226436096125e-05,2.853645410188174e-05,2.8925108828723267e-05,2.889316526453292e-05,2.9336081665712528e-05,2.9959742527068507e-05,3.0503831017627253e-05,3.0997332281769274e-05,3.177852373553201e-05,3.276605940735848e-05,3.3133286429958036e-05,3.399357300594486e-05,3.51000785683281e-05,3.7325898465067386e-05,3.6951057346314653e-05,3.6519990059703594e-05,3.7090300749941124e-05,3.700600001850278e-05,3.69090541773395e-05,3.6550309172457656e-05,3.613775241692049e-05,3.543734475117699e-05,3.4899200024357896e-05,3.428033358856308e-05,2.584088232990205,2.6907845531816523,2.80764903268736,2.9356506970899763,3.0001441761401764,3.1425877068242163,3.310783403395588,3.4854786296302263,3.6348476332120057,3.627679694578469,3.7755168173949762,3.972365015464798,4.123539366435611,4.2351538482707385,4.421023737795698,4.64697868828621,4.616532441212263,4.7122138940949725,4.838288549212117,5.290094001121341,5.794239959428674,6.346431027562686,6.951245904489872,7.613699639188213,8.339285214803308,9.134019095774516,10.00449111560227,10.957919118919603,12.002208810953068,13.146019310637241,8.497457490491342,8.01383373814247,8.162780281164208,8.55209509883993,8.9658516406098,8.455072898759333,8.685987773380065,8.152537313917865,8.757719011681473,9.18779796225869,9.372408956525904,8.791523664795346,8.502120309736176,8.771518774399928,9.252096223683663,9.50115095565764,9.24902909550473,9.639798892335621,9.082310880713097,9.045492362984154,9.528679599518151,9.355621682451627,8.273468945213972,8.11392652481659,7.101632476147588,7.042499933921653,6.6912655666509036,6.108585503741535,4.796549359853025,3.082409389035919,11.08155607,10.70463238,10.9704462,11.48776493,11.96601732,11.59768505,11.99679904,11.63804448,12.39259557,12.81550655,13.14795511,12.76391864,12.62569018,13.00670362,13.67315174,14.14816241,13.86559467,14.35204678,13.92063453,14.33562369,15.32295651,15.70208923,15.22475194,15.72766317,15.4409546,16.17655558,16.69579282,17.06654006,16.79879307,16.22846298,
1.69244399999999e-06,2.3045717499999154e-06,2.7621715790001075e-06,3.1298779854131432e-06,3.517419352788072e-06,3.998524075269196e-06,4.557759556103141e-06,4.6678835517647614e-06,4.731458199135528e-06,4.726232993602404e-06,4.798683557239069e-06,4.900699605421139e-06,4.989699510830418e-06,5.070424552051001e-06,5.198208849454573e-06,5.359746141468572e-06,5.419815727284526e-06,5.560538100972437e-06,5.741536030713272e-06,6.105627099914996e-06,6.044312029496502e-06,5.973799698507806e-06,6.067088930619508e-06,6.053299340774958e-06,6.037441312452223e-06,5.978759182514596e-06,5.911274733098914e-06,5.796704737444182e-06,5.708677090077086e-06,5.607445295612636e-06,2.460542850300195,2.562138014292183,2.673415197412622,2.795297096084453,2.856707138799723,2.9923404374315425,3.152494689661179,3.3188377287283144,3.461065393065581,3.4542401539228256,3.595009176787877,3.7824460530414026,3.9263927510222123,4.032670939113178,4.209654380281327,4.424806413722544,4.395815803185385,4.486922721204379,4.606969740997348,5.037174352523127,5.517217068319028,6.04300785493027,6.618906503505563,7.249688293290079,7.9405835876410595,8.697321203543684,9.526175914241819,10.43402047886948,11.428382630506146,12.517507495193712,8.419177097257355,8.049567781137691,8.154843940417509,8.612314594039367,8.87577387378282,8.409512124046374,8.62579554258136,8.218175083390332,8.845062335478534,9.053876139846613,9.296341244531117,8.765947176261669,8.589691929281088,8.805452050465222,9.368094611512925,9.384000776534574,9.235650987002309,9.60371683826112,9.192817447470404,9.112643981853733,9.438205577373115,9.352628171274404,8.348767359410099,8.1915123134154,7.3002398949226945,7.366364607702457,6.769155104489033,6.299437484431652,5.064439140822897,3.5700745873674973,10.87972164,10.6117081,10.8282619,11.40761482,11.73248453,11.40185656,11.77829479,11.53701748,12.30613246,12.50812102,12.89135522,12.54839813,12.51608967,12.83812806,13.57775419,13.80881255,13.63147221,14.09064512,13.79979293,14.14982444,14.95542869,15.395642,14.96767993,15.44120666,15.24082952,16.06369179,16.29533693,16.73346376,16.49282748,16.08758769,
0.0,0.0,0.0,0.0,0.0,0.0,0.0,0.0,0.0,0.0,0.0,0.0,0.0,0.0,0.0,0.0,0.0,0.0,0.0,0.0,0.0,0.0,0.0,0.0,0.0,0.0,0.0,0.0,0.0,0.0,2.334674843760185,2.4310729510277933,2.5366577979180187,2.6523048807168954,2.7105735192265183,2.839268555061106,2.991230185705392,3.1490640184700913,3.284016088081264,3.2775399910983176,3.411108035411645,3.588956659234111,3.725539826065422,3.8263813993573152,3.994311329050259,4.19845735316757,4.170949744788347,4.257396127774734,4.37130219413112,4.779499874604892,5.234986212655162,5.733880398721614,6.2803192007202,6.878833620549249,7.534386464588006,8.252413494663651,9.038868500705497,9.900272668823126,10.843768654162355,11.87717980690434,7.962506716241364,7.9764462789738335,8.130874022083693,8.298203839284911,8.455847820775375,8.071728414940885,8.156411624296702,8.165959921532107,8.529006441921048,8.371548248904107,8.858271374590903,8.41922229076856,8.549717143937384,8.821182990645632,9.039378720952838,8.661993526835687,8.873676035215075,9.078784322228861,9.162957215872655,9.160290635399061,8.693333497349007,8.918960181282754,8.042989419284389,7.735594369455566,7.480214715417049,7.167601985341664,6.137337229300084,6.025843091182746,4.765972535843773,3.900852963102159,10.29718156,10.40751923,10.66753182,10.95050872,11.16642134,10.91099697,11.14764181,11.31502394,11.81302253,11.64908824,12.26937941,12.00817895,12.27525697,12.64756439,13.03369005,12.86045088,13.04462578,13.33618045,13.53425941,13.93979051,13.92831971,14.65284058,14.32330862,14.61442799,15.01460118,15.42001548,15.17620573,15.92611576,15.60974119,15.77803277,
0.0,0.0,0.0,0.0,0.0,0.0,0.0,0.0,0.0,0.0,0.0,0.0,0.0,0.0,0.0,0.0,0.0,0.0,0.0,0.0,0.0,0.0,0.0,0.0,0.0,0.0,0.0,0.0,0.0,0.0,1.5668297002801241,1.6315236845072454,1.7023830054312206,1.7799952196392594,1.819100037021333,1.9054688968919795,2.007452261655952,2.11337653524194,2.2039445693072333,2.1995983790350015,2.2892375762867236,2.4085940283013367,2.500256712259907,2.5679327625154698,2.680632653942357,2.8176376225939834,2.7991769200651353,2.857192176753606,2.933635972893467,3.2075825788035517,3.513265198563815,3.8480793719872253,4.214801336137887,4.616471903472105,5.056421675873274,5.538298661584272,6.066098524033522,6.644197713374181,7.277389755458999,7.970924999154451,8.893511429721432,8.685516635494393,8.981221824570502,9.434758400362554,9.91465369298057,9.344362903110019,9.316824718346146,9.103279004760264,9.894136030695082,10.025837730967428,10.603512203715828,9.972492121701341,9.668283977742904,10.098687987487482,10.667571186060743,10.679094247409271,10.650542329938284,10.690300993249982,10.482961877110304,10.753211321200407,11.104169171440343,11.549228108017132,10.553309523866687,10.229522726532693,9.980802334131763,10.253814628421017,9.860962005972034,10.09107623663165,8.579688884547108,7.669939720851967,10.46034113,10.31704032,10.68360483,11.21475362,11.73375373,11.2498318,11.32427698,11.21665554,12.0980806,12.22543611,12.89274978,12.38108615,12.16854069,12.66662075,13.34820384,13.49673187,13.44971925,13.54749317,13.41659785,13.9607939,14.61743437,15.39730748,14.76811086,14.84599463,15.03722401,15.79211329,15.92706053,16.73527395,15.85707864,15.64086472,
0.0,0.0,0.0,0.0,0.0,0.0,0.0,0.0,0.0,0.0,0.0,0.0,0.0,0.0,0.0,0.0,0.0,0.0,0.0,0.0,0.0,0.0,0.0,0.0,0.0,0.0,0.0,0.0,0.0,0.0,1.5679359789301242,1.6326756411103256,1.7035849930963094,1.7812520063265662,1.8203844341276754,1.9068142757538264,2.0088696470792478,2.114868709751991,2.2055006904494174,2.2011514314981158,2.2908539195657482,2.4102946446156377,2.5020220480968507,2.5697458818284997,2.6825253463472936,2.8196270489782007,2.801153312051889,2.8592095310988324,2.9357073012855084,3.2098473304382753,3.5157457810293273,3.850796353961701,4.217777246494531,4.619731418085737,5.059991822229586,5.542209042888341,6.070381564675868,6.648888927789743,7.282528042608364,7.976552965069151,8.773963391071431,8.41170528889131,8.57572185690541,9.052788583675246,9.409496905874228,8.910133484248172,9.187183282922854,8.805352350250212,9.481880129552898,9.395791048504314,10.048253720436804,9.494377745387041,9.34492767190596,9.617533938174454,10.212540133655807,9.983255551025056,10.13103207795153,10.534886258904757,10.126315848718262,10.222630449565681,10.35022546897483,10.885317936042659,9.982069153510043,10.058162981919063,9.408180897775457,9.713801237116954,9.037889675329689,9.367736702216089,8.395001927397741,7.2509539949372614,10.34189937,10.04438093,10.27930685,10.83404059,11.22988134,10.81694776,11.19605293,10.92022106,11.68738082,11.59694248,12.33910764,11.90467239,11.84694972,12.18727982,12.89506548,12.8028826,12.93218539,13.39409579,13.06202315,13.43247778,13.86597125,14.73611429,14.1998464,14.6778944,14.46817272,15.25601028,15.10827124,16.01662563,15.67752997,15.22750696,
0.0,0.0,0.0,0.0,0.0,0.0,0.0,0.0,0.0,0.0,0.0,0.0,0.0,0.0,0.0,0.0,0.0,0.0,0.0,0.0,0.0,0.0,0.0,0.0,0.0,0.0,0.0,0.0,0.0,0.0,1.5756487398901249,1.640706859931959,1.7119650188137892,1.7900140802370665,1.829339002543991,1.9161939971848259,2.018751384341438,2.125271862074085,2.2163496663330884,2.2119790131443335,2.3021227525495718,2.4221510129156845,2.514329628401749,2.5823865992945363,2.6957208320326447,2.833496945273303,2.814932335046764,2.8732741357410245,2.950148202551639,3.2256367411734375,3.533039922607552,3.869738627232332,4.238524718407854,4.642456124072401,5.084882192696781,5.56947146566106,6.10024209633883,6.681595168120186,7.3183511876423,8.015790055824821,8.28644064111143,7.942720736069674,8.14078892918793,8.528060179764745,8.771019147457912,8.350630282817173,8.657863305660662,8.29380210792812,8.914424883669229,8.874483926858098,9.34528083745298,8.877078897086994,8.78894389160106,9.099166550708414,9.585222937970455,9.40582248472995,9.459553774956655,9.899405734262565,9.512437007452128,9.649443298830516,9.722572627396607,10.04030053277203,9.239152271596721,9.3544608159324,8.782915297308257,8.959978154344231,8.342986323666723,8.437172601885644,7.631823472363805,6.512901304181587,9.862089381,9.583427596,9.852753948,10.31807426,10.60035815,10.26682428,10.67661469,10.41907397,11.13077455,11.08646294,11.64740359,11.29922991,11.30327352,11.68155315,12.28094377,12.23931943,12.27448611,12.77267987,12.46258521,12.87508004,13.25561255,13.91003916,13.47767699,13.99691694,13.86779749,14.52944962,14.44322842,15.11876777,14.95017466,14.52869136,
0.0,0.0,0.0,0.0,0.0,0.0,0.0,0.0,0.0,0.0,0.0,0.0,0.0,0.0,0.0,0.0,0.0,0.0,0.0,0.0,0.0,0.0,0.0,0.0,0.0,0.0,0.0,0.0,0.0,0.0,1.6326669711601292,1.7000793589017527,1.7739161471951623,1.8547895814129431,1.8955375604316875,1.9855355894595719,2.0918042357764914,2.2021793856074225,2.2965530356823947,2.292024221027821,2.3854300051076285,2.5098017456766755,2.6053160421954935,2.6758358006421687,2.7932712758269416,2.936033113416788,2.9167967029263093,2.977249726890374,3.0569056467936893,3.3423633294319828,3.660890554727147,4.009773424592935,4.391904831956932,4.8104533624427175,5.2688895678837975,5.771014743703409,6.320992448778624,6.923383029147503,7.58318143182553,8.30585862227872,7.884974434841422,7.5654493880998785,7.7734506478065555,8.130160789588867,8.362136599570213,8.032638040542425,8.211913994225606,7.871275904394781,8.47485920431992,8.507637048974608,8.885441144894921,8.515773824326002,8.323008367807317,8.643646369360784,9.091176434176159,8.986660776586469,9.060415497077111,9.34932551311322,8.992274083210084,9.133652240571974,9.251805425277018,9.450587745411429,8.759358348047648,8.697600677562088,8.169074072121248,8.289344746301888,7.748596321226932,7.7066314708583326,6.844836388180579,5.740890947727697,9.517641406,9.265528747,9.547366795,9.984950371,10.25767416,10.01817363,10.30371823,10.07345529,10.77141224,10.79966127,11.27087115,11.02557557,10.92832441,11.31948217,11.88444771,11.92269389,11.9772122,12.32657524,12.04917973,12.47601557,12.91269598,13.46036117,13.15126318,13.50805404,13.43796364,14.06035949,14.06958877,14.6300145,14.42801782,14.04674957,
0.0,0.0,0.0,0.0,0.0,0.0,0.0,0.0,0.0,0.0,0.0,0.0,0.0,0.0,0.0,0.0,0.0,0.0,0.0,0.0,0.0,0.0,0.0,0.0,0.0,0.0,0.0,0.0,0.0,0.0,1.676735763000133,1.7459677395098883,1.8217975233810333,1.904853885655108,1.9467017302539111,2.0391289775346904,2.1482660170612373,2.261620402454674,2.358541377130315,2.353890321140662,2.4498173052741095,2.577546076053685,2.675638485393663,2.7480617064634507,2.868666988842199,3.0152822403949515,2.9955266025392917,3.0576113687852975,3.139417353714151,3.4325800830138453,3.7597049649253695,4.118004848083055,4.51045071010567,4.940296662779037,5.411106934742176,5.926785425623399,6.491608076685597,7.110258326394018,7.787865944899644,8.530049569448805,7.625776733001419,7.3055906284917445,7.490656076620686,7.798318756346701,8.185321639747992,7.818001476467308,7.922555462940861,7.5792069265475295,8.108898992872001,8.338734908861769,8.68299194472844,8.270792233948994,8.00031632460915,8.292904333539504,8.680398711160903,8.789245179608306,8.78915067746413,8.990344141218298,8.631508686289624,8.736462816990112,9.025012575078796,9.177474391921313,8.429404559898908,8.262432467225768,7.696215275262868,7.736787304381898,7.438536233319964,7.340546643611818,6.3140328751064665,5.1923161005576155,9.302512496,9.051558368,9.3124536,9.703172642,10.13202337,9.857130454,10.07082148,9.840827329,10.46744037,10.69262523,11.13280925,10.84833831,10.67595481,11.04096604,11.5490657,11.80452742,11.78467728,12.04795551,11.77092604,12.1690429,12.78471754,13.29547924,12.93985527,13.20272913,13.10732221,13.66357273,13.93014431,14.45080497,14.10189882,13.72236567,
0.0,0.0,0.0,0.0,0.0,0.0,0.0,0.0,0.0,0.0,0.0,0.0,0.0,0.0,0.0,0.0,0.0,0.0,0.0,0.0,0.0,0.0,0.0,0.0,0.0,0.0,0.0,0.0,0.0,0.0,1.6469232983401305,1.7149243260632112,1.7894058517283111,1.8709854667893044,1.9120892541456196,2.002873139303407,2.1100697155764236,2.221408653048268,2.3166063668523447,2.312038006923325,2.406259403397986,2.5317171488025685,2.6280654690908345,2.699201000850028,2.817661913914262,2.9616703373060207,2.942265955902572,3.0032468511985595,3.0835983207001854,3.371548598700315,3.6928571801567536,4.044786469425985,4.430254619962575,4.8524578852453,5.314897121709469,5.82140681740867,6.376186887107999,6.98383749744967,7.649397210956895,8.378384765161307,7.52989590166142,7.209474502938418,7.531702445273406,7.724485465212503,8.254202505856279,7.797570117698588,7.824677266425673,7.481171202953933,8.034649193149969,8.325696953079104,8.764203096604563,8.25423365120011,7.897909700911978,8.352026159152926,8.603213326088838,8.782258892697236,8.774639034100849,8.881919598805034,8.521965519303585,8.808803821303638,9.026230389847406,9.295660570578379,8.435185060041999,8.1718791647595,7.804606618295574,7.690505192596626,7.482447442897558,7.515842802556164,6.261960159049216,5.151204194845109,9.1768192,8.924398829,9.321108297,9.595470932,10.16629176,9.800443257,9.934746982,9.702579856,10.35125556,10.63773496,11.1704625,10.7859508,10.52597517,11.05122716,11.42087524,11.74392923,11.71690499,11.88516645,11.60556384,12.18035242,12.71908757,13.34044704,12.86543968,13.02433705,13.11950374,13.51191201,13.85863433,14.4996803,13.91135737,13.52958896,
0.0,0.0,0.0,0.0,0.0,0.0,0.0,0.0,0.0,0.0,0.0,0.0,0.0,0.0,0.0,0.0,0.0,0.0,0.0,0.0,0.0,0.0,0.0,0.0,0.0,0.0,0.0,0.0,0.0,0.0,1.6104829725901275,1.676979388893805,1.7498129136712322,1.8295874733599573,1.869781785817027,1.9585569591232457,2.0633816713497635,2.1722570896314783,2.265348429869055,2.2608811508611226,2.353017776063426,2.475699605239844,2.5699160932926266,2.63947765864287,2.755317469519131,2.8961395187400774,2.877164484580688,2.936796098042268,3.0153696864937674,3.2969486890734174,3.6111478991424066,3.9552902939309647,4.332229458942873,4.7450909263804135,5.197298091664752,5.692600599800685,6.235105436961967,6.829310985104715,7.480144321985459,8.193002075870888,7.612262623411422,7.236415249107826,7.707297759330487,7.742088895641853,8.467851974184876,8.023542995878755,7.921084840652334,7.518359042370727,8.06023840013326,8.63346583914131,9.005710943939128,8.510174824762837,7.943080066710188,8.572995681360085,8.63723663048397,9.131086241263182,9.056919885422735,9.007850971961327,8.575883973510004,9.06112474093054,9.414759770861757,9.609995746073402,8.771678351061707,8.344427853624392,8.113629628340291,7.785804970204611,7.957838053043595,7.914745944901118,6.500833968020649,5.31990428413553,9.222745596,8.913394638,9.457110673,9.571676369,10.33763376,9.982099955,9.984466512,9.690616132,10.32558683,10.89434699,11.35872872,10.98587443,10.51299616,11.21247334,11.3925541,12.02722576,11.93408437,11.94464707,11.59125366,12.35807343,13.02590767,13.56528604,13.10390781,13.08951878,13.31092772,13.47840557,14.19294349,14.74405693,13.98097829,13.51290636,
0.0,0.0,0.0,0.0,0.0,0.0,0.0,0.0,0.0,0.0,0.0,0.0,0.0,0.0,0.0,0.0,0.0,0.0,0.0,0.0,0.0,0.0,0.0,0.0,0.0,0.0,0.0,0.0,0.0,0.0,1.552250690190123,1.6163427109437147,1.6865427012751333,1.7634327506851444,1.8021737062339385,1.8877389226203627,1.9887733543231092,2.0937120255471364,2.1834373437242682,2.17913159380865,2.267936717797044,2.3861825839465074,2.476992366537386,2.5440387058426452,2.6556899492550348,2.7914201164269627,2.7731311867260033,2.830606624050261,2.9063391272684713,3.1777367195040194,3.480575028873034,3.8122738291249108,4.175583525040791,4.573516634977453,5.00937277029108,5.486765995300092,6.009654794652457,6.582374896583098,7.209675224227723,7.896757273096833,7.838488830811428,7.311724181057919,8.192175336726589,7.850823363316664,9.341402033767965,8.777184077381635,8.177561965678988,7.6128557374550665,8.188083006278047,9.581109456193781,9.976340522205511,9.35117783605617,8.053309143465423,9.168297804160305,8.787544090748064,10.191742093576291,9.977301243277415,9.331614275953331,8.703994782735297,9.731271880499936,10.580645371131123,10.81058822087945,9.824693814963783,8.754430015027346,8.89496929971396,8.051598464705204,9.311358645353096,9.311157313422731,7.0259690257783864,5.638392546909585,9.390739521,8.928066892,9.878718038,9.614256114,11.14357574,10.664923,10.16633532,9.706567763,10.37152035,11.76024105,12.24427724,11.73736042,10.53030151,11.71233651,11.44323404,12.98316221,12.75043243,12.1622209,11.61033391,12.9090086,14.0612204,14.62286205,14.00027734,13.32794665,13.90434207,13.53836446,15.32101344,15.89353221,14.23564425,13.53514982,
0.0,0.0,0.0,0.0,0.0,0.0,0.0,0.0,0.0,0.0,0.0,0.0,0.0,0.0,0.0,0.0,0.0,0.0,0.0,0.0,0.0,0.0,0.0,0.0,0.0,0.0,0.0,0.0,0.0,0.0,1.4643031238401159,1.5247638128227796,1.5909864054654999,1.6635200111870796,1.700065978013934,1.7807832322812522,1.8760932456010866,1.9750862916703096,2.059727944287794,2.0556661499579474,2.139439744836032,2.2509860255225824,2.336650698866537,2.3998983203410758,2.5052236170490256,2.6332635715777957,2.616010857784815,2.670229846347596,2.7416714902389407,2.997692212036477,3.283372279843819,3.5962776581131957,3.939002918931644,4.314389897106089,4.725551254300559,5.175896288835658,5.669159205161948,6.20943007741413,6.801188763791937,7.449342052981504,7.992908813161437,7.311601488178853,8.940543034536223,7.9983252308147295,10.31798854198797,9.628803397720748,8.362204544401013,7.6317837753318924,8.363129885714518,10.790030050044486,11.065692515166523,10.3059194844801,8.085492411136276,10.086419879661877,8.994652722954076,11.548227848425462,11.024703032218605,9.578081423655995,8.749410839764828,10.764377277967482,12.075680710160341,12.17409600189117,11.038824591072931,9.107898712898713,10.097625935704484,8.429481041169636,11.065964104843605,10.931328072591702,7.5352225962141715,5.94678609702491,9.457211937,8.836365301,10.53152944,9.661845242,12.01805452,11.40958663,10.23829779,9.606870067,10.42285783,12.8456962,13.20513226,12.55690551,10.42214311,12.4863182,11.49987634,14.18149142,13.64071389,12.24831127,11.49108233,13.76206949,15.35905299,15.77037366,14.97782751,13.42228861,14.82317719,13.60537733,16.73512331,17.14075815,14.33641136,13.39612815,
0.36754701512399784,0.5004824194192317,0.5998590908306778,0.6797136633418412,0.7638757820386659,0.8683569966076544,0.9898058195713398,1.013721379494715,1.0275278462839772,1.0263930916350148,1.0421271356617048,1.064281897653278,1.083609951981515,1.1011409591796184,1.128891795892916,1.163972749538035,1.1770180242805899,1.2075786150062837,1.2468858232919742,1.325955255260417,1.312639499398223,1.2973263801550865,1.3175859449063376,1.3145912682215262,1.311147390033667,1.298403428224772,1.2837478721472768,1.2588667771593975,1.2397498675079324,1.2177654214104219,1.3902626003101102,1.447666175644391,1.5105403117080372,1.5794063529385565,1.614104421968352,1.6907403165318242,1.7812311068581668,1.8752187023226177,1.9555805632970924,1.9517241481498462,2.031261843560273,2.1371679361700555,2.2185010902000446,2.2785506805225895,2.3785503448650505,2.500116130820577,2.4837357773611557,2.535213255485901,2.6030425484715893,2.846117925847058,3.1173529641805353,3.4144367016671877,3.739832519336318,4.096238558429316,4.486610093047876,4.914184034915582,5.382505773443276,5.895458573652654,6.457295775721981,7.072676063148472,7.964083396567444,7.01048549393801,9.040559047463008,7.529212117721411,10.001796305994887,9.403189476862522,7.753802363572591,6.850860247184868,7.576199010421243,10.28200052021757,10.529194190780576,9.963733966179344,7.264243267821249,9.841029640300743,8.14298344924513,10.974918869644641,10.640739928361675,8.848315589511405,7.800156058240202,10.399434768896485,11.424566776425397,11.533270678182086,10.645960985761914,8.387111333353959,9.8972689469235,7.570903036864941,10.608770024415007,10.502339019193782,7.040602026776194,5.2910488954475206,9.721893012,8.958634089,11.15095845,9.788332134,12.37977651,11.96228679,10.52483929,9.739800329,10.55930742,13.26011776,13.60258317,13.1651838,10.56635431,13.22072128,11.65042559,14.63900775,14.30149373,12.59110746,11.65008443,14.57150795,15.85455924,16.24503376,15.70337945,13.79794116,15.69502643,13.7834905,17.27502367,17.65666437,14.73764767,13.58149038,
1.2780674979239925,1.7403224273941862,2.085883916282874,2.363561409195451,2.656217488653868,3.019528953553664,3.441841710572369,3.52500304388481,3.5730121304463482,3.56906625964539,3.623778090932153,3.7008166195027608,3.768025866261832,3.8289862593103474,3.925483961601566,4.047470604956236,4.092832806154696,4.199100837499447,4.335783393136911,4.610730724824767,4.564427982379641,4.511179828562137,4.581628207042167,4.571214848260415,4.5592394856602665,4.514925036861823,4.463963420753118,4.37744464217988,4.310969606658112,4.234523315813903,1.2407773383600982,1.2920087067359252,1.348122424517976,1.409583779604663,1.4405510067511182,1.508946776915762,1.5897077223243317,1.673589485750345,1.7453105950884886,1.7418688334235022,1.8128543939849615,1.9073731415044395,1.9799611075155021,2.0335539833027108,2.122801379680967,2.2312960427035544,2.216676954653394,2.2626194178102574,2.3231554989756837,2.540094672692603,2.782165695000433,3.047306085734195,3.337714355704885,3.6557985338037806,4.0041961340755,4.385796025653113,4.803762386898068,5.261560942369663,5.762987700177697,6.312200428004797,7.797674153717463,6.445945303871522,8.306707859200873,6.425956261201695,8.63711481459692,7.790682729532577,6.137026917105398,5.106161410367048,5.684108144467476,8.463778986933542,8.55503420508544,7.94975180899548,5.431264916225478,8.057403127389897,6.091052688720566,8.928349132343468,8.418641349195331,6.89950466469389,5.666904497891179,8.191345522486593,9.123246502624083,9.151215105708031,8.252516807257527,6.414859537940609,7.961674810269278,5.4611963674903645,8.677703932354374,8.522703835456293,5.565097943170313,3.8225560961877285,10.31651899,9.478276438,11.7407142,10.19910145,12.73388331,12.31915846,11.16857635,10.30475394,11.00243087,13.77471408,13.99166669,13.55794157,11.17925189,13.91994337,12.13933803,15.20711578,14.72815111,13.36122492,12.32584339,15.34217092,16.46984018,16.70970102,16.17185937,14.64187292,16.52511043,14.36191743,17.94542974,18.16170942,15.63905525,14.36927984,
2.2175913866999872,3.0196558721186397,3.619244064901514,4.101045861413516,4.608837196477236,5.239223601389205,5.97198390863387,6.116278209803184,6.199579394611604,6.192732863332583,6.28766406689514,6.421334610649456,6.537950240858037,6.643723404461539,6.81115781131794,7.022818408301408,7.101526948204704,7.285913978916676,7.523073642695096,8.000138301281222,7.919797816139643,7.827406258217093,7.94964214761891,7.93157379459488,7.910795188615277,7.833904617404123,7.745480460527791,7.595360612817503,7.480018921988892,7.347375977546092,1.2567365488200997,1.30862686877796,1.365462336227812,1.4277142237256422,1.4590797596420222,1.5283552545218788,1.6101549688415793,1.6951156419759543,1.7677592474324304,1.7642732169070559,1.8361718127614701,1.9319062857277656,2.00542789759987,2.0597100993099513,2.1501054196047504,2.259995570042713,2.2451884473664254,2.2917218347897976,2.353036547245363,2.572766050720354,2.8179506553542315,3.0865013528097136,3.380644931732703,3.7028203937270523,4.055699177249463,4.4422073088415575,4.865549665374373,5.329236548484763,5.837112791555568,6.393389640590982,7.226522474481466,5.541253818105033,6.9847390688724,5.0322691948626534,6.73831074388265,5.72421788409092,4.002511432526654,2.9187369282230695,3.4255272079582797,5.998845899762796,5.947321000345948,5.394699013625464,3.097349571544914,5.4876966362314725,3.6088543490804184,6.124275831659147,5.587833144432299,4.28134795629713,2.9585399500633245,5.068161008002386,5.948670598510283,5.890725428977558,5.068201570652967,3.5529468216828795,4.8805563941403065,2.5954560637596313,5.570382554103401,5.340293498703578,2.9045406464616788,1.2216733518693816,10.70085041,9.869536559,11.96944547,10.56102928,12.8062277,12.49179674,11.58465031,10.73013078,11.39286585,13.95585198,14.07115688,13.74793991,11.64072771,14.19113014,12.57011758,15.40708981,14.93454854,13.85898377,12.83465014,15.64106536,16.68641907,16.80463304,16.39848865,15.18734101,16.84705076,14.87156799,18.18141268,18.26489066,16.22167236,14.96243897,
2.9771788707839826,4.053973023807852,4.858937053444132,5.505769529924773,6.187493693621403,7.0338051901348475,8.017556532768076,8.211275694554278,8.323109880423818,8.313918219424272,8.441366032903163,8.620822501258123,8.777382268013348,8.919385718092101,9.144171123250496,9.428331433800059,9.533999864582999,9.781544644552216,10.09993817017555,10.740410905621172,10.632551542409997,10.508513274704079,10.672618397659182,10.64836112502743,10.620465261498271,10.517237504867682,10.398525584764647,10.196985462734563,10.042135995463479,9.864059108115294,1.3190281148701044,1.3734904371271306,1.4331430186952592,1.498480491286838,1.5314006954064017,1.6041099084104002,1.6899641179321387,1.7791359627613068,1.8553802305456597,1.8517214109811444,1.9271837419213034,2.0276634021359854,2.104829195715333,2.1618019560443527,2.256677822456826,2.3720148022805323,2.3564737478497597,2.4053136151626,2.4696674605727607,2.700288104988705,2.9576255613943676,3.2394872773954857,3.5482104149315106,3.8863548674747173,4.256724486345291,4.662390329894229,5.1067161283333755,5.593386175363769,6.126435877876153,6.710285217037927,6.576263124347464,4.784425709066647,5.686020097862333,3.8498280987901983,5.058141710974102,3.897685391456754,2.062923689301884,1.1119238626866241,1.5305064890328366,3.873920019597017,3.6705321151780925,3.1476625466085792,1.1623075962741434,3.12020358586651,1.5180659242957926,3.699155813922685,3.0964444275706784,1.8943951802887944,0.7102504092554852,2.211675869394103,3.196327666199809,3.018326587904815,2.2351627874139046,0.8961988175026858,1.982042542161499,0.10459839524346957,2.7852236869075555,2.432884491907531,0.3132628366665673,6.411104736668022e-12,10.87247011,10.21188917,11.97810017,10.85407812,12.7770361,12.53560049,11.77044434,11.10233552,11.7089966,14.03955965,14.03908189,13.79614845,12.04451906,14.20139126,12.91891487,15.49950205,14.98691804,14.08125344,13.27985604,15.65237488,16.78650477,16.76632714,16.4559916,15.43091481,16.85923229,15.28422623,18.2904654,18.22325613,16.48183471,15.48145321,
3.41292279355198,4.64731799394883,5.570097646758763,6.311601398600563,7.093103632150508,8.063282422965056,9.19101694150817,9.413089101597702,9.54129149003934,9.530754525114657,9.67685577280218,9.882577732375843,10.062051798161948,10.224839065091992,10.482524365915344,10.808274763519782,10.929408968628191,11.213184737115784,11.578178769413583,12.312391959928178,12.1887461545606,12.046553478372907,12.234677248888797,12.206869649054356,12.174890909241721,12.056554598652829,11.92046784150099,11.689430034857349,11.511916590299112,11.307776129072689,1.3459819242601068,1.4015571621832235,1.4624287202804211,1.5291013378642895,1.5626942531239079,1.6368892496727099,1.7244978554599186,1.8154918910986562,1.8932941798514569,1.8895605937796756,1.9665649671231435,2.069097888810016,2.1478405343670564,2.2059775101551855,2.30279212676575,2.4204859714164755,2.404627341784596,2.4544652321564917,2.520134122532824,2.7554674071274796,3.018063451026973,3.305684897910083,3.6207166686811534,3.965770967206706,4.3437089403817435,4.757664402400359,5.211069819949345,5.707684773790745,6.2516271327332245,6.84740719848288,6.182454982189461,4.263274413869579,4.964119582962539,3.0897684635369598,3.91562782472749,2.540397717364237,0.929508833034015,7.788799913926432e-12,0.35682108011152386,2.449084681108101,2.169741680077234,1.519774158816833,2.887826630044879e-12,1.7925627947557896,0.22452416732203273,2.0828869250670143,1.3001577595906542,0.5028244007313507,3.79063833460078e-12,0.6087501929483357,1.3762422644166057,1.144281963721398,0.2132984024346657,4.913968304331695e-12,0.366735710381639,5.355832061716115e-12,0.937246798555263,0.5328893613577956,6.132779721553147e-12,6.390300898326032e-12,10.9413597,10.31214957,11.99664595,10.9304712,12.57142571,12.24056939,11.84502363,11.21133833,11.79140675,13.8693998,13.81316242,13.47144978,12.16277224,14.22337937,13.00984066,15.31164766,14.63419407,14.17047437,13.41023777,15.67660956,16.58305187,16.49652034,16.06869232,15.52868739,16.88533556,15.39179953,18.06878446,17.93000417,16.58626608,15.63345023,
3.594636874271979,4.89475491771382,5.866666082269134,6.647649681961853,7.470761400560348,8.492595373097721,9.680373805239011,9.91426974244428,10.04929800435888,10.038200020328086,10.192080129572552,10.408755333338693,10.597785127997135,10.769239669387357,11.040644896029905,11.383739206059404,11.511322953702619,11.810207781498193,12.19463517313614,12.967940040502882,12.83771096759122,12.687947533727034,12.886087568919482,12.85679941041243,12.82311802812613,12.698481143162956,12.555148725482045,12.311809784243408,12.124845000072602,11.90983549829255,1.3043686659001035,1.3582257033835043,1.417215316539081,1.4818266398283917,1.5143809745271808,1.586282109988582,1.6711821507635327,1.7593629552243437,1.8347598574823372,1.8311417014018612,1.9057653571256972,2.0051283038792826,2.081436490254922,2.1377760652383775,2.231597497779064,2.345652642476575,2.330284308620747,2.3785813781459564,2.4422200061152006,2.6702775728149604,2.924755025504463,3.2034841794352706,3.508776221735684,3.843162595667326,4.209415991034653,4.610573334980485,5.049960973804349,5.531222254608123,6.058347735472492,6.6357082746631955,5.984341869829467,4.1227487189043055,4.725128401193508,2.8899113982115656,3.4047877349143754,2.062489316915697,0.43066406399956275,2.2170202128780158e-12,0.003268908160573141,1.7736356982724863,1.5158942033043088,0.9483879927847183,2.8220124622821613e-12,1.331022385377232,3.138676479518409e-12,1.3322882814672916,0.6739852976800756,3.655282523466414e-12,3.782417890725136e-12,0.0545484066864413,0.5498622669085024,0.3669258468420817,4.745189977805642e-12,4.879437070033798e-12,5.25085564743799e-12,5.351037335700452e-12,0.16869609071923036,6.192989696641188e-12,6.124847196855958e-12,6.390959122167555e-12,10.88334741,10.37572934,12.0090098,11.01938772,12.38993011,12.1413668,11.78222002,11.28046207,11.88732677,13.64297742,13.61373969,13.36227163,12.23776206,14.23803812,13.11567231,15.06168013,14.51559256,14.09534096,13.49291886,15.69276602,16.31232826,16.25835756,15.93846504,15.44635258,16.90273774,15.5170078,17.77380579,17.67114595,16.49832387,15.72983859,
3.55667102488798,4.843057476643323,5.8047035061714425,6.577438510316297,7.391856684440749,8.402898247048077,9.578131596435945,9.809557170643764,9.943159290549106,9.932178521248176,10.084433378970694,10.298820101747191,10.48585340080285,10.655497072966972,10.924035770856507,11.263506386099944,11.38974261923299,11.68547068411978,12.06583782907343,12.830975202156537,12.702121583161508,12.553939921301613,12.749987240318221,12.721008417594868,12.687682771459855,12.56436227682141,12.422543708013652,12.18177486492831,11.99678476612468,11.78404615251671,1.2624159339901,1.314540754260625,1.3716330699029384,1.4341662832259716,1.465673564808697,1.5352621262725041,1.6174315060442468,1.7027761294882438,1.7757480225368267,1.7722462381049657,1.8444697547388569,1.9406368664682512,2.0144907337780866,2.0690182450812378,2.1598220756895166,2.2702088365676807,2.2553347982335192,2.302078477170009,2.363670280213057,2.584392775007206,2.8306854064656224,3.1004497257020205,3.395922584561648,3.719554006870597,4.074027503725588,4.462282324830858,4.887537830387456,5.353320185623593,5.86349159931373,6.422282348728497,5.96394753112347,4.234026049097683,5.071295573927344,3.005278236459546,3.50320826075246,2.2921022566814235,0.478058997521915,2.2362103457164476e-12,0.16571748691638893,1.816421800649293,1.6527615662930097,1.2206496317872495,2.8358995110770767e-12,1.7964365619547598,0.02883329345725621,1.3931339373356497,0.9767944125369338,3.748478667850962e-12,3.7909360138289635e-12,0.5892176528402361,0.6334945903770428,0.5656620030007463,5.0040970857404915e-12,4.894945112042679e-12,0.4768895448196379,5.380547921474637e-12,0.30461454160449236,0.09441635945413579,6.133273211021743e-12,6.397170951180384e-12,10.78303449,10.39162428,12.24763215,11.01688303,12.36073851,12.23026263,11.6736221,11.297743,11.8846248,13.52084656,13.5816647,13.4601066,12.25650952,14.52095188,13.11269114,14.92684916,14.62187183,13.96542277,13.51358914,16.00458563,16.16630158,16.22005165,16.05516221,15.30398198,17.23859982,15.5134808,17.61469608,17.62951141,16.34625714,15.75393568,
3.1365465650159816,4.270981259229344,5.119034826616189,5.800492095494322,6.518708795510061,7.410323150083177,8.446734473852107,8.650823377424866,8.768644021317886,8.758960332837548,8.893230398203404,9.082293129674566,9.247233504421514,9.39683836623744,9.633656481982573,9.933027828029177,10.0443526653963,10.305148460005585,10.640585517186572,11.315342609567574,11.201709559667641,11.071031552268954,11.243921184382595,11.21836542557468,11.188976302942793,11.080222788449145,10.955156246804782,10.74282772880079,10.57968920547257,10.392079903659408,1.2929272602301023,1.3463118850972382,1.4047840647142198,1.468828643048707,1.5010974240084778,1.5723678711679796,1.6565232023885685,1.743930519734487,1.8186660702078608,1.8150796511604617,1.8890487377122258,1.9875401120246028,2.0631789531920273,2.119024339722852,2.2120228077916817,2.3250775059027715,2.3098439769887618,2.3577174037360082,2.4207978188487855,2.6468549548383176,2.8991002320346437,3.1753844841477754,3.477998625487289,3.8094518944964566,4.172492660042198,4.570131210544446,5.005664714909553,5.482704562240652,6.0052063070224,6.577502468081807,6.158977774755466,4.75354544567505,5.790578058671316,3.6874497114587816,4.386623490483367,3.242418228750845,1.3597106237614265,0.8803909628428586,1.2324673684765695,2.9111279060044257,2.849589894086929,2.38460176830352,0.9215811623892863,3.0842463940426748,1.1954636902288616,2.629354996071324,2.2615140776183753,1.050546926262024,0.4251754439684438,2.1296329255980893,2.0228323083018855,2.0335926835876497,1.3264773501347102,9.090895921539618e-12,1.9711026370200722,5.460061153220762e-12,1.6073936282912444,1.4691462289644253,6.1653020018387736e-12,6.4123074348091555e-12,10.5884516,10.37083859,12.31439695,10.95677045,12.40642971,12.22510925,11.4629683,11.27514486,11.81977746,13.48516789,13.63186903,13.45443501,12.23199362,14.6001091,13.04114298,14.88746033,14.61571072,13.71341279,13.48655878,16.09183049,16.1236421,16.28000872,16.04839716,15.02781732,17.3325716,15.42883296,17.56821459,17.69467852,16.05128434,15.7224241,
2.546538653363985,3.4675776810491232,4.156106017775033,4.709376068081198,5.2924908250821945,6.016385838514924,6.8578404262450015,7.023538677776637,7.119196375699665,7.111334261584298,7.220347121542307,7.373845736538779,7.507759590864516,7.629222657153631,7.821493510801466,8.064550863407165,8.154934664686197,8.366672816134281,8.639011649362379,9.186841876576288,9.094584054837767,8.988487559827291,9.128855356643667,9.108106827561947,9.084246019115708,8.995949855610213,8.894409267597835,8.722021334850565,8.589570390190058,8.437251803842077,1.323078466290105,1.3777080264867956,1.4375437837702385,1.5030818887228012,1.5361031812073505,1.6090356630414961,1.6951535058516605,1.7845991714616414,1.8610775632004466,1.857407508465997,1.933101562260153,2.033889766265406,2.1112925135366996,2.1684402206300066,2.2636074232133434,2.3792985693317186,2.3637097928462207,2.4126996331760826,2.4772510905144505,2.7085799038041745,2.9667075686369526,3.2494347999282898,3.5591059363616915,3.898288732097195,4.269795648266292,4.676707173546302,5.122397367185491,5.610561836278492,6.14524837927605,6.730890549821235,6.65477924034746,5.525552882465715,6.594635858456452,4.71175151319781,5.577835703712359,4.494043428445581,2.8406287079054375,2.467007010763929,2.804377881102204,4.597389269952139,4.478420346200097,3.9304318571985055,2.612941515601606,4.652927032219323,2.9172867959883035,4.532993227264388,3.970763352471013,2.8510805306932445,2.370296040126956,4.031612849623512,4.159154686529453,4.0420863602488,3.2217522769992373,1.9305104203456864,3.801027692623062,1.71032502084881,3.656885175222254,3.362095348876806,1.2193627205400577,0.5542817463431775,10.52439636,10.37083859,12.18828566,10.92420947,12.40642971,12.11946493,11.39362264,11.27514486,11.78465182,13.56613104,13.63186903,13.33816736,12.23199362,14.45058991,13.00238773,14.97684266,14.48940781,13.63045298,13.48655878,15.92703463,16.22044631,16.28000872,15.90971357,14.93690598,17.15506936,15.38298205,17.67369181,17.69467852,15.95418149,15.7224241,
1.589587079447991,2.164513258613421,2.594302826679673,2.9396621724922474,3.3036510254946494,3.7555169960776698,4.280765391122073,4.384196689670739,4.443907639067607,4.438999991190979,4.507047430193727,4.602863535238599,4.686454543101006,4.762273584978992,4.882291894659583,5.034011887896861,5.090430793030995,5.222600877833539,5.392598804218617,5.7345625320261355,5.676973835612735,5.610746834730347,5.698366488920612,5.685414950289032,5.670520680861305,5.615404910092322,5.552021773719816,5.444414677245619,5.3617368392261975,5.2666573255111055,1.351883004450107,1.4077018964146724,1.4688403287834686,1.5358052537570188,1.5695454477305562,1.6440657314295342,1.732058432574018,1.823451406037579,1.9015947971013547,1.8978448421687375,1.975186819586889,2.0781692681077284,2.1572571387063757,2.215648999757038,2.3128880728969854,2.4310979131956723,2.4151697558506227,2.4652261464729937,2.5311829436786186,2.7675479810470214,3.031295303641048,3.3201777460782806,3.636590685279782,3.9831577775871843,4.362752713791482,4.778523047416048,5.233916293835029,5.732708516637736,6.279035638273535,6.877427734601183,7.621601136103455,7.0382702549735425,7.837064744538583,6.809417533752546,7.378390846776702,6.432581182494798,5.42266789630601,5.328040074293889,5.828233383833354,7.059126356642715,6.979497890221939,6.340943286656359,5.670935878195438,7.131118585266928,6.236496722446541,7.32387846891073,6.64032497112181,5.992714895697068,5.874421162106544,7.048478686930809,7.308724270750382,7.145896309195743,6.197604685804184,5.323223122128591,6.716325165352256,5.49694115249693,6.6660728024507145,6.2967112561224825,4.372037142506398,3.941649009894146,10.56307122,10.61048541,11.9002079,11.28488496,12.25158732,11.83216391,11.43549172,11.53568817,12.17373582,13.39597119,13.46173214,13.02197609,12.51464756,14.10904117,13.43167669,14.78898827,14.14592552,13.68054192,13.79820291,15.5505892,16.01699341,16.07682089,15.53256186,14.99179585,16.74959856,15.89086911,17.45201087,17.47383445,16.01280962,16.08573407,
0.519319383839997,0.7071482313299741,0.8475608306488699,0.9603900081061082,1.0793054606219132,1.2269304384890751,1.3985295137483753,1.4323206025956232,1.4518282180324893,1.4502248855039692,1.4724560388340961,1.5037592378077131,1.5310684876493417,1.5558386299211873,1.5950487087137797,1.6446157531512278,1.6630478550662484,1.7062279286143884,1.7617663885866686,1.8734862148967186,1.8546719412251298,1.8330355265005234,1.8616609383541245,1.8574296602134721,1.852563690351261,1.8345573234867578,1.813850001596442,1.7786946761913078,1.7516837596755677,1.7206212056848327,1.3702954055101086,1.4268745406482275,1.4888456673650174,1.556722642457925,1.5909223717471945,1.6664576081795484,1.7556487539368364,1.8482864831048023,1.9274941729664168,1.9236931443284944,2.0020885054361433,2.1064735562073733,2.186638589243636,2.2458257368396315,2.344389188500103,2.464209025360367,2.448063929404344,2.4988020789782817,2.5656571957861103,2.805241482046809,3.0725809952861183,3.3653979641371294,3.6861203901196418,4.0374076632982865,4.422172613610856,4.843605663688211,5.305201283437932,5.810786965749799,6.36455496358598,6.971097051615907,9.324886110651454,9.25286944802344,9.82344230198784,9.65067585943778,9.828853477632798,9.072763783333377,8.986545722316889,9.099188254301781,9.746858639003412,10.238869740169969,10.259127695732316,9.559204695987594,9.712681573109837,10.615210433242135,10.543102412789215,10.919526341491661,10.195002785532825,10.319197502410917,10.480442705630985,11.211147093060431,11.348978843492908,11.203154829366706,10.160671911530802,10.021509776493039,10.840308036042924,10.45597132283032,10.615424014971174,10.237341278064722,8.884088566744568,8.571065952705673,11.2145009,11.38689222,12.1598488,12.16778851,12.49908131,11.96615183,12.14072399,12.37979534,13.12618103,13.61278777,13.73367224,13.16943749,13.43038865,14.4168748,14.48254031,15.02835112,14.30611457,14.52422751,14.80786629,15.88987479,16.27623178,16.40158832,15.70845324,15.9163471,17.11504434,17.13413431,17.7344753,17.82682292,17.00032729,17.26278421,
1.9322639999999888e-05,2.6311304999999038e-05,3.153572410032512e-05,3.5733829631032654e-05,4.015839099134561e-05,4.565116555570499e-05,5.20359593044974e-05,5.329324540881226e-05,5.401907741523154e-05,5.3959421222505196e-05,5.478658960086711e-05,5.595130723598225e-05,5.696741951636349e-05,5.7889057638800905e-05,5.9347971479602824e-05,6.11922433965238e-05,6.187805810098124e-05,6.348468601110233e-05,6.555114010773857e-05,6.970796931886758e-05,6.900793491166048e-05,6.820289534328752e-05,6.926797888399602e-05,6.911054308091248e-05,6.892949190734928e-05,6.825951779227192e-05,6.748904756007669e-05,6.618100145584048e-05,6.517598944946309e-05,6.402022564221715e-05,1.3658545740901082,1.4222503484725628,1.4840206401536733,1.5516776406320014,1.5857665359859219,1.66105697903291,1.749959075552441,1.8422965858502913,1.9212475806982405,1.9174588703730964,1.9956001690491052,2.0996469304183716,2.1795521658985297,2.238547500733826,2.336791529537564,2.4562230561881244,2.4401302830006903,2.490704001191501,2.5573424550067263,2.7961503003468127,3.0626234239701122,3.354491436274707,3.6741744701519297,4.02432329715765,4.407841307377017,4.827908583970286,5.288008272022888,5.791955460346901,6.3439288157181855,6.948505231856311,9.970694533271454,10.16391368022408,10.759870824123956,10.960470135540186,11.094770215624996,10.47382243980354,10.52286214849036,10.75412179090651,11.576400610226667,11.920325060208116,11.937440024363852,11.255479258277077,11.48584376668477,12.27794887021149,12.555600772494062,12.82051945157174,12.06769899894463,12.191553244126084,12.509631723856938,13.203518681687827,13.48262220809914,13.285191470834317,12.25576499187376,12.065200842304073,12.825468933136111,12.791119066517208,12.739590458935103,12.293659488657472,10.841378348298475,10.616355387924463,11.33656843,11.58619034,12.243923,12.51218351,12.68057691,12.13492507,12.27287326,12.59647167,13.49770221,13.83783789,13.93309498,13.35518214,13.6654529,14.51655426,14.89245165,15.2768037,14.50789116,14.68232073,15.06703973,15.99973869,16.54531464,16.63975111,15.93000873,16.08959325,17.23337917,17.61909591,18.02766622,18.08568113,17.18537234,17.56492464,
9.729839999999943e-06,1.3248954999999514e-05,1.587969085902896e-05,1.7993630523427786e-05,2.0221601137486084e-05,2.2987466343652864e-05,2.6202504330633442e-05,2.683560584415369e-05,2.7201095719726517e-05,2.717105607658063e-05,2.758757348696145e-05,2.817406250889886e-05,2.868572188412629e-05,2.9149809165637335e-05,2.9884439539374468e-05,3.081311546917155e-05,3.115845478843736e-05,3.1967466005590535e-05,3.3008020905315165e-05,3.510117603999714e-05,3.474867644487868e-05,3.434330191044974e-05,3.487962057279232e-05,3.4800344388260895e-05,3.470917677604112e-05,3.4371813923768126e-05,3.398384664372656e-05,3.332518513024591e-05,3.281911525469418e-05,3.223713489785402e-05,1.314729320550104,1.369014146725786,1.428472316836018,1.4935968505577626,1.5264097656931968,1.5988820148687908,1.6844564202043413,1.7733376484683776,1.849333431461854,1.8456865362169073,1.9209029307467937,2.0210551215256563,2.097969427004487,2.1547565095790024,2.2493231696667273,2.3642842591298243,2.348793853957973,2.397474549118357,2.461618661360588,2.6914876988129555,2.9479864765100685,3.228929587721712,3.5366465774318256,3.8736889962613112,4.242851557605247,4.647195311045258,5.090073024188096,5.575156983393445,6.106469443911056,6.688415981915956,9.89492748961146,10.253843584320856,10.66335941347485,11.056139035813533,11.112263322707573,10.340191577666866,10.45100772729343,10.862986265927985,11.688871157444742,12.029175122729447,11.96614383168227,11.118578334414513,11.61071814727644,12.181466040614783,12.687816195896833,12.953392407757963,11.924943687590652,12.120459883419223,12.653088690622273,13.109491480014952,13.641593644817634,13.355826538980732,12.136255252952166,12.035762073399093,12.776446083223004,13.024771127146103,12.985828451970807,12.450754311427247,10.886496506979798,10.932085090955557,11.20966654,11.62287098,12.09184761,12.54975388,12.63869331,11.93909658,12.13549035,12.63635075,13.53823179,13.87488883,13.88707435,13.13966163,13.70871626,14.3362517,14.93716925,15.31770748,14.2737687,14.5179664,15.11474036,15.80101428,16.58961487,16.58479047,15.67293671,15.90948587,17.01933235,17.67200081,18.07593546,18.02594462,16.99299877,17.62053331,
0.0,0.0,0.0,0.0,0.0,0.0,0.0,0.0,0.0,0.0,0.0,0.0,0.0,0.0,0.0,0.0,0.0,0.0,0.0,0.0,0.0,0.0,0.0,0.0,0.0,0.0,0.0,0.0,0.0,0.0,1.021739241900081,1.0639265851626556,1.1101343822381597,1.1607457823749652,1.1862462732448138,1.242567935638775,1.309071912287757,1.3781457797113925,1.4372057493109665,1.4343715720209205,1.492825841446712,1.5706589146744476,1.630432712172422,1.6745646789525694,1.7480569682601708,1.8373987472560822,1.8253604100944905,1.8631925142324952,1.9130419817923339,2.091684240994868,2.2910217491618643,2.509356121857172,2.748497760270342,3.0104295968242867,3.2973235374018226,3.6115584705163952,3.955739992756783,4.332722014066677,4.7456304220074,5.1978890012248415,10.009056078101482,10.37554121483899,10.764109427763568,11.286315767626853,11.262067036757093,10.521313674363228,10.632773957714345,11.058809570290814,11.99024518069135,12.225072927981511,12.18506381855584,11.37616857532823,11.861966757830386,12.403693131050382,13.066884171742926,13.24246084274717,12.238930299908922,12.42311252577109,12.963195218211425,13.424976399009077,14.040995500842284,13.825613238147174,12.694427149734219,12.645190623180504,13.415730442603206,13.915835609488884,13.83951878724876,13.421693015939137,11.976213217998696,12.14460096878156,11.03079532,11.4394678,11.87424381,12.44706155,12.44831331,11.76388161,11.94184587,12.43695535,13.42745093,13.6594445,13.67788966,12.94682749,13.49239947,14.07825781,14.81494114,15.07985959,14.06429071,14.28630504,14.8762372,15.51666064,16.33201725,16.33496936,15.44292491,15.65562022,16.71305398,17.52739408,17.79525878,17.75441503,16.72184364,17.34248997,
0.0,0.0,0.0,0.0,0.0,0.0,0.0,0.0,0.0,0.0,0.0,0.0,0.0,0.0,0.0,0.0,0.0,0.0,0.0,0.0,0.0,0.0,0.0,0.0,0.0,0.0,0.0,0.0,0.0,0.0,0.996796306890079,1.0379537629582594,1.0830335245897433,1.1324093875047132,1.1572873544854854,1.2122340794128819,1.277114545581462,1.344502165755914,1.4021203496992225,1.3993553610015819,1.4563826312640318,1.5323156254818453,1.5906302111915749,1.6336848181776387,1.7053829966977097,1.7925437434930482,1.7807992890063469,1.817707827056148,1.866340357868685,2.040621560865682,2.235092795616363,2.4480971390387793,2.6814007963893527,2.9369382922854346,3.216828511540413,3.5233922686903894,3.8591715518967544,4.226950600792684,4.62977899304839,5.070996931086036,9.728225893111482,10.017590037043385,10.215054765411985,10.722292762497103,10.662771975516423,10.06980636058912,10.33370393442064,10.675052164246292,11.386314150303093,11.683741269000848,11.53119754873852,10.88421797452083,11.448946098811232,11.76147551182531,12.404510643305386,12.651034846510202,11.707426950997066,12.072581532947433,12.510630222135076,12.723148219138265,13.407809804387785,13.062462570965575,12.128991643615208,12.284708887719352,12.68528385846461,13.169867851314889,13.185232428108781,12.631416769213127,11.628535946957706,11.689455638920363,10.7250222,11.0555438,11.29808829,11.85470215,11.82005933,11.28204044,11.61081848,12.01955433,12.7884345,13.08309663,12.98758018,12.4165336,13.03957631,13.39516033,14.10989364,14.44357859,13.48822624,13.89028936,14.37697058,14.76376978,15.6429026,15.51055971,14.81039244,15.22164718,15.90211237,16.69326012,17.04440398,16.85836737,16.25831494,16.76045257,
0.0,0.0,0.0,0.0,0.0,0.0,0.0,0.0,0.0,0.0,0.0,0.0,0.0,0.0,0.0,0.0,0.0,0.0,0.0,0.0,0.0,0.0,0.0,0.0,0.0,0.0,0.0,0.0,0.0,0.0,2.570733475320204,2.676878381096986,2.7931388963943107,2.9204790387994852,2.984639210815887,3.126346582877455,3.2936730317427414,3.467465420224905,3.6160624738319207,3.6089315796313963,3.7560046693453804,3.9518355414781707,4.102228612306393,4.21326626230647,4.398175562598808,4.622962761319232,4.592673862685032,4.687860826795862,4.813283918841002,5.26275440701052,5.764294901999089,6.31363220616006,6.915321355407571,7.574351480578368,8.296187176677943,9.086813814615802,9.952787171149128,10.901287788560074,11.940180514810272,13.078079717872036,8.359748924681345,8.36154778890464,8.3009458336074,8.468350591202316,8.207166129186001,8.160847237124534,8.539574918259346,8.53347866977729,8.669805196170389,8.899189440371028,8.54126603065716,8.4703696585245,8.917158127696412,8.940024797696477,9.157219827404287,9.185849788684024,8.901713487318386,9.468526033207729,9.541426371162773,9.234433842993438,9.19113378800508,8.372517853844318,7.901836144597022,7.938898129426453,7.318789223327119,6.950425515389534,6.342549758856449,5.061031921445932,4.629596395195852,3.6564221421344696,10.9304824,11.03842617,11.09408473,11.38882963,11.19180534,11.28719382,11.83324795,12.00094409,12.28586767,12.50812102,12.2972707,12.4222052,13.01938674,13.15329106,13.55539539,13.80881255,13.49438735,14.15638686,14.35471029,14.49718825,14.95542869,14.68615006,14.8171575,15.51324961,15.6149764,16.03723933,16.29533693,15.96231971,16.56977691,16.73450186,
0.0,0.0,0.0,0.0,0.0,0.0,0.0,0.0,0.0,0.0,0.0,0.0,0.0,0.0,0.0,0.0,0.0,0.0,0.0,0.0,0.0,0.0,0.0,0.0,0.0,0.0,0.0,0.0,0.0,0.0,2.480448446880197,2.5828655076941227,2.6950429144036305,2.817910827972568,2.8798176730646396,3.016548234328992,3.1779981217616755,3.3456868628267085,3.489065137692245,3.482184682905949,3.6240925160054047,3.8130457417272856,3.9581569570822515,4.065294927288832,4.243710150464274,4.460602746798157,4.431377604520211,4.52322157028276,4.644239760948182,5.077924693673343,5.561850916980863,6.091895309369581,6.672452932352944,7.308337696806619,8.00482227931273,8.767681842531667,9.603241922125362,10.518430877304327,11.520837339911838,12.618773138405768,7.909794493121351,7.907796492307501,7.936633735598079,8.096279872029234,7.794154076937253,7.672853325672998,8.070391158240415,8.059729657175488,8.284778802310068,8.706200497096479,8.104195823997143,7.951254738275386,8.415163632920557,8.539759102714118,8.746752879538825,8.995225343205103,8.348320135483212,8.93348539972084,8.9981410890556,8.815012086330615,9.01128322302331,7.9147413506348006,7.359958407651651,7.438169043198204,6.959312570692342,6.601192227473678,6.275549367880224,4.705328342701645,4.229977800094344,3.285305951600731,10.39024294,10.490662,10.63167665,10.9141907,10.67397175,10.68940156,11.24838928,11.40541652,11.77384394,12.18838518,11.72828834,11.76430048,12.37332059,12.60505403,12.99046303,13.45582809,12.77969774,13.45670697,13.64238085,13.89293678,14.57313414,14.00663666,14.03241134,14.74650674,14.96413485,15.36887407,15.87879129,15.22375922,15.75081514,15.90407909,
0.0,0.0,0.0,0.0,0.0,0.0,0.0,0.0,0.0,0.0,0.0,0.0,0.0,0.0,0.0,0.0,0.0,0.0,0.0,0.0,0.0,0.0,0.0,0.0,0.0,0.0,0.0,0.0,0.0,0.0,2.433881071140193,2.5343753773171063,2.6444467908726943,2.7650080101401433,2.825752630183794,2.9599162429475445,3.118335106864817,3.28287569759342,3.4235622212931482,3.416810938602204,3.5560546262755763,3.7414604870560315,3.883847417414055,3.9889740037029795,4.164039700003231,4.376860403997886,4.348183927902953,4.438303635913443,4.557049858555025,4.982592888859118,5.457433991167834,5.977527450526562,6.547185816562177,7.1711326248809835,7.854541564032573,8.603079375085303,9.42295283953135,10.3209602451391,11.304547756501256,12.381871157696152,7.325478211861352,7.316820863684518,7.357909769129018,7.630711669861657,7.364653929818096,7.176785157054443,7.447064853137275,7.427315542408778,7.790973468709164,8.21169345140022,7.640904593726971,7.414561712946644,7.735248612588749,7.869949946299968,8.20932043999987,8.460866146005374,7.770733972100469,8.20132748409016,8.25374996144876,8.087980271144838,8.446274488836341,7.3945635994778245,6.759673583442419,6.679983105123844,6.223822315972507,6.035707044920046,5.726436640474222,4.21311380486682,3.4898959135050065,2.5527634823106076,9.759359283,9.851196241,10.00235656,10.39571968,10.19040656,10.1367014,10.56539996,10.71019124,11.21453569,11.62850439,11.19695922,11.1560222,11.61909603,11.85892395,12.37336014,12.83772655,12.1189179,12.63963112,12.81079982,13.07057316,13.90370848,13.37209105,13.3068594,13.85111573,14.07836388,14.63878642,15.14938948,14.53407405,14.79444367,14.93463464,
0.0,0.0,0.0,0.0,0.0,0.0,0.0,0.0,0.0,0.0,0.0,0.0,0.0,0.0,0.0,0.0,0.0,0.0,0.0,0.0,0.0,0.0,0.0,0.0,0.0,0.0,0.0,0.0,0.0,0.0,2.447945672640194,2.5490207024959086,2.6597281826968877,2.780986085761034,2.8420817290672065,2.9770206294042483,3.136354944046496,3.3018463609541646,3.4433458659929235,3.4365555698506696,3.576603901186273,3.7630811617070696,3.9062908994972396,4.012024977894444,4.188102321511395,4.402152846645679,4.373310658588284,4.463951138872939,4.5833835570402135,5.011385661131148,5.48897071463739,6.01206962374277,6.585019858885891,7.21257225143815,7.89993038700064,8.65279375288223,9.477404997532327,10.380601693797571,11.369873035216882,12.45342193547338,6.985094476361349,6.972049811505713,7.02858652930482,7.264076864240766,6.909181644934683,6.7267967245977385,7.075774675955592,7.049433179048029,7.392913714009385,7.739104070151753,7.13783596881627,6.916527278295601,7.323434910505564,7.474566882108505,7.767893548491704,7.935638643357581,7.22807338141514,7.753054541130666,7.798110572963572,7.648813508872804,7.873290535366785,6.78376740626162,6.15357508111871,6.175410198566683,5.736418113004456,5.492213587123096,5.08202714247332,3.5271440962085325,2.9298957347894365,1.9807346845335205,9.433040149,9.521070514,9.688314712,10.04506295,9.751263374,9.703817354,10.21212962,10.35127954,10.83625958,11.17565964,10.71443987,10.67960844,11.22972581,11.48659186,11.95599587,12.33779149,11.60138404,12.21700568,12.38149413,12.66019917,13.36226125,12.79583703,12.73859494,13.38798245,13.6363485,14.14500734,14.55943214,13.90774579,14.29976877,14.43415662,
0.0,0.0,0.0,0.0,0.0,0.0,0.0,0.0,0.0,0.0,0.0,0.0,0.0,0.0,0.0,0.0,0.0,0.0,0.0,0.0,0.0,0.0,0.0,0.0,0.0,0.0,0.0,0.0,0.0,0.0,2.4714602806201955,2.573506222424729,2.6852771424832484,2.807699831223359,2.8693823503404157,3.0056174540116007,3.1664823107685898,3.333563414014535,3.47642214259634,3.4695666198628112,3.6109602349791845,3.7992287687816315,3.9438141583604387,4.0505639028450995,4.228332619663502,4.444439282825154,4.415320040929092,4.506831200406031,4.627410868908433,5.0595242985915965,5.541696964247825,6.069820684941082,6.648274596216408,7.281855165236268,7.975815962483723,8.735911223708856,9.568443563328733,10.480316234914378,11.479090372102126,12.57304768456379,6.843138108381346,6.80450980957689,6.891762898518458,7.0532683387784365,6.662309428661472,6.637647666990385,6.917423259233497,6.862187715987659,7.161242477405968,7.3973352301396105,6.862219955023357,6.813738461221039,7.1171845516423655,7.304099257157846,7.508547000339596,7.552487387178107,7.113670869074332,7.556777099597574,7.5680507910953505,7.455266761412353,7.451395725756352,6.437889335063307,6.010830973788197,5.938027054768572,5.503912907521375,5.149862086296461,4.588744936676988,3.114265415091615,2.6411297379044543,1.6442351354429205,9.314598389,9.378016032,9.577040041,9.86096817,9.531691779,9.643265121,10.08390557,10.19575113,10.63766462,10.86690185,10.47318019,10.61296723,11.06099871,11.35466316,11.73687962,11.99692667,11.52899091,12.0636083,12.19546166,12.51479106,12.99309269,12.50771002,12.65910557,13.21988222,13.47972887,13.88577331,14.1571885,13.59458165,14.12022011,14.21728282,
0.0,0.0,0.0,0.0,0.0,0.0,0.0,0.0,0.0,0.0,0.0,0.0,0.0,0.0,0.0,0.0,0.0,0.0,0.0,0.0,0.0,0.0,0.0,0.0,0.0,0.0,0.0,0.0,0.0,0.0,2.472889876710196,2.574994846159457,2.686830419197247,2.8093239223455533,2.871042121213906,3.0073560289723167,3.1683139366968014,3.3354916866474444,3.4784330506984107,3.4715735624435373,3.6130489655461093,3.8014264017500654,3.9460954255710385,4.052906918576815,4.230778464263025,4.447010132565606,4.417874046881001,4.509438140243549,4.630087557074084,5.062450939254708,5.5449025137661305,6.073331723328482,6.652120236562127,7.286067295106936,7.980429508331065,8.74096444047545,9.573978351653183,10.48637848856615,11.485730358526911,12.580320461694857,6.815119546291345,6.748000230842162,6.8320995158044555,7.047887211656243,6.529922060787979,6.601123767029667,6.886806643305287,6.800440823354748,7.155178609303897,7.262219377558885,6.716491074456431,6.773257578252601,7.050008244431762,7.232860141426131,7.501629395740072,7.40296592743765,7.0695293131224215,7.519734019760056,7.493823162929695,7.376404780749241,7.289037506238048,6.262834476675907,5.9613212234424795,5.896078134897905,5.417509121674028,5.139518379529867,4.409798438352512,2.921752841439861,2.5941829114796557,1.553549358311887,9.288009423,9.322995077,9.518929935,9.857211134,9.400964182,9.608479796,10.05512058,10.13593251,10.63361166,10.73379294,10.32954004,10.57468398,10.99610367,11.28576706,11.73240786,11.84997606,11.48740336,12.02917216,12.12391072,12.43885572,12.83394002,12.3361662,12.61344146,13.18214543,13.39793863,13.88048282,13.98377679,13.40813133,14.07991327,14.13386982,
0.0,0.0,0.0,0.0,0.0,0.0,0.0,0.0,0.0,0.0,0.0,0.0,0.0,0.0,0.0,0.0,0.0,0.0,0.0,0.0,0.0,0.0,0.0,0.0,0.0,0.0,0.0,0.0,0.0,0.0,2.472785325690196,2.574885978255473,2.686716823010236,2.8092051472701414,2.87092073676203,3.007228881320781,3.168179983924832,3.3353506657870637,3.478285986436926,3.471426788193549,3.6128962098742075,3.801265681690713,3.945928589067058,4.052735566202295,4.230599591678363,4.446822117947694,4.4176872641042255,4.509247486239249,4.629891802147292,5.062236904487376,5.544668081485472,6.0730749496514775,6.651838992353705,7.2857592483254505,7.980092104691304,8.740594882268818,9.573573574549462,10.485935136204443,11.485244754685134,12.579788579806957,7.0037640413113476,6.853260256746147,7.023852822991471,7.218324972731655,6.495775046239857,6.837018118681204,7.091052346077253,6.91490187421513,7.33905978356538,7.271971951808874,6.678990580128334,7.032893648311957,7.174196710935744,7.4602420238006495,7.704528058324734,7.413758622055565,7.351587215899198,7.764108253764355,7.630760727856492,7.627043885516572,7.300757178518706,6.218123450352913,6.271103647650895,6.163974301679384,5.687580315313796,5.379723497736498,4.422717465456235,2.8733208738015765,2.880480675321272,1.713492750199793,9.476549367,9.428146235,9.710569646,10.02753012,9.366695783,9.844247,10.25923233,10.25025254,10.81734577,10.74339874,10.29188679,10.83415933,11.1201253,11.51297759,11.93512765,11.86058074,11.76927448,12.27335574,12.26065253,12.68928079,12.84542526,12.2911984,12.92294264,13.44973355,13.66767242,14.12031838,13.99629104,13.35925601,14.36572543,14.29328133,
0.0,0.0,0.0,0.0,0.0,0.0,0.0,0.0,0.0,0.0,0.0,0.0,0.0,0.0,0.0,0.0,0.0,0.0,0.0,0.0,0.0,0.0,0.0,0.0,0.0,0.0,0.0,0.0,0.0,0.0,2.4817267807801966,2.5841966236630025,2.6964318425725544,2.819363077844201,2.881301827497249,3.0181028547742494,3.179635947671056,3.3474111094809436,3.4908632763515786,3.4839792756263974,3.625960242918162,3.815010848335339,3.9601968487905923,4.067390034052928,4.245897206016239,4.462901580991964,4.433661377127009,4.525552675965596,4.6466332350530815,5.0805416733915605,5.5647172948662265,6.095034853067419,6.675891674565187,7.312104151151689,8.008947676756884,8.772200390352252,9.608191087553246,10.52385169819749,11.52677476503612,12.625276400144394,7.7659026092213495,7.674154676338622,7.779460267429156,7.923256302157601,6.484124755504638,7.707372385227737,7.914361112331032,7.805437910521252,8.097895563650733,7.373316774376027,6.664531987084381,7.988990781667331,8.139122471212211,8.352963815950018,8.540355443986858,7.523420409011295,8.389164182876412,8.746451324038002,8.6936436049507,8.608823766612398,7.416890145137953,6.194498066936973,7.403875035439407,7.231996188853133,6.735919703248185,6.355074629653099,4.536483162452468,2.8335941118085595,4.007849124970166,2.926614449862384,10.24762939,10.2583513,10.47589211,10.74261938,9.365426583,10.72547524,11.09399706,11.15284902,11.58875884,10.85729605,10.29049223,11.80400163,12.09931932,12.42035385,12.78625265,11.98632199,12.82282556,13.272004,13.34027684,13.68936544,12.98160744,12.28953292,14.07976671,14.54410034,14.74486738,15.12727502,14.14467425,13.35744581,15.53462389,15.55189085,
0.0,0.0,0.0,0.0,0.0,0.0,0.0,0.0,0.0,0.0,0.0,0.0,0.0,0.0,0.0,0.0,0.0,0.0,0.0,0.0,0.0,0.0,0.0,0.0,0.0,0.0,0.0,0.0,0.0,0.0,2.502032424120198,2.605340681649934,2.7184942161222683,2.8424312824298306,2.904876818796517,3.042797160612872,3.205651927352816,3.374799836003091,3.5194257374521594,3.512485411403594,3.655628075827059,3.846225505091463,3.992599426459702,4.1006696730509775,4.280637401831255,4.4994173201406,4.469937871103505,4.562581030281722,4.684652278057131,5.122110982306973,5.610248158921282,6.144904808466925,6.730514236714269,7.371932243473581,8.074477386277056,8.843975081189699,9.686805906427507,10.60995850931047,11.62108755524817,12.728577199263656,8.712468475881352,8.625047488351695,8.692105133879446,8.848213607571974,6.572239362205369,8.718507759389121,8.935072062649278,8.834844773999109,9.092029582550154,7.632984578598832,6.757585834175486,9.097766184911212,9.253198893543107,9.427885226951974,9.633989378171846,7.8050451598626625,9.591272278899918,9.961646479721875,9.919691321946646,9.788682547696986,7.715916611082895,6.29118983153747,8.709028143290316,8.544414856531228,7.985994823728003,7.61826696881562,4.833295743578234,2.906784660695552,5.379239734757969,4.29694336074284,11.2145009,11.23038817,11.41059935,11.69064489,9.477116181,11.76130492,12.14072399,12.20964461,12.61145532,11.14546999,10.41321391,12.94399169,13.24579832,13.5285549,13.91462678,12.30446248,14.06121015,14.52422751,14.6043436,14.91079353,13.32616477,12.43609464,15.43954238,15.9163471,16.06047221,16.46224205,14.52010165,13.51674317,17.00032729,17.02552056,
0.18187795315199895,0.24766006602399096,0.2968358852896566,0.336351336648331,0.3779983457427999,0.4297001108686343,0.48979817295166483,0.5016326129235962,0.5084646420697039,0.5079031170283064,0.5156889936770731,0.5266521156663446,0.536216462035596,0.5448915527714256,0.5586238514216191,0.5759834048421301,0.5824387636693019,0.5975614485493028,0.6170123331788754,0.6561392634804587,0.6495500590488282,0.6419724739516549,0.6519977714430923,0.6505158775808833,0.6488116996391815,0.6425054433142129,0.6352532485418518,0.6229410206026608,0.6134811576329474,0.6026023152186057,2.5052262088501984,2.6086663369073504,2.721964309168364,2.8460595781858666,2.9085848247907506,3.0466812186348102,3.2097438656013284,3.37910768752377,3.523918200487525,3.5169690152782462,3.6602943978997007,3.8511351202378847,3.997695884426556,4.105904080110738,4.286101533405587,4.5051607190639835,4.475643640213112,4.568405056175002,4.690632124987485,5.128649234842373,5.617409506923307,6.152748632933544,6.739105577652557,7.3813423392032895,8.084784264129807,8.855264204501816,9.69917088319127,10.62350186835982,11.635921596414924,12.744824924553601,8.938317127999353,8.798334457070288,8.773842185543694,8.853881325167606,6.097881412468338,8.817010230498548,8.886040891449099,8.790172319554832,8.951944647445085,7.452684007695874,6.135427308425771,9.151796374098442,9.21229882354066,9.330714467120785,9.481303325175892,7.589937406097147,9.639263116121011,9.89045600527929,9.848436451837415,9.625239531681123,7.45626650403204,5.519793933119199,8.746930760908935,8.467693753220637,7.864603626236064,7.451197502189283,4.618312898272599,2.1381558810436947,5.373848475958261,4.321300250234264,11.62542129,11.65466086,11.79264238,12.03629224,9.384464583,12.29339156,12.58558293,12.67091262,12.98432749,11.47755614,10.3114107,13.52958361,13.74621117,13.9815101,14.32602871,12.67108153,14.69734552,15.05642251,15.15608091,15.41002803,13.72322607,12.31451504,16.13803411,16.49955197,16.59819959,16.94896715,14.95273703,13.38459877,17.62325123,17.66872749,
1.0827472980239936,1.4743582862504458,1.7671094664526876,2.0023509976406197,2.2502820183407026,2.558070540934669,2.915843504667653,2.986295737503851,3.0269678528964583,3.0236250083635765,3.069975523959906,3.135240667459025,3.192178685559646,3.2438228287422044,3.325573304825084,3.4289173838364264,3.4673471231575763,3.5573747813147207,3.6731688751664673,3.906097481024526,3.8668709383301887,3.821760414226948,3.881442544922959,3.8726206039044992,3.8624753717323097,3.824933262432233,3.781759836745199,3.7084632589974076,3.6521472465691485,3.587383832281583,2.458897758060195,2.5604249966283747,2.6716277810321167,2.793428190789549,2.8547971754168784,2.990339791097561,3.150386965932665,3.3166187898495685,3.458751362314371,3.4519306864524166,3.5926055926768576,3.779917150669587,3.9237676074506984,4.029974739098779,4.206839851059355,4.4218480361865335,4.39287680845688,4.483922813379472,4.603889571038144,5.033806552430619,5.513528316877703,6.038967565476586,6.614481174466943,7.244841230394077,7.935274599651069,8.691506268998246,9.519806816434201,10.427044406040796,11.42074173793689,12.509138425562604,8.522494183917361,8.172532497122809,7.64198289251691,7.728927781571636,4.867024975244306,7.460012907969767,6.994304809401778,6.968842872648784,7.025492854791484,5.749880415186431,4.294512993365783,7.401359231874067,7.282099476992469,7.049261262161975,7.37494436411867,5.645966449980307,7.691976628388972,7.583321335309417,7.597711993799178,6.84656942654882,5.237035114796304,3.224901530300883,6.580761500614694,6.004747105706246,5.2059204186216945,5.120291348574852,2.625493876826262,0.08721244496830613,3.215425165500157,2.410042492162399,12.06413924,12.20731578,12.08072014,12.52470697,9.972104169,13.00842324,13.06053528,13.2717574,13.51121207,12.22543611,10.95709411,14.31651705,14.39804577,14.32305883,14.90735752,13.49673187,15.55220056,15.62461893,15.87477044,15.78647346,14.61743437,13.08562951,17.07668522,17.12220894,17.00367039,17.63673088,15.92706053,14.22272011,18.28831415,18.50656475,
2.262594918431987,3.080936403633887,3.6926925667749937,4.184271990747087,4.702368381826912,5.34554777229385,6.093178628701366,6.240401220988857,6.3253929099795725,6.318407436021789,6.415265161962411,6.551648399585202,6.670630613306875,6.778550324715881,6.949382625200107,7.165338636771622,7.24564447827627,7.433773437116833,7.675745990464726,8.16249214160609,8.080521236363623,7.986254695324853,8.110971225100942,8.092536195103174,8.071335910603732,7.992884931428268,7.902666305393314,7.749499943627032,7.631817522457222,7.496482738122251,2.3900310945301895,2.488714846761987,2.596803160581489,2.715192290708003,2.774842506345587,2.906588962679074,3.0621536758493253,3.223729823844715,3.3618816712010813,3.355252022879045,3.491987029039599,3.67405252830651,3.8138741469737516,3.917106721922303,4.0890183501051744,4.29800477353331,4.2698449466785275,4.358341014513982,4.4749478478702365,4.892824089461173,5.359110225187256,5.869833429648027,6.42922855549391,7.041934036832902,7.713030350543502,8.448082142950717,9.25318437117433,10.135012841747647,11.100879565566592,12.158793388165407,7.52028626703937,6.762378699605753,5.91857209264523,5.740458468546715,2.9848044718293916,5.105428095029071,4.0229597554514065,3.9432152251686294,3.94822820882166,2.9318918011015915,1.5881438590005386,4.4750665021109715,4.060636429722191,3.7783868533647738,4.006090514697828,2.453030929698341,4.454126835048635,3.973379618372802,3.8862587516688265,2.8975687289367174,1.632290428453329,4.3870742956883145e-12,2.9948177894097485,2.1421164680687608,1.398546578857862,1.3580055056263771,5.513433017905683e-12,5.770666874227641e-12,6.071022016592484e-12,6.360377469886371e-12,12.17291228,12.33202995,12.20806782,12.63992275,10.46201536,13.35756483,13.17829206,13.40734627,13.63550279,12.60555126,11.49539605,14.70076743,14.54514119,14.4740439,15.04449149,13.91637434,15.96961626,15.76549407,16.03695259,15.95288496,15.07192189,13.72850249,17.53501757,17.2765867,17.18291284,17.79897258,16.42226715,14.92145627,18.45320578,18.69563423,
3.2071316207759812,4.36709570997434,5.234233932124206,5.931026761410822,6.665406258556312,7.577085562789642,8.63682035699401,8.845502091038139,8.96597417865963,8.956072567799637,9.09336425578588,9.286681667736483,9.455333871817782,9.60830545154921,9.850452938167166,10.156561357206511,10.27039145623328,10.537056217020142,10.88004197239333,11.569983843958353,11.453793588228026,11.320174794124073,11.496955146196788,11.47082427886647,11.44077378143376,11.329572870504094,11.201691822958834,10.984585049643757,10.81777524596722,10.625943971753813,2.2918362103501817,2.386465521766114,2.4901130065599983,2.6036380966547528,2.66083757178555,2.787171199787891,2.936344506993923,3.0912822680767036,3.223758120387876,3.217400852433872,3.348518074740477,3.5231033781829044,3.657180398931603,3.7561716438138313,3.921020249905799,4.121420426196529,4.09441755120855,4.179277741188116,4.291093760515959,4.691801476877869,5.1389301576247455,5.628670201646791,6.165082471864139,6.752614831433197,7.396139024869187,8.100991073939623,8.873015523286462,9.718613902656049,10.644797807579547,11.659247038642185,6.667901508875382,5.541788078261172,4.482484501317507,4.073949251936227,1.5672995196600283,3.2149034774244667,1.5985851560141655,1.4306828308873645,1.4119958409548088,0.5596977197689234,2.5301049723312705e-12,2.1348608540833007,1.389363569253437,1.1081009246399274,1.2357536419301542,3.244801504459068e-12,1.8697353025616121,1.0413337217953786,0.8181162270945277,3.945707274249173e-12,4.133026535523106e-12,4.332661686091916e-12,0.16387723194373005,4.780871950968694e-12,5.00954499087266e-12,5.255809508950114e-12,5.505146134519473e-12,5.7697422946854136e-12,6.0595552834574514e-12,6.352179290390043e-12,12.16686934,12.29534931,12.20683144,12.60861411,10.89354335,13.57916024,13.17175002,13.36746719,13.60172814,12.73317114,11.96954802,14.9446459,14.50187784,14.47257802,15.00722683,14.05726513,16.23454431,15.75766768,15.98925196,15.95126932,15.22451156,14.29476367,17.82591485,17.26801016,17.18117263,17.75488516,16.58852785,15.53692335,18.44404513,18.64002556,
3.8611361572199776,5.257642386296058,6.301609126282924,7.140493308591351,8.0246289053909,9.12221963180853,10.398057612532417,10.649294132870239,10.794333123611306,10.782412356949104,10.947700833772261,11.18043990948318,11.383484000020253,11.567649842700936,11.859176517160998,12.227707162154074,12.364749717029277,12.685793276034017,13.098721355724866,13.929357519648557,13.789473520310715,13.628606921055248,13.841436667378188,13.809977142606895,13.77379868911648,13.63992147150405,13.485962671278475,13.224583061226369,13.023757076978674,12.792807195111413,2.2594837709101787,2.3527772586520603,2.4549616157757566,2.5668841421333535,2.623276167522842,2.7478264215516313,2.8948939411077204,3.047644541297518,3.17825031363971,3.1719827873197532,3.301249108599898,3.4733698989016277,3.6055542369732314,3.703148083454702,3.8656696233622387,4.063240873860658,4.036619181818393,4.120281452791015,4.230519034280503,4.625570206746215,5.06638704744954,5.549213733071883,6.078053801834037,6.657292329149221,7.291732288117542,7.986634375175539,8.747760631130156,9.581422219277242,10.494531756774736,11.49466063319567,5.903635861871385,4.549211315053506,3.331567717943031,2.729665339277099,0.25452267708815274,1.7013841166418349,2.1083176112589963e-12,2.1911577528914123e-12,2.2944463931589273e-12,2.402283633320033e-12,2.5236120799989537e-12,0.2823287016178907,2.7946969702779305e-12,2.934144696548317e-12,3.0820218263345057e-12,3.2317513147355935e-12,3.4159809721085267e-12,3.5688737876711925e-12,3.748294798110737e-12,3.9318768347466455e-12,4.127158439092403e-12,4.3298517317480025e-12,4.5554033202494404e-12,4.771726651559642e-12,5.003031214901703e-12,5.2483621887381195e-12,5.501094961677299e-12,5.767800832100193e-12,6.056206849903788e-12,6.348397421835204e-12,12.02425579,12.15963096,12.08813846,12.43704279,10.90242775,13.57143017,13.01735779,13.2199146,13.41664304,12.51772682,11.97930997,14.93613851,14.34180341,14.33185408,14.80301645,13.81941723,16.22530263,15.57296471,15.81275962,15.79616734,14.96691394,14.30642198,17.81576727,17.06560376,17.0141117,17.5132861,16.30785118,15.54959473,18.22785388,18.43427349,
4.097925181871976,5.580073909538796,6.688063221138003,7.578393029613579,8.516749352412342,9.68165120876501,11.035731556183135,11.302375471698284,11.456309160723913,11.443657338072978,11.619082338349209,11.866094430211849,12.081590454636236,12.27705049894227,12.586455412887972,12.977586662581066,13.123033524267372,13.46376548277737,13.902016895616827,14.783592865620236,14.6351303043206,14.464398358808031,14.690280156650708,14.65689133700783,14.618494194414884,14.476406788274836,14.313006271244266,14.035597228297796,13.82245533831705,13.577342164857864,2.1598047210601714,2.2489824871779236,2.34665889440671,2.4536438632444124,2.5075481064323597,2.626603719986185,2.767183230731641,2.913195108171151,3.038039095693463,3.032048066632095,3.1556116941161165,3.320139229242662,3.4464921427235407,3.5397805535945746,3.69513231742905,3.8839875440370086,3.858540290599852,3.938511729274313,4.043886086021006,4.421509239741688,4.842879070289464,5.304405445688434,5.809915284662926,6.363600211291685,6.970051311428167,7.634297201407649,8.36184572470217,9.15872962226665,10.031556555269018,10.987563894986444,5.504261987069395,4.114158803284903,2.980469614456997,2.2384439471438125,0.04058788115722718,1.1717027112508056,2.083706228858045e-12,2.185055773404215e-12,2.2896717374101048e-12,2.4016355455201838e-12,2.524274119934455e-12,2.6693078409872566e-12,2.7917932002653432e-12,2.9331565713301377e-12,3.080725522004634e-12,3.2317483835491165e-12,3.404562178070713e-12,3.56796868016264e-12,3.747870229771046e-12,3.932271859113401e-12,4.128026930932149e-12,4.330687676118458e-12,4.55577063404947e-12,4.771294049843589e-12,5.003604318364762e-12,5.24866606047673e-12,5.501814627251521e-12,5.769528247373071e-12,6.0572676073692704e-12,6.349483076529867e-12,11.76199189,11.9432152,12.01519173,12.27048084,11.06488534,13.47995764,12.73343311,12.98462804,13.23696189,12.3626618,12.15781424,14.83546775,14.08654959,14.24536749,14.60476842,13.64822735,16.1159428,15.23329908,15.53132589,15.70084425,14.78150928,14.51960266,17.69568758,16.69338183,16.91143883,17.27874104,16.10583548,15.78129998,17.83028183,18.10618234,
3.9364645099799773,5.360215702603553,6.424549581084717,7.279799869388021,8.181184398991675,9.300188434357525,10.600917216535503,10.857055204332536,11.004923815116417,10.992770481748524,11.16128363342963,11.398563303018184,11.605568656835032,11.793327459980953,12.090541637621035,12.466262085122628,12.60597825457562,12.933285172726299,13.354269221122964,14.201110577358834,14.058497528637975,13.89449252259171,14.111474444221615,14.079401163787962,14.042516891285768,13.906027812846833,13.74906537267134,13.48258640982033,13.277842436159984,13.042386866468522,2.0299976010901606,2.1138156655310767,2.2056215915132245,2.306176622241482,2.3568411491281536,2.4687413628622683,2.600871859102513,2.7381082296144648,2.855448928386723,2.8498179680947815,2.965955258160263,3.120594470846223,3.2393534071314587,3.327035061139861,3.4730499785229054,3.6505547562600844,3.626636916407227,3.701801965859104,3.800843184412977,4.1557706872072115,4.5518156336984275,4.985603663590249,5.460731692730762,5.981139423048362,6.551142010065232,7.175465843624804,7.859287738522596,8.608277860004142,9.428646740062872,10.327196774391135,5.652916238931406,4.395822561866995,3.3355651474037704,2.584316708372302,0.6233189918820671,1.6427455427822055,2.0915235057550493e-12,2.192676285904173e-12,2.297234739362986e-12,2.4041941057645894e-12,2.527248182633969e-12,0.24116137613829416,2.79759541493119e-12,2.938630970657624e-12,3.0856439401405467e-12,3.2352349531097768e-12,3.426935323828328e-12,3.572450031272701e-12,3.753488181762804e-12,3.93721545097855e-12,4.132367949076527e-12,4.335452354244786e-12,4.565407590250781e-12,4.77684869759751e-12,5.009759965852137e-12,5.2544232807669445e-12,5.505651618111083e-12,5.773639855779723e-12,6.061641994372223e-12,6.354238856206852e-12,11.61937835,11.86985393,11.96573632,12.1702932,11.16134454,13.41167534,12.57904089,12.90486988,13.128883,12.24739222,12.26380115,14.76031915,14.00002287,14.18673251,14.48552148,13.52097115,16.03430799,15.04859611,15.43592462,15.63621842,14.64368635,14.64617869,17.60605063,16.49097543,16.84183011,17.1376613,15.95566452,15.91887498,17.61409058,17.99496501,
3.4796507146199795,4.738180251033576,5.679001673775191,6.435002971215739,7.231784782567241,8.220932069797128,9.370715543001971,9.597129557409993,9.727838500899644,9.717095522007954,9.866053275134758,10.075797417309891,10.258780478763333,10.42475048862536,10.68747393576899,11.019593257645692,11.1430958238821,11.432419847699823,11.804550078045663,12.553118272405145,12.42705500023857,12.282082237231736,12.4738841185252,12.445532837090242,12.412928863436951,12.292278894886804,12.153531431080017,11.917976477856158,11.736992370809052,11.528860647720732,1.9248306477001527,2.004306396430171,2.0913561840141717,2.186701816354938,2.2347415943577906,2.340844656136756,2.4661299414604785,2.596256583875563,2.7075182785189953,2.702179038245957,2.8122996685062254,2.9589275737580887,3.071534032074755,3.1546732115426415,3.2931236155477284,3.4614325022765806,3.4387537606116445,3.510024776273522,3.60393502166282,3.940474993297832,4.316002260159465,4.727317275553005,5.177830611913548,5.67127786922925,6.211750650167139,6.803730487128405,7.452126002552072,8.162313610595609,8.940182097685689,9.792181451595392,6.139964437681414,5.093132022537883,4.189196532212354,3.5748876724311307,1.6656265630768659,2.884683934068119,0.6610740655396579,0.6742632587166575,0.7218969305836778,2.41750923823108e-12,2.5382575356254725e-12,1.763877408934713,0.6293292291647415,0.5999794398349717,0.536226258686407,3.241586109713355e-12,1.4940459555097019,0.009104166067024508,2.1107128265479024e-11,3.949333257526658e-12,4.139043019634245e-12,4.3426764848306104e-12,1.328390944059013e-11,4.789365560753079e-12,5.02494057140059e-12,5.2715340132209006e-12,5.512404451575139e-12,5.779562359774776e-12,6.070399616674359e-12,6.361884100262071e-12,11.5444458,11.83561867,11.95955439,12.19659246,11.13215294,13.44646066,12.49791955,12.8676494,13.15725371,12.10879428,12.23172616,14.7986024,13.95964374,14.17940314,14.51682381,13.36796072,16.07589554,14.95154879,15.39140403,15.62814019,14.47797069,14.60787279,17.65171473,16.38462631,16.83312902,17.17469473,15.77510182,15.87724044,17.50049857,17.94306358,
2.6424757939319847,3.598213627602618,4.312681268151097,4.886794963032682,5.491877720533408,6.243044425903122,7.116199591575738,7.288140283774064,7.387401746360131,7.379243438528618,7.492363199458146,7.651644651555658,7.790603515604488,7.916642526283454,8.116156904740613,8.368371089649726,8.462159969205077,8.681875047597604,8.964473850330196,9.532942784695159,9.437209283684723,9.327115757511125,9.472771706948553,9.45124150720636,9.426481777500493,9.334859184435937,9.229493202431351,9.05061080500578,8.913169963616443,8.755112996030745,1.9332781944001531,2.013102740100812,2.1005345650067557,2.1962986428262465,2.2445492540619454,2.351117972687378,2.4769531003049456,2.6076508323844787,2.7194008236801617,2.714038150965624,2.8246420700637276,2.9719134844360524,3.08501414119895,3.1685181954167234,3.3075762197622613,3.4766237674129803,3.4538454950545048,3.5254292993941183,3.6197516907477807,3.9577686427759513,4.334943994432851,4.748064157102645,5.200554671274872,5.696167531447709,6.239012297195019,6.833590169118042,7.484831312235324,8.198135736291677,8.979418071960591,9.835156614218695,7.0182439816694115,6.292772822298202,5.604448666843867,4.99828307414288,3.4452247654065458,4.921868911411502,2.9584116181214184,3.0462992338436683,2.926160419962024,2.0992203605081885,1.9691089104806818,4.251610764010981,3.164784353199383,3.163138518302789,2.955956705500241,1.6153781029405732,4.243065155743858,2.8084208930118932,2.896219668925822,2.2133641125328736,0.8059031118866326,0.5976463553906408,3.06971657178118,1.3075449113507691,1.249425195309569,0.844003676451372,5.529885015365157e-12,5.791097849171817e-12,6.092814712996474e-12,6.382178607172357e-12,11.59399797,11.90408919,12.0176645,12.08137668,11.18165174,13.51603131,12.55156431,12.94209035,13.03296299,12.19250195,12.28611418,14.8751689,14.04040201,14.24829924,14.37968983,13.46037296,16.15907062,15.01572524,15.48044521,15.70407554,14.57805639,14.67282627,17.74304295,16.45495395,16.91491927,17.01245303,15.88415454,15.94783813,17.57561587,18.04686643,
1.567344815951991,2.134226352748922,2.558002099399312,2.8985290118902487,3.2574247585867684,3.702968004159924,4.220866872176537,4.322850910473912,4.381726355677739,4.37688737795994,4.4439826646156435,4.538458064842817,4.62087942730057,4.695637572843107,4.813976528870932,4.963573583320631,5.01920304812125,5.149523745815359,5.3171429798209395,5.65432178741974,5.597538899619519,5.532238578642384,5.618632216679696,5.6058619021777325,5.591176040499084,5.536831475983649,5.474335226802557,5.368233820343562,5.286712850219133,5.19296373458318,1.9322300484601531,2.0120113164919644,2.0993957393672185,2.195107897742495,2.2433323494309465,2.3498432907690328,2.4756101956246077,2.6062370686329306,2.7179264735629207,2.712566708274562,2.823110662361377,2.970302232076322,3.0833415701968527,3.166800351863756,3.305782984522746,3.474738881369535,3.451972958477247,3.5235179529476417,3.6177892064817008,3.9556228992681617,4.332593761568768,4.745489947046615,5.197735139000502,5.693079297747593,6.235629754823281,6.829885270458278,7.480773336733283,8.193691035724292,8.974549791429135,9.82982438655259,8.00257031558941,7.6661499307607475,7.33553895123519,6.746037090369066,6.079423421984183,7.293158435073044,5.755648182200952,5.913304670895363,5.672569840761653,5.339076033767927,5.456914143025531,7.179246053083546,6.228022612505392,6.356543825296093,5.972247086609424,5.282632705313098,7.484577743404934,6.2237223112406035,6.426261443701147,6.061817933316071,4.930132578815887,4.918056594315375,6.703428844324392,5.025649310079494,5.053309114682692,4.305381413563387,3.236538896469737,2.9543152239380257,3.1751114083578633,2.88505663887067,11.50214518,11.8123876,11.99293679,11.839674,11.58018053,13.34596973,12.45212525,12.84239265,12.77222267,12.42853012,12.72400747,14.68800635,13.93224361,14.21898175,14.0920066,13.72094517,15.95575375,14.89676401,15.36119363,15.67176262,14.86026524,15.19578512,17.5197962,16.32459051,16.88011491,16.67209816,16.19164746,16.51624008,17.43637405,17.90784476,
0.4455471956519974,0.6066939174302277,0.7271601311081222,0.8239613004233861,0.9259841557929234,1.0526381897913293,1.199860668168553,1.2288515461184457,1.2455879969851271,1.2442124267021588,1.2632855218543306,1.290141928435004,1.313571748428101,1.3348231551125898,1.368463225541226,1.4109889974131788,1.4268027173969864,1.4638488228883006,1.5114977377208425,1.6073471453495536,1.5912055432190462,1.5726427007670067,1.59720171468528,1.5935715129861803,1.5893967810318204,1.5739483180820295,1.5561825856930842,1.526021268527005,1.5028474019622897,1.476197455414897,1.9520031258901547,2.0326008190632234,2.1208794723956976,2.2175710813907674,2.266289028053078,2.3738899271277694,2.500943841648587,2.6329074578032508,2.7457398132082904,2.7403251998679936,2.852000382695051,3.0006982069614847,3.1148943098197726,3.1992071497047587,3.3396120324520244,3.510296904600315,3.487298011334508,3.55957514674046,3.654811105691991,3.996101949851941,4.376930465673185,4.794051939052188,5.250925088844209,5.751338249811408,6.29944078501878,6.899777491831412,7.5573262868032804,8.277539481935962,9.066388994564782,9.930415865747067,9.339061198459405,9.225668443508185,9.271008486497903,9.082424038187659,8.9679317361559,9.834410813082902,9.005152020184958,9.03779366608051,9.0875687098089,9.165799593432283,9.246037585453173,10.303584934606196,9.565788371754941,9.83447063518561,9.722294522009856,9.59652546798977,10.939994581271936,10.17700424037484,10.263255696590948,10.233109384802475,9.755163301111942,9.59021212018518,10.560046016475098,9.312450587207223,9.168779583954448,8.59868611009186,8.018494837509198,7.539939489542873,7.222570723479041,6.5809371988444525,11.73661152,11.86496318,12.11904809,12.12395642,12.16020492,13.26093893,12.70595653,12.89955267,13.07889652,13.15033722,13.36132349,14.59442507,13.99425443,14.36850094,14.43036978,14.51781137,15.85409531,15.20042821,15.42956454,15.83655848,15.72329931,15.95690676,17.40817282,16.65736035,17.05761715,17.07241192,17.13200371,17.34350024,17.79180712,17.98755052,
2.2200479999999872e-05,3.0230009999998893e-05,3.6232534072713966e-05,4.1055889363314106e-05,4.613942794750346e-05,5.245027531932062e-05,5.9785995796656584e-05,6.123053727820983e-05,6.206447192388304e-05,6.199593076628256e-05,6.29462944350388e-05,6.428448065410726e-05,6.545192880603464e-05,6.651083218074997e-05,6.818703106167132e-05,7.030598177472945e-05,7.10939390947444e-05,7.293985201275587e-05,7.53140758684656e-05,8.00900073025287e-05,7.928571245169501e-05,7.836077337313883e-05,7.958448637735712e-05,7.940360268870795e-05,7.919558644674172e-05,7.842582895282305e-05,7.754060783498172e-05,7.603774635351883e-05,7.488305170789377e-05,7.355515286552607e-05,2.0131487795701593,2.09627116062349,2.1873151045912147,2.2870355364190753,2.337279551690142,2.448251002391116,2.5792848258336663,2.715382145190303,2.831748925328576,2.8261647015672073,2.9413380611969684,3.094693780496956,3.2124670268876323,3.299420930016835,3.444223934991252,3.6202554369386295,3.5965361132882587,3.671077298701047,3.7692964828773214,4.121278115122789,4.514035919494357,4.9442235426225265,5.415408046234813,5.931496433041347,6.496768043110544,7.115910037619331,7.794056264204799,8.536829826183856,9.35038970861951,10.241481847851219,9.955489699951398,9.779665979368147,10.077590202876436,9.934562777693372,10.028489618883812,10.837114037335565,10.377826388172636,10.196073014274623,10.352462440201814,10.525832272504458,10.645841952511148,11.52660707502507,10.794700951186373,11.24198667915394,11.102343417980789,11.120183977082851,12.286753412776067,11.82981162145053,11.674502933050576,11.905846454873858,11.450374234797353,11.282411646608463,12.024819199283382,11.05512373336076,10.766115631308049,10.093976206557013,9.600669085192926,9.099846336075627,8.793111348334893,7.7626777170023304,11.96866068,11.87596737,12.26494154,12.22163937,12.36581531,13.28541749,12.957171,12.91151639,13.18427343,13.35205897,13.58724296,14.62136514,14.00723343,14.54147412,14.54663554,14.74050972,15.88336062,15.50096186,15.44387473,16.02720466,15.96448944,16.22671355,17.44030683,16.98669957,17.26296287,17.20996467,17.39480289,17.6367522,18.14357594,18.00423312,
1.1785439999999932e-05,1.6048029999999412e-05,1.9234555125020996e-05,2.1795101760771688e-05,2.4493770391884554e-05,2.7843973317664036e-05,3.173824468217572e-05,3.250510003658053e-05,3.294780608304902e-05,3.291142003642161e-05,3.341593408279838e-05,3.412632923613102e-05,3.4746085662462837e-05,3.530821955274381e-05,3.619805352656626e-05,3.732292859646132e-05,3.774122692683962e-05,3.872115600677163e-05,3.998154644869161e-05,4.251691745689795e-05,4.208994611633192e-05,4.159892907462926e-05,4.2248554496621687e-05,4.2152529822400524e-05,4.204210144703573e-05,4.1633464752733225e-05,4.1163532554373016e-05,4.036571720001617e-05,3.9752731153573234e-05,3.904779720021755e-05,2.078656778190165,2.1644839671934055,2.2584904873086673,2.361455828790925,2.4133347877464537,2.5279172570234776,2.663214930019701,2.8037408654324767,2.9238942285347473,2.918128293751239,3.037049402360238,3.1953953272278532,3.317000923090326,3.4067843121591666,3.5562992167936085,3.738058795822854,3.7135676437628176,3.7905344044339815,3.891949647563659,4.255384786133844,4.660922956252777,5.1051089139840355,5.591625793487085,6.124507731606772,6.7081733184292665,7.347462235675939,8.047675386736213,8.814618851092526,9.654652027601985,10.574740365832733,9.883949166371393,9.779937874778229,9.93595786813793,9.703618556109122,9.958802028485055,10.553913819005205,10.287382281737717,10.18218396946969,10.091472993661485,10.296672084831155,10.557132961708229,11.201907786445588,10.77095603082682,11.05109965962423,10.803976785155962,10.850918131251808,11.926391095013674,11.702562334413605,11.640926280893664,11.679685556952656,11.139449473805273,11.129890407091256,11.581419187962997,10.853573145868213,10.455555089474336,9.64202370086461,9.168311379736803,8.83114397319612,8.479723509672977,7.533256556376489,11.96261773,11.94443789,12.19446759,12.06509618,12.37216131,13.08185892,12.95062895,12.98595734,13.01540017,13.21483329,13.59421578,14.39733724,14.0879917,14.45791928,14.3603122,14.58901425,15.63999648,15.49313546,15.53291591,15.93511286,15.80041452,16.23504092,17.17308723,16.97812303,17.16377045,16.98952757,17.21602793,17.64580319,18.13441529,18.10803597,
0.0,0.0,0.0,0.0,0.0,0.0,0.0,0.0,0.0,0.0,0.0,0.0,0.0,0.0,0.0,0.0,0.0,0.0,0.0,0.0,0.0,0.0,0.0,0.0,0.0,0.0,0.0,0.0,0.0,0.0,2.088075106980165,2.174291176289975,2.2687236370050217,2.3721555112262243,2.424269532120719,2.539371170979053,2.6752818734961528,2.8164445275231444,2.937142301752252,2.9313502416987416,3.0508101781280437,3.209873563424243,3.3320301504347274,3.4222203452287854,3.572412697215589,3.754995823207465,3.730393702504135,3.8077091971584696,3.909583949579982,4.274665801385756,4.682041452258198,5.128240002658775,5.616961274912529,6.152257684412063,6.738567841736902,7.380753357054795,8.084139151982475,8.854557613166758,9.698396953701893,10.622654183389963,9.788732783021393,9.609974603711663,9.872579382996701,9.642846858775586,9.812087387881181,10.435555089022948,10.182450066505949,9.995374162479061,10.024218418250065,10.08450580830369,10.39418719187451,11.069778136578437,10.567044889568086,10.97266633477417,10.728276032787512,10.614349986795794,11.78175959749929,11.574291422845123,11.415039200423791,11.590974298618203,10.880464437745967,10.92859519734559,11.415751105092049,10.70407844559274,10.350373228268147,9.538234342950505,8.872665098023084,8.597554466839082,8.305937156304209,7.242557266616449,11.87680789,11.78426578,12.14130302,12.01500237,12.23635692,12.97492626,12.85773194,12.81181869,12.96136072,13.01585605,13.44499737,14.2796517,13.89907504,14.39488668,14.30068873,14.36934581,15.5121533,15.38200062,15.32462315,15.8656401,15.56250589,16.0568352,17.03271238,16.85633613,17.08894107,16.9189877,16.95680425,17.45211208,18.00433411,17.86521145,
0.0,0.0,0.0,0.0,0.0,0.0,0.0,0.0,0.0,0.0,0.0,0.0,0.0,0.0,0.0,0.0,0.0,0.0,0.0,0.0,0.0,0.0,0.0,0.0,0.0,0.0,0.0,0.0,0.0,0.0,2.1335997058801692,2.2216954738468626,2.318186768500795,2.423873683535259,2.4771239039325197,2.5947350099667434,2.733608862706565,2.877849170972505,3.001178420353792,2.995260080737894,3.1173245047511844,3.279855819333586,3.404675686801778,3.496832224870073,3.650299098237449,3.836862935243456,3.8117244345634846,3.890725575903193,3.9948214204810757,4.367862854206853,4.784120184213154,5.2400468377690474,5.739423301408817,6.286390342033456,6.885483341629622,7.541669904087299,8.260391045947186,9.047606312626312,9.90984319421995,10.854251250629398,9.124410414121385,9.038037206154772,9.216051101500923,9.13151789646655,9.21855382606938,9.572398700035254,9.454217837295532,9.363698699029698,9.464370399648523,9.567751209264538,9.733588345251366,10.110773770669091,9.875733323201032,10.17831012513288,10.103344321765652,10.032547804759803,10.734673715439932,10.6898519941004,10.647682679522696,10.704495245797103,10.236938475791012,10.10729642223532,10.232867008595765,9.69170785797135,9.349010678375423,8.730114495918,8.106455864058383,7.633361717379527,7.156440745786159,6.215756239377015,11.25801012,11.25973268,11.53423787,11.55539158,11.69567773,12.16713371,12.1878267,12.24154787,12.46554882,12.56301129,12.85091285,13.39062959,13.28040901,13.67514235,13.75364342,13.86941074,14.54639815,14.58057757,14.6425041,15.0723581,15.02105866,15.34734326,15.97229031,15.9780982,16.23449402,16.2717844,16.36684691,16.68096803,17.06628394,17.07000749,
0.0,0.0,0.0,0.0,0.0,0.0,0.0,0.0,0.0,0.0,0.0,0.0,0.0,0.0,0.0,0.0,0.0,0.0,0.0,0.0,0.0,0.0,0.0,0.0,0.0,0.0,0.0,0.0,0.0,0.0,0.6935378733000549,0.7221738687934792,0.753538874657431,0.7878929655802211,0.8052022314679572,0.8434323437662685,0.8885740243827029,0.9354600997618877,0.9755489248099325,0.9736251372037733,1.0133028240737434,1.0661344878340455,1.1067078461781183,1.1366638164786556,1.1865490356619377,1.2471925979924208,1.239021195338263,1.2647009343267983,1.2985378393793026,1.419796931178929,1.5551035787204066,1.7033049497725847,1.8656299114860357,2.0434244420507777,2.2381627913783397,2.4514597053968172,2.685083815321253,2.940972302921485,3.2212469633900174,3.5282317990011784,10.439987536701508,10.052151721208164,10.748552975344298,10.406823124421596,11.18746828853395,10.242779596235733,11.164486585619398,10.778354630240317,11.100915895192383,11.487839152798658,12.163938135928808,11.134878602168632,11.601182713824691,12.500365793524294,12.137805414341157,12.510111492010827,12.015082574665147,13.154652855676787,12.712727890624457,13.610554378825018,13.344539641283733,14.033759230231764,12.687690518518524,13.757996987954003,13.951085558626685,13.31243763460845,13.549469634684279,14.163581897084352,13.65632766661608,12.805887651005214,11.13352541,10.77432559,11.50209185,11.19471609,11.99267052,11.08621194,12.05306061,11.71381473,12.07646482,12.46146429,13.17724096,12.20101309,12.70789056,13.63702961,13.32435445,13.75730409,13.25410377,14.41935379,14.01126573,15.03035131,14.89964322,15.73706418,14.55332043,15.80142143,16.18924835,15.76389734,16.23455345,17.1045542,16.87757463,16.33411945,
0.0,0.0,0.0,0.0,0.0,0.0,0.0,0.0,0.0,0.0,0.0,0.0,0.0,0.0,0.0,0.0,0.0,0.0,0.0,0.0,0.0,0.0,0.0,0.0,0.0,0.0,0.0,0.0,0.0,0.0,0.7096564972200562,0.738958026435146,0.771051991384438,0.8062045111934015,0.8239160644801633,0.8630346888933557,0.9092255144822353,0.9572012765897394,0.9982218123910406,0.9962533137314271,1.036853156026925,1.090912688879896,1.1324290190925526,1.163081200858998,1.2141258103483297,1.2761787993475004,1.2678174838257807,1.2940940497087876,1.3287173636484702,1.4527946572692874,1.5912459881071794,1.7428917307739198,1.908989312716801,2.090915994218838,2.2901802884680187,2.508434469959145,2.747488274946374,3.009323907548883,3.296112475938408,3.6102319948954333,9.927138682781505,10.0781616435665,10.376197298617289,9.951443008808413,10.626806065521743,10.294036251108643,10.606079135519863,10.803139043412463,10.606748857611272,10.781827076270998,11.544908723975622,11.188084801122777,11.625935460910254,12.053242459143952,11.590013879654762,11.726677820655746,12.07100165617763,12.481929910294793,12.738199106355287,13.113866352734657,12.491304151896962,13.283015039230422,12.737350597287756,13.00551366578595,13.399625481537006,12.640002510046127,12.596765905059161,13.322276052456926,12.828457034067691,12.788764235110966,10.63679518,10.81711967,11.14724929,10.75764752,11.45072213,11.15707094,11.51530465,11.76034032,11.60497067,11.77808039,12.58176188,12.27899749,12.75836448,13.21632366,12.80413969,13.00285662,13.33881914,13.77602396,14.06691647,14.56666101,14.08255014,15.02590677,14.64633991,15.09642966,15.68980577,15.14843698,15.34425418,16.33159996,16.12456951,16.39899623,
0.0,0.0,0.0,0.0,0.0,0.0,0.0,0.0,0.0,0.0,0.0,0.0,0.0,0.0,0.0,0.0,0.0,0.0,0.0,0.0,0.0,0.0,0.0,0.0,0.0,0.0,0.0,0.0,0.0,0.0,0.7408407669300586,0.7714298863997834,0.8049341489549772,0.8416313677316851,0.8601212156678174,0.9009588206570546,0.9491793989064593,0.9992633487230367,1.0420864403483,1.0400314404118496,1.0824153520948412,1.1388504103738282,1.1821910829884676,1.2141902064191539,1.2674778572612984,1.3322576262629666,1.3235288914061445,1.3509601222865948,1.3871048804241093,1.5166344735790191,1.6611697389112343,1.8194792150296066,1.9928755842220602,2.1827966273985537,2.390817145989767,2.6186620200027217,2.8682205105091083,3.1415619251607514,3.440952776628693,3.768875576241507,9.355714953071502,9.45757691360186,9.78841455104675,9.386274022270129,10.010576534334087,9.642859719344948,9.98126658109564,10.121682411279169,9.991417109654014,10.135628199590577,10.862030497907709,10.465227589628848,10.882517547014341,11.345421713583796,10.906143662741796,11.005533863740283,11.282117278597267,11.725383947716987,11.915011449579653,12.326217296424927,11.70109151109291,12.445305914974742,11.8484230057825,12.146890152606233,12.519370954015256,11.783815840002553,11.69121162949643,12.362777874845056,11.8646549533774,11.738528343764889,10.09655572,10.2290068,10.5933487,10.22790539,10.87069775,10.54381854,10.93044598,11.12094576,11.03350355,11.17565964,11.94444585,11.604078,12.06470863,12.55961192,12.17362152,12.33779149,12.60564617,13.07634407,13.30211633,13.84285177,13.36226125,14.26478513,13.84129859,14.32968678,14.9101881,14.40247786,14.55943214,15.5043398,15.30560773,15.50740392,
0.0,0.0,0.0,0.0,0.0,0.0,0.0,0.0,0.0,0.0,0.0,0.0,0.0,0.0,0.0,0.0,0.0,0.0,0.0,0.0,0.0,0.0,0.0,0.0,0.0,0.0,0.0,0.0,0.0,0.0,0.7569212214300599,0.7881742986161862,0.8224057940581546,0.8598995510157469,0.8787907337214019,0.9205147468002475,0.9697819856130503,1.0209530417447177,1.0647056378021993,1.0626060326895077,1.1059099161043124,1.1635699358424545,1.2078513473379564,1.2405450335834014,1.2949893292580517,1.3611751873607132,1.3522569893561092,1.380283633825744,1.4172129386088925,1.5495540599924156,1.6972265619098301,1.8589722532599717,2.0361323089957817,2.230175718043214,2.4427114639728664,2.675501866489613,2.9304771943662034,3.20975167098943,3.5156410052348477,3.85068159303383,8.899707963571498,9.047127000385455,9.338208075943573,8.842020745986066,9.463919826280502,9.342444503201753,9.484403234389049,9.671957268257486,9.401383742200112,9.65197530731292,10.258397063898236,10.131406274160222,10.392497232664853,10.806010846419548,10.252585780745042,10.467591502642538,10.917608280647302,11.126298736177837,11.372916611394867,11.72782174001153,11.113742968094314,11.712975676744373,11.436470891008776,11.475138791961573,11.858400316032158,10.986307363515659,11.028271105639334,11.541546049016377,11.123071684771249,11.059855956972568,9.656629185,9.835301299,10.16061387,9.701920297,10.34271056,10.26295925,10.45418522,10.69291031,10.46608938,10.71458134,11.36430698,11.29497621,11.60034858,12.04655588,11.54757511,11.82876669,12.26986527,12.50658237,12.79012955,13.2773758,12.81096953,13.57194793,13.4726032,13.70531451,14.30111178,13.66180923,13.9587483,14.75129772,14.63871269,14.91053755,
0.0,0.0,0.0,0.0,0.0,0.0,0.0,0.0,0.0,0.0,0.0,0.0,0.0,0.0,0.0,0.0,0.0,0.0,0.0,0.0,0.0,0.0,0.0,0.0,0.0,0.0,0.0,0.0,0.0,0.0,0.7744651949700614,0.8064426581869572,0.8414675736484277,0.8798303635533807,0.8991594074262801,0.9418505026276943,0.9922596609819889,1.0446167634674524,1.0893834602870827,1.0872351903787707,1.1315427742623947,1.1905392420111907,1.23584701119042,1.2692984740051778,1.325004683410976,1.3927246020081785,1.383599697380233,1.412275945395216,1.4500612002133526,1.585469733457016,1.7365649990556105,1.9020596434657477,2.0833259274881715,2.2818668883779316,2.499328802840486,2.73751483775132,2.9984000017891534,3.2841475219597904,3.597126780802686,3.9399329630132858,8.685163921031497,8.879690718814686,9.089178644353298,8.546573931448432,9.212556762575623,9.094359957374303,9.24865494902011,9.486118626534752,9.079488979715231,9.422879879623657,9.978953445740155,9.854886907991487,10.188563908812387,10.504604765997769,9.89464135659212,10.210313827995071,10.615176412623178,10.839165884608365,11.146085779790408,11.39139597654693,10.829932900948533,11.366772016538599,11.091614932516388,11.143852341626856,11.478102427164538,10.536325112253953,10.693973618216381,11.137694298046018,10.74294883920341,10.744462666993108,9.459629116,9.686133377,9.930646218,9.426404295,10.11171617,10.03621046,10.24091461,10.53073539,10.16887244,10.51011507,11.11049622,11.04542615,11.42441092,11.77390324,11.21964604,11.60303843,11.99877611,12.25144183,12.59614698,12.97686571,12.5664979,13.26883166,13.17494086,13.42571923,13.97743123,13.27383995,13.69237362,14.42184182,14.34007562,14.68439563,
0.0,0.0,0.0,0.0,0.0,0.0,0.0,0.0,0.0,0.0,0.0,0.0,0.0,0.0,0.0,0.0,0.0,0.0,0.0,0.0,0.0,0.0,0.0,0.0,0.0,0.0,0.0,0.0,0.0,0.0,0.7685063725500608,0.8002377975640921,0.834993227381965,0.8730608496614856,0.8922411736942487,0.9346037988018838,0.9846251034153959,1.0365793644585803,1.0810016212718543,1.0788698803941266,1.122836556738023,1.1813790990205675,1.2263382651217773,1.2595323486147825,1.3148099481725253,1.3820088220903302,1.3729541255061166,1.4014097352397374,1.4389042660524336,1.5732709507934244,1.7232036724041773,1.8874249823844322,2.0672965832058057,2.264309947585455,2.4800986855904847,2.716452090327393,2.9753299745357253,3.2588789211091096,3.5694500822909343,3.909618675133363,8.675411081451498,8.855328382437548,8.86815810761976,8.401809644340325,9.191552596307654,9.042342774200112,9.239280196586702,9.46092346554362,8.924401498730456,9.4326174496083,9.956979243264525,9.798823730982107,10.162019854881029,10.244650001388166,9.724475101830567,10.222544567912916,10.554969134497293,10.829683464763843,11.117492183951322,11.106315969210518,10.844934977599966,11.344766247619912,11.029846166798752,11.139110272419328,11.177132424414536,10.344004749677882,10.718831395469811,11.123138558896697,10.746807857715163,10.728436394873032,9.443917454,9.65556618,9.703151335,9.274870494,10.08379377,9.976946573,10.2239053,10.49750283,10.00540312,10.51148733,11.0798158,10.98020283,11.38835812,11.50418235,11.03928505,11.60455339,11.92792326,12.2310932,12.55639645,12.67958692,12.56813865,13.23219123,13.09714275,13.40342022,13.65723111,13.06045684,13.69416137,14.38201748,14.31625794,14.63805507,
0.0,0.0,0.0,0.0,0.0,0.0,0.0,0.0,0.0,0.0,0.0,0.0,0.0,0.0,0.0,0.0,0.0,0.0,0.0,0.0,0.0,0.0,0.0,0.0,0.0,0.0,0.0,0.0,0.0,0.0,0.75778418223006,0.7890728908395463,0.823343413379521,0.8608799167175597,0.8797926371337176,0.9215642194795969,0.9708876275404218,1.0221170234494479,1.0659195015477902,1.0638175026894137,1.1071707565708093,1.1648965141101288,1.2092284105454203,1.2419593706429368,1.2964657378933608,1.3627270540482475,1.3537986884660056,1.3818572859247338,1.4188286935601961,1.5513206961672186,1.699161558512092,1.8610916550384293,2.0384536897637267,2.232718326398344,2.4454963829042407,2.6785521881951473,2.933818211730275,3.213411087308298,3.5196491639289036,3.8550717292514296,8.787654779771497,8.991207453162092,8.860025757622203,8.330083431284251,9.376612322868183,9.213848830522402,9.362923992461676,9.610974666552755,8.848967548454523,9.593129057313014,10.162305823431739,9.989707785892547,10.32622512945739,10.238768989360011,9.642950002109734,10.402411535955002,10.763578931537404,10.980719384078848,11.299749906443564,11.102415893836726,11.042896501492052,11.597604044965914,11.266714440240836,11.31478780360644,11.183891237100783,10.26375037181013,10.949844608275265,11.414793222697512,10.950507626077192,10.972052820754968,9.545438962,9.780280344,9.683369171,9.190963348,10.25640496,10.13541305,10.33381162,10.63309169,9.91488705,10.65694656,11.26947658,11.1546043,11.53545354,11.48072836,10.93941574,11.76513859,12.11737762,12.36257667,12.7185786,12.65373659,12.74205806,13.4586957,13.30516813,13.54750613,13.62938762,12.94230256,13.88366282,14.62820431,14.47015679,14.82712455,
0.0,0.0,0.0,0.0,0.0,0.0,0.0,0.0,0.0,0.0,0.0,0.0,0.0,0.0,0.0,0.0,0.0,0.0,0.0,0.0,0.0,0.0,0.0,0.0,0.0,0.0,0.0,0.0,0.0,0.0,0.7802438108700618,0.812459871610238,0.8477461229389578,0.8863951540193089,0.9058684201516218,0.9488780518645819,0.9996633344990424,1.0524110957085717,1.0975118159907313,1.0953475169222582,1.1399856986305272,1.1994223642459172,1.245068194059857,1.2787692525390228,1.3348911097873475,1.403116315647159,1.3939233262049295,1.4228135399653172,1.4608807267226755,1.5972996009193987,1.749522252887159,1.9162517235874441,2.0988705128454668,2.2988928727197777,2.517977363490111,2.7579406062308554,3.0207723460047897,3.308651950579178,3.623966481469502,3.9693304871536497,9.247422319131497,9.472790568391403,8.940715793062767,8.3959894129825,9.974982929850281,9.649050988137416,9.856203345503054,10.12968258429363,8.915997224011578,10.150297223080168,10.815616671372018,10.464207355756756,10.88597758594295,10.326558427463922,9.713337460215744,11.011937864356089,11.27641457379848,11.564309610038263,11.914376573281082,11.193766859084546,11.69641720711698,12.361857206416902,11.813461137159093,11.933021327285008,11.259328796514914,10.313097213774423,11.629835024000743,12.210169419426625,11.57720987853659,11.623340052852743,10.02766613,10.28525044,9.788461916,9.282384567,10.88085135,10.59792904,10.85586668,11.18209368,10.01350904,11.24564474,11.95560237,11.66362972,12.13104578,11.60532768,11.04822857,12.41505418,12.6703379,12.98712315,13.3752573,12.79106646,13.44593946,14.27810893,13.91233165,14.2319142,13.77730616,13.07103782,14.65060737,15.51882137,15.20117636,15.59267054,
0.0,0.0,0.0,0.0,0.0,0.0,0.0,0.0,0.0,0.0,0.0,0.0,0.0,0.0,0.0,0.0,0.0,0.0,0.0,0.0,0.0,0.0,0.0,0.0,0.0,0.0,0.0,0.0,0.0,0.0,0.821634300390065,0.8555593635034292,0.8927174851315018,0.9334167757507345,0.9539230625959844,0.9992142756375926,1.0526936234852178,1.1082395557627265,1.1557327857504125,1.1534536746236264,1.200459829222482,1.2630494998998594,1.3111167564706983,1.346605593703584,1.4057046115674983,1.4775490382769974,1.467868377765975,1.498291163875186,1.5383777444073945,1.6820333872962956,1.8423311691057818,2.017905329521709,2.210211707425274,2.4208448831430482,2.6515514005067264,2.9042442489751616,3.1810187259026357,3.4841698104812955,3.816211193420298,4.179896120153362,9.818786639611497,10.154744986498216,9.125712084870223,8.395304573251078,10.683371467405925,10.38074041436441,10.466536246516883,10.86213057423948,8.907762734251902,11.065121155378803,11.586303040780068,11.261244360102818,11.675101413532111,10.531374726299363,9.697675668435597,12.011608061726252,12.137419092237437,12.2824286361284,12.779762055596366,11.409543162707648,12.766899450898363,13.252826120482638,12.728716742579286,12.68073070686174,11.449435309498297,10.23204295103011,12.737103054102896,13.113529149524512,12.313854696585793,12.511972429853035,10.64042094,11.01030435,10.01842957,9.328721349,11.63729453,11.37995469,11.51922987,11.97037013,10.06349552,12.21857483,12.78676287,12.52429386,12.98621817,11.87798032,11.10338028,13.4891571,13.60528747,13.7807198,14.3181398,13.09157655,14.60923062,15.27073145,14.93892845,15.10157559,14.10098671,13.1362872,15.91812178,16.59769896,16.13006589,16.69186855,
0.16899825560399903,0.23012200442924158,0.27581543526992003,0.312532597703784,0.35123037149172137,0.39927087319349486,0.4551130876081526,0.46610947104356104,0.47245768965894736,0.4719359290451426,0.47917044839829276,0.48935721628330614,0.4982442629230112,0.5063050266173134,0.519064871761251,0.5351951074236185,0.5411933296500265,0.5552451007442024,0.5733185698776782,0.6096747243951018,0.6035521348482915,0.5965111568687179,0.6058265123507985,0.6044495588863271,0.6028660624020352,0.5970063839756966,0.5902677537866643,0.5788274169659438,0.5700374547279239,0.5599289981549709,0.8474221853100671,0.8824120233762976,0.920736393010245,0.9627130750703123,0.9838629740007087,1.0305757009558059,1.0857335562211918,1.1430228579133739,1.1920067145080797,1.189656071003167,1.2381375648189363,1.3026916802910877,1.3522675799167267,1.388870272851683,1.4498241775805158,1.5239235196547318,1.5139390210991082,1.5453166593934795,1.5866614007949582,1.7348258320647354,1.9001547338606586,2.08123947999773,2.279581602441665,2.4968257291545055,2.73477322114308,2.9953971091181644,3.2808584536172707,3.5935242642471397,3.9359871266300317,4.311086699797987,10.2258780190875,10.52867727219611,9.04689985172156,7.9620544572277145,11.15002676450948,10.618759355852703,10.62997074617276,11.047157961045272,8.300409131835286,11.45581104995412,12.00102401678532,11.468134073428287,11.879836097163075,10.249594160533954,9.025678400661329,12.4223338329249,12.34956009925428,12.459667179865903,12.978610709331127,11.041123503544107,13.180214461295197,13.705517473137903,12.931285975212102,12.854523901963962,11.08006710645991,9.415148446911418,13.217971512601602,13.634559068792731,12.536441678648139,12.777321942053439,11.24229846,11.6412113,10.24345168,9.23730013,12.48512011,12.04860593,12.17081739,12.65629029,9.964873536,13.11740305,13.71833203,13.26018297,13.73034794,12.14476946,10.99456745,14.48145246,14.40469245,14.56022894,15.13859068,13.38562406,15.68392133,16.38326811,15.81669409,15.95579919,14.41770639,13.00755194,17.08909772,17.80691075,17.04246626,17.64833764,
0.9851572220879944,1.3414715661684509,1.6078365249888156,1.8218752889809047,2.047459814629771,2.3275067715352415,2.653032976710371,2.717135215633037,2.7541414758100404,2.7510999282209623,2.7932727835774798,2.8526554554032204,2.904461541500663,2.9514508997079703,3.0258330496973174,3.119862530060703,3.1548285237919114,3.236741817672248,3.3420991693288813,3.554033476355773,3.518342496656821,3.4772978699987016,3.531600736597471,3.523573933923356,3.514343110847249,3.4801847433529276,3.440902620741786,3.3742124031311294,3.322972260150262,3.264046095726753,0.8413693060200667,0.8761092223001287,0.9141598526016855,0.9558367079709855,0.9768355395969844,1.023214611731064,1.0779784911888723,1.1348585927990147,1.1834925725834764,1.18115871901118,1.2292939242414573,1.2933869492732128,1.3426087433050535,1.3789499943213714,1.4394685238216893,1.5130385968009743,1.5031254144860342,1.5342789318401078,1.57532836031101,1.7224344980488335,1.8865825057130403,2.0663738185076426,2.263299243411571,2.4789916613088425,2.7152395666317246,2.9740018973318754,3.2574242781477474,3.5678568118553695,3.907873566025325,4.2802939168676515,9.925796651893501,9.923709851533065,8.256810112411221,7.023143591049919,10.033233945775153,9.300830186735698,8.99195437210286,9.347981251570157,6.6351832316087975,9.967330802770293,10.32471396218362,9.777716875326247,10.073101445197098,8.449092185973614,7.200029886484093,10.712075543141582,10.467589241725474,10.449756090491235,10.871481770363868,8.80873063559935,11.214223347634286,11.590725211498006,10.813305319995525,10.677093764772595,8.941638122526061,7.346938829320489,11.409788051116013,11.681240515019317,10.584778973830513,10.862129137411998,11.75232318,12.14129064,10.77880649,9.800855588,13.0575293,12.65155157,12.72296584,13.19997506,10.57281728,13.89958945,14.34728067,13.92375928,14.32017173,12.77949308,11.66533146,15.34497667,15.12554318,15.22077684,15.7889093,14.08519861,16.61914835,17.1343969,16.6082053,16.67965936,15.1712208,13.80112547,18.10811495,18.62330973,17.8156248,18.40646915,
1.9273815388799889,2.624482137059904,3.1456039364279276,3.5643537086203256,4.005691842721513,4.553581380205827,5.190447439966757,5.315858358275374,5.38825815506819,5.382307609773105,5.464815437999479,5.580992899667703,5.6823473755900435,5.774278307528635,5.919801052017904,6.10376223151244,6.17217040971499,6.332427236619427,6.538550492903229,6.953183062873334,6.883356507442412,6.803055968688391,6.909295196543722,6.89359139724808,6.875532028056381,6.808703906178233,6.7318515660327005,6.601377473811929,6.501130220463292,6.38584587912114,0.7883807307300624,0.8209327627407514,0.8565870034020638,0.8956390931984038,0.9153154399623393,0.9587736057380895,1.0100885122787022,1.0633863634726402,1.1089574251294465,1.106770555259606,1.1518742546716956,1.211930766773684,1.2580526227399171,1.292105139068824,1.3488122736989903,1.4177489789962587,1.4084601187283678,1.437651619536255,1.476115797136251,1.6139573413128776,1.767767475940138,1.9362357163973734,2.1207589801701836,2.3228673109805418,2.544236565717127,2.7867023104301074,3.052275040614232,3.3431568519849013,3.6617596999791924,4.010725399387315,9.25894136039151,9.038228340200991,7.277351570171737,5.855576768183081,8.301518007318057,7.573368974058086,6.763177087756644,7.192935078254195,4.630856999804676,7.871589574969724,7.911884377331381,7.608667263561299,7.783563081672856,6.306788773405501,5.00934926428621,8.33249024949456,8.063986791560064,7.73870939384791,8.219448909964294,6.172394695817744,8.519316096621601,8.611616844918593,8.148106843290664,7.778817401776179,6.456240506231533,4.930516413396955,8.924672183358616,8.914101054208995,7.989846659563631,8.528912111497965,11.97470363,12.48364324,11.27954251,10.31556957,13.22252529,13.08572396,12.96371304,13.5721798,11.12807258,14.36066774,14.52857407,14.40159093,14.72396308,13.37317222,12.27796259,15.85400146,15.64461732,15.50878825,16.2341152,14.7395351,17.17044008,17.35090853,17.17816102,16.99527611,15.8760091,14.52592263,18.70879879,18.85863538,18.15273658,18.92548339,
2.7289756132319845,3.715998936858864,4.453854236036065,5.046761189489383,5.6716509587726005,6.447406644078427,7.349144006880333,7.526713071849236,7.629223797341273,7.62079843232239,7.737621099027681,7.902116531459816,8.045624128427205,8.17578894857376,8.381834307456142,8.642304568530507,8.73916356935339,8.966070885654805,9.257920386322605,9.844997801496797,9.74613052323195,9.632433153215397,9.78285706054112,9.760622082957076,9.735051858733003,9.640430056456358,9.531614983858514,9.346876981212718,9.204937098442599,9.041706233269394,0.7764713347800615,0.8085316309795094,0.8436472734067694,0.8821094365573516,0.9014885495161886,0.9442902298106094,0.9948299657815869,1.0473226917506033,1.092205350208323,1.0900515155182577,1.1344738717744702,1.1936231613199961,1.239048293706821,1.272586407686397,1.3284369159516909,1.3963322531803697,1.3871837118098624,1.4159342414880087,1.4538173735308597,1.5895766629491301,1.7410633189283231,1.9069866532223305,2.088722481274557,2.28777773374016,2.5058029517657348,2.744605973069145,3.0061669223027683,3.292654629998353,3.606444616237324,3.950138788164845,8.561109471989514,7.981121062163269,6.267645990558893,4.802477643955077,6.6531933817131215,5.652800036112968,4.719178127340186,5.022071476402373,2.855170812452719,5.84605052216179,5.660662789200407,5.260478497222874,5.465248667868793,4.263413853742801,3.0625661465952723,6.032003168292385,5.468981098840173,5.245744362860781,5.550997820150311,3.67817477555804,5.917873367843879,5.816485143566627,5.252461048188897,5.077239743307565,4.037144659506309,2.726367520479802,6.426665063844276,6.224534358794762,5.480596685326211,5.967003568572189,12.06655642,12.50565163,11.5651475,10.73134827,13.22633289,13.04449691,13.0631521,13.59610724,11.57659996,14.55690047,14.53275776,14.35621819,14.74992109,13.71178921,12.77283737,16.07063999,15.59532838,15.62774949,16.26273558,15.11274924,17.40506721,17.35590495,17.12404059,17.12563956,16.27799947,15.11140355,18.96444697,18.86406597,18.2919784,18.95884859,
3.2874479348999808,4.476461047081086,5.365315043347595,6.079557680865902,6.832328270536834,7.76683879282957,8.853112564127388,9.067020322446558,9.190509396951251,9.180359819689437,9.321089708424127,9.519248375371339,9.692124142749183,9.848926595329784,10.097138190284785,10.410912493624075,10.527593243971474,10.800936100086389,11.152511260238027,11.859731371250707,11.740631358709361,11.603666344272384,11.784873813148177,11.758088549554472,11.727285496418792,11.613299777021883,11.482216199739888,11.259672413584097,11.088685185911533,10.89204987410306,0.7604851323900603,0.7918853625178188,0.8262780345767572,0.8639483282829167,0.8829284588092774,0.9248489265036057,0.974348136685955,1.0257601281786868,1.069718730293606,1.0676092393361778,1.1111170160761308,1.1690485240094517,1.213538431453125,1.2463860536478262,1.3010866965044166,1.3675841861195934,1.3586239973995593,1.3867826033766395,1.4238857872245252,1.5568500275794865,1.7052178352079497,1.8677250949034025,2.0457192964478326,2.2406763453994456,2.4542128011161477,2.68809928106265,2.9442751425480505,3.2248645636330084,3.532194156547359,3.8688122596664245,7.843377892711517,7.128486000402738,5.332753712077373,4.216144400852994,5.3613105706558,4.314158830668829,3.045972139188763,3.385018859376969,1.778409082757459,4.203267630976822,3.935992415502303,3.6253843506219,3.715910555800515,2.5681027010253548,1.8843931332139137,4.175491800259597,3.662902758632396,3.2130652665405757,3.5448266525412317,1.6428515311737806,3.832880326086848,3.6879875708285814,3.242709590408567,2.8781549350508904,2.0390739724701166,1.413120371920774,4.400298917717619,4.165925712788733,3.405440317547241,4.033014076236948,11.89131096,12.39683241,11.52434679,11.15965041,13.0765673,13.00584655,12.87343284,13.47779931,12.03863721,14.45123669,14.36819914,14.31368125,14.62157313,13.66341535,13.28261802,15.95398848,15.54912,15.40078397,16.1212237,15.05943293,17.27872952,17.15937901,17.0733027,16.87691983,16.22057227,15.71451943,18.82679026,18.65046269,18.02631966,18.79387621,
3.5309763811919797,4.808069524316324,5.762768284356347,6.529920778771179,7.338455309270105,8.342192751667477,9.508935801569994,9.738689475950755,9.871326407104036,9.860424966746583,10.011579881771901,10.224417799383021,10.410099904036697,10.57851801058594,10.845116690376367,11.18213485037643,11.307459108516799,11.601050729744616,11.978669968525653,12.738279719840456,12.610356984755084,12.46324583939141,12.657876843552232,12.62910737404693,12.596022484112698,12.473592900145489,12.332798878609463,12.093769434415073,11.910115769215446,11.698914054251963,0.7105921849200563,0.739932348432986,0.7720686295287024,0.8072674982128444,0.8250024043225892,0.8641726069512248,0.9104243355086895,0.9584633540376848,0.9995379757396252,0.9975668815989721,1.038220255107397,1.092351065881667,1.1339221357038127,1.1646147326141614,1.2157266448245103,1.2778614511800812,1.2694891111977666,1.295800322940554,1.3304692879932942,1.4547101785063334,1.593344058518116,1.7451897472950189,1.9115063302123607,2.0936728834817244,2.293199909277659,2.511741860631944,2.7511108599502907,3.0132917249036733,3.3004584262871104,3.614992114312367,7.462411033889522,6.670318097252333,4.8361981061166786,4.065417153017792,4.652923586409217,3.6989902513833077,2.251269362923427,2.5865683000137767,1.4298641371586596,3.3970121216568856,3.0325132531232653,2.886316334738004,2.867002740262318,1.738514176802865,1.5109485048022377,3.2773536484467614,2.852029990288872,2.2613146173184444,2.579941373484849,0.6661029716572021,2.840401346730973,2.6095212433179538,2.372000986240007,1.8882667624761693,1.1155628466147134,1.0713030392278902,3.4872323414458197,3.1723110806871024,2.5317654345035887,3.2093411814421056,11.7039796,12.21831997,11.37103502,11.40260543,12.8163813,12.90535561,12.6706295,13.28372113,12.30072852,14.25500397,14.08231339,14.2030852,14.41102478,13.48164692,13.57179184,15.73734995,15.42897821,15.15816567,15.88908063,14.85909287,17.04410239,16.81795683,16.94138416,16.61104702,16.00478524,16.0566378,18.57114208,18.27937224,17.74233963,18.52324735,
3.531941512799979,4.8093837273498234,5.764343437860753,6.531705620203394,7.340461149697302,8.344472946445201,9.511534905474912,9.741351379067353,9.87402456424242,9.863120144163913,10.014316374783121,10.227212467975013,10.412945325635476,10.581409466374824,10.848081016324873,11.1851912944372,11.310549807806073,11.604221677249368,11.981944131748607,12.74176150931224,12.613803808749427,12.466652453086686,12.661336656281922,12.632559323137396,12.599465390018057,12.477002342031698,12.336169836873655,12.097075058095589,11.913371194328182,11.702111751011753,0.669283256910053,0.696917785702987,0.7271858850898916,0.760338534348372,0.7770424553511893,0.813935572592648,0.8574985446933646,0.9027449060552836,0.941431732581691,0.9395752242578891,0.9778652910550077,1.0288493098818698,1.0680037244592426,1.096912065500872,1.1450526837021424,1.2035754010182786,1.195689771130649,1.220471430515833,1.2531249810847986,1.3701433632294417,1.5007180257453292,1.6437364535989782,1.80038453762708,1.9719611840630593,2.1598890849043877,2.365726514695893,2.5911802515465263,2.8381197295190232,3.1085925397422964,3.4048414087798267,7.436282420291524,6.69734620694883,4.792958727051078,4.210748915450044,4.670955294953414,3.8654748609641536,2.229633569833822,2.62367320487957,1.5933511131782043,3.349389341580631,3.059451304164428,3.0774700521458067,2.912770389908104,1.700714188127262,1.6979050799760953,3.2349616445477793,3.0644443310667007,2.2473821922383967,2.6349312571703694,0.6340928074622942,2.8065243655094037,2.6709274933187017,2.6352591860955825,1.9121845528043586,1.1236155050826162,1.3549886832777198,3.5097107715853832,3.304353112391234,2.6196087859356676,3.3940507302148584,11.63750719,12.20364772,11.28448805,11.50279307,12.7884589,13.02388338,12.59866702,13.26776949,12.40880741,14.15208471,14.05163297,14.33353183,14.39371944,13.37903572,13.69103878,15.62372834,15.57068391,15.0720753,15.87000037,14.74599768,16.9210462,16.7813164,17.09698038,16.51670506,15.88296998,16.19771754,18.43706086,18.2395479,17.64157252,18.50100389,
3.1823574336479816,4.333361127450842,5.193800951430138,5.885211252656362,6.613917875334404,7.518554714101867,8.570103355942672,8.777173082454615,8.89671455718105,8.886889433471982,9.023120581894693,9.214944671367434,9.382294084744293,9.534084002171317,9.774360967758211,10.078104785605136,10.191055579225225,10.455660429953706,10.795996717113365,11.480608982333932,11.365316263555087,11.232729636945447,11.408144410663212,11.382215396912233,11.352397031095784,11.242055115836369,11.115161913311713,10.899732228580723,10.734210983585188,10.543861551854821,0.6376194777600505,0.6639466174803016,0.6927827336158964,0.724366931619217,0.7402805904122575,0.7754282949238626,0.8169303035782755,0.8600360603774575,0.8968926138191892,0.8951239368716365,0.9316025012799158,0.9801744670699719,1.0174764869801758,1.0450171749139698,1.0908802613121782,1.1466342698981553,1.139121709022252,1.1627309485364152,1.1938396602004713,1.305321904737512,1.4297190822591126,1.5659713107985194,1.715208376717732,1.8786677350190448,2.0577047701664726,2.253804034763449,2.4685915592765153,2.703848334875675,2.961525081189432,3.24375842142687,7.787315538593524,7.2136761050705,5.27055668495569,4.755456885726234,5.337801244255243,4.598489140976275,3.1789231404811544,3.638536167170134,2.4665917590020743,4.309692029658816,3.9909229768279477,3.9937870815652796,4.00260153827835,2.648949472917675,2.6618330109327153,4.332331274499974,4.083398131755955,3.414551941513484,3.889704122689941,1.7936552929325305,4.053817894189963,3.8560394322604084,3.8011187426236455,3.212939218073539,2.2936257187428004,2.5078737494054857,4.774646407417333,4.49839234654944,3.90003322523151,4.724505646724742,11.60729245,12.21098385,11.15714037,11.36503507,12.69199971,12.89247215,12.5659568,13.27574531,12.26019893,14.0917054,13.94564606,14.18890622,14.40237211,13.22805065,13.52707424,15.55707033,15.41357542,15.03294332,15.8795405,14.57958618,16.84885324,16.65474038,16.92447153,16.47382235,15.70372752,16.0037329,18.35839988,18.10197291,17.59576929,18.51212562,
2.431888440419986,3.3114604671961287,3.968989894748081,4.497350631779404,5.054212407710335,5.745516234149092,6.549086870053615,6.707325058178219,6.798676057115108,6.791167910946124,6.895272796076691,7.0418605994612085,7.169745386883007,7.285739945401199,7.469354384474479,7.701468813752846,7.787783357316257,7.989988637892806,8.250066237551456,8.773232063098318,8.685127871187523,8.583808050479435,8.717856211120559,8.698041821905262,8.675255274305512,8.590934378929038,8.493965349264185,8.329338662619477,8.202850921772862,8.057390019810333,0.706510936770056,0.7356825866255055,0.7676342947121835,0.8026310005795259,0.82026404720603,0.859209277874087,0.905195362106135,0.9529584711055014,0.9937971829179293,0.991837409650888,1.0322572926862348,1.0860772060484325,1.1274095146578804,1.157925830281976,1.2087441839624418,1.270522122386067,1.2621978684899622,1.2883579631975097,1.3228278089065721,1.446355128520126,1.584192772268222,1.7351663434655094,1.9005276959978983,2.081647985426623,2.2800290384379056,2.4973158058011617,2.735310002094134,2.995985045293824,3.2815024201104417,3.5942296007470613,8.389126172811517,7.973101486180011,6.347569450541462,6.122661327642885,6.9622120450855425,6.224617717978825,5.025319597842354,5.408090570718489,4.52987105996928,6.224992419405426,6.177096341239634,5.991491404493049,5.880247748461934,4.697898284319785,4.917542661566188,6.492667153864349,6.288120504197204,5.651288278913279,6.058603163545742,4.26467589838552,6.479446896548409,6.525630026059416,6.223215722886118,5.580922182672916,4.6457703372616255,4.996603565275091,7.020071808647231,6.983011692092523,5.990495418122813,6.571340929449019,11.52752555,12.02024454,11.08419364,11.42264296,12.8366885,12.82934323,12.47960183,13.0683741,12.3223443,14.00799774,14.10462643,14.11942921,14.17740265,13.14156406,13.59564123,15.46465809,15.33810173,14.92963488,15.63149721,14.48426309,16.74876754,16.84460442,16.84159963,16.36061199,15.60105465,16.08485375,18.24934716,18.3083354,17.47484876,18.22296055,
1.4998284969119913,2.0422905477689253,2.447811358925186,2.7736694356682725,3.117105074614767,3.5434557088313956,4.039045111280775,4.136635995757373,4.192975270680387,4.188344741008032,4.252549772288006,4.342955467369094,4.421826374976855,4.493364173117902,4.606605456554019,4.749758337167258,4.802991458383952,4.927698347480566,5.088097068447037,5.410751266198871,5.356414407842658,5.29392702072643,5.3765990906892585,5.3643788814477205,5.350325640818621,5.298322070396235,5.238517964421647,5.136987075143153,5.05897777377939,4.969267077217896,0.7714182307200611,0.8032698855883567,0.8381570031656053,0.87636886304797,0.8956218610171285,0.9381449974236002,0.9883558319482693,1.0405069468431438,1.085097518866352,1.0829577008570443,1.1270909662238724,1.1858553252487716,1.230984840900492,1.264304696236994,1.319791741722109,1.3872452310823116,1.3781562263997305,1.4067196539766962,1.4443562509579722,1.5792320488861973,1.729732863145192,1.894576405003066,2.075129536399996,2.272889381219052,2.489495739249364,2.7267446831999638,2.986603451509053,3.271226760437996,3.582974670707864,3.9244321568264264,9.019395302369508,8.89591126664436,7.9243365779109345,7.867782921285572,8.643735174370011,7.910993443747008,7.195752786773058,7.588150157401691,7.1469464504555775,8.513017428137358,8.526957511490675,8.109950967384815,8.195789904125464,7.5334143806480585,7.782528621726972,9.080716901753686,8.634799345219731,8.288422118546324,8.736519090598753,7.6590756249188825,9.395178149016298,9.419603674274859,8.816532752915313,8.38714326733802,7.938735509937047,8.193812746409089,9.732822574074842,9.64307354442467,8.473798985518858,8.906635435962093,11.29064203,11.7414717,11.21030494,11.51782122,12.65646211,12.39259415,12.22315373,12.7652931,12.42501924,13.78431987,13.90659825,13.63876176,13.84860112,13.29108325,13.70892582,15.21772047,14.81594703,14.62284012,15.26897241,14.64905894,16.48132542,16.6081071,16.26826138,16.02441153,15.77855689,16.2188795,17.95794399,18.05128738,17.11575143,17.80033467,
0.516700844075997,0.7035826109807243,0.8432872144378742,0.9555474786272762,1.0738633293360693,1.220743944703518,1.3914777739966275,1.4250984796219723,1.4445077327247686,1.4429124846046328,1.465031542833352,1.4961769031554506,1.5233484528478825,1.5479936977935025,1.5870060694454358,1.6363231843002757,1.6546623468925972,1.6976246955817842,1.7528831165830683,1.8640396232545235,1.8453202159123514,1.8237928974665856,1.8522739727490285,1.848064029783624,1.8432225953729502,1.8253070211672753,1.8047041108345925,1.7697260474773506,1.7428513268386747,1.7119453981065516,0.8219833895100652,0.8559228664209334,0.8930967754814121,0.9338133580753593,0.954328357460514,0.9996388134544878,1.0531408831608153,1.1087104153301606,1.1562238238447828,1.1539437443882943,1.2009698705695628,1.263586133823525,1.3116738128089211,1.3471777282425996,1.4063018556036824,1.4781768069732217,1.4684920334240055,1.498927745312515,1.539031357496293,1.6827480355950624,1.843113923387421,2.0187626802863883,2.2111507637178276,2.4218734315002823,2.6526779695224048,2.9054781800180343,3.1823702505738938,3.485650135453725,3.8178325933626,4.181672039510166,10.1453321064155,10.394713912599986,10.07109502008244,10.35106371329918,10.832611613205327,10.235340311843995,9.98788046284466,10.462782865050075,10.603806663432765,11.405652481009506,11.46512174659964,10.948475733023704,11.26450633434601,11.103929163966848,11.575686414953978,12.344098278729753,11.768266339686816,11.676732379109291,12.253721595924404,11.882628121154367,13.05377040070438,13.033692842251378,12.287708543537706,12.028923418720883,12.123181635109672,12.505631918819965,13.255121798597052,13.087352967074732,11.848208189804824,12.229247502389677,11.48401634,11.95421939,11.80747901,12.24042455,12.8608033,12.45572307,12.43249912,12.99659176,13.20453822,14.00250871,14.13112316,13.70823877,14.0995286,13.99910059,14.56899434,15.45859827,14.89142072,14.87328482,15.54563607,15.42941578,16.74220454,16.87624842,16.35113328,16.29886088,16.6190822,17.23641712,18.24219616,18.34272915,17.40889211,18.12286494,
1.6513319999999903e-05,2.2485902499999174e-05,2.6950742936802672e-05,3.0538485606662654e-05,3.431975967700103e-05,3.901393935788972e-05,4.447044749072295e-05,4.554493667916225e-05,4.616523991869077e-05,4.611425714405585e-05,4.6821163453223305e-05,4.781654270876496e-05,4.868492235263687e-05,4.947256344308871e-05,5.071936569710737e-05,5.229549878922777e-05,5.288160284516481e-05,5.4254643009488156e-05,5.602065519845743e-05,5.95731227157698e-05,5.897486636067438e-05,5.828687155224216e-05,5.9197102521429215e-05,5.906255632092165e-05,5.890782819032331e-05,5.833526165935294e-05,5.767681014885986e-05,5.655894096048777e-05,5.570004772099505e-05,5.471232049565365e-05,0.8790719071800696,0.9153685538976071,0.955124271047331,0.9986687080414287,1.0206085183410687,1.0690658831420317,1.1262837868795454,1.1857127428032497,1.2365260599244996,1.2340876240364798,1.2843798160162936,1.3513449136832407,1.402772385596939,1.4407421244638596,1.5039725498750631,1.580839371498497,1.5704819695568457,1.6030315072210586,1.6459204016891285,1.7996185127728224,1.971122157040232,2.1589700986063223,2.3647199490036614,2.590077760143866,2.8369121706857325,3.107269900552237,3.403392722075016,3.7277360484889135,4.082989293910051,4.472098173619797,10.974756269501498,11.14153413020154,10.952474988211462,11.418306013474782,12.156191251901165,11.724164662920614,11.706543912675066,11.922494892262279,12.158455044837899,13.031848281708811,13.19394310282281,12.728335339776732,12.817844929483517,12.677044822975645,13.275143790762336,14.16857792300599,13.724439058843723,13.749174548139514,14.03322142765943,13.760604994108403,15.086047248097953,15.131923074526648,14.429465113898381,14.2336084473046,13.923068781491104,14.37774192419138,15.181993671120736,15.065675662576218,13.886478666048324,13.806416324066117,11.85384469,12.05692517,11.90762621,12.41700526,13.17683409,12.79326956,12.83287217,13.10825318,13.39502727,14.26598202,14.47836974,14.07972807,14.220666,14.11783642,14.77916706,15.74946959,15.29497391,15.35226031,15.67919785,15.56028308,17.05722838,17.29095146,16.79424426,16.82374527,16.76003986,17.48507016,18.58544407,18.79346827,17.96952366,18.27856921,
9.113159999999947e-06,1.2409232499999546e-05,1.487323157923135e-05,1.6853189152224617e-05,1.8939950361166543e-05,2.1530514251449515e-05,2.454178222517076e-05,2.513475758642564e-05,2.5477082610729767e-05,2.5448946888628335e-05,2.5839065308210372e-05,2.6388382490729216e-05,2.686761275062533e-05,2.730228604950539e-05,2.7990355343216933e-05,2.8860171530984622e-05,2.918362314691668e-05,2.9941359005236204e-05,3.091596324230223e-05,3.28764536149269e-05,3.254629554344271e-05,3.216661376119588e-05,3.266894039564351e-05,3.259468875801901e-05,3.250929937474274e-05,3.2193318675078596e-05,3.182994087053262e-05,3.121302550931483e-05,3.0739030485030466e-05,3.0193936207144964e-05,0.9126084772200723,0.9502898400511809,0.9915622367600995,1.0367678928753832,1.0595447063584587,1.1098507183466744,1.1692514836004786,1.2309476526229755,1.2836994964502695,1.2811680342975282,1.3333788720730047,1.4028986864471977,1.45628811505605,1.4957063984578496,1.5613490629283857,1.6411483517664711,1.6303958152143159,1.6641871168806877,1.7087122215398907,1.8682739115018008,2.046320415268088,2.2413347508432993,2.4549339525988283,2.6888891582816585,2.945140295066062,3.225812165186018,3.533232064528402,3.8699490802781127,4.238755227628768,4.642708600821911,10.914638129621494,11.039375090717966,10.891321400010053,11.386482243937284,12.193422443693093,11.63572853114108,11.6348111546194,11.804168752621647,12.11805722646944,12.95322663675802,13.228638908864237,12.624340765172988,12.685034867334009,12.592785229259052,13.225242946719359,14.07344841806525,13.607558571165947,13.653607111763884,13.883003552500623,13.659663372048524,14.973138188440563,15.149512982547401,14.27670089846533,14.097086727034366,13.780062695639584,14.26804328150058,15.011061935536343,15.032099816702331,13.690430843346842,13.533881195248277,11.82725572,11.98967734,11.88289851,12.42326699,13.25298609,12.74560078,12.80408718,13.03514154,13.4017822,14.23442012,14.56204362,14.02726584,14.14134985,14.08851893,14.78662,15.71462563,15.23798357,15.31782417,15.59174669,15.52797016,17.01949115,17.3908799,16.73166752,16.78600848,16.7252355,17.49388764,18.54432583,18.90208011,17.92921681,18.17661999,
1.041503999999994e-06,1.418197999999948e-06,1.6997978947692973e-06,1.926078760254242e-06,2.1645657555618907e-06,2.460630200165659e-06,2.804775111448087e-06,2.8725437241629304e-06,2.911666584083402e-06,2.9084510729860956e-06,2.953036035224043e-06,3.015815141797625e-06,3.070584314357181e-06,3.1202612628006163e-06,3.198897753510507e-06,3.2983053178268142e-06,3.335271216790478e-06,3.4218696005984238e-06,3.5332529419773985e-06,3.757308984563075e-06,3.7195766335363097e-06,3.676184429850958e-06,3.7335931880735445e-06,3.725107286630744e-06,3.7153484999705995e-06,3.679236420008983e-06,3.6377075280608713e-06,3.5672029153502668e-06,3.5130320554320533e-06,3.4507355665308532e-06,0.909441342750072,0.9469919354359564,0.9881210996048108,1.0331698731189622,1.0558676414990174,1.1059990705104221,1.165193690176194,1.2266757475961192,1.2792445203835183,1.2767218434669914,1.328751487720652,1.3980300391590423,1.451234184041191,1.490515669454339,1.5559305263266152,1.6354528781378495,1.6247376574007497,1.6584116890669351,1.70278227292421,1.8617902168482692,2.0392188245140743,2.2335563784904275,2.4464143013607274,2.6795575842805657,2.9349194220626647,3.214617242985396,3.52097026624206,3.8565187326150823,4.224044967833449,4.626596453268099,10.847715155747492,10.904520256367688,10.828010900599022,11.385085800804093,12.098118693937135,11.527513198861378,11.563002985050796,11.658251719862362,12.11713081795221,12.820469678084372,13.124513139245874,12.505875645028494,12.527153945377306,12.518842920287346,13.224723924778743,13.9276739735601,13.479238277331461,13.568622849067058,13.709288493826621,13.578931325846703,14.816193695913471,15.02741287532955,14.13810957505065,14.006959280616945,13.696340592593865,14.272212727783465,14.84457697605599,14.904362420187898,13.598904839140593,13.34056076600273,11.75715754,11.85151361,11.8161337,12.4182576,13.1539885,12.63351473,12.72819948,12.88493034,13.39637825,14.09719443,14.45326758,13.9039087,13.9783912,14.00936171,14.78065765,15.56313015,15.10397927,15.22703796,15.4120743,15.4407253,16.85541624,17.26097293,16.58452761,16.68652059,16.63126373,17.48683365,18.36555088,18.76088472,17.82295332,17.96716067,
0.0,0.0,0.0,0.0,0.0,0.0,0.0,0.0,0.0,0.0,0.0,0.0,0.0,0.0,0.0,0.0,0.0,0.0,0.0,0.0,0.0,0.0,0.0,0.0,0.0,0.0,0.0,0.0,0.0,0.0,0.9177029233500726,0.9555946345154778,0.9970974257549513,1.042555432999552,1.065459393284568,1.1160462280730166,1.1757785856867646,1.2378191606811084,1.2908654806538082,1.2883198871425607,1.3408221810102046,1.4107300752216305,1.4644175391597052,1.5040558668919488,1.5700649678205305,1.6503097195140963,1.6394971591734344,1.6734770937204984,1.7182507504727191,1.878703160227633,2.057743571397493,2.253846533751837,2.468638108418551,2.7038993201510015,2.9615809253615546,3.2438195875486717,3.5529555942422175,3.8915522623736556,4.262417192978016,4.668625551468944,10.43336857665149,10.488763915486167,10.461720944246778,10.953661747002265,11.587195116717341,11.110351371928989,11.11279558431534,11.204453399321098,11.650230449348507,12.21194282285987,12.561592378992351,12.045122834781049,12.033750370843103,12.081668143111001,12.708264962182566,13.253815110489153,12.977753840829976,13.027626986283083,13.164346539531039,13.095100549776312,14.08394677860665,14.349264146252507,13.581450311586009,13.406277629853788,13.166759794643468,13.648715662456608,14.034924245763316,14.154304527632153,12.944940697028082,12.681278908537454,11.3510715,11.44435855,11.45881837,11.99621718,12.65265451,12.2263976,12.28857417,12.44227256,12.94109593,13.50026271,13.90241456,13.45585291,13.49816791,13.58572401,14.27832993,14.90412483,14.617251,14.70110408,14.88259729,14.97380371,16.14169035,16.60311068,16.05008842,16.11017695,16.12834072,16.89253525,17.58787984,18.04585679,17.20735789,17.34990446,
0.0,0.0,0.0,0.0,0.0,0.0,0.0,0.0,0.0,0.0,0.0,0.0,0.0,0.0,0.0,0.0,0.0,0.0,0.0,0.0,0.0,0.0,0.0,0.0,0.0,0.0,0.0,0.0,0.0,0.0,2.4035719647301903,2.5028148159138293,2.6115155108152828,2.7305753819408585,2.790563549594715,2.9230564236918055,3.0795024984449917,3.2419940661821705,3.3809286214443977,3.3742614124363914,3.5117710993006623,3.694868102006635,3.8354818887732205,3.9392993343123632,4.11218493854451,4.322355387586236,4.294036019476461,4.383033467302541,4.500300943944367,4.920544689439331,5.389472598343335,5.903089336965883,6.465653750779159,7.08183055322884,7.756729004951974,8.495945279124317,9.305608864225277,10.192433388986354,11.163772290957148,12.227679790285686,8.14862195527136,8.2690653940878,8.64082652918643,8.013296338060943,8.22609219040718,9.037942026310187,8.344213541557101,8.46916205382003,8.209181198557914,8.827846337566033,8.593049680701883,9.46889779799604,8.869524451229589,9.401623645690586,8.675558301458588,9.14862225241702,10.005917430526962,9.283420932701054,9.507784746059409,9.783446200564624,9.200069031660831,8.553225313038489,9.236034439225422,7.894527516775975,8.080995305053078,6.633093230881011,6.5910599157803,5.520079091019548,4.832548169048982,4.102732419720804,10.55219392,10.77188021,11.25234204,10.74387172,11.01665574,11.96099845,11.42371604,11.71115612,11.59010982,12.20210775,12.10482078,13.1637659,12.70500634,13.34092298,12.78774324,13.47097764,14.29995345,13.6664544,14.00808569,14.70399089,14.58954163,14.45631465,15.70168819,14.97635807,15.83772431,15.12903851,15.89666878,15.71251248,15.99632046,16.33041221,
0.0,0.0,0.0,0.0,0.0,0.0,0.0,0.0,0.0,0.0,0.0,0.0,0.0,0.0,0.0,0.0,0.0,0.0,0.0,0.0,0.0,0.0,0.0,0.0,0.0,0.0,0.0,0.0,0.0,0.0,2.497170801690198,2.600278324114677,2.7132119934262247,2.8369082414231763,2.899232441784251,3.036884794816422,3.199423123456211,3.3682423659953864,3.5125872492931047,3.505660408779125,3.648524937083592,3.8387520223315557,3.984841529024577,4.092701787635769,4.272319826644452,4.490674640407655,4.461252471983425,4.553715619081741,4.675549673961278,5.11215836562604,5.599347057870655,6.132964832486173,6.71743638102255,7.357608068134441,8.058788117028095,8.826790624581312,9.667983771104339,10.589342624491003,11.598506976605409,12.703844691476238,7.592133388311346,7.650736855886945,8.066830886575485,7.511222318578623,7.8052001082176385,8.743745305185572,7.72317239654588,7.776630834006812,7.650610960709206,8.269675461223303,8.113232952918954,9.126508147671121,8.10582511097823,8.68825717236718,8.04439802335865,8.509152069595606,9.623061868019999,8.51323678092186,8.655187036042506,8.974655894377921,8.479921582133521,7.913643197518206,8.747474948982036,6.961786861870383,7.11417290297697,5.744982925424027,5.672694908901234,4.677861325514957,3.696107983400902,2.83692442853059,10.08930419,10.25101518,10.78004288,10.34813056,10.70443255,11.7806301,10.92259552,11.1448732,11.16319821,11.77533587,11.76175789,12.96526017,12.09066664,12.78095896,12.31671785,12.99982671,14.08431434,13.0669524,13.33073671,14.08681426,14.07926864,14.04660803,15.46491133,14.31939493,15.17296102,14.57177355,15.34067868,15.26720395,15.29461496,15.54076912,
0.0,0.0,0.0,0.0,0.0,0.0,0.0,0.0,0.0,0.0,0.0,0.0,0.0,0.0,0.0,0.0,0.0,0.0,0.0,0.0,0.0,0.0,0.0,0.0,0.0,0.0,0.0,0.0,0.0,0.0,2.5716730678202033,2.677856769122986,2.7941597771599387,2.9215464618628273,2.985730084157916,3.127489249680479,3.294876855673844,3.468732764558392,3.617384129776639,3.6102506292636463,3.757377473586334,3.953279921096537,4.103727959972891,4.214806193776834,4.399783077657048,4.624652435173022,4.59435246607109,4.689574220625361,4.8150431542942025,5.264677922076411,5.766401728050759,6.315939812734454,6.917848876888506,7.577119874856436,8.29921939893071,9.090135007649257,9.956424873878673,10.905272164359745,11.944544601623653,13.08285970215873,7.101876369181339,7.1488857138786335,7.427036972841769,6.983253800138967,7.264328875843971,7.753875780321506,7.177626084328242,7.214872425443802,7.067565000225668,7.576387060738775,7.505126286416208,8.022287378906132,7.486525830029912,7.903577526226112,7.389267082346051,7.72525869483024,8.41484689393233,7.838922059378248,7.963956245709582,8.091864517927542,7.608985511953418,7.1344285172699395,7.366560693116085,6.152208955148405,6.0871630710743885,4.857360692356159,4.617309266127049,3.7138811556463946,2.719817898382974,1.8147024878480877,9.673549437,9.826742483,10.22119675,9.904800262,10.25005896,10.88136503,10.47250294,10.68360519,10.68494913,11.18663769,11.26250376,11.9755673,11.59025379,12.11838372,11.78905016,12.34991113,13.00919936,12.52849628,12.7789994,13.35654244,13.37538724,13.45036833,14.28440957,13.72932883,14.38638247,13.9474957,14.57373414,14.61915332,14.6643625,14.89756219,
0.0,0.0,0.0,0.0,0.0,0.0,0.0,0.0,0.0,0.0,0.0,0.0,0.0,0.0,0.0,0.0,0.0,0.0,0.0,0.0,0.0,0.0,0.0,0.0,0.0,0.0,0.0,0.0,0.0,0.0,2.6121358256702067,2.719990223550713,2.838123145549247,2.9675141350142558,3.0327076237652943,3.176697230963875,3.3467185170517872,3.523309878443893,3.6743001273523586,3.667054388193057,3.8164961293622985,4.015480910080022,4.168296101547518,4.281122042605955,4.469009356646966,4.697416813338497,4.666640103888821,4.763360079521344,4.890803144017416,5.347512474642534,5.857130413476442,6.415314941881212,7.026694455842956,7.696338437485253,8.42979949057806,9.233159382030607,10.113079471138573,11.07685594473852,12.132480316272531,13.288705690413652,6.685542312331333,6.841428990450908,6.9602298524524615,6.666779506987542,6.8480141472365945,7.334912669038113,6.718869332950303,6.871836641558304,6.718836002649951,7.1984752018093685,7.0401893306402465,7.553149629922651,7.109019398455289,7.335932637396995,6.998074073356139,7.297994896664768,7.900499086114605,7.278334310482273,7.543161685986369,7.456479155361427,7.134321526527757,6.5504004381231855,6.772322554161646,5.4995294625196225,5.361428409427018,4.333421017974854,4.042321278867091,3.01552996526752,1.96208998373417,1.2066204695931273,9.297678138,9.561419214,9.798352998,9.634293642,9.880721771,10.5116099,10.06558785,10.39514652,10.39313613,10.86552959,10.85668546,11.56863054,11.2773155,11.61705468,11.46708343,11.99541171,12.56713919,12.04169439,12.43396483,12.80399163,12.99145194,12.96571538,13.79901701,13.1958679,13.7912279,13.5665804,14.15540075,14.09238591,14.0945703,14.49532616,
0.0,0.0,0.0,0.0,0.0,0.0,0.0,0.0,0.0,0.0,0.0,0.0,0.0,0.0,0.0,0.0,0.0,0.0,0.0,0.0,0.0,0.0,0.0,0.0,0.0,0.0,0.0,0.0,0.0,0.0,2.6452881145802096,2.7545113617079906,2.874143584287065,3.0051767576779405,3.0711976587529803,3.2170147302859093,3.389193865418976,3.56802646089024,3.7209330237611016,3.7135953242850297,3.864933726313086,4.066443950338244,4.221198617283079,4.335456504627676,4.525728416918287,4.757034738944086,4.725867422561437,4.823814933356576,4.952875459415032,5.415381180690279,5.931467007210542,6.496735812998177,7.115874735977376,7.794017598316487,8.536787475436517,9.350343321846081,10.241431040418467,11.217439418570793,12.286461395161027,13.457361166120226,6.336948194421328,6.663853370293629,6.83642606171464,6.589041829323856,6.713064914248907,7.133551999716079,6.3348993225831105,6.671591659111955,6.628971556241207,7.029803415717392,6.885764823689456,7.3249493296644275,6.887389782719728,7.177521085375276,6.893656243084819,7.103546001059178,7.648736847441993,6.80934153664704,7.295056900588746,7.273899609313693,6.913958252793666,6.342403547006224,6.471734364027236,4.954154791688357,5.130884944568551,4.159805188159335,3.7548599995873166,2.737371491435522,1.3299231748457567,0.8210911838865499,8.982236309,9.418364732,9.710569646,9.594218587,9.784262573,10.35056673,9.724093188,10.23961812,10.34990458,10.74339874,10.75069855,11.39139328,11.1085884,11.51297759,11.41938466,11.86058074,12.37460427,11.63315647,12.24793236,12.68928079,12.84542526,12.83913936,13.5876091,12.74817239,13.66767242,13.51014851,13.99629104,13.95481091,13.61638457,14.27845235,
0.0,0.0,0.0,0.0,0.0,0.0,0.0,0.0,0.0,0.0,0.0,0.0,0.0,0.0,0.0,0.0,0.0,0.0,0.0,0.0,0.0,0.0,0.0,0.0,0.0,0.0,0.0,0.0,0.0,0.0,2.6710850293502113,2.781373424270979,2.9021723032277116,3.0344833153490356,3.1011480538755367,3.2483871370772945,3.42224536737195,3.6028219427137023,3.757219654147328,3.7498103972454513,3.9026246550931543,4.10610001178035,4.262363850044344,4.377735983117178,4.569863431777319,4.80342545874587,4.771954197927111,4.870856895257127,5.001176022740717,5.468192111187922,5.989310819384616,6.560092140472445,7.1852689214599454,7.870025049675551,8.620038436910106,9.441528099948107,10.34130572787362,11.326832163740425,12.406279268945328,13.588597683276175,6.264016293651326,6.641882058730641,6.784906023773995,6.57601576265276,6.62853892112635,6.9359830429246925,6.250819882630138,6.642113387288494,6.610247745854979,6.935953552756971,6.788107614909389,7.102384418222322,6.851992999958463,7.107389996885771,6.868898848225786,6.993527181257398,7.403954032076318,6.701253674746484,7.253116417263058,7.190391408816057,6.787202980619594,6.207431829531957,6.184167218544675,4.81125031032929,5.014569843094977,4.091545870057298,3.579899832132253,2.5501402662659025,1.138652261061145,0.6972691567316875,8.935101323,9.423255483,9.687078327,9.610499078,9.729686975,10.18437018,9.67306525,10.24493533,10.3674674,10.68576395,10.69073227,11.20848443,11.11435685,11.48512598,11.43876228,11.79695264,12.17590823,11.57211057,12.25429244,12.65858352,12.7765138,12.76752397,13.36943614,12.68127536,13.63460828,13.53307397,13.92120556,13.87697243,13.54493153,14.28586684,
0.0,0.0,0.0,0.0,0.0,0.0,0.0,0.0,0.0,0.0,0.0,0.0,0.0,0.0,0.0,0.0,0.0,0.0,0.0,0.0,0.0,0.0,0.0,0.0,0.0,0.0,0.0,0.0,0.0,0.0,2.6840044994402126,2.7948263358665093,2.9162094933042484,3.0491604656458184,3.1161476473315557,3.264098894657855,3.4387980402290785,3.6202480260532557,3.775392526373387,3.767947432471984,3.9215008203780326,4.125960344081959,4.2829799972909735,4.398910160829359,4.591966889089046,4.826658605898402,4.795035125285674,4.894416193923953,5.025365647305514,5.494640593228219,6.018279841763356,6.591821910683881,7.2200225387725325,7.9080906867180305,8.661731729162735,9.487194762952413,10.391324423862239,11.381617641456764,12.466285802688036,13.654322839684564,6.182207228561325,6.7824878201351115,6.924180602697457,6.727900558355977,6.75949732367033,6.898369415344134,6.159687915773009,6.792179433948943,6.771756023628919,7.070137027530439,6.929606379624514,7.058419815920714,7.013082962711836,7.267984249173594,7.0450434209140615,7.138454014104863,7.35468835471776,6.588473456079661,7.429269452698268,7.3642829867757555,6.940357108240859,6.367231579320523,6.120662121232091,4.675412093286819,5.1886635808423325,4.280424267053021,3.7283213361435923,2.7035274785495975,0.9742143573187212,0.8651004103221599,8.866211728,9.577314156,9.840390096,9.777061024,9.875644971,10.16246831,9.598485956,10.41242746,10.54714855,10.83808446,10.8511072,11.18438016,11.29606296,11.66689441,11.63701031,11.96511262,12.14972348,11.48288965,12.4546351,12.85892358,12.95863695,12.95905349,13.34068466,12.58350278,13.85039531,13.76761903,14.11964576,14.08514512,13.44050016,14.51942325,
0.0,0.0,0.0,0.0,0.0,0.0,0.0,0.0,0.0,0.0,0.0,0.0,0.0,0.0,0.0,0.0,0.0,0.0,0.0,0.0,0.0,0.0,0.0,0.0,0.0,0.0,0.0,0.0,0.0,0.0,2.6966708408702136,2.8080156671865675,2.9299716554508857,3.063550049396809,3.1308533566757935,3.279502814833714,3.455026399792352,3.6373326835375632,3.793209341055066,3.7857291123014845,3.9400071486346713,4.145431556762745,4.303192216381837,4.419669477003599,4.613637277668719,4.849436550525958,4.8176638325320225,4.917513899842739,5.049081329269774,5.52057087531362,6.046681279731497,6.622930005690389,7.254095235233163,7.945410511151361,8.702608132864563,9.53196668792703,10.440363113286939,11.435329717983638,12.525116640107925,13.71876025591057,6.129657437131323,7.529810352815054,7.573120924550824,7.453647140604987,7.421275203326095,6.979591395168276,6.100282070209738,7.601921006464635,7.552371998947246,7.89492103770094,7.654402991367873,7.145290963239929,7.889864373620969,8.032933612999352,7.9043097723343845,8.045858289477307,7.4475805974714095,6.513721530160874,8.394546880734017,8.204338764690334,7.9193756602726815,7.2238211443140115,6.2134341747714545,4.581487088853505,6.080544047140554,5.277878922078329,4.7769608467188,3.6146505620224585,0.8549232498985931,1.9536160440963783,8.826328278,10.33782602,10.50309258,10.51719719,10.55212856,10.25909421,9.55530847,11.23925369,11.34558134,11.68065015,11.59441014,11.29072252,12.19305659,12.45260309,12.51794705,12.89529484,12.26524443,11.43123543,13.44362821,13.72490964,13.96605694,13.84675115,13.46752941,12.5268976,14.78315218,14.80984561,15.21732396,15.04998028,13.38003989,15.6723763,
0.0,0.0,0.0,0.0,0.0,0.0,0.0,0.0,0.0,0.0,0.0,0.0,0.0,0.0,0.0,0.0,0.0,0.0,0.0,0.0,0.0,0.0,0.0,0.0,0.0,0.0,0.0,0.0,0.0,0.0,2.688457533360213,2.799463234380174,2.9210477787073534,3.0542193301089284,3.121317650279088,3.2695143636331037,3.444503352690501,3.6262543823250843,3.781656283004482,3.774198836942086,3.9280069853915762,4.132805728047822,4.290085892683696,4.406208396045168,4.599585424870524,4.834666518886927,4.802990571733302,4.902536523578649,5.033703235298575,5.503756755643355,6.028264774456655,6.602758407462853,7.232001283694542,7.921211006031108,8.67610241490635,9.502934975047395,10.408564678169874,11.400500891999917,12.486968627007952,13.67697673716217,6.134244976641322,8.31599227562145,8.294202701294358,8.19434760989287,8.027334889722802,7.0089050263688835,6.106879891311588,8.458435777677114,8.35290094699783,8.657075803060339,8.32184851461097,7.1791852619548475,8.820153907319112,8.89073835395778,8.788864255132575,8.889308561116332,7.485358048270129,6.524003066424963,9.421178384705206,9.151764764360607,8.835281965547518,8.026765542541536,6.260897076310077,4.60054067397375,7.109415355098728,6.3367927249579585,5.786658281835719,4.5002721080060075,0.8875748829986884,3.1743033328446235,8.82270251,11.11545551,11.21525048,11.24856694,11.14865254,10.27841939,9.551383244,12.08469016,12.13455723,12.43127464,12.2498555,11.31199099,13.1102398,13.29694675,13.38844968,13.72397508,12.28834862,11.42653959,14.45488162,14.65552152,14.86354674,14.62952395,13.49289836,12.52175168,15.78551777,15.8397277,16.19522296,15.900773,13.37454351,16.85128007,
0.347724028379998,0.47348980090373266,0.5675067704022485,0.6430545302684976,0.7226775165696714,0.821523724877762,0.9364224241603415,0.9590481414028383,0.9721099812549107,0.9710364275555913,0.9859218842360737,1.0068817690141094,1.0251673995190793,1.0417529033965267,1.068007048678071,1.1011959742275748,1.113537675555974,1.142450035824294,1.1796372805768074,1.2544422450423998,1.241844650506733,1.22735741678919,1.2465243183790555,1.2436911541913747,1.2404330153752334,1.2283763762097246,1.2145112411719763,1.1909720632608947,1.1728861897245761,1.1520874351593944,2.688389052930213,2.7993919264113183,2.9209733737351886,3.054141532989039,3.121238144029796,3.2694310825149406,3.444415614250224,3.6261620143198954,3.7815599565997835,3.774102700493564,3.927906931139625,4.132700457159274,4.28997661555247,4.406096161039821,4.599468264162643,4.834543370189946,4.802868229886515,4.902411646095907,5.033575016735415,5.503616563869982,6.028111222407279,6.602590221903172,7.231817070051022,7.921009236827361,8.675881417097486,9.502692916147346,10.40829955105665,11.400210498272802,12.486650558758644,13.676628357008703,5.7962581436913245,8.248506152686575,8.042048565864274,7.900775266744261,7.611883269402421,6.412925022609283,5.181012474591521,7.9408084742794625,7.75781241214761,8.053900341953264,7.673511324626841,6.420540923829288,8.273876954931252,8.222895655566594,8.13684805716238,8.194243615585735,6.641491604560943,5.394200138083429,8.76955631269156,8.309452351091576,8.033311647090157,7.2026210213120265,5.310528041574554,3.3707737589861924,6.31295892753236,5.600673997648264,5.051529037777045,3.7476581884723745,6.043337290834287e-12,2.6379668678387174,8.832371225,11.52138788,11.53052871,11.59797133,11.45579893,10.50387983,9.561850513,12.52601863,12.51148235,12.79903947,12.58734014,11.56012315,13.58902097,13.67074472,13.80432337,14.12998296,12.55789751,11.43906182,14.98276861,15.06751116,15.30326752,15.03256866,13.78886943,12.53547415,16.22927336,16.33174329,16.67433983,16.33884075,13.38920054,17.46668266,
1.4057336809919918,1.91416326285393,2.2942428944646363,2.5996575966416873,2.9215470966172443,3.3211497496302975,3.78564733478764,3.8771156550315933,3.929920370027348,3.9255803461281724,3.9857573431283173,4.070491251565606,4.144414031072004,4.211463758769487,4.317600618105513,4.4517725092406515,4.501665941451541,4.618549088168501,4.768884866502386,5.07129669160576,5.0203687674678426,4.961801654703067,5.039287122850493,5.027833573491371,5.014661991727133,4.965920971920468,4.90986879915326,4.814707658387029,4.741592430490321,4.6575099184155135,2.7061854717902145,2.8179231547026333,2.9403094387966213,3.0743591357647824,3.1418999084840236,3.291073844716686,3.4672167274047037,3.650166240192905,3.8065928754247236,3.7990862542710353,3.9539086279228615,4.160057832490929,4.318375117126031,4.4352633430493755,4.6299155179457605,4.866546758508675,4.83466193722039,4.9348643043088165,5.066895941496444,5.540049038369428,6.0680157117265265,6.646297609054546,7.279689771197926,7.973444206393568,8.733313439263355,9.565598210025627,10.477199719441533,11.475676852704769,12.569308856767979,13.767163990818329,5.132581052219328,7.448330232445062,6.67678303674045,6.2796207075953285,5.770573524900621,4.4984669056550075,2.7551538078097484,5.715230844777702,5.158649164550241,5.479188629603223,5.06325441895137,3.9974040759461467,5.903530161804779,5.475506938184096,5.280133853951836,5.258575342253947,3.947041201331521,2.4194087075263364,6.004009162004962,4.953784280028805,4.698904040809843,3.920780666246801,2.2664775359562492,0.1191165501204014,3.0172850890146337,2.30105717805932,1.8146574214109377,0.5878950289144287,6.040050474310955e-12,0.04111115123945469,9.244500205,12.18041665,11.91133537,11.95363744,11.83402053,11.1106905,10.00801787,13.24251274,12.89516241,13.20385523,13.00292039,12.22795316,14.36631931,14.12223404,14.22764999,14.57689461,13.28336908,11.9728221,15.83978997,15.56513001,15.78728852,15.52887993,14.58545443,13.12039433,16.76526052,16.83257636,17.20172594,16.87827954,14.01395661,18.46578506,
2.578789619555985,3.5114932644281214,4.208741556800748,4.769018566794683,5.359518255608614,6.092581130512417,6.9446924280572615,7.112489186399763,7.209358353537149,7.20139666866671,7.311790136005784,7.467232753947677,7.6028425774992465,7.725843928408269,7.920549821002995,8.166685404701415,8.258213883252674,8.472633619743611,8.748421523140586,9.303189816703298,9.209763583919493,9.102323416206795,9.244468919033483,9.223457617537504,9.199294620814838,9.109880219194112,9.00705365734946,8.832482495463452,8.69835410878466,8.544106464115796,2.7478650141302174,2.8613236343303683,2.98559486103561,3.121709135645876,3.190290143236516,3.341761594349827,3.520617356407502,3.706384581449289,3.865220434613216,3.857598199604725,4.014805083019488,4.224129311838376,4.38488493340082,4.503573423131729,4.701223549812919,4.941499286258625,4.90912338822311,5.010869030465869,5.144934163978766,5.625374567926596,6.1614727642505,6.748661118684061,7.391808523295142,8.096247875565656,8.86782029810755,9.712923572517681,10.638565188979086,11.652420451489258,12.762896120516638,13.97920012080224,4.34689480331533,6.121830541243135,4.995185632165354,4.214443537561243,3.4200165211567617,2.070581465139751,0.007193155536818157,2.7652697521531517,1.9840529318519493,2.190144841730994,1.8255435809772798,0.9704679042166344,2.74921456910275,2.2226384284629677,1.78623760918721,1.5187034290432528,0.5873572885277037,3.5612457486741223e-12,2.355069702884464,1.0000858953741376,0.47019690183427626,4.37507656658937e-12,4.5452349388376165e-12,4.759335835522721e-12,5.001644555465292e-12,5.242330491545765e-12,5.497918930188018e-12,5.764041322855463e-12,6.036905195768089e-12,6.340577204382626e-12,9.673549437,12.49464744,12.18952205,12.10517124,11.96982492,11.50492419,10.47250294,13.58414352,13.05863172,13.24913971,13.1521388,12.66182997,14.73694208,14.45205578,14.40801098,14.62688812,13.75469456,12.52849628,16.24842539,15.92865028,15.84143325,15.70708565,15.10298099,13.72932883,17.15680957,17.04595947,17.26072167,17.07197065,14.6643625,18.94216599,
3.5186084869319796,4.7912283764150745,5.742583128441557,6.507048530135305,7.312751019719987,8.312972687098727,9.475629004859208,9.70457792473475,9.83675027063954,9.82588701458214,9.976512481714272,10.188604895369728,10.373636614297642,10.54146480545001,10.807129674326529,11.14296736623035,11.267852653104542,11.560415915676009,11.936712473614245,12.693661552053078,12.566186889877345,12.41959102835981,12.613540301628294,12.584871602481766,12.551902598460135,12.429901846630367,12.289600982052306,12.051408782453086,11.868398397996925,11.657936455888372,2.7359141296802165,2.848879301019926,2.972610053188326,3.1081323460383903,3.1764150843570804,3.3272277630050704,3.5053056540484935,3.6902649490683705,3.8484100008581694,3.840820916113381,3.997344082792142,4.205757928583358,4.365814399405827,4.483986694775286,4.68077721088123,4.920007951467373,4.8877728611550895,4.98907599606671,5.1225580598468685,5.600908955131367,6.134675578555884,6.7193101611927455,7.359660419554902,8.061036057538969,8.829252793822917,9.67068058507472,10.592296444832812,11.60174229602584,12.707388336837553,13.918402445338538,3.779186453389335,4.975585862566622,3.236942898371824,2.5526076338281034,1.4908124159248262,2.6706043801561403e-12,2.0665294270116198e-12,0.32090160619909025,2.2855948426579777e-12,2.4031417951805263e-12,2.522724224760083e-12,2.6494811646575257e-12,0.14026015629938976,2.9280864305058336e-12,3.0748935929031822e-12,3.229163040566655e-12,3.389929699362884e-12,3.556958195806046e-12,3.74656786305103e-12,3.925609064944976e-12,4.1233379119040625e-12,4.3272127941840476e-12,4.539748143108399e-12,4.7564998202025315e-12,4.992655130804684e-12,5.236377974636144e-12,5.492453555363836e-12,5.76014373319418e-12,6.03672368189003e-12,6.336337374729306e-12,10.03370907,12.61569354,11.95213608,12.16778851,11.97997852,11.64020045,10.86240872,13.71574448,13.12618103,13.23267263,13.16329532,12.81070927,14.87971117,14.1706079,14.48254031,14.60870866,13.91642389,12.99494954,16.40583748,15.61844632,15.82174426,15.72040944,15.28056363,14.24049074,16.82268771,17.13413431,17.23926868,17.08645223,15.21033701,19.12567459,
4.1888964450719754,5.703947906688791,6.836533857517569,7.746628406379312,8.705815626822163,9.896577543735532,11.280717590687422,11.553280827015529,11.710631743422871,11.697699058570393,11.877018379304838,12.129513978314417,12.34979387376778,12.54959300342713,12.86586650442914,13.265680612466983,13.414356299509743,13.76265228500964,14.210632593047466,15.111778973938986,14.960020640720654,14.785498557501183,15.016394783761083,14.982264754124156,14.943015220037973,14.797773566260963,14.63074566444856,14.347178321889501,14.129304821127242,13.878750295269729,2.7006756037502138,2.8121857856674644,2.9343228879214442,3.068099656020244,3.1355029138688746,3.2843731278651203,3.4601573788000994,3.6427344013491973,3.79884254764999,3.7913512101834006,3.9458583612248948,4.151587840343409,4.309582786633308,4.426233024914275,4.620488882629683,4.85663833547951,4.824818432564193,4.924816784877688,5.056579602021164,5.528769346177321,6.05566106486851,6.63276556435096,7.264868122634088,7.957210054721594,8.71553217293704,9.546122389018414,10.455867852692332,11.452312059054368,12.543717398282693,13.739133666339395,3.3955236211793416,4.133795107645367,2.0366222645626944,1.3367799576022454,0.04346997931089051,1.9693375686929025e-12,2.0657969912806837e-12,2.1753816722119463e-12,2.279328024035493e-12,2.3952610493813136e-12,2.518434017676039e-12,2.6468888769402975e-12,2.7848850942599206e-12,2.923438881379773e-12,3.0709452471996645e-12,3.2259349174894757e-12,3.387705061902828e-12,3.5559097145259553e-12,3.740328240290677e-12,3.9229390390098786e-12,4.1210621748055845e-12,4.32472945938034e-12,4.537655615164467e-12,4.755433456777038e-12,4.9899372803614096e-12,5.234193760620248e-12,5.490240667976595e-12,5.758506305064795e-12,6.0374944265431625e-12,6.334807069201617e-12,10.28509567,12.6499288,11.80747901,12.15150802,11.88478852,11.59510836,11.13455773,13.75296495,13.10861821,13.14484819,13.05870297,12.76108284,14.9200903,13.99910059,14.46316268,14.51175155,13.86251412,13.32052766,16.45035807,15.42941578,15.71673631,15.59549889,15.22136942,14.5972749,16.6190822,17.11120885,17.12485271,16.95068743,15.59141989,19.17757602,
4.470923901719974,6.087979821077278,7.296819825768686,8.268188663524977,9.291955454214548,10.562888260836937,12.040218841908077,12.331133049028933,12.499077991652369,12.485274582907714,12.676667005142216,12.946162473338644,13.181273238802769,13.394524322005777,13.73209169175398,14.158824239409627,14.317509872134236,14.689255716621888,15.167397368717987,16.12921558172638,15.967239756310779,15.780967557063208,16.027409423158225,15.990981507770233,15.949089405070072,15.794069010101628,15.615795555921174,15.313136364838515,15.080594010334773,14.81317030267584,2.65066726944021,2.7601126204505038,2.879988113412094,3.011287740852939,3.077442894468911,3.223556482893397,3.396085741790464,3.5752819907404367,3.728499486880253,3.721146866299149,3.8727930127639216,4.0747130048952185,4.229782363201731,4.344272592296406,4.534931419749898,4.766708099813227,4.735477405146576,4.833624090778593,4.962947059537394,5.426393279461791,5.943528558994981,6.509946830667674,7.1303447636307755,7.809866619605258,8.55414690845411,9.36935710883025,10.262256841302229,11.240249918278778,12.311445735491182,13.484726514083846,3.2746947188413453,3.5206181384738398,1.5193964008209266,0.7255071956238857,1.8805884734778206e-12,1.9690489811705442e-12,2.066018570367715e-12,2.1733774511882877e-12,2.2787247288802462e-12,2.3944655588650883e-12,2.5181181099861504e-12,2.6468537418288453e-12,2.7833233099185743e-12,2.9228122486664445e-12,3.0702187815234003e-12,3.225508020498374e-12,3.387635962762336e-12,3.5559458483029437e-12,3.739008252117389e-12,3.922531016697497e-12,4.1207095619877e-12,4.324568020896737e-12,4.537743734390009e-12,4.7557431237955255e-12,4.989628987301661e-12,5.2338699982284536e-12,5.490241953506792e-12,5.758913609651115e-12,6.038814937651362e-12,6.334516954302122e-12,10.39628589,12.36871058,11.69620434,12.0049836,11.90255732,11.69173427,11.25493132,13.44722535,12.95055284,13.08309663,13.07822688,12.8674252,14.58840455,13.86717189,14.28876404,14.44357859,13.97803507,13.46453336,16.08465322,15.28400767,15.6429026,15.61881553,15.34821416,14.75508328,16.46246258,16.90487973,17.04440398,16.97603019,15.75997578,18.75124289,
4.460148795971974,6.073307545770028,7.27923419761328,8.24826199754893,9.269561469251764,10.537431276885355,12.011201432061151,12.301414524286242,12.468954712868593,12.455184570892099,12.646115729720139,12.914961703039836,13.14950584213857,13.36224298168633,13.6989968005475,14.124700905664605,14.283004099655995,14.653854021762996,15.13084333331895,16.09034352589503,15.928758068708863,15.742934792925196,15.988782724248278,15.952442601595996,15.910651460541912,15.756004670936834,15.57816086292417,15.27623109261923,15.04424917450755,14.77746996869944,2.724725169330216,2.8372283514542045,2.960453086834625,3.0954211394968154,3.1634246245877278,3.3136205305587665,3.4909701434590708,3.67517301772879,3.83267130992375,3.82511326196019,3.9809963020038253,4.188557805891597,4.34795970006403,4.465648710847539,4.661634420524042,4.899886788564833,4.867783528832855,4.9686723683002,5.101608535737023,5.578003138189572,6.109586837259532,6.6918304628508505,7.329561905961022,8.02806915559959,8.793144146128714,9.631130783255257,10.548977546899952,11.554295107119977,12.65541943082896,13.861480902587324,3.2464610146993396,3.4386116827773874,1.4837175255538013,0.6725715729560566,1.8802837178143425e-12,1.967896189224964e-12,2.06519640852164e-12,2.1722844205282635e-12,2.2778100997237867e-12,2.393303229586574e-12,2.517315377589157e-12,2.6456959063324985e-12,2.7822030165404902e-12,2.921838345503648e-12,3.069201331552992e-12,3.224394689912262e-12,3.386685760062914e-12,3.5552333968829027e-12,3.73802997660052e-12,3.921551004474494e-12,4.119815880580329e-12,4.323697538985757e-12,4.536380986898873e-12,4.754394342934566e-12,4.9880881498335074e-12,5.2321873249556055e-12,5.4882673461221475e-12,5.757370380440545e-12,6.0368555127782e-12,6.332266949006288e-12,10.43133498,12.34914758,11.72340481,12.01625471,11.99901652,11.61056851,11.29287518,13.42595651,12.96271171,13.00487799,13.18421379,12.77809762,14.56533076,13.89942113,14.30217932,14.35722617,13.88099747,13.50992646,16.05921288,15.31955188,15.54937989,15.74539155,15.24166458,14.80482722,16.50074738,16.9207512,16.94250226,17.11360519,15.81310753,18.72158494,
4.014399445763977,5.46633835797405,6.551744137970359,7.423926847772493,8.343157174093799,9.484315482009846,10.81079636073396,11.0720054212106,11.222801565230636,11.210407617663584,11.382257027456944,11.624234408853988,11.835338097335294,12.026814187968238,12.329912673161392,12.713071711529112,12.855554010504344,13.18934101848768,13.618659795851086,14.482267091815398,14.336830560559427,14.16957854959744,14.390856324037816,14.358148050186937,14.320533535254864,14.181342217906781,14.021272202986346,13.749517434700044,13.540719897645713,13.300602730051521,2.8248826059902234,2.9415212622032936,3.0692755823534856,3.2092048892140066,3.2797080960483513,3.4354250127650667,3.619293772190929,3.810267710170092,3.973555439553851,3.965719567346325,4.1273326699611435,4.342523871116257,4.5077851764684915,4.629800285816292,4.832990181266884,5.080000403762042,5.046717068975384,5.1513144540466635,5.28913718616155,5.783043449150504,6.3341674898550595,6.937813651638749,7.598987292640425,8.323170781629559,9.116368957119356,9.985158918733326,10.936744563689096,11.979016320609144,13.12061657596366,14.371011335653375,3.62468483824733,3.9302837698242774,2.143185799677864,1.4595160430153027,0.32030644985974843,1.967983710036376e-12,2.0649443026706047e-12,2.1728420084870126e-12,2.278259251656249e-12,2.3940700648368936e-12,2.5175085457719784e-12,2.645452055849301e-12,2.7828123775994075e-12,2.9221727009268153e-12,3.0696282126756675e-12,3.224527593515877e-12,3.3865282159563765e-12,3.5552910056955203e-12,3.738470206901512e-12,3.921524188184987e-12,4.11991461994212e-12,4.323535888982403e-12,4.53583922652906e-12,4.7539613486171685e-12,4.9876560950164755e-12,5.231691619421823e-12,5.487425265125698e-12,5.756089520667767e-12,6.034583608090453e-12,6.330700465310471e-12,10.46396689,12.33814339,11.76420552,12.09264778,11.94317172,11.47013886,11.32820221,13.41399278,13.04512186,13.00350574,13.12285294,12.62354672,14.55235175,13.94779499,14.39310511,14.35571121,13.71310702,13.55218901,16.04490269,15.37286818,15.54773915,15.6721107,15.05731688,14.85114055,16.55817457,17.0283245,16.94071451,17.03395651,15.86257502,18.70490234,
3.231488664995981,4.400262276208089,5.2739861102127765,5.976070837607087,6.716027690471425,7.63463088051718,8.702413990255808,8.912680589165193,9.034067620204182,9.02409081006892,9.162425180461355,9.357210770618574,9.527143829269733,9.681277174707246,9.9252636868897,10.233696892429965,10.348391491291292,10.617081477774637,10.962672090134777,11.657853829177043,11.540781149046536,11.406147566882272,11.584270503969199,11.557941181830557,11.527662461368253,11.415617018369097,11.286764758944106,11.068009135533872,10.899932469674892,10.706644303951787,2.950126332630234,3.071936269215603,3.205354692757576,3.351487892063115,3.4251169223724887,3.58773768950378,3.7797584367659995,3.9791993771023257,4.149726615731263,4.141543333038548,4.310321698805335,4.5350535965952945,4.707641911469204,4.835066671104313,5.0472651744410735,5.305226818675978,5.2704678371226725,5.379702641913748,5.523635869576015,6.039439913682104,6.614998537456544,7.245407898076678,7.935895270763911,8.692186090068233,9.52055142445226,10.427859975203077,11.421635030840436,12.510116849280028,13.702330985016902,15.008163127889407,4.298063562375319,4.879394404577931,3.2836283370313555,2.7387898003316,1.6547999171579801,0.21684999998104393,2.0664087297813014e-12,0.5367351437346938,2.2930451670239298e-12,2.4048887831352567e-12,2.5217872944475416e-12,2.6472182203934937e-12,0.3334292492639132,2.9266176602323088e-12,3.0738871467929746e-12,3.2267466156686153e-12,3.3879759286025355e-12,3.5564734111284853e-12,3.745455440128878e-12,3.9228419630645716e-12,4.121197852182793e-12,4.324391891273407e-12,4.536499579119171e-12,4.754329185868388e-12,4.988123338402548e-12,5.23182196184902e-12,5.487213915942632e-12,5.755020898838608e-12,6.031835446151397e-12,6.3296753821921455e-12,10.47967856,12.35159295,11.76296914,12.06634853,11.79594453,11.43921857,11.34521152,13.42861511,13.01675116,12.94998772,12.96108345,12.58951717,14.56821499,13.94632911,14.36180279,14.29662798,13.67614032,13.57253764,16.06239292,15.37125254,15.48374993,15.47891571,15.01672656,14.87343956,16.55643435,16.99129107,16.87099228,16.82397362,15.8863927,18.72529218,
2.1280264896479877,2.897696899450894,3.47306870364105,3.9354113118810936,4.422693783625066,5.0276199104183785,5.730785224700962,5.869251714530941,5.949188500430517,5.942618489376478,6.033715576552627,6.161987385191881,6.273893100410294,6.375394258555158,6.536066262967628,6.739178233864033,6.814707864291115,6.991647803747913,7.219228975745298,7.677025771329396,7.599930107268909,7.511270093590008,7.6285690749049735,7.611230473172458,7.591291081178177,7.517505994654644,7.432653145168409,7.28859639311509,7.177913164944129,7.050627452557219,3.0883221344402445,3.215838139158579,3.3555064191265886,3.5084850861755674,3.5855631968743307,3.7558017758451,3.9568175484520145,4.165601105868386,4.34411652731245,4.335549906692594,4.512234531024426,4.747493776224514,4.928166823027777,5.061560671726445,5.283699407787193,5.553745014619552,5.517357782346022,5.6317095854387285,5.782385225310223,6.3223516087248575,6.924871717036897,7.584811991671063,8.307644574477866,9.099363102426153,9.966532406087913,10.916342944388632,11.9566704269894,13.09614111868201,14.344203367292915,15.711205948196342,5.424072315913304,5.83823898139215,4.515259417234068,4.225458621945137,3.309199159502495,2.609416453738514,1.831627096849119,2.9590803296028763,2.295183532259349,2.2683758139333587,1.8893824824255028,1.628991678586296,2.894584456564753,2.0124427597213757,2.0695211392483146,1.5583080315197233,1.2886246133663561,1.1573624108170486,2.540841828948329,0.8241712899498442,0.47656784569853583,4.336122536843637e-12,4.541536675675332e-12,4.758045043154072e-12,4.989881927391296e-12,5.2330526215729815e-12,5.487671624466714e-12,5.75405068408492e-12,6.029635557245416e-12,6.3285217288390304e-12,10.64042094,11.95177402,11.34383454,11.66935502,11.31745614,11.39283814,11.51922987,12.99393315,12.58848856,12.54654421,12.43533259,12.53847284,14.09664438,13.44939769,13.88928681,13.85123128,13.62069026,13.7807198,15.54245603,14.82354867,15.00136967,14.85103199,14.95584108,15.10157559,15.96650044,16.4322626,16.34539392,16.14152924,16.13006589,18.1191577,
0.7996757199119954,1.08890460970646,1.3051194284463044,1.4788598211946604,1.6619721852972404,1.8892930096808864,2.153530429492838,2.205563752610349,2.2356026206050177,2.233133723556496,2.2673664406414806,2.3155687780733687,2.3576210193470915,2.3957634071915317,2.456141180411591,2.5324671624139086,2.560849897253105,2.6273408804032745,2.712861966931445,2.8848941215418304,2.855922898223148,2.8226059914031536,2.866684929228549,2.8601693811890083,2.852676500942827,2.8249493356695057,2.793063095611134,2.7389290481888784,2.6973361965019436,2.649504417065612,3.15574104456025,3.2860407582592943,3.4287580346738764,3.5850762675307863,3.6638370142989767,3.8377919476378985,4.043195949100526,4.25653730822256,4.4389497697516465,4.430196137479359,4.610737835098519,4.851132853451987,5.03575004188727,5.172055914495519,5.399043999435271,5.674984775133695,5.637803199707032,5.754651333687242,5.908616263658525,6.460370259727062,7.076043545479624,7.750390495364394,8.489002709573183,9.298004667796066,10.18410451263759,11.154649672692505,12.217687786500644,13.382033432554687,14.657341218677669,16.054185836818075,7.3581884655293015,7.503467372035873,6.431917606881528,6.6755502712763555,6.011954140405676,6.1424409726832065,6.05128712140873,6.452073939169296,5.98959138964565,5.857141468966577,5.579541354262556,5.8963934984773285,6.616746598768459,5.670492448315919,6.117574480156258,5.614995202455682,5.991940523043315,6.270588205913117,6.825576539413828,5.245631318735133,5.038228996301477,4.304683093236918,4.225920851202918,3.898828341019904,2.6791280264248565,2.5514194116434847,1.300675787894173,0.049529919262994285,6.0245408985089696e-12,6.336494187974475e-12,11.31360523,11.87841274,11.16579507,11.73948636,11.33776334,11.86952593,12.2480135,12.914175,12.66414378,12.52047133,12.45764563,13.06309513,14.01011766,13.23831177,13.97275966,13.82244714,14.19059362,14.65258042,15.44705477,14.5908957,14.97019544,14.87767958,15.58160849,16.05700239,15.71590904,16.53101842,16.31142667,16.1704924,17.15056188,18.00794036,
1.9528199999999885e-05,2.6591212499999026e-05,3.1871210526924324e-05,3.611397675476704e-05,4.0585607916785445e-05,4.61368162531061e-05,5.2589533339651625e-05,5.3860194828054944e-05,5.4593748451563784e-05,5.453345761848929e-05,5.53694256604508e-05,5.654653390870546e-05,5.7573455894197135e-05,5.8504898677511545e-05,5.9979332878321996e-05,6.184322470925276e-05,6.253633531482145e-05,6.416005501122044e-05,6.624849266207621e-05,7.044954346055765e-05,6.97420618788058e-05,6.892845805970546e-05,7.000487227637895e-05,6.984576162432644e-05,6.966278437444873e-05,6.898568287516842e-05,6.820701615114133e-05,6.688505466281749e-05,6.586935103935099e-05,6.47012918724535e-05,3.1859590715102524,3.31750647955574,3.461590355587981,3.6194054250061125,3.69892035100981,3.8745410024128875,4.0819118647694195,4.297296089528548,4.4814552547955735,4.472617801483416,4.654888289205192,4.897585227469286,5.083970231164693,5.221581310529059,5.450742936317438,5.729326002900608,5.691788392605297,5.809755414356022,5.965194646666291,6.522232003089034,7.143800712983998,7.8246049209319395,8.570289769897322,9.387038384969099,10.28162314305722,11.26146182859113,12.334679140856412,13.510174062980566,14.79769365118314,16.207913856141317,8.659405960291298,8.96314398923339,8.216036333203203,8.564627461018933,7.933256793384161,8.474203270772847,8.74174885569933,9.05416561027882,8.662234001458286,8.559650795061389,8.126240961371693,8.692911445999481,9.400544685382222,8.62354396457522,9.051115024352793,8.658137413877958,9.071726601062824,9.53148378559259,10.004910804844853,8.737470537371465,8.438324424958354,7.439395710614414,7.640398655235027,7.424629879274137,6.154666504163465,5.895528945731463,4.643509902133219,3.0802172219713664,3.158939229472714,2.4098035325740628,11.84538456,12.28067706,11.67765856,12.184069,11.63221773,12.34879041,12.82371331,13.35151556,13.14374385,13.03232313,12.78118462,13.59055322,14.48457249,13.84518378,14.50191794,14.38752526,14.76357753,15.34130336,15.9701717,15.25977299,15.58219488,15.26406956,16.21075843,16.81173811,16.43635931,17.15705976,16.97825725,16.59045817,17.95669875,18.61778209,
1.3087319999999924e-05,1.782077749999935e-05,2.1359302493482614e-05,2.420270021108949e-05,2.7199477586336914e-05,3.0919761067871105e-05,3.5244213571485824e-05,3.609577969178419e-05,3.658738931315327e-05,3.6546983877654226e-05,3.710722912682843e-05,3.7896098163378045e-05,3.858431605540931e-05,3.920854613124458e-05,4.019667571845439e-05,4.144581024374483e-05,4.191031594782771e-05,4.299849300751966e-05,4.439811262616336e-05,4.721355368760179e-05,4.6739416908252307e-05,4.619415961194296e-05,4.691554598171361e-05,4.680891393068895e-05,4.668628707199897e-05,4.623251027774445e-05,4.57106669644491e-05,4.4824720844204006e-05,4.41440212228633e-05,4.336121665838111e-05,3.15701439984025,3.287366690042271,3.4301415535005626,3.5865228614464475,3.665315388519593,3.8393405134330836,4.04482739630648,4.25825483959773,4.44074090535091,4.431983740949809,4.612598287931662,4.853090306723882,5.037781989000184,5.174142861622734,5.4012225372451095,5.67727465625046,5.640078077895888,5.756973360607969,5.911000416100245,6.462977047313502,7.078898759923052,7.753517811744281,8.492428059204073,9.301756453246782,10.188213843241758,11.159150622503251,12.222617676828353,13.387433141430629,14.663255519809487,16.060663770847754,8.7608724328413,8.951721159181858,8.243786487198653,8.548680465855142,7.822186342004711,8.508130626807837,8.857355189482043,9.048028334624778,8.650277897262088,8.47679973206874,8.009568854841762,8.736007127180631,9.397720116686571,8.66660407983409,9.04252232608228,8.573863237942572,9.121917261791603,9.678203760902647,10.005066175790938,8.791901789136771,8.35558195066427,7.320641514100528,7.716592195254574,7.61285335784415,6.242878130476241,5.929086534991926,4.594696402510467,2.9966177138550782,3.403326846176021,2.4940517979427357,11.91789992,12.23910567,11.6739494,12.13522753,11.48752893,12.34750206,12.90221783,13.30631927,13.09105539,12.90882002,12.62220425,13.58913533,14.43554069,13.84078615,14.44378506,14.25117934,14.76203725,15.43522012,15.91611099,15.25492605,15.43452745,15.07420552,16.20906717,16.91465662,16.43113866,17.08828339,16.81735979,16.38409568,18.06662651,18.55475893,
2.857283999999983e-06,3.890714249999857e-06,4.6632613297289274e-06,5.284045019908019e-06,5.9383152636138706e-06,6.750544693875525e-06,7.694679088643765e-06,7.880596927473302e-06,7.98792740501828e-06,7.979105904178958e-06,8.101421228213328e-06,8.273650750852693e-06,8.42390565188779e-06,8.560190438078006e-06,8.775923442196587e-06,9.048640246932772e-06,9.15005327237914e-06,9.387629101641727e-06,9.693200505293257e-06,1.030788056949212e-05,1.0204364843320007e-05,1.0085321758209536e-05,1.0242818154122816e-05,1.021953775345408e-05,1.0192765292682498e-05,1.0093694652261485e-05,9.979763415798573e-06,9.786339576980664e-06,9.637726099441882e-06,9.466820600285301e-06,2.939335466640233,3.0606998512207935,3.1936302616518986,3.339228940197105,3.4125886528876856,3.5746145916260716,3.7659329723055155,3.9646444047437273,4.134547894972693,4.126394544797078,4.2945555591281455,4.5184654406654765,4.690422468208859,4.81738113814136,5.028803469424925,5.285821550835854,5.251189709435071,5.3600249590861155,5.503431712965198,6.0173490675910815,6.590802433733046,7.218905905668328,7.906867638479043,8.660392124426616,9.485727493884994,10.38971732405275,11.37985738503548,12.464357793829858,13.652211091582329,14.953266808610516,8.845616766077319,9.008448308066587,8.251583205088485,8.687039245759676,7.90613074879894,8.529383447831224,8.99235221301749,9.156893924661546,8.83896371710221,8.558739626099442,8.142163499453172,8.802678875686446,9.544656227888296,8.752209691671155,9.285291774654736,8.718411110527168,9.219725600515085,9.903005043288388,10.191656653838086,8.938672234532307,8.576272701906296,7.633781479014321,7.982540528707408,8.065570346040465,6.623460633354854,6.545131752257943,5.146089255206883,3.6789718598365924,4.212871560697977,3.3438291645758422,11.78495509,12.06915205,11.44521813,12.02627347,11.31872534,12.10400479,12.75829288,13.12154621,12.9735196,12.68514215,12.43672716,13.32115259,14.23508712,13.56959939,14.31410402,14.00424171,14.47092446,15.26303939,15.69509806,14.95603161,15.16708534,14.85269747,15.88941841,16.72597269,16.10919832,16.93485917,16.52595662,16.14333944,17.86509229,18.29710544,
0.0,0.0,0.0,0.0,0.0,0.0,0.0,0.0,0.0,0.0,0.0,0.0,0.0,0.0,0.0,0.0,0.0,0.0,0.0,0.0,0.0,0.0,0.0,0.0,0.0,0.0,0.0,0.0,0.0,0.0,2.833594702890225,2.9505930792817754,3.0787414009434575,3.219102257659514,3.2898229003506265,3.4460200567999695,3.6304558778253484,3.822018790174463,3.98581010810309,3.977950069624787,4.140061596141295,4.355916459068588,4.521687439585021,4.644078850395277,4.847895394915998,5.095667410835458,5.062281428371618,5.167201397663671,5.30544918283905,5.8008786805328905,6.353702418788189,6.959210259299208,7.622422997010927,8.348839908626571,9.144484351919186,10.01595371065758,10.970474099283734,12.015960280945952,13.161081295720567,14.415332343203117,8.37123748711132,8.57813093071985,7.853376859058251,8.207297742342282,7.649411649651261,8.294671333202018,8.49980084217674,8.711975659827733,8.340587141899219,8.093793280377637,7.8796907438612465,8.565388860934084,9.075986200417786,8.317182659607674,8.752217595087103,8.231389529167808,8.974284251631808,9.344503882339932,9.68685955716474,8.48465998947106,8.079968041216,7.395510470705194,7.790059172993671,7.553784721378264,6.242523488085949,6.074190529347732,4.75635848072195,3.5861301690600844,3.8245889542856712,3.062472046803862,11.20483219,11.52872401,10.93211826,11.4264,10.93923455,11.74069139,12.13025672,12.53399445,12.32639725,12.07174335,12.01975234,12.92130532,13.59767364,12.96126151,13.60011299,13.32705694,14.03656568,14.51170528,14.99230874,14.28553867,14.43367046,14.35472073,15.41248217,15.90262463,15.38700784,16.09014424,15.72683258,15.60209045,16.98567025,17.47780439,
0.0,0.0,0.0,0.0,0.0,0.0,0.0,0.0,0.0,0.0,0.0,0.0,0.0,0.0,0.0,0.0,0.0,0.0,0.0,0.0,0.0,0.0,0.0,0.0,0.0,0.0,0.0,0.0,0.0,0.0,1.5562331957101234,1.6204896530640998,1.690869750803919,1.767957071858352,1.806797422479281,1.8925821678043828,1.9938758167743589,2.099083722111183,2.1890392425212286,2.184722445631745,2.273755410972521,2.3923046526125757,2.483347419774003,2.550565775376673,2.662503474898256,2.7985818758596155,2.7802460234779645,2.8378689216781328,2.9137957267021117,3.1858896255433025,3.489504906857862,3.8220547244816934,4.186296539725076,4.585250599961151,5.0222249821377245,5.500843022935722,6.025073363021764,6.599262854518001,7.228172604553823,7.91701745376801,8.848512814291432,8.493584486937536,8.1606478121978,8.149366644143456,8.46356873752262,8.871543432197614,9.270214363227739,8.89690758789102,8.509419747481086,9.089739684370684,9.011061379030028,9.4542339173901,9.445802680228807,9.129521504626279,9.141452545104842,9.64828635414364,10.088787916525453,10.637621398325463,10.238858623301658,9.687574764460653,9.990890283146298,9.654961185522671,9.944208070279501,10.181839840043656,8.84383229786732,8.46428764706957,8.663076746983796,8.048853625487835,8.544628085452288,7.416145976238405,10.40474601,10.11407414,9.851517563,9.917323716,10.27036616,10.7641256,11.26409018,10.99599131,10.69845899,11.27446213,11.28481679,11.84653857,11.9291501,11.68008728,11.80395602,12.44686823,12.86903394,13.47549032,13.15265435,12.87346439,13.48039519,13.47701591,14.13050461,14.76709044,13.86605728,13.96513067,14.68815011,14.64811648,15.77280069,15.33316343,
0.0,0.0,0.0,0.0,0.0,0.0,0.0,0.0,0.0,0.0,0.0,0.0,0.0,0.0,0.0,0.0,0.0,0.0,0.0,0.0,0.0,0.0,0.0,0.0,0.0,0.0,0.0,0.0,0.0,0.0,1.4212793052901127,1.4799635521756123,1.5442404077893086,1.6146428477429982,1.6501150293542821,1.728460667769041,1.8209703041366516,1.917054759230104,1.999209490222756,1.9952670386023459,2.07657921692901,2.18484807037932,2.267995763938085,2.32938505830416,2.43161571130036,2.5558936252508446,2.5391478267376577,2.5917737654134916,2.661116327309003,2.9096147069764675,3.186900988551583,3.4906126527608015,3.8232680385691595,4.187625482645052,4.586706191141377,5.0238192911574,5.502589269604944,6.026986026998535,6.6013577953717295,7.2304671932708455,8.492779418711443,8.141367367826025,7.949961822212414,7.889406866258812,8.21029954264762,8.507443322232959,8.911905965865449,8.5432275907721,8.253424089779555,8.738525901400084,8.757793213073539,9.080352279623359,9.079983226064725,8.92706451169879,8.880446708702737,9.294082434752408,9.69837158326576,10.248213114590095,9.850759532694763,9.496928093027485,9.647039031452572,9.448455147243559,9.61381863143541,9.883049727359742,8.776428078863658,8.35935744884789,8.481187520400608,8.036436723007293,8.427598424634374,7.355686456735564,9.914058724,9.62133092,9.49420223,9.504049714,9.860414572,10.23590399,10.73287627,10.46028235,10.25263358,10.73379294,10.83437243,11.26520035,11.34797899,11.25644957,11.31206242,11.84997606,12.23751941,12.83998688,12.51187586,12.4065428,12.83394002,12.9390678,13.43708667,14.07067521,13.36313427,13.38317674,13.98377679,14.06342275,15.02895622,14.58615365,
0.0,0.0,0.0,0.0,0.0,0.0,0.0,0.0,0.0,0.0,0.0,0.0,0.0,0.0,0.0,0.0,0.0,0.0,0.0,0.0,0.0,0.0,0.0,0.0,0.0,0.0,0.0,0.0,0.0,0.0,1.3090683367501037,1.363119422400825,1.4223215765140678,1.48716569591431,1.5198373246434027,1.5919975215797104,1.677203459189831,1.7657019811542038,1.8413705402167386,1.8377393478351718,1.912631874338178,2.012352828115879,2.0889359546740764,2.1454785224656034,2.23963799582492,2.354104083879812,2.338680377557193,2.3871514625549617,2.4510193819911206,2.679898645444536,2.9352929863556385,3.2150264079555635,3.521418424633962,3.8570096005018106,4.224582615429865,4.627185338680561,5.068156101457043,5.55115137792612,6.080176104242695,6.659616886977199,8.29438291525145,7.904854700600812,7.751656877487654,7.755143816087499,8.098160052358498,8.328261855422287,8.719411780812266,8.310411908848,8.128906939785573,8.603762882167256,8.655378715664371,8.9054624918868,8.842272675328733,8.731309577537347,8.76089180417818,9.173186616123441,9.52147059244622,10.050558617448626,9.601340388012646,9.308191944559415,9.549167453648515,9.405935852048795,9.501308745370608,9.772831339502988,8.687835184575173,8.387420591324728,8.53483003854851,8.16652369207971,8.477922895763411,7.390839923029211,9.603451252,9.267974123,9.173978454,9.242309512,9.617997377,9.920259377,10.39661524,10.07611389,9.97027748,10.44150223,10.56801059,10.91781532,10.93120863,10.8767881,11.0005298,11.5272907,11.86015097,12.43771008,12.05235977,11.98809059,12.48446044,12.62096226,13.02272717,13.62984094,12.9124178,13.01460593,13.60298614,13.71767507,14.558099,14.05045681,
0.0,0.0,0.0,0.0,0.0,0.0,0.0,0.0,0.0,0.0,0.0,0.0,0.0,0.0,0.0,0.0,0.0,0.0,0.0,0.0,0.0,0.0,0.0,0.0,0.0,0.0,0.0,0.0,0.0,0.0,1.2064663000500957,1.2562809747221675,1.3108429878904948,1.3706047609137706,1.4007156557561713,1.467220087468855,1.5457477620026294,1.6273099550194796,1.6970477707770122,1.6937011836551854,1.7627237906611744,1.854628824771411,1.925209526138245,1.9773204057949403,2.0640998566832756,2.1695943323037308,2.1553795038049333,2.2000515265977625,2.2589136121672104,2.4698537979350275,2.7052308648784544,2.9630393663015857,3.245417017910342,3.5547052597174114,3.8934686709686943,4.264516235312223,4.670924632537684,5.116063750018729,5.603624625395713,6.1376500521960855,8.265248708951459,7.7842732022794685,7.719714778111226,7.71891860508804,7.743870132245731,8.304879571533144,8.708250937999471,8.201553649982724,8.1084094042253,8.550196066347242,8.285114199341375,8.900128215231268,8.737766283864566,8.72942626420801,8.754578363319823,9.13954287769952,9.527639336198483,10.067043093405825,9.497702237836554,9.330821892068924,9.542961695125703,9.03670107370277,9.582814872094227,9.888167060287385,8.817083829036338,8.534943084693062,8.674625577467864,7.926407729987095,8.754772284610391,7.568033017810322,9.471715009,9.040554177,9.030557766,9.089523366,9.144585788,9.772099659,10.2539987,9.828863605,9.805457175,10.24389725,10.04783799,10.75475704,10.66297581,10.70674667,10.81867822,11.30913721,11.68301884,12.26709462,11.75661585,11.80067569,12.24819256,11.99974044,12.82823189,13.44287232,12.7105525,12.79945932,13.34555021,13.04247148,14.35839691,13.70568307,
0.0,0.0,0.0,0.0,0.0,0.0,0.0,0.0,0.0,0.0,0.0,0.0,0.0,0.0,0.0,0.0,0.0,0.0,0.0,0.0,0.0,0.0,0.0,0.0,0.0,0.0,0.0,0.0,0.0,0.0,1.1371894372800901,1.1841436885975716,1.2355726800656155,1.2919028544205706,1.3202847425515594,1.38297040337179,1.4569889167859391,1.5338677026884635,1.5996010824398568,1.5964466606995056,1.661505899915293,1.748133627534944,1.8146614933086096,1.8637800985365445,1.945576560583668,2.0450134063223366,2.031614811748324,2.0737217089404223,2.129203857064306,2.328031583245386,2.5498929931288776,2.7928977953742624,3.0590609552736323,3.3505894643114105,3.6699006402604897,4.019642171277513,4.402714070200456,4.822292721090752,5.281857217410887,5.785218210230297,8.291016354721464,7.718246758404064,7.693601496936104,7.659862510581238,7.880145844450341,8.364650693630209,8.74990706321616,8.14478470531374,8.057247620562457,8.501991359302922,8.447692930087255,8.979683342467734,8.6853556666942,8.722764871466408,8.70913711941943,9.103538603680914,9.622138718255092,10.137022861063166,9.44773961293946,9.340161166758566,9.524380156875276,9.280123504630097,9.73703693473094,10.030531745693384,8.897953979744546,8.585832508727774,8.753334689805095,8.299827438915074,9.010583042595217,7.711005549776111,9.428205792,8.902390447,8.929174177,8.951765365,9.200430587,9.747621097,10.20689598,9.678652408,9.656848703,10.09843802,10.10919883,10.72781697,10.50001716,10.58654497,10.65471368,11.14855201,11.65375353,12.21074457,11.57694347,11.66819275,12.07427315,12.0730213,12.79609789,13.38112121,12.56785462,12.60547468,13.15604876,13.12212016,14.29244026,13.49622376,
0.0,0.0,0.0,0.0,0.0,0.0,0.0,0.0,0.0,0.0,0.0,0.0,0.0,0.0,0.0,0.0,0.0,0.0,0.0,0.0,0.0,0.0,0.0,0.0,0.0,0.0,0.0,0.0,0.0,0.0,1.0969634567400868,1.1422567879523966,1.1918665736292458,1.246204171881105,1.2735821030263725,1.3340503741227563,1.4054506190386342,1.4796099595750014,1.5430181421622067,1.539975302277422,1.602733190808049,1.6862966222152875,1.7504711873459398,1.7978523124379557,1.876755375388427,1.9726748259680182,1.9597501819838794,2.000367625289473,2.0538871946753,2.2456817564758675,2.4596952278682167,2.694104183084253,2.950852311732378,3.2320685370406674,3.5400846686208376,3.877454737540596,4.246976174028402,4.651713003413494,5.095021252638982,5.580576778015623,8.372334374261468,7.691663138049239,7.6099599243724745,7.666738483120703,7.938271283975527,8.555288713879243,8.845931260963463,8.1246015014272,8.071949991840102,8.540623387725004,8.519016719194497,9.197489137787386,8.668787702656866,8.63770759756499,8.731750124614665,9.156182774035232,9.863434078019534,10.26359644471411,9.434015085328463,9.256099493528081,9.593248182135932,9.3939063869201,10.031284538272189,10.207373162964123,8.848527501384195,8.67335154246469,8.885831845977144,8.486698936592326,9.259711397367123,7.811844131990785,9.469297831,8.833919926,8.801826498,8.912942655,9.211853387,9.889339088,10.25138188,9.604211461,9.614968134,10.08059869,10.12174991,10.88378576,10.41925889,10.43555991,10.6085055,11.1288576,11.82318426,12.26396407,11.48790228,11.50178125,12.05294341,12.08801057,12.98213685,13.4394417,12.38861217,12.55080628,13.13280802,13.13841194,14.35473265,13.39242091,
0.0,0.0,0.0,0.0,0.0,0.0,0.0,0.0,0.0,0.0,0.0,0.0,0.0,0.0,0.0,0.0,0.0,0.0,0.0,0.0,0.0,0.0,0.0,0.0,0.0,0.0,0.0,0.0,0.0,0.0,1.0664792200500846,1.1105138651861433,1.1587450120036749,1.2115725871129233,1.2381896949800888,1.2969775736467966,1.366393630345313,1.4384921083472042,1.5001381993768514,1.4971799189645703,1.5581937873855232,1.6394350198115692,1.7018261958777083,1.7478906158205518,1.8246009898243043,1.9178548719050756,1.905289399326261,1.9447780978702467,1.9968103768539365,2.18327503383237,2.3913411445567885,2.6192359556332403,2.868849142205278,3.14225046545763,3.4417069348159313,3.769701605704076,4.128954168727858,4.522443501007802,4.953432366654022,5.425494471196293,8.800444517951474,7.816330339815493,7.744465074998046,7.745202159888887,7.947010492021812,9.111564696355202,9.315454699656785,8.266746352654998,8.16211444862546,8.675359971037858,8.534270272617023,9.815763680191107,8.8270331941251,8.807870994182396,8.83607504017879,9.312504688098176,10.538627440677152,10.834162892133339,9.611933513149827,9.450989156171579,9.771532465447363,9.433799654371114,10.794866807799286,10.861527714547156,9.0896031151891,8.842827064301206,9.12363307127769,8.57795428899802,10.004070803352079,8.107801728810111,9.866923738,8.926844205,8.903210087,8.956774747,9.185200187,10.40854227,10.68184833,9.705238461,9.662252648,10.17253989,10.09246406,11.4551987,10.52885939,10.55576161,10.66067603,11.23035956,12.44391684,12.77894099,11.60874389,11.63426419,12.16287361,12.05303561,13.66371595,14.00377818,12.53131005,12.61252867,13.25258724,13.10039779,14.95750317,13.5332962,
0.0,0.0,0.0,0.0,0.0,0.0,0.0,0.0,0.0,0.0,0.0,0.0,0.0,0.0,0.0,0.0,0.0,0.0,0.0,0.0,0.0,0.0,0.0,0.0,0.0,0.0,0.0,0.0,0.0,0.0,1.0435197770100828,1.0866064328109715,1.133799246909691,1.1854895361920246,1.2115336240129702,1.269055901881917,1.3369775515916535,1.4075238747387344,1.4678428326287716,1.4649482388494273,1.5246485847841238,1.604140834751517,1.6651888372928856,1.7102615703786717,1.7853205034266093,1.876566791591212,1.86427183178613,1.902910407319841,1.953822521819209,2.1362729189879963,2.339859728167742,2.5628483602623136,2.807087808995498,3.0746032771929537,3.367612969509627,3.6885464855040775,4.040064965572795,4.425083156792058,4.846793581634514,5.308693009964422,9.310465482991477,7.840237772190664,7.697700496092031,7.812612610809786,7.80486296698893,9.733413588120083,9.872159468410446,8.297714586263467,8.238992356373538,8.711708421153002,8.382338378218423,10.50470888525116,8.863670552709921,8.760479319624277,8.924544886576484,9.358337638412037,11.289713788217282,11.506838172683743,9.654921368184553,9.404283831015952,9.827936121836407,9.26867919974204,11.63630050100906,11.62044420281183,9.062764430495402,8.982177574501204,9.217885514432751,8.434558393213761,10.849057678371585,8.224603190041982,10.35398526,8.926844205,8.831499743,8.998102147,9.016396591,11.00246949,11.20913702,9.705238461,9.706835189,10.17665666,9.906986963,12.10884972,10.52885939,10.47074089,10.70986539,11.23490443,13.15398562,13.40974858,11.60874389,11.54055675,12.16779585,11.83152756,14.44338831,14.69504748,12.4303774,12.67072406,13.25795048,12.85964155,15.69585126,13.5332962,
0.0,0.0,0.0,0.0,0.0,0.0,0.0,0.0,0.0,0.0,0.0,0.0,0.0,0.0,0.0,0.0,0.0,0.0,0.0,0.0,0.0,0.0,0.0,0.0,0.0,0.0,0.0,0.0,0.0,0.0,1.0948932782100866,1.1401011322980201,1.1896172948805401,1.2438523477571806,1.2711786115429708,1.3315327675192923,1.4027982666027967,1.4768176543689655,1.5401061736643702,1.5370690761967656,1.5997085286640707,1.6831142599943107,1.7471677155236454,1.7944594234274314,1.8732135813019244,1.9689520136479735,1.9560517609234702,1.9965925513938594,2.0500111191804105,2.241443728190691,2.4550533154874628,2.6890198964536127,2.945283492585837,3.2259690094294613,3.5334038560282828,3.8701372435079704,4.238961322814467,4.642934336878871,5.085405979183608,5.570045168999952,9.827128991791474,7.8698858477036175,7.724720259121181,7.880736691244629,7.935597975458931,10.405293582482711,10.421290823399305,8.318813384633238,8.303178612337941,8.826214513805663,8.516463121338479,11.233937370008366,8.879755294479166,8.77449505657552,8.987201068701172,9.471986266355279,12.075893079079952,12.148837348609728,9.666854200823357,9.40736127181326,9.935884424516692,9.392328773550746,12.462124887418728,12.27527344057533,9.013568153976749,8.978699986497315,9.262123097191077,8.48823681312695,11.471546030822493,8.089297351006454,10.92202227,9.00998698,8.914337554,9.124589039,9.206776587,11.73682635,11.82408909,9.795631039,9.843284786,10.36328359,10.11617165,12.91705163,10.62692301,10.56895448,10.86041465,11.44093828,14.03194484,14.1454299,11.71686532,11.648805,12.39093774,12.08134867,15.40740838,15.50124245,12.54697201,12.84883723,13.50108442,13.13117115,16.55695201,13.65934252,
0.7718566136159956,1.0510238133669616,1.2597169544123072,1.427413269125748,1.6041555232021762,1.8235683143426484,2.078613446973568,2.128836635669467,2.1578305119994554,2.155447502902408,2.1884893327668915,2.2350148080466052,2.275604136616029,2.3124196276754265,2.370696979875689,2.4443677348233415,2.471763091531875,2.5359409874118906,2.6184869677345874,2.784534470471382,2.7565710976112787,2.7244132188187717,2.7669587392522845,2.760669853994888,2.753437635948198,2.7266750428618503,2.695898060818292,2.6436472277815346,2.6035013075612197,2.5573334993113743,1.197724868340095,1.247178611607134,1.3013452966075287,1.360674066688468,1.3905667935381276,1.4565893684859728,1.5345480720470364,1.6155193075374765,1.6847518390993184,1.6814294996193742,1.7499520044629038,1.841191142161905,1.9112604522192456,1.962993763355504,2.0491444551614344,2.1538745722959707,2.139762737102984,2.184111089490287,2.2425466907880303,2.4519585129134414,2.6856301591943095,2.9415707133657403,3.2219024023497087,3.528949701293848,3.8652586078273643,4.233617753153522,4.6370815250292585,5.078995394364749,5.563023655447907,6.093179809812252,9.44433666804547,7.136057249027538,6.789719290981883,6.857477415187594,6.616929060261596,8.978448547173382,8.7434499009815,6.51254310679526,6.562712658903538,7.165878277480647,6.6225964227727525,9.41509440979417,6.940471271167537,6.81099474897202,7.060657274965976,7.548664882883944,10.04423215136856,10.062446533101413,7.407568971481149,6.98263492661913,7.713325593198565,6.946650957819848,10.103508858402577,9.909753434716068,6.542572726229476,6.62215908398992,7.001196114158003,5.9859814578595465,9.136103646996988,5.652036130882791,11.41391815,9.434259674,9.350781542,9.645564751,9.611651377,12.25860623,12.35661142,10.25689905,10.40529501,11.00275528,10.56103776,13.49130036,11.12733586,11.08640814,11.48049871,12.14690719,14.65575798,14.78249861,12.26860263,12.21912791,13.15552685,12.61263489,16.09237,16.19937299,13.16126897,13.58245188,14.3341757,13.70862408,17.30262861,14.30254944,
2.036507052743988,2.7730764636403986,3.323703414424791,3.7661621841089272,4.232488235599609,4.81139847454474,5.484322955864661,5.616834456299086,5.69333342332327,5.687045966887346,5.774225267249038,5.896980526280273,6.004073543868769,6.101209470244334,6.254971498939115,6.449348290412084,6.521629639260023,6.690959972490728,6.908753625012922,7.3468620825278625,7.27308205001467,7.18823501261556,7.3004893496220165,7.283896424259124,7.264814560089992,7.194202728036454,7.112999121190034,6.975137777367898,6.86921467167013,6.7474031001269745,1.289137895880102,1.3423660588947177,1.4006668658446335,1.4645237396968838,1.4966979459872607,1.5677595107912101,1.6516681961085073,1.7388193364965507,1.8133358489471736,1.8097599411241103,1.8835122360370846,1.9817149477819052,2.05713210352509,2.1128138161019803,2.205539720438615,2.3182630731942466,2.303074191332834,2.3508073086735046,2.4137028451132396,2.6390974435582932,2.890603429929633,3.1660779368021563,3.4678051641796315,3.7982869963261785,4.160263747076292,4.556736882172888,4.990993907044186,5.466635626385714,5.9876060015804855,6.558224853531278,8.249015591377464,5.635493312466516,4.862560842732295,4.900788866196,4.329223588415032,5.974785804666056,5.394638618028935,3.2455346372065685,3.4228083477318734,3.9327212419909765,3.394186996716432,5.71752934594051,3.439637202608961,3.152366863656646,3.598335130625376,3.8504467563969356,5.945034819410577,5.948913488839373,3.357961619877622,2.541756703917817,3.502114370059867,2.844568800586661,5.449228966202939,5.345325599419511,2.0685723128387785,2.515748999795969,2.7861727717713545,1.9040401262522533,4.689481126755522,1.4770096563482018,11.57466054,9.750935835,9.586931123,10.13147479,10.05840977,12.35394379,12.53062977,10.60118843,10.92947762,11.42952715,11.0519245,13.59622482,11.50084285,11.36639015,12.05884635,12.61805812,14.76973865,14.99068077,12.68041809,12.52771623,13.66579985,13.19888175,16.21752348,16.42750902,13.49365062,14.26668861,14.8901658,14.34581353,17.5463018,14.78263761,
3.1664842754519817,4.311746922217592,5.167894991505931,5.855856633894004,6.580928568847171,7.481053204334181,8.527356867164695,8.733393758555174,8.852338976959407,8.842562859606847,8.978114505926094,9.168981803403753,9.33549650108072,9.486529311419018,9.725607808774376,10.027836594519385,10.140224005221974,10.403509043596687,10.742147780484713,11.423345294529351,11.308627639866396,11.176702336990097,11.351242166107456,11.325442482686496,11.295772846749584,11.185981301683675,11.059721024881433,10.845365873585843,10.680670225639474,10.491270230515577,1.4593015631401156,1.5195557390033387,1.585552137826336,1.6578379934571728,1.6942591317096365,1.7747006833302947,1.8696851501091323,1.9683400696520015,2.05269261521479,2.048644694590846,2.132132147403795,2.2432974239904224,2.3286694959893417,2.3917010851323326,2.4966666265026385,2.624269240159717,2.6070754557604325,2.6611092507263585,2.7323068742966288,2.9874531165143017,3.2721573985183796,3.5839939985974407,3.9255486266640367,4.299653410785378,4.709410380833483,5.15821719012717,5.64979528834654,6.188220779326211,6.77795821959624,7.4238976379239565,6.760334761409452,4.013780140780698,3.02388731966945,2.763052232650631,1.944410459445093,3.252791342337525,1.929476002728275,0.0018109017938200023,0.1811604178281216,0.7331800658047407,0.11878755667268043,2.3540933626085137,2.8660733081445847e-12,2.9604669532567547e-12,0.009479964728022768,0.18107585532419082,2.2072727090210305,1.6818788956805684,3.777571690301328e-12,3.953936124113425e-12,4.184511334435231e-12,4.3681022167278506e-12,1.1436842872331094,0.5348250065329708,5.0350784232102965e-12,5.295414426944437e-12,5.560151749403016e-12,5.803937731074029e-12,6.168116344743947e-12,6.378173345634681e-12,11.3861206,9.845082802,9.777334449,10.27674686,10.21959816,12.50854523,12.32651802,10.70354473,11.08619201,11.62438762,11.22903421,13.76637259,11.61188547,11.59213481,12.2317544,12.83318169,14.95457217,14.74649719,12.80284972,12.77652565,13.89878623,13.41039695,16.42047508,16.1599209,13.76164419,14.47125423,15.14402623,14.57570859,17.26048964,14.92536653,
3.938489303387977,5.3629728287995535,6.427854167118243,7.283544369243088,8.185392542669515,9.304972158480352,10.606369994591644,10.862639731705332,11.010584401447094,10.998424816787153,11.167024646328004,11.404426365108064,11.611538195961543,11.799393576324391,12.09676063157994,12.472674337850517,12.612462372902241,12.939937647426662,13.36113823676353,14.208415181531034,14.065728777147953,13.901639412090121,14.11873294238904,14.086643164469729,14.049739919859027,13.913180635735376,13.756137459022474,13.489521427782815,13.284672140268594,13.049095459645182,1.6246439250301286,1.691725043317455,1.7651989921775735,1.8456750083640705,1.8862227488031496,1.9757785208666594,2.0815249552036503,2.191357713392966,2.285267604378434,2.280761044653696,2.373707825809013,2.497468394455384,2.5925133266637936,2.6626865458069315,2.7795449343896297,2.921605229761241,2.9024633484132436,2.9626193017508244,3.0418837865781563,3.3259387090722035,3.6429006680470795,3.9900691017122556,4.370322687105723,4.786814439187186,5.242997855242013,5.7426555508468615,6.289930624842846,6.889361013390643,7.54591711796704,8.265043019309516,5.52325720158344,2.6815657078846145,1.6423913957058973,1.1487798323946496,0.2774412685292388,1.1298803006549927,2.099273389292864e-12,2.1858136682139044e-12,2.292706137601082e-12,2.4099564581096484e-12,2.5325810920024955e-12,2.6928490334585624e-12,2.7951526171489063e-12,2.9370297063209038e-12,3.0856735537239535e-12,3.2423832859562686e-12,3.424500412330855e-12,3.583350833413029e-12,3.754656287885267e-12,3.940242263643574e-12,4.142894605682158e-12,4.344406988448676e-12,4.585272144259447e-12,4.794140640749331e-12,5.012259673023804e-12,5.2600771442691505e-12,5.519597304303777e-12,5.784547605684212e-12,6.081511880690445e-12,6.358552856536893e-12,11.08639043,9.73626358,9.835444555,10.27799921,10.34905656,12.41063098,12.00203267,10.5852368,11.08754299,11.62713214,11.3712798,13.65861233,11.48353751,11.66103091,12.23324499,12.8362116,14.83751094,14.3583079,12.66133784,12.852461,13.90206773,13.5802753,16.29193907,15.7345244,13.84343444,14.47301773,15.14760173,14.76034871,16.80612159,14.76039414,
4.483545518687974,6.105166458805776,7.317419072579826,8.291530127755674,9.318187057615736,10.592707764061489,12.074208915050452,12.365944385913107,12.534363444577009,12.520521068195718,12.712453799748186,12.982710065634079,13.218484559242981,13.432337659735788,13.770857997178256,14.198795229790006,14.357928839111533,14.730724138647338,15.210215605887212,16.174749074476846,16.012315984104063,15.82551793015568,16.07265551259638,16.03612475958353,15.994114393614774,15.838656369178567,15.659879641110278,15.35636602967387,15.12316719776369,14.85498854108741,1.6348553187001293,1.702358062733321,1.7762938182728853,1.8572756513153794,1.8980782469468322,1.9881969049633021,2.094607988614261,2.2051310799371664,2.2996312238707333,2.295096339012876,2.38862731967069,2.5131657620823833,2.6088080813269094,2.679422361033979,2.7970152410280416,2.9399684296537174,2.9207062356125704,2.9812402878748823,3.0610029747058354,3.3468432709625886,3.6657974346856204,4.015147930211451,4.3977915279608935,4.816901060575856,5.275951731649025,5.778749931675463,6.329464800164416,6.93266279562036,7.59334556004325,8.316991391915591,4.824167452613439,1.8847222954625245,0.7998417701490012,0.1141652809307562,1.892118533014689e-12,1.998685666358716e-12,2.0867401894658866e-12,2.1831008752952085e-12,2.289332825062541e-12,2.4057424637489183e-12,2.5297862082682976e-12,2.667313764416057e-12,2.7923978870056773e-12,2.9344095094780838e-12,3.08248761253989e-12,3.2391813071344836e-12,3.4092093226563948e-12,3.5765186206841886e-12,3.750815423056866e-12,3.936859542426019e-12,4.139039966902569e-12,4.340676912354629e-12,4.566344834312722e-12,4.783062689096256e-12,5.00774679887301e-12,5.2539438855186184e-12,5.5135758283954876e-12,5.780416852637669e-12,6.073936317135336e-12,6.355200430440497e-12,10.94256829,9.692246817,9.893554661,10.26297106,10.45947696,12.28694983,11.84633204,10.5373819,11.07133116,11.70672303,11.49260692,13.52249412,11.43162148,11.72992701,12.21535795,12.92407898,14.68964413,14.17203965,12.60409708,12.92839634,13.99723118,13.72517155,16.12957779,15.5304027,13.92522469,14.45185577,15.25129121,14.91783587,16.5880982,14.69366374,
4.622940852575973,6.29497867626177,7.544920738520126,8.549317320008633,9.607893449736247,10.922039546106483,12.449601196924606,12.750406847447168,12.92406212615561,12.909789384415156,13.107689386086168,13.386348034029174,13.629452856754153,13.84995474094324,14.198999819412421,14.640241802288083,14.804322943091496,15.188708606778633,15.683107667326917,16.677628890995603,16.510145686874093,16.31754000211406,16.572361196927382,16.534694687292415,16.491378201208104,16.331086920784745,16.146751948332273,15.833801969844526,15.59335288723411,15.316836442253193,1.7717906510701402,1.8449474187862485,1.9250760264657123,2.012840890457039,2.057061107776749,2.154728096368451,2.2700521626796633,2.3898326580503446,2.4922481254198994,2.4873333990200006,2.5886985260862283,2.7236682970744757,2.827321608254852,2.9038505335890616,3.0312929824851214,3.186219917150523,3.165344323493502,3.230948702451655,3.3173923046559675,3.627174558054092,3.9728442934369683,4.351456354601827,4.766150145195697,5.22036425403316,5.717864967442835,6.262777498840447,6.859620194480246,7.5133419990145125,8.229363491520887,9.013621832263064,4.347210946355426,1.412934303953603,0.2059540950158747,1.8035010561772555e-12,1.8859427256164134e-12,1.9900872765651837e-12,2.081014355080156e-12,2.179721063736869e-12,2.286464418248067e-12,2.402884360758977e-12,2.5265011239071127e-12,2.661533921754847e-12,2.78906838219642e-12,2.9307317973535097e-12,3.0789503777960467e-12,3.2353992704170948e-12,3.403854506640294e-12,3.5710497188719666e-12,3.746028362073153e-12,3.931524958005499e-12,4.13337993320529e-12,4.335824659443022e-12,4.558166500301741e-12,4.775078983110559e-12,5.001808054793057e-12,5.247524051322922e-12,5.506211751815869e-12,5.774230083641711e-12,6.06509677131415e-12,6.350755690684386e-12,10.74194245,9.552860399,9.67595086,10.15902639,10.44932336,12.24572278,11.6291362,10.3858414,10.95919931,11.58733669,11.4814504,13.47712138,11.26722072,11.47193311,12.09163926,12.79227791,14.64035519,13.91220327,12.42283468,12.64404271,13.854486,13.71184775,16.07545737,15.2456615,13.61894632,14.30548554,15.095757,14.9033543,16.28396475,14.4823508,
4.519231241735974,6.153759091244274,7.375660343770633,8.357524606132204,9.392352969673842,10.677017923068709,12.170310733035846,12.46436820356887,12.634127754006178,12.620175202495002,12.813635577354196,13.086042884244621,13.323693969324635,13.539249183130519,13.880463893354023,14.311807191433662,14.472207387184659,14.847969862978042,15.331277729456527,16.30348817469046,16.13976223644701,15.951477407447204,16.200582023184428,16.16376051225927,16.121415774691325,15.964720418776606,15.784520759508291,15.47859140306966,15.243536480060152,14.97322331861981,1.9383942145501536,2.018429999370693,2.1060931944846417,2.2021106920929605,2.250488988573363,2.357339719230704,2.4835078434394164,2.61455143998523,2.7265971544773406,2.7212202905606544,2.8321169000125903,2.9797780376671774,3.0931779918827917,3.1769030222773114,3.3163290348702894,3.485823931827794,3.462985381491371,3.534758617536404,3.629330613554392,3.9682420574061537,4.346415525477312,4.760628925055645,5.214316861613793,5.711241258525931,6.2555225504637955,6.851673849523335,7.504638367383242,8.219830403795191,9.003180241277192,9.861183318271168,4.03776476371541,1.1801504953866488,2.9413925130926088e-12,1.7983886654208523e-12,1.8817097287810865e-12,1.9867494178301162e-12,2.076732661496985e-12,2.1770818446254074e-12,2.284258907008912e-12,2.4007763517162428e-12,2.5242587001794344e-12,2.6582939807620568e-12,2.7859994560230006e-12,2.9274344737303512e-12,3.0759196028199e-12,3.2320072242893344e-12,3.4003763875054898e-12,3.566583275315934e-12,3.741861155213716e-12,3.927500761401425e-12,4.128700943725574e-12,4.331696012860968e-12,4.553007383603234e-12,4.769530369374639e-12,4.997529998994937e-12,5.243480422096612e-12,5.5019017464527664e-12,5.770396580426743e-12,6.0571673325469126e-12,6.346333535275038e-12,10.49539022,9.352339586,9.447219591,10.08138097,10.30082696,12.27664307,11.36222083,10.16783577,10.87543817,11.3993375,11.31828634,13.51115093,11.03071436,11.20074635,11.99922288,12.58472911,14.67732189,13.59288627,12.16207122,12.34514827,13.62970336,13.51698729,16.11604769,14.89573857,13.29700598,14.19614874,14.85083531,14.69156121,15.91021038,14.17835675,
4.086748110395976,5.564854284445546,6.669821560458264,7.557722998608641,8.493519958992424,9.655244551063017,11.005631650762934,11.271548296264578,11.425062131884292,11.412444817019564,11.587391346440485,11.833729713995421,12.048637974036398,12.24356490199966,12.552125915511676,12.942190356578381,13.08724051264004,13.427043126351048,13.864099210542868,14.743270686273945,14.595213055905331,14.42494678096349,14.650212487275068,14.61691473547923,14.578622320910393,14.43692245749594,14.27396761459972,13.997315203500708,13.784754657012856,13.540310028570445,2.2155712198801756,2.307051569995677,2.4072499974771984,2.516997335097722,2.572293394353493,2.6944230426420446,2.8386323385452323,2.9884142657080064,3.1164817446945974,3.1103360263171895,3.237090086167198,3.4058657482211583,3.5354811138727484,3.6311782462379205,3.790541217136666,3.9842727155061826,3.958168409968464,4.040204723812883,4.148299863083974,4.535673306241025,4.967922972326196,5.441366031589277,5.95992821440013,6.527909373232855,7.150019136502339,7.831415960211399,8.577749901219926,9.395209466806559,10.290572928993589,11.271264529126974,4.009365299725382,1.334933874560392,0.2526914350662432,1.8383002557112876e-12,1.8786712227685494e-12,1.9847690117913175e-12,2.072532904218777e-12,2.174122437323932e-12,2.2820743256112766e-12,2.3986974916369633e-12,2.5218292681274648e-12,2.6551816736517422e-12,2.7834334972386142e-12,2.9248350567822605e-12,3.0729610460319597e-12,3.228692678248789e-12,3.3952753658027975e-12,3.561476091848666e-12,3.738554939624519e-12,3.924522752008673e-12,4.123146328538317e-12,4.328083565260107e-12,4.5468452046571725e-12,4.765007542083206e-12,4.99405255156967e-12,5.239865804282669e-12,5.497604401117874e-12,5.766175029809651e-12,6.0510385339443666e-12,6.340054984870204e-12,10.31168463,9.206839729,9.329762993,9.986202717,10.18659896,12.07179615,11.16334272,10.00964876,10.77276323,11.24015571,11.19277553,13.28570513,10.85910303,11.06148828,11.88593829,12.40899436,14.43241747,13.3549638,11.97285871,12.19166193,13.43937646,13.36709463,15.84713683,14.63501169,13.13168527,14.06212299,14.64345637,14.52864346,15.63172674,13.9577757,
3.3553915789199804,4.568978733102333,5.4762032041882165,6.205207519600268,6.973536067294004,7.927360675016213,9.036085113179897,9.254413830514133,9.380455127254633,9.370095782635865,9.513734219780297,9.715988349893207,9.892437043696352,10.052480225934294,10.305821757722736,10.626081021429727,10.745173282323478,11.024165478010929,11.383006851346972,12.104843501516457,11.983281978096421,11.843486226148652,12.028438817685814,12.001099967099817,11.969660288922944,11.853318758789124,11.71952599916019,11.492382768059612,11.317861645536388,11.117162354649967,2.4310721044501924,2.531450429134858,2.6413948081619862,2.7618168865104136,2.8224914005754593,2.9565001737606735,3.114736204869438,3.279086897642882,3.4196110536067783,3.4128675626392746,3.5519505477684246,3.737142429775127,3.8793650299408458,3.984370288576328,4.159233939790934,4.3718090252648025,4.343165644980135,4.433181344926749,4.551790521355219,4.976842428156418,5.4511355115601665,5.970628725812283,6.539629643382626,7.162856348397421,7.845476558400127,8.593150474416085,9.412077714628355,10.309048720832847,11.291501063928617,12.36758111532134,4.0768342866313585,1.9401250147644251,1.1120177766515018,0.8776632728911143,0.23192150213243162,0.42394649122510797,2.0708829046030115e-12,2.1728995609792045e-12,2.2817217190049866e-12,2.3989739696225716e-12,2.5215094213686637e-12,2.654606641166786e-12,2.782592424864714e-12,2.9241917921632078e-12,3.0724207469782438e-12,3.2281859425662836e-12,3.393913045760545e-12,3.5606380225701268e-12,3.738083953486825e-12,3.9238270890115795e-12,4.1224640546833966e-12,4.327442135130853e-12,4.544782494554183e-12,4.762803620577882e-12,4.992048718263888e-12,5.2374316820685936e-12,5.494733881194422e-12,5.763070921737466e-12,6.045367876903759e-12,6.335975307600237e-12,9.86329797,9.040554177,9.229615789,9.844687679,10.02794897,11.30780734,10.6779231,9.828863605,10.6201018,11.00138302,11.01845495,12.44489156,10.66297581,10.94275245,11.717502,12.14539223,13.51903182,12.77424515,11.75661585,12.06079464,13.15388611,13.15891037,14.84421771,13.99863225,12.99072761,13.86284786,14.33238795,14.30236879,14.95200679,13.70568307,
2.307942886499987,3.142685948156135,3.766703209704884,4.268135094601189,4.796615411856856,5.452685699507063,6.215300917422168,6.3654742126214146,6.452169344136021,6.445043864096107,6.543842857131123,6.682959550333765,6.804326460310412,6.914409148214687,7.08866534824197,7.308949649529447,7.390865017647347,7.58276454361359,7.829586822174407,8.326088563562777,8.242474759733753,8.146318885320245,8.273535041151252,8.254730527802813,8.233105337450063,8.153082007665317,8.061055178430026,7.904818985990173,7.784777919605571,7.646730693273795,2.5224633139201997,2.6266151574900976,2.7406926717522215,2.86564177312354,2.928597222095559,3.067643782452355,3.231828375201184,3.402357497878991,3.5481643735737354,3.541167374783719,3.6854789017584126,3.8776326957748974,4.025201865225551,4.134154582914115,4.315591877315853,4.536158290619564,4.5064381207313575,4.599837777770133,4.722905824862372,5.163936693282597,5.656059860152887,6.195082364825906,6.785473714194263,7.432129359157424,8.140411287085573,8.91619248274527,9.765905626351328,10.696596432543036,11.715982072564803,12.832515164080565,4.846769004581347,3.3348328413553805,2.790221095544599,2.712163157277067,2.3357355360494725,2.212875828042573,1.0292988773787413,0.13015563050180076,0.6211190622925572,0.9328363711226046,0.8253918711130185,1.2519167738940218,2.8017792537198265e-12,2.9615772091458824e-12,0.31473535444533224,0.20938700985432848,0.9347640916247604,0.35058979861996215,3.744346948249598e-12,3.928155957204817e-12,4.128364118116252e-12,4.333224442500719e-12,4.5501144262885685e-12,4.766465598419944e-12,4.995098764342783e-12,5.240353112166312e-12,5.497240529242878e-12,5.764994641827513e-12,6.044713394299353e-12,6.337213565950019e-12,9.677175205,9.104133947,9.297616977,9.845940025,10.06094817,10.73320531,10.47642817,9.897987341,10.62145278,10.91904761,11.05471363,11.81250902,10.73796563,11.02337554,11.71899258,12.05449495,12.83206723,12.53319212,11.83929694,12.14965515,13.05544115,13.2022127,14.08991429,13.73447475,13.0864396,13.86461135,14.22512298,14.34943392,14.66985888,13.80207143,
1.042369256855994,1.419376205309448,1.7012100466019004,1.9276789008706066,2.1663640255255805,2.462674433457873,2.8071052521817936,2.8749301654550345,2.914085527720934,2.910867345253165,2.95548934762178,3.0183206095902295,3.073135283081183,3.1228535019568264,3.2015553220007553,3.301045471767107,3.338042081124122,3.4247124088183205,3.5361882848392865,3.7604304678785527,3.7226667697082156,3.679238516807752,3.736694968866989,3.7282020175382513,3.7184351235092787,3.6822930424869162,3.640729649318953,3.5701664630459544,3.5159505992603153,3.4536023559115794,2.5869647527202053,2.693779843651069,2.8107744127476595,2.9389185642791693,3.0034838352916466,3.1460859293022763,3.3144688556413904,3.489358546700637,3.638893822811492,3.631717905070803,3.779719595178465,3.9767869180128104,4.1281295511644265,4.239868278470376,4.425945072077637,4.652151547986237,4.621671409178526,4.717459371422448,4.843674368586845,5.295982755063065,5.800689911621045,6.35349566019899,6.958983796616415,7.622174952434418,8.348568225401877,9.144186777283128,10.015627777158654,10.970117104322311,12.015569264364654,13.160653015258951,6.35361430942534,5.4103598400411,5.186221334652145,5.348784474852023,5.403857099184662,5.559905677241842,4.685881452178904,3.989649427846525,4.4670143394698805,4.698942719678457,4.882908787202301,5.296651042399636,4.0313451957572015,4.135597069575754,4.531215265924715,4.457312300249927,5.392968159700788,4.7870360297628505,4.00481151657768,3.616711107062392,3.9176605286749493,3.8423300329976735,3.9658825145212195,2.8180708200322235,1.5832668910940755,1.5583630702354865,0.9888866935282603,0.5404700626379603,6.054352864551716e-12,6.343897209176471e-12,9.982948319,9.523515889,9.698205794,10.21538194,10.57370496,11.16866604,10.80745556,10.35393814,11.01999369,11.24152797,11.61811773,12.29175857,11.23261003,11.49831885,12.15871566,12.41050932,13.35268165,12.92920781,12.38467417,12.67312433,13.44101721,13.87506421,14.66156128,14.16844779,13.65027024,14.38484289,14.64524412,15.08075363,15.13338758,14.43786387,
0.017994537395999894,0.024502850633249102,0.029368179846710325,0.033277737079297126,0.037398185157771296,0.04251342496486611,0.048459372820769446,0.0496302419060272,0.0503061853165925,0.05025062947169153,0.05102094410350282,0.05210560722618482,0.053051879082818026,0.053910170271795274,0.055268808618618076,0.05698631823311314,0.057624994850080914,0.05912119443823923,0.06104561498941848,0.06491673294682213,0.06426481398963126,0.06351510718878275,0.0645069843651491,0.0643603695937692,0.06419176260666637,0.06356783780818585,0.06285032429006711,0.06163218409088259,0.06069624955335632,0.05961992483528309,2.5681201391102033,2.6741571409255536,2.7902994690139216,2.9175101609691256,2.981605109537675,3.123168425822871,3.2903247752702645,3.4639404912400096,3.6123864852118595,3.6052628400802105,3.752186419378371,3.947818215288716,4.098058400700578,4.208983172911414,4.393704499547728,4.6182631858487975,4.5880050780672175,4.68309527775559,4.80839086817088,5.257404437132967,5.758435079992205,6.3072139431159195,6.908291431895324,7.566651605355403,8.287753503346229,9.077576412215574,9.94266944430016,10.890205842342398,11.928042459118052,13.064784905472345,8.124404453495343,7.51322917844282,7.698261561141078,8.157516351953378,8.534524035306445,8.840408689214254,8.256333431911058,7.588764786856162,8.32055410947386,8.499937550450527,8.891514246520673,9.213468507487772,7.89340878021941,8.207300236819739,8.772530661836754,8.74421967592135,9.708233157086125,9.129289537809766,8.410419556843488,8.421976219924167,8.711056266022334,8.79008111969967,8.788083983744114,7.57005150505565,6.452089534052194,6.501071819981597,5.8303655314153415,5.526387913572684,4.24759068133482,2.3570483796990085,10.71051913,10.21188917,10.51792921,11.10830425,11.55352733,12.00609054,11.59511758,11.10233552,11.98324678,12.15545102,12.69472161,13.21339233,12.04451906,12.47019358,13.22150397,13.41946918,14.35386323,13.87150601,13.27985604,13.74429739,14.53375616,15.16081017,15.7608824,15.20106348,14.8040348,15.64221607,15.8358853,16.47822594,16.23632939,15.48145321,
1.2470639999999927e-05,1.698105499999938e-05,2.0352843213685007e-05,2.306225883988632e-05,2.5917826810017373e-05,2.9462808975667755e-05,3.3583491466023145e-05,3.439493143405614e-05,3.486337620415652e-05,3.482487468970193e-05,3.535872094807735e-05,3.61104181452084e-05,3.6766206921908346e-05,3.736102301511264e-05,3.8302591522296856e-05,3.94928663055579e-05,3.9935484306307036e-05,4.097238600716533e-05,4.230605496315042e-05,4.498883126253155e-05,4.4537036006816334e-05,4.40174714626891e-05,4.4704865804564806e-05,4.460325830044706e-05,4.4486409670700596e-05,4.405401502905492e-05,4.3556761191255163e-05,4.2712561223272926e-05,4.2063936453199585e-05,4.1318017967672055e-05,2.5577487462602027,2.663357516005832,2.7790308015082346,2.9057277511190307,2.9695638512477496,3.110555461893485,3.2770367478416715,3.4499513140607356,3.5977978065929745,3.5907029304122244,3.7370331565659494,3.931874890446704,4.08150832854911,4.191985129353985,4.375960456059399,4.599612258637219,4.5694763486912935,4.664182525139423,4.7889721073774565,5.236172328105648,5.735179550974581,6.281742162182914,6.880392190239401,7.536093565969669,8.254283282807032,9.04091647965899,9.902515820170931,10.846225577833652,11.87987087540162,13.012022569827737,8.095954213101345,7.69768259294079,7.8278977856502605,8.252647256623929,8.608052360927331,8.868450355299528,8.256552038668952,7.814524731010026,8.439453560033131,8.688216374715513,8.984149824715649,9.251705469137825,8.138911625246775,8.383714049625949,8.90512868135218,8.956163358499735,9.752001075827824,9.133714372478169,8.684824196571368,8.624406553067052,8.946199491993593,8.91066799035,8.844928974899384,7.584305810776854,6.675002720788377,6.6717954063313325,6.094223383073449,5.666351399611061,4.270306370668144,2.695531232161111,10.65371543,10.36105709,10.60694894,11.15839807,11.57764213,11.97903528,11.53362237,11.26451044,12.03728623,12.27895413,12.72121834,13.18361647,12.22045672,12.57573654,13.28112744,13.55581511,14.32151736,13.79793787,13.47383861,13.86062387,14.68142358,15.19245417,15.72536587,15.12044398,14.92933049,15.71275594,15.99678276,16.51261969,16.15021931,15.70759512,
3.4739639999999796e-06,4.7304367499998265e-06,5.6697206095265375e-06,6.424486391111189e-06,7.219966039933411e-06,8.207496786078875e-06,9.355401194106448e-06,9.581445185201353e-06,9.711940514015031e-06,9.701215092131252e-06,9.849929406964406e-06,1.005933076902234e-05,1.0242014785388753e-05,1.0407713554209948e-05,1.0670007638354123e-05,1.1001584185119702e-05,1.1124884913899817e-05,1.1413736101996056e-05,1.178525816830619e-05,1.2532602994562361e-05,1.240674574475598e-05,1.2262009907463392e-05,1.2453498331271624e-05,1.2425193383695967e-05,1.2392642693980879e-05,1.2272189900951013e-05,1.213366918899251e-05,1.1898499197911742e-05,1.1717810869105598e-05,1.1510019290994358e-05,2.4155651674501915,2.5153032148044554,2.6245462980715946,2.7442002471741063,2.804487740276101,2.9376417195621842,3.094868419783131,3.2581707784351477,3.3977985812100453,3.391098104552731,3.5292939292047305,3.7133045386190107,3.8546199518293496,3.958955419582303,4.132703678284277,4.343922823532357,4.315462149096985,4.404903671179632,4.522756282213299,4.94509693535467,5.416364673294408,5.932544226659796,6.497915691460904,7.117167056857556,7.79543307737651,8.538337849650915,9.352041446723062,10.243290996596176,11.21947662857219,12.288692751275443,7.975882888587356,7.724703044760421,7.778393412209509,8.157460578341306,8.389848779759756,8.718010672943024,8.154819914817768,7.874729120121865,8.362525776851752,8.547526634234602,8.770756050868409,9.114409452052893,8.22305744615867,8.37490143270709,8.842842811711181,8.836172504886713,9.61943397602152,9.05335715508786,8.79365845253231,8.648932872046291,8.858140709964013,8.756924521334666,8.802930645045347,7.631042567953875,6.846749049985857,6.81288897816451,6.2013672996133336,5.722637204910518,4.533158923623065,3.235382258711762,10.39145153,10.24001099,10.40294538,10.90166725,11.19434374,11.6556606,11.24969769,11.13290948,11.76033407,11.93863444,12.30005983,12.82772405,12.07768764,12.33386726,12.97555716,13.18010633,13.93490725,13.45827224,13.31642652,13.59404234,14.27451779,14.68948101,15.30085879,14.74822205,14.64219452,15.3512391,15.55342088,15.9659401,15.75264727,15.52408652,
0.0,0.0,0.0,0.0,0.0,0.0,0.0,0.0,0.0,0.0,0.0,0.0,0.0,0.0,0.0,0.0,0.0,0.0,0.0,0.0,0.0,0.0,0.0,0.0,0.0,0.0,0.0,0.0,0.0,0.0,2.4003891134401902,2.4995005455352604,2.6080572971090055,2.726959507107742,2.786868237399371,2.919185662156303,3.075424568329496,3.237700961941009,3.3764515376782076,3.369793157502915,3.5071207516773706,3.6899752941866817,3.8304028777610313,3.9340828464551665,4.106739512599947,4.316631650322242,4.288349783206255,4.377229379082913,4.494341568117469,4.914028819624697,5.382335766135366,5.895272364648494,6.457091820999923,7.07245267154164,7.746457411139985,8.484694802422046,9.293286217093279,10.178936393582672,11.148989031891498,12.211487686631079,7.865369126561357,7.524094684466363,7.534010792892704,7.93050037289406,7.788105922602521,8.57672010784569,8.038198621672597,7.659921948061192,8.120440242324106,8.143441662499512,8.112391548325178,8.961929395815995,7.992030942241778,8.090484913547783,8.578153247403153,8.393838709681017,9.455562826797166,8.918253810920685,8.540651221886312,8.339112290379258,8.383549783868807,7.981457315355886,8.634050329004662,7.497377298463181,6.528551098865085,6.522662437583285,5.705932302912293,4.903627436423301,4.413116798114623,2.9845076933755403,10.26575824,10.02359523,10.14206809,10.65745988,10.57497416,11.49590577,11.11362319,10.89762291,11.49689178,11.51323482,11.6195123,12.65190469,11.82243382,12.02456776,12.68489276,12.71047036,13.74391261,13.29548319,13.03499279,13.25314111,13.76588555,13.87672968,15.09114215,14.56982997,14.27500851,15.00735724,14.99921852,15.08256383,15.56210583,15.19599538,
0.0,0.0,0.0,0.0,0.0,0.0,0.0,0.0,0.0,0.0,0.0,0.0,0.0,0.0,0.0,0.0,0.0,0.0,0.0,0.0,0.0,0.0,0.0,0.0,0.0,0.0,0.0,0.0,0.0,0.0,2.6724982740902115,2.7828450215127876,2.90370781396475,3.0360888305374005,3.102788840719439,3.2501058266676726,3.4240560436369454,3.604728160263406,3.7592075620030885,3.7517943849364737,3.9046894953005618,4.108272508791789,4.264619024711138,4.380052200041487,4.572281301439465,4.805966903772503,4.774478991820095,4.873434017591637,5.003822095640041,5.471085277692744,5.992479704657348,6.563563020511669,7.189070576366907,7.874189002295147,8.624599214214347,9.446523519329443,10.346777210721998,11.332825078904255,12.412843308924272,13.595787276265112,7.19563405391133,7.1466032434888325,7.2667971360369545,6.541849265464395,6.111602946282449,7.461197613334313,7.2591006963651425,7.190538449738789,6.5731341979992175,6.0859148420659475,6.219849544701981,7.68013224121088,7.446772175291665,7.6782306699614615,6.82772572856364,6.054743706230769,8.03140348818333,7.907072252411976,7.908739074363743,7.819215682311208,5.770051105346859,5.527778489492752,6.872092243637693,6.13130448770971,5.69043431579075,4.0406995306759494,2.4695991392840377,1.8092072511021438,2.5464919910822026,1.4574791837420202,9.868132328,9.929448265,10.17050495,9.577938096,9.214391787,10.71130344,10.68315674,10.79526661,10.33234176,9.837709227,10.12453904,11.78840475,11.7113912,12.05828287,11.40000703,10.86071061,12.80588248,12.78050627,12.91256117,13.29030096,11.76253081,12.09134151,14.06116282,14.00549349,14.31503353,13.48722305,12.81637635,13.14203233,14.9593353,15.05326646,
0.0,0.0,0.0,0.0,0.0,0.0,0.0,0.0,0.0,0.0,0.0,0.0,0.0,0.0,0.0,0.0,0.0,0.0,0.0,0.0,0.0,0.0,0.0,0.0,0.0,0.0,0.0,0.0,0.0,0.0,2.565589389420203,2.671521897249705,2.7875497730753733,2.9146351054672426,2.9786668917760712,3.120090704728324,3.287082330231108,3.460526956884322,3.60882666500003,3.601710039852545,3.748488833555554,3.943927844440263,4.0940199759130325,4.2048354374928705,4.389374730807222,4.613712126126967,4.583483836147024,4.67848032935737,4.803652447442931,5.2522235367354915,5.75276043978685,6.300998509698993,6.901483667673765,7.559195061203529,8.27958635053668,9.068630929743275,9.93287145734825,10.879474107233971,11.91628798965379,13.05191023506814,6.868659348581339,6.831208298751915,7.051603937926332,6.187411714534552,5.790235705225815,7.106794875273663,6.9263556997709825,6.870813043117875,6.210140371002278,5.857256301149876,5.886558031446987,7.311347215562408,7.114074154089772,7.460593092510078,6.444209359195883,5.828870963876303,7.643253613856402,7.540090630646244,7.553991362560852,7.605084403268461,5.556923600217358,5.205761620305428,6.523764162330841,5.830502688801327,5.569068749468417,3.7484633602621193,2.3900860226577474,1.6271789727723065,2.385312910352603,1.3544420549389,9.434248738,9.502730196,9.839153711,9.10204682,8.768902597,10.22688558,10.21343803,10.33134,9.818967036,9.458966341,9.635046865,11.25527506,11.20809413,11.66542853,10.83358409,10.44258309,12.22673745,12.21857096,12.35764381,12.85730794,11.30968404,11.50676013,13.42524783,13.38969775,13.8486551,12.81709429,12.32295748,12.50665308,14.3016009,14.40635229,
0.0,0.0,0.0,0.0,0.0,0.0,0.0,0.0,0.0,0.0,0.0,0.0,0.0,0.0,0.0,0.0,0.0,0.0,0.0,0.0,0.0,0.0,0.0,0.0,0.0,0.0,0.0,0.0,0.0,0.0,2.4926825757601976,2.5956047805222204,2.708335471398079,2.831809397114421,2.8940215806715446,3.03142652777546,3.1936727223166415,3.3621885419176123,3.5062739906393534,3.4993595999046145,3.641967354311205,3.8318525397836227,3.977679476246527,4.0853458749867055,4.264641082117157,4.482603441452969,4.453234154208974,4.545531115039976,4.667146194603969,5.102970158828435,5.589283214965238,6.121941905351868,6.705362968932345,7.344384059872039,8.044303860778287,8.810926018710894,9.65060726829447,10.570310140963354,11.577660697397572,12.681011761859894,6.652713300241343,6.5892265664793985,6.7030289476036256,5.9734315488873735,5.628656222330342,6.892697885226526,6.707055634685446,6.623532773084581,5.992509338362954,5.619287047097808,5.722533976691337,7.090216470219047,6.855465543756277,7.072890115016242,6.2156739578859455,5.584270878550296,7.41153764579445,7.298938074963633,7.277092135399809,7.19532439117552,5.313495025038969,5.0617162546525485,6.322437991072256,5.635354970132814,5.202235799226789,3.5882195412945053,2.228988331711482,1.585164669042905,2.286061312608799,1.2433987381470288,9.145395876,9.184831347,9.411364419,8.805240946,8.522677803,9.924124413,9.900728357,9.985721315,9.498783329,9.118646647,9.364501331,10.92206901,10.83314502,11.15823599,10.48031504,10.06687432,11.8647718,11.84446919,11.94423833,12.29829455,10.90277824,11.18365816,13.02780096,12.97973903,13.24653966,12.39914556,11.8795956,12.15547481,13.86372201,13.9244105,
0.0,0.0,0.0,0.0,0.0,0.0,0.0,0.0,0.0,0.0,0.0,0.0,0.0,0.0,0.0,0.0,0.0,0.0,0.0,0.0,0.0,0.0,0.0,0.0,0.0,0.0,0.0,0.0,0.0,0.0,2.422117031370192,2.5221256034541204,2.6316649924576616,2.751643485233254,2.8120944992603736,2.945609639058475,3.103262793493251,3.2670080856856756,3.407014608263109,3.400295957552016,3.538866617977289,3.7233763290051227,3.865075039412171,3.969693501718929,4.143913026923124,4.35570507292156,4.327167203108275,4.416851322115807,4.535023590958965,4.958509780774135,5.431055762882351,5.94863537708547,6.515540328522147,7.1364713218307365,7.8165770388016345,8.561496830599856,9.377407478556437,10.271074411263275,11.249907802657063,12.322024016250605,6.581873885631349,6.539214267547498,6.6572972885440445,5.96092389576854,5.592547705741512,6.8239133289435125,6.644381750508838,6.584453664316519,5.991795748739199,5.707372634450406,5.695940205025253,7.028544910997548,6.822416670590634,7.04342091828402,6.226098593079978,5.699049607081705,7.352771076895149,7.2444801778878025,7.248622619044817,7.179835849229817,5.458596487121854,5.0801337029189435,6.30930904148245,5.642576628174115,5.257681031203459,3.707149979405535,2.487886121449395,1.716052048743045,2.3994550873494225,1.415170633756311,9.003990917,9.061339871,9.288962281,8.712567381,8.404642205,9.769522968,9.747644544,9.85146175,9.398810357,9.107668592,9.234806823,10.75192124,10.68749171,11.01311442,10.37001162,10.05475468,11.67993828,11.6613315,11.78364621,12.13834563,10.88965225,11.02876908,12.82484937,12.77904795,13.07425807,12.26864681,11.8652936,11.98712646,13.64936289,13.73719465,
0.0,0.0,0.0,0.0,0.0,0.0,0.0,0.0,0.0,0.0,0.0,0.0,0.0,0.0,0.0,0.0,0.0,0.0,0.0,0.0,0.0,0.0,0.0,0.0,0.0,0.0,0.0,0.0,0.0,0.0,2.3518946700901866,2.4490037794359325,2.555367386902342,2.6718674461603134,2.7305658557955828,2.8602101056813383,3.0132925574521767,3.17229052285679,3.3082379564295823,3.301714093794969,3.436267293935225,3.6154276731926873,3.753018234444992,3.854603583420926,4.023772111384909,4.229423852279293,4.2017133564443245,4.288797340724897,4.40354354235144,4.814751960352475,5.273597822174493,5.7761716946281405,6.3266408571266215,6.929569730811205,7.589957726157929,8.313280697461192,9.105536347929648,9.973293961887741,10.92374887645603,11.964782144382603,6.575955115911354,6.565873952565688,6.690321410099365,5.931745879841483,5.637269550206304,7.00465042032065,6.651922240549911,6.628657727145404,5.973036608572727,5.667356558207454,5.7580971550673175,7.241418026809984,6.879673225557815,7.107205236582025,6.216558468618193,5.672320396723969,7.5922055935590995,7.27392155927871,7.319681857652342,7.267046069651476,5.4503387578297104,5.2042986353762615,6.623361992877972,5.74141377919363,5.4233927138471625,3.801941892544207,2.5791945520760797,1.961336778118384,2.610189873550488,1.7019748556241947,8.927849786,9.014877732,9.245688797,8.603613326,8.367835406,9.864860526,9.665214798,9.80094825,9.281274565,8.969070652,9.194364449,10.8568457,10.63269146,10.96180882,10.24033058,9.901744249,11.79391895,11.5627189,11.7232254,12.08179803,10.72393658,10.98047033,12.95000285,12.67098351,13.01335044,12.11522259,11.6847309,11.93463074,13.53393875,13.666757,
0.0,0.0,0.0,0.0,0.0,0.0,0.0,0.0,0.0,0.0,0.0,0.0,0.0,0.0,0.0,0.0,0.0,0.0,0.0,0.0,0.0,0.0,0.0,0.0,0.0,0.0,0.0,0.0,0.0,0.0,2.261382040620179,2.354753907416693,2.4570241131189277,2.5690406694245977,2.6254800716862112,2.750134964649628,2.897326040666397,3.050204971867578,3.180920470592752,3.174647678709252,3.3040226010536613,3.476287995926974,3.6085833865886996,3.7062592250034796,3.8689173048235403,4.0666545416969075,4.040010483859286,4.123743042371434,4.234073238229098,4.62945630671648,5.070643492746971,5.553875817606159,6.08316018302443,6.662885348467058,7.29785832217637,7.993344220280174,8.755109924473263,9.589471900275946,10.503348572372616,11.50431769132003,6.8175414183813645,6.803178306584932,6.73920927488278,6.0195445115772,5.739816934315678,7.211351464352362,6.931439840335692,6.906271685134618,6.084142261409559,5.964582820293172,5.887552718948882,7.4869000640757,7.192835163414106,7.196914614999469,6.353526235179562,6.022944098306354,7.869429426144137,7.634635777632171,7.675184631774687,7.387715903287473,5.856745987257229,5.423263562398238,6.9936874069801656,6.22251172153777,5.645883397828713,4.100716409725237,3.1513019155324806,2.3415384397302423,3.259606337633618,2.3793131186866736,9.078923459,9.157932214,9.196233388,8.588585181,8.365297006,9.961486429,9.828765881,9.956476657,9.265062732,9.139230499,9.19157532,10.96318806,10.80141855,10.90317384,10.22244354,10.08959864,11.90943991,11.75837882,11.90925787,12.01717221,10.92738948,10.97713938,13.07684759,12.88539707,12.94374172,12.09406063,11.90641184,11.93101034,13.76295491,13.88363081,
0.0,0.0,0.0,0.0,0.0,0.0,0.0,0.0,0.0,0.0,0.0,0.0,0.0,0.0,0.0,0.0,0.0,0.0,0.0,0.0,0.0,0.0,0.0,0.0,0.0,0.0,0.0,0.0,0.0,0.0,2.156988335250171,2.2460498135421707,2.343598850715411,2.4504443111312733,2.504278263174779,2.6231786281835188,2.763574823217429,2.9093963011380835,3.0340774920744384,3.0280942753162257,3.1514967758040493,3.315809766990225,3.44199791624538,3.5351646790090396,3.690313864110838,3.878922823463625,3.853508753250296,3.933375909151925,4.038612857715283,4.415743590764182,4.8365639549644,5.297488499872891,5.802339153911162,6.355302075279278,6.960962363053776,7.624342076253178,8.350941876120476,9.146786636915122,10.018475403413488,10.973236109359082,7.460965989751376,7.4559785064594575,6.8501617662863,6.065504832870526,6.14785793682711,7.894873001818475,7.648741316784665,7.638620018864119,6.15262804592787,6.153676185686199,6.355250145198497,8.25991026301245,8.001160463757431,7.365077410993914,6.4456756458922655,6.257639406539634,8.721331826753126,8.523117520851674,8.578204392288495,7.598197329239775,6.141688745039788,6.056048020131498,8.005134176093426,7.295122564725539,5.979298916951291,4.367435743752165,3.6108902038851713,3.1933282930908917,4.5616091465926365,3.735256610647396,9.617954325,9.70202832,9.193760617,8.515949144,8.6521362,10.51805163,10.41231614,10.54801632,9.186705538,9.181770461,9.506746921,11.57572003,11.44315838,10.90024209,10.13598951,10.13656223,12.57484058,12.45649343,12.61681725,12.01394092,10.9782527,11.35353652,13.80747333,13.65042464,12.94026128,11.99177782,11.96183208,12.34011493,14.58008455,14.70849272,
4.748435999999972e-06,6.465863249999763e-06,7.749736454441599e-06,8.781398558264406e-06,9.86871097766046e-06,1.12185311099658e-05,1.2787560212062659e-05,1.3096531584505992e-05,1.3274900939274983e-05,1.3260240747232659e-05,1.34635129763833e-05,1.3749736139906275e-05,1.3999440327957408e-05,1.4225927994215966e-05,1.4584448310413033e-05,1.5037668324039356e-05,1.5206203639709218e-05,1.5601023902728336e-05,1.6108844005199584e-05,1.713036267304086e-05,1.695833294105699e-05,1.6760498749254694e-05,1.702223736404583e-05,1.6983548352862534e-05,1.6939055989997532e-05,1.6774413414909374e-05,1.6585074453593313e-05,1.6263629081169304e-05,1.601665272641061e-05,1.5732629918459744e-05,2.033158780740161,2.1171073694533575,2.2090562586709335,2.309767877030956,2.3605113004007,2.472585768862159,2.6049220230972083,2.74237210264087,2.85989552824437,2.8542557992341426,2.9705739421428805,3.1254539641440697,3.2443978357870806,3.332216030577689,3.478458327237034,3.65623952130636,3.6322844357993334,3.707566534761314,3.8067619835883826,4.162242191271755,4.558903872100322,4.993367411111844,5.469235325391166,5.9904534519013035,6.5613436658678586,7.186639717225422,7.871526482277353,8.621682956038729,9.443329341749553,10.343278628018558,7.966705041825387,7.951720844685021,7.040333944594323,5.999535484572286,6.662221421890213,8.362387602608724,8.220838469344674,8.204421910829746,6.103884026857001,6.593719226527536,6.943372380346688,8.799055246122466,8.631380124775403,7.633976183497265,6.411569798317756,6.774208901028575,9.321449658000446,9.243539584218377,9.287045477571382,7.924385648369529,6.737637209570911,6.846470758393783,8.754271742376053,8.201991674555154,6.457210495081212,4.514144368366493,4.437112422653799,4.246993320338112,5.7156920316038295,4.921285039357946,9.999868571,10.06883468,9.249397953,8.309312143,9.022742591,10.83498459,10.82577328,10.94680711,8.96379283,9.447988286,9.913959786,11.92452296,11.87579196,10.96620644,9.89004271,10.43046346,12.9537493,12.95112172,13.09382357,12.08664497,11.29655804,11.83985493,14.22352409,14.19246211,13.0185711,11.70080086,12.30865549,12.86869254,15.15903739,15.2645794,
0.14649215584799916,0.1994758372884927,0.23908411116101924,0.2709115182684724,0.3044557716600381,0.3460985486056348,0.3945040563884965,0.40403601226713515,0.4095388159939467,0.4090865400998574,0.4153576127377336,0.42418777245308303,0.4318912994316261,0.438878582508243,0.449939153617344,0.4639212683325007,0.4691206859363183,0.4813011326143709,0.4969676934765085,0.5284821693778464,0.5231749468927438,0.5170716410342328,0.5251464374407595,0.5239528577745561,0.5225802411582923,0.5175009169831258,0.511659694182774,0.5017429077727317,0.49412353612023774,0.4853612587205371,1.9161808811701517,1.9952994833261932,2.081958088267717,2.176875258260179,2.2246991560429326,2.3303254139463974,2.4550476946915145,2.5845895765316524,2.6953512855355446,2.690036038636606,2.799661810950267,2.9456308025731692,3.0577312321774537,3.1404968024175606,3.278325040689751,3.445877584216738,3.4233007558400335,3.494251495197828,3.5877397285527874,3.9227673634083877,4.296607093141555,4.7060737491182865,5.1545625774096,5.645792391037075,6.183836405903247,6.773156015386163,7.418637783652793,8.125633964435227,8.90000688124622,9.748177537029243,8.465349092983402,8.412042029386948,7.385818291572979,5.94543251247315,7.178955647298923,8.545064237449964,8.547996118922088,8.543074681203416,5.949418797472822,7.058322491265966,7.452005246314549,8.980073814976429,9.02069868839373,7.929204585077146,6.261647823696006,7.3038962074540175,9.52341166822707,9.659596192191396,9.708725427974477,8.233184317217725,7.325043319969874,7.516065519851854,9.05119405515422,8.772306651193176,6.956035122943518,4.528298207636043,5.302624512170008,5.218822207797902,6.565547452639655,5.846634404256645,10.52802213,10.60681735,9.706860491,8.393219289,9.708110575,11.2214882,11.39754787,11.53170027,9.054308899,10.15744507,10.66702467,12.34989239,12.51032122,11.50857997,9.989912018,11.21369506,13.41583311,13.63514882,13.79343285,12.68443385,12.14482536,12.73921091,14.73090307,14.9420519,13.66245177,11.81895514,13.23292199,13.84619908,15.95967787,16.0801732,
1.395127799087992,1.8997214167309306,2.276933449918489,2.5800438804494696,2.8995048108680472,3.296092569521174,3.7570856455389223,3.847863861949139,3.9002701795963834,3.89596290000828,3.9556858777783597,4.039780491704674,4.113145543755251,4.179689399321143,4.2850254846478375,4.418185085011646,4.467702084718307,4.583703379582808,4.732904914971165,5.033035124326983,4.982491437656182,4.924366197978636,5.001267059144269,4.989899923729358,4.976827718000972,4.928454436057417,4.872825161832707,4.778381986236169,4.705818393035949,4.622370260862054,1.7998007576701427,1.8741140552849735,1.9555094101625083,2.0446617423598825,2.0895810338056764,2.188792032554618,2.305939248451235,2.4276133447628108,2.531647890637367,2.5266554676934168,2.6296230685129247,2.7667265665703806,2.872018525236481,2.9497572906583445,3.0792144677486117,3.2365906307991885,3.2153850164349707,3.282026530139791,3.3698367128208475,3.6845162908183706,4.035650693333688,4.420248204408709,4.84149785828918,5.302892604184457,5.808258269363555,6.361785282434217,6.968063419850507,7.632119863762564,8.359460886779432,9.156117509289754,7.8056520232434154,7.265813387985728,6.04068206992072,4.204329886192451,5.382816315328173,6.22617484792621,5.846110766011944,5.726796193290258,3.0925339947685613,4.536224692300731,4.811073013711268,6.0821866117276295,6.035664791011084,5.050503760023471,3.144396237606658,4.44365292419243,6.318052158850156,6.381443150281003,6.25355868221177,4.706848134858614,4.084880749014307,4.265639437617035,5.530818192571142,5.319944972091002,3.6743856426405377,1.1424122815137319,2.436079128322383,2.382430410007167,3.6107611301907534,2.9578677098546393,11.00058058,11.03964886,10.27312493,8.829035509,10.37190216,11.71105945,11.90913566,12.0022734,9.524452065,10.95884306,11.39638196,12.88869367,13.02082886,12.17995045,10.50863619,12.09842864,14.00113926,14.24717306,14.35630031,13.42439955,13.10302288,13.61025384,15.37358311,15.6127375,14.45947163,12.432652,14.27696771,14.79293226,16.67604041,16.73635548,
2.754766376783984,3.751117773932863,4.495946331304237,5.09445667782956,5.725252100577579,6.508339229725129,7.418598652965122,7.597845872090683,7.70132539696293,7.6928204062427445,7.810747130367934,7.97679716181615,8.121661007803631,8.253055978224493,8.461048612526323,8.723980503115852,8.821754890494773,9.050806642574424,9.345414328924791,9.938040043881532,9.83823839940821,9.723466508251796,9.875312028657385,9.852866914695912,9.827055033637775,9.73153898792504,9.621695535375887,9.435211627005538,9.291930311231264,9.127156798103398,1.5195888441601204,1.5823322659233332,1.6510551357805892,1.7263272951352504,1.764253078796419,1.84801786568985,1.9469263707798021,2.049656963924835,2.1374943173899426,2.133279167363683,2.2202156890027815,2.3359734723327197,2.4248724713396412,2.4905080480502355,2.5998099700904778,2.73268415668542,2.7147800554208215,2.7710461172902923,2.8451850870829984,3.1108720383592403,3.4073381436151515,3.732057468701946,4.0877225454695125,4.477282504053026,4.903967526689549,5.371315631983329,5.883202011711601,6.443871163427973,7.057972085302909,7.73059682503248,6.880924799057444,5.873707060145437,4.478493252916891,2.412759121036995,3.2974253706279018,3.5183222145870228,2.7110869362571774,2.5368850239866894,0.12200086364944866,1.5403037663960026,1.82144177063184,2.755996095853815,2.671864710859548,1.8541606337282346,3.124343701999954e-12,1.0917055402020024,2.6602197840878405,2.6256760601388964,2.3835337839959996,0.8359464777632107,0.34474883698083986,0.6993398730506539,1.6253389758777037,1.502147571255889,0.2244111996778107,5.273975039677422e-12,5.580350446348328e-12,5.839440473193059e-12,0.5606505534720164,0.1325481168708084,11.15528002,11.2071571,10.62549472,9.233543094,10.78693055,11.87467931,12.07661196,12.18438786,9.960820578,11.36640334,11.85240459,13.06876673,13.21839819,12.59772466,10.99009569,12.5483702,14.19675473,14.44752882,14.5741332,13.88485856,13.59032538,14.15486385,15.58837355,15.83229699,14.95543376,13.00226145,14.80792932,15.38486677,16.91055295,16.99030174,
3.9358222583159774,5.359341159610554,6.4235013872934505,7.278612137714625,8.179849602429831,9.298671067318566,10.599187629820069,10.855283827567055,11.003128312930501,10.990976962432912,11.159462620445067,11.396703576801928,11.603675156776129,11.791403326239607,12.088569012066879,12.464228159109139,12.603921533248698,12.93117504982233,13.352090412802193,14.198793603110538,14.056203822341828,13.892225574440534,14.109172094506455,14.07710404697092,14.040225792301563,13.903758982661833,13.74682215160542,13.480386665980452,13.27567609720854,13.040258943138772,1.4651950777801162,1.5256925953052278,1.5919555262504914,1.664533314514847,1.7011015426608038,1.7818679643933808,1.877236034095475,1.9762893800001875,2.060982590559679,2.0569183220607914,2.140742946119107,2.252357173218481,2.3380740276591387,2.401360175285982,2.506749629006132,2.6348675767728187,2.6176043537991958,2.671856368884753,2.743341530169943,2.999518202390456,3.2853722870785327,3.5984682660373775,3.9414022917910008,4.317017930198943,4.7284297389471615,5.179049093069083,5.672612471638818,6.213212440186244,6.805331585736235,7.453879685857094,5.749428333905453,4.38203504508585,2.640947436457775,0.5133151337723348,1.0430530049112663,0.709109478290055,2.1188165193007256e-12,2.2089139740017945e-12,2.2929694758711038e-12,2.414367877711004e-12,2.5423992065623103e-12,2.680600402283686e-12,2.8157702576971345e-12,2.946357604392258e-12,3.085893387805506e-12,3.245849082178638e-12,3.4216290586711333e-12,3.5945738754779786e-12,3.7753225790855605e-12,3.950971460116813e-12,4.148028974989587e-12,4.355075752604255e-12,4.586997412517922e-12,4.81637154250087e-12,5.031594007886852e-12,5.261460669914915e-12,5.529865343887694e-12,5.7984357651730625e-12,6.09603676525565e-12,6.381146891613299e-12,11.15044567,11.2670688,10.65640435,9.456460586,10.92400415,11.78964851,12.07137833,12.24952368,10.2012961,11.5104903,12.00301757,12.97518545,13.28906168,12.63437152,11.25542012,12.70744045,14.0950963,14.44126771,14.65204423,13.9252497,13.76260405,14.33473504,15.47675017,15.82543575,14.99893922,13.31616387,14.99564302,15.58036808,16.90322444,17.08112923,
4.724093221643972,6.432716109346514,7.710007559111034,8.736380864278528,9.818119194599973,11.16101949639666,12.7220049968389,13.029392432668633,13.206847379900355,13.192262343089256,13.39449250053036,13.679248345755271,13.92767242943008,14.152999010426017,14.509681378171571,14.960577966919004,15.128249289089847,15.521045512582452,16.02626228372541,17.042544153067603,16.871396328649997,16.674576330549016,16.93497314667485,16.896482474065362,16.852218200560255,16.688419662901122,16.500051344628258,16.180253856571753,15.934543621997276,15.651976852258148,1.3702417633201085,1.4268186835863796,1.4887873843540342,1.5566617023048543,1.590860092796395,1.6663923722929757,1.7555800265342245,1.8482141292646723,1.9274187184270275,1.9236178385858533,2.0020101307940235,2.1063910952618885,2.1865529901223124,2.245737820752051,2.344297414004051,2.464112560343987,2.447968096411031,2.498704259766925,2.565556759434782,2.805131666823047,3.072460714671532,3.365266220779973,3.6859760916205486,4.0372496131522295,4.42199950128588,4.843416053758665,5.3049936036821,5.810559494113236,6.364305813902453,6.97082415796754,5.027104535037463,3.4478827070687355,1.3945537565366481,1.8045898156586633e-12,1.9035635612066894e-12,1.995984889254612e-12,2.092746967486967e-12,2.195794323821212e-12,2.291270292986245e-12,2.4089183673470042e-12,2.5366083564697975e-12,2.6694694348812544e-12,2.804150420856503e-12,2.9409114384865e-12,3.08436059518221e-12,3.24281450627803e-12,3.4127358288525124e-12,3.5844061428595224e-12,3.767093627821546e-12,3.947444928156445e-12,4.145102864965657e-12,4.351244664367242e-12,4.573609589695227e-12,4.799486888598885e-12,5.023982438516884e-12,5.2591896353766235e-12,5.524175581609005e-12,5.794756346975593e-12,6.088999859155756e-12,6.376049773503939e-12,11.12143952,11.3074175,10.5933487,9.571676369,11.02427094,11.78836017,12.03997652,12.29339067,10.32558683,11.49813999,12.11318817,12.97376755,13.33665137,12.55961192,11.3925541,12.69380585,14.09355602,14.403701,14.70451492,13.84285177,13.7478373,14.46630749,15.47505891,15.78426835,14.9101881,13.47840557,14.97955328,15.72337367,16.85925333,17.14229876,
5.108343083087971,6.955942505980746,8.337126711363839,9.446983508875116,10.616708630320897,12.068838202305209,13.756791659161376,14.089181476207052,14.281070312798521,14.265298953425424,14.483978174492226,14.791895585109565,15.060526069304595,15.304180338486415,15.689874654971213,16.177446420016604,16.358755847806762,16.783501460816332,17.32981172127094,18.42875626240243,18.243687559472605,18.030858551080883,18.312435609810393,18.270814170104835,18.222949514438913,18.04582787699168,17.84213799396536,17.496328711748472,17.23063281661208,16.9250825372285,1.5301392232801214,1.593318267408839,1.662518274443033,1.7383130421475939,1.776502141374408,1.8608485002252986,1.960443718850232,2.0638875619701302,2.1523347628841156,2.148090347421356,2.2356304621087926,2.352191942112943,2.4417081594855534,2.507799438553215,2.617860234758993,2.751656955794238,2.733628547841768,2.790285260305045,2.864938970806651,3.132470564516255,3.4309950093149317,3.7579688337029173,4.116103263555078,4.508367904572148,4.938015365878145,5.4086082302466,5.9240485945893635,6.488610425653988,7.106974999219066,7.784269716644847,4.3898958336334495,2.578421616612043,0.5739215541948444,1.7958469535602465e-12,1.8917574664309563e-12,1.9885298159348547e-12,2.0856287100357437e-12,2.1881277339280748e-12,2.2873018782074025e-12,2.403999521387426e-12,2.5308218833925945e-12,2.662780242498299e-12,2.7965010230987523e-12,2.9357600125715713e-12,3.0803461948598473e-12,3.2379782831521946e-12,3.4055533085116017e-12,3.576148075970512e-12,3.756894492925544e-12,3.939729207769338e-12,4.137614257597867e-12,4.3425798242812e-12,4.560306052390067e-12,4.7821377305301975e-12,5.010493115753299e-12,5.2506422589025956e-12,5.511711030131688e-12,5.7831314127996545e-12,6.075063017926327e-12,6.361430833598844e-12,11.02837814,11.12768239,10.57356654,9.686892151,11.02173254,11.74326808,11.93922906,12.09798318,10.44987755,11.50911805,12.11039904,12.92414112,13.12466092,12.53615793,11.52968807,12.70592549,14.03964624,14.28317449,14.47078183,13.81700144,13.7609633,14.46297654,15.41586469,15.6521896,14.88234461,13.64064727,14.99385527,15.71975327,16.71817938,16.86981629,
5.16556075705197,7.033854823917492,8.430509436487892,9.552797549467577,10.735624561201027,12.204019187245304,13.910879121013828,14.24699197934145,14.44103012985151,14.425082118189422,14.646210727672425,14.957577068348293,15.22921643648308,15.475599835307765,15.865614247622355,16.358647220310353,16.541987463877206,16.971490579585307,17.523919967486417,18.63517359777583,18.448031972073796,18.232819102493785,18.517550057521973,18.475462423215106,18.42706164375762,18.24795609725444,18.041984718814206,17.69230208618961,17.42363017694175,17.114657481330244,1.7692679550301402,1.8423205612934803,1.922335080933727,2.0099749842956993,2.0541322403580775,2.1516601695607873,2.266820036131345,2.3864299866460876,2.4886996336875966,2.483791904932041,2.5850127071569053,2.7197903066227522,2.8232960350187346,2.899715997583122,3.0269769924451153,3.1816833403474396,3.1608374696023325,3.22634844028626,3.3126689630890462,3.6220101449286104,3.9671877117406282,4.345260700669825,4.7593640454439745,5.212931438975098,5.709723805109739,6.253860483737007,6.849853387837448,7.502644415698655,8.217646428515028,9.000788133152748,4.268794887919429,2.291855704790651,0.16137553258009443,1.7896953817331655e-12,1.8851911304730165e-12,1.9825974198810887e-12,2.0806410460700133e-12,2.182697231290765e-12,2.283754010445377e-12,2.400429773209833e-12,2.526019545516146e-12,2.6574935556680316e-12,2.7913507002789887e-12,2.930962925383152e-12,3.075832261400978e-12,3.2329176168589613e-12,3.39949310710392e-12,3.5701252029699026e-12,3.749567314151012e-12,3.932114761327872e-12,4.130201822597214e-12,4.335166603368001e-12,4.551748403198414e-12,4.773698184110646e-12,5.00205278885904e-12,5.242987974057415e-12,5.50245525087553e-12,5.77379620988097e-12,6.065024042192692e-12,6.353249509102052e-12,11.2036236,11.16803109,10.51422005,9.675621042,11.03569374,11.76130492,12.12894831,12.14185017,10.43771867,11.40619879,12.12573925,12.94399169,13.17225061,12.46579596,11.51627279,12.59230389,14.06121015,14.51014,14.52325252,13.73945045,13.63790711,14.48129676,15.43954238,15.90090932,14.79881414,13.6247758,14.85977406,15.73966544,16.98383812,16.93098582,
4.933992593243971,6.718532456671504,8.052576104175746,9.12455289379495,10.254354669335855,11.656922280019915,13.287264979875232,13.608310154151528,13.793649721809578,13.778416647392577,13.989632229331864,14.287040253539672,14.546502235199801,14.781840453463845,15.15437081601771,15.62530149515969,15.800422734914239,16.210671552293054,16.73833595048512,17.79977292488876,17.621020716071758,17.41545567591055,17.687422358570988,17.647221480930792,17.600990471640188,17.42991409069758,17.233176252650278,16.899169626748066,16.642542075047714,16.34742039061479,1.9487905981201543,2.029255646870639,2.117389014767056,2.213921492624013,2.262559261260749,2.369983075129085,2.496827889457761,2.6285743252319715,2.7412209857114824,2.7358152835227556,2.847306675852096,2.995759779255403,3.109767942787779,3.1939420240120304,3.334115834083804,3.50451979997512,3.481558757357355,3.5537169419780614,3.6487961654414285,3.989525326938083,4.369727090595636,4.786162082329747,5.242283328776119,5.741872930008828,6.289073420239015,6.888422117188135,7.5448887449564985,8.263916642351182,9.051467898367571,9.91407278908226,4.294251438637412,2.5143899464594783,0.15879714105890758,1.7869218106367628e-12,1.8805475106273704e-12,1.9798538907770312e-12,2.0774841895328975e-12,2.180243456664499e-12,2.2820654487010683e-12,2.3984979994259508e-12,2.523443888656035e-12,2.6550017414423275e-12,2.7891031405226683e-12,2.92794215072185e-12,3.073016087054082e-12,3.2296578706777795e-12,3.3965138021845155e-12,3.5666403457854106e-12,3.745934639602984e-12,3.928035046946402e-12,4.125823614840922e-12,4.330652537071322e-12,4.548102286040326e-12,4.769582268718706e-12,4.9979953371380855e-12,5.240549113415591e-12,5.499316065867905e-12,5.7695712818331916e-12,6.05807506885366e-12,6.3496559147616385e-12,11.17703463,11.26217805,10.32876226,9.539115387,10.64224175,11.7948019,12.10016332,12.24420647,10.29046119,11.10567454,11.69342422,12.98085704,13.28329323,12.2459148,11.35379884,12.26052879,14.10125741,14.47570385,14.64568414,13.49710361,13.27858304,13.96499981,15.48351522,15.86317254,14.53778144,13.43255465,14.46825691,15.17850428,16.94353128,17.07371474,
4.565278189175974,6.216460423899273,7.45081176356265,8.442680349594282,9.488052693896488,10.785807240725008,12.294315376453318,12.591369031108307,12.762858280398868,12.748763564795677,12.944195128832048,13.219378023930222,13.459450562226147,13.677202091969322,14.02189347665071,14.457631779347913,14.619666310451105,14.999257471710502,15.487489815546894,16.469606220639413,16.304212060685323,16.11400877671808,16.365651546963083,16.32845485758665,16.2856786647997,16.127386722556032,15.945350989009775,15.636304484489367,15.398854560846704,15.125787148678443,2.1537633609301703,2.242691680884826,2.340094869731173,2.4467805824745894,2.500534045852465,2.6192566395596515,2.759442924268035,2.9050463803691398,3.029541156927454,3.023566885845989,3.1467848837620584,3.3108522059437444,3.4368516877248174,3.529879154224107,3.6847963713873004,3.873123336145822,3.8477472632282894,3.9274950074842527,4.032574613306769,4.40914148752088,4.82933267128201,5.28956807485557,5.79366391238969,6.345800083240808,6.950554831174038,7.612942706585302,8.338456146523251,9.13311101728728,10.003496497235114,10.956829713421907,4.415692449895393,2.7394461752175223,0.4377084267078853,1.7845285219044535e-12,1.876400191582792e-12,1.9766787705881867e-12,2.0746846266089164e-12,2.1776040125332486e-12,2.2804851766804212e-12,2.3966710216660077e-12,2.5211462187381283e-12,2.653051064715408e-12,2.787024815226649e-12,2.925967442162123e-12,3.0713240365376188e-12,3.2272768553522137e-12,3.392980811242431e-12,3.5632533663027602e-12,3.742381854649996e-12,3.9256730193017025e-12,4.121661773958763e-12,4.327487107789135e-12,4.544586875039127e-12,4.766395365827444e-12,4.995795995655677e-12,5.238036536434173e-12,5.496013797112615e-12,5.765968341758596e-12,6.0538406864927884e-12,6.3452818347666415e-12,11.134734,11.19859828,10.22861506,9.403862077,10.20436776,11.65823729,12.05436902,12.17508274,10.14455469,10.73242068,11.21229943,12.83055985,13.20830341,12.12717897,11.19281548,11.8484611,13.9379878,14.42091907,14.56300305,13.36623631,12.83229927,13.39041126,15.30424132,15.80313674,14.39682378,13.24209701,13.98198904,14.55398622,16.87940676,16.97732638,
3.690527016971979,5.0253268680825665,6.023164629265198,6.824981662609281,7.670050619981842,8.719142924548139,9.938606405092845,10.178741724906155,10.31737198606474,10.305977953417738,10.463962951737305,10.6864181596973,10.880490492619924,11.056518736727698,11.335163939707925,11.6874105962745,11.818397754107844,12.12525560109579,12.51993793606495,13.313871400053825,13.18016835054259,13.026409843588473,13.229835440831756,13.199765994590535,13.165186131409856,13.03722444644523,12.89006850876336,12.64023828436707,12.448286047927487,12.227540976038782,2.370323032020188,2.4681930435595913,2.575390067198714,2.692802967190659,2.751961310491849,2.8826213929271747,3.036903328187747,3.197147128318665,3.334159783281341,3.327584802667959,3.4631922996279485,3.6437564969876672,3.782425154420534,3.8848064793394053,4.055300533867198,4.2625636669556854,4.234636044455565,4.322402378673418,4.438047678614422,4.852478136127667,5.314919302501064,5.8214311120298365,6.376213497006702,6.9838666432718615,7.649429134376089,8.378419730882547,9.17688313123606,10.051440093643256,11.00934233456785,12.058532659052483,4.78261391100937,3.381066088359461,1.4619119735377937,1.799380289941226e-12,1.8788212920420142e-12,1.9826774159611045e-12,2.0742954934622463e-12,2.1764942047052894e-12,2.280373549410168e-12,2.3969903994939796e-12,2.5207311772909076e-12,2.6534525500918554e-12,2.786934122936645e-12,2.9257263536019578e-12,3.0708926648843113e-12,3.2267463596138918e-12,3.3931159381600135e-12,3.5625445264818614e-12,3.741887489011651e-12,3.9252554579441755e-12,4.121214601628826e-12,4.3269012375783265e-12,4.544582484091321e-12,4.765513716669666e-12,4.994313604323676e-12,5.236160390878997e-12,5.493550953975141e-12,5.763213836322967e-12,6.049258935886334e-12,6.3415307065053764e-12,10.84346396,10.874586,10.06046667,9.334983076,9.94164337,11.47658059,11.73904253,11.82281754,10.07025045,10.47718091,10.92362456,12.63063622,12.82614374,11.92782005,11.11083321,11.56667952,13.72080842,14.04368674,14.14164746,13.1465085,12.52711992,13.04565814,15.0657732,15.38974741,14.16015412,13.14510468,13.64946763,14.17927538,16.43786361,16.48611648,
2.585639207651985,3.520820230180121,4.219920501313315,4.78168567719291,5.37375380711135,6.108763788790937,6.963138400627056,7.131380848168,7.228507311941397,7.220524479839133,7.331211166048807,7.48706665904549,7.623036679266868,7.746364737163768,7.941587792986555,8.188377143611643,8.280148733261372,8.495137995417947,8.771658426015202,9.327900253623039,9.234225869067922,9.126500326818187,9.269023385897109,9.247956275753724,9.223729099086539,9.134077201620356,9.030977519553478,8.855942674805057,8.721458026338267,8.566800680613238,2.608150001070207,2.7158398253063925,2.833792489792302,2.962986043203734,3.0280800540452892,3.1718499493464734,3.341611802131587,3.5179337050271364,3.6686935598486845,3.6614588768699625,3.8106725868004125,4.009353739189848,4.1619357519139495,4.274589533314007,4.462190152508994,4.690249085187816,4.659519337524899,4.7560917293854,4.883340330141655,5.339352773848733,5.848193093196991,6.405525894979128,7.015972512771104,7.684594693238652,8.416936567504758,9.219070622388418,10.097648052702482,11.059953912125469,12.113967519951457,13.268428624603178,5.388619441279345,4.294350644515103,2.844787210896087,1.656685665605154,1.322776313845251,1.9988500118645804,1.1516760572434512,0.799968946807067,2.2833105219944883e-12,2.4024711090735164e-12,2.5250768380508835e-12,0.9172774117673516,0.635937848822014,2.933008708483842e-12,3.0728348484375943e-12,3.2283838359372072e-12,0.5454776092172087,0.45435666520032614,0.03985278384797168,3.926681130483013e-12,4.122299255274538e-12,4.3274966089113544e-12,4.547255637445413e-12,4.766459048469599e-12,4.9935863606300216e-12,5.235139122464009e-12,5.491953739822332e-12,5.7604975722841004e-12,6.0442828574891355e-12,6.337815182250877e-12,10.58240865,10.5310107,9.898500202,9.401357386,9.724610175,11.27946375,11.45642626,11.4492835,10.14185272,10.41268484,10.68515401,12.41369781,12.42091028,11.7357905,11.18983431,11.49547665,13.48514568,13.70558639,13.69485154,12.93485893,12.45000471,12.76086208,14.80700992,15.01924078,13.93218556,13.23857001,13.5654434,13.86973164,16.04212369,15.96524862,
1.228759320527993,1.6731803342609388,2.005409970784218,2.272374593600615,2.553739925187427,2.9030347390180276,3.309054559729772,3.3890075071141474,3.435164390595143,3.4313707525187875,3.4839717870854012,3.558038149131739,3.622654445622354,3.6812629708082967,3.77403776657806,3.8913181334174087,3.9349302490629543,4.037098432043216,4.168507739036724,4.432847530960489,4.3883311603948725,4.33713733423902,4.404867795904017,4.3948561872199186,4.3833428372321155,4.340738051425735,4.291742547757537,4.2085616862261634,4.1446512749118325,4.07115430190595,2.771296889160219,2.885723005287548,3.011053930281828,3.1483288924280783,3.2174947109868812,3.370257804919199,3.5506387240873503,3.737990042372243,3.8981803368360453,3.8904931047271694,4.0490405387246895,4.260149738473814,4.422276171781177,4.541976754116553,4.741312303132625,4.9836369433637016,4.950984966265768,5.053598224334494,5.188806571738248,5.673343836138386,6.214013503722877,6.806208990628161,7.454840707435518,8.165287026854614,8.94343888051435,9.795748605827853,10.729283447963724,11.751784160555134,12.871729191056495,14.09840498296455,6.592021160313328,5.947653600453132,4.82516257993566,4.145963500973104,4.171677933827586,5.124698976064766,4.607200246184973,4.295699900515813,2.9868381525711247,3.3886007127564732,3.3920068041924614,4.725956542397128,4.347137422599288,3.445120555078116,2.8712416802924396,2.9492667532221857,4.740936164674724,4.627411963625929,4.3057368092288515,2.754347862905157,2.20370261588651,1.9039772851372971,3.1028976366651078,2.472820035930375,0.5253538122588748,5.242261616442315e-12,5.4978466873836876e-12,5.763787168999183e-12,6.046739869422117e-12,6.340105794743845e-12,10.59207737,10.50655694,9.841626481,9.566666987,9.94291257,11.39799152,11.46689353,11.42269745,10.32018288,10.71046457,10.92501913,12.54414443,12.39206804,11.66836028,11.38659175,11.82422183,13.62685138,13.71810862,13.66305112,12.86053923,12.80604728,13.04732361,14.96260614,15.03296325,13.85213553,13.47135158,13.95338505,14.18108558,16.05678072,15.92817617,
0.09483457839599944,0.12913460669574525,0.1547758018297142,0.17537989982390986,0.19709543202823138,0.2240537027425486,0.25538996027837935,0.261560659397436,0.2651230076228904,0.2648302179271805,0.2688899201430503,0.2746062977123954,0.2795933274201865,0.2841166825504914,0.2912769608048365,0.3003285577754773,0.303694503027006,0.3115797547573897,0.32172181107211606,0.3421233268950883,0.33868759203327964,0.3347364969417834,0.33996387521616056,0.3391911879431035,0.33830259757900377,0.335014397170592,0.33123296670162383,0.3248131399689531,0.31988058986670437,0.3142081572495503,2.7773738805902197,2.8920509140876054,3.017656668877308,3.155232652098485,3.2245501397506553,3.3776482176452753,3.558424682055876,3.7461868305048225,3.9067283955417755,3.8990243066162122,4.057919408668144,4.269491535649168,4.431973485158942,4.551936550888234,4.751709209485673,4.994565227198434,4.961841649765735,5.064679921578867,5.200184758316424,5.685784532047407,6.227639797952029,6.821133870697352,7.471187928575304,8.183192138169023,8.963050348937022,9.817229047191208,10.752810975389007,11.777553861344048,12.899954744330593,14.12932043146567,8.38459307101533,8.124837179218275,7.360333359294687,7.035050838079403,7.379246178223003,8.587333659614165,8.372703647667837,8.11017523009994,7.01026061683764,7.247833285459032,7.540935471191352,8.87063602664111,8.43472578742368,7.651730846564227,7.294599889712597,7.30346991502936,9.307046737210683,9.202752613667352,8.972725570615257,7.735777271061465,7.078142720018906,7.017313692365271,8.189889976213143,7.453999573892708,5.523564463489049,4.444219055643678,3.782881117915195,3.302411938693007,3.844616475809015,2.454092031291445,11.25680153,11.1460227,10.53276583,10.36566339,10.80089175,12.18903558,12.18651829,12.11792272,11.18211202,11.41168781,11.8677448,13.41473386,13.1462926,12.48778408,12.33758606,12.5983637,14.57258289,14.57901229,14.49463214,13.76368513,13.64447011,14.17318406,16.00104178,15.9763829,14.82491741,14.5964625,14.86692506,15.40477894,17.06445181,16.89762062,
1.1579879999999932e-05,1.576812249999942e-05,1.889906869842179e-05,2.1414954637037296e-05,2.4066553466444706e-05,2.7358322620262917e-05,3.118467064702149e-05,3.193815061733784e-05,3.2373135046716766e-05,3.2337383640437505e-05,3.283309802321468e-05,3.35311025634078e-05,3.4140049284629175e-05,3.4692378514033165e-05,3.556669212784708e-05,3.667194728373234e-05,3.7082949712999386e-05,3.8045787006653524e-05,3.928419389435396e-05,4.1775343315207865e-05,4.13558191491866e-05,4.0873366358211305e-05,4.1511661104238745e-05,4.1417311278986555e-05,4.130880897993626e-05,4.0907299669836715e-05,4.044556396330836e-05,3.9661663993039146e-05,3.9059369563685325e-05,3.836673096998119e-05,2.6605286466002105,2.7703811712671773,2.8907026415349213,3.0224907479191967,3.088892021041908,3.2355492013461697,3.4087203273356232,3.588583246831887,3.7423707637865995,3.7349907889745437,3.887201110302903,4.089872312977111,4.245518581651004,4.360434753052076,4.5518028957138865,4.784441863279441,4.75309497988453,4.851606804323359,4.981410898187935,5.446581294519058,5.965640491887208,6.534166030764532,7.1568720534968655,7.838921960195588,8.5859712230027,9.404214280555323,10.300435901492701,11.282067442905406,12.35724847021473,13.534894249426548,8.680862563521337,8.409861030611948,7.57775225939809,7.427058377127962,7.760205262406515,9.0565266503332,8.86935538799582,8.56652801501969,7.530224953080661,7.812518113644239,8.033504306601618,9.438259865922998,8.941119008302518,8.051089164572357,7.885616907597085,7.963865684776534,9.942673177169176,9.836936999893233,9.557702547621952,8.23304849014158,7.841222432297822,7.7022651658734995,8.979429284846615,8.257491112497947,6.148413538193436,5.310361592150349,4.743435912949073,4.191459335436591,4.835413330421825,3.4145894338490024,11.34140279,11.18025797,10.4684738,10.44957054,10.84912135,12.29210321,12.2781069,12.1551432,11.27262809,11.54754124,11.92073825,13.52816571,13.18667173,12.41155861,12.43745537,12.74834422,14.69580524,14.68858185,14.53915273,13.67967156,13.80690428,14.23647207,16.13634285,16.09645449,14.73442607,14.71461678,15.04391226,15.47356644,17.19270086,16.94952205,
3.693227999999979e-06,5.029004749999816e-06,6.027572797899021e-06,6.829976656427873e-06,7.675664093735915e-06,8.725524196640068e-06,9.945880164937624e-06,1.018619123239355e-05,1.0324922952769432e-05,1.0313520581180957e-05,1.0471621203853679e-05,1.0694239219927104e-05,1.0888453588411319e-05,1.1064610662167976e-05,1.1343459796987917e-05,1.169596425203061e-05,1.1827047275329393e-05,1.2134129702122041e-05,1.2529100892933012e-05,1.3323615412365115e-05,1.3189814509710994e-05,1.3035943471642542e-05,1.3239517949813423e-05,1.3209426496670862e-05,1.317482132555364e-05,1.3046765989373959e-05,1.2899502352794799e-05,1.2649489285353905e-05,1.2457396564986032e-05,1.2236489936579802e-05,2.1084943311901667,2.19555350487101,2.2909094178036504,2.3953527492387834,2.447976391589696,2.5642036059423843,2.7014433751668827,2.8439864545784883,2.9658645287428778,2.9600158283068083,3.0806439598924578,3.2412628212905976,3.3646139739230545,3.455686135942759,3.6073472144612824,3.7917158153980624,3.7668731112899487,3.8449446718611533,3.947815654448946,4.316467630797705,4.727826996013109,5.178388908733534,5.671889371736215,6.21242042886305,6.804464095734072,7.4529295240578985,8.163193707700978,8.941146068045237,9.793237288330296,10.726532801908455,8.892082555583386,8.670468646125872,7.925335764625267,7.604618937786365,8.045761292748105,9.246049708535416,9.20768233895505,8.969515779232484,7.821749226336483,8.20191092817504,8.449605728488887,9.756598304472861,9.45142409762617,8.65682302944953,8.294976192082022,8.530914428640944,10.352855831666197,10.402216254012737,10.182689136453934,9.033598895590838,8.61801357417655,8.591737395327364,9.831907768750415,9.400303861715262,7.574944329449656,6.628578879181426,6.378348032802242,6.025552482471333,6.882790664279242,5.746596081608023,11.00058058,10.86602718,10.21625121,9.999978517,10.49374536,11.81026204,11.90913566,11.81351242,10.78762408,11.16193707,11.53026016,12.99787182,12.81604896,12.11252023,11.90233475,12.32264194,14.11974077,14.24717306,14.13051732,13.35007985,13.34585376,13.77013934,15.50381038,15.6127375,14.3794216,14.08152145,14.54155464,14.9667112,16.67604041,16.47314112,
0.0,0.0,0.0,0.0,0.0,0.0,0.0,0.0,0.0,0.0,0.0,0.0,0.0,0.0,0.0,0.0,0.0,0.0,0.0,0.0,0.0,0.0,0.0,0.0,0.0,0.0,0.0,0.0,0.0,0.0,2.067838090500164,2.153218578747955,2.246735827525774,2.34916527011213,2.4007742170769775,2.514760324336537,2.649353819863595,2.789148366514393,2.908676373028724,2.9029404479362424,3.021242613414616,3.1787644026547905,3.2997370835614146,3.3890531812254028,3.5377899126302808,3.718603496081605,3.6942398119749535,3.770805987347501,3.871693399305656,4.233236984012299,4.636664468589046,5.078538592445951,5.562523320306418,6.092631792731986,6.673259602579711,7.309221242705919,8.005790027136149,8.768741816722573,9.604402911856575,10.519702509356783,8.323613439501388,8.348447611253675,7.54914440047594,7.137351606889674,7.533253952924919,8.633292195665462,8.600343870138504,8.628231873487811,7.325043396973591,7.61129139206619,7.894014556587936,9.09030779734789,9.086562506441398,8.225069748777551,7.753404287372822,7.888979803921656,9.633797368028471,9.687466252656096,9.78499763069812,8.56752335599166,7.934755681415123,7.957126697558423,9.071977739698163,8.655590257272824,7.114487867425343,6.049266547299401,5.69194684286943,5.399672373283298,6.148244358149536,5.401059180649638,10.39145153,10.50166619,9.795880228,9.486516877,9.93402817,11.14805252,11.24969769,11.41738024,10.23371977,10.51423184,10.91525717,12.2690722,12.38629959,11.61412293,11.2911942,11.6075833,13.32803718,13.45827224,13.65669103,12.80076034,12.57142015,13.03566529,14.63450106,14.74822205,13.78774747,13.35848779,13.69773687,14.16841419,15.75264727,15.92076169,
0.0,0.0,0.0,0.0,0.0,0.0,0.0,0.0,0.0,0.0,0.0,0.0,0.0,0.0,0.0,0.0,0.0,0.0,0.0,0.0,0.0,0.0,0.0,0.0,0.0,0.0,0.0,0.0,0.0,0.0,2.8128024726602225,2.9289423433607555,3.0561503437390654,3.195481266553444,3.265682978332049,3.420733997955666,3.6038164736880476,3.7939737438777414,3.956563200866773,3.948760837443231,4.109682828921848,4.323953801251918,4.488508394545141,4.610001726886678,4.812322715069001,5.058276640068721,5.0251356358415835,5.129285727862543,5.266519084342377,5.758313240620497,6.307080492452141,6.9081452633833305,7.5664915069842635,8.287578147600362,9.077384345067175,9.94245907315257,10.889975422824492,11.927790080620142,13.064508475303704,14.309556133000523,7.396152057341321,7.194913296640866,7.900695616262646,7.603493653448354,7.638013971669842,7.9283004020463235,7.448311506314043,7.212651986124457,7.6929900091355385,8.212179202559193,7.8710217010807,8.166310498750757,7.4521786054576715,8.380577273116277,8.041006344934107,8.36725235993455,8.543185124161848,8.09262933214108,7.89885543566141,8.559538349383464,8.233238657552045,7.399942196621074,7.331846623020342,6.201632322404517,6.344427854937949,5.264173296852868,4.953060877181264,3.6236148493859193,2.4114872747026928,1.0384362670066614,10.20895453,10.12385564,10.95684596,10.79897492,10.90369695,11.3490344,11.05212798,11.00662573,11.64955321,12.16094004,11.98070453,12.4902643,11.940687,12.990579,12.85332906,13.425529,13.56832076,13.22191506,13.16537452,14.31785159,14.54031915,14.30808746,14.89833813,14.48921047,15.4218122,15.20663237,15.8430363,15.55140493,15.47599575,15.3479924,
0.0,0.0,0.0,0.0,0.0,0.0,0.0,0.0,0.0,0.0,0.0,0.0,0.0,0.0,0.0,0.0,0.0,0.0,0.0,0.0,0.0,0.0,0.0,0.0,0.0,0.0,0.0,0.0,0.0,0.0,2.715229330260215,2.827340431698659,2.950135721104202,3.0846334015901093,3.1523998902463384,3.3020723540118557,3.4788038923253413,3.6623648079601177,3.8193142086729877,3.811782500983284,3.967122278800454,4.17396041775578,4.332806786273166,4.450085643431169,4.645388330548165,4.882810374059193,4.85081899621221,4.951356231710712,5.083829108219418,5.55856344543508,6.088294541785537,6.668509011618181,7.304017920425878,8.000090828242945,8.76249948417498,9.59756568501733,10.512213694799948,11.514027659914841,12.611314495905173,13.813172767365298,7.029626879741326,6.878355951302961,7.473828208897504,7.2785252984116875,7.271539469755551,7.6115013059901315,7.0708951576767465,6.889639422042079,7.36009584132932,7.604022079019138,7.48643683120209,7.837054332246892,7.11467792372964,7.90870148657178,7.689216559454937,7.720098195944075,8.196887343791216,7.669491538292908,7.537758201784362,8.06294487456887,7.5610978082186575,7.0100292583862185,7.022673229578724,5.830441201761937,5.909278745830136,4.995369824988139,4.360074615205688,3.353122690091166,2.161143624101403,0.9008808226414868,9.74485621,9.705696383,10.42396393,10.3631587,10.42393936,10.91357366,10.54969905,10.55200423,11.17941005,11.41580458,11.45355911,12.01101475,11.44748471,12.35878713,12.33460489,12.60290857,13.04770634,12.62084777,12.62158731,13.62150832,13.64939235,13.67853827,14.32669115,13.83053203,14.67177823,14.59293551,14.87228831,14.86715035,14.77245812,14.71405359,
0.0,0.0,0.0,0.0,0.0,0.0,0.0,0.0,0.0,0.0,0.0,0.0,0.0,0.0,0.0,0.0,0.0,0.0,0.0,0.0,0.0,0.0,0.0,0.0,0.0,0.0,0.0,0.0,0.0,0.0,2.633291251110209,2.742019150915965,2.861108819573225,2.991547733653537,3.0572692179157173,3.202424982466948,3.3738232538577293,3.5518448109320677,3.7040579146865786,3.6967534930142794,3.8474055478210665,4.04800188627281,4.202054712612666,4.315794419624735,4.505203414132839,4.735460719853081,4.704434752927721,4.801938053919111,4.930413266981998,5.390821440560397,5.904566723846282,6.4672719326293,7.083602947809342,7.758670308736039,8.49807158915905,9.307937811606369,10.194984285052907,11.166566287418894,12.230740054610349,13.396329581815067,6.804583255891331,6.758265669085653,7.273540960428482,7.009683126348259,7.056985352086169,7.407099167535038,6.84353999614436,6.776836579070128,7.08491714531573,7.367753336988143,7.265879802181475,7.62838891372986,7.0031551873901385,7.699978100378213,7.39862191587026,7.479619430150182,7.979765667075702,7.4213287460845025,7.424050503021782,7.852625799443555,7.32479384615791,6.804890677375094,6.8439500721952555,5.636173371268834,5.7664956208460545,4.775347138399114,4.219640144952732,3.2588959225871044,2.0763572353962507,1.006315468192005,9.437874507,9.50028482,10.13464978,10.00123086,10.11425457,10.60952415,10.21736325,10.32868139,10.78897506,11.06450683,11.11328535,11.6763908,11.2052099,12.01577252,11.90382533,12.21508015,12.68420042,12.2232668,12.35446377,13.24344724,13.22936057,13.27216261,13.92755302,13.39484368,14.26456721,14.08328495,14.41462443,14.42546221,14.30709729,14.40264505,
0.0,0.0,0.0,0.0,0.0,0.0,0.0,0.0,0.0,0.0,0.0,0.0,0.0,0.0,0.0,0.0,0.0,0.0,0.0,0.0,0.0,0.0,0.0,0.0,0.0,0.0,0.0,0.0,0.0,0.0,2.547334644660202,2.65251341890311,2.767715730331382,2.893896822038783,2.9574730078059135,3.0978905585639605,3.2636940011434827,3.435904530320848,3.583149052703874,3.576083063942771,3.7218174935607564,3.9158659119856742,4.064890104230983,4.174917088911538,4.358143343704786,4.580884528068649,4.550871319161457,4.645191890985552,4.769473381336159,5.2148527865753325,5.711828257136425,6.256165490041979,6.852378061243433,7.505409690480383,8.220675233983616,9.004105583782701,9.862196845917628,10.802064205334009,11.83150092410276,12.959042962170093,6.761220797341339,6.72305723709851,7.216095052670324,7.019669857963014,6.951171163195975,7.278443081438026,6.813669528858605,6.7571879896813485,7.111256977298434,7.338847776059653,7.165548386441788,7.503885328016996,6.993224375771823,7.66201875109141,7.441340916298315,7.469065551934613,7.854538530841966,7.410590019018063,7.422808238667623,7.83148568342862,7.33869065286776,6.746190319962413,6.76905630876116,5.70589598952448,5.831585376021489,4.955734596222672,4.3575628840880425,3.330146044672019,2.279558535903603,1.2545326078368142,9.308555442,9.375570656,9.983810783,9.91356668,9.908644171,10.37633364,10.07736353,10.19309252,10.69440603,10.91493084,10.88736588,11.41975124,11.05811448,11.83693584,11.79948426,12.04995008,12.40540985,12.05578191,12.19228162,13.04633847,13.05051891,13.00235581,13.62143437,13.21130568,14.05226061,13.95984018,14.21975973,14.13221025,14.11105946,14.21357557,
0.0,0.0,0.0,0.0,0.0,0.0,0.0,0.0,0.0,0.0,0.0,0.0,0.0,0.0,0.0,0.0,0.0,0.0,0.0,0.0,0.0,0.0,0.0,0.0,0.0,0.0,0.0,0.0,0.0,0.0,2.475883833300196,2.578112422425786,2.6900833960950585,2.812725203555027,2.874518125365944,3.0109970699609265,3.172149851299915,3.3395300053005235,3.482644430126624,3.4757766370093877,3.6174233260310906,3.806028832992197,3.9508730092861195,4.0578138202111385,4.235900717050425,4.45239417955354,4.423222818470477,4.514897769547844,4.635693258033248,5.068580107598953,5.551615791853582,6.0806847768176695,6.660174036048835,7.294888621684726,7.99009150733172,8.751547227980867,9.585569678807868,10.499074469198677,11.499636266113718,12.595551602274686,6.731150100701345,6.744882654575834,7.25910860090665,7.107103203446772,7.006203645635942,7.289324190041062,6.795307347702173,6.796402504701671,7.218516539875686,7.341723962993037,7.239262133971453,7.530066427010476,7.045230660716687,7.738077539791811,7.5710364829526755,7.4899941204497225,7.891310551532945,7.409400670455768,7.488217461970535,7.932520292405004,7.382409928150599,6.885030603186724,6.861475793955759,5.772331148320121,6.013442992673372,5.21711043202445,4.507259831197842,3.593311440807434,2.4575243438927905,1.5383182177320667,9.207033934,9.322995077,9.949191997,9.919828407,9.880721771,10.30032126,9.967457199,10.13593251,10.70116097,10.8175006,10.85668546,11.33609526,10.99610367,11.79589136,11.8069372,11.9423883,12.31453337,11.92429844,12.12391072,13.0011004,12.93402572,12.96571538,13.52164983,13.06721977,14.0035345,13.96865766,14.09282951,14.09238591,13.95716061,14.13386982,
0.0,0.0,0.0,0.0,0.0,0.0,0.0,0.0,0.0,0.0,0.0,0.0,0.0,0.0,0.0,0.0,0.0,0.0,0.0,0.0,0.0,0.0,0.0,0.0,0.0,0.0,0.0,0.0,0.0,0.0,2.433866721000193,2.5343604346636184,2.644431199239183,2.764991707678812,2.8257359695727517,2.9598987913090986,3.118316721190233,3.282856341789054,3.423542036002356,3.416790793116911,3.5560336598108053,3.7414384274400416,3.883824518286058,3.988950484749614,4.16401514886416,4.376834598069936,4.348158291051239,4.438277467716774,4.55702299023174,4.982563511538112,5.4574018141881355,5.977492207080698,6.547147214415922,7.1710903439501905,7.854495253729076,8.603028651409883,9.422897281889663,10.320899392854159,11.304481104993561,12.381798154299773,6.680105830001347,6.932911812338003,7.402435230762526,7.218706318322987,7.193328600429137,7.276005198692889,6.748393010811854,7.009933878213141,7.3465192239999535,7.533818726885513,7.452659340191738,7.523761922562629,7.282448361716748,7.922744945253336,7.718941971138939,7.712504311933325,7.889361118952183,7.365494452286837,7.754510209772045,8.146172888465845,7.63577657581604,7.16975984292369,6.889939455588669,5.764050666054657,6.286516476276005,5.455567338595443,4.843343938116032,3.96879801715179,2.5116055450129777,1.9707990857071236,9.113972551,9.467272247,10.04686643,9.983698026,10.01906457,10.23590399,9.866709732,10.29279022,10.77006126,10.95060952,11.008693,11.26520035,11.16627288,11.91169543,11.88295712,12.08933891,12.23751941,11.80377192,12.3115332,13.1287364,13.09317839,13.14725205,13.43708667,12.93514101,14.14101173,14.05859599,14.26624122,14.28969741,13.81608665,14.35259724,
2.7065399999999844e-05,3.685448749999865e-05,4.4172379502228454e-05,5.0052704625028004e-05,5.6250228516246505e-05,6.394400849114706e-05,7.288724796197331e-05,7.464834020028668e-05,7.56650197837463e-05,7.558145880457289e-05,7.674008117851954e-05,7.83715119085567e-05,7.97947897480978e-05,8.108573676356865e-05,8.312925083135857e-05,8.571253950931524e-05,8.667316648896308e-05,8.892358501555114e-05,9.181808632112318e-05,9.764059532252727e-05,9.666005067413436e-05,9.553242432836371e-05,9.70242966637533e-05,9.680377488283841e-05,9.655017483476228e-05,9.561173591470712e-05,9.453253115684501e-05,9.27003389186418e-05,9.129260933524087e-05,8.96737203144531e-05,2.3945244943201898,2.4933937778417556,2.601685304082941,2.720297012774925,2.780059374345268,2.912053521807367,3.067910705837554,3.229790626545832,3.36820220754471,3.3615600950917903,3.4985521711496244,3.6809599643214326,3.821044455899991,3.9244711141940085,4.0967059464036994,4.306085276666099,4.277872507671624,4.3665349533477436,4.483361014446144,4.902022888081998,5.369185669316646,5.880869063602949,6.441315885364737,7.055173289240421,7.727531303705457,8.463965036949007,9.270580904970657,10.154067265214765,11.121749875590128,12.181652638734187,6.5514270672813515,7.354097544672368,7.77401542353927,7.536362274522251,7.521980535428107,7.28771285418613,6.616857334916573,7.476338065116165,7.696298357437818,7.856563923451833,7.821051998771744,7.5444608641693325,7.7936454493130665,8.377065830072176,8.111115944348569,8.078584090797653,7.916432399165309,7.21957421307085,8.322576927471317,8.656377611326636,8.043842140636851,7.6376881639771055,6.9483183903431955,5.641443046989544,6.876281866124776,5.978977631320426,5.344176932503773,4.539211444452272,2.439579521807051,2.7473314575522907,8.945978627,9.847528177,10.3757449,10.25670934,10.30209616,10.19983032,9.684840928,10.70620334,11.06457623,11.2181996,11.31968091,11.2254992,11.6147697,12.30161803,12.20790502,12.38475508,12.19439158,11.58619809,12.80602976,13.55849814,13.41312447,13.51865276,13.3897313,12.69671314,14.60390972,14.44303828,14.61485237,14.69337141,13.56142069,14.92907377,
0.013245868427999923,0.01803667015474934,0.02161806317431858,0.024495907687625825,0.02752899000092867,0.03129434345077659,0.035671185224800284,0.03653306777884607,0.03703063308347634,0.03698973814987676,0.037556770579585334,0.03835519649604946,0.03905175191363241,0.039683544324402104,0.04068364476528649,0.041947912130252694,0.04241804516286268,0.04351940511731076,0.04493598065132398,0.04778552982308735,0.047305649038011495,0.046753786135116125,0.04748391185525857,0.047375987993224136,0.04725187555187279,0.04679260140618253,0.046264436138737264,0.04536775708274538,0.04467881101714384,0.04388652304176241,2.3662164026701875,2.4639168525690707,2.5709281553433314,2.688137635271993,2.747193485627869,2.8776271970065266,3.031641835904975,3.19160801063046,3.3283832885847744,3.321819699249289,3.4571922536636537,3.6374436201465596,3.7758720315155583,3.87807597885841,4.048274649221738,4.255178695023802,4.227299457656292,4.314913735045109,4.430358677323249,4.844071126253964,5.305711104586397,5.811345372853902,6.3651665868873,6.971766962618079,7.636176354156001,8.363903960707482,9.160984008163313,10.034025784141676,10.990268441370766,12.037641023833718,6.406982556903354,7.881548937277804,8.249315921484062,7.936059927042182,7.991900874373093,7.368209509544683,6.444817962872312,8.039027961592891,8.122020958334058,8.32732974260326,8.335342525759307,7.634774273360061,8.408417156573615,8.936493156820138,8.585500356016071,8.6042280428492,8.017090847184265,7.021148069841187,9.001723992029206,9.275739883926903,8.619603186379765,8.270117101015357,7.078556591262036,5.4511494793935436,7.576543690297184,6.584316197891664,6.01722651570353,5.276510078781498,2.2846323776185096,3.6297748231310414,8.786444828,10.36350246,10.84186214,10.64869347,10.76662335,10.27713105,9.512130984,11.26716904,11.48743488,11.68613918,11.83009155,11.31057309,12.22334094,12.85425268,12.67445865,12.90135465,12.28680835,11.37958121,13.47701865,14.16759654,13.97261994,14.12821626,13.49120709,12.47029243,15.25997192,14.99501276,15.22447496,15.35590362,13.31957963,15.71130237,
0.3283992848159981,0.44717563151698364,0.5359676131574911,0.607316810465232,0.6825147537251222,0.775867589496587,0.8843807999482176,0.9057490942116359,0.9180850230394073,0.9170711320273005,0.9311293302795302,0.9509243706251762,0.9681937782304493,0.9838575436510962,1.0086526162668212,1.039997069122284,1.051652881084838,1.0789584385370905,1.1140790042279296,1.184726686948149,1.1728292030291088,1.1591470965207713,1.177248798619344,1.1745730873740345,1.1714960194416375,1.1601094273281045,1.1470148463999843,1.1247838569939028,1.1077031048748431,1.088060239939421,2.334357285900185,2.430742281287681,2.53631276673562,2.6519441194467603,2.7102048323712853,2.838882363361341,2.990823324484833,3.1486356890034073,3.283569402700675,3.2770941865836463,3.4106440632354555,3.5884684964394564,3.725033085498241,3.825860942518552,3.993768030714212,4.19788628729262,4.170382420443947,4.256817045164099,4.370707618242366,4.7788497764740505,5.234274160172451,5.7331004876373015,6.279464964109552,6.877897975189606,7.533361652225589,8.251291017683098,9.037639051668696,9.898926053293117,10.842293706172336,11.875564296370872,6.323105506285358,8.206970397196963,8.473084960108604,8.01059589008981,8.111308943905488,7.280786867144063,5.8528142895690385,7.997072806787157,7.955869564262229,8.35237889139148,8.29856019648756,7.451771312938041,8.380960136274117,8.878616733833304,8.411369003022067,8.613347923588355,7.804107128474636,6.30207682630242,8.930344467533484,9.12332244658176,8.594266306802613,8.203609095846303,6.846299697275692,4.7008472574412075,7.545298308337824,6.458306694994112,6.160740021936896,5.383918329718856,1.6718841389593408,3.8413149736961825,8.985862077,11.08488831,11.54536534,11.26985682,11.50402853,10.89553682,9.728018414,12.05145759,12.15752399,12.54654421,12.64033359,11.99116418,13.074187,13.68833522,13.41378965,13.85123128,13.02614243,11.63785231,14.41513109,15.08689891,15.00136967,15.09585668,14.30301346,12.75331832,16.25015598,15.86970714,16.34539392,16.40762824,13.62188095,16.80493951,
1.4869118054159913,2.0247021121544257,2.4267305325315425,2.749782282913024,3.0902602155576733,3.5129390702190806,4.004260401063402,4.1010108218801875,4.156864896638792,4.152274245608138,4.21592633594637,4.305553447025855,4.383745109517473,4.454666816104856,4.566932852887261,4.708852884811831,4.761627556408759,4.885260455767744,5.044277804931144,5.364153268487148,5.310284365258934,5.248335126539962,5.330295215349449,5.318180247922635,5.304248035380479,5.2526923255483,5.193403259252354,5.09274676539762,5.01540928890024,4.926471190935027,2.2882386693001813,2.3827194391969533,2.4862042264649014,2.599551113959498,2.656660801932342,2.7827961215168813,2.931735268404731,3.086429820591006,3.218697722912266,3.212350434088676,3.343261839074008,3.517573092480476,3.6514396498532022,3.7502755062022337,3.91486534614644,4.114950950279973,4.087990462243906,4.172717445489245,4.28435794497943,4.684436662439867,5.130863476370802,5.619834765669347,6.155405018838043,6.742015117133714,7.384529157796963,8.088274786535415,8.859087373692631,9.703358400405927,10.628088455964988,11.640945285818757,5.730405037285367,7.321823268650249,7.220949951005271,6.465293693129283,6.379015502511878,5.34833029826603,3.354638470533959,5.564559437531009,5.369640330451253,5.869420200305615,5.76448207498217,4.991836430496346,5.798995240632137,6.181149107695866,5.580396660969405,5.786419774911461,5.071426711350762,3.252944548746632,5.924436450093207,5.807356299076949,5.382237168374443,5.043769067795078,3.799937185817114,1.4307055849485377,4.38972256682763,3.2958611179216284,3.188565797060618,2.4985197542023894,6.058267069178272e-12,1.214381973252894,9.505555512,11.72924482,12.13388471,11.81462709,12.12593652,11.64406549,10.29063414,12.75200008,12.74520295,13.23404488,13.32367025,12.81496297,13.83418,14.38609143,14.06219486,14.61022361,13.92104473,12.31092245,15.2530722,15.85594623,15.82338501,15.91193896,15.28563742,13.49090095,17.07849976,16.63682823,17.24105643,17.29462492,14.40969653,17.78179845,
2.7069875041199842,3.686058108627365,4.417968304173551,5.00609804279117,5.625952902871332,6.395458110682948,7.289929926871862,7.466068268914359,7.567753037220725,7.559395557691345,7.675276951953667,7.838446999322188,7.980798316004322,8.109914362298138,8.314299556900869,8.572671137249335,8.668749718390838,8.89382877986837,9.183326768623111,9.765673939159186,9.667603261820911,9.554821982870013,9.704033883290546,9.681978059052852,9.656613861177103,9.562754452856177,9.454816133307247,9.271566615695768,9.130770381705272,8.968854712628534,2.081779690800165,2.1677358240397178,2.2618835767770125,2.365003610350183,2.4169605107228884,2.531715125320845,2.6672160655488386,2.8079531229805728,2.928287000950282,2.922512403596487,3.0416121757701338,3.200195994883061,3.321984287404622,3.41190256438802,3.5616420958035473,3.7436747450612664,3.719146798217019,3.796229191478408,3.897796797876971,4.261777950675703,4.667925389375475,5.112778678983329,5.600026487090811,6.133709011310934,6.7182514800892355,7.358500846142104,8.059765976779804,8.82786167436727,9.669156891934815,10.590627543736481,5.092659616081391,6.242257257334547,5.794038769051154,4.853042406860454,4.1807515064076775,3.175543203998206,0.7404032375813951,2.8767694681072764,2.6909353618313068,2.9620922187145964,2.714162592278754,2.2810916957974374,2.9640309865938765,3.267389973316807,2.6736750572986994,2.525665807692669,2.0814876633955843,0.10766636865694375,2.6489549535037082,2.272796890169095,1.7388909788078086,1.3725797981510521,0.5836667796232673,4.776429783557533e-12,1.182194378738749,0.2922363610071115,8.46725121545304e-11,5.794508798844557e-12,6.058385589610298e-12,6.367831425486023e-12,9.881426811,12.09605119,12.47389065,12.22414406,12.22366492,12.10271644,10.69754923,13.15079086,13.1869754,13.44400018,13.43105172,13.31973469,14.26681359,14.7892069,14.54961671,14.84201169,14.46938418,12.79772434,15.73007852,16.30024878,16.07441963,16.04018046,15.88772715,14.02436188,17.55705972,17.21349166,17.51458211,17.43401011,14.97948873,18.33788513,
3.712299849947979,5.054974558519565,6.058699217376015,6.8652466938963785,7.7153012658376605,8.770582852156586,9.997240745466767,10.238792780612572,10.378240912364637,10.366779658865816,10.525696714033986,10.749464330781475,10.944681623345513,11.121748373211515,11.402037486515702,11.756362276526229,11.888122213286914,12.1967904154407,12.593801239679372,13.392418636511982,13.257926785251838,13.103261156286376,13.3078868941956,13.277640048621524,13.242856176208045,13.114139561559595,12.966115454741491,12.714811318428794,12.521726630183778,12.299679238718923,2.1523792557601706,2.241250426378162,2.338591019556061,2.445208171263826,2.498927090249352,2.6175733874799962,2.7576695821789814,2.903179466952792,3.0275942375703435,3.0216238058240816,3.144762618314748,3.308724503458652,3.4346430123077334,3.527610695174489,3.6824283555687796,3.8706342929524733,3.845274527840319,3.924971022610325,4.029983099553709,4.406307974963816,4.8262291249782585,5.28616876058907,5.789940643473592,6.3417219867970065,6.946088092139143,7.60805028732038,8.333097479702381,9.127241669518382,9.997067800623839,10.949788362023579,4.237919564293387,5.001569705103898,4.236094103069636,3.1165691548415997,2.2531229539148843,0.8214928703654155,2.074661030531966e-12,0.22815355243684618,1.4063395001415012e-10,0.2559462153125371,0.028348797653794087,2.6619722224750917e-12,0.1254374243495967,0.32894562161697255,3.0923259700331824e-12,3.242975668045317e-12,3.401095203815888e-12,3.5640919806703933e-12,3.757770420448742e-12,3.9397173404268495e-12,4.137492312075107e-12,4.3403932955095165e-12,4.552159486316655e-12,4.767157683872086e-12,5.012318152631143e-12,5.253522313706113e-12,5.510396522349716e-12,5.777180074253692e-12,6.053104283111455e-12,6.3534896009432815e-12,10.10259867,12.29779469,12.63338434,12.42702402,12.46735131,12.20964911,10.93698802,13.3701258,13.40583515,13.64434968,13.69880813,13.43742023,14.50476206,14.97830469,14.79109176,15.06319508,14.59722736,13.08417047,15.992432,16.50866706,16.31396901,16.35995147,16.028102,14.33826333,17.78154785,17.49917813,17.77559354,17.78156799,15.31476838,18.6437328,
4.458041586707974,6.070438195327028,7.275795103888449,8.244365084040387,9.265182040067952,10.532452839209583,12.005526707721849,12.295602687992957,12.46306372176375,12.449300085527774,12.640141038417608,12.908859994735973,13.143293322826972,13.35592995414244,13.692524672758468,14.118027652829067,14.276256056051771,14.646930769118185,15.123694725794264,16.082741599930287,15.92123248422686,15.735497001148348,15.981228780956735,15.944905827292889,15.903134430575511,15.748560704261056,15.570800919032592,15.269013796257628,15.037141478625504,14.770488313368872,2.2391667548401775,2.331621358358113,2.432886885591321,2.5438030175698665,2.5996879724059796,2.7231182849927436,2.8688633904661716,3.02024047497123,3.149671855352889,3.1434606859028515,3.2715646594110974,3.4421377595246683,3.573133511355743,3.669849805286128,3.8309099703519722,4.0267046830752475,4.000322370200912,4.083232359733992,4.192478697673305,4.583977615804292,5.020830682590847,5.499315846642154,6.023400646827549,6.597430728470612,7.226165876894258,7.914819484962673,8.66910178188,9.495267181693542,10.400166144109306,11.391301977643222,3.5951388584533808,3.9788779063164825,2.9951763105219427,1.58750975839155,0.5580592975279662,1.9799746145494926e-12,2.0709505977129835e-12,2.1811799264654593e-12,2.2852366069581182e-12,2.4014812436342744e-12,2.524798632828147e-12,2.653916346584159e-12,2.789505365375404e-12,2.9318101652594175e-12,3.0771340163712466e-12,3.2319007776525603e-12,3.3936993440736528e-12,3.560009238307267e-12,3.7451240135632865e-12,3.931057083137374e-12,4.1280380430759025e-12,4.331554998958278e-12,4.5456647625352175e-12,4.7631273115510415e-12,5.002156969539026e-12,5.2447167821162866e-12,5.501864017408004e-12,5.770273835137805e-12,6.0495851712863895e-12,6.3468437819865094e-12,10.2923472,12.38093746,12.7038583,12.37567786,12.42292931,12.40418926,11.14240818,13.46051837,13.35044472,13.56887555,13.64999837,13.65152284,14.60282567,15.06185953,14.7299777,14.97987257,14.82980955,13.32991933,16.10055343,16.60075886,16.2237278,16.30165988,16.28348275,14.60756675,17.88074028,17.42687476,17.67726731,17.71821108,15.60241267,18.76977912,
4.843524184619972,6.595343187908509,7.904926157058689,8.957247458266439,10.066333481450172,11.44318397616209,13.043633135080675,13.358791708300261,13.540732937711098,13.525779172996112,13.733121960800927,14.025076788605698,14.279781342658142,14.51080446038395,14.87650420282085,15.338800019159724,15.510710281277513,15.913436882733473,16.43142616336307,17.47340090467369,17.297926250000536,17.09613039710515,17.363110369203287,17.323646604429932,17.27826327493628,17.11032370614824,16.917193202078018,16.589310835048146,16.337388739582813,16.047678329819746,2.423008106730192,2.5230534710802326,2.632633158652846,2.752655790451144,2.8131290438698326,2.946693302702944,3.1044044563340933,3.2682099889663063,3.408268018700864,3.4015468962578015,3.5401685355992556,3.724746126112287,3.866496966217344,3.971153916727915,4.1454375357492665,4.35730749816181,4.32875912951949,4.418476242518475,4.536691985890583,4.960333972516625,5.433053800097899,5.9508238272476595,6.517937337984794,7.139096766295173,7.819452688123533,8.56464652930213,9.380857343545038,10.27485304838529,11.254046543896807,12.326557179530498,3.195017428651367,3.2490912410128785,2.1712445242901723,0.8035326112842195,1.8859265738358425e-12,1.9734330997271534e-12,2.0681493037108048e-12,2.1754824877091666e-12,2.2814476513123984e-12,2.397105321569818e-12,2.521056673111997e-12,2.650193629862015e-12,2.78509951047599e-12,2.927126916492367e-12,3.0732812794310045e-12,3.2282779806631193e-12,3.3903514391581142e-12,3.5574904501055333e-12,3.74042974037854e-12,3.926631249795207e-12,4.1229873839931966e-12,4.327735707645088e-12,4.541579294195703e-12,4.758971072609921e-12,4.99599630665978e-12,5.239145896714813e-12,5.495781038650227e-12,5.764685285787836e-12,6.044584998335686e-12,6.339888562898346e-12,10.46154972,12.3674879,12.70880384,12.51343586,12.46354371,12.41449602,11.32558539,13.44589605,13.4990532,13.63474388,13.69462443,13.66286603,14.58696244,15.06772303,14.89394224,15.0525904,14.84213178,13.54905845,16.0830632,16.60722145,16.30248376,16.35495505,16.29701286,14.84770994,17.88770115,17.62085941,17.76307929,17.7761374,15.85891076,18.74938927,
4.897965503555971,6.669474991178006,7.993777701859166,9.057927117761608,10.179479292370235,11.571805617087877,13.190243859942127,13.508944822493543,13.692931075346074,13.67780922998503,13.887482555309573,14.182718961834627,14.440286400706691,14.673906223384163,15.043716439012472,15.511208470549363,15.685051007814666,16.092304265176153,16.6161157567739,17.66980231721718,17.49235532354537,17.288291280801296,17.558272113689327,17.518364775327292,17.472471336206606,17.302644122951875,17.10734282774537,16.77577505565989,16.521021350270978,16.228054589096047,2.676673774350212,2.78719292707498,2.9082445550544347,3.040832403180346,3.1076366251826717,3.255183778581,3.429405774650459,3.6103601726453536,3.7650809323639667,3.7576561729801363,3.910790166032856,4.1146912567831055,4.271282047852863,4.38689557549935,4.5794250148510125,4.813475726603488,4.781938618067561,4.881048250762462,5.011640046605212,5.479633278722704,6.001842330185465,6.573817904252615,7.200302750528366,7.886491602654194,8.638074252387613,9.461282728640622,10.362942972680532,11.35053143797744,12.43223708401713,13.61702927812432,2.8844932620953463,3.1516894917486344,1.9835846730881066,0.593761739059849,1.8821999032455766e-12,1.9689455224165734e-12,2.0649842030359915e-12,2.1722885272157933e-12,2.2781763579478516e-12,2.3935184894562095e-12,2.5180048785525775e-12,2.6463444328306034e-12,2.78188230030072e-12,2.923758829979609e-12,3.0699451001634714e-12,3.2251827181588914e-12,3.3872515218727546e-12,3.554814061465259e-12,3.737748964340604e-12,3.923415091830141e-12,4.1205665506074334e-12,4.3246368340972676e-12,4.5372442310347085e-12,4.753998317023864e-12,4.99067204869859e-12,5.2334990926765215e-12,5.489799186337684e-12,5.759123980059134e-12,6.037773952200896e-12,6.332931234238429e-12,10.45913254,12.60835741,12.88560693,12.69252126,12.7656133,12.29725659,11.32296857,13.70776866,13.69224421,13.81039275,14.02653081,13.5338373,14.8710585,15.27734307,15.10709614,15.24650461,14.70196636,13.54592789,16.39629735,16.83825877,16.51249966,16.75133787,16.1431079,14.84427932,18.13655233,17.87303944,17.99191123,18.20696435,15.85524651,19.11455286,
4.636798823867974,6.313848836309519,7.567537790809809,8.574945204458173,9.636694577816622,10.954780027827265,12.486920778006352,12.788628139410008,12.962803976339673,12.948488449875901,13.146981687028243,13.426475656829481,13.670309223391273,13.891472095656644,14.241563490060052,14.684128163172625,14.848701162256583,15.234239080679895,15.730120177924377,16.72762263085954,16.55963737025307,16.36645432053528,16.622039380800253,16.58425996004965,16.54081362618234,16.380041848163774,16.19515430347691,15.881266209630127,15.640096344169516,15.362750998910936,2.927467461570232,3.0483418193580474,3.1807355034430587,3.3257463056213883,3.398809817537329,3.560181552397239,3.750727456597677,3.948636562008433,4.117854041570589,4.109733611761608,4.277215650932028,4.500221462947704,4.67148418836128,4.797930243740069,5.008498925847464,5.264479258444797,5.229987248265728,5.338383059373839,5.481210787108602,5.993053123813095,6.564191086513014,7.189758497058225,7.874942481828396,8.62542450034716,9.447427455230763,10.347767291714767,11.333909514615687,12.414031091359057,13.597088254366057,14.892890765007534,2.792136154563324,3.4026708043340537,2.1744251957488414,0.8845033099222397,1.883662501666222e-12,1.96584219419306e-12,2.0622752161430347e-12,2.169776128599681e-12,2.2758017293618044e-12,2.3911801746239204e-12,2.5154278331405036e-12,2.6431688816220563e-12,2.779444204394704e-12,2.9210467762929286e-12,3.067298149029301e-12,3.2226571073803375e-12,3.3846103968980342e-12,3.552370523162012e-12,3.735580705272706e-12,3.920466681965812e-12,4.118551806488592e-12,4.321632065202805e-12,4.5332834175838425e-12,4.749449573510508e-12,4.9860436488380375e-12,5.2287114769220255e-12,5.484724285150014e-12,5.753806373968227e-12,6.030757678722062e-12,6.32653736413045e-12,10.35640244,12.76486146,12.92269849,12.78519482,12.8113045,12.09112133,11.21175384,13.8779194,13.79221718,13.89410042,14.07673514,13.30697361,15.05564883,15.3213193,15.21739955,15.33891685,14.45552166,13.41287914,16.59982005,16.88672814,16.61258536,16.81129494,15.87250578,14.6984781,18.18875887,18.0035382,18.10096395,18.27213145,15.69951552,19.35181651,
4.222447475483976,5.74963376505154,6.89129118044831,7.8086751455768555,8.775544990793529,9.97584433356874,11.371070671485016,11.645817007240657,11.80442822822964,11.791391958839208,11.972147540427152,12.226665506814955,12.448709737474122,12.650109161331095,12.96891585979687,13.37193228507359,13.521798792315154,13.872884459860218,14.324452873055582,15.232816999725117,15.07984315580609,14.903923235280677,15.136668828411025,15.102265433777536,15.062701529945274,14.916296560911643,14.747930846554375,14.462092267009918,14.242473705097092,13.989912358916579,3.0932817673502453,3.221002554000652,3.3608951316188604,3.514119471884102,3.5913213647266384,3.7618333351449516,3.963171925255303,4.172290774703189,4.351092879634466,4.342512501611171,4.519480869295989,4.755117924660977,4.936081119949361,5.069689189993212,5.292184665583709,5.562663947084883,5.526218279419308,5.640753723641808,5.791671338226338,6.332504870509807,6.935992584669953,7.59699267798955,8.320986080202506,9.113976053646352,9.982537971559397,10.93387384024955,11.975872017225864,13.117172620468011,14.367239171199122,15.736437064214812,2.9113541271673085,3.772216750949431,2.5654194379345383,1.3233898625408473,0.2591349544817339,1.9645698401094013e-12,2.0608020020745983e-12,2.1686498487557773e-12,2.274782023069206e-12,2.3906049999810976e-12,2.5141720451275402e-12,2.6417246446411173e-12,2.7784806094347757e-12,2.9198426867827946e-12,3.0658562445495327e-12,3.2214108443679738e-12,3.383325519906621e-12,3.5510123183610467e-12,3.734560348736854e-12,3.918760248474571e-12,4.117471561893203e-12,4.3197534458813094e-12,4.5311609066261755e-12,4.7468637839374535e-12,4.9834147055656754e-12,5.225761306604209e-12,5.481801174757382e-12,5.750333793439802e-12,6.025858097437846e-12,6.32252966096045e-12,10.22708337,12.74285307,12.81760575,12.64618448,12.62600131,11.94296161,11.07175411,13.85399195,13.64225772,13.81450952,13.8731287,13.14391532,15.02969081,15.19671998,15.05194443,15.25104947,14.27838954,13.24539425,16.57119967,16.74939826,16.51742191,16.56813573,15.6780105,14.5149401,18.04084033,17.80779006,17.99727448,18.00784265,15.50347769,19.31845131,
3.48065095587598,4.739542262268077,5.680634128361261,6.436852741776689,7.233863591645304,8.22329521371397,9.373409197352096,9.5998882954874,9.730634811851035,9.71988874484172,9.868889316544955,10.078693750617584,10.261729411375446,10.427747130063658,10.690546098244399,11.022760889314679,11.1462989569195,11.4357061482298,11.8079433490849,12.556726722740335,12.430627213118903,12.28561277703898,12.47746979264631,12.449110361507925,12.416497015695695,12.295812365769175,12.157025018379565,11.92140235382443,11.740366222081342,11.532174670592648,3.1932459164102527,3.3250941963558205,3.46950761738022,3.627683637428263,3.707380427956902,3.883402754466058,4.0912479102070485,4.3071247563101736,4.491705125755939,4.482847459644386,4.665534831809453,4.9087868603641445,5.095598159119572,5.233523979059489,5.463209737514569,5.742429972232168,5.704806506865276,5.823043339800488,5.978838088786206,6.537149486942899,7.160139833049136,7.842501159139287,8.58989151960583,9.408508181424832,10.305139011115184,11.28721875887502,12.362890706596358,13.54107419093553,14.831538561332213,16.2449841862276,3.570106757715298,4.394553031377725,3.380622624260228,2.2810851907968503,1.3979180903996895,1.96827069142842e-12,2.0611600146718977e-12,2.17612918482362e-12,2.277121799487613e-12,2.3948966936553162e-12,2.5161976877464005e-12,2.6425670920913844e-12,2.7815072040109074e-12,2.922392739769756e-12,3.0670907203181666e-12,3.222635041055991e-12,3.3840061040477784e-12,3.551698999541769e-12,3.736025576933355e-12,3.919212437397862e-12,4.1181595191715465e-12,4.320133707574986e-12,4.5313508067180206e-12,4.747190924953077e-12,4.983231492615678e-12,5.225221627943609e-12,5.481377184580875e-12,5.749203513400477e-12,6.023344025280521e-12,6.320946033360543e-12,10.24400363,12.45918949,12.53076437,12.34562157,12.33916211,11.73553801,11.09007183,13.54559374,13.31802106,13.57710909,13.5579571,12.91563373,14.69512084,14.85663712,14.69420362,14.9889623,14.03040457,13.26730816,16.20231478,16.37456847,16.2335723,16.1917386,15.40571711,14.53895441,17.63710975,17.38455084,17.68799381,17.59873806,15.5291275,18.88841094,
2.4815650841159855,3.379104294523126,4.050065199666416,4.589218861093533,5.157455757515628,5.86288097755982,6.682866302354226,6.844336851782874,6.937553894798938,6.929892378312528,7.0361238335602465,7.185706013643086,7.316203127729752,7.4345671289651385,7.621932294805189,7.85878816929474,7.946865876313808,8.153201642281749,8.418591896105292,8.952444528611574,8.8625406157609,8.759151115971731,8.895937503664555,8.875718362184827,8.852466349480938,8.766423015276217,8.667473180959249,8.499483633946701,8.370412104169016,8.221979844935987,3.261115733310258,3.3957663400583122,3.5432491496294753,3.7047870709527886,3.786177751248232,3.965941287605679,4.178204021269873,4.3986691522722845,4.587172625733697,4.5781266972105135,4.764696939290192,5.013119089743018,5.203900909082603,5.344758228941458,5.579325769376052,5.864480600645601,5.826057479451241,5.946807339072219,6.105913377374335,6.676091225331009,7.312322719105647,8.009187074236996,8.772462602412363,9.608478288422837,10.524166269310113,11.527119314775938,12.625653785474645,13.828878591230929,15.146770720975773,16.5902579706852,4.54845779257529,5.308953675420185,4.436714000705818,3.610790027955479,2.976692611238035,1.7302124248364943,0.28002944637800214,1.8944918359470506,1.3177474294696883,1.5956614144793964,1.2969300071521257,0.5225565866166083,1.7322884331904789,1.4836326220963922,0.9682590458219194,0.7430341400630011,0.046462934239084305,3.5566465643612826e-12,1.1896730365242545,0.09169623606186231,4.1245222339034e-12,4.324353769244204e-12,4.534227731611985e-12,4.7498220885188854e-12,4.985076026168288e-12,5.226560471907804e-12,5.482532208281003e-12,5.7495700206142845e-12,6.022190502010746e-12,6.321231468520779e-12,10.29113861,12.08382431,12.03002835,11.90479596,11.92032612,11.55903469,11.14109977,13.13749784,12.84247395,13.10368049,13.09775078,12.72138169,14.25239247,14.26295798,14.16951711,14.46630291,13.81938629,13.32835405,15.71417831,15.72023199,15.66751384,15.64213216,15.17401405,14.60585144,16.93232145,16.76379999,17.07122022,17.00137296,15.60058054,18.3193489,
1.3108437589919926,1.7849532957289347,2.1393767685060006,2.4241753485404973,2.7243366435521206,3.0969652935316523,3.5301083339265293,3.615402353952183,3.6646426418057763,3.6605955784686466,3.7167105040901585,3.795724698992025,3.864657538457692,3.9271812712833407,4.026153673766761,4.151268685596411,4.197794208255996,4.30678750156398,4.446975304877558,4.728973708232591,4.681483523984109,4.626869812092601,4.69912485136999,4.6884444402090955,4.676161967372904,4.630711066904058,4.578442531374636,4.489704963826317,4.421525164571567,4.343118395434576,3.2869814213702604,3.422700015542269,3.5713525917388895,3.7341717584470664,3.816207992632551,3.9973973316711144,4.211343636880973,4.433557397117351,4.623555994469332,4.6144383177518105,4.802488350209249,5.0528808722699186,5.245175886304237,5.3871504224149485,5.623578445986619,5.910994995795956,5.872267119864757,5.993974712500343,6.154342707596309,6.729042947139192,7.370320740002153,8.072712306524943,8.842041789337356,9.684688371861789,10.6076391737008,11.618547186955063,12.725794733872444,13.938562972011042,15.266908023244236,16.72184435785985,5.690896249639286,6.593730098730421,5.933546799756819,5.518521983014236,5.1678250938172186,4.303628894799224,3.397030979194592,4.78146917893267,4.308395843727207,4.559684253781976,4.3456596357031465,3.695538858740744,4.809431175240895,4.491273476304682,4.248498210249746,4.107108098610935,3.55679005188273,3.024461285939363,4.745565427529974,3.758133904632279,3.2941227360179997,2.6644158813869585,1.421439499297488,0.2292880179343949,1.1055722789316713,0.19358532614703766,5.490634085181209e-12,5.7541169058049204e-12,6.023185163014275e-12,6.324947158408761e-12,10.28872143,11.80138341,11.64427616,11.67686909,11.70836973,11.39799152,11.13848295,12.83042893,12.59659448,12.83471815,12.86485849,12.54414443,13.9192646,13.80560517,13.89823033,14.16937178,13.62685138,13.3252235,15.34688344,15.21615056,15.345927,15.363998,14.96260614,14.60242083,16.38937342,16.44284358,16.72082132,16.69907001,15.59691628,17.89116216,
0.21495917618399876,0.2927061957954893,0.3508264539924049,0.3975292495945786,0.4467513054310704,0.5078569460329303,0.578886060291912,0.5928730302510435,0.6009477162229329,0.6002840571140984,0.6094860829852078,0.6224432536063716,0.6337472296003972,0.6440002059814153,0.6602302303125738,0.6807472596584923,0.6883767639024799,0.7062500675501104,0.729238813924052,0.7754824215657551,0.767694726950853,0.7587388781427721,0.7705876462447415,0.7688362152532878,0.7668220696129253,0.7593687876679306,0.7507975134327856,0.7362458521185289,0.7250653636891058,0.7122078019962484,3.251054235150258,3.385289405298439,3.532317187161761,3.6933567166366768,3.7744962828205693,3.953705195963691,4.165313036861466,4.385097968296819,4.573019853275488,4.564001834093964,4.749996452276514,4.997652147560592,5.187845349052413,5.32826808278171,5.562111913581478,5.846386958592347,5.808082383992101,5.928459694893637,6.087074844419476,6.655493526545423,7.289762059625793,7.984476383908709,8.745396983295787,9.578833315804452,10.491696130801193,11.491554772067117,12.586699941845671,13.786212446304113,15.10003849243743,16.53907216076715,7.22395969866729,8.282337228907702,7.951535838847549,7.770077903770548,7.680040531750254,7.241767228005371,6.828675532848716,8.025267271454341,7.621221860503895,7.791190858794368,7.71734977474083,7.26009087883572,8.285146581350006,8.059081541239836,7.895004426109068,7.775553581752444,7.4954384321088785,7.210186497559882,8.737272521660273,8.033984031892839,7.432856133427597,6.873934787952954,5.847450900464174,4.824233698947236,5.3988487995910575,4.451154050270343,3.540645814727315,2.4517617015835875,0.38007933387983184,0.8808530872439568,10.68997311,11.96033283,11.83467948,11.86096387,11.90128812,11.70332937,11.57287463,13.00323827,12.79518943,12.95547675,13.07683231,12.88018628,14.10673916,14.03134983,14.11734657,14.3026878,13.99189758,13.84489626,15.55358618,15.46495998,15.49031292,15.61715005,15.36343553,15.17190323,16.657367,16.70207761,16.87814327,16.97422,16.20518319,18.13213305,
0.013081427279999924,0.017812753484999347,0.021349685215920105,0.024191802660209104,0.02718723070114097,0.030905839081212274,0.03522834444914474,0.0360795271417659,0.036570915410111746,0.036530528167636016,0.03709052115978703,0.037879034998759976,0.03856694301257808,0.03919089202146821,0.04017857669169111,0.0414271487794466,0.04189144533436429,0.04297913242951627,0.04437812185293901,0.047192295228873346,0.04671837193519414,0.04617336014740564,0.046894421704465304,0.04678783766577775,0.04666526602127546,0.04621169354536808,0.045690085198171915,0.04480453798560399,0.04412414485728651,0.043341692759781,3.129435920070248,3.258649502131282,3.4001771385627513,3.555192358746157,3.633296584203059,3.8058014916645346,4.009493319107518,4.221056341245837,4.401948277978593,4.393267612842522,4.572304379681732,4.810695551459936,4.9937738372868585,5.128943513072539,5.354039506821102,5.627680139271357,5.590808496109895,5.706682625991744,5.859364159577581,6.4065189324052065,7.017060186663992,7.685786022453627,8.418241430394016,9.220499838711119,10.099213473340843,11.061668517350775,12.115845527054839,13.270485605783694,14.535162884015396,15.920363906862482,8.0937381626513,9.028668554385348,8.801377626223042,8.663545078595435,8.641871505097694,8.300794429256243,8.11955368644543,9.120965741614597,8.768721006613605,8.916771808992266,8.908119829161025,8.509443353543977,9.48107394970337,9.323499984908947,9.177757426490311,9.065342611952468,8.878271778559178,8.80274078158237,10.098229838573287,9.518561482369885,8.894147881405008,8.411480467403386,7.468255397906148,6.679934973628017,7.05791672064304,6.132063899109222,5.226116277752719,4.230952196236996,2.454018581133991,2.691148940384517,11.23625551,12.30513081,12.22290445,12.24292924,12.30235532,12.13750176,12.16427535,13.37810161,13.2072402,13.34656995,13.51751473,13.35801794,14.51341473,14.49163439,14.57197551,14.7344499,14.51097172,14.55240254,16.00197212,15.97227271,15.95792644,16.14343985,15.93339125,15.94722265,17.20379546,17.23994411,17.38765189,17.54624234,17.03330561,18.65485454,
5.947535999999966e-06,8.098656999999703e-06,9.706740609603618e-06,1.0998923446715014e-05,1.2360809709392902e-05,1.4051493511472316e-05,1.6016742083795655e-05,1.6403736530088315e-05,1.662714865121311e-05,1.6608786390473228e-05,1.6863389990621507e-05,1.72218917307917e-05,1.7534652531987058e-05,1.7818334053361414e-05,1.8267389802941576e-05,1.8835059314958386e-05,1.9046154053777202e-05,1.9540676403417312e-05,2.017673390550251e-05,2.1456211832899664e-05,2.1240740249404715e-05,2.0992947928359415e-05,2.132078215294629e-05,2.1272323189443983e-05,2.121659538141105e-05,2.1010376398472348e-05,2.077322456813708e-05,2.0370606121868625e-05,2.0061262000756726e-05,1.9705516261505136e-05,2.862969341850227,2.981180589321012,3.1106573686757804,3.252473285103074,3.323927057815905,3.4817434419807003,3.6680912286264222,3.8616399900394986,4.027129261039547,4.019187740974525,4.182979806898386,4.401072342933899,4.568561798819356,4.69222198794173,4.898151409580432,5.148491969796154,5.114759889430522,5.220767518229597,5.360448457826251,5.861013856787146,6.419568477339481,7.031353353230442,7.701441327793814,8.435388686333072,9.23928122814112,10.119784729183472,11.084200213875148,12.140524494257932,13.297516478561185,14.564769798968449,8.120685040615319,8.927791252023617,8.764813124585322,8.548367005975278,8.581156301376273,8.328504546527773,8.222710684633581,9.085751166226165,8.703196211814106,8.952739480241506,8.898019339714164,8.59678225517704,9.477591126530916,9.387483873727163,9.147628733032862,9.17235645514779,9.004961834418847,9.004472091097602,10.126336655443621,9.657240977004978,9.090412191924433,8.590772123826014,7.802347731428627,7.153313231348584,7.475491745268579,6.497624020445484,5.815375282905983,4.8391057251418585,3.352854060183172,3.4894914155219436,10.98366033,11.90897994,11.8754802,11.80085129,11.90509572,11.81026204,11.89081793,12.94740756,12.7303421,12.97194383,13.08101601,12.99787182,14.04617046,14.07972368,14.04579841,14.32086726,14.11974077,14.22525915,15.48680529,15.51827629,15.51000191,15.62214647,15.50381038,15.58872319,16.71479419,16.61742976,16.89959627,16.97965059,16.6503906,18.05428092,
1.5965159999999908e-07,2.1739482499999206e-07,2.6056112465871465e-07,2.952475994337095e-07,3.318051454249477e-07,3.7718870831486743e-07,4.2994250063645014e-07,4.4033071561181764e-07,4.4632783821804777e-07,4.458349342143159e-07,4.526693396100013e-07,4.622927158150306e-07,4.7068825345080465e-07,4.783032067319365e-07,4.903573530052289e-07,5.055954862195051e-07,5.112619694159087e-07,5.245365900917321e-07,5.416104838689038e-07,5.759559167126292e-07,5.701719444828685e-07,5.635203764179429e-07,5.723205347507473e-07,5.710197353848443e-07,5.695238161139142e-07,5.639882143829559e-07,5.576222723935414e-07,5.468146574188237e-07,5.385108348129397e-07,5.289614388169005e-07,2.4919086932101977,2.5947989445662607,2.707494636876571,2.830930228664068,2.8931230977189277,3.030485385844969,3.1926812091515697,3.361144711039304,3.505185426743067,3.498273182662052,3.6408366628182014,3.8306628962070404,3.976444558986666,4.0840775314302045,4.2633170742600965,4.481211764624302,4.451851595420093,4.54411990157677,4.665697224312515,5.101385881874164,5.587547956417225,6.12004127666423,6.7032812103307755,7.342103909675739,8.04180641226828,8.808190563357883,9.647611124046316,10.56702846416835,11.574066276804006,12.67707479298376,7.951512017139751,8.686941898040542,8.491682572564017,8.611749966090136,8.566483100477818,8.29149337696831,8.113277620908017,8.904330168632178,8.838774196931404,8.864388171505436,8.950686714515001,8.629825081502913,9.329921990327884,9.193812370269537,9.356173055385648,9.167015079783466,9.084122783321353,8.981458833890233,10.005426714080773,9.533131672173873,9.193960753414995,8.917523249819759,8.159539817353274,7.479875829309344,7.72108794821296,7.304878562659226,6.458223798336996,5.777242329022891,4.257362014691338,4.426297368061285,10.44342087,11.28174106,11.19917747,11.44268049,11.45960653,11.32197914,11.30595926,12.26547532,12.34396007,12.3626618,12.59152383,12.46048844,13.30636702,13.27789038,13.61949062,13.64822735,13.53597489,13.52557926,14.67112448,14.63451813,14.78150928,15.03756509,14.8628216,14.82198031,15.76289493,16.11306969,16.10583548,16.34427134,15.83142883,17.10337269,
0.0,0.0,0.0,0.0,0.0,0.0,0.0,0.0,0.0,0.0,0.0,0.0,0.0,0.0,0.0,0.0,0.0,0.0,0.0,0.0,0.0,0.0,0.0,0.0,0.0,0.0,0.0,0.0,0.0,0.0,3.109885318620246,3.238291661514438,3.3789351288864653,3.5329819186990643,3.6105982017208214,3.7820254150610277,3.9844447135759,4.194686032879258,4.374447878997952,4.365821444793183,4.543739710866514,4.780641575655319,4.962576112036088,5.096901339005142,5.320591085054704,5.592522195699049,5.555880901654382,5.671031128254762,5.822758810767066,6.366495330219886,6.973222335190406,7.6377704237346045,8.365649945117067,9.162896384887274,10.036120410367582,10.992562685476157,12.04015390940257,13.18758057696916,14.444357005954833,15.820904228622744,7.983756641381302,7.819697518487186,7.747295611115245,7.556537151302734,7.590091538281069,7.085167814940961,8.025438406426192,7.827526907122942,7.588534111004357,8.394794835209245,7.763292939136034,7.179328844347356,8.079884427966721,8.094502450997814,7.878554084948408,8.495042024304228,7.436375388349069,8.696668441748871,8.557391809236725,8.172699709784112,8.284104204813818,7.060037956269813,5.900155724887632,6.581919865117641,5.624101659637539,4.623200924529244,4.5841289306031765,2.787410513037234,2.3727573540519926,0.9432555913839099,11.09364196,11.05798918,11.12623074,11.08951907,11.20068974,10.86719323,12.00988312,12.02221294,11.96298199,12.76061628,12.30703265,11.95997042,13.04246054,13.19140379,13.19914517,14.08756422,12.99225629,14.36769957,14.38015062,14.53919504,15.25732654,14.69780838,14.26580567,15.74481625,15.66022207,15.61576361,16.62428284,15.97499109,16.81711436,16.76415982,
0.0,0.0,0.0,0.0,0.0,0.0,0.0,0.0,0.0,0.0,0.0,0.0,0.0,0.0,0.0,0.0,0.0,0.0,0.0,0.0,0.0,0.0,0.0,0.0,0.0,0.0,0.0,0.0,0.0,0.0,3.050634517950242,3.1765944109441646,3.314558281740426,3.4656701094235887,3.5418076154349736,3.7099687277436666,3.9085314514079306,4.114767167537417,4.29110411780909,4.282642037939351,4.457170532802938,4.6895588468556735,4.868027092410365,4.9997931004910425,5.219221018467476,5.485971186928425,5.450027997729212,5.562984335351578,5.711821240310501,6.2451982703190625,6.8403656654810225,7.492252513401907,8.206264177929652,8.988321154086888,9.84490816007191,10.783127907727298,11.810759997334232,12.9363254250807,14.169157238091394,15.519477922881912,7.442338522051304,7.273718889057458,7.267662958261283,7.076573990578208,7.155009734566915,6.730782182258321,7.45107256859416,7.246782362464778,7.081496942193216,7.931816022063072,7.296219967199606,6.801087303147002,7.457703797592444,7.546625949511912,7.328537761535635,7.998641043074845,7.032395822274233,8.026771374652052,7.878088909693277,7.583112689684967,7.763942704523209,6.5443626766025185,5.499733352075016,5.903986805918001,5.049617969933373,4.061987632278205,4.101998532671738,2.320017344925577,1.7373888819152217,0.3234316271256853,10.49297304,10.4503133,10.58222124,10.5422441,10.69681735,10.44075091,11.35960402,11.36154953,11.37260106,12.21445806,11.7533905,11.49064615,12.32573089,12.54641905,12.54775878,13.48461223,12.48242382,13.58975571,13.58991015,13.82831096,14.60430837,14.03661519,13.70599753,14.89230796,14.89452613,14.84511554,15.91275853,15.25634277,15.90654612,15.84290955,
0.0,0.0,0.0,0.0,0.0,0.0,0.0,0.0,0.0,0.0,0.0,0.0,0.0,0.0,0.0,0.0,0.0,0.0,0.0,0.0,0.0,0.0,0.0,0.0,0.0,0.0,0.0,0.0,0.0,0.0,3.0189822579602392,3.143635237504551,3.2801676459994535,3.4297115930239372,3.5050591243198714,3.67147545887309,3.867977968861555,4.072073859171939,4.246581202205184,4.23820692175898,4.410924573251267,4.640901711762733,4.817518236544248,4.947917089063985,5.165068303794589,5.429050770770873,5.393480514862327,5.5052648591354725,5.652557487195885,6.180400393622226,6.769392551134972,7.414515661258672,8.121119003777162,8.895061644837659,9.742761019591224,10.671246144758797,11.688215902354827,12.802102877849752,14.022143282109331,15.358453536894753,7.075156282041302,6.936203632497068,6.931138024002253,6.77690392697786,6.827497835682017,6.444612411128897,7.059851191140535,6.886696980830258,6.7639555777971285,7.523406378243446,6.942225886751279,6.492434118239942,7.071252733458562,7.158739640938972,6.983213246208526,7.5556263992324,6.7007929151411165,7.567948650868149,7.455576272807908,7.163216876381806,7.293468598869255,6.144108478745763,5.158680186227475,5.431194525167179,4.629699700414078,3.7012522652468722,3.6345852876510034,1.9347132621567276,1.2798001878971188,6.115188980169076e-12,10.09413854,10.07983887,10.21130567,10.20661552,10.33255696,10.11608787,10.92782916,10.95877084,11.01053678,11.7616133,11.35315046,11.13333583,11.88877097,12.10665673,12.14828155,12.98467717,12.09427343,13.07321351,13.10813376,13.34361727,14.06286115,13.55862414,13.27979919,14.32625617,14.37246072,14.37249841,15.32280119,14.73681614,15.30194347,15.281262,
0.0,0.0,0.0,0.0,0.0,0.0,0.0,0.0,0.0,0.0,0.0,0.0,0.0,0.0,0.0,0.0,0.0,0.0,0.0,0.0,0.0,0.0,0.0,0.0,0.0,0.0,0.0,0.0,0.0,0.0,2.977911620370236,3.100868804143016,3.2355438075293597,3.3830533387384385,3.457375832161759,3.6215282166876226,3.8153574803024197,4.016676822879725,4.188810144726321,4.1805497891090475,4.350917766617286,4.577766265440695,4.75198007544554,4.880604964570868,5.094802025192446,5.3551932394534445,5.320106886053949,5.430370501187407,5.575659340676093,6.096321401750616,6.677300831337991,7.313647600565031,8.010638216899409,8.774052038970451,9.610219198284863,10.526073087881931,11.52920785315759,12.627941361564012,13.831384173321553,15.149515085039495,6.954275944631305,6.884823103858605,6.765576372472347,6.843599711263359,6.59722633784013,6.422412313314364,6.937144919699668,6.839737707122474,6.843342415275988,7.346407600893376,6.696823043385261,6.476167274561981,7.025748274557271,6.976853115432092,7.077328914810666,7.370426660549831,6.687910893949494,7.4330955688162135,7.410042799327702,6.972636108253417,7.104992208666236,5.88023772943941,5.174450223105234,5.3223527910343895,4.466404461720391,3.874641272123609,3.4878881668481827,1.7124415784422238,1.2250539766849105,3.7248997300146264e-12,9.932187565,9.985691908,10.00112018,10.22665305,10.05460217,10.04394053,10.7525024,10.85641453,11.03215256,11.52695739,11.04774081,11.05393354,11.77772835,11.85745808,12.17213094,12.7256199,12.00801778,12.86346607,12.98570214,13.06895751,13.78229304,13.19388533,13.18508844,14.09640483,14.07662366,14.40071436,15.01709602,14.34038294,15.05643815,15.13853309,
0.0,0.0,0.0,0.0,0.0,0.0,0.0,0.0,0.0,0.0,0.0,0.0,0.0,0.0,0.0,0.0,0.0,0.0,0.0,0.0,0.0,0.0,0.0,0.0,0.0,0.0,0.0,0.0,0.0,0.0,2.932331914980232,3.0534071247637202,3.1860208020395917,3.33127256275987,3.4044574813368076,3.5660973610339264,3.7569598876001518,3.955197850508156,4.124696511861841,4.116562588665489,4.284322925916844,4.507699297604644,4.679246603311452,4.8059027689487985,5.016821344456261,5.273227029143119,5.23867770499601,5.347253633007177,5.490318691758029,6.00301153601994,6.575098535403173,7.201705425827617,7.888027952909511,8.639757016822307,9.463125860525993,10.364961755034633,11.352742610289937,12.434658981051063,13.619681981945712,14.917637674825531,6.91767157202131,6.883377268237901,6.748334571962117,6.801454577241928,6.554954687665081,6.486861588968061,6.9065707224019395,6.848044579494039,6.806132088140465,7.281402651336936,6.658825544085704,6.556159522398033,7.040797266691358,6.97239809105416,7.043515595546851,7.309987130860156,6.780122035007436,7.409773446996449,7.431782608245758,6.9787011139840915,7.052964084601055,5.867269344176822,5.308899337095154,5.3400068431825405,4.519526019479291,3.903490354970856,3.496304949715858,1.7699591589552164,1.3121713880608956,0.14675052525089907,9.850003487,9.936784393,9.934355374,10.13272714,9.959412169,10.05295895,10.66353061,10.80324243,10.9308286,11.39796524,10.94314847,11.06385882,11.72004387,11.77830086,12.06033694,12.58321416,12.01879974,12.75702708,12.9221013,12.98171265,13.62806262,13.06897477,13.19692729,13.97976386,13.98265188,14.26845211,14.84904756,14.20461814,14.93185337,15.0643882,
0.0,0.0,0.0,0.0,0.0,0.0,0.0,0.0,0.0,0.0,0.0,0.0,0.0,0.0,0.0,0.0,0.0,0.0,0.0,0.0,0.0,0.0,0.0,0.0,0.0,0.0,0.0,0.0,0.0,0.0,2.9079096362402304,3.0279764565891076,3.1594856449172504,3.3035276588930818,3.3761030480808256,3.5363966906151947,3.7256695956924584,3.9222565099036024,4.0903434812871,4.082277302447564,4.248640427569918,4.4701563823023855,4.64027493565832,4.76587623019955,4.975038145004255,5.229308324133249,5.195046748184182,5.3027183885310505,5.44459191274759,5.95301473304441,6.52033703710407,7.141725156740605,7.822331564178503,8.56779976224523,9.384311079587714,10.278635925472933,11.258189929171003,12.33109542942149,13.506248823845837,14.793394336758736,6.968682816761312,6.902694496412511,6.870071395084457,7.003275501108716,6.526195122921064,6.632513339386791,6.966646004309631,6.874339410098595,7.028272188715208,7.1757177475548595,6.631752632432626,6.72131326770029,7.0725583743444895,7.125296959803405,7.292490344998853,7.199380445870027,6.962378131819266,7.488744831472571,7.469559277256193,7.153102626959617,6.940369162900153,5.852303283263832,5.5268094158261745,5.449700887759628,4.732337590417571,4.234942224532461,3.40850718083476,1.79206383058483,1.4659113861610993,0.2617257532480475,9.876592453,9.930670953,10.02955704,10.30680316,9.902298171,10.16891003,10.6923156,10.79659592,11.11861567,11.25799505,10.88039306,11.19146965,11.71283331,11.89117319,12.26752849,12.42868877,12.15742488,12.79146322,12.91415119,13.10611736,13.4607062,12.99402844,13.34914098,14.01750065,14.11664867,14.51357815,14.66669711,14.12315926,14.97216021,15.05512009,
0.0008134214759999953,0.0011076219682499594,0.0013275533386957077,0.0015042801833293543,0.0016905400956580179,0.0019217683746859597,0.0021905478145087943,0.0022434755468852233,0.002274030757870348,0.002271519422548673,0.00230634057137863,0.0023553714666330354,0.0023981465507255527,0.002436944574281905,0.002498360190871663,0.002575998152599833,0.0026048687628871577,0.0026725026703673725,0.0027594937927694924,0.0029344830360818175,0.0029050138216907624,0.0028711242251374786,0.0029159608429985173,0.002909333298143391,0.0029017116215592745,0.0028735078495297785,0.002841073511701909,0.0027860089453287905,0.0027437011473454296,0.0026950471796682706,2.860032297720226,2.9781222754151155,3.1074662279843444,3.2491366592334368,3.3205171294205837,3.478171613952731,3.664328231358564,3.8576784362431904,4.022997936199985,4.015064563129256,4.178688599127428,4.396557399828652,4.5638750327343605,4.687408362156469,4.89312652627656,5.143210268767364,5.109512793246144,5.215411671637261,5.35494931627168,5.855001198498321,6.41298281271573,7.024140074768048,7.693540623893952,8.426735045351553,9.229802895174062,10.109403111084651,11.072829227571509,12.128069852959557,13.283874909947075,14.549828188865414,7.158360280805316,7.136066922618256,7.161858378678666,7.334182910585032,6.389710505485643,6.9464857276745695,7.180189040829016,7.1373986982121185,7.393262623044452,7.247520247450618,6.490213430303733,7.076136498707387,7.36431904071772,7.487173393272203,7.702813843535677,7.290477283083309,7.353363087994409,7.7580820156959955,7.796535559939329,7.563232578469587,7.0530221234668025,5.717196141011247,5.990937045267699,5.7902626613551975,5.223286583209484,4.792797811071361,3.599965558922668,1.7207738081013768,1.9017328489122065,0.7824938139622627,10.019206,10.11529682,10.27065216,10.58482385,9.711918175,10.42657911,10.84670782,10.99732061,11.41853459,11.26485633,10.67120837,11.47504927,11.93059222,12.1770187,12.59843873,12.43626355,12.46548075,12.97616619,13.15424437,13.42116826,13.46890995,12.74420734,13.68739363,14.21990704,14.45599119,14.90507443,14.67563586,13.85162967,15.18835146,15.33501705,
0.02211432295199987,0.030112691436498897,0.03609192052844535,0.04089655703218623,0.045960367093487435,0.05224672292368323,0.05955397446605561,0.06099290987829124,0.06182360813685498,0.06175533297817909,0.06270200841459862,0.06403500131467987,0.06519791875887196,0.06625271267339171,0.06792240645408816,0.07003313380718765,0.07081803317185016,0.07265678235250636,0.07502179216785754,0.07977918886060832,0.0789780153688655,0.07805666585326419,0.07927562979349635,0.07909544808987838,0.07888823913069809,0.07812146896107836,0.07723968326618015,0.07574265418603453,0.07459244075351874,0.07326969530622635,2.813574744480223,2.9297465020800995,3.056989428179261,3.1963586051356887,3.2665795912160798,3.42167318102878,3.604805923154952,3.795015402165764,3.9576494990671542,3.949844993457852,4.110811167036153,4.325140968749154,4.489740741494716,4.611267430560659,4.813643967185961,5.05966542031364,5.026515317024659,5.130694004079184,5.267965038801626,5.759894220120368,6.30881213929835,6.910041936173984,7.568568932691866,8.289853551977899,9.079876595481892,9.945188835031809,10.892965331010823,11.93106492705663,13.06809541460559,14.313484907617879,7.579934252569322,7.488008736485026,7.5769232412940015,7.7558333078339246,6.28261181969232,7.394561666049526,7.611505962381083,7.502882617958141,7.8394829527983,7.347941723566392,6.3693952445517965,7.572212349938836,7.76790800974922,7.972975986768902,8.202803616363056,7.4110968658824445,7.896463219806926,8.286227043571932,8.24374327903431,8.103348391022982,7.194331485337003,5.602885127977184,6.619652367519256,6.413579209937085,5.859316775392511,5.456664066012484,3.82878556572888,1.6782839387635802,2.6466019946473853,1.4524477070830524,10.41562332,10.44786793,10.67000459,10.99308847,9.595151778,10.86848157,11.27586586,11.35889093,11.85895606,11.35954205,10.54290842,11.96138832,12.32284667,12.65049613,13.08436999,12.54079542,12.99379657,13.48957783,13.58673011,13.9430218,13.58212164,12.59098373,14.26749693,14.78252821,15.01808161,15.47997437,14.79899058,13.68509152,15.78928985,15.83920231,
0.24844108361999856,0.3382979305962376,0.4054709640207612,0.45944815798598,0.5163370105909724,0.5869604277249572,0.6690529925939497,0.6852185642847928,0.6945509583158818,0.6937839280774891,0.7044192557685517,0.7193946272177598,0.7324593034740843,0.7443092770720944,0.7630672798872917,0.7867800289490028,0.795597900023449,0.8162551383182483,0.8428245975132287,0.8962710806871718,0.8872703796081363,0.8769195733661549,0.8906138982099365,0.8885896654177995,0.8862617977066215,0.8776475972067328,0.8677412666337088,0.8509230476138769,0.8380010932683265,0.8231408457720755,2.7743465379602195,2.8888985732805086,3.0143674175668376,3.15179344271367,3.22103537417701,3.3739665748855874,3.554545992618016,3.7421034799803614,3.902470054416618,3.8947743629621305,4.053496269061043,4.264837782035142,4.427142625921581,4.546974931688937,4.746529837721659,4.98912114192915,4.956433233255945,5.0591594111639555,5.194516547380638,5.679587016466535,6.2208516591363,6.8136988222524835,7.46304432001364,8.17427244371143,8.953280607597621,9.806528249502161,10.741090391680194,11.764716306007784,12.885893769970783,14.11391944624937,8.12886662842133,7.877254816124881,7.957378558414113,8.109459579302152,6.016429389233904,7.8016662573914415,7.849087754790124,7.645404385737041,8.046857977269806,7.2883245889628006,5.959313475172947,7.96117718074977,7.937658860607141,8.197692091241917,8.440803742394152,7.336032189125114,8.310719296724027,8.567418430521402,8.403230285109926,8.29131300285025,7.092562041259766,5.108549584385795,7.0875754217810165,6.764288950875602,6.173943924700863,5.8203901232964395,3.8641404916918027,1.2957268263847763,3.1811616967671834,1.8975371779854773,11.15165425,11.10445132,11.37721694,11.72070118,9.753801774,11.76259326,12.07268674,12.07272643,12.64387899,11.87688288,10.717229,12.94540959,13.09726079,13.4889763,13.95040086,13.11193336,14.06275043,14.44283298,14.44057143,14.8671711,14.20068408,12.79916798,15.44123364,15.82715106,16.01348633,16.50456597,15.47297215,13.91136618,16.90505656,16.83459747,
1.533342211331991,2.0879255935901733,2.502507779886618,2.8356471654912863,3.1867568844735983,3.622634336874667,4.129297699938518,4.229069255764593,4.286667433538358,4.281933434536428,4.347573129237636,4.439998942387642,4.520632222879406,4.593768535345304,4.7095401987824985,4.855891834966224,4.910314451932476,5.037807920345322,5.201790755721455,5.531654671559146,5.476103654412658,5.412219984687466,5.496739364625369,5.484246094428183,5.46987883370006,5.416713241878864,5.355572811295894,5.25177321113806,5.172020789508619,5.080305504641749,2.7545965476602183,2.8683331111007457,2.992908769037171,3.129356487174954,3.198105499871283,3.3499480154825823,3.529241926267772,3.7154642312708073,3.8746891897458906,3.86704828230252,4.024640280488719,4.234477297620603,4.395626727412752,4.514605972164064,4.712740288733812,4.9536046363987785,4.921149426081885,5.023144317905234,5.157537875098626,5.639155229395804,6.176566722757725,6.765193531437026,7.409916474983466,8.116081515049878,8.88954408343462,9.736717634586421,10.66462682516298,11.680965761601477,12.794161798682552,14.013445418097367,7.453507111009338,6.791326435310705,6.377590871077921,6.252878677335561,3.894388175657006,5.544981297644742,5.052650543795802,4.827406132966803,5.018863846718063,4.459314053163478,2.9223653402761935,5.101821629994435,4.939552729710657,4.968417422493591,5.119883292486798,4.1099077786382745,5.133890251989084,5.145737091753063,4.917593879183716,4.344235099049056,3.422533002833837,1.3112607138799905,3.525658080395798,3.063893970526797,2.351890842870458,2.0512433035401507,0.40564300354702565,5.7634996273391016e-12,6.042347690062432e-12,6.345965552575181e-12,11.74144587,11.74758514,11.87300742,12.21788233,10.27925056,12.51756365,12.71119017,12.77193962,13.18022047,12.60829577,11.29457875,13.77629787,13.85581168,14.07679193,14.54216378,13.91940425,14.96535413,15.20668933,15.27692251,15.515045,15.07520338,13.48867423,16.43231392,16.66422158,16.71131376,17.20467418,16.42584264,14.66078786,17.79913564,17.80960278,
2.8657562787359834,3.9022508055568568,4.677088604093069,5.299713011701006,5.955923265526029,6.7705610787593296,7.7174949746470665,7.903964087957041,8.011612816583336,8.002765158661282,8.125443166110704,8.298183375304983,8.448883804822032,8.585572695993088,8.801945381061637,9.075470832325685,9.177184562713892,9.415464840202995,9.721942309231814,10.33844499268636,10.23462232674708,10.11522626090433,10.273189657425913,10.249840226852012,10.222988381689483,10.123623981852115,10.009354922060457,9.815357552338147,9.666303413386066,9.494891153604229,2.630334487740208,2.73894030356786,2.8578962536439025,2.988188705762207,3.0538363953474,3.1988291732759437,3.370034991921395,3.5478566593637733,3.699898852236541,3.6926026322572487,3.843085528989675,4.043456629953754,4.197336479698721,4.310948475277706,4.500144793889563,4.730143557617178,4.69915242787228,4.796546248308222,4.924877204330124,5.3847684134359035,5.897936843236822,6.4600102243977595,7.075649198783335,7.749958567427853,8.488529618904193,9.297486491586223,10.183536954234842,11.154028025973867,12.21700689684961,13.38128765411973,6.609140513525354,5.414511380876904,4.579117692264736,4.184206742538586,1.7835168891284612,2.8470695279667186,2.017491203433633,1.6551031326813894,1.742958981182435,1.2820650690838997,2.5389831946768185e-12,1.7636102247439442,1.5730036054820673,1.4661162687321752,1.5426627050519222,0.5213126800604434,1.4463619494172877,1.4658273414924243,1.030788306441886,0.10688249388193102,4.131535651103356e-12,4.328972374561686e-12,4.556443243705296e-12,4.773504039348578e-12,5.001157724707129e-12,5.245559354109919e-12,5.49824514799854e-12,5.761959673740837e-12,6.0486051048352936e-12,6.341160463220586e-12,12.10523128,12.05570249,12.11410255,12.47210846,10.79327655,12.81645978,13.10502117,13.10692388,13.45447065,12.97743286,11.85937741,14.10525023,14.21922389,14.36263744,14.84475288,14.32692707,15.32269894,15.67783843,15.67760782,15.8300959,15.51656491,14.16319122,16.824687,17.18052943,17.05065627,17.56266401,16.90674727,15.39391776,18.35060654,18.27671559,
3.9338798739119767,5.356696248331303,6.420331297768348,7.275020038841462,8.1758127300174,9.294082040560324,10.59395677959462,10.849926590216432,10.997698112218288,10.985552758585431,11.15395526652298,11.391079141085141,11.59794857763349,11.785584100568586,12.08260313089272,12.458076884789522,12.597701318257103,12.924793330554113,13.345500965800658,14.19178629601174,14.049266885332978,13.885369563035132,14.102209016900035,14.070156795403205,14.033296740678363,13.896897279355022,13.740037898862443,13.473733902948643,13.269124361761316,13.033823389413813,2.687899879110213,2.798882554733574,2.9204418793438576,3.053585807589516,3.1206702098670007,3.2688361834655946,3.443788875370353,3.625502205233651,3.78087187161911,3.7734159724200884,3.9271922171602567,4.131948479365233,4.289196020107606,4.405294436717951,4.5986313542450485,4.833663686482794,4.801994309723654,4.901519613214908,5.032659117633494,5.502615136961392,6.0270143595143,6.601388827976492,7.23050118328313,7.919567946050488,8.674302771309577,9.50096382541585,10.406405677978443,11.39813613909024,12.484378513145984,13.674139785449157,5.624856486979352,4.131211696936743,2.853694412889503,2.3538966535708226,1.8803697571903954e-12,0.4905971059760758,2.0770132233206566e-12,2.1764218418408746e-12,2.28300404100356e-12,2.396945412348242e-12,2.517740983422369e-12,2.652534793397742e-12,2.785513828187131e-12,2.9261640465514954e-12,3.074293781220977e-12,3.2270922485397667e-12,3.3925330212884075e-12,3.561472693738264e-12,3.7407387188855105e-12,3.9250566828308946e-12,4.121956626943347e-12,4.3238911521302065e-12,4.542746126033712e-12,4.762458755460391e-12,4.992549776808409e-12,5.23729257063168e-12,5.49153116932836e-12,5.757427560128614e-12,6.0435975097370645e-12,6.335120111334108e-12,12.24663624,12.2867905,12.19446759,12.6825025,11.01538654,13.05351533,13.25810499,13.35816207,13.68143632,13.11740305,12.10342622,14.36614348,14.49178305,14.45791928,15.09517144,14.48145246,15.60611034,15.86097612,15.97812181,15.93511286,15.68392133,14.45464917,17.13587944,17.38122052,17.16377045,17.85893147,17.08909772,15.71070229,18.56496566,18.6270502,
4.749887027483973,6.467839089051513,7.752104619578319,8.784081978796134,9.87172665921545,11.221959269673684,12.79146783581941,13.100533623761484,13.278957484653349,13.26429281274827,13.467627157844294,13.753937785466361,14.003718278144898,14.23027515452412,14.588905027390451,15.042263536027779,15.210850352733994,15.60579126496327,16.1137665471454,17.135597370749636,16.96351506990537,16.765620423913617,17.027439020813322,16.98873818703864,16.944232228193542,16.77953934161303,16.59014252208078,16.268598922352037,16.02154709653747,15.73743749687236,2.7332784384902165,2.846134782837278,2.9697463368006303,3.1051380718567057,3.1733550287936403,3.324022419384472,3.5019287559469023,3.6867098671637493,3.844702567125242,3.837120793459257,3.993493170781375,4.201706237413893,4.361608515008777,4.4796669670107025,4.676267901497856,4.915268174925509,4.883064138856714,4.984269681604417,5.11762315308129,5.595513220583676,6.128765630505797,6.712836995093486,7.352570360726382,8.05327031610409,8.820746977229295,9.661364164159725,10.582092169004616,11.590565552711217,12.695146449885048,13.904993906559458,4.819065884027349,3.0718543381128294,1.574000223622759,0.9110029193489618,1.871523965183806e-12,1.972121938222129e-12,2.0682646103133102e-12,2.1714592747360107e-12,2.278081079969269e-12,2.392274036666644e-12,2.514973619708325e-12,2.6477829621070916e-12,2.7810479898780992e-12,2.922035973592916e-12,3.069891125212109e-12,3.223785562472432e-12,3.3886264114292137e-12,3.557770149499979e-12,3.737007152494264e-12,3.9217660197168745e-12,4.1193598232892926e-12,4.321332654082713e-12,4.5387477729656605e-12,4.758050299654156e-12,4.988343440838217e-12,5.233011468494745e-12,5.487533823780698e-12,5.754747802434373e-12,6.040867225762624e-12,6.331146977235351e-12,12.30223135,12.38582821,12.29585118,12.80022297,11.31745614,13.15271792,13.31829179,13.46583559,13.80842901,13.22032232,12.43533259,14.47532163,14.60859412,14.57812098,15.23528659,14.59507407,15.72471185,15.93297897,16.10691352,16.0675958,15.80697751,14.85103199,17.26610671,17.4601247,17.30646833,18.02470016,17.22317893,16.14152924,18.64924361,18.77719361,
5.1710872582079705,7.041380165045743,8.439529022615655,9.563017842903891,10.74711033096317,12.217075954810005,13.925762014306356,14.262234471172732,14.456480218130409,14.440515144099097,14.66188033341794,14.973579796967126,15.245509785104778,15.492156783217608,15.882588461963062,16.376148918001206,16.559685312599022,16.989647942690386,17.54266836064504,18.655110892732583,18.467769048998196,18.252325928680957,18.53736151006553,18.495228847276646,18.44677628506484,18.267479118124623,18.06128737618184,17.71123062706451,17.442271272622047,17.132968015036774,2.7976517510402217,2.913166052449249,3.0396888667825728,3.1782693053218787,3.2480928865339957,3.40230874803398,3.5844050785783215,3.7735380963035547,3.9352517905523543,3.927491453341942,4.087546663623114,4.300663498794754,4.4643317444476756,4.5851706719119125,4.786401889660787,5.031031022221209,4.998068526842145,5.101657630643618,5.238151801062143,5.727296984855157,6.273108387512362,6.870935616842789,7.525735781128405,8.242938401070436,9.028490430692946,9.888905568738474,10.83131826943973,11.863542900517809,12.994138538937618,14.232479941698745,4.426553720753343,2.460626502506628,0.9229624206034809,0.16788988177603786,1.86940823919846e-12,1.9691663686210837e-12,2.066457131088152e-12,2.169760512740453e-12,2.276039435582557e-12,2.3895629325028378e-12,2.5131074017815924e-12,2.6456479321487357e-12,2.7787653571494368e-12,2.919957382038949e-12,3.067759167543675e-12,3.221740218533481e-12,3.3868027735058518e-12,3.556076518917098e-12,3.734968424757412e-12,3.9198606190069615e-12,4.1177141932737395e-12,4.3194395405414544e-12,4.5364084679109426e-12,4.755428241676888e-12,4.985641911889725e-12,5.2302339988597504e-12,5.484571263539507e-12,5.752457268795512e-12,6.038698310688628e-12,6.327982464673552e-12,12.39529273,12.41517272,12.40218031,12.90917703,11.46595253,13.24805548,13.41903925,13.49773885,13.92596481,13.22992811,12.59849665,14.58024609,14.64320481,14.70418618,15.36496763,14.60567875,15.83869252,16.05350548,16.14507402,16.20654133,15.81846276,15.04589246,17.39126019,17.59220345,17.45612708,18.17812437,17.23569318,16.35332232,18.79031756,18.82168054,
5.314304610287969,7.236396758630735,8.673268454782999,9.827873186657866,11.04476005282177,12.555437537401916,14.311447008930939,14.657238336648657,14.85686387322174,14.840456633836345,15.067952707178971,15.3882849339335,15.667746238196285,15.921224320026012,16.322469312955892,16.82969931624311,17.018318896471357,17.460189681714674,18.028526437598057,19.171778945582613,18.97924852129375,18.757838533338237,19.050768400619784,19.007468840406936,18.957674346157443,18.773411402350114,18.56150901701122,18.201757169323127,17.925348772805567,17.607479116834586,2.90521312779023,3.0251686100178676,3.156555849701816,3.3004642933276607,3.372972383261065,3.5331173852888007,3.7222147773509633,3.9186193962566676,4.086550500369388,4.078491801308153,4.244700657684645,4.466011200379441,4.635972002575949,4.761456826870703,4.970424785555293,5.2244591796110305,5.190229374466636,5.297801170759067,5.439543135469041,5.947494494612454,6.514290719949548,7.135102625561257,7.815077905777763,8.559854830198898,9.375608995517368,10.269104532790681,11.247750194766132,12.319660788327836,13.493724461455956,14.779676402633097,4.323222901923336,2.344346661353017,0.7405043955168927,1.7222776263804305e-11,1.867848795838953e-12,1.967736204066732e-12,2.0649848289410284e-12,2.1683573388405176e-12,2.274491783573912e-12,2.3873554898861485e-12,2.511318367848847e-12,2.644124950808861e-12,2.777132091317726e-12,2.918281663500141e-12,3.0661667345149065e-12,3.2197857693542847e-12,3.3855523121075367e-12,3.5547417698162955e-12,3.733496283941177e-12,3.918159381171996e-12,4.116102533717817e-12,4.317388169604634e-12,4.534587662708941e-12,4.753077863341103e-12,4.983144423885961e-12,5.227753250546211e-12,5.481425722737607e-12,5.749650261180376e-12,6.035865722477514e-12,6.324758391049044e-12,12.54274064,12.60591203,12.5703287,13.12833748,11.52560493,13.49412944,13.57866511,13.70511006,14.16238737,13.18876041,12.66404119,14.85106463,14.86817427,14.9035451,15.62582031,14.56023011,16.13288587,16.24446957,16.39311731,16.42626913,15.76924028,15.12416974,17.71429148,17.80147109,17.69279673,18.4867363,17.18206069,16.4384016,19.01383733,19.11084561,
5.18956906187997,7.066546517747241,8.469692450670857,9.597196693396858,10.785521205361569,12.260740582376346,13.975533597472522,14.313208628880446,14.508148622827223,14.492126488578375,14.714282851544949,15.027096349339223,15.299998233018824,15.547526763615595,15.939353870686583,16.434678344037387,16.618870709699365,17.050370054318805,17.605367003374347,18.721785477744003,18.53377406202165,18.31756093391816,18.603615251091096,18.561332003413007,18.5127062685786,18.33276828185081,18.125839597152453,17.77453172234565,17.504611089600125,17.194202361966415,3.054276329670242,3.180386592107589,3.3185151625552334,3.4698073857665555,3.5460357838399332,3.7143976449128755,3.9131974104285776,4.119679328337944,4.296226787593368,4.287754605791895,4.46249145072637,4.6951571872237565,4.873838486077519,5.005761794873737,5.225451663325941,5.492520275010455,5.456534177253396,5.569625360827246,5.718639945538253,6.252653714791596,6.848531613811789,7.501196676608597,8.21606071988994,8.999051306495993,9.856660896005602,10.79600067939547,11.824859544142383,12.951768658699669,14.186072211874249,15.538004893666274,4.418545598451326,2.42255869014679,0.809321556775619,0.07385686083839736,1.8662691291961412e-12,1.966454000567556e-12,2.063487347839554e-12,2.166710065076111e-12,2.2728836471337978e-12,2.385592067392686e-12,2.5094889925857482e-12,2.6425554745889585e-12,2.7753706431123628e-12,2.9164295024258304e-12,3.064260613330998e-12,3.2177895060567888e-12,3.384223197363515e-12,3.5534438343714903e-12,3.7318232187519e-12,3.91607956124099e-12,4.11438824043038e-12,4.314993715318067e-12,4.532525024323523e-12,4.750616837560258e-12,4.980199865957671e-12,5.22462802760029e-12,5.478007100998591e-12,5.74617147983887e-12,6.031997164949409e-12,6.320625961824421e-12,12.66239099,12.6694918,12.59752917,13.14086094,11.46595253,13.62940571,13.70819757,13.77423379,14.17589724,13.11465854,12.59849665,14.99994393,14.94316409,14.93579434,15.64072617,14.47842255,16.2946152,16.39943223,16.47579841,16.46181334,15.68063983,15.04589246,17.89187412,17.97128662,17.73108152,18.50437127,17.08552222,16.35332232,19.19521812,19.20723397,
4.743002309183972,6.4584642871077635,7.740868340435446,8.771349901254462,9.857418096340156,11.205693613690979,12.772927257447007,13.0815450703375,13.259710314968991,13.245066898755773,13.448106521118689,13.73400215613018,13.983420604760306,14.209649098535106,14.56775915574385,15.020460544411204,15.18880300314945,15.583171468726817,16.090410466719245,17.110760198809082,16.93892732245826,16.74131951463399,17.002758618868935,16.964113879973347,16.919672430239213,16.75521825757412,16.566095959044546,16.245018420317358,15.99832468348815,15.71462688615617,3.184493063160252,3.315979940108419,3.4599975164297656,3.617739967774554,3.6972183052525187,3.8727581454035964,4.080033586755358,4.295318703187961,4.479393128234554,4.470559741446811,4.652746358016773,4.8953316201010955,5.081630859364004,5.219178617453089,5.448234795290203,5.726689672812367,5.689169335322166,5.807082074944645,5.962449782415023,6.51923081997194,7.140513517115845,7.821004455297551,8.566346179887976,9.382718970831863,10.276892088752705,11.256279904811395,12.329003379740467,13.503957401830272,14.790884542225221,16.20045583909971,4.705889467657313,2.8730391927854377,1.2878614131364983,0.741752300972789,1.8657012730191e-12,1.9663157478387536e-12,2.062625081037752e-12,2.1658355763467218e-12,2.2725059669019548e-12,2.385269037020812e-12,2.508765016508662e-12,2.641846301396665e-12,2.7746933286102585e-12,2.9155192436298567e-12,3.0635809257792707e-12,3.216677631052923e-12,3.3835832814543456e-12,3.552884706326973e-12,3.7310753058962185e-12,3.9147516294822896e-12,4.1133624935033614e-12,4.313678670025058e-12,4.5312972922992106e-12,4.749217932428171e-12,4.978373568323621e-12,5.22290858876565e-12,5.4757605117327124e-12,5.7437826718170594e-12,6.028462659464644e-12,6.317686034674591e-12,12.63338484,12.64748342,12.48872727,13.13084217,11.38091614,13.54437491,13.67679576,13.75030635,14.16508935,12.93900967,12.50506082,14.90636265,14.91720608,14.80679739,15.62880148,14.28450834,16.19295677,16.36186552,16.44717803,16.31963652,15.47062393,14.9343057,17.78025074,17.93011922,17.57794234,18.4902633,16.85669028,16.23203911,19.15124702,19.17386877,
3.9976842863999766,5.443577614299801,6.524463980911278,7.393015095705034,8.308417930117708,9.444824682232177,10.765782358898118,11.025903796896683,11.17607205582137,11.16372971418231,11.334863577276815,11.575833413075275,11.786058107863262,11.976736930209238,12.278573373706882,12.660137014188916,12.80202604526291,13.134423230656974,13.561954410179524,14.421965817449903,14.277134854929713,14.110579248013947,14.330935665894405,14.298363582778236,14.260905687191094,14.12229393475253,13.962890419477919,13.692267183895625,13.484339038179606,13.245221670624398,3.3036943070402613,3.440102971844536,3.5895113824046767,3.7531584144912182,3.835611767615625,4.017722376451543,4.232756506531736,4.456100128088591,4.647064786524568,4.637900750345575,4.826906936273267,5.078572596528944,5.271845347937612,5.4145417634525215,5.6521719217553015,5.941049861004019,5.902125070493847,6.024451493849821,6.185634891171593,6.763257234056939,7.407795648463165,8.113758573762292,8.886999765842427,9.733930843527796,10.66157445291658,11.67762249828011,12.79049992236677,14.009434564968881,15.344533679010961,16.806867738621147,5.148300656561302,3.525378693857283,2.092856076685754,1.7066479698055494,1.867988475203716e-12,1.972769766726372e-12,2.0632109343786875e-12,2.165730483941985e-12,2.273165290928315e-12,2.386744407858961e-12,2.5091972744732866e-12,2.6426126226845317e-12,2.774987751822546e-12,2.915553771717325e-12,3.063750868707045e-12,3.2169006561528147e-12,3.3841638775874086e-12,3.5532688445686235e-12,3.731101439253508e-12,3.914095956727197e-12,4.1134716719261104e-12,4.3135259880200165e-12,4.531245418825811e-12,4.748778253366863e-12,4.9773888759185794e-12,5.221792477590245e-12,5.474995061785284e-12,5.742381127515954e-12,6.024981246027147e-12,6.315376662089751e-12,12.44967925,12.40905928,12.20683144,12.85282148,11.30984094,13.3794667,13.47791764,13.49109234,13.86517043,12.89509745,12.42696521,14.7248717,14.63599425,14.47257802,15.29789123,14.23602979,15.99580101,16.12394306,16.13712392,15.95126932,15.41811996,14.84103915,17.56376904,17.66939233,17.18117263,18.09876702,16.7994823,16.13066806,18.87276338,18.81241243,
2.996048230427983,4.079667104779601,4.889732996425163,5.540665097133259,6.226710028570461,7.0783854473377135,8.068371805967656,8.26331875979872,8.375861750736835,8.366611832989992,8.494867410709043,8.675461274158085,8.83301331671295,8.975916784656443,9.202126879709784,9.488088198303885,9.594426355599742,9.843540074381158,10.163951578165719,10.808483629800198,10.699940653946406,10.575116231701394,10.740261452923635,10.71585043769826,10.68777777018642,10.583895756035659,10.464431439784567,10.2616139564637,10.10578305327108,9.926577514613218,3.423337183800271,3.5646858713655485,3.7195050888558168,3.8890785777729273,3.974517968783857,4.163223690576569,4.386045254823887,4.617477237743993,4.815357657437325,4.8058617468325275,5.001712768180263,5.262492468893777,5.462764568858569,5.610628717241246,5.856864622051411,6.156204239794584,6.115869792857063,6.242626252358597,6.409646886285594,7.008187750184336,7.676068042777525,8.407597327254832,9.208841352542828,10.086443933440766,11.047682040298278,12.100526138739303,13.253706279761747,14.51678448822362,15.900234049951894,17.415526354912767,5.670134205773289,4.417462953856472,3.313224744720729,3.0899539150956157,1.099728542647576,1.7384705020877127,0.6335947992105585,0.2327743924595015,0.31458872182816716,2.3946500254632035e-12,2.51199430504425e-12,0.34736954695085476,2.79436997405096e-12,2.920438815118935e-12,3.0736885523007507e-12,3.2191752143950042e-12,3.3922754086648873e-12,3.5586802958648463e-12,3.734204641277229e-12,3.91500469318986e-12,4.114899855007829e-12,4.314750299026333e-12,4.532209801663958e-12,4.749216523273446e-12,4.97752573821719e-12,5.221621845877139e-12,5.475183258699337e-12,5.741824641555305e-12,6.0211126774311774e-12,6.313561745180513e-12,12.08951962,12.06181593,11.92246283,12.51969759,11.30095654,12.98007964,13.08801186,13.11357039,13.50580813,12.84157943,12.41720325,14.28532329,14.22643445,14.13542691,14.90139517,14.17694655,15.51831441,15.6574898,15.68555793,15.57967082,15.35413074,14.82938083,17.03947743,17.15823042,16.78092248,17.62967689,16.72976006,16.11799668,18.32678886,18.2859837,
1.7584717083359898,2.394480539506912,2.86993281623585,3.2519846375376016,3.654645245710552,4.154519417753998,4.73557248145606,4.849992769973657,4.916047669733372,4.9106186120509685,4.985895706246151,5.091891730058113,5.184363809315563,5.2682381951981405,5.401007770885002,5.5688471545501805,5.631260248979784,5.7774726571067765,5.965531900849342,6.343827338954849,6.280120169544487,6.206856924714852,6.303785671167214,6.289458104871844,6.2729814036306095,6.212009894215696,6.141892658401626,6.022852917067186,5.931391026779284,5.826209852956209,3.4960264024802767,3.640376408673817,3.7984829704576217,3.9716570875794432,4.058910650622994,4.251623243705647,4.4791760758768016,4.715522155513888,4.91760425687844,4.907906715442246,5.107916327356759,5.3742332777406165,5.578757842971971,5.729761655617807,5.98122599530617,6.286921622336623,6.245730736410955,6.375178671367321,6.545745727610251,7.156995671978992,7.8390573595192246,8.586119525882028,9.40437671669921,10.300613817801263,11.282262314638343,12.35746191322399,13.535128033554836,14.825025735153202,16.237850687713877,17.785317858253478,6.565506069185279,5.711505501820893,4.948659893308236,5.088166514884756,3.5835930436683494,4.322709628542352,3.581488172669235,3.205095384514665,3.4478925033905083,2.9022955025092236,2.3192075263996546,3.5427081522039656,3.0912479177152985,2.7753560791870435,3.2717240138119723,2.187861763116525,3.3409689546127534,3.155781161529595,2.7640548615442806,1.6797833390702748,1.0905672909406687,0.031407959409328896,1.001518702138423,0.18564470733232205,4.98196799680923e-12,5.226450351038028e-12,5.4782161610340185e-12,5.7437131117005826e-12,6.019659595478937e-12,6.314590674783717e-12,11.82000418,11.74636245,11.61707568,12.31180824,11.29714894,12.72885229,12.79623673,12.77061031,13.28154443,12.72082083,12.41301956,14.00883316,13.85436957,13.77335593,14.65395778,14.04363054,15.21795994,15.30843249,15.27533249,15.18060635,15.20974482,14.82438441,16.70968109,16.77571663,16.35108863,17.33693643,16.57243811,16.11256609,17.91822404,17.80774916,
0.48670897543199715,0.6627432016964757,0.7943386600576043,0.9000827841320618,1.01153099857967,1.1498859376821067,1.3107095323782452,1.3423787262180091,1.3606613704208756,1.359158718379539,1.3799938772368316,1.4093314070388914,1.4349257858043305,1.4581404990262603,1.4948883999704514,1.54134290593354,1.55861757296365,1.5990861747714513,1.6511371241319468,1.755841558225549,1.7382087177286547,1.7179309511550898,1.744758844178389,1.7407932670929027,1.7362328534441618,1.7193571876389062,1.6999501719664827,1.6670024081406998,1.6416876290048885,1.612575633000923,3.4918978574402764,3.636077397100248,3.7939972468898358,3.966966858364391,4.05411738149249,4.246602395452814,4.47388650479169,4.70995347743058,4.911796934986072,4.902110845619167,5.10188426117926,5.367886711213865,5.572169748269475,5.722995236735243,5.974162615893897,6.279497239310696,6.2383549967327045,6.367650063384236,6.538015692723313,7.148543796740896,7.8298000205709375,8.575979962531969,9.393270852961887,10.288449565249774,11.268938808818696,12.34286867729973,13.519144062246994,14.807518491379723,16.218675003608784,17.76431473145317,7.788219417129276,7.474440991204903,7.1363052930542725,7.434739837505351,6.3330365599297345,7.331075616867072,6.95407071283216,6.747522766353616,6.99827823459537,6.661273016003726,6.042706591586465,7.230197141749927,6.879000495929011,6.7197512642414665,7.172982074138775,6.445488734759056,7.419447090307107,7.272823961847942,7.121160143148613,6.4167821650375805,5.882926201704671,4.663711416317394,5.569960132864419,4.67100022766239,3.4973159277425476,3.260602595066885,1.616143055792504,5.738334039793339e-12,4.623211591589522e-12,6.322280189838478e-12,11.76682625,11.77326159,11.7246412,12.30178948,11.39868494,12.72756395,12.73866675,12.79985497,13.27073654,12.92254258,12.52458473,14.00741526,13.88609603,13.900887,14.64203309,14.26632888,15.21641966,15.2395602,15.31031296,15.32116752,15.45093494,14.95762233,16.70798983,16.70024306,16.50248759,17.32282846,16.83523729,16.25738187,17.83761035,17.84852885,
0.05517392792399968,0.07512938426924726,0.09004720724199633,0.10203449117258775,0.11466839780176587,0.13035248382296924,0.14858364427027243,0.15217370302514832,0.15424624605276302,0.15407590356966014,0.15643780279713382,0.15976354124962552,0.16266495149793764,0.16529659993414372,0.1694623871712775,0.17472852708882786,0.17668680458470598,0.18127437504680163,0.18717493466940302,0.19904435806533696,0.19704547758484547,0.19474676503203808,0.19778800797337995,0.19733846527880053,0.19682149117998524,0.1949084449535781,0.1927084417936203,0.18897344277296896,0.18610372828247387,0.1828035566186559,3.449171242980273,3.5915866120214086,3.747574165732185,3.9184273333116177,4.0045114888213895,4.194641269806245,4.4191443469073315,4.652322820816172,4.851696536144275,4.842128965079709,5.039457967299415,5.3022056302262515,5.50398907453278,5.652969073021603,5.90106318594729,6.202661756573133,6.162022927556596,6.289735948945083,6.458016996529715,7.061074721978871,7.733995142984084,8.471044880111082,9.278335457186282,10.162560826256746,11.131052872999625,12.191842211797093,13.353724774581949,14.62633474560019,16.020224446856457,17.54695183664234,8.78700886909728,8.672650073710972,8.464411727027532,8.839873725517597,8.049909433378733,8.988767336372776,8.73878811882449,8.610825566160878,8.86733356780527,8.357226361353058,8.175189669905999,9.1905897285268,8.887139843972093,8.767184677047211,9.236309176884546,8.364634396341323,9.578537027862136,9.447881126011758,9.401300778804679,8.815554949959795,8.035089559435319,7.302773424861325,8.001391154844981,7.084787638469409,5.987295055825594,5.722597343255101,3.8501574236301845,2.5408634316331935,2.4264262648681907,0.9770005667462618,12.29135404,12.33936607,12.3020331,12.86033555,12.16908932,13.31376109,13.30651611,13.41532209,13.87327635,13.35343123,13.37108544,14.6525589,14.55379387,14.58545035,15.30683475,14.74202468,15.91724676,15.91889145,16.04649271,16.07567403,15.96613018,15.96856507,17.47751462,17.44468693,17.31516942,18.109348,17.39659064,17.35617162,18.63275444,18.70675596,
0.0015448313639999912,0.002103570174249923,0.00252125877605922,0.0028568943358594783,0.0032106348786297184,0.003649778309465454,0.00416023804145889,0.004260757173806591,0.004318786927945339,0.004314017457646225,0.00438014898285202,0.004473267331738599,0.004554504787908071,0.004628189102152885,0.004744828229034331,0.004892276460797895,0.00494710686002586,0.0050755556219876236,0.005240767161443409,0.005573102708767349,0.005517135454389446,0.005452773111848075,0.005537925785549323,0.005525338904749392,0.005510863991828101,0.005457300036486613,0.005395701487855393,0.005291124129513981,0.005210774132378582,0.0051183716356799115,3.292706492700261,3.4286614735544063,3.577572964083971,3.740675719661022,3.8228548397445836,4.004359763740059,4.2186787080680315,4.44127950719048,4.631609032948496,4.622475475596774,4.810853042564274,5.061681683624575,5.2543116258287315,5.396533444854093,5.633373264881491,5.921290419969088,5.882495090096493,6.004414665874031,6.165061980532014,6.740763199223535,7.3831579321101355,8.086772883040817,8.857442338795193,9.701556593682959,10.626114937061528,11.638783690564068,12.74795977627539,13.96284034295499,15.293499027639143,16.750969484973595,8.808562775937292,8.716639036272973,8.594591197141684,8.933960506004924,8.293525045378676,9.072561037952466,8.8795654138926,8.761081305637912,9.040104560125872,8.490613556948006,8.501464238455421,9.329764389046362,9.068516159386173,9.03330365604671,9.451091006892582,8.555269763573394,9.751014003046915,9.66521764850761,9.62655666231035,9.162926228071647,8.295246262439727,7.8113859338517555,8.308415705423872,7.4700168774171685,6.5043011589517254,6.207636489404927,4.335742242242838,3.317442462922016,3.048232478235036,1.6596494033981743,12.1028141,12.14740408,12.17468542,12.67749312,12.11959052,13.08057058,13.10240436,13.20662157,13.67603238,13.11740305,13.31669743,14.39591934,14.32738229,14.43446529,15.0892091,14.48145246,15.6384562,15.67470787,15.79685941,15.90926253,15.68392133,15.90361159,17.17139597,17.17709881,17.13592696,17.85187748,17.08909772,17.28557393,18.34694228,18.41573726,
7.674239999999955e-07,1.0449879999999617e-06,1.2524826593036926e-06,1.419215928608389e-06,1.5949431883087614e-06,1.8130959369641697e-06,2.0666763979091165e-06,2.1166111651726854e-06,2.1454385356404013e-06,2.143069211673965e-06,2.1759212891124523e-06,2.2221795781666706e-06,2.262535810578975e-06,2.2991398778530853e-06,2.357082555218268e-06,2.4303302341881786e-06,2.45756826500351e-06,2.5213776004409435e-06,2.6034495361938723e-06,2.768543462309634e-06,2.740740677342544e-06,2.7087674746270214e-06,2.7510686648962956e-06,2.744815895412127e-06,2.7376252105046517e-06,2.711016309480303e-06,2.68041607330801e-06,2.6284653060475648e-06,2.588549935581513e-06,2.5426472595490498e-06,3.203401861920254,3.335669478171815,3.4805421982521683,3.639221288556198,3.719171550406219,3.895753706381494,4.1042599023716475,4.320823333079682,4.505990750383138,4.497104912944749,4.6803733123922875,4.924398990835484,5.111804432798317,5.250168918330676,5.480585179887727,5.760693459423455,5.722950334664782,5.841563213436739,5.997853459174934,6.557940536463682,7.182912269589252,7.867443808881678,8.617211203868672,9.438431431597925,10.337913947029774,11.323117146182273,12.402210210213994,13.584140843247928,14.878709465609983,16.296650477683045,8.361589190657297,8.326326466841811,8.084604049266884,8.526061112229677,7.924467384652484,8.602482950524557,8.415900530954046,8.358062980311352,8.617486164180637,8.208618943988464,8.113360211688969,8.830628186987612,8.643057144668683,8.4616179925324,8.998971603032825,8.266270140249587,9.219297147770389,9.136592805189292,9.167764977379331,8.554805934996834,8.008781569674312,7.41161230235526,7.789731015067288,6.97535237359108,5.940082785350092,5.807487452806948,4.150559969375995,3.0226064782933295,2.652932715846567,1.383196199676374,11.56499182,11.66199699,11.5651475,12.16528382,11.64364053,12.49823847,12.5201625,12.67888843,13.12347906,12.705726,12.7937357,13.7550294,13.75486384,13.71178921,14.47955914,14.02696603,14.94224994,14.97815854,15.16562104,15.11274924,15.19169658,15.27905882,16.40694497,16.41378655,16.27799947,17.13060731,16.55277286,16.60674995,17.53164477,17.67984922,
