RE_PV_MY_y1,RE_PV_MY_y2,RE_PV_MY_y3,RE_PV_MY_y4,RE_PV_MY_y5,RE_PV_MY_y6,RE_PV_MY_y7,RE_PV_MY_y8,RE_PV_MY_y9,RE_PV_MY_y10,RE_PV_MY_y11,RE_PV_MY_y12,RE_PV_MY_y13,RE_PV_MY_y14,RE_PV_MY_y15,RE_PV_MY_y16,RE_PV_MY_y17,RE_PV_MY_y18,RE_PV_MY_y19,RE_PV_MY_y20,RE_PV_MY_y21,RE_PV_MY_y22,RE_PV_MY_y23,RE_PV_MY_y24,RE_PV_MY_y25,RE_PV_MY_y26,RE_PV_MY_y27,RE_PV_MY_y28,RE_PV_MY_y29,RE_PV_MY_y30,RE_WIND_MY_y1,RE_WIND_MY_y2,RE_WIND_MY_y3,RE_WIND_MY_y4,RE_WIND_MY_y5,RE_WIND_MY_y6,RE_WIND_MY_y7,RE_WIND_MY_y8,RE_WIND_MY_y9,RE_WIND_MY_y10,RE_WIND_MY_y11,RE_WIND_MY_y12,RE_WIND_MY_y13,RE_WIND_MY_y14,RE_WIND_MY_y15,RE_WIND_MY_y16,RE_WIND_MY_y17,RE_WIND_MY_y18,RE_WIND_MY_y19,RE_WIND_MY_y20,RE_WIND_MY_y21,RE_WIND_MY_y22,RE_WIND_MY_y23,RE_WIND_MY_y24,RE_WIND_MY_y25,RE_WIND_MY_y26,RE_WIND_MY_y27,RE_WIND_MY_y28,RE_WIND_MY_y29,RE_WIND_MY_y30,PP_CO2_MY_y1,PP_CO2_MY_y2,PP_CO2_MY_y3,PP_CO2_MY_y4,PP_CO2_MY_y5,PP_CO2_MY_y6,PP_CO2_MY_y7,PP_CO2_MY_y8,PP_CO2_MY_y9,PP_CO2_MY_y10,PP_CO2_MY_y11,PP_CO2_MY_y12,PP_CO2_MY_y13,PP_CO2_MY_y14,PP_CO2_MY_y15,PP_CO2_MY_y16,PP_CO2_MY_y17,PP_CO2_MY_y18,PP_CO2_MY_y19,PP_CO2_MY_y20,PP_CO2_MY_y21,PP_CO2_MY_y22,PP_CO2_MY_y23,PP_CO2_MY_y24,PP_CO2_MY_y25,PP_CO2_MY_y26,PP_CO2_MY_y27,PP_CO2_MY_y28,PP_CO2_MY_y29,PP_CO2_MY_y30,EL_Demand_MY_y1,EL_Demand_MY_y2,EL_Demand_MY_y3,EL_Demand_MY_y4,EL_Demand_MY_y5,EL_Demand_MY_y6,EL_Demand_MY_y7,EL_Demand_MY_y8,EL_Demand_MY_y9,EL_Demand_MY_y10,EL_Demand_MY_y11,EL_Demand_MY_y12,EL_Demand_MY_y13,EL_Demand_MY_y14,EL_Demand_MY_y15,EL_Demand_MY_y16,EL_Demand_MY_y17,EL_Demand_MY_y18,EL_Demand_MY_y19,EL_Demand_MY_y20,EL_Demand_MY_y21,EL_Demand_MY_y22,EL_Demand_MY_y23,EL_Demand_MY_y24,EL_Demand_MY_y25,EL_Demand_MY_y26,EL_Demand_MY_y27,EL_Demand_MY_y28,EL_Demand_MY_y29,EL_Demand_MY_y30,EL_Demand_MY_y31
0.0,0.0,0.0,0.0,0.0,0.0,0.0,0.0,0.0,0.0,0.0,0.0,0.0,0.0,0.0,0.0,0.0,0.0,0.0,0.0,0.0,0.0,0.0,0.0,0.0,0.0,0.0,0.0,0.0,0.0,0.25704509602099995,0.25704509602099995,0.25704509602099995,0.25704509602099995,0.24550531340899998,0.242157351787,0.23923678952099997,0.195998221339,0.185063921148,0.169143295137,0.14414043281099997,0.116359474671,0.11176493159399999,0.11176493159399999,0.027674108301,0.011504165999,0.0,0.0,0.0,0.0,0.0,0.0,0.0,0.0,0.0,0.0,0.0,0.0,0.0,0.0,35.520551323979,36.530470693979,37.487476683979,36.088274093978995,37.904854716591004,39.932170818213,40.768910110479,42.05041674866099,40.574802848852,38.732973884863,43.695105847189,45.938313285329,47.207374008406,48.409666698406,46.690098191699,44.540730754001,51.4851392,52.4309859,53.97162513,55.20619398,49.53849188,55.596218,58.27537235,59.30153905,60.92164151,58.52951668,55.61597685,62.3036024,65.01513289,66.62204538,35.77759642,36.78751579,37.74452178,36.34531919,38.15036003,40.17432817,41.0081469,42.24641497,40.75986677,38.90211718,43.83924628,46.05467276,47.31913894,48.52143163,46.7177723,44.55223492,51.4851392,52.4309859,53.97162513,55.20619398,49.53849188,55.596218,58.27537235,59.30153905,60.92164151,58.52951668,55.61597685,62.3036024,65.01513289,66.62204538,
0.0,0.0,0.0,0.0,0.0,0.0,0.0,0.0,0.0,0.0,0.0,0.0,0.0,0.0,0.0,0.0,0.0,0.0,0.0,0.0,0.0,0.0,0.0,0.0,0.0,0.0,0.0,0.0,0.0,0.0,0.25182711119999995,0.25182711119999995,0.25182711119999995,0.25182711119999995,0.24052158479999997,0.23724158639999998,0.23438031119999997,0.19201948079999998,0.18130714559999997,0.16570970639999996,0.14121439919999998,0.11399739119999999,0.10949611679999999,0.10949611679999999,0.027112327199999998,0.0112706328,0.0,0.0,0.0,0.0,0.0,0.0,0.0,0.0,0.0,0.0,0.0,0.0,0.0,0.0,34.2567816588,35.2791359888,36.0330724488,34.2511410188,36.5067497452,38.66973909359999,39.3192576988,40.6113829592,38.5124343144,37.2518756936,42.085718110799995,44.4878253388,45.5933610432,46.5355583232,44.3225273128,42.8408200972,49.86097857,50.57132286,52.12811411,53.07130968,47.64806867,53.55150794,56.43700566,57.19818588,58.56573456,55.56264448,53.49363259,60.01220907,62.70912553,64.34643343,34.50860877,35.5309631,36.28489956,34.50296813,36.74727133,38.90698068,39.55363801,40.80340244,38.69374146,37.4175854,42.22693251,44.60182273,45.70285716,46.64505444,44.34963964,42.85209073,49.86097857,50.57132286,52.12811411,53.07130968,47.64806867,53.55150794,56.43700566,57.19818588,58.56573456,55.56264448,53.49363259,60.01220907,62.70912553,64.34643343,
0.0,0.0,0.0,0.0,0.0,0.0,0.0,0.0,0.0,0.0,0.0,0.0,0.0,0.0,0.0,0.0,0.0,0.0,0.0,0.0,0.0,0.0,0.0,0.0,0.0,0.0,0.0,0.0,0.0,0.0,0.23752910113099998,0.23752910113099998,0.23752910113099998,0.23752910113099998,0.226865469599,0.223771699957,0.22107287963099997,0.181117173829,0.171013053828,0.156301191807,0.133196656821,0.107524951281,0.103279246134,0.103279246134,0.025572968211,0.010630719089,0.0,0.0,0.0,0.0,0.0,0.0,0.0,0.0,0.0,0.0,0.0,0.0,0.0,0.0,33.542304788869,34.152892848868994,35.005214458869,33.299525298869,35.848961810401,37.745527560043,38.497246090368996,39.312499226171,37.439493596172,36.490178828192995,41.322167753179,43.419367268719,44.132519763866,45.202060213866,43.082494481789,41.958359800911,48.65929927,49.5033253,50.45480571,51.54702313,46.66613245,52.57301784,55.07684018,55.99023799,56.88364,54.0071632,52.3912304,58.91566941,61.38479408,62.28091794,33.77983389,34.39042195,35.24274356,33.5370544,36.07582728,37.96929926,38.71831897,39.4936164,37.61050665,36.64648002,41.45536441,43.52689222,44.23579901,45.30533946,43.10806745,41.96899052,48.65929927,49.5033253,50.45480571,51.54702313,46.66613245,52.57301784,55.07684018,55.99023799,56.88364,54.0071632,52.3912304,58.91566941,61.38479408,62.28091794,
0.0,0.0,0.0,0.0,0.0,0.0,0.0,0.0,0.0,0.0,0.0,0.0,0.0,0.0,0.0,0.0,0.0,0.0,0.0,0.0,0.0,0.0,0.0,0.0,0.0,0.0,0.0,0.0,0.0,0.0,0.22091417424999998,0.22091417424999998,0.22091417424999998,0.22091417424999998,0.21099645325,0.20811908975,0.20560904924999998,0.16844820575,0.159050859,0.14536807724999998,0.12387968174999998,0.10000368674999999,0.09605496449999999,0.09605496449999999,0.02378416425,0.00988711075,0.0,0.0,0.0,0.0,0.0,0.0,0.0,0.0,0.0,0.0,0.0,0.0,0.0,0.0,33.21881560575,34.01302036575,34.53475361575,32.668248385750005,35.48029571675,37.20440057025,38.12288387075,39.145459614249994,36.724870201,36.11944590275,40.88960869825,42.78861271325,43.9384570255,44.5831376355,42.25149204575,41.52200443925,47.94576214,49.00491302,50.22522022,50.83461248,46.18011366,52.01263786,54.26919661,55.42651379,56.09747412,52.96381575,51.84558581,58.2876826,60.76675609,61.99751986,33.43972978,34.23393454,34.75566779,32.88916256,35.69129217,37.41251966,38.32849292,39.31390782,36.88392106,36.26481398,41.01348838,42.8886164,44.03451199,44.6791926,42.27527621,41.53189155,47.94576214,49.00491302,50.22522022,50.83461248,46.18011366,52.01263786,54.26919661,55.42651379,56.09747412,52.96381575,51.84558581,58.2876826,60.76675609,61.99751986,
0.0,0.0,0.0,0.0,0.0,0.0,0.0,0.0,0.0,0.0,0.0,0.0,0.0,0.0,0.0,0.0,0.0,0.0,0.0,0.0,0.0,0.0,0.0,0.0,0.0,0.0,0.0,0.0,0.0,0.0,0.17939794873,0.17939794873,0.17939794873,0.17939794873,0.17134405717,0.16900743431,0.16696910373,0.13679186807000002,0.12916055724,0.11804916981,0.10059907143,0.08121007323,0.07800343122,0.07800343122,0.019314425130000003,0.00802903387,0.0,0.0,0.0,0.0,0.0,0.0,0.0,0.0,0.0,0.0,0.0,0.0,0.0,0.0,33.42981057127,33.981648621270004,34.58567221127,32.49568864127,35.65035993283,37.535190775690005,38.355779706270006,39.09341213193,36.51468259276,36.63330415019,41.06274781857,43.14177806677,43.86275401878,44.61327613878,41.98079147487,42.08106651613,48.3195608,49.25327898,50.11828496,50.84836466,46.79967956,52.20268598,54.69229455,55.70742561,56.11265005,52.6190736,52.54116135,58.500659,61.07473325,61.86552002,33.60920852,34.16104657,34.76507016,32.67508659,35.82170399,37.70419821,38.52274881,39.230204,36.64384315,36.75135332,41.16334689,43.22298814,43.94075745,44.69127957,42.0001059,42.08909555,48.3195608,49.25327898,50.11828496,50.84836466,46.79967956,52.20268598,54.69229455,55.70742561,56.11265005,52.6190736,52.54116135,58.500659,61.07473325,61.86552002,
0.0,0.0,0.0,0.0,0.0,0.0,0.0,0.0,0.0,0.0,0.0,0.0,0.0,0.0,0.0,0.0,0.0,0.0,0.0,0.0,0.0,0.0,0.0,0.0,0.0,0.0,0.0,0.0,0.0,0.0,0.16599111547200002,0.16599111547200002,0.16599111547200002,0.16599111547200002,0.158539110288,0.15637710878400002,0.154491107472,0.12656908804800002,0.119508083136,0.109227075984,0.093081064752,0.075141052272,0.07217405020800001,0.07217405020800001,0.017871012432,0.007429005168000001,0.0,0.0,0.0,0.0,0.0,0.0,0.0,0.0,0.0,0.0,0.0,0.0,0.0,0.0,34.456012004528,35.100029054527994,34.809693694527994,32.633732864528,37.144813179712,38.753152731216,39.529119082528005,40.372575541952,36.664111076864,38.260129624015995,42.772853805248,44.529603957728,45.289891649792004,44.889855389792004,42.142442067568,43.934667664832,49.86424543,50.73749885,51.73941157,51.15641554,48.86006735,54.36188032,56.44070337,57.38613756,56.45259316,52.81978628,54.85432179,60.92034852,62.915186,63.86662283,34.62200312,35.26602017,34.97568481,32.79972398,37.30335229,38.90952984,39.68361019,40.49914463,36.78361916,38.3693567,42.86593487,44.60474501,45.3620657,44.96202944,42.16031308,43.94209667,49.86424543,50.73749885,51.73941157,51.15641554,48.86006735,54.36188032,56.44070337,57.38613756,56.45259316,52.81978628,54.85432179,60.92034852,62.915186,63.86662283,
0.0,0.0,0.0,0.0,0.0,0.0,0.0,0.0,0.0,0.0,0.0,0.0,0.0,0.0,0.0,0.0,0.0,0.0,0.0,0.0,0.0,0.0,0.0,0.0,0.0,0.0,0.0,0.0,0.0,0.0,0.160347320434,0.160347320434,0.160347320434,0.160347320434,0.153148687786,0.15106019559800002,0.14923831943399998,0.122265665006,0.115444738392,0.105513291498,0.08991625409399999,0.072586212534,0.069720090276,0.069720090276,0.017263387554,0.007176414646000001,0.0,0.0,0.0,0.0,0.0,0.0,0.0,0.0,0.0,0.0,0.0,0.0,0.0,0.0,36.473586299566,37.091093409566,36.038580739566,33.117711669566,39.422485872214,41.068255834402,41.840439060566005,42.656916064994,37.204608591608,41.664652088502,45.387137925906,47.180030007466,47.846157389724,46.464816059724,42.757894922446,47.829660125354,52.82433633,53.68592217,54.65225773,52.94556535,53.19070396,57.6732593,59.79119251,60.72092209,58.42697204,53.59008401,59.71624989,64.63122755,66.57127086,67.4622116,36.63393362,37.25144073,36.19892806,33.27805899,39.57563456,41.21931603,41.98967738,42.77918173,37.32005333,41.77016538,45.47705418,47.25261622,47.91587748,46.53453615,42.77515831,47.83683654,52.82433633,53.68592217,54.65225773,52.94556535,53.19070396,57.6732593,59.79119251,60.72092209,58.42697204,53.59008401,59.71624989,64.63122755,66.57127086,67.4622116,
0.0,0.0,0.0,0.0,0.0,0.0,0.0,0.0,0.0,0.0,0.0,0.0,0.0,0.0,0.0,0.0,0.0,0.0,0.0,0.0,0.0,0.0,0.0,0.0,0.0,0.0,0.0,0.0,0.0,0.0,0.154763715176,0.154763715176,0.154763715176,0.154763715176,0.14781575290399998,0.145799986072,0.14404155117599998,0.11800813698399999,0.11142472828799999,0.10183911367199999,0.086785195416,0.070058619576,0.06729230126399999,0.06729230126399999,0.016662242856,0.006926517944,0.0,0.0,0.0,0.0,0.0,0.0,0.0,0.0,0.0,0.0,0.0,0.0,0.0,0.0,38.519171474824,39.394484324824,37.003429784824,33.305083984823995,41.764844527095995,43.018258713928,44.183877978824,45.299952513015995,37.412497601712,45.040431876328,48.075786144584,49.411953620424,50.804214588736,47.700401138736005,42.992164777144,51.691778022056,55.31660818,56.67548279,58.02341211,54.34861383,57.4847897,61.07898841,62.61216322,64.10223455,59.97527686,53.88283163,64.53714297,68.44783954,70.27836654,71.62353154,38.67393519,39.54924804,37.1581935,33.4598477,41.91266028,43.1640587,44.32791953,45.41796065,37.52392233,45.14227099,48.16257134,49.48201224,50.87150689,47.76769344,43.00882702,51.69870454,55.31660818,56.67548279,58.02341211,54.34861383,57.4847897,61.07898841,62.61216322,64.10223455,59.97527686,53.88283163,64.53714297,68.44783954,70.27836654,71.62353154,
0.11311492536000001,0.11311492536000001,0.11311492536000001,0.11311492536000001,0.10824976728,0.10683827080000001,0.10560696536000001,0.08737763848000002,0.08276775104,0.07605563480000001,0.06551445896000001,0.053802041360000004,0.05186498768000001,0.05186498768000001,0.01641240056,0.009595172880000004,0.0024776268000000004,0.0,0.0,0.0,0.0,0.0,0.0,0.0,0.0,0.0,0.0,0.0,0.0,0.0,0.134506426131,0.134506426131,0.134506426131,0.134506426131,0.128467894599,0.12671597495700002,0.12518770463099999,0.102561848829,0.096840153828,0.088509216807,0.075425731821,0.060888526281,0.058484296134,0.058484296134,0.014481293211,0.0060198940890000005,0.0,0.0,0.0,0.0,0.0,0.0,0.0,0.0,0.0,0.0,0.0,0.0,0.0,0.0,39.449642628509004,40.418822258509,38.810217208509,33.741777598509,42.646017898121,44.060633554243005,45.270060490009,46.510997372691,37.938185625132,46.669826678393,49.136361629218996,50.662868562359,52.198186756186,50.099380606185996,43.658611196229,53.620972473031,56.7624398732,58.1751402,59.6624698,57.12708786,59.6395593,62.49267145,64.25148608,65.79840697,63.04140381,54.73560659,66.95626418,70.03207582,72.13796204,73.6467683,39.69726398,40.66644361,39.05783856,33.98939895,42.88273556,44.2941878,45.50085516,46.70093686,38.11779353,46.83439153,49.27730182,50.77755913,52.30853604,50.20972989,43.68950489,53.63658754,56.7649175,58.1751402,59.6624698,57.12708786,59.6395593,62.49267145,64.25148608,65.79840697,63.04140381,54.73560659,66.95626418,70.03207582,72.13796204,73.6467683,
0.9406463804370001,0.9406463804370001,0.9406463804370001,0.9406463804370001,0.9001884716010001,0.8884506832350001,0.8782113359370001,0.7266190478910002,0.6882839305680001,0.6324670007850001,0.5448081983070001,0.44740952888700003,0.4313012874060001,0.4313012874060001,0.136483007277,0.07979198687100003,0.020603564685000006,0.0,0.0,0.0,0.0,0.0,0.0,0.0,0.0,0.0,0.0,0.0,0.0,0.0,0.129971703568,0.129971703568,0.129971703568,0.129971703568,0.124136753872,0.12244389809600002,0.120967151568,0.09910409931200001,0.093575304384,0.085525234896,0.072882843888,0.058835742768,0.056512568352000005,0.056512568352000005,0.013993073808000002,0.005816940592000001,0.0,0.0,0.0,0.0,0.0,0.0,0.0,0.0,0.0,0.0,0.0,0.0,0.0,0.0,39.840844645995,40.627471855995005,39.109964445995004,33.900047365995,43.045599024527,44.570380568669,45.893386732495,47.059946032797,38.436386635047995,47.448711594319,50.023830067805,51.746793088345,53.147710824242004,51.165228654242,44.800335238915,55.076795082537004,58.393772045315,59.95451176,61.17601666,58.76924462,61.33614414,64.22275213,66.11848667,67.81094728,64.85357158,56.31581156,68.86098957,71.97088142,74.34440689,75.51507571,40.91146273,41.69808994,40.18058253,34.97066545,44.06992425,45.58127515,46.89256522,47.88566918,39.21824587,48.16670383,50.64152111,52.25303836,53.63552468,51.65304251,44.95081132,55.16240401,58.41437561,59.95451176,61.17601666,58.76924462,61.33614414,64.22275213,66.11848667,67.81094728,64.85357158,56.31581156,68.86098957,71.97088142,74.34440689,75.51507571,
2.226317705208,2.226317705208,2.226317705208,2.226317705208,2.130562104984,2.10278115924,2.078546717208,1.7197587583440002,1.629027371712,1.4969201084400001,1.289449641288,1.058926900008,1.0208019851040002,1.0208019851040002,0.323027379768,0.18885132266400007,0.04876442604000001,0.0,0.0,0.0,0.0,0.0,0.0,0.0,0.0,0.0,0.0,0.0,0.0,0.0,0.116368647297,0.116368647297,0.116368647297,0.116368647297,0.111144393213,0.10962871455900002,0.108306526797,0.088731698223,0.083781556236,0.076574020509,0.065254803327,0.052677895347,0.050597868258,0.050597868258,0.012528535257000002,0.005208129843,0.0,0.0,0.0,0.0,0.0,0.0,0.0,0.0,0.0,0.0,0.0,0.0,0.0,0.0,39.238790947495005,39.927296217495005,38.910571747495,33.312278827495,42.478594381803006,44.039915596201006,45.473680155995,46.733934503433,38.272852562051995,47.466200491051,50.034175835385,51.910705984645,53.299740336637996,51.960591226637995,45.494844844975006,55.968127947493,59.22559119396,60.93639785,62.01505061,60.33816993,62.44782263,65.17054085,67.09188707,68.92149966,66.58492631,57.41778929,70.10905108,73.03301575,75.56195895,76.55077101,41.5814773,42.26998257,41.2532581,35.65496518,44.72030088,46.25232547,47.6605334,48.54242496,39.98566149,49.03969462,51.38888028,53.02231078,54.37114019,53.03199108,45.83040076,56.1621874,59.27435562,60.93639785,62.01505061,60.33816993,62.44782263,65.17054085,67.09188707,68.92149966,66.58492631,57.41778929,70.10905108,73.03301575,75.56195895,76.55077101,
3.25763161263,3.25763161263,3.25763161263,3.25763161263,3.11751842499,3.07686830265,3.04140755763,2.5164155520900002,2.3836539823200003,2.19034967715,1.8867711039300001,1.54946157813,1.4936757719400002,1.4936757719400002,0.47266578423,0.2763343422900001,0.07135393815000002,0.0,0.0,0.0,0.0,0.0,0.0,0.0,0.0,0.0,0.0,0.0,0.0,0.0,0.11699340855299999,0.11699340855299999,0.11699340855299999,0.11699340855299999,0.111741106437,0.110217290391,0.10888800405299999,0.089208081927,0.08423136356399999,0.076985131941,0.065605144023,0.052960713002999996,0.050869518642,0.050869518642,0.012595798593,0.005236091307,0.0,0.0,0.0,0.0,0.0,0.0,0.0,0.0,0.0,0.0,0.0,0.0,0.0,0.0,38.316424898817,39.257026278817,38.343333188817,32.596357408817,41.935005148573005,43.613037316959,44.635829568317,46.352138065983,37.872177244116,47.308868000909,49.946670602047,52.047867438866994,53.291803059418,52.084828239418,45.751343397177,56.495047246403004,59.905027801850004,61.09697321,62.54566129,61.01785332,63.13101955,65.81752578,67.88650148,69.1031168,67.33497671,57.9266949,70.87606402,73.75805594,75.76107457,77.20575164,41.69104992,42.6316513,41.71795821,35.97098243,45.16426468,46.80012291,47.78612513,48.9577617,40.34006259,49.57620281,51.89904685,53.65028973,54.83634835,53.62937353,46.23660498,56.77661768,59.97638174,61.09697321,62.54566129,61.01785332,63.13101955,65.81752578,67.88650148,69.1031168,67.33497671,57.9266949,70.87606402,73.75805594,75.76107457,77.20575164,
4.061019840372,4.061019840372,4.061019840372,4.061019840372,3.8863523203560004,3.8356771756600003,3.791471198372,3.1370070955960005,2.9715042294080005,2.73052774346,2.352081450092,1.931585568572,1.8620420189360003,1.8620420189360003,0.589233331412,0.34448316447600014,0.08895105186000002,0.0,0.0,0.0,0.0,0.0,0.0,0.0,0.0,0.0,0.0,0.0,0.0,0.0,0.12329935612399999,0.12329935612399999,0.12329935612399999,0.12329935612399999,0.11776395479599999,0.116158005028,0.114757070124,0.094016399716,0.08877143611199999,0.081134632428,0.069141262884,0.055815296724,0.053611386936,0.053611386936,0.013274712444,0.005518316756,0.0,0.0,0.0,0.0,0.0,0.0,0.0,0.0,0.0,0.0,0.0,0.0,0.0,0.0,37.697769503504,38.722086643504,37.586388363504,31.995540913504,41.278864234848,42.849456539312,44.098864801504,46.042263564688,37.51403514448,47.224815224112,49.614242577024,51.664228734704,53.274106904128,51.781530594128,45.902585426144,56.953740998768,59.88892855814,61.37693477,62.94875861,61.09500599,63.71713982,65.99052942,67.8881969,69.41976451,67.42011693,58.26306586,71.53409073,73.95193153,76.1082307,77.70333101,41.8820887,42.90640584,41.77070756,36.17986011,45.28298051,46.80129172,48.00509307,49.27328706,40.57431081,50.0364776,52.03546529,53.6516296,55.18976031,53.697184,46.50509347,57.30374248,59.97787961,61.37693477,62.94875861,61.09500599,63.71713982,65.99052942,67.8881969,69.41976451,67.42011693,58.26306586,71.53409073,73.95193153,76.1082307,77.70333101,
4.565173413438,4.565173413438,4.565173413438,4.565173413438,4.368821868774,4.31185567989,4.262161770438,3.5264495012340005,3.3404003524320003,3.06950794359,2.6440795968180004,2.171381433738,2.0932044298440005,2.0932044298440005,0.6623834515979999,0.38724887975400013,0.09999384219000002,0.0,0.0,0.0,0.0,0.0,0.0,0.0,0.0,0.0,0.0,0.0,0.0,0.0,0.129368607746,0.129368607746,0.129368607746,0.129368607746,0.12356073343400001,0.12187573286200001,0.120405838746,0.09864423561400001,0.093141095448,0.085128379962,0.072544652286,0.058562732646,0.056250338244000005,0.056250338244000005,0.013928143026000001,0.005789948774000001,0.0,0.0,0.0,0.0,0.0,0.0,0.0,0.0,0.0,0.0,0.0,0.0,0.0,0.0,37.089959928816,38.414874068816005,36.795229078816,31.333156078816003,40.852617417792004,42.202289477248,43.510671890816,45.881328273152,36.97012558212,46.778392426448,49.390108740896,51.232223803616,53.301434091912,51.186579101912,45.633194935376,56.792229951472,59.66608405781,61.23392434,63.2465986,60.68410047,63.58540662,66.08090996,67.64846124,69.258014,66.96667073,58.01802829,71.38619623,74.053216,75.93089583,78.07098178,41.78450195,43.10941609,41.4897711,36.0276981,45.34500002,46.63602089,47.8932395,49.50642201,40.40366703,49.93302875,52.10673299,53.46216797,55.45088886,53.33603387,46.30950653,57.18526878,59.7660779,61.23392434,63.2465986,60.68410047,63.58540662,66.08090996,67.64846124,69.258014,66.96667073,58.01802829,71.38619623,74.053216,75.93089583,78.07098178,
4.5103951700280005,4.5103951700280005,4.5103951700280005,4.5103951700280005,4.316399678844,4.26011703634,4.2110194120280005,3.4841350716040003,3.300318356192,3.0326764285400003,2.6123528643080003,2.145326681828,2.068087736264,2.068087736264,0.654435406988,0.38260221872400013,0.09879400014000002,0.0,0.0,0.0,0.0,0.0,0.0,0.0,0.0,0.0,0.0,0.0,0.0,0.0,0.146957403824,0.146957403824,0.146957403824,0.146957403824,0.140359898096,0.138445806928,0.13677606782399998,0.112055784016,0.10580444371199998,0.09670232932799999,0.08240773358399998,0.066524849424,0.06389806473599999,0.06389806473599999,0.015821796144,0.0065771430559999995,0.0,0.0,0.0,0.0,0.0,0.0,0.0,0.0,0.0,0.0,0.0,0.0,0.0,0.0,36.978043986147995,38.215645846148,35.960437186148,30.914091356148,40.92662604306,42.244008126732,43.37453998014799,45.63873146438,36.485872860096,46.307229522132005,49.456081962108,51.257825268748,53.014803139,50.083096439,45.052786506867996,56.22756917822,59.675678109859994,61.0154149,62.89974599,59.40871616,62.95325796,66.13684901,67.65796255,69.01087109,65.55924703,57.28328895,70.67649427,74.11590378,75.65994115,77.64283032,41.63539656,42.87299842,40.61778976,35.57144393,45.38338562,46.64257097,47.72233546,49.23492232,39.89199566,49.43660828,52.15084256,53.4696768,55.14678894,52.21508224,45.72304371,56.61674854,59.77447211,61.0154149,62.89974599,59.40871616,62.95325796,66.13684901,67.65796255,69.01087109,65.55924703,57.28328895,70.67649427,74.11590378,75.65994115,77.64283032,
4.074547759965,4.074547759965,4.074547759965,4.074547759965,3.899298393945,3.848454442075,3.804101207465,3.1474569779950006,2.98140279476,2.739623576825,2.359916617115,1.9380199952150001,1.8682447846700003,1.8682447846700003,0.591196163765,0.34563069409500013,0.08924736232500002,0.0,0.0,0.0,0.0,0.0,0.0,0.0,0.0,0.0,0.0,0.0,0.0,0.0,0.174412142016,0.174412142016,0.174412142016,0.174412142016,0.166582083264,0.16431039955200002,0.162328718016,0.132990164544,0.125570942208,0.114768361152,0.097803233856,0.078953092416,0.075835569024,0.075835569024,0.018777640896,0.007805891904,0.0,0.0,0.0,0.0,0.0,0.0,0.0,0.0,0.0,0.0,0.0,0.0,0.0,0.0,37.383183978019,38.511602168018996,35.888616988018995,31.269077098019,41.221202062791,42.556645968373005,43.752177314518995,45.825354397461,36.725128113032,47.021835102023005,49.582459159029,51.368835042369,53.058083666306004,49.653677446306,45.044421365339,56.766780654001,59.591466837675,61.01064819,62.7347886,58.70634337,63.51307454,65.99650729,67.55183917,69.00547975,64.78415822,57.19728387,71.30499031,73.9586306,75.65403037,77.43920853,41.63214388,42.76056207,40.13757689,35.518037,45.28708254,46.56941081,47.71860724,49.10580154,39.83210185,49.87622704,52.04017901,53.38580813,55.00216402,51.5977578,45.65439517,57.12021724,59.6807142,61.01064819,62.7347886,58.70634337,63.51307454,65.99650729,67.55183917,69.00547975,64.78415822,57.19728387,71.30499031,73.9586306,75.65403037,77.43920853,
3.3827354882820004,3.3827354882820004,3.3827354882820004,3.3827354882820004,3.2372414887860006,3.1950302667100003,3.1582077112820004,2.6130542687260006,2.4751942136480003,2.2744663810100003,1.9592293821020004,1.6089660499820002,1.5510378835160004,1.5510378835160004,0.490817720522,0.2869464990060001,0.07409416641000002,0.0,0.0,0.0,0.0,0.0,0.0,0.0,0.0,0.0,0.0,0.0,0.0,0.0,0.17756947126099998,0.17756947126099998,0.17756947126099998,0.17756947126099998,0.16959766736899998,0.167284860067,0.165267304761,0.135397644499,0.127844114268,0.116845977417,0.09957373565099999,0.080382355911,0.07720839695399999,0.07720839695399999,0.019117566741,0.007947199559,0.0,0.0,0.0,0.0,0.0,0.0,0.0,0.0,0.0,0.0,0.0,0.0,0.0,0.0,37.870332970457,39.019210530456995,36.580267150457,31.932683980456996,41.838252463844995,43.199686453223,44.164166863957,46.149437546775005,37.200973092084,47.430351101573,49.933123392247,51.687965994107,53.14104068953,49.97336193953,45.112263452737004,56.762835171435,59.59712478359,60.71534731,62.46917191,58.71072426,63.44359253,65.93531425,67.54109161,68.67148267,64.78899266,57.15694715,71.22698409,73.89005495,75.28785328,77.11133389,41.43063793,42.57951549,40.14057211,35.49298894,45.24509162,46.56200158,47.48764188,48.89788946,39.80401142,49.82166346,51.99192651,53.3773144,54.76928697,51.60160822,45.62219874,57.05772887,59.67121895,60.71534731,62.46917191,58.71072426,63.44359253,65.93531425,67.54109161,68.67148267,64.78899266,57.15694715,71.22698409,73.89005495,75.28785328,77.11133389,
2.245757365008,2.245757365008,2.245757365008,2.245757365008,2.149165650384,2.12114212824,2.096696077008,1.734775269744,1.643251638912,1.50999084744,1.300708799088,1.068173189808,1.029715377504,1.029715377504,0.32584797556799994,0.19050032606400005,0.04919022504000001,0.0,0.0,0.0,0.0,0.0,0.0,0.0,0.0,0.0,0.0,0.0,0.0,0.0,0.207544089956,0.207544089956,0.207544089956,0.207544089956,0.19822660552399998,0.195523384732,0.19316525595599998,0.15825344700400001,0.14942484292799998,0.136570165332,0.11638228239599999,0.093951301356,0.090241562184,0.090241562184,0.022344708036,0.009288726764000001,0.0,0.0,0.0,0.0,0.0,0.0,0.0,0.0,0.0,0.0,0.0,0.0,0.0,0.0,39.167016235036,39.388318075036004,37.498485185036,33.999688745036,42.459504304092,44.012318027028,45.415190777035995,46.157468413252,39.087939148160004,47.840750837228,50.071297808516,51.948064858836,52.700187350312,50.238963310311995,46.507978446396,56.475027217172,59.32340602496,60.99331727,61.3865915,58.43460134,63.01782459,65.29673605,67.20308439,68.98587779,64.48428299,58.70290716,70.74898206,73.17443573,75.63253979,75.77500723,41.62031769,41.84161953,39.95178664,36.4529902,44.80689656,46.32898354,47.70505211,48.05049713,40.88061563,49.48731185,51.48838889,53.11018935,53.82014429,51.35892025,46.85617113,56.67481627,59.37259625,60.99331727,61.3865915,58.43460134,63.01782459,65.29673605,67.20308439,68.98587779,64.48428299,58.70290716,70.74898206,73.17443573,75.63253979,75.77500723,
1.0463239748970001,1.0463239748970001,1.0463239748970001,1.0463239748970001,1.0013207931810002,0.9882643145350001,0.9768746203970001,0.8082515876710001,0.7656096840080001,0.7035219610850001,0.6060150673670001,0.49767407434700006,0.4797561408860001,0.4797561408860001,0.151816288937,0.08875627505100003,0.022918286985000008,0.0,0.0,0.0,0.0,0.0,0.0,0.0,0.0,0.0,0.0,0.0,0.0,0.0,0.276641979047,0.276641979047,0.276641979047,0.276641979047,0.264222413963,0.260619206809,0.257475983547,0.21094094647300002,0.199173025236,0.182038625259,0.155129567577,0.125230614597,0.120285787758,0.120285787758,0.029783957007000005,0.012381233093000002,0.0,0.0,0.0,0.0,0.0,0.0,0.0,0.0,0.0,0.0,0.0,0.0,0.0,0.0,40.684579976056,41.267240836056004,40.403011936056004,37.680515956056,44.396676452856,45.843065348656005,46.914541066055996,47.890974715856004,42.776110520756,49.195717533656,51.710110995056,53.361925761056,54.182997081356,53.039641071355994,49.952937764056,57.253912291856004,60.327451033014995,61.56078855,62.48485732,61.02958313,63.77418942,66.54319164,68.30981326,69.62771047,67.34792089,62.81014986,71.59813929,74.57126948,76.33621187,77.1306958,42.00754593,42.59020679,41.72597789,39.00348191,45.66221966,47.09194887,48.14889167,48.91016725,43.74089323,50.08127812,52.47125563,53.98483045,54.78303901,53.639683,50.13453801,57.3550498,60.35036932,61.56078855,62.48485732,61.02958313,63.77418942,66.54319164,68.30981326,69.62771047,67.34792089,62.81014986,71.59813929,74.57126948,76.33621187,77.1306958,
0.10359786875400001,0.10359786875400001,0.10359786875400001,0.10359786875400001,0.099142046442,0.09784930787,0.096721599754,0.08002601862200001,0.075803989456,0.06965660497000001,0.06000232329400001,0.049275343654,0.04750126625200001,0.04750126625200001,0.015031524034,0.008787871782000004,0.0022691687700000006,0.0,0.0,0.0,0.0,0.0,0.0,0.0,0.0,0.0,0.0,0.0,0.0,0.0,0.356902546378,0.356902546378,0.356902546378,0.356902546378,0.340879763362,0.336231178166,0.332176029378,0.272140046102,0.256957964664,0.23485245846599997,0.200136428598,0.161563062078,0.155183620692,0.155183620692,0.038425007418,0.015973329982,0.0,0.0,0.0,0.0,0.0,0.0,0.0,0.0,0.0,0.0,0.0,0.0,0.0,0.0,42.817431294867994,43.438079414868,41.945820214868,41.408164354868,47.331659140195995,48.295299623964,49.176105460867994,50.060523685275996,46.62132279588,52.298554776563996,54.635135758108,55.651095244268,56.263291503056,54.311594013056,53.763948038548,60.218336808235996,62.44653912123,63.42250051,64.40439489,62.02467146,66.98546609,69.6172929,70.68500955,71.73338105,68.44602983,67.42416266,75.20338205,78.0162445,78.64475992,79.50015419,43.27793171,43.89857983,42.40632063,41.86866477,47.77168095,48.72938011,49.60500309,50.41268975,46.95408475,52.60306384,54.89527451,55.86193365,56.46597639,54.5142789,53.81740457,60.24309801,62.44880829,63.42250051,64.40439489,62.02467146,66.98546609,69.6172929,70.68500955,71.73338105,68.44602983,67.42416266,75.20338205,78.0162445,78.64475992,79.50015419,
0.0,0.0,0.0,0.0,0.0,0.0,0.0,0.0,0.0,0.0,0.0,0.0,0.0,0.0,0.0,0.0,0.0,0.0,0.0,0.0,0.0,0.0,0.0,0.0,0.0,0.0,0.0,0.0,0.0,0.0,0.37012934435399997,0.37012934435399997,0.37012934435399997,0.37012934435399997,0.35351275746599997,0.34869189583800003,0.34448646335399996,0.282225548286,0.26648081935199996,0.24355608373799997,0.207553478814,0.16755058445399998,0.160934721156,0.160934721156,0.039849037074,0.016565301126,0.0,0.0,0.0,0.0,0.0,0.0,0.0,0.0,0.0,0.0,0.0,0.0,0.0,0.0,42.565150715646,43.010175555646,41.027297205646,41.363558655646,46.936329192534004,48.058309584162,48.867770596646,49.535282461714,46.536232720648,52.200089906262,54.134031401186,55.324817645546,55.638393678844,53.05638814884399,53.604058252926,60.043961108874,62.03566612,62.92035488,63.64402444,60.54903474,66.7824612,68.91511273,70.2173792,71.16543429,66.81762177,67.20679973,74.9754721,77.22935007,78.02209254,78.56156034,42.93528006,43.3803049,41.39742655,41.733688,47.28984195,48.40700148,49.21225706,49.81750801,46.80271354,52.44364599,54.34158488,55.49236823,55.7993284,53.21732287,53.64390729,60.06052641,62.03566612,62.92035488,63.64402444,60.54903474,66.7824612,68.91511273,70.2173792,71.16543429,66.81762177,67.20679973,74.9754721,77.22935007,78.02209254,78.56156034,
0.0,0.0,0.0,0.0,0.0,0.0,0.0,0.0,0.0,0.0,0.0,0.0,0.0,0.0,0.0,0.0,0.0,0.0,0.0,0.0,0.0,0.0,0.0,0.0,0.0,0.0,0.0,0.0,0.0,0.0,0.355526365516,0.355526365516,0.355526365516,0.355526365516,0.33956536476399996,0.334934704052,0.33089519151599994,0.271090701044,0.255967160208,0.23394689065199997,0.19936472235599997,0.16094009091599998,0.15458524802399998,0.15458524802399998,0.038276844396,0.015911738404,0.0,0.0,0.0,0.0,0.0,0.0,0.0,0.0,0.0,0.0,0.0,0.0,0.0,0.0,41.124067504484,41.635069884484004,40.502240954484,40.193972094484,45.260255005236004,46.430181175948,47.212859808484,47.950489788956,45.218723699792,50.238927969348,52.200186797644,53.449218589084,53.857185181976,52.368993541976,52.083489525604,57.787610051596,59.93151871,60.78709077,61.60515791,59.75971404,64.2728541,66.45225766,67.83572159,68.75262738,65.94658341,65.299813,72.1579812,74.46936479,75.37681614,76.04480347,41.47959387,41.99059625,40.85776732,40.54949846,45.59982037,46.76511588,47.543755,48.22158049,45.47469086,50.47287486,52.39955152,53.61015868,54.01177043,52.52357879,52.12176637,57.80352179,59.93151871,60.78709077,61.60515791,59.75971404,64.2728541,66.45225766,67.83572159,68.75262738,65.94658341,65.299813,72.1579812,74.46936479,75.37681614,76.04480347,
0.0,0.0,0.0,0.0,0.0,0.0,0.0,0.0,0.0,0.0,0.0,0.0,0.0,0.0,0.0,0.0,0.0,0.0,0.0,0.0,0.0,0.0,0.0,0.0,0.0,0.0,0.0,0.0,0.0,0.0,0.317770658884,0.317770658884,0.317770658884,0.317770658884,0.303504662836,0.29936576274800003,0.295755232884,0.24230177855600002,0.228784306992,0.209102516148,0.178192858044,0.143848793484,0.138168813576,0.138168813576,0.034211972004,0.014221965196,0.0,0.0,0.0,0.0,0.0,0.0,0.0,0.0,0.0,0.0,0.0,0.0,0.0,0.0,39.536569241116,40.394107751115996,39.862223601116,38.059263631115996,43.222469247164,44.518662027252,45.385139757116,46.510811951444005,42.809572193008,47.895648103852,49.838265401956,51.234225156516004,52.228809206423996,51.514117466424,49.295098907996,55.077230794804,57.43624111,58.40533021,59.72912801,58.7683842,61.25725207,63.43005761,65.0113487,66.05876106,64.85262208,61.8013356,68.77241886,71.08255258,72.42340077,73.72905054,39.8543399,40.71187841,40.17999426,38.37703429,43.52597391,44.81802779,45.68089499,46.75311373,43.0383565,48.10475062,50.01645826,51.37807395,52.36697802,51.65228628,49.32931088,55.09145276,57.43624111,58.40533021,59.72912801,58.7683842,61.25725207,63.43005761,65.0113487,66.05876106,64.85262208,61.8013356,68.77241886,71.08255258,72.42340077,73.72905054,
0.0,0.0,0.0,0.0,0.0,0.0,0.0,0.0,0.0,0.0,0.0,0.0,0.0,0.0,0.0,0.0,0.0,0.0,0.0,0.0,0.0,0.0,0.0,0.0,0.0,0.0,0.0,0.0,0.0,0.0,0.280460291671,0.280460291671,0.280460291671,0.280460291671,0.267869307259,0.26421636733700005,0.261029760171,0.213852429689,0.201922083348,0.184551188187,0.157270721961,0.126959092821,0.121946015694,0.121946015694,0.030195045951,0.012552123349000001,0.0,0.0,0.0,0.0,0.0,0.0,0.0,0.0,0.0,0.0,0.0,0.0,0.0,0.0,37.837464758329,38.856084648329,37.415150498329005,35.586890358329,40.902592152741,42.359921822663,43.429593039829,44.730164110311,40.021921486652,45.144676721813,47.152426968039,48.736104097179,50.218708084306,48.336609434306,46.073203074049005,51.900262836650995,54.6246767,55.86066674,57.41792798,55.13465539,57.72286322,59.99738794,61.82897481,63.18064506,60.8426966,57.7598091,64.80442384,67.2357498,69.2679836,70.87612786,38.11792505,39.13654494,37.69561079,35.86735065,41.17046146,42.62413819,43.6906228,44.94401654,40.22384357,45.32922791,47.30969769,48.86306319,50.3406541,48.45855545,46.10339812,51.91281496,54.6246767,55.86066674,57.41792798,55.13465539,57.72286322,59.99738794,61.82897481,63.18064506,60.8426966,57.7598091,64.80442384,67.2357498,69.2679836,70.87612786,
0.0,0.0,0.0,0.0,0.0,0.0,0.0,0.0,0.0,0.0,0.0,0.0,0.0,0.0,0.0,0.0,0.0,0.0,0.0,0.0,0.0,0.0,0.0,0.0,0.0,0.0,0.0,0.0,0.0,0.0,0.7035577394089999,0.7035577394089999,0.7035577394089999,0.7035577394089999,0.6719722180609999,0.662808517423,0.6548146509089999,0.536466432031,0.506538175692,0.46296185457299993,0.39452655831899996,0.318487340259,0.305911623426,0.305911623426,0.075746759529,0.031488035170999996,0.0,0.0,0.0,0.0,0.0,0.0,0.0,0.0,0.0,0.0,0.0,0.0,0.0,0.0,37.469121790591004,36.849905330591,35.984897590591,40.050989140591,41.231866771938996,41.073843772577,43.098567529091,42.589554727969,45.198106544308,46.716533465427,47.757908081681,47.527188009741,47.998451916574,46.857922836574,52.309586030471,54.000325954829,53.48732512,55.94090778,55.09536014,53.66156164,60.07901923,61.06613321,60.54162107,63.27140088,59.21709478,65.63001742,67.44963796,68.43343343,69.36748358,68.00917287,38.17267953,37.55346307,36.68845533,40.75454688,41.90383899,41.73665229,43.75338218,43.12602116,45.70464472,47.17949532,48.15243464,47.84567535,48.30436354,47.16383446,52.38533279,54.03181399,53.48732512,55.94090778,55.09536014,53.66156164,60.07901923,61.06613321,60.54162107,63.27140088,59.21709478,65.63001742,67.44963796,68.43343343,69.36748358,68.00917287,
0.0,0.0,0.0,0.0,0.0,0.0,0.0,0.0,0.0,0.0,0.0,0.0,0.0,0.0,0.0,0.0,0.0,0.0,0.0,0.0,0.0,0.0,0.0,0.0,0.0,0.0,0.0,0.0,0.0,0.0,0.738551651698,0.738551651698,0.738551651698,0.738551651698,0.7053951136419999,0.695775624206,0.687384154698,0.563149471982,0.531732628824,0.485988886506,0.414149720718,0.334328425398,0.321127211172,0.321127211172,0.079514290338,0.033054203062,0.0,0.0,0.0,0.0,0.0,0.0,0.0,0.0,0.0,0.0,0.0,0.0,0.0,0.0,36.221525318302,35.052979948301996,34.521804638301994,38.648717368301995,39.734731116358,39.541265185794,41.676117525302,40.539487218017996,43.639562961176,45.066316823494,46.056306979282,45.792236264602,45.716894658828004,45.006853808828005,50.548338379662006,52.135238236938,51.56550815,54.1638754,52.51039883,51.57278401,58.00693356,58.93307619,58.36634095,61.26150628,56.91206788,63.42819021,65.12334453,66.04303456,67.16393934,64.81832195,36.96007697,35.7915316,35.26035629,39.38726902,40.44012623,40.23704081,42.36350168,41.10263669,44.17129559,45.55230571,46.4704567,46.12656469,46.03802187,45.32798102,50.62785267,52.16829244,51.56550815,54.1638754,52.51039883,51.57278401,58.00693356,58.93307619,58.36634095,61.26150628,56.91206788,63.42819021,65.12334453,66.04303456,67.16393934,64.81832195,
0.0,0.0,0.0,0.0,0.0,0.0,0.0,0.0,0.0,0.0,0.0,0.0,0.0,0.0,0.0,0.0,0.0,0.0,0.0,0.0,0.0,0.0,0.0,0.0,0.0,0.0,0.0,0.0,0.0,0.0,0.7449762684,0.7449762684,0.7449762684,0.7449762684,0.7115313036,0.7018281348000001,0.6933636684,0.5680482756,0.5363581392,0.49021647479999997,0.4177523844,0.3372367284,0.3239206776,0.3239206776,0.0802059804,0.0333417396,0.0,0.0,0.0,0.0,0.0,0.0,0.0,0.0,0.0,0.0,0.0,0.0,0.0,0.0,35.053505021599996,34.0604598916,33.9585327116,37.789443911599996,38.618873216400004,38.650537205199996,40.338721391600004,39.4021662844,42.6785005408,44.0545466752,44.777503665599994,44.7751619216,44.4457038524,44.2882206024,49.451406549599994,50.9810733204,50.43175827,52.46159204,51.0636805,50.75832354,56.72391499,57.3158875,57.08306392,59.33615582,56.01328705,62.05478557,63.68292257,64.23074076,65.05308492,63.03250702,35.79848129,34.80543616,34.70350898,38.53442018,39.33040452,39.35236534,41.03208506,39.97021456,43.21485868,44.54476315,45.19525605,45.11239865,44.76962453,44.61214128,49.53161253,51.01441506,50.43175827,52.46159204,51.0636805,50.75832354,56.72391499,57.3158875,57.08306392,59.33615582,56.01328705,62.05478557,63.68292257,64.23074076,65.05308492,63.03250702,
0.0,0.0,0.0,0.0,0.0,0.0,0.0,0.0,0.0,0.0,0.0,0.0,0.0,0.0,0.0,0.0,0.0,0.0,0.0,0.0,0.0,0.0,0.0,0.0,0.0,0.0,0.0,0.0,0.0,0.0,0.753800956188,0.753800956188,0.753800956188,0.753800956188,0.719959815852,0.7101417072360001,0.701576974188,0.574777145892,0.5427116209439999,0.49602338103599997,0.422700910308,0.341231498388,0.327757711032,0.327757711032,0.081156068028,0.033736692372,0.0,0.0,0.0,0.0,0.0,0.0,0.0,0.0,0.0,0.0,0.0,0.0,0.0,0.0,34.397786883811996,33.335295803811995,33.529942723812,37.151224053812,38.020680284148,38.249591332764005,39.589041235812,38.572800424108,41.966304769056,43.431234778964004,44.094846539692,44.321064991612005,43.520451968968,43.744765838968,48.641440591972,50.273487357628,49.928583,51.51358925,50.01272611,50.14436308,55.93757563,56.45642849,56.51352625,58.26392679,55.33576382,61.04122465,62.80011346,63.26759265,63.87754861,61.73521921,35.15158784,34.08909676,34.28374368,37.90502501,38.7406401,38.95973304,40.29061821,39.14757757,42.50901639,43.92725816,44.51754745,44.66229649,43.84820968,44.07252355,48.72259666,50.30722405,49.928583,51.51358925,50.01272611,50.14436308,55.93757563,56.45642849,56.51352625,58.26392679,55.33576382,61.04122465,62.80011346,63.26759265,63.87754861,61.73521921,
0.0,0.0,0.0,0.0,0.0,0.0,0.0,0.0,0.0,0.0,0.0,0.0,0.0,0.0,0.0,0.0,0.0,0.0,0.0,0.0,0.0,0.0,0.0,0.0,0.0,0.0,0.0,0.0,0.0,0.0,0.644676083961,0.644676083961,0.644676083961,0.644676083961,0.615733995669,0.607337216967,0.600012367461,0.491568863799,0.46414534186799994,0.42421597931699995,0.36150812135099997,0.291832723611,0.28030948475399997,0.28030948475399997,0.069407415441,0.028852760859,0.0,0.0,0.0,0.0,0.0,0.0,0.0,0.0,0.0,0.0,0.0,0.0,0.0,0.0,34.479435006039,33.292065696038996,33.765317346039,37.485490396039,38.362064674331,38.589200273033,39.659112092539004,38.481045766201,42.297358478132004,43.695564080683,44.428562388649,44.641929446389,43.371928635246,43.954510965246,48.942582984559,50.498854949141,50.23205814,51.47332289,49.78920337,50.3290195,56.18273567,56.80203779,56.85702589,58.21838394,55.53953755,61.40378637,63.07535025,63.65489785,63.82761778,61.45930494,35.12411109,33.93674178,34.40999343,38.13016648,38.97779867,39.19653749,40.25912446,38.97261463,42.76150382,44.11978006,44.79007051,44.93376217,43.65223812,44.23482045,49.0119904,50.52770771,50.23205814,51.47332289,49.78920337,50.3290195,56.18273567,56.80203779,56.85702589,58.21838394,55.53953755,61.40378637,63.07535025,63.65489785,63.82761778,61.45930494,
0.0,0.0,0.0,0.0,0.0,0.0,0.0,0.0,0.0,0.0,0.0,0.0,0.0,0.0,0.0,0.0,0.0,0.0,0.0,0.0,0.0,0.0,0.0,0.0,0.0,0.0,0.0,0.0,0.0,0.0,0.653229946607,0.653229946607,0.653229946607,0.653229946607,0.623903841203,0.6153956501290001,0.607973611107,0.49809122851300003,0.470303838516,0.429844674579,0.36630477953699997,0.295704896157,0.284028761598,0.284028761598,0.070328345367,0.029235592733000002,0.0,0.0,0.0,0.0,0.0,0.0,0.0,0.0,0.0,0.0,0.0,0.0,0.0,0.0,34.613939023393,33.085717133393004,35.110072813393,38.345936523393,39.529010638797,39.494022019871,39.815123258893,38.247377951487,43.265749791484,44.843604895420995,45.774111870462995,45.684556363843,43.113789498402,45.690501268401995,50.058662664633,51.819699817267,51.40195358,51.6829699,49.49901522,52.3084076,57.65183431,58.51452477,58.18121561,58.45550308,57.72384992,62.8032004,64.72468096,65.57398716,64.08758292,61.10109952,35.26716897,33.73894708,35.76330276,38.99916647,40.15291448,40.10941767,40.42309687,38.74546918,43.73605363,45.27344957,46.14041665,45.98026126,43.39781826,45.97453003,50.12899101,51.84893541,51.40195358,51.6829699,49.49901522,52.3084076,57.65183431,58.51452477,58.18121561,58.45550308,57.72384992,62.8032004,64.72468096,65.57398716,64.08758292,61.10109952,
0.0,0.0,0.0,0.0,0.0,0.0,0.0,0.0,0.0,0.0,0.0,0.0,0.0,0.0,0.0,0.0,0.0,0.0,0.0,0.0,0.0,0.0,0.0,0.0,0.0,0.0,0.0,0.0,0.0,0.0,0.642609524879,0.642609524879,0.642609524879,0.642609524879,0.613760212691,0.605390350513,0.598088981379,0.489993101761,0.462657488052,0.422856122163,0.360349279089,0.290897231229,0.279410931006,0.279410931006,0.06918492459900001,0.028760271101000004,0.0,0.0,0.0,0.0,0.0,0.0,0.0,0.0,0.0,0.0,0.0,0.0,0.0,0.0,35.486270775121,33.090164165121,37.839210585121,40.307794665121,41.513151267309,41.584666899487004,40.812698178621,38.248386618238996,45.461633611947995,47.053005287837,48.048421860911,48.074548288771,43.110466608994,49.189834288994,52.567900155401,54.342463818899,54.0683832,52.9457818,49.48995813,56.28458716,60.45641589,61.39121499,61.19931329,59.88379377,62.11167977,65.94542072,67.87333443,68.79773457,65.65348677,61.08991954,36.1288803,33.73277369,38.48182011,40.95040419,42.12691148,42.19005725,41.41078716,38.73837972,45.9242911,47.47586141,48.40877114,48.36544552,43.38987754,49.46924522,52.63708508,54.37122409,54.0683832,52.9457818,49.48995813,56.28458716,60.45641589,61.39121499,61.19931329,59.88379377,62.11167977,65.94542072,67.87333443,68.79773457,65.65348677,61.08991954,
0.0030853134090000002,0.0030853134090000002,0.0030853134090000002,0.0030853134090000002,0.002952611757,0.002914111895,0.0028805269090000003,0.002383305287,0.002257566376,0.002074487245,0.0017869669990000002,0.001467500059,0.0014146651420000001,0.0014146651420000001,0.000447663289,0.0002617171470000001,6.757954500000002e-05,0.0,0.0,0.0,0.0,0.0,0.0,0.0,0.0,0.0,0.0,0.0,0.0,0.0,0.61393907582,0.61393907582,0.61393907582,0.61393907582,0.58637689478,0.5783804595400001,0.57140484582,0.46813173538,0.44201571815999996,0.40399011653999994,0.34427205761999996,0.27791865882,0.26694482748,0.26694482748,0.06609819342,0.02747711258,0.0,0.0,0.0,0.0,0.0,0.0,0.0,0.0,0.0,0.0,0.0,0.0,0.0,0.0,36.464747650770995,32.835218910771,39.883321300771,42.129842420771,43.117653623463,43.002156768565,41.928702727271,37.945706379333,47.494681015463996,49.001492506215,49.878400105381,49.683405511121,42.760676697378,51.79574574737801,54.879687503291,56.555739160273,55.854010400455,54.34221583,49.07838695,59.23693917,62.9162638,63.69384091,63.22051844,61.46321643,65.36968612,68.83839541,70.63496158,71.37815992,67.3850839,60.5818801,37.08177204,33.4522433,40.50034569,42.74686681,43.70698313,43.58345134,42.5029881,38.41622142,47.9389543,49.40755711,50.22445913,49.96279167,43.02903619,52.06410524,54.94623336,56.58347799,55.85407798,54.34221583,49.07838695,59.23693917,62.9162638,63.69384091,63.22051844,61.46321643,65.36968612,68.83839541,70.63496158,71.37815992,67.3850839,60.5818801,
0.278553759867,0.278553759867,0.278553759867,0.278553759867,0.26657295299100003,0.263097039885,0.260064860367,0.21517381238100003,0.203821628088,0.187292551935,0.161334137037,0.132491453817,0.127721317746,0.127721317746,0.040416734307,0.02362881356100001,0.006101336835000001,0.0,0.0,0.0,0.0,0.0,0.0,0.0,0.0,0.0,0.0,0.0,0.0,0.0,0.536139808603,0.536139808603,0.536139808603,0.536139808603,0.512070347887,0.505087232741,0.49899557910299996,0.408809389877,0.386002832964,0.35279589179099996,0.30064539357299996,0.242700395553,0.233117184342,0.233117184342,0.057722132643,0.023995172257,0.0,0.0,0.0,0.0,0.0,0.0,0.0,0.0,0.0,0.0,0.0,0.0,0.0,0.0,37.886011301530004,33.91398434153,41.40453327153,43.54033637153,44.560280419121995,44.536631537374,43.59954241053,39.258082947742,49.152622458948,50.345173926274,51.63777107939,51.560921630630006,44.310053237912,53.912927127912,56.91520521305,58.228180204182,58.053979673164996,56.71471295,50.9510671,61.75102285,64.79799403,66.07205502,65.71746513,64.14660543,68.14405063,71.42813772,72.74754639,74.04329276,70.32701248,62.89349813,38.70070487,34.72867791,42.21922684,44.35502994,45.33892372,45.30481581,44.35860285,39.88206615,49.74244692,50.88526237,52.09975061,51.93611348,44.67089174,54.27376563,57.01334408,58.27580419,58.06008101,56.71471295,50.9510671,61.75102285,64.79799403,66.07205502,65.71746513,64.14660543,68.14405063,71.42813772,72.74754639,74.04329276,70.32701248,62.89349813,
1.462713404904,1.462713404904,1.462713404904,1.462713404904,1.399801000392,1.38154863612,1.365626360904,1.129899018072,1.070287573056,0.98349175572,0.8471815459440001,0.695725757304,0.6706772999520001,0.6706772999520001,0.21223227818399998,0.12407724223200005,0.032038724520000006,0.0,0.0,0.0,0.0,0.0,0.0,0.0,0.0,0.0,0.0,0.0,0.0,0.0,0.42638541911699995,0.42638541911699995,0.42638541911699995,0.42638541911699995,0.407243271993,0.401689686099,0.396845068617,0.325121097603,0.30698332239599996,0.28057424904899997,0.23909959694699998,0.19301665016699998,0.18539523973799998,0.18539523973799998,0.045905704677,0.019083066423,0.0,0.0,0.0,0.0,0.0,0.0,0.0,0.0,0.0,0.0,0.0,0.0,0.0,0.0,38.184883515979,33.908535035979,42.099767795979005,43.794589685979005,44.688732947615,44.683240377781004,44.170176900479,39.654624354325,49.855215114548,51.079681545231004,52.342830077109,52.379067362529,45.18979856031,55.69260482031,58.463045517139,59.802958481345,59.51676351548,58.72720957,52.51935157,64.33934752,66.65524915,67.75792849,67.40252971,66.42281948,71.00034221,73.56777347,74.83265342,75.93255778,72.82253554,64.82937313,40.07398234,35.79763386,43.98886662,45.68368851,46.49577722,46.4664787,45.93264833,41.10964447,51.23248601,52.34374755,53.42911122,53.26780977,46.0458711,56.54867736,58.7211835,59.94611879,59.54880224,58.72720957,52.51935157,64.33934752,66.65524915,67.75792849,67.40252971,66.42281948,71.00034221,73.56777347,74.83265342,75.93255778,72.82253554,64.82937313,
2.960330422932,2.960330422932,2.960330422932,2.960330422932,2.833004383236,2.79606411246,2.763839620932,2.2867599536760004,2.166114601248,1.99045182426,1.7145787382520001,1.408053087132,1.3573584602160003,1.3573584602160003,0.429528893172,0.25111524495600007,0.06484196466000001,0.0,0.0,0.0,0.0,0.0,0.0,0.0,0.0,0.0,0.0,0.0,0.0,0.0,0.375072570768,0.375072570768,0.375072570768,0.375072570768,0.358234062672,0.35334881649600003,0.349087218768,0.285994784112,0.270039777984,0.246808873296,0.21032543908799997,0.169788289968,0.163084069152,0.163084069152,0.040381237008000004,0.016786537392,0.0,0.0,0.0,0.0,0.0,0.0,0.0,0.0,0.0,0.0,0.0,0.0,0.0,0.0,37.8896195463,33.5021814763,41.3238226463,42.7773763963,43.957166174092,44.298309361044005,44.1390394503,39.731158602212,49.277540430768,50.847795712444,52.25415260266,52.8148373029,45.863098870632,55.889996420632,58.80282086982,60.527193077652,60.741466385340004,60.41402417,54.04508179,65.31983338,67.59924206,68.70899724,68.82588483,68.33067417,72.08233689,74.25876979,75.89245733,76.99836786,74.91420851,66.71271956,41.22502254,36.83758447,44.65922564,46.11277939,47.14840462,47.44772229,47.25196629,42.30391334,51.71369481,53.08505641,54.17905678,54.39267868,47.3835414,57.41043895,59.272731,60.79509486,60.80630835,60.41402417,54.04508179,65.31983338,67.59924206,68.70899724,68.82588483,68.33067417,72.08233689,74.25876979,75.89245733,76.99836786,74.91420851,66.71271956,
4.1500698138,4.1500698138,4.1500698138,4.1500698138,3.9715721874000005,3.919785839,3.8746105138000004,3.2057953334000007,3.0366633232000004,2.7904027090000003,2.4036578518000002,1.9739413438000002,1.9028728444000005,1.9028728444000005,0.6021540298,0.35203698540000017,0.09090156900000003,0.0,0.0,0.0,0.0,0.0,0.0,0.0,0.0,0.0,0.0,0.0,0.0,0.0,0.5473776952,0.5473776952,0.5473776952,0.5473776952,0.5228037207999999,0.5156742344,0.5094548952,0.4173783368,0.3940937376,0.3601907544,0.3069471432,0.2477875752,0.2380034928,0.2380034928,0.0589320312,0.0244981288,0.0,0.0,0.0,0.0,0.0,0.0,0.0,0.0,0.0,0.0,0.0,0.0,0.0,0.0,37.085379791,32.540476941,40.670892861,42.123231561,42.884079791800005,43.8324791266,43.507254611,39.14048609979999,49.0768197892,50.7132955766,51.732807495,53.111222391,45.757615392800005,56.181145552800004,59.521569429,61.3105095158,61.766550231,61.23147019,54.63242776,66.35700444,68.59101827,69.04424885,70.01566069,69.25523825,73.22688534,75.39875223,77.0059067,77.37406577,75.92785264,67.43773368,41.7828273,37.23792445,45.36834037,46.82067907,47.3784557,48.2679392,47.89132002,42.76365977,52.50757685,53.86388904,54.44341249,55.33295131,47.89849173,58.32202189,60.18265549,61.68704463,61.8574518,61.23147019,54.63242776,66.35700444,68.59101827,69.04424885,70.01566069,69.25523825,73.22688534,75.39875223,77.0059067,77.37406577,75.92785264,67.43773368,
4.969449779445,4.969449779445,4.969449779445,4.969449779445,4.755710003985,4.693699081475,4.6396044469449995,3.838739979635,3.63621494548,3.341333218225,2.878230371395,2.363671652695,2.2785715569100002,2.2785715569100002,0.721041896845,0.42154233493500015,0.10884895972500001,0.0,0.0,0.0,0.0,0.0,0.0,0.0,0.0,0.0,0.0,0.0,0.0,0.0,0.742572372304,0.742572372304,0.742572372304,0.742572372304,0.709235328016,0.699563469488,0.6911263163039999,0.566215292336,0.534627413952,0.48863463988799993,0.4164043772639999,0.33614852990399996,0.322875447456,0.322875447456,0.079947171024,0.033234152176,0.0,0.0,0.0,0.0,0.0,0.0,0.0,0.0,0.0,0.0,0.0,0.0,0.0,0.0,36.688177168251,31.747448938251,40.127792368250994,41.200119808251,42.049979277999,43.475769089037,43.268218756751,38.613126448029,48.439306580568,50.528763141887,51.305596561341,53.322205887401005,45.582016295634,56.326665515634,59.499231562131,61.798980612889004,62.518928790275,62.13621022,54.95746282,67.04659573,69.22115683,69.24312392,70.88758281,70.27853537,73.98786939,75.5460416,77.71335198,77.59693404,77.04974254,67.83895377,42.40019932,37.45947109,45.83981452,46.91214196,47.51492461,48.86903164,48.59894952,43.01808172,52.61014894,54.358731,54.60023131,56.02202607,48.1834633,58.92811252,60.30022063,62.2537571,62.62777775,62.13621022,54.95746282,67.04659573,69.22115683,69.24312392,70.88758281,70.27853537,73.98786939,75.5460416,77.71335198,77.59693404,77.04974254,67.83895377,
5.362207352289,5.362207352289,5.362207352289,5.362207352289,5.131574777997001,5.064662858295001,5.006292885789001,4.142132561127001,3.9236010786960005,3.6054135456450007,3.1057096346790005,2.5504830669390004,2.4586571345820007,2.4586571345820007,0.7780290237690001,0.4548586881870002,0.11745177394500003,0.0,0.0,0.0,0.0,0.0,0.0,0.0,0.0,0.0,0.0,0.0,0.0,0.0,0.853515509945,0.853515509945,0.853515509945,0.853515509945,0.815197784405,0.8040809134150001,0.794383217445,0.650810011255,0.61450278366,0.561638514165,0.478616775495,0.386370399195,0.37111426773,0.37111426773,0.091891582545,0.038199460955,0.0,0.0,0.0,0.0,0.0,0.0,0.0,0.0,0.0,0.0,0.0,0.0,0.0,0.0,35.823943897766,31.392457997765998,39.689383977766,40.235172367766,41.636686957597995,43.23607671829,42.385032346765996,38.395915957617994,47.554774747644,49.74123804019,51.094659569826,53.355474033865995,45.544974677688,56.182275847688004,58.837419833686006,61.244836320858,62.812499596055,61.60786066,55.17563759,67.14209409,68.64755919,69.3429993,71.22960927,69.68095091,74.09325461,74.80326237,77.06938418,77.70885886,76.39458192,68.10826657,42.03966676,37.60818086,45.90510684,46.45089523,47.58345952,49.10482049,48.18570845,43.18885853,52.09287861,53.9082901,54.67898598,56.2923275,48.37474608,59.01204725,59.70734044,61.73789447,62.92995137,61.60786066,55.17563759,67.14209409,68.64755919,69.3429993,71.22960927,69.68095091,74.09325461,74.80326237,77.06938418,77.70885886,76.39458192,68.10826657,
5.3099949541410005,5.3099949541410005,5.3099949541410005,5.3099949541410005,5.081608074393,5.015347683355,4.957546065641,4.101800164363,3.8853965468240004,3.5703072405050005,3.075469001051,2.525648734991,2.4347169217580005,2.4347169217580005,0.770453270261,0.45042967950300017,0.11630813320500002,0.0,0.0,0.0,0.0,0.0,0.0,0.0,0.0,0.0,0.0,0.0,0.0,0.0,0.954509154263,0.954509154263,0.954509154263,0.954509154263,0.911657420027,0.8992251267610001,0.888379934763,0.7278181898170001,0.687214849044,0.628095326811,0.535249902633,0.43208832021300003,0.415026981582,0.415026981582,0.10276480710300001,0.042719475797,0.0,0.0,0.0,0.0,0.0,0.0,0.0,0.0,0.0,0.0,0.0,0.0,0.0,0.0,35.402913161596004,31.306171191595997,39.708787301596004,40.45258561159599,41.70108990558,43.162387119884,41.913111479596004,38.31616915582,47.818794024131996,49.639880362683996,51.195699466316,53.302651924796,45.47675942666,56.249956156660005,59.176285092636,61.164570344699996,62.777938726795,61.06234029,55.12061251,67.24182276,68.55841109,69.50460698,71.18919579,69.06394558,74.2033081,75.23193476,76.96929921,77.88996363,75.71812927,68.04034415,41.66741727,37.5706753,45.97329141,46.71708972,47.6943554,49.07695993,47.75903748,43.14578751,52.39140542,53.83828293,54.80641837,56.26038898,48.32650333,59.09970006,60.04950317,61.6577195,62.89424686,61.06234029,55.12061251,67.24182276,68.55841109,69.50460698,71.18919579,69.06394558,74.2033081,75.23193476,76.96929921,77.88996363,75.71812927,68.04034415,
4.919695007481001,4.919695007481001,4.919695007481001,4.919695007481001,4.708095222213001,4.646705161055,4.593152128981001,3.800306019983001,3.5998086925840007,3.3078793592050006,2.8494131577910005,2.3400062673310003,2.2557582046780005,2.2557582046780005,0.713822732401,0.4173217987230002,0.10775914990500003,0.0,0.0,0.0,0.0,0.0,0.0,0.0,0.0,0.0,0.0,0.0,0.0,0.0,1.034172673618,1.034172673618,1.034172673618,1.034172673618,0.987744525322,0.974274630446,0.962524296618,0.788562037262,0.7445699337839999,0.6805162847459999,0.579921963438,0.46815049531799996,0.449665214052,0.449665214052,0.111341577858,0.046284851542,0.0,0.0,0.0,0.0,0.0,0.0,0.0,0.0,0.0,0.0,0.0,0.0,0.0,0.0,35.378627928901004,31.572884438901,40.110847368901,40.629856828901005,42.16948137246499,43.847667848499,41.819475094401,38.506478522754996,47.897462873632,49.994027706048996,51.573542948771,53.901251527351,45.56458230127,56.511803781270004,59.052913049741,61.359188129735,63.288452450095,60.57152271,55.05617203,67.37554153,68.74196149,69.75375398,71.75736328,68.5088113,74.35087065,75.01716703,77.17536795,78.16916887,75.10950883,67.96079945,41.33249561,37.52675212,46.06471505,46.58372451,47.86532112,49.46864764,47.37515152,43.09534658,52.2418415,53.98242335,55.00287807,56.70940829,48.27000572,59.2172272,59.87807736,61.82279478,63.3962116,60.57152271,55.05617203,67.37554153,68.74196149,69.75375398,71.75736328,68.5088113,74.35087065,75.01716703,77.17536795,78.16916887,75.10950883,67.96079945,
4.169228598162,4.169228598162,4.169228598162,4.169228598162,3.9899069380260004,3.93788151811,3.892497641162,3.2205948775660005,3.0506820699680004,2.80328459441,2.4147543307820003,1.983054037862,1.9116574509560003,1.9116574509560003,0.604933872002,0.3536621630460001,0.09132121581000002,0.0,0.0,0.0,0.0,0.0,0.0,0.0,0.0,0.0,0.0,0.0,0.0,0.0,0.8198844342849999,0.8198844342849999,0.8198844342849999,0.8198844342849999,0.783076542265,0.7723977093950001,0.763082131785,0.625166141315,0.59028952758,0.5395082691449999,0.45975783643499996,0.371146244535,0.35649125048999997,0.35649125048999997,0.088270778085,0.036694287415,0.0,0.0,0.0,0.0,0.0,0.0,0.0,0.0,0.0,0.0,0.0,0.0,0.0,0.0,36.043482337553,32.648132267552995,40.792626757553,41.922833477553,42.975441629708996,44.748555552495,42.375827217053,39.376474811119,48.968958152452,50.549645186445005,51.994038662783,54.343958827603,46.143982458554,56.585307428553996,59.606764749913005,61.329383619539,63.292314774190004,60.13202797,55.21827854,66.96165399,68.62737297,69.58340236,71.74312911,68.0117252,73.89413371,75.54572685,77.04672147,77.97826524,74.5645294,68.16090215,41.03259537,37.6372453,45.78173979,46.91194651,47.74842511,49.45883478,47.03140699,43.22223583,52.60992975,53.89243805,54.86855083,56.69815911,48.41213116,58.85345613,60.2999694,61.71974007,63.38363599,60.13202797,55.21827854,66.96165399,68.62737297,69.58340236,71.74312911,68.0117252,73.89413371,75.54572685,77.04672147,77.97826524,74.5645294,68.16090215,
3.030360565716,3.030360565716,3.030360565716,3.030360565716,2.900022476868,2.86220833998,2.8292215397160003,2.3408559845880004,2.217356622624,2.03753833338,1.7551391408760002,1.4413622603160001,1.3894683916080002,1.3894683916080002,0.439689910836,0.2570556752280001,0.06637587858000002,0.0,0.0,0.0,0.0,0.0,0.0,0.0,0.0,0.0,0.0,0.0,0.0,0.0,0.858724841583,0.858724841583,0.858724841583,0.858724841583,0.820173248307,0.8089885268010001,0.799231642083,0.6547821536970001,0.618253329204,0.565066408851,0.481537956753,0.388728565533,0.37337932006200003,0.37337932006200003,0.092452432023,0.038432606877,0.0,0.0,0.0,0.0,0.0,0.0,0.0,0.0,0.0,0.0,0.0,0.0,0.0,0.0,36.931254432701,33.911625332701,41.553004692701,42.398061302701,43.516188194825,45.015031523218994,43.159667318200995,40.414319771715,49.073631038172,50.703379297769,52.043478232371,53.982374954151,46.85954618833,56.65398111833,58.964718007141,60.752621587895,62.32713161142,59.82097391,55.45810163,66.46487286,67.88057435,68.83720878,70.62241528,67.65991063,73.34592128,74.53956619,76.20830405,77.14204743,74.17881815,68.45693742,40.82033984,37.80071074,45.4420901,46.28714671,47.23638392,48.68622839,46.7881205,43.40995791,51.90924099,53.30598404,54.28015533,55.81246578,48.6223939,58.41682883,59.49686035,61.04810987,62.39350749,59.82097391,55.45810163,66.46487286,67.88057435,68.83720878,70.62241528,67.65991063,73.34592128,74.53956619,76.20830405,77.14204743,74.17881815,68.45693742,
1.610196173829,1.610196173829,1.610196173829,1.610196173829,1.5409404244170002,1.520847706995,1.503320017329,1.243824709347,1.178202749256,1.082655465345,0.9326013416190001,0.765874537479,0.7383004891020001,0.7383004891020001,0.233631278109,0.13658772800700006,0.03526913164500001,0.0,0.0,0.0,0.0,0.0,0.0,0.0,0.0,0.0,0.0,0.0,0.0,0.0,0.84897511482,0.84897511482,0.84897511482,0.84897511482,0.81086122578,0.79980349254,0.79015738482,0.64734793638,0.61123385016,0.55865079954,0.47607070661999995,0.38431504782,0.36914007348,0.36914007348,0.09140275242,0.03799625358,0.0,0.0,0.0,0.0,0.0,0.0,0.0,0.0,0.0,0.0,0.0,0.0,0.0,0.0,39.503374601351,36.793891451350994,43.550854781351,44.282775551350994,45.363500529803005,46.707271370465,45.803835387850995,43.186651764272995,50.629845110584,52.228143035115,53.421816641761005,55.053984394701,49.383088337418,58.039482727418,59.756420139471004,61.518828468413,62.796134218355,61.49484235,57.58887333,67.2955519,68.59809878,69.53513257,71.11806403,69.55312269,74.26259977,75.27196399,77.01385586,77.92417197,76.25443769,71.08714113,41.96254589,39.25306274,46.01002607,46.74194684,47.71530218,49.02792257,48.09731279,45.07782441,52.41928171,53.8694493,54.83048869,56.20417398,50.4905289,59.14692329,60.08145417,61.69341245,62.83140335,61.49484235,57.58887333,67.2955519,68.59809878,69.53513257,71.11806403,69.55312269,74.26259977,75.27196399,77.01385586,77.92417197,76.25443769,71.08714113,
0.350608999041,0.350608999041,0.350608999041,0.350608999041,0.33552904209300005,0.331153992855,0.32733746054100005,0.27083416506300007,0.256545440424,0.23574068500500003,0.20306744495100004,0.16676384489100002,0.16075978795800003,0.16075978795800003,0.050871583161,0.029741026203000013,0.007679607705000002,0.0,0.0,0.0,0.0,0.0,0.0,0.0,0.0,0.0,0.0,0.0,0.0,0.0,0.8218278280449999,0.8218278280449999,0.8218278280449999,0.8218278280449999,0.7849326893049999,0.774228544115,0.764890885545,0.626647989155,0.5916887064599999,0.540787079865,0.46084761259499996,0.37202598229499995,0.35733625112999995,0.35733625112999995,0.088480008645,0.036781264855,0.0,0.0,0.0,0.0,0.0,0.0,0.0,0.0,0.0,0.0,0.0,0.0,0.0,0.0,43.495012542914,41.609919512914,46.669077422914,47.853572432914,48.530929628601996,49.46737673303,50.105434683914,48.233347705782,54.132535033116,55.635387055129996,56.391367582454,57.436339682814,54.512101570912,60.983246490912,62.878004918194,64.53862168894199,64.803498792295,65.45879663,62.76676336,69.97433777,71.83570939,72.35658002,73.35894615,74.03651329,77.21871793,78.95015618,80.64866326,81.08601186,81.1697947,77.47867786,44.66744937,42.78235634,47.84151425,49.02600926,49.65139136,50.57275927,51.19766303,49.13082986,54.98076918,56.41191482,57.05528264,57.97512951,55.03019761,61.50134253,63.01735651,64.60514398,64.8111784,65.45879663,62.76676336,69.97433777,71.83570939,72.35658002,73.35894615,74.03651329,77.21871793,78.95015618,80.64866326,81.08601186,81.1697947,77.47867786,
9.943560000000001e-06,9.943560000000001e-06,9.943560000000001e-06,9.943560000000001e-06,9.515880000000002e-06,9.3918e-06,9.283560000000001e-06,7.681080000000002e-06,7.275840000000001e-06,6.685800000000001e-06,5.759160000000001e-06,4.72956e-06,4.559280000000001e-06,4.559280000000001e-06,1.44276e-06,8.434800000000004e-07,2.1780000000000006e-07,0.0,0.0,0.0,0.0,0.0,0.0,0.0,0.0,0.0,0.0,0.0,0.0,0.0,0.795212123839,0.795212123839,0.795212123839,0.795212123839,0.759511870531,0.749154389633,0.740119140339,0.606353376401,0.5725262845319999,0.523273157283,0.44592260844899995,0.35997755418899996,0.345763564446,0.345763564446,0.085614496359,0.035590067341,0.0,0.0,0.0,0.0,0.0,0.0,0.0,0.0,0.0,0.0,0.0,0.0,0.0,0.0,43.845763622601,42.677805442601,46.637562052601,48.083127332600995,48.730787783589,49.072528508567004,50.427202026101,49.317628662519,54.242640809628,55.406126376916994,56.424251912391,56.754146046251,55.572827746273994,60.630142626273994,62.741940620880996,64.016965239179,63.8486533622,65.4200149,63.78005944,69.37651764,71.22127629,72.12183622,72.26947659,73.99264961,76.55900602,78.71236875,79.95885023,80.82294749,81.12170483,78.72948061,44.64098569,43.47302751,47.43278412,48.8783494,49.49030917,49.82169229,51.16733045,49.92398972,54.81517437,55.92940622,56.87018028,57.11412833,55.91859587,60.97591075,62.82755656,64.05255615,63.84865358,65.4200149,63.78005944,69.37651764,71.22127629,72.12183622,72.26947659,73.99264961,76.55900602,78.71236875,79.95885023,80.82294749,81.12170483,78.72948061,
0.0,0.0,0.0,0.0,0.0,0.0,0.0,0.0,0.0,0.0,0.0,0.0,0.0,0.0,0.0,0.0,0.0,0.0,0.0,0.0,0.0,0.0,0.0,0.0,0.0,0.0,0.0,0.0,0.0,0.0,0.7271808496119999,0.7271808496119999,0.7271808496119999,0.7271808496119999,0.694534792348,0.685063405364,0.676801131612,0.554479176308,0.5235460294559999,0.47850656156399995,0.40777343749199996,0.329181077412,0.316183110168,0.316183110168,0.078290081772,0.032545297827999996,0.0,0.0,0.0,0.0,0.0,0.0,0.0,0.0,0.0,0.0,0.0,0.0,0.0,0.0,42.684712650388,42.022108360388,45.312784820388,46.709602470388006,47.299551707652,47.543081584636,49.081748458388,48.538376723692004,52.674967870544,53.809325828436,54.743071182508004,54.958151312588,54.671480829832,58.869228199832,60.896297318227994,62.140015922172,61.80645379,63.61881745,62.71824998,67.33934239,69.13087356,69.94140275,69.95793669,71.95542335,74.31092386,76.39090983,77.61199256,78.37945645,78.88819559,77.41879342,43.4118935,42.74928921,46.03996567,47.43678332,47.9940865,48.22814499,49.75854959,49.0928559,53.1985139,54.28783239,55.15084462,55.28733239,54.98766394,59.18541131,60.9745874,62.17256122,61.80645379,63.61881745,62.71824998,67.33934239,69.13087356,69.94140275,69.95793669,71.95542335,74.31092386,76.39090983,77.61199256,78.37945645,78.88819559,77.41879342,
0.0,0.0,0.0,0.0,0.0,0.0,0.0,0.0,0.0,0.0,0.0,0.0,0.0,0.0,0.0,0.0,0.0,0.0,0.0,0.0,0.0,0.0,0.0,0.0,0.0,0.0,0.0,0.0,0.0,0.0,0.6795570646339999,0.6795570646339999,0.6795570646339999,0.6795570646339999,0.649049029586,0.640197932998,0.632476763634,0.518165792806,0.48925848799199995,0.44716869889799993,0.381067956294,0.30762268673399995,0.295475969076,0.295475969076,0.073162787754,0.030413874446,0.0,0.0,0.0,0.0,0.0,0.0,0.0,0.0,0.0,0.0,0.0,0.0,0.0,0.0,40.831359955366004,40.038782195366004,43.45248018536601,44.940432065366004,45.606046660413995,46.249239767002,46.947180716366,46.242367517194,50.671791142008004,51.676290771102,52.771471893706,53.445054893266,52.079812530924,56.437250450924,58.566142412246,59.663422345554004,60.0908425,60.8329939,59.73860684,64.54875289,66.37473128,67.40718519,68.01605816,68.80454566,71.23142713,73.46519372,74.51772103,75.5394992,75.43373665,73.74075111,41.51091702,40.71833926,44.13203725,45.61998913,46.25509569,46.8894377,47.57965748,46.76053331,51.16104963,52.12345947,53.15253985,53.75267758,52.3752885,56.73272642,58.6393052,59.69383622,60.0908425,60.8329939,59.73860684,64.54875289,66.37473128,67.40718519,68.01605816,68.80454566,71.23142713,73.46519372,74.51772103,75.5394992,75.43373665,73.74075111,
0.0,0.0,0.0,0.0,0.0,0.0,0.0,0.0,0.0,0.0,0.0,0.0,0.0,0.0,0.0,0.0,0.0,0.0,0.0,0.0,0.0,0.0,0.0,0.0,0.0,0.0,0.0,0.0,0.0,0.0,0.6469937441239999,0.6469937441239999,0.6469937441239999,0.6469937441239999,0.6179476067959999,0.609520641028,0.6021694581239999,0.493336091716,0.465813980112,0.42574106842799997,0.36280777088399996,0.29288188472399995,0.281317218936,0.281317218936,0.069656940444,0.028956488756,0.0,0.0,0.0,0.0,0.0,0.0,0.0,0.0,0.0,0.0,0.0,0.0,0.0,0.0,38.578509775876,37.410026295875994,41.555278615876006,42.634024815876,43.598217143203996,44.577437198972,44.357955631875996,43.210964848284,48.072170799888,49.306814071572,50.446760859116004,51.508122655276004,48.670762851064,53.970653031063996,55.563167719556,56.926722031244,57.90904092,57.48378951,55.83413761,61.72622475,63.33012077,64.43586726,65.54650478,65.01646173,68.11668519,69.69857891,71.09959138,72.20970775,71.28067782,68.92111254,39.22550352,38.05702004,42.20227236,43.28101856,44.21616475,45.18695784,44.96012509,43.70430094,48.53798478,49.73255514,50.80956863,51.80100454,48.95208007,54.25197025,55.63282466,56.95567852,57.90904092,57.48378951,55.83413761,61.72622475,63.33012077,64.43586726,65.54650478,65.01646173,68.11668519,69.69857891,71.09959138,72.20970775,71.28067782,68.92111254,
0.0,0.0,0.0,0.0,0.0,0.0,0.0,0.0,0.0,0.0,0.0,0.0,0.0,0.0,0.0,0.0,0.0,0.0,0.0,0.0,0.0,0.0,0.0,0.0,0.0,0.0,0.0,0.0,0.0,0.0,0.39710853276499997,0.39710853276499997,0.39710853276499997,0.39710853276499997,0.379280742185,0.374108481955,0.369596510265,0.302797319635,0.28590493782,0.261309189705,0.22268231011499998,0.179763555015,0.17266545321,0.17266545321,0.042753682965000005,0.017772766535,0.0,0.0,0.0,0.0,0.0,0.0,0.0,0.0,0.0,0.0,0.0,0.0,0.0,0.0,33.359506777235,37.727212687234996,38.781393727235,39.592863117235,38.800787677814995,36.685915228045005,38.322109409735,43.478791620365,44.56129829218,45.862175170295,44.799819909885,42.304761814985,48.86598294679,50.192180336789995,51.359804647035,52.804655923465,47.49402333,49.46929917,55.93287637,57.30357397,58.73428033,57.0968039,53.75787921,55.95175308,63.23616137,64.39876619,65.9399237,63.9852259,61.34260122,69.04299471,33.75661531,38.12432122,39.17850226,39.98997165,39.18006842,37.06002371,38.69170592,43.78158894,44.84720323,46.12348436,45.02250222,42.48452537,49.0386484,50.36484579,51.40255833,52.82242869,47.49402333,49.46929917,55.93287637,57.30357397,58.73428033,57.0968039,53.75787921,55.95175308,63.23616137,64.39876619,65.9399237,63.9852259,61.34260122,69.04299471,
0.0,0.0,0.0,0.0,0.0,0.0,0.0,0.0,0.0,0.0,0.0,0.0,0.0,0.0,0.0,0.0,0.0,0.0,0.0,0.0,0.0,0.0,0.0,0.0,0.0,0.0,0.0,0.0,0.0,0.0,0.33696205476499996,0.33696205476499996,0.33696205476499996,0.33696205476499996,0.321834480185,0.31744561595500004,0.313617032265,0.256935317635,0.24260147382,0.22173102370499997,0.18895461211499998,0.152536377015,0.14651336121,0.14651336121,0.036278164965,0.015080884535,0.0,0.0,0.0,0.0,0.0,0.0,0.0,0.0,0.0,0.0,0.0,0.0,0.0,0.0,32.010221555235,36.469068135235,37.430665745235,38.452876825234995,37.277210279815,35.097445754045,36.762603567735,42.010741402365,43.25869936618,44.006068136295,43.016765647885,40.446057482985005,47.196440328790004,48.40462157879,49.823646035035004,50.636334545465,45.38571508,47.40381964,53.99878794,55.2399895,56.32028868,54.79279062,51.37151199,53.61561323,60.95893585,62.46610491,63.22977855,61.40324583,58.78137861,66.65557488,32.34718361,36.80603019,37.7676278,38.78983888,37.59904476,35.41489137,37.0762206,42.26767672,43.50130084,44.22779916,43.20572026,40.59859386,47.34295369,48.55113494,49.8599242,50.65141543,45.38571508,47.40381964,53.99878794,55.2399895,56.32028868,54.79279062,51.37151199,53.61561323,60.95893585,62.46610491,63.22977855,61.40324583,58.78137861,66.65557488,
0.0,0.0,0.0,0.0,0.0,0.0,0.0,0.0,0.0,0.0,0.0,0.0,0.0,0.0,0.0,0.0,0.0,0.0,0.0,0.0,0.0,0.0,0.0,0.0,0.0,0.0,0.0,0.0,0.0,0.0,0.285344050005,0.285344050005,0.285344050005,0.285344050005,0.272533814145,0.268817264235,0.265575167505,0.21757632079500003,0.20543822694,0.187764845985,0.160009334955,0.129169878255,0.12406950657,0.12406950657,0.030720843405000003,0.012770698095000001,0.0,0.0,0.0,0.0,0.0,0.0,0.0,0.0,0.0,0.0,0.0,0.0,0.0,0.0,31.430680309994997,35.819839129994996,36.735112199995,37.562872829995,35.928270685855,34.504449175765004,36.087213052495,41.245254709205,42.23987004306,43.019668484015,41.438968575045,39.733883951745,46.317396913429995,47.46655959343,48.618855426595,49.470081641905004,44.56344497,46.47887483,52.9705627,54.14715547,55.02094077,52.75514614,50.44079495,52.56946371,59.7529617,60.94974238,61.77102395,59.11977051,57.63443451,65.38634372,31.71602436,36.10518318,37.02045625,37.84821688,36.2008045,34.77326644,36.35278822,41.46283103,42.44530827,43.20743333,41.59897791,39.86305383,46.44146642,47.5906291,48.64957627,49.48285234,44.56344497,46.47887483,52.9705627,54.14715547,55.02094077,52.75514614,50.44079495,52.56946371,59.7529617,60.94974238,61.77102395,59.11977051,57.63443451,65.38634372,
0.0,0.0,0.0,0.0,0.0,0.0,0.0,0.0,0.0,0.0,0.0,0.0,0.0,0.0,0.0,0.0,0.0,0.0,0.0,0.0,0.0,0.0,0.0,0.0,0.0,0.0,0.0,0.0,0.0,0.0,0.25348942446100003,0.25348942446100003,0.25348942446100003,0.25348942446100003,0.24210927016900002,0.23880762046700002,0.235927457961,0.19328700329900003,0.182503955868,0.16680355781700001,0.142146556851,0.11474988911100001,0.11021890175400001,0.11021890175400001,0.027291295941000004,0.011345030359,0.0,0.0,0.0,0.0,0.0,0.0,0.0,0.0,0.0,0.0,0.0,0.0,0.0,0.0,31.316451305538997,35.321171425539,36.513676665539,37.113334565539,35.360113999831,33.871807859533,35.949420262039006,40.660297496701,41.722940854132,42.439480322183,40.768991183149,38.988660300888995,45.648845908245995,47.154800008246,48.003509194059,48.783047309641,43.71422911,46.26479369,52.19222386,53.7766862,54.25542878,51.88283845,49.47957834,52.32732939,59.34413808,60.17452032,60.91159736,58.14222359,57.368971,64.42556989,31.56994073,35.57466085,36.76716609,37.36682399,35.60222327,34.11061548,36.18534772,40.8535845,41.90544481,42.60628388,40.91113774,39.10341019,45.75906481,47.26501891,48.03080049,48.79439234,43.71422911,46.26479369,52.19222386,53.7766862,54.25542878,51.88283845,49.47957834,52.32732939,59.34413808,60.17452032,60.91159736,58.14222359,57.368971,64.42556989,
0.0,0.0,0.0,0.0,0.0,0.0,0.0,0.0,0.0,0.0,0.0,0.0,0.0,0.0,0.0,0.0,0.0,0.0,0.0,0.0,0.0,0.0,0.0,0.0,0.0,0.0,0.0,0.0,0.0,0.0,0.233755793719,0.233755793719,0.233755793719,0.233755793719,0.223261561051,0.22021693799300002,0.217560990219,0.178240007321,0.168296397972,0.15381824364299998,0.13108073952899998,0.105816846069,0.101638586766,0.101638586766,0.025166724639,0.010461843061,0.0,0.0,0.0,0.0,0.0,0.0,0.0,0.0,0.0,0.0,0.0,0.0,0.0,0.0,31.699713876281002,35.538234776281,36.667337636281005,37.602942076281,35.034479818949,33.752483242006996,36.384462229781,40.901955972679,42.264093742028,42.527152256357,40.384206840471,38.839491283931004,45.911248003234,47.335546933234,48.609603165361,48.869464556939,43.53748468,46.79753436,52.48172984,53.97257208,54.35053575,51.38082772,49.27952359,52.92988036,59.56030385,60.93119247,61.01837224,57.57964798,58.02957665,64.78293323,31.93346967,35.77199057,36.90109343,37.83669787,35.25774138,33.97270018,36.60202322,41.08019598,42.43239014,42.6809705,40.51528758,38.94530813,46.01288659,47.43718552,48.63476989,48.8799264,43.53748468,46.79753436,52.48172984,53.97257208,54.35053575,51.38082772,49.27952359,52.92988036,59.56030385,60.93119247,61.01837224,57.57964798,58.02957665,64.78293323,
0.0,0.0,0.0,0.0,0.0,0.0,0.0,0.0,0.0,0.0,0.0,0.0,0.0,0.0,0.0,0.0,0.0,0.0,0.0,0.0,0.0,0.0,0.0,0.0,0.0,0.0,0.0,0.0,0.0,0.0,0.232907392067,0.232907392067,0.232907392067,0.232907392067,0.22245124754300002,0.21941767474900004,0.216771366567,0.17759309665300002,0.167685576996,0.153259970199,0.130604990397,0.105432790617,0.10126969603800001,0.10126969603800001,0.025075383627000004,0.010423872473000001,0.0,0.0,0.0,0.0,0.0,0.0,0.0,0.0,0.0,0.0,0.0,0.0,0.0,0.0,33.318873477933,36.868001017933004,38.041058057933,38.541666537933004,35.104479492457,34.577664735251,38.240154093433,42.428718823347005,43.316496223004,42.910072489800996,40.464189299603,39.784922969383,47.620980693962,49.100773673961996,49.815227466373,49.307398477527,44.59396617,49.1691205,54.43140907,55.98057311,54.83744074,51.48165683,50.47534151,55.612239,61.77619142,62.44152265,61.56501174,57.69264157,60.97037559,67.18959817,33.55178087,37.10090841,38.27396545,38.77457393,35.32693074,34.79708241,38.45692546,42.60631192,43.4841818,43.06333246,40.59479429,39.89035576,47.72225039,49.20204337,49.84030285,49.31782235,44.59396617,49.1691205,54.43140907,55.98057311,54.83744074,51.48165683,50.47534151,55.612239,61.77619142,62.44152265,61.56501174,57.69264157,60.97037559,67.18959817,
0.0,0.0,0.0,0.0,0.0,0.0,0.0,0.0,0.0,0.0,0.0,0.0,0.0,0.0,0.0,0.0,0.0,0.0,0.0,0.0,0.0,0.0,0.0,0.0,0.0,0.0,0.0,0.0,0.0,0.0,0.22855665248499998,0.22855665248499998,0.22855665248499998,0.22855665248499998,0.21829583006499997,0.215318924795,0.212722049985,0.174275635115,0.16455318917999998,0.150397054545,0.128165272635,0.10346329273499999,0.09937796529,0.09937796529,0.024606972285,0.010229153215,0.0,0.0,0.0,0.0,0.0,0.0,0.0,0.0,0.0,0.0,0.0,0.0,0.0,0.0,36.052438647515004,38.762677057515006,40.080854757515006,40.446039787515005,35.048288029934994,34.924720385205,41.372418760015,44.602866944885,45.45043021082,44.042337655455,40.397283347365,40.180048207265,50.05436483471,51.71927696471,52.257958627715,50.601029086785,45.03348027,53.16870174,57.20473927,58.95767334,56.27563712,51.39371379,50.9728219,60.13592513,65.06150815,65.5012674,63.17964904,57.59408867,65.92991052,70.6129698,36.2809953,38.99123371,40.30941141,40.67459644,35.26658386,35.14003931,41.58514081,44.77714258,45.6149834,44.19273471,40.52544862,40.2835115,50.1537428,51.81865493,52.2825656,50.61125824,45.03348027,53.16870174,57.20473927,58.95767334,56.27563712,51.39371379,50.9728219,60.13592513,65.06150815,65.5012674,63.17964904,57.59408867,65.92991052,70.6129698,
0.016995065706,0.016995065706,0.016995065706,0.016995065706,0.016264095138,0.01605202343,0.015867024706000002,0.013128141158000001,0.012435523984000002,0.011427055330000001,0.009843285766000002,0.008083541806,0.007792507228000001,0.007792507228000001,0.002465897626,0.0014416363980000004,0.00037225353000000007,0.0,0.0,0.0,0.0,0.0,0.0,0.0,0.0,0.0,0.0,0.0,0.0,0.0,0.224518813155,0.224518813155,0.224518813155,0.224518813155,0.214439265495,0.211514952285,0.20896395565499998,0.171196761645,0.16164607913999998,0.14774003653499998,0.125901016605,0.101635438905,0.09762228566999999,0.09762228566999999,0.024172248555,0.010048437945,0.0,0.0,0.0,0.0,0.0,0.0,0.0,0.0,0.0,0.0,0.0,0.0,0.0,0.0,37.703870841139,40.002102021139,41.549686971139,41.724325011139,34.871964649367,35.663460884285,43.268026739639005,46.031040847197,46.888980156875995,45.323598928135,40.201345757629,41.034703799289,51.659245337102,53.618113797102,53.915672693819,52.077162775657,45.99553232647,55.60781411,59.04213166,61.12498006,57.91838077,51.15484052,52.06217771,62.89465863,67.45319418,67.58064923,65.02392789,57.32639664,68.95444291,72.88102898,37.94538472,40.2436159,41.79120085,41.96583889,35.10266801,35.89102786,43.49285772,46.21536575,47.06306176,45.48276602,40.33709006,41.14442278,51.76466013,53.72352859,53.94231084,52.08865285,45.99590458,55.60781411,59.04213166,61.12498006,57.91838077,51.15484052,52.06217771,62.89465863,67.45319418,67.58064923,65.02392789,57.32639664,68.95444291,72.88102898,
0.36308519883900003,0.36308519883900003,0.36308519883900003,0.36308519883900003,0.34746863114700005,0.342937898545,0.33898555733900004,0.2804716277770001,0.26567444789600003,0.24412936839500002,0.21029347172900004,0.17269803098900002,0.16648032348200004,0.16648032348200004,0.052681816319,0.030799341837000012,0.007952881695000002,0.0,0.0,0.0,0.0,0.0,0.0,0.0,0.0,0.0,0.0,0.0,0.0,0.0,0.21220376044,0.21220376044,0.21220376044,0.21220376044,0.20267708476,0.19991317268,0.19750210044,0.16180646996,0.15277965072,0.13963636667999998,0.11899523604,0.09606064644,0.09226761816,0.09226761816,0.02284637964,0.00949727236,0.0,0.0,0.0,0.0,0.0,0.0,0.0,0.0,0.0,0.0,0.0,0.0,0.0,0.0,39.534189150721,41.077810150721,42.600328300721,43.124747530721,35.767598064093,36.648174178775,45.436845802221,47.391724062262995,48.589443051383995,46.896516514925,41.404066182231,42.365943012571,53.318905818358,55.244479068358004,56.095896334041,54.10694252580301,47.653954578305004,58.77922755,61.1100098,63.14986624,60.20736269,52.92556084,53.94790512,66.48165389,69.68771501,70.37335403,67.59372686,59.31074482,72.88703854,75.4335975,40.10947811,41.65309911,43.17561726,43.70003649,36.31774378,37.19102525,45.97333346,47.83400216,49.00789715,47.28028225,41.73335489,42.63470169,53.57765376,55.50322701,56.17142453,54.14723914,47.66190746,58.77922755,61.1100098,63.14986624,60.20736269,52.92556084,53.94790512,66.48165389,69.68771501,70.37335403,67.59372686,59.31074482,72.88703854,75.4335975,
1.570060048509,1.570060048509,1.570060048509,1.570060048509,1.502530584057,1.482938702395,1.465847912009,1.2128208445870001,1.148834592776,1.0556689427450001,0.909355103099,0.746784170159,0.7198974389420001,0.7198974389420001,0.22780773038899998,0.13318311044700004,0.034390005045000005,0.0,0.0,0.0,0.0,0.0,0.0,0.0,0.0,0.0,0.0,0.0,0.0,0.0,0.196023737196,0.196023737196,0.196023737196,0.196023737196,0.187223447484,0.18467027701200003,0.182443043196,0.14946911816400002,0.141130572048,0.128989431612,0.109922137236,0.088736254596,0.08523243554400001,0.08523243554400001,0.021104398476000003,0.008773128324,0.0,0.0,0.0,0.0,0.0,0.0,0.0,0.0,0.0,0.0,0.0,0.0,0.0,0.0,39.537468824295,41.272221784295,42.656799264295,43.221845264295,36.066015548459,37.199127030593,45.693686214795,48.062469437249,49.162253575176,48.039820265643,42.366538249665,43.720166985244994,54.554290765514004,56.301485365514,57.577951741134996,56.231853091229,49.775013274955,60.52910763,63.14227108,64.97415209,62.68312916,55.02118446,56.37862824,68.46083815,71.70086753,72.44734129,70.3732255,61.65919415,75.05691355,77.94220092,41.30355261,43.03830557,44.42288305,44.98792905,37.75576958,38.86673601,47.34197717,49.4247594,50.45221874,49.22447864,43.38581549,44.55568741,55.35942064,57.10661524,57.82686387,56.37380933,49.80940328,60.52910763,63.14227108,64.97415209,62.68312916,55.02118446,56.37862824,68.46083815,71.70086753,72.44734129,70.3732255,61.65919415,75.05691355,77.94220092,
2.9927111213610003,2.9927111213610003,2.9927111213610003,2.9927111213610003,2.8639923634530002,2.826648032455,2.794071062861,2.3117730008230004,2.189808004904,2.012223792605,1.7333331504710001,1.423454659211,1.3722055241180002,1.3722055241180002,0.43422716788099996,0.2538619947630001,0.065551219305,0.0,0.0,0.0,0.0,0.0,0.0,0.0,0.0,0.0,0.0,0.0,0.0,0.0,0.24058429539199996,0.24058429539199996,0.24058429539199996,0.24058429539199996,0.22978350396799999,0.226649941024,0.22391640739199997,0.183446775328,0.173212692096,0.15831160022399998,0.13490988547199997,0.10890798019199999,0.10460766508799998,0.10460766508799998,0.025901897952,0.010767455648,0.0,0.0,0.0,0.0,0.0,0.0,0.0,0.0,0.0,0.0,0.0,0.0,0.0,0.0,38.697509643246995,40.306200373246995,41.789640703246995,42.493703543247,35.831545202579,36.839717116521,45.042944109747005,47.505101453848994,48.918036312999995,48.229585217171,42.861524544057,44.199821050597,54.527279670794,56.401183760794005,58.316725094167,57.455571319589,51.059073100695,61.44832713,63.87757625,65.85180651,64.18020784,56.7255626,57.86731016,69.50051212,72.66938472,73.63751945,72.0539689,63.56919634,76.19675819,78.84985441,41.93080506,43.53949579,45.02293612,45.72699896,38.92532107,39.89301509,48.06093158,50.00032123,51.28105701,50.40012061,44.72976758,45.73218369,56.00409286,57.87799695,58.77685416,57.72020077,51.12462432,61.44832713,63.87757625,65.85180651,64.18020784,56.7255626,57.86731016,69.50051212,72.66938472,73.63751945,72.0539689,63.56919634,76.19675819,78.84985441,
4.091908680882001,4.091908680882001,4.091908680882001,4.091908680882001,3.9159126085860003,3.8648520197100003,3.8203098038820005,3.1608677305260007,2.9941060200480005,2.7512966240100005,2.3699718007020003,1.9462775525820002,1.8762050423160004,1.8762050423160004,0.593715145122,0.3471033648060001,0.08962762941000002,0.0,0.0,0.0,0.0,0.0,0.0,0.0,0.0,0.0,0.0,0.0,0.0,0.0,0.335828047555,0.335828047555,0.335828047555,0.335828047555,0.320751383095,0.316377289085,0.312561590055,0.256070631245,0.24178502634,0.220984813335,0.188318707005,0.152023033305,0.14602028727,0.14602028727,0.036156074955,0.015030131545,0.0,0.0,0.0,0.0,0.0,0.0,0.0,0.0,0.0,0.0,0.0,0.0,0.0,0.0,38.405594931563,39.715648101563005,41.344490551563,42.007364691563,35.280490328319004,36.524562881205,44.962532786063,47.276882988229,48.839275413612,48.151081912654995,42.851563022293,44.565626944113,54.758639450414,56.819002260414,59.057168069923,58.186353303649,52.07660568059,62.77095257,64.7635527,66.94774073,65.1011951,57.58803652,59.0462941,70.99645431,73.87878003,74.77782844,73.08794479,64.5357231,77.83683165,79.94349506,42.83333166,44.14338483,45.77222728,46.43510142,39.51715432,40.70579219,49.09540418,50.69382135,52.07516646,51.12336335,45.40985353,46.66392753,56.78086478,58.84122759,59.68703929,58.5484868,52.16623331,62.77095257,64.7635527,66.94774073,65.1011951,57.58803652,59.0462941,70.99645431,73.87878003,74.77782844,73.08794479,64.5357231,77.83683165,79.94349506,
4.638522467961001,4.638522467961001,4.638522467961001,4.638522467961001,4.4390161252530005,4.381134655455,4.330642309461,3.5831092846230006,3.3940708673040003,3.1188260056050003,2.6865622630710004,2.206269215811,2.1268361349180003,2.1268361349180003,0.673026026481,0.39347084256300013,0.10160045230500002,0.0,0.0,0.0,0.0,0.0,0.0,0.0,0.0,0.0,0.0,0.0,0.0,0.0,0.454881397201,0.454881397201,0.454881397201,0.454881397201,0.43445995162900003,0.42853521124700006,0.423366820701,0.346849428959,0.327499478988,0.299325447597,0.255078982191,0.20591624285100002,0.19778548211400002,0.19778548211400002,0.048973651881,0.020358416419000002,0.0,0.0,0.0,0.0,0.0,0.0,0.0,0.0,0.0,0.0,0.0,0.0,0.0,0.0,37.879746474837994,39.195905804838,40.990189064838,41.735845504838,34.882585473118,36.703529983298,44.501654699838,46.931441276418,48.795617773708,47.912971686798,42.742744754738005,45.177330571338,54.643943742968,56.916873522968,59.471671961637995,58.372592221018,53.099360707695,62.97585262,64.97764166,67.40315284,65.36575928,57.93619413,60.21748935,71.22820445,74.38134054,75.41255362,73.38496625,64.92588405,78.09091049,80.20776438,42.97315034,44.28930967,46.08359293,46.82924937,39.75606155,41.51319985,49.25566383,50.86139999,52.51718812,51.33112314,45.684386,47.58951603,56.96856536,59.24149514,60.19367164,58.78642148,53.20096116,62.97585262,64.97764166,67.40315284,65.36575928,57.93619413,60.21748935,71.22820445,74.38134054,75.41255362,73.38496625,64.92588405,78.09091049,80.20776438,
5.052013018776,5.052013018776,5.052013018776,5.052013018776,4.834722136248,4.77168095428,4.716687582776,3.9025174241680003,3.6966276064640002,3.39684666668,2.9260497545360002,2.402942074376,2.3164281118880004,2.3164281118880004,0.733021403096,0.4285459072080001,0.11065739388000001,0.0,0.0,0.0,0.0,0.0,0.0,0.0,0.0,0.0,0.0,0.0,0.0,0.0,0.5592492632649999,0.5592492632649999,0.5592492632649999,0.5592492632649999,0.534142326685,0.526858215455,0.520503990765,0.426430469135,0.40264087181999997,0.3680025982049999,0.31360423561499995,0.25316161051499997,0.24316533020999997,0.24316533020999997,0.060210153465,0.025029446035,0.0,0.0,0.0,0.0,0.0,0.0,0.0,0.0,0.0,0.0,0.0,0.0,0.0,0.0,37.632743137959,38.715323847959,40.669024287959004,41.428354297959004,34.886356907067004,36.418657710265,44.328925336458994,46.575260006697,48.653838311715994,47.625565305114996,43.018325299849,45.167268565109,54.456919967902,56.934755797902,59.670843193439005,58.400749006756996,53.351734786120005,63.37278256,65.03233062,67.69084247,65.4412618,58.6636158,60.51339979,71.67714807,74.69881442,75.75132327,73.46973157,65.74106522,78.58310899,80.2752719,43.24400542,44.32658613,46.28028657,47.03961658,40.25522137,41.71719688,49.56611691,50.9042079,52.75310679,51.39041457,46.25797929,47.82337225,57.01651341,59.49434924,60.46407475,58.85432436,53.46239218,63.37278256,65.03233062,67.69084247,65.4412618,58.6636158,60.51339979,71.67714807,74.69881442,75.75132327,73.46973157,65.74106522,78.58310899,80.2752719,
5.056646160294,5.056646160294,5.056646160294,5.056646160294,4.839156002862,4.77605700657,4.721013201294,3.9060963768420005,3.7000177400160004,3.39996187467,2.9287332002340003,2.405145784194,2.3185524807720004,2.3185524807720004,0.733693648374,0.42893892160200014,0.11075887647000003,0.0,0.0,0.0,0.0,0.0,0.0,0.0,0.0,0.0,0.0,0.0,0.0,0.0,0.653140152693,0.653140152693,0.653140152693,0.653140152693,0.623818078497,0.6153110569710001,0.607890038193,0.49802276018700004,0.470239189884,0.429785587521,0.36625442676299996,0.295664248143,0.283989718602,0.283989718602,0.070318677933,0.029231573967,0.0,0.0,0.0,0.0,0.0,0.0,0.0,0.0,0.0,0.0,0.0,0.0,0.0,0.0,37.060779187013,38.861521517013,40.322384717013,41.027081427013,34.766378538641,36.082374036459,43.694558600513005,46.781124712971,48.2433287701,46.583968927808996,42.933265423003,44.843472787662996,54.728752470626,56.572848930626,59.270913233692994,57.277600694431,53.03963547353,62.67897066,65.39136623,67.32794173,64.19752089,58.62591746,60.16025342,70.8924191,74.2983429,75.26378474,72.07340595,65.69881878,77.72277284,80.71846194,42.7705655,44.57130783,46.03217103,46.73686774,40.22935262,41.4737421,49.02346184,51.18524385,52.4135857,50.41371639,46.22825305,47.54428282,57.33129467,59.17539113,60.07492556,57.73577119,53.15039435,62.67897066,65.39136623,67.32794173,64.19752089,58.62591746,60.16025342,70.8924191,74.2983429,75.26378474,72.07340595,65.69881878,77.72277284,80.71846194,
4.5628060551930005,4.5628060551930005,4.5628060551930005,4.5628060551930005,4.366556332389,4.309619684415,4.259951544693,3.524620793199001,3.3386681237520004,3.067916191365,2.6427084586230003,2.170255422243,2.0921189585340003,2.0921189585340003,0.662039959953,0.38704806441900014,0.09994198846500002,0.0,0.0,0.0,0.0,0.0,0.0,0.0,0.0,0.0,0.0,0.0,0.0,0.0,0.7289835623909999,0.7289835623909999,0.7289835623909999,0.7289835623909999,0.696256574139,0.686761707177,0.678478950891,0.555853754169,0.524843922708,0.47969280002699993,0.40878432548099997,0.32999713154099997,0.316966941774,0.316966941774,0.078484166271,0.032625979028999996,0.0,0.0,0.0,0.0,0.0,0.0,0.0,0.0,0.0,0.0,0.0,0.0,0.0,0.0,37.885271732416,39.328481652416,41.112378392416,41.612410172416,35.336135633472,36.417091448407994,44.550955374416,47.160998422632,48.73773006354,46.141031758607994,43.371645905896,44.974939356216,54.985189579692,57.244515709692,59.549487743776,56.485711996552006,52.973214701535,63.27467805,65.46320136,67.87203493,63.27419958,58.87306826,60.0728291,71.56618795,74.89876557,75.53325175,71.03680966,65.97578699,78.46145807,80.80713452,43.17706135,44.62027127,46.40416801,46.90419979,40.39894854,41.41347284,49.48938587,51.24147297,52.60124211,49.68864075,46.42313869,47.47519191,57.39427548,59.65360161,60.29001187,56.90538604,53.07315669,63.27467805,65.46320136,67.87203493,63.27419958,58.87306826,60.0728291,71.56618795,74.89876557,75.53325175,71.03680966,65.97578699,78.46145807,80.80713452,
3.823675439868,3.823675439868,3.823675439868,3.823675439868,3.6592162811640003,3.6115028215400002,3.569880441868,2.9536661867240004,2.7978360579520003,2.57094332974,2.2146151525480002,1.818694955668,1.7532158461840002,1.7532158461840002,0.554795865628,0.3243500074440001,0.08375234934000002,0.0,0.0,0.0,0.0,0.0,0.0,0.0,0.0,0.0,0.0,0.0,0.0,0.0,0.698924252201,0.698924252201,0.698924252201,0.698924252201,0.667546746629,0.6584433962470001,0.650502175701,0.532933373959,0.503202218988,0.459912882597,0.391928287191,0.316389847851,0.303896952114,0.303896952114,0.075247906881,0.031280661419,0.0,0.0,0.0,0.0,0.0,0.0,0.0,0.0,0.0,0.0,0.0,0.0,0.0,0.0,38.657247337931,40.087903457931,41.600055167930996,42.182400867931,36.194276182207,37.167132262212995,45.272196182430996,47.743655799317,49.07680961306,46.632914037663,43.956891780261,45.367167906481,55.324598121702,57.234597341702,59.403920157491,56.521272691137,53.01965598066,63.27876037,65.44887038,67.46028593,63.24252914,59.05099003,60.10707054,71.57080522,74.44438856,75.21246671,71.00125383,66.17517407,78.46652021,80.7894445,43.17984703,44.61050315,46.12265486,46.70500056,40.52103921,41.43707848,49.4925788,51.23025536,52.37784789,49.66377025,46.56343522,47.50225271,57.38171092,59.29171014,60.03396393,56.87690336,53.10340833,63.27876037,65.44887038,67.46028593,63.24252914,59.05099003,60.10707054,71.57080522,74.44438856,75.21246671,71.00125383,66.17517407,78.46652021,80.7894445,
2.778348532851,2.778348532851,2.778348532851,2.778348532851,2.658849671223,2.624180248405,2.593936709351,2.1461848018930003,2.032955942264,1.868091772055,1.609177571861,1.321495127201,1.2739168767380002,1.2739168767380002,0.40312424617099996,0.23567831043300008,0.06085590175500001,0.0,0.0,0.0,0.0,0.0,0.0,0.0,0.0,0.0,0.0,0.0,0.0,0.0,0.7559112791579999,0.7559112791579999,0.7559112791579999,0.7559112791579999,0.721975397982,0.712129802826,0.703541092158,0.576386278122,0.544230983304,0.49741203612599993,0.42388429357799995,0.342186801858,0.328675293612,0.328675293612,0.081383270598,0.033831140802,0.0,0.0,0.0,0.0,0.0,0.0,0.0,0.0,0.0,0.0,0.0,0.0,0.0,0.0,39.154907987991,40.534722337991,42.454259787991,42.289360617991,37.253830940795,37.940211608769,45.632686298491,47.885806989985,48.812227304432,47.010679891818995,44.660932404560995,45.654513150941,55.08256974965,57.51668406965,58.416542533231,56.278038478765,52.836791918245005,62.55968479,64.6543952,67.26409594,62.87631247,59.21656289,59.87417285,70.75750202,74.2278872,73.79311603,70.59010894,66.3607224,77.57485675,79.80875212,42.6891678,44.06898215,45.9885196,45.82362043,40.63465601,41.27652166,48.9301641,50.60837807,51.38941423,49.3761837,46.69399427,47.31819508,56.68516192,59.11927624,58.90105005,56.54754793,52.89764782,62.55968479,64.6543952,67.26409594,62.87631247,59.21656289,59.87417285,70.75750202,74.2278872,73.79311603,70.59010894,66.3607224,77.57485675,79.80875212,
1.552684724496,1.552684724496,1.552684724496,1.552684724496,1.4859025858080002,1.4665275208800002,1.4496258684960002,1.1993989661280002,1.136120828544,1.04398621128,0.8992915774560001,0.7385197620960001,0.7119305772480001,0.7119305772480001,0.225286659216,0.13170921796800006,0.03400942248000001,0.0,0.0,0.0,0.0,0.0,0.0,0.0,0.0,0.0,0.0,0.0,0.0,0.0,0.793612721167,0.793612721167,0.793612721167,0.793612721167,0.757984271443,0.7476476224490001,0.7386305456669999,0.605133823553,0.5713747677959999,0.522220702899,0.44502572849699995,0.359253534717,0.34506813343799997,0.34506813343799997,0.085442300727,0.035518485373,0.0,0.0,0.0,0.0,0.0,0.0,0.0,0.0,0.0,0.0,0.0,0.0,0.0,0.0,40.332151694337,41.794988184337,43.042493304337,43.146150334337,39.059714852749,40.751141276671,46.729622005837,48.886877870319005,49.31052135366,48.284028425821,46.118374174047,48.156406623186996,55.721165909313996,57.291312599314,58.164636340057,56.923222806659,55.027901927520006,62.54397693,64.76047293,66.38691573,63.47997635,60.19141217,62.32387514,70.7397358,73.25989332,73.25980458,71.26783156,67.453182,77.55537878,79.93969343,42.67844914,44.14128563,45.38879075,45.49244778,41.30360171,42.96531642,48.91787842,50.69141066,51.01801695,49.85023534,47.46269148,49.25417992,56.77816462,58.34831131,58.4753653,57.09045051,55.06191135,62.54397693,64.76047293,66.38691573,63.47997635,60.19141217,62.32387514,70.7397358,73.25989332,73.25980458,71.26783156,67.453182,77.55537878,79.93969343,
0.45404333389800006,0.45404333389800006,0.45404333389800006,0.45404333389800006,0.43451458835400003,0.42884884119000005,0.42390638089800003,0.35073385901400006,0.33222976987200004,0.30528733389,0.262975051878,0.21596140519800003,0.20818607132400005,0.20818607132400005,0.065879379258,0.03851502593400002,0.009945194490000003,0.0,0.0,0.0,0.0,0.0,0.0,0.0,0.0,0.0,0.0,0.0,0.0,0.0,0.783511714146,0.783511714146,0.783511714146,0.783511714146,0.7483367390339999,0.738131653662,0.7292293451459999,0.597431753214,0.564102378648,0.5155739407619999,0.43936149468599994,0.354680999046,0.34067614784399997,0.34067614784399997,0.08435480142599999,0.035066410374,0.0,0.0,0.0,0.0,0.0,0.0,0.0,0.0,0.0,0.0,0.0,0.0,0.0,0.0,43.548524181956,44.898940511956,45.907747511955996,46.014369981956,44.089402162612,45.253192845148,50.180500393956,52.034524157772,52.094870331479996,52.356661595347994,51.320802133436004,52.644084265756,58.795706080832,60.057484530832,60.586738919316,60.827409643692,59.47951473551,65.6326451,67.68768125,68.95603907,67.71699013,65.97489703,67.33536089,74.23314285,76.09499568,76.09321904,76.02465097,73.93441317,81.38536916,83.5530107,44.78607923,46.13649556,47.14530256,47.25192503,45.27225349,46.42017334,51.33363612,52.98268977,52.99120248,53.17752287,52.02313868,53.21472667,59.3445683,60.60634675,60.7369731,60.90099108,59.48945993,65.6326451,67.68768125,68.95603907,67.71699013,65.97489703,67.33536089,74.23314285,76.09499568,76.09321904,76.02465097,73.93441317,81.38536916,83.5530107,
0.010973667618000001,0.010973667618000001,0.010973667618000001,0.010973667618000001,0.010501681914000001,0.010364747790000002,0.010245294618,0.008476804974000001,0.008029583952000001,0.007378418490000001,0.006355782798000001,0.005219520918000001,0.005031600684000001,0.005031600684000001,0.001592223378,0.0009308606940000004,0.00024036309000000008,0.0,0.0,0.0,0.0,0.0,0.0,0.0,0.0,0.0,0.0,0.0,0.0,0.0,0.774201856316,0.774201856316,0.774201856316,0.774201856316,0.739444837964,0.7293610116520001,0.720564482316,0.590332938244,0.557399590608,0.5094477782519999,0.43414090515599996,0.350466601716,0.336628159224,0.336628159224,0.083352479196,0.034649743604,0.0,0.0,0.0,0.0,0.0,0.0,0.0,0.0,0.0,0.0,0.0,0.0,0.0,0.0,44.212903046065996,45.350185306066,46.363579626066,46.563417386066,45.656337560122,46.275855420557996,50.845819193066,52.382576916782,52.53418259544,52.914700163258,52.885776392046,53.541598647366,59.001448950092005,60.269125370092,60.776283957426,61.156305275702,60.25226045691,65.94332372,67.68601647,68.96108893,68.04044168,67.62751084,68.19903715,74.58453279,76.10056835,76.24889038,76.38778423,75.78640594,81.77061486,83.55095571,44.99807857,46.13536083,47.14875515,47.34859291,46.40628408,47.01558118,51.57662897,52.98138666,53.09961177,53.43152636,53.32627308,53.89728477,59.34310871,60.61078513,60.86122866,61.19188588,60.25250082,65.94332372,67.68601647,68.96108893,68.04044168,67.62751084,68.19903715,74.58453279,76.10056835,76.24889038,76.38778423,75.78640594,81.77061486,83.55095571,
0.0,0.0,0.0,0.0,0.0,0.0,0.0,0.0,0.0,0.0,0.0,0.0,0.0,0.0,0.0,0.0,0.0,0.0,0.0,0.0,0.0,0.0,0.0,0.0,0.0,0.0,0.0,0.0,0.0,0.0,0.724159582468,0.724159582468,0.724159582468,0.724159582468,0.691649161972,0.6822171263960001,0.673989180468,0.5521754444120001,0.5213708175840001,0.476518478196,0.406079233788,0.327813406668,0.31486944295200003,0.31486944295200003,0.077964804708,0.032410079692,0.0,0.0,0.0,0.0,0.0,0.0,0.0,0.0,0.0,0.0,0.0,0.0,0.0,0.0,42.815791627532,43.904304417532,44.816036697532006,45.231541107532,44.897717418027995,44.704362623604005,49.231339679532,50.698705985588,51.016166312416,51.249023731804,51.981459656212,51.702031843332,57.089944207048,58.228077087048,58.992859405291995,59.205715640308,58.16486503,63.80648216,65.47522107,66.6083657,65.86801796,66.43702343,65.83606883,72.16767964,73.5042698,74.00581451,73.94884307,74.45229264,79.12090237,80.82197153,43.53995121,44.628464,45.54019628,45.95570069,45.58936658,45.38657975,49.90532886,51.25088143,51.53753713,51.72554221,52.38753889,52.02984525,57.40481365,58.54294653,59.07082421,59.23812572,58.16486503,63.80648216,65.47522107,66.6083657,65.86801796,66.43702343,65.83606883,72.16767964,73.5042698,74.00581451,73.94884307,74.45229264,79.12090237,80.82197153,
0.0,0.0,0.0,0.0,0.0,0.0,0.0,0.0,0.0,0.0,0.0,0.0,0.0,0.0,0.0,0.0,0.0,0.0,0.0,0.0,0.0,0.0,0.0,0.0,0.0,0.0,0.0,0.0,0.0,0.0,0.638678475498,0.638678475498,0.638678475498,0.638678475498,0.6100056438420001,0.6016869828060001,0.594430278498,0.486995656182,0.459827263224,0.420269375106,0.358144906518,0.289117719198,0.277701684372,0.277701684372,0.06876169813800001,0.028584335262000004,0.0,0.0,0.0,0.0,0.0,0.0,0.0,0.0,0.0,0.0,0.0,0.0,0.0,0.0,40.785764184502,42.076840064502,42.995166034502006,43.631098824502004,43.183752476158,42.490585177194,46.886110611502,48.567078343818,49.187012136776,49.011730444894,49.966028873482,49.110600530801996,54.666523625628,55.814586765628,56.834999821862006,56.582886414738,55.22461062,60.70626833,62.66870442,63.82008225,62.94738948,63.82029741,62.50803236,68.66121398,70.42731787,71.29084919,70.66990583,71.51987271,75.27659522,77.35763487,41.42444266,42.71551854,43.63384451,44.2697773,43.79375812,43.09227216,47.48054089,49.054074,49.6468394,49.43199982,50.32417378,49.39971825,54.94422531,56.09228845,56.90376152,56.61147075,55.22461062,60.70626833,62.66870442,63.82008225,62.94738948,63.82029741,62.50803236,68.66121398,70.42731787,71.29084919,70.66990583,71.51987271,75.27659522,77.35763487,
0.0,0.0,0.0,0.0,0.0,0.0,0.0,0.0,0.0,0.0,0.0,0.0,0.0,0.0,0.0,0.0,0.0,0.0,0.0,0.0,0.0,0.0,0.0,0.0,0.0,0.0,0.0,0.0,0.0,0.0,0.548982272461,0.548982272461,0.548982272461,0.548982272461,0.524336262169,0.5171858764670001,0.510948305961,0.418601835299,0.395248979868,0.361246613817,0.307846924851,0.248513937111,0.23870117375400002,0.23870117375400002,0.05910478394100001,0.024569942359,0.0,0.0,0.0,0.0,0.0,0.0,0.0,0.0,0.0,0.0,0.0,0.0,0.0,0.0,38.97030864753901,39.989126597539006,40.996767997539,41.985991157539004,40.320668067831,39.502140053533,44.785914804038995,46.134956694700996,47.306075100132,46.272632936183,46.627862285149,45.628468792889,51.904760126245996,53.169295176245996,54.614763746059,53.382383397641,51.28649711,57.91432606,59.4741876,60.76597717,59.38422459,59.52310184,58.05053191,65.50341576,67.05702405,68.49716806,66.66960447,66.70424363,71.81454898,73.41435459,39.51929092,40.53810887,41.54575027,42.53497343,40.84500433,40.01932593,45.29686311,46.55355853,47.70132408,46.63387955,46.93570921,45.87698273,52.1434613,53.40799635,54.67386853,53.40695334,51.28649711,57.91432606,59.4741876,60.76597717,59.38422459,59.52310184,58.05053191,65.50341576,67.05702405,68.49716806,66.66960447,66.70424363,71.81454898,73.41435459,
0.0,0.0,0.0,0.0,0.0,0.0,0.0,0.0,0.0,0.0,0.0,0.0,0.0,0.0,0.0,0.0,0.0,0.0,0.0,0.0,0.0,0.0,0.0,0.0,0.0,0.0,0.0,0.0,0.0,0.0,1.454556016949,1.454556016949,1.454556016949,1.454556016949,1.389255178721,1.3703098738030002,1.353783118449,1.109106520891,1.047231961212,0.9571409899529999,0.815655840459,0.658450118799,0.632450710986,0.632450710986,0.156601084269,0.065099292431,0.0,0.0,0.0,0.0,0.0,0.0,0.0,0.0,0.0,0.0,0.0,0.0,0.0,0.0,40.884401263051004,38.289132153051,35.449977673051,37.003536603051,44.473830091279,45.305729586196996,47.174971001551,44.532147229109,42.082028308788004,45.137517680047004,51.886417989541,52.849593971200996,50.489161119014,46.809157339014,49.276901045731,52.724317087569,59.81736343,62.04646187,58.30867872,53.9776039,58.69757329,66.83591152,67.70651068,70.1770264,59.56585661,61.93186973,65.89871337,74.89930442,76.93845337,71.97566186,42.33895728,39.74368817,36.90453369,38.45809262,45.86308527,46.67603946,48.52875412,45.64125375,43.12926027,46.09465867,52.70207383,53.50804409,51.12161183,47.44160805,49.43350213,52.78941638,59.81736343,62.04646187,58.30867872,53.9776039,58.69757329,66.83591152,67.70651068,70.1770264,59.56585661,61.93186973,65.89871337,74.89930442,76.93845337,71.97566186,
0.0,0.0,0.0,0.0,0.0,0.0,0.0,0.0,0.0,0.0,0.0,0.0,0.0,0.0,0.0,0.0,0.0,0.0,0.0,0.0,0.0,0.0,0.0,0.0,0.0,0.0,0.0,0.0,0.0,0.0,1.360303880586,1.360303880586,1.360303880586,1.360303880586,1.299234397794,1.281516708342,1.266060851586,1.0372387771740001,0.979373557368,0.895120289442,0.762803076726,0.6157839514860001,0.591469250004,0.591469250004,0.14645366706600002,0.060880996734000006,0.0,0.0,0.0,0.0,0.0,0.0,0.0,0.0,0.0,0.0,0.0,0.0,0.0,0.0,39.050550099414,36.739619459413994,34.231301939413996,35.460465779414,42.674110122205995,43.552950561657994,45.052708498414,42.716331892826005,40.313692482632,43.052315650558,49.767736583274,50.781135738513996,48.415796589996,45.162340489996,47.182456102934005,50.269451443266,57.45730902,59.22088477,55.89708182,52.05727884,55.96327029,64.08200726,65.0351952,66.98118585,57.44672203,59.29516923,62.8289604,71.81315645,73.43469948,68.99881026,40.41085398,38.09992334,35.59160582,36.82076966,43.97334452,44.83446727,46.31876935,43.75357067,41.29306604,43.94743594,50.53053966,51.39691969,49.00726584,45.75380974,47.32890977,50.33033244,57.45730902,59.22088477,55.89708182,52.05727884,55.96327029,64.08200726,65.0351952,66.98118585,57.44672203,59.29516923,62.8289604,71.81315645,73.43469948,68.99881026,
0.0,0.0,0.0,0.0,0.0,0.0,0.0,0.0,0.0,0.0,0.0,0.0,0.0,0.0,0.0,0.0,0.0,0.0,0.0,0.0,0.0,0.0,0.0,0.0,0.0,0.0,0.0,0.0,0.0,0.0,1.2689738209189998,1.2689738209189998,1.2689738209189998,1.2689738209189998,1.212004509851,1.195476376393,1.1810582174189999,0.967599132121,0.9136189515719999,0.8350224020429999,0.7115888947289999,0.5744405532689999,0.551758327566,0.551758327566,0.136620847839,0.056793479861,0.0,0.0,0.0,0.0,0.0,0.0,0.0,0.0,0.0,0.0,0.0,0.0,0.0,0.0,37.856620189081,35.838646289081,33.019136329081,34.172547369081,41.354765580149,42.121670473607,43.664550972581,41.646420437879,38.832673388428,41.991301647956995,48.202631465271004,49.083067466731,47.179125212434,43.526378412434,45.419421962161,48.989597520139,55.51279727,57.33737514,54.44125593,50.15074959,54.53563097,62.03221746,62.83422716,64.85086124,55.34281152,57.07406489,61.22617533,69.51607054,71.09912203,67.20175304,39.12559401,37.10762011,34.28811015,35.44152119,42.56677009,43.31714685,44.84560919,42.61401957,39.74629234,42.82632405,48.91422036,49.65750802,47.73088354,44.07813674,45.55604281,49.046391,55.51279727,57.33737514,54.44125593,50.15074959,54.53563097,62.03221746,62.83422716,64.85086124,55.34281152,57.07406489,61.22617533,69.51607054,71.09912203,67.20175304,
0.0,0.0,0.0,0.0,0.0,0.0,0.0,0.0,0.0,0.0,0.0,0.0,0.0,0.0,0.0,0.0,0.0,0.0,0.0,0.0,0.0,0.0,0.0,0.0,0.0,0.0,0.0,0.0,0.0,0.0,1.180529760165,1.180529760165,1.180529760165,1.180529760165,1.127531056785,1.1121548897550002,1.098741637665,0.900160076235,0.84994216902,0.776823587505,0.661993063515,0.534403592415,0.51330225681,0.51330225681,0.12709874236500002,0.05283512713500001,0.0,0.0,0.0,0.0,0.0,0.0,0.0,0.0,0.0,0.0,0.0,0.0,0.0,0.0,36.885565469835,34.924343229834996,32.310118789835,33.424968949835,40.712881393215,41.540777660245006,42.532474012335,40.56231473376501,37.958783350980006,41.260698612495,47.417557026485,48.361668607584996,45.92776517319,42.53967967319,44.354332287635,48.090188972865,54.66157792,55.78471171,52.97010762,48.98435994,53.53115983,60.97370222,61.87074283,63.09473688,54.0556666,55.72775694,60.09847358,68.32985113,69.17379833,65.38578197,38.06609523,36.10487299,33.49064855,34.60549871,41.84041245,42.65293255,43.63121565,41.46247481,38.80872552,42.0375222,48.07955009,48.8960722,46.44106743,43.05298193,44.48143103,48.1430241,54.66157792,55.78471171,52.97010762,48.98435994,53.53115983,60.97370222,61.87074283,63.09473688,54.0556666,55.72775694,60.09847358,68.32985113,69.17379833,65.38578197,
0.0,0.0,0.0,0.0,0.0,0.0,0.0,0.0,0.0,0.0,0.0,0.0,0.0,0.0,0.0,0.0,0.0,0.0,0.0,0.0,0.0,0.0,0.0,0.0,0.0,0.0,0.0,0.0,0.0,0.0,1.0209301714499999,1.0209301714499999,1.0209301714499999,1.0209301714499999,0.97509653205,0.9617991181500001,0.95019924645,0.77846456055,0.7350357726,0.67180232565,0.57249610695,0.46215586394999997,0.4439072853,0.4439072853,0.10991585745,0.045692177550000004,0.0,0.0,0.0,0.0,0.0,0.0,0.0,0.0,0.0,0.0,0.0,0.0,0.0,0.0,36.77863721855,34.52078528855,32.125518478550006,33.03565948855,40.69450686795,41.56238111185,42.37552319355,40.03728577945,37.4581095274,41.24314818435,47.310774313050004,48.28631844605,45.2727804447,42.1665979247,43.665955052550004,47.95695799245,54.49657624,55.39412321,52.14388909,48.48092353,53.37507535,60.72478354,61.68397953,62.65296569,53.50010987,54.84380869,59.92324033,68.05090176,68.6894633,64.36590592,37.79956739,35.54171546,33.14644865,34.05658966,41.6696034,42.52418023,43.32572244,40.81575034,38.1931453,41.91495051,47.88327042,48.74847431,45.71668773,42.61050521,43.77587091,48.00265017,54.49657624,55.39412321,52.14388909,48.48092353,53.37507535,60.72478354,61.68397953,62.65296569,53.50010987,54.84380869,59.92324033,68.05090176,68.6894633,64.36590592,
0.0,0.0,0.0,0.0,0.0,0.0,0.0,0.0,0.0,0.0,0.0,0.0,0.0,0.0,0.0,0.0,0.0,0.0,0.0,0.0,0.0,0.0,0.0,0.0,0.0,0.0,0.0,0.0,0.0,0.0,0.939940723204,0.939940723204,0.939940723204,0.939940723204,0.897743024116,0.8855004817880001,0.8748208172040001,0.7167096854360001,0.676726063152,0.618508867188,0.527080519164,0.42549346580400005,0.40869253005600004,0.40869253005600004,0.10119633392400001,0.042067459276,0.0,0.0,0.0,0.0,0.0,0.0,0.0,0.0,0.0,0.0,0.0,0.0,0.0,0.0,36.614332046795994,34.076015646795994,31.898496196796,33.156863836796,41.005735395884,41.978649018212,42.169745862796006,39.495264174564,37.561518696848,41.853863372812,47.624939780835994,48.712711654196,44.631720469944,41.805856679944,43.726366256076,48.598964010724,54.93226157,55.03465138,51.37253849,48.03041696,54.08490386,61.06560775,62.1771262,62.24638869,53.00296276,54.90856968,60.72015208,68.43284458,68.24371336,63.41375829,37.55427277,35.01595637,32.83843692,34.09680456,41.90347842,42.8641495,43.04456668,40.21197386,38.23824476,42.47237224,48.1520203,49.13820512,45.040413,42.21454921,43.82756259,48.64103147,54.93226157,55.03465138,51.37253849,48.03041696,54.08490386,61.06560775,62.1771262,62.24638869,53.00296276,54.90856968,60.72015208,68.43284458,68.24371336,63.41375829,
0.0,0.0,0.0,0.0,0.0,0.0,0.0,0.0,0.0,0.0,0.0,0.0,0.0,0.0,0.0,0.0,0.0,0.0,0.0,0.0,0.0,0.0,0.0,0.0,0.0,0.0,0.0,0.0,0.0,0.0,0.8885586349569999,0.8885586349569999,0.8885586349569999,0.8885586349569999,0.848667683353,0.837094382579,0.826998524457,0.677530576163,0.639732668316,0.584697929529,0.498267534387,0.402233762007,0.386351253498,0.386351253498,0.095664411717,0.039767831383,0.0,0.0,0.0,0.0,0.0,0.0,0.0,0.0,0.0,0.0,0.0,0.0,0.0,0.0,36.744726145042996,33.735377765043,32.534916245043,33.509079625043,42.110195296647,43.380763727421,42.308131415543,39.084251473837,37.935885421684,43.809485940471,48.866513635613,50.287823247992996,44.149813306502004,42.580277406502,44.118585658282996,50.802197908616996,56.6670977,55.15044108,50.79739894,48.88610985,56.53216526,62.60361133,64.14076509,62.37735147,53.94724477,55.39302411,63.46764858,70.15640001,68.38729416,62.70381167,37.63328478,34.6239364,33.42347488,34.39763826,42.95886298,44.21785811,43.13512994,39.76178205,38.57561809,44.39418387,49.36478117,50.69005701,44.53616456,42.96662866,44.21425007,50.84196574,56.6670977,55.15044108,50.79739894,48.88610985,56.53216526,62.60361133,64.14076509,62.37735147,53.94724477,55.39302411,63.46764858,70.15640001,68.38729416,62.70381167,
0.066464239041,0.066464239041,0.066464239041,0.066464239041,0.063605562093,0.06277619285500001,0.062052700541000004,0.05134148506300001,0.048632800424000006,0.044688885005000005,0.03849508495100001,0.031613084891,0.030474907958000008,0.030474907958000008,0.009643623161,0.005637946203000003,0.0014558077050000004,0.0,0.0,0.0,0.0,0.0,0.0,0.0,0.0,0.0,0.0,0.0,0.0,0.0,0.8591654610839999,0.8591654610839999,0.8591654610839999,0.8591654610839999,0.820594086636,0.809403626148,0.7996417350839999,0.655118128356,0.618570560592,0.565356349548,0.48178503824399993,0.388928025684,0.373570904376,0.373570904376,0.092499870204,0.038452326996,0.0,0.0,0.0,0.0,0.0,0.0,0.0,0.0,0.0,0.0,0.0,0.0,0.0,0.0,36.604420809875,33.209821859875,32.444835179875,32.912655209875,43.604008011271,44.249806200997,42.155108764375,38.494351336581,37.281121628984,46.153688645447,50.601897786805,51.305981649425,43.503789227666005,42.494437297666,43.393121496635004,53.511577356801006,57.824320922295,54.99915438,50.08073406,48.80857594,59.54958289,64.83231325,65.4522591,62.20624017,53.86168384,54.49225665,66.85524927,72.65398281,68.1996966,61.81916756,37.53005051,34.13545156,33.37046488,33.83828491,44.48820766,45.12198602,43.0168032,39.20081095,37.94832499,46.76373388,51.12217791,51.72652276,43.90783504,42.89848311,43.49526499,53.55566763,57.82577673,54.99915438,50.08073406,48.80857594,59.54958289,64.83231325,65.4522591,62.20624017,53.86168384,54.49225665,66.85524927,72.65398281,68.1996966,61.81916756,
0.8812108597770001,0.8812108597770001,0.8812108597770001,0.8812108597770001,0.8433093174210001,0.8323131909350001,0.8227208252770001,0.6807070215110002,0.6447941403280001,0.5925040494850001,0.5103840410470001,0.41913958722700007,0.4040491583260001,0.4040491583260001,0.12785921541700002,0.07475026409100004,0.019301711385000007,0.0,0.0,0.0,0.0,0.0,0.0,0.0,0.0,0.0,0.0,0.0,0.0,0.0,0.8257216737909999,0.8257216737909999,0.8257216737909999,0.8257216737909999,0.788651724739,0.777896862977,0.7685149622909999,0.629617066769,0.5944921459079999,0.543349345827,0.46303112288099996,0.373788652941,0.359029321374,0.359029321374,0.088899229671,0.036955535629,0.0,0.0,0.0,0.0,0.0,0.0,0.0,0.0,0.0,0.0,0.0,0.0,0.0,0.0,36.545069456431996,32.329247976432,32.376469706432,32.446709606432,44.18703723784,44.779712576088,42.253065502431994,37.77648498172,37.062699613763996,47.956002144688,51.677997526072,52.387119889832,43.0170659503,43.0519016403,43.683862374912,56.11021834028,59.431390618615005,56.05715245,49.93509172,49.85133807,62.51424508,66.77166389,67.29148034,63.40287824,55.0124022,55.00009937,70.18362237,74.82730566,69.51162854,61.63938808,38.25200199,34.03618051,34.08340224,34.15364214,45.81899828,46.38992263,43.84430129,39.08680907,38.3019859,49.09185554,52.65141269,53.18004813,43.78014443,43.81498012,43.90062082,56.22192414,59.45069233,56.05715245,49.93509172,49.85133807,62.51424508,66.77166389,67.29148034,63.40287824,55.0124022,55.00009937,70.18362237,74.82730566,69.51162854,61.63938808,
2.394176764554,2.394176764554,2.394176764554,2.394176764554,2.2912014198420003,2.26132585687,2.235264195554,1.8494244780220004,1.7518521606560002,1.6097843239700003,1.386671077094,1.138767469454,1.0977680266520002,1.0977680266520002,0.347382875834,0.20309026318200007,0.052441147770000016,0.0,0.0,0.0,0.0,0.0,0.0,0.0,0.0,0.0,0.0,0.0,0.0,0.0,1.0290045654839999,1.0290045654839999,1.0290045654839999,1.0290045654839999,0.982808434236,0.9694058529480001,0.9577142394839999,0.784621327956,0.740849067792,0.6771155163479999,0.5770238986439999,0.465810990084,0.44741808597599997,0.44741808597599997,0.11078516660400001,0.046053550596000005,0.0,0.0,0.0,0.0,0.0,0.0,0.0,0.0,0.0,0.0,0.0,0.0,0.0,0.0,35.987486389962,31.343790199962,32.211413009962,31.975684549962004,44.465981375922,44.999929960182,41.979381164962,37.291996364022005,37.205754831552,49.432113049682,52.895164324262,53.685638980462,43.174962047372,44.263886337372,45.043046207562,58.981504276222005,61.75723788223,57.75514204,51.00724836,52.12015505,65.85970344,69.57111172,69.9615873,65.32337228,57.51610776,57.00537393,73.9395085,77.96449181,71.61715864,62.96284773,39.41066772,34.76697153,35.63459434,35.39886588,47.73999123,48.23066167,45.1723596,39.92604217,39.69845606,51.71901289,54.8588593,55.29021744,44.72014816,45.80907245,45.50121425,59.23064809,61.80967903,57.75514204,51.00724836,52.12015505,65.85970344,69.57111172,69.9615873,65.32337228,57.51610776,57.00537393,73.9395085,77.96449181,71.61715864,62.96284773,
3.7763752658220007,3.7763752658220007,3.7763752658220007,3.7763752658220007,3.6139505232060007,3.5668272954100004,3.5257197988220006,2.9171283249460007,2.7632258682080004,2.5391398807100005,2.1872196050420003,1.7961970765220003,1.7315279660360006,1.7315279660360006,0.547932850862,0.32033768682600017,0.08271630411000003,0.0,0.0,0.0,0.0,0.0,0.0,0.0,0.0,0.0,0.0,0.0,0.0,0.0,1.373023078084,1.373023078084,1.373023078084,1.373023078084,1.3113825796360001,1.2934992251480002,1.277898852084,1.0469372313560001,0.988530956592,0.903489898548,0.769935485244,0.6215416926840001,0.596999642376,0.596999642376,0.14782304720400002,0.061450249996,0.0,0.0,0.0,0.0,0.0,0.0,0.0,0.0,0.0,0.0,0.0,0.0,0.0,0.0,35.420546866094,30.203595476094,31.586583396094,31.074749326094,44.015944067157996,44.552650669442,41.697500469093995,36.634958733698,36.8722207852,50.233721670742,53.282122909714,54.227850540793995,43.145410771588,44.896403121587994,45.866264201934,61.090481263178,63.242151205889996,59.45402816,51.86701218,53.73107509,68.35220531,71.32173622,71.67660981,67.24488033,59.2938049,58.33438536,76.73779568,79.92631973,73.72380044,64.02413177,40.56994521,35.35299382,36.73598174,36.22414767,48.94127717,49.41297719,46.50111912,40.59902429,40.62397761,53.67635145,56.239278,56.64558931,45.47393838,47.22493073,46.5620201,61.4722692,63.32486751,59.45402816,51.86701218,53.73107509,68.35220531,71.32173622,71.67660981,67.24488033,59.2938049,58.33438536,76.73779568,79.92631973,73.72380044,64.02413177,
4.771906451487,4.771906451487,4.771906451487,4.771906451487,4.566663163251,4.507117270985,4.455172981987,3.686144118041,3.491669767768,3.208510046035,2.763816254857,2.269712042437,2.187994807306,2.187994807306,0.692379364327,0.4047853740210001,0.10452204493500002,0.0,0.0,0.0,0.0,0.0,0.0,0.0,0.0,0.0,0.0,0.0,0.0,0.0,1.609002689315,1.609002689315,1.609002689315,1.609002689315,1.536768122135,1.5158111798050002,1.497529591815,1.226872911085,1.15842842922,1.0587714800549999,0.902263251165,0.7283652190650001,0.69960515991,0.69960515991,0.17322919351500002,0.07201162098500001,0.0,0.0,0.0,0.0,0.0,0.0,0.0,0.0,0.0,0.0,0.0,0.0,0.0,0.0,34.953377239198005,29.428796079197998,31.603978969198,30.651022379198,43.953892784614,44.37002152921,41.424501526198,36.210490070873995,36.879777683012,50.59722011391,53.855667513978,54.770924138498,43.173798312784,45.942827992784004,46.734725762158,62.356188544994005,64.476222975065,60.57414704,52.53706168,55.55776051,69.86521214,72.94814255,73.09812155,68.51177952,61.30960541,59.63521856,78.43642132,81.74894323,75.11276303,64.85123431,41.33428638,35.80970522,37.98488811,37.03193152,50.05732407,50.39294998,47.3772041,41.1235071,41.52987588,54.86450164,57.52174702,57.7690014,46.06139828,48.83042796,47.60033432,62.83298554,64.58074502,60.57414704,52.53706168,55.55776051,69.86521214,72.94814255,73.09812155,68.51177952,61.30960541,59.63521856,78.43642132,81.74894323,75.11276303,64.85123431,
5.390042382396,5.390042382396,5.390042382396,5.390042382396,5.158212602508001,5.090953345380001,5.032280376396001,4.163634225828001,3.9439683541440007,3.6241291207800006,3.1218312643560004,2.5637225349960002,2.4714199374480006,2.4714199374480006,0.7820677451160001,0.45721984366800017,0.11806146198000003,0.0,0.0,0.0,0.0,0.0,0.0,0.0,0.0,0.0,0.0,0.0,0.0,0.0,1.7699449214929999,1.7699449214929999,1.7699449214929999,1.7699449214929999,1.690485013697,1.667431830571,1.647321606993,1.349592199387,1.274301484284,1.1646762411209999,0.9925131075629999,0.801220736943,0.769583921802,0.769583921802,0.190556630733,0.079214661167,0.0,0.0,0.0,0.0,0.0,0.0,0.0,0.0,0.0,0.0,0.0,0.0,0.0,0.0,34.479329896111,29.011075726111,31.086121656111,30.411537936111,43.904329123795,44.172415174049,41.047227296611,36.025260364785,36.916739481572,51.184508308099005,54.206846758081,55.020634048061005,43.28520265075,45.92522937075,47.321296274150995,63.56640618516499,65.15196207801999,61.02116048,53.0672162,55.93982943,71.27718864,73.96198454,73.87830712,69.01736958,61.73122959,60.50416566,80.02162203,82.8850998,75.66706576,65.50565186,41.6393172,36.17106303,38.24610896,37.57152524,50.75302674,50.93080035,47.72682928,41.53848679,42.13500932,55.97331367,58.32119113,58.38557732,46.52620651,49.16623323,48.29392065,64.10284069,65.27002354,61.02116048,53.0672162,55.93982943,71.27718864,73.96198454,73.87830712,69.01736958,61.73122959,60.50416566,80.02162203,82.8850998,75.66706576,65.50565186,
5.662998724014001,5.662998724014001,5.662998724014001,5.662998724014001,5.419428886422001,5.34876356317,5.287119345014,4.374484212802001,4.143694274096,3.8076581092700006,3.2799234611540005,2.6935516299140003,2.5965747501320005,2.5965747501320005,0.821672322494,0.4803738463620002,0.12404019507000003,0.0,0.0,0.0,0.0,0.0,0.0,0.0,0.0,0.0,0.0,0.0,0.0,0.0,1.9565505242080001,1.9565505242080001,1.9565505242080001,1.9565505242080001,1.8687131444320002,1.8432294601760002,1.820999012208,1.4918799410720003,1.4086513127040001,1.287468260976,1.097153938128,0.8856935794080001,0.8507212893120001,0.8507212893120001,0.21064704964800002,0.08756627675200002,0.0,0.0,0.0,0.0,0.0,0.0,0.0,0.0,0.0,0.0,0.0,0.0,0.0,0.0,34.461645511778,28.949864381778,30.807849711777997,30.433942231777998,44.017389689146,44.317538666654,41.125189322778,36.129584486126,37.123170193199996,51.384363449754,54.579006870718,55.469772750678,43.591301900556005,45.951989570556,47.881114047858,64.114593406886,65.88765257493,61.66871868,53.65164353,56.20498927,71.92176033,74.76714568,74.71779306,69.74978376,62.02384118,61.28031103,80.74527111,83.78739929,76.47004669,66.22706323,42.08119476,36.56941363,38.42739896,38.05349148,51.30553172,51.50953169,48.23330768,41.99594864,42.67551578,56.47948982,58.95608427,59.04901796,47.03859794,49.39928561,48.91343342,64.68253353,66.01169277,61.66871868,53.65164353,56.20498927,71.92176033,74.76714568,74.71779306,69.74978376,62.02384118,61.28031103,80.74527111,83.78739929,76.47004669,66.22706323,
5.531132587257001,5.531132587257001,5.531132587257001,5.531132587257001,5.293234411461,5.2242145703350005,5.164005772757,4.272621867151001,4.047206003048,3.7189946308850006,3.2035485833270005,2.6308307527070003,2.5361120345660004,2.5361120345660004,0.802539216497,0.4691880689310002,0.12115184878500003,0.0,0.0,0.0,0.0,0.0,0.0,0.0,0.0,0.0,0.0,0.0,0.0,0.0,2.150903100101,2.150903100101,2.150903100101,2.150903100101,2.0543404557289997,2.026325367547,2.0018866736009997,1.640074790059,1.548578704188,1.4153580188969999,1.2061389560909999,0.9736733307509999,0.935227092714,0.935227092714,0.231571526781,0.096264611519,0.0,0.0,0.0,0.0,0.0,0.0,0.0,0.0,0.0,0.0,0.0,0.0,0.0,0.0,34.234309852642,28.928174442641996,30.987910772641996,30.516390562641995,44.00271039281,44.594793142118,40.878465683642,36.130102262790004,37.242269792764,51.736701600218,54.597823810582,55.829466756542004,43.61973463272,46.23974673271999,48.065619816722,64.56551582955001,66.32088493121499,61.42713713,53.7114968,56.55974602,72.42038386,74.83236467,75.20489395,69.47654539,62.41532557,61.51371005,81.30506681,83.8604866,76.1704823,66.30094552,41.91634554,36.61021013,38.66994646,38.19842625,51.35028526,51.84533308,48.04435813,42.04279892,42.8380545,56.87105425,59.00751135,59.43397084,47.09107376,49.71108586,49.09973056,65.13096851,66.44203678,61.42713713,53.7114968,56.55974602,72.42038386,74.83236467,75.20489395,69.47654539,62.41532557,61.51371005,81.30506681,83.8604866,76.1704823,66.30094552,
5.106549919932,5.106549919932,5.106549919932,5.106549919932,4.886913364236,4.82319164746,4.767604617932,3.9446454246760005,3.7365330092480002,3.4335159092600005,2.9576367052520003,2.428882034132,2.3414341462160007,2.3414341462160007,0.740934430172,0.43317209595600015,0.11185194966000002,0.0,0.0,0.0,0.0,0.0,0.0,0.0,0.0,0.0,0.0,0.0,0.0,0.0,2.345180453203,2.345180453203,2.345180453203,2.345180453203,2.239895921287,2.2093504089410003,2.182704323703,1.788212281277,1.688451937764,1.543198277991,1.315081792173,1.061619030153,1.019700188742,1.019700188742,0.252487905243,0.10495957965700001,0.0,0.0,0.0,0.0,0.0,0.0,0.0,0.0,0.0,0.0,0.0,0.0,0.0,0.0,34.604238426865,29.261054626864997,31.294126206865002,31.382864766864998,44.503424224476994,45.281023353599004,41.254084848365,36.427737174046996,38.126508312988,52.489830522749,55.056486282574994,56.480237595715,43.861879685042,46.447535695042,48.924030944585,65.274815944387,66.93024481034001,61.63175081,53.86198624,56.67077428,73.17868963,75.24033103,75.88409419,69.70797162,62.5378485,62.53817918,82.1564031,84.31767191,76.42420603,66.48670821,42.0559688,36.712785,38.74585658,38.83459514,51.63023351,52.31356541,48.20439379,42.16059488,43.55149326,57.46654471,59.32920478,59.97073866,47.22301402,49.80867003,49.91745328,65.81294762,67.04209676,61.63175081,53.86198624,56.67077428,73.17868963,75.24033103,75.88409419,69.70797162,62.5378485,62.53817918,82.1564031,84.31767191,76.42420603,66.48670821,
4.333551260526001,4.333551260526001,4.333551260526001,4.333551260526001,4.147161958998001,4.09308605053,4.045913449526,3.347528844418001,3.1709192284640006,2.9137710254300004,2.5099275387860005,2.0612125536260004,1.9870019983880005,1.9870019983880005,0.6287762548460001,0.36760112245800014,0.09492047763000003,0.0,0.0,0.0,0.0,0.0,0.0,0.0,0.0,0.0,0.0,0.0,0.0,0.0,2.3304419607559996,2.3304419607559996,2.3304419607559996,2.3304419607559996,2.225819098724,2.195465552332,2.168986926756,1.776974104204,1.6778407133279998,1.533499912932,1.306817045196,1.0549471921559999,1.013291793384,1.013291793384,0.250901122836,0.104299951964,0.0,0.0,0.0,0.0,0.0,0.0,0.0,0.0,0.0,0.0,0.0,0.0,0.0,0.0,35.418613748718,30.109378798717998,32.246104978718,32.395120528718,45.273294362278,45.925592947138,42.020025973718006,37.105669451378,38.954522228208006,53.213435721638,55.530894236018,56.740605754218,44.300652258228,47.019512538228,49.326369032318,65.56340844557799,66.81976415237,61.67078823,53.95087454,56.91099868,73.42593812,75.26370879,75.73987802,69.75212451,62.80294311,62.89973786,82.43398456,84.34387007,76.47261297,66.59643106,42.08260697,36.77337202,38.9100982,39.05911375,51.64627542,52.21414455,48.23492635,42.2301724,43.80328217,57.66070666,59.34763882,59.8567655,47.30094605,50.01980633,50.20604641,66.03530952,66.91468463,61.67078823,53.95087454,56.91099868,73.42593812,75.26370879,75.73987802,69.75212451,62.80294311,62.89973786,82.43398456,84.34387007,76.47261297,66.59643106,
3.245803250832,3.245803250832,3.245803250832,3.245803250832,3.106198809936,3.0656962869599997,3.030364298832,2.507278523376,2.3749990068480002,2.18239658376,1.879920295152,1.543835530032,1.488252280416,1.488252280416,0.470949549072,0.2753309806560001,0.07109485416000001,0.0,0.0,0.0,0.0,0.0,0.0,0.0,0.0,0.0,0.0,0.0,0.0,0.0,2.5440291695769996,2.5440291695769996,2.5440291695769996,2.5440291695769996,2.429817523333,2.396682045719,2.367776629077,1.939835460743,1.8316164008759999,1.674046629669,1.4265880628069998,1.151634099627,1.106160944178,1.106160944178,0.273896447937,0.113859141163,0.0,0.0,0.0,0.0,0.0,0.0,0.0,0.0,0.0,0.0,0.0,0.0,0.0,0.0,35.959866989591,31.172144779591,33.319429799591,33.504798819591,45.49521327673099,46.147720647320995,42.455208032091,37.999650725881,39.860790512276,53.246213086571,55.334370562041,56.468835730341,44.949132375406,47.681422935406,49.763931352991,65.007018178181,66.06947925584001,61.18292227,54.22758059,57.20230155,72.71530911,74.36740739,74.8636722,69.20032862,63.12440431,63.27900885,81.6361741,83.33943473,75.86765257,66.9379943,41.74969941,36.9619772,39.10926222,39.29463124,51.03122961,51.61009898,47.85334896,42.44676471,44.06740592,57.1026563,58.64087892,59.16430536,47.5435456,50.27583616,50.50877735,65.3962083,66.14057411,61.18292227,54.22758059,57.20230155,72.71530911,74.36740739,74.8636722,69.20032862,63.12440431,63.27900885,81.6361741,83.33943473,75.86765257,66.9379943,
1.8524110279500001,1.8524110279500001,1.8524110279500001,1.8524110279500001,1.77273743535,1.74962225725,1.72945795295,1.4309278868500002,1.3554346988000001,1.24551464975,1.0728885324500002,0.88108173545,0.8493598421000002,0.8493598421000002,0.26877542195,0.15713402985000005,0.040574514750000006,0.0,0.0,0.0,0.0,0.0,0.0,0.0,0.0,0.0,0.0,0.0,0.0,0.0,2.569881221362,2.569881221362,2.569881221362,2.569881221362,2.454508973098,2.4210367776140003,2.391837628362,1.959547784558,1.850229018456,1.691058046314,1.441084841742,1.163336836662,1.117401589668,1.117401589668,0.27667974352200003,0.115016161078,0.0,0.0,0.0,0.0,0.0,0.0,0.0,0.0,0.0,0.0,0.0,0.0,0.0,0.0,36.626849670687996,32.592789040688,34.702643200688,35.164478300687996,45.454195991552,46.343666645136,42.929077008688004,39.117273238592,41.189365112744,52.892898633936,54.575841435808,55.863724377888,45.645091028232,48.329223018232,50.338834024528,63.665956589071996,64.69571871525,60.15627645,54.30549055,57.22522566,71.09401783,72.40037316,73.27418458,68.0391512,63.14970173,63.74946207,79.81597944,81.13508841,74.59459784,67.03416559,41.04914192,37.01508129,39.12493545,39.58677055,49.6814424,50.51432568,47.05037259,42.50774891,44.39502883,55.82947133,57.08981481,57.90814295,47.61185246,50.29598445,50.88428919,63.93810678,64.73629323,60.15627645,54.30549055,57.22522566,71.09401783,72.40037316,73.27418458,68.0391512,63.14970173,63.74946207,79.81597944,81.13508841,74.59459784,67.03416559,
0.543393196056,0.543393196056,0.543393196056,0.543393196056,0.520021445688,0.51324075268,0.507325680056,0.41975375120800007,0.397608296384,0.36536393708000003,0.31472514461600004,0.258459819656,0.24915440052800006,0.24915440052800006,0.078843589976,0.04609428544800002,0.011902280280000004,0.0,0.0,0.0,0.0,0.0,0.0,0.0,0.0,0.0,0.0,0.0,0.0,0.0,2.40975492877,2.40975492877,2.40975492877,2.40975492877,2.30157139033,2.2701848081900002,2.24280502377,1.8374506544300002,1.73494341276,1.58569019769,1.35129253107,1.0908506792700001,1.04777760378,1.04777760378,0.25944015237,0.10784963863000001,0.0,0.0,0.0,0.0,0.0,0.0,0.0,0.0,0.0,0.0,0.0,0.0,0.0,0.0,37.939248185174,34.346819685174,36.546691175174,37.536882425174,46.442321483982,47.32805246913,44.120580656174,40.577705334362,43.275448200856,53.419344465230004,54.944008324314,56.097019711074,46.681365015692,49.480999775692005,51.707043407654,63.258414715922,64.20812426972,59.9265705,54.72345269,57.77357052,70.50942829,71.7919128,72.68982891,67.7793446,63.75481623,65.20404749,79.15967125,80.45322058,74.30975935,67.55009395,40.89239631,37.29996781,39.4998393,40.49003055,49.26391432,50.11147803,46.87071136,42.83490974,45.40799991,55.3703986,56.610026,57.44633021,47.97829702,50.77793178,52.04532715,63.41235864,64.22002655,59.9265705,54.72345269,57.77357052,70.50942829,71.7919128,72.68982891,67.7793446,63.75481623,65.20404749,79.15967125,80.45322058,74.30975935,67.55009395,
0.018079139736,0.018079139736,0.018079139736,0.018079139736,0.017301542328000002,0.017075943080000003,0.016879143736000003,0.013965553448000002,0.013228755904000002,0.01215595948,0.010471165096,0.008599171336000001,0.008289572368000002,0.008289572368000002,0.002623191256,0.0015335948880000007,0.0003959986800000001,0.0,0.0,0.0,0.0,0.0,0.0,0.0,0.0,0.0,0.0,0.0,0.0,0.0,2.253361275795,2.253361275795,2.253361275795,2.253361275795,2.1521988740549998,2.1228492883650003,2.097246458295,1.718199681405,1.62234518346,1.482778536615,1.263593332845,1.020054217545,0.97977659463,0.97977659463,0.24260242639500001,0.10085017210500001,0.0,0.0,0.0,0.0,0.0,0.0,0.0,0.0,0.0,0.0,0.0,0.0,0.0,0.0,40.227507334468996,36.813176204469,39.844913304469,41.554712704469,48.968263493616995,49.817495258555,46.598008997968996,43.152217335147,47.513758130636,55.621711433905,57.489234842059005,58.533811171119005,49.285793433002,53.153453743002,56.088307492348996,65.309846003007,66.58528565131999,62.28092306,57.341743,61.60055774,72.7331237,74.52265898,75.36748374,70.44221137,67.97800799,70.57644884,81.65617422,83.51341659,77.22918842,70.78208587,42.49894775,39.08461662,42.11635372,43.82615312,51.13776391,51.95742049,48.7121346,44.88438257,49.14933207,57.11664593,58.76329934,59.56246456,50.2738596,54.14151991,56.33353311,65.41222977,66.58568165,62.28092306,57.341743,61.60055774,72.7331237,74.52265898,75.36748374,70.44221137,67.97800799,70.57644884,81.65617422,83.51341659,77.22918842,70.78208587,
0.0,0.0,0.0,0.0,0.0,0.0,0.0,0.0,0.0,0.0,0.0,0.0,0.0,0.0,0.0,0.0,0.0,0.0,0.0,0.0,0.0,0.0,0.0,0.0,0.0,0.0,0.0,0.0,0.0,0.0,2.100578273486,2.100578273486,2.100578273486,2.100578273486,2.0062749118939998,1.9789152946420001,1.955048394486,1.601701848274,1.5123465025679999,1.3822427907419998,1.177918840626,0.9508922293859999,0.913345520604,0.913345520604,0.22615343196600002,0.094012301834,0.0,0.0,0.0,0.0,0.0,0.0,0.0,0.0,0.0,0.0,0.0,0.0,0.0,0.0,40.724966486514,37.518033036514,40.734459446514,42.798623646514,49.287155248106004,50.336016455358,47.131430465514,43.895914891726,48.840368207432,55.953425849258004,57.764259319374,59.021412760614,50.047382129396006,54.152058839396005,57.486661818034,65.569050898166,67.04384779,62.7595411,58.12517622,62.65172508,73.01203023,74.74951018,75.88607616,70.98354749,69.13800174,72.30445753,81.96929759,83.76763617,77.82268128,71.74914816,42.82554476,39.61861131,42.83503772,44.89920192,51.29343016,52.31493175,49.08647886,45.49761674,50.35271471,57.33566864,58.94217816,59.97230499,50.96072765,55.06540436,57.71281525,65.6630632,67.04384779,62.7595411,58.12517622,62.65172508,73.01203023,74.74951018,75.88607616,70.98354749,69.13800174,72.30445753,81.96929759,83.76763617,77.82268128,71.74914816,
0.0,0.0,0.0,0.0,0.0,0.0,0.0,0.0,0.0,0.0,0.0,0.0,0.0,0.0,0.0,0.0,0.0,0.0,0.0,0.0,0.0,0.0,0.0,0.0,0.0,0.0,0.0,0.0,0.0,0.0,1.9671715305129998,1.9671715305129998,1.9671715305129998,1.9671715305129998,1.8788573312769998,1.853235310511,1.8308841860129998,1.4999785135669998,1.4162980840439998,1.2944571980609998,1.1031097663829998,0.890501508963,0.8553393740819999,0.8553393740819999,0.211790533353,0.088041624547,0.0,0.0,0.0,0.0,0.0,0.0,0.0,0.0,0.0,0.0,0.0,0.0,0.0,0.0,40.401482379487,37.159030989487,39.927798319487,41.952889009487,48.747476688723005,49.756636619488994,46.731908103986996,43.432160886432996,47.838347515956,55.14476088193901,57.072496543617,58.273543571037,49.472011445918,53.001586595918,56.242449886646995,64.548371125453,66.14028314,62.08998139,57.40275443,61.2767555,71.87047774,73.77735624,74.86334285,70.22624871,67.6206828,70.7276748,80.68769706,82.67819709,76.99241816,70.85739778,42.36865391,39.12620252,41.89496985,43.92006054,50.62633402,51.60987193,48.56279229,44.9321394,49.2546456,56.43921808,58.17560631,59.16404508,50.32735082,53.85692597,56.45424042,64.63641275,66.14028314,62.08998139,57.40275443,61.2767555,71.87047774,73.77735624,74.86334285,70.22624871,67.6206828,70.7276748,80.68769706,82.67819709,76.99241816,70.85739778,
0.0,0.0,0.0,0.0,0.0,0.0,0.0,0.0,0.0,0.0,0.0,0.0,0.0,0.0,0.0,0.0,0.0,0.0,0.0,0.0,0.0,0.0,0.0,0.0,0.0,0.0,0.0,0.0,0.0,0.0,1.8683222445369998,1.8683222445369998,1.8683222445369998,1.8683222445369998,1.7844457851729998,1.760111256839,1.7388832640369998,1.424605419383,1.3451298853559999,1.229411436789,1.0476791081669998,0.8457542985869999,0.812359041618,0.812359041618,0.201148175697,0.083617581403,0.0,0.0,0.0,0.0,0.0,0.0,0.0,0.0,0.0,0.0,0.0,0.0,0.0,0.0,39.343751165463004,36.271918855463,37.955448195463,40.085178675463006,47.237833414827,48.516029483161006,45.498240795963,42.375265760617,45.704095314644,53.369200033211,55.284679741832996,56.789340421413,48.246766828382,50.381993508381996,53.725303604303,62.444860068597,64.43104893,60.39504763,55.95623273,58.24736127,69.52662393,71.43977985,72.92868245,68.30921093,64.27765812,67.56078049,78.0562944,80.05860468,74.89067733,69.07182556,41.21207341,38.1402411,39.82377044,41.95350092,49.0222792,50.27614074,47.23712406,43.79987118,47.0492252,54.59861147,56.33235885,57.63509472,49.05912587,51.19435255,53.92645178,62.52847765,64.43104893,60.39504763,55.95623273,58.24736127,69.52662393,71.43977985,72.92868245,68.30921093,64.27765812,67.56078049,78.0562944,80.05860468,74.89067733,69.07182556,
0.0,0.0,0.0,0.0,0.0,0.0,0.0,0.0,0.0,0.0,0.0,0.0,0.0,0.0,0.0,0.0,0.0,0.0,0.0,0.0,0.0,0.0,0.0,0.0,0.0,0.0,0.0,0.0,0.0,0.0,1.2475021272840001,1.2475021272840001,1.2475021272840001,1.2475021272840001,1.191496766436,1.175248297548,1.161074101284,0.9512268541560001,0.898160046192,0.820893390948,0.6995484424439999,0.564720721884,0.542422291176,0.542422291176,0.13430915240400002,0.05583250479600001,0.0,0.0,0.0,0.0,0.0,0.0,0.0,0.0,0.0,0.0,0.0,0.0,0.0,0.0,44.292238122716,43.252292992716,43.547835402716,48.803358482716,51.237193293564,50.113132442452,51.036405458716,50.151892515844004,55.231940203808,56.714322299052,59.547176737556,58.230776278116,56.696886818824,57.042991558824,64.200377157596,65.835759815204,65.72827827,66.73711254,65.28644864,65.51891444,73.26613619,76.40391546,74.3969998,75.48233963,72.30202864,80.60054901,82.25457779,85.62163653,82.75492375,80.58895269,45.53974025,44.49979512,44.79533753,50.05086061,52.42869006,51.28838074,52.19747956,51.10311937,56.13010025,57.53521569,60.24672518,58.795497,57.23930911,57.58541385,64.33468631,65.89159232,65.72827827,66.73711254,65.28644864,65.51891444,73.26613619,76.40391546,74.3969998,75.48233963,72.30202864,80.60054901,82.25457779,85.62163653,82.75492375,80.58895269,
0.0,0.0,0.0,0.0,0.0,0.0,0.0,0.0,0.0,0.0,0.0,0.0,0.0,0.0,0.0,0.0,0.0,0.0,0.0,0.0,0.0,0.0,0.0,0.0,0.0,0.0,0.0,0.0,0.0,0.0,1.1304223312409998,1.1304223312409998,1.1304223312409998,1.1304223312409998,1.0796731507889998,1.064949623127,1.052105694741,0.8619529013189999,0.8138664865079999,0.7438514134769999,0.6338948558309999,0.5117209028909999,0.49151521067399995,0.49151521067399995,0.121704053121,0.050592547179,0.0,0.0,0.0,0.0,0.0,0.0,0.0,0.0,0.0,0.0,0.0,0.0,0.0,0.0,42.441803618759,41.942031298759,41.793400118759,46.841280138759,49.204827949211,48.324097596873,48.890216345259,48.602021788681,52.984538493492,54.674195716522995,57.148905264168995,56.106435797109,54.911829479325995,54.688023909326,61.540461046879,63.416335062821,63.29420021,63.85377981,63.19237031,62.7815841,70.57010458,73.27920584,71.64189789,72.22117517,69.28130496,77.25232912,79.22779143,82.11994752,79.1795521,78.00404291,43.57222595,43.07245363,42.92382245,47.97170247,50.2845011,49.38904722,49.94232204,49.46397469,53.79840498,55.41804713,57.78280012,56.6181567,55.40334469,55.17953912,61.6621651,63.46692761,63.29420021,63.85377981,63.19237031,62.7815841,70.57010458,73.27920584,71.64189789,72.22117517,69.28130496,77.25232912,79.22779143,82.11994752,79.1795521,78.00404291,
0.0,0.0,0.0,0.0,0.0,0.0,0.0,0.0,0.0,0.0,0.0,0.0,0.0,0.0,0.0,0.0,0.0,0.0,0.0,0.0,0.0,0.0,0.0,0.0,0.0,0.0,0.0,0.0,0.0,0.0,1.04490143695,1.04490143695,1.04490143695,1.04490143695,0.99799163155,0.98438199665,0.9725097619499999,0.79674277505,0.7522942866,0.68757612915,0.58593821745,0.47300720445,0.4543301523,0.4543301523,0.11249666295,0.04676502205,0.0,0.0,0.0,0.0,0.0,0.0,0.0,0.0,0.0,0.0,0.0,0.0,0.0,0.0,41.40827711305,40.43886460305,40.932258453050004,45.33347504305,47.87163137845,46.88769878335,47.68716434805,46.84279898495,51.2592573534,53.30835328085,55.57100073255,54.40614361555,52.905513437699994,53.508252957699995,59.50162917705,61.79149742795,61.35014211,62.21384968,60.86157821,61.39696895,68.75916029,71.21731518,69.44144332,70.3663487,67.75334184,74.68648014,77.19467673,79.80930086,77.14601652,75.12693598,42.45317855,41.48376604,41.97715989,46.37837648,48.86962301,47.87208078,48.65967411,47.63954176,52.01155164,53.99592941,56.15693895,54.87915082,53.35984359,53.96258311,59.61412584,61.83826245,61.35014211,62.21384968,60.86157821,61.39696895,68.75916029,71.21731518,69.44144332,70.3663487,67.75334184,74.68648014,77.19467673,79.80930086,77.14601652,75.12693598,
0.0,0.0,0.0,0.0,0.0,0.0,0.0,0.0,0.0,0.0,0.0,0.0,0.0,0.0,0.0,0.0,0.0,0.0,0.0,0.0,0.0,0.0,0.0,0.0,0.0,0.0,0.0,0.0,0.0,0.0,0.957517474109,0.957517474109,0.957517474109,0.957517474109,0.914530684361,0.9020592083230001,0.891179835609,0.730112049331,0.689380739292,0.630074890473,0.536936846019,0.433450129959,0.416335019226,0.416335019226,0.10308869022900001,0.042854114471,0.0,0.0,0.0,0.0,0.0,0.0,0.0,0.0,0.0,0.0,0.0,0.0,0.0,0.0,40.490858045891,39.554583745891,40.174037445891,44.733999155891006,46.884287005639,46.032221971677,46.616792814391,45.793579550669,50.551884200708,52.085893939527004,54.389520973981,53.370634700041,51.693673090774006,52.459203890774006,58.628156959771,60.329547125529004,60.14831136,60.74134123,59.43603131,60.16016345,67.12924085,69.65683906,68.08110643,68.70088283,66.38849099,73.58037965,75.3647954,78.06056169,75.32008609,73.36725484,41.44837552,40.51210122,41.13155492,45.69151663,47.79881769,46.93428118,47.50797265,46.5236916,51.24126494,52.71596883,54.92645782,53.80408483,52.11000811,52.87553891,58.73124565,60.37240124,60.14831136,60.74134123,59.43603131,60.16016345,67.12924085,69.65683906,68.08110643,68.70088283,66.38849099,73.58037965,75.3647954,78.06056169,75.32008609,73.36725484,
0.0,0.0,0.0,0.0,0.0,0.0,0.0,0.0,0.0,0.0,0.0,0.0,0.0,0.0,0.0,0.0,0.0,0.0,0.0,0.0,0.0,0.0,0.0,0.0,0.0,0.0,0.0,0.0,0.0,0.0,0.726449471615,0.726449471615,0.726449471615,0.726449471615,0.693836248835,0.684374387905,0.676120424115,0.553921496785,0.52301946162,0.478025293155,0.40736331046499996,0.328849996365,0.31586510211,0.31586510211,0.078211339815,0.032512564685,0.0,0.0,0.0,0.0,0.0,0.0,0.0,0.0,0.0,0.0,0.0,0.0,0.0,0.0,40.235560228385005,39.045874648385,40.182988448385004,44.353035308385,46.496233721165005,45.792924412095,46.274381535885,45.120217483215,50.031875478379995,51.893996056845,53.819571849534995,52.951363623635,50.842580647889996,52.274137407889995,57.866337010185,59.945986495315,59.56266867,60.02858682,58.35069103,59.83528891,66.6912534,68.76971581,67.41822494,67.89472912,66.02998247,72.59478016,74.87307474,77.0664118,74.43626096,72.02752144,40.9620097,39.77232412,40.90943792,45.07948478,47.19006997,46.4772988,46.95050196,45.67413898,50.55489494,52.37202135,54.22693516,53.28021362,51.15844575,52.59000251,57.94454835,59.97849906,59.56266867,60.02858682,58.35069103,59.83528891,66.6912534,68.76971581,67.41822494,67.89472912,66.02998247,72.59478016,74.87307474,77.0664118,74.43626096,72.02752144,
0.0,0.0,0.0,0.0,0.0,0.0,0.0,0.0,0.0,0.0,0.0,0.0,0.0,0.0,0.0,0.0,0.0,0.0,0.0,0.0,0.0,0.0,0.0,0.0,0.0,0.0,0.0,0.0,0.0,0.0,0.6519749175239999,0.6519749175239999,0.6519749175239999,0.6519749175239999,0.622705155396,0.614213310828,0.606805531524,0.497134262316,0.46940025931199997,0.42901882822799997,0.36560101028399994,0.29513676812399997,0.283483066536,0.283483066536,0.070193225844,0.029179423356,0.0,0.0,0.0,0.0,0.0,0.0,0.0,0.0,0.0,0.0,0.0,0.0,0.0,0.0,40.010279062476,38.497486442475996,40.533947282476,44.315170322476,46.768742274604,45.986810379172,46.000117548476,44.461715367684,49.959510240688,52.050018621772,54.092740509715995,53.126911441876,50.073785193464,52.661946203464,57.729955424155996,60.071878686644,59.72122747,59.58930386,57.43687789,60.23968256,66.82752918,69.0631816,67.59769562,67.39788256,66.47624263,72.41387161,75.02606911,77.39528265,73.89154415,70.89951945,40.66225398,39.14946136,41.1859222,44.96714524,47.39144743,46.60102369,46.60692308,44.95884963,50.4289105,52.47903745,54.45834152,53.42204821,50.35726826,52.94542927,57.80014865,60.10105811,59.72122747,59.58930386,57.43687789,60.23968256,66.82752918,69.0631816,67.59769562,67.39788256,66.47624263,72.41387161,75.02606911,77.39528265,73.89154415,70.89951945,
0.001154597976,0.001154597976,0.001154597976,0.001154597976,0.0011049378480000001,0.0010905302800000001,0.0010779619760000001,0.0008918897680000002,0.0008448352640000001,0.0007763226800000001,0.0006687257360000001,0.000549173576,0.0005294014880000001,0.0005294014880000001,0.000167526296,9.794080800000004e-05,2.5289880000000005e-05,0.0,0.0,0.0,0.0,0.0,0.0,0.0,0.0,0.0,0.0,0.0,0.0,0.0,0.612895115119,0.612895115119,0.612895115119,0.612895115119,0.585379801651,0.5773969637930001,0.570433211619,0.46733570992100004,0.441264101172,0.403303159443,0.343686646929,0.277446077469,0.266490906366,0.266490906366,0.06598579803900001,0.027430389661,0.0,0.0,0.0,0.0,0.0,0.0,0.0,0.0,0.0,0.0,0.0,0.0,0.0,0.0,40.392987826905,38.146042446905,42.479774726905,45.429013946905,47.855752310501,46.874167905926996,46.430601526405,44.043474340311,51.193402373564,52.995888427877,55.321466897335,54.120338598955,49.589409162146005,55.131060192146,59.116966035665,61.128215569530994,60.81260505012,60.09457375,56.86562735,63.03023377,68.00025471,70.59448901,68.83304061,67.96936298,69.5556971,74.14650147,76.34266704,79.11133405,74.51808566,70.19437338,41.00703754,38.76009216,43.09382444,46.04306366,48.44223705,47.4526554,47.0021127,44.51170194,51.63551131,53.39996791,55.66582227,54.39833385,49.85642947,55.3980805,59.18311936,61.1557439,60.81263034,60.09457375,56.86562735,63.03023377,68.00025471,70.59448901,68.83304061,67.96936298,69.5556971,74.14650147,76.34266704,79.11133405,74.51808566,70.19437338,
0.11852414667000001,0.11852414667000001,0.11852414667000001,0.11852414667000001,0.11342633391000001,0.11194733885000001,0.11065715167000001,0.09155608781,0.08672575288,0.07969265935,0.06864739837,0.05637488617,0.054345201460000006,0.054345201460000006,0.01719725107,0.010054019610000003,0.0025961083500000005,0.0,0.0,0.0,0.0,0.0,0.0,0.0,0.0,0.0,0.0,0.0,0.0,0.0,0.541304106161,0.541304106161,0.541304106161,0.541304106161,0.517002799469,0.5099524203670001,0.5038020896609999,0.412747193599,0.38972095546799995,0.35619415271699995,0.30354132155099994,0.245038175811,0.235362655554,0.235362655554,0.058278133641,0.024226302659,0.0,0.0,0.0,0.0,0.0,0.0,0.0,0.0,0.0,0.0,0.0,0.0,0.0,0.0,40.296328037169005,37.221344797169,43.760784527169,46.053412797169,48.331142086621,47.721416740783,46.329333568669,42.998056738590996,51.910642571652,54.122388427933004,55.890409530079005,55.117948578018996,48.436183302986,56.813988902986,59.969080755289,62.448002697731,61.95145496165,60.02000882,55.57614933,64.97083154,69.47525922,71.35131058,70.12500017,67.88502706,71.69720321,75.22573696,77.99862817,79.95946208,74.42562413,68.60265434,40.95615629,37.88117305,44.42061278,46.71324105,48.96157122,48.3433165,46.94379281,43.50236002,52.38708928,54.55827524,56.26259825,55.41936164,48.72589116,57.10369676,60.04455614,62.48228302,61.95405107,60.02000882,55.57614933,64.97083154,69.47525922,71.35131058,70.12500017,67.88502706,71.69720321,75.22573696,77.99862817,79.95946208,74.42562413,68.60265434,
1.0092777430500002,1.0092777430500002,1.0092777430500002,1.0092777430500002,0.9658679476500002,0.9532737477500001,0.9422873180500001,0.7796345661500002,0.7385024452000001,0.6786130052500001,0.5845584485500002,0.48005338555000004,0.46276985590000014,0.46276985590000014,0.14644106905,0.08561376315000004,0.022106840250000006,0.0,0.0,0.0,0.0,0.0,0.0,0.0,0.0,0.0,0.0,0.0,0.0,0.0,0.447314726334,0.447314726334,0.447314726334,0.447314726334,0.427232978886,0.42140679289800004,0.41632437533399996,0.341079803106,0.32205172759199996,0.29434635379799995,0.250835900994,0.20249095343399998,0.19449544287599999,0.19449544287599999,0.048159005454,0.020019766746,0.0,0.0,0.0,0.0,0.0,0.0,0.0,0.0,0.0,0.0,0.0,0.0,0.0,0.0,40.893546630616,36.863353610616,45.179176100616004,46.645036340616,49.331701173464,49.103035139352,47.182958976616,42.885528210744,52.883558167207994,55.346938780952,57.453363350455994,57.183629991016,48.633011951224006,59.294064041224004,61.634570555496,64.39412933010401,64.66726909975,62.06284848,56.21988113,68.21078039,71.71853408,73.920853,73.2210795,70.1955603,75.27258104,77.46155898,80.51711264,82.83900596,76.95877298,69.39727056,42.3501391,38.31994608,46.63576857,48.10162881,50.7248021,50.47771568,48.54157067,44.00624258,53.94411234,56.31989814,58.2887577,57.86617433,49.29027725,59.95132934,61.82917063,64.49976286,64.68937594,62.06284848,56.21988113,68.21078039,71.71853408,73.920853,73.2210795,70.1955603,75.27258104,77.46155898,80.51711264,82.83900596,76.95877298,69.39727056,
2.396665630089,2.396665630089,2.396665630089,2.396665630089,2.293583237397,2.263676617295,2.237587863589,1.851347046527,1.7536732978960001,1.611457774645,1.3881125904790002,1.139951274739,1.0989092109820002,1.0989092109820002,0.347743997569,0.20330138558700006,0.05249566294500001,0.0,0.0,0.0,0.0,0.0,0.0,0.0,0.0,0.0,0.0,0.0,0.0,0.0,0.576841480201,0.576841480201,0.576841480201,0.576841480201,0.5509447586289999,0.543431512247,0.536877403701,0.43984462595900004,0.415306682988,0.379578798597,0.32346923519099996,0.261125275851,0.250814544114,0.250814544114,0.062104174881,0.025816793419000002,0.0,0.0,0.0,0.0,0.0,0.0,0.0,0.0,0.0,0.0,0.0,0.0,0.0,0.0,41.02215881971,36.42240857971,45.96474072971,47.184310349709996,49.716811513974,49.298376310457996,47.653202102710004,42.950683637514,54.081068229116,56.719577746758,58.687573144329996,58.331124189410005,49.324554404904,61.561494474904,64.06231899755001,67.008586900994,66.722936347055,64.47431831,57.79845547,71.57845103,74.762905,76.59722444,75.58225976,72.92302899,78.98890358,80.77278943,83.93497331,85.8382672,79.94902825,71.34584726,43.99566593,39.39591569,48.93824784,50.15781746,52.56133951,52.10548444,50.42766737,45.24187531,56.25004821,58.71061432,60.39915497,59.73220074,50.67427816,62.91121823,64.47216717,67.23770508,66.77543201,64.47431831,57.79845547,71.57845103,74.762905,76.59722444,75.58225976,72.92302899,78.98890358,80.77278943,83.93497331,85.8382672,79.94902825,71.34584726,
3.670776466542,3.670776466542,3.670776466542,3.670776466542,3.5128936077660002,3.46708808701,3.427130079542,2.8355566519060003,2.685957770288,2.46813790031,2.126058372962,1.745970009242,1.6831092413960003,1.6831092413960003,0.532611001982,0.3113800825860001,0.08040330771000001,0.0,0.0,0.0,0.0,0.0,0.0,0.0,0.0,0.0,0.0,0.0,0.0,0.0,0.784208363939,0.784208363939,0.784208363939,0.784208363939,0.749002113431,0.738787954333,0.729877730439,0.597962952301,0.564603943332,0.516032356983,0.439752147549,0.35499635928900003,0.340979055846,0.340979055846,0.084429804459,0.035097589241,0.0,0.0,0.0,0.0,0.0,0.0,0.0,0.0,0.0,0.0,0.0,0.0,0.0,0.0,40.707823709519,35.903369189519,45.991118709519,46.953453719519,49.801228008803,49.278789838657005,47.608434040019006,42.913610255793,54.402009576379996,56.959704222706996,59.559070989489,59.212287561469005,49.888157472757996,62.825512352758,65.462657473559,68.303605458173,68.46250936229,66.18473051,59.21046602,73.78388298,76.33335548,78.78576272,77.58284858,74.8575735,81.42266192,82.78675572,85.6980899,88.29084084,82.06996255,73.08881927,45.16280854,40.35835402,50.44610354,51.40843855,54.06312373,53.48466588,51.76544185,46.34712986,57.65257129,59.94387448,62.12488151,61.31325393,51.91224577,64.84960065,66.07969828,68.65008313,68.54291267,66.18473051,59.21046602,73.78388298,76.33335548,78.78576272,77.58284858,74.8575735,81.42266192,82.78675572,85.6980899,88.29084084,82.06996255,73.08881927,
4.558024136925,4.558024136925,4.558024136925,4.558024136925,4.361980088025,4.305103110875,4.255487024425,3.5209269152750005,3.3351691282,3.064700949625,2.639938843675,2.167980948175,2.0899263731500004,2.0899263731500004,0.6613461279249999,0.38664242977500013,0.09983724712500001,0.0,0.0,0.0,0.0,0.0,0.0,0.0,0.0,0.0,0.0,0.0,0.0,0.0,0.9712068240489999,0.9712068240489999,0.9712068240489999,0.9712068240489999,0.927605464621,0.914955687503,0.903920775549,0.740550249791,0.6992366160119999,0.639082888653,0.5446132765589999,0.439647040899,0.422287240386,0.422287240386,0.104562519369,0.043466787331000005,0.0,0.0,0.0,0.0,0.0,0.0,0.0,0.0,0.0,0.0,0.0,0.0,0.0,0.0,40.637111589026006,35.667526139026,46.185064999026004,46.691722969026,49.369828777353995,49.165884811622,47.756280960026004,43.048466404934004,54.529370055788,57.506980771722,59.625537349766,59.738824330926,50.478455396464,63.96767691646401,66.358185702706,69.670866322894,69.59810182287501,67.65537926,60.44050225,75.6387767,77.94663082,79.65473229,78.89020822,76.52093597,83.46959112,84.09520847,87.50928522,89.26464692,83.89358693,74.60716393,46.16634255,41.1967571,51.71429596,52.22095393,54.65941433,54.38594361,52.91568876,47.30994357,58.5637758,61.21076461,62.81008947,62.34645232,52.99066901,66.47989053,67.12409435,70.10097554,69.69793907,67.65537926,60.44050225,75.6387767,77.94663082,79.65473229,78.89020822,76.52093597,83.46959112,84.09520847,87.50928522,89.26464692,83.89358693,74.60716393,
5.13692226783,5.13692226783,5.13692226783,5.13692226783,4.915979374590001,4.8518786586500005,4.79596101283,3.9681070856900007,3.7587568751200005,3.4539375131500005,2.9752279111300006,2.44332835333,2.3553603495400006,2.3553603495400006,0.74534130343,0.4357484838900002,0.11251721415000003,0.0,0.0,0.0,0.0,0.0,0.0,0.0,0.0,0.0,0.0,0.0,0.0,0.0,1.119587102725,1.119587102725,1.119587102725,1.119587102725,1.069324359025,1.0547419580750002,1.042021140225,0.853690983275,0.8060654823,0.736721511825,0.627818900475,0.506815998975,0.48680398065,0.48680398065,0.12053750572500001,0.050107611775000005,0.0,0.0,0.0,0.0,0.0,0.0,0.0,0.0,0.0,0.0,0.0,0.0,0.0,0.0,40.519507709445,35.490459729445,46.059180829445,46.873714999445,49.533352616385,49.344033043275,47.776513276944996,43.120003451035,55.01866500258,57.588895455025,60.194412698395006,60.387586227694996,50.85623275981,64.41083200981,67.426979240845,70.266519974335,70.69358518585,68.54883886,61.24772815,76.51839274,78.67093567,80.9068989,80.14452416,77.53147446,84.44027302,85.55947293,88.32244928,90.66788068,85.00148893,75.60359567,46.77601708,41.7469691,52.3156902,53.13022437,55.51865635,55.25065366,53.61449543,47.94180152,59.58348736,61.77955448,63.79745951,63.33773058,53.69839709,67.25299634,68.29285805,70.75237607,70.8061024,68.54883886,61.24772815,76.51839274,78.67093567,80.9068989,80.14452416,77.53147446,84.44027302,85.55947293,88.32244928,90.66788068,85.00148893,75.60359567,
5.373329502870001,5.373329502870001,5.373329502870001,5.373329502870001,5.1422185565100005,5.075167849850001,5.016676807870001,4.150724064410001,3.9317393096800006,3.6128918003500003,3.1121514165700006,2.55577321237,2.4637568170600006,2.4637568170600006,0.77964279127,0.4558021442100002,0.11769538935000003,0.0,0.0,0.0,0.0,0.0,0.0,0.0,0.0,0.0,0.0,0.0,0.0,0.0,1.242809013222,1.242809013222,1.242809013222,1.242809013222,1.187014345038,1.1708270030340002,1.156706130222,0.9476483302980001,0.894781160136,0.8178051827339999,0.696916735002,0.562596237522,0.540381693708,0.540381693708,0.133803880182,0.05562246241800001,0.0,0.0,0.0,0.0,0.0,0.0,0.0,0.0,0.0,0.0,0.0,0.0,0.0,0.0,40.312362863908,35.382597883908,45.929278683908,47.039811953908,49.767134588451995,49.630489967116,47.615889431908,43.132556175292,55.346548330184,57.906240416916,60.652249338428,60.936795640108,51.018102469232,64.544177059232,68.055172458548,70.879288313372,71.49043671065,68.77229999,61.61710048,76.85439789,79.38071476,81.74879277,81.05233135,77.78421793,84.81106448,86.406088,89.11930554,91.61134452,85.27858377,76.05954527,46.92850138,41.9987364,52.5454172,53.65595047,56.09636749,55.87648482,53.78927237,48.23092857,60.1730688,62.3369374,64.46131749,64.05516509,54.02224098,67.54831557,68.96861913,71.39071292,71.6081321,68.77229999,61.61710048,76.85439789,79.38071476,81.74879277,81.05233135,77.78421793,84.81106448,86.406088,89.11930554,91.61134452,85.27858377,76.05954527,
5.209039684386,5.209039684386,5.209039684386,5.209039684386,4.984994966778,4.9199943388300005,4.863291663386001,4.023815468398001,3.8115261835040006,3.5024274527300006,3.0169972312460005,2.4776303184860002,2.3884273290680005,2.3884273290680005,0.755805173906,0.44186597083800017,0.11409684693000002,0.0,0.0,0.0,0.0,0.0,0.0,0.0,0.0,0.0,0.0,0.0,0.0,0.0,1.382543852739,1.382543852739,1.382543852739,1.382543852739,1.320475928631,1.3024685679330001,1.2867600192389999,1.054196871501,0.995385597732,0.9097548505829999,0.7752743483489999,0.625851568089,0.6011393390459999,0.6011393390459999,0.148848077259,0.061876356441,0.0,0.0,0.0,0.0,0.0,0.0,0.0,0.0,0.0,0.0,0.0,0.0,0.0,0.0,40.142040122875,35.940648442875,46.669374692874996,47.548242412875,50.293149094591,49.660624953237004,47.415852567375005,43.765577210101,55.908804608763994,58.698175186686996,61.246193040405,60.959252733425004,51.718900351886,65.47859298188601,68.685932748835,71.772721702721,71.50249733307001,68.48671258,62.39980142,77.90096822,80.36559855,82.48072137,81.06190947,77.46120716,85.96598529,87.18530794,90.22501693,92.43157636,84.92445151,77.02570364,46.73362366,42.53223198,53.26095823,54.13982595,56.59861999,55.88308786,53.56590425,48.84358955,60.71571639,63.11035749,65.03846462,64.06273462,54.70846702,68.46815965,69.590586,72.27646403,71.61659418,68.48671258,62.39980142,77.90096822,80.36559855,82.48072137,81.06190947,77.46120716,85.96598529,87.18530794,90.22501693,92.43157636,84.92445151,77.02570364,
4.760948218986,4.760948218986,4.760948218986,4.760948218986,4.556176252578,4.49676710183,4.444942097986,3.677679236198,3.483651477904,3.20114200573,2.757469411846,2.264499863086,2.1829702838680003,2.1829702838680003,0.6907893805059999,0.40385582263800013,0.10428201993000001,0.0,0.0,0.0,0.0,0.0,0.0,0.0,0.0,0.0,0.0,0.0,0.0,0.0,1.520457511174,1.520457511174,1.520457511174,1.520457511174,1.452198091246,1.432394432378,1.4151189001739999,1.159356752666,1.094678845512,1.0005061272779998,0.852610717434,0.688282484274,0.661105122636,0.661105122636,0.163696201494,0.068048742706,0.0,0.0,0.0,0.0,0.0,0.0,0.0,0.0,0.0,0.0,0.0,0.0,0.0,0.0,40.15122603984,36.705718919839995,47.533667269839995,48.34865638984,51.174731596175995,50.890139945792,47.360847471839996,44.528947751135995,56.687166946584,59.580074636992,62.10002752072,62.183200142640004,52.449512103496005,66.336411243496,69.36624323800001,72.57343339465599,72.71211041007,68.04561807,63.06718262,78.71143199,81.22052435,83.33248812,82.41994581,76.96231165,86.86035564,87.97477099,91.18482679,93.38610418,84.37748833,77.84951246,46.43263177,42.98712465,53.815073,54.63006212,57.18310594,56.81930148,53.22090847,49.36598374,61.26549727,63.78172277,65.71010765,65.13598249,55.29358751,69.18048665,70.22072882,73.04533796,72.81639243,68.04561807,63.06718262,78.71143199,81.22052435,83.33248812,82.41994581,76.96231165,86.86035564,87.97477099,91.18482679,93.38610418,84.37748833,77.84951246,
4.030297531893001,4.030297531893001,4.030297531893001,4.030297531893001,3.8569514014890007,3.8066596229150003,3.7627880713930004,3.1132751012990005,2.9490242925520005,2.7098708348650002,2.3342875523230004,1.9169727939430001,1.8479553531340005,1.8479553531340005,0.584775680653,0.34187709051900017,0.08827812196500003,0.0,0.0,0.0,0.0,0.0,0.0,0.0,0.0,0.0,0.0,0.0,0.0,0.0,1.5106482008589999,1.5106482008589999,1.5106482008589999,1.5106482008589999,1.442829160111,1.423153265573,1.4059891873589998,1.151877102581,1.087616468292,0.9940513102229999,0.8471100552689999,0.6838419942089999,0.6568399687259999,0.6568399687259999,0.162640106979,0.06760972272099999,0.0,0.0,0.0,0.0,0.0,0.0,0.0,0.0,0.0,0.0,0.0,0.0,0.0,0.0,40.822368787248,37.483581897248,48.361987047248,49.720500257248,52.146766288399995,51.645644681512,47.972680041248,45.14378474612,57.936929039156,60.432600934912,62.831434602407995,62.599543391847995,52.83690299814,66.78863704814,70.28488514236801,73.04218241676,72.800080758035,67.94403573,63.12205722,78.83993816,81.67233195,83.71639847,82.50140371,76.84741797,87.00216595,88.99153445,91.69206309,93.81633125,84.25152486,77.91724912,46.36331452,43.02452763,53.90293278,55.26144599,57.44654685,56.87545757,53.1414573,49.40893695,61.9735698,64.13652308,66.01283221,65.20035818,55.34169832,69.29343237,71.03230093,73.45166923,72.88835888,67.94403573,63.12205722,78.83993816,81.67233195,83.71639847,82.50140371,76.84741797,87.00216595,88.99153445,91.69206309,93.81633125,84.25152486,77.91724912,
3.002278046427,3.002278046427,3.002278046427,3.002278046427,2.873147807871,2.835684096685,2.803002986927,2.3191631424610004,2.196808255928,2.018656352735,1.738874169197,1.428005076377,1.3765921110260002,1.3765921110260002,0.43561528006699995,0.2546735260410001,0.06576076963500001,0.0,0.0,0.0,0.0,0.0,0.0,0.0,0.0,0.0,0.0,0.0,0.0,0.0,1.708474715787,1.708474715787,1.708474715787,1.708474715787,1.631774451423,1.609521905589,1.590110110287,1.302720848133,1.2300449803559999,1.124227023039,0.958043116917,0.773394332337,0.742856264118,0.742856264118,0.183938596947,0.076463535153,0.0,0.0,0.0,0.0,0.0,0.0,0.0,0.0,0.0,0.0,0.0,0.0,0.0,0.0,41.665956227786,38.529093087786,48.544215537786,49.989612727786,52.117409250706004,51.328244567726,48.763696892786,46.034322249406,57.91748652371599,60.554491234226,62.368794653886,61.735650231286,53.499210004855996,66.34101108485599,69.691541922986,72.61760206880601,71.410328480365,67.96366492,63.43795444,77.89220718,81.11311425,82.51527597,80.90287373,76.86961937,85.95631723,88.08798562,91.06423939,92.47029979,84.27586533,78.30718956,46.37670899,43.23984585,53.2549683,54.70036549,56.62233151,55.77345057,53.15680999,49.65620624,61.34433976,63.69737461,65.06571194,63.93704964,55.61865838,68.46045946,70.3110958,72.94873913,71.47608925,67.96366492,63.43795444,77.89220718,81.11311425,82.51527597,80.90287373,76.86961937,85.95631723,88.08798562,91.06423939,92.47029979,84.27586533,78.30718956,
1.7774059714380002,1.7774059714380002,1.7774059714380002,1.7774059714380002,1.7009584027740001,1.67877916989,1.6594313284380002,1.3729888952340001,1.3005524644320001,1.19508313359,1.029446734818,0.8454062917380001,0.8149688338440002,0.8149688338440002,0.257892569598,0.15077159375400007,0.03893163219000001,0.0,0.0,0.0,0.0,0.0,0.0,0.0,0.0,0.0,0.0,0.0,0.0,0.0,1.794147852693,1.794147852693,1.794147852693,1.794147852693,1.713601378497,1.6902329569710002,1.669847738193,1.368047060187,1.291726789884,1.180602487521,1.006085126763,0.812176948143,0.780107518602,0.780107518602,0.193162377933,0.080297873967,0.0,0.0,0.0,0.0,0.0,0.0,0.0,0.0,0.0,0.0,0.0,0.0,0.0,0.0,42.457095695869,39.726226425869,48.173898175869,49.976826185869,51.343718328729,50.734054393139,49.428586473368995,46.981701564579005,57.460153445684,59.644553698889,60.888163698419,60.364587070119,54.098102037554,64.924865957554,68.37929460246899,70.796948352279,69.29648820781,67.45359429,63.52295104,75.68434639,78.97742707,79.7988057,78.47987733,76.29270912,83.5198786,86.23285945,88.66654168,89.426102,83.64337083,78.41210853,46.02864952,43.29778025,51.745452,53.54838001,54.75827811,54.10306652,52.75786554,49.72273752,60.0524327,62.02023932,62.92369556,62.02217031,55.69317839,66.51994231,68.83034955,71.02801782,69.33541984,67.45359429,63.52295104,75.68434639,78.97742707,79.7988057,78.47987733,76.29270912,83.5198786,86.23285945,88.66654168,89.426102,83.64337083,78.41210853,
0.587646422262,0.587646422262,0.587646422262,0.587646422262,0.562371307326,0.55503840361,0.5486416152620001,0.4539379438660001,0.4299889923680001,0.39511869491000007,0.3403559458820001,0.27950844696200006,0.2694452067560001,0.2694452067560001,0.08526450810200001,0.049848143346000025,0.012871586310000004,0.0,0.0,0.0,0.0,0.0,0.0,0.0,0.0,0.0,0.0,0.0,0.0,0.0,1.768436561276,1.768436561276,1.768436561276,1.768436561276,1.689044369804,1.6660108327720002,1.645917747276,1.348442066884,1.273215515088,1.163683695372,0.991667280516,0.800537930676,0.768928076664,0.768928076664,0.19039423695600002,0.079147153844,0.0,0.0,0.0,0.0,0.0,0.0,0.0,0.0,0.0,0.0,0.0,0.0,0.0,0.0,43.713429456461995,41.315039086462,48.845055856462,50.579462426462,51.91960846287,51.005030783618,50.610143097462,48.349099519250004,57.661957942544,59.753866959718,60.916848533602,59.936772292362,55.13502816658,64.78184221658,67.76696165494201,70.08868555280999,68.19865211369,67.51347767,64.07068753,74.88821873,78.07639771,78.94300514,77.20775363,76.36043961,82.64132856,85.24596722,87.65497218,88.46705371,83.71762703,79.08822909,46.06951244,43.67112207,51.20113884,52.93554541,54.17102414,53.22608002,52.80470246,50.15147953,59.36516245,61.31266935,62.24887176,61.01681867,56.17340145,65.8202155,68.0426204,70.21768085,68.2115237,67.51347767,64.07068753,74.88821873,78.07639771,78.94300514,77.20775363,76.36043961,82.64132856,85.24596722,87.65497218,88.46705371,83.71762703,79.08822909,
0.039004653654,0.039004653654,0.039004653654,0.039004653654,0.037327034142000004,0.03684031737,0.036415734654,0.030129839322,0.028540243056,0.02622574947,0.022590907194,0.018552193554,0.017884252452000003,0.017884252452000003,0.0056593769339999996,0.003308638482000001,0.0008543432700000001,0.0,0.0,0.0,0.0,0.0,0.0,0.0,0.0,0.0,0.0,0.0,0.0,0.0,1.68709947014,1.68709947014,1.68709947014,1.68709947014,1.61135882606,1.58938468858,1.57021576014,1.2864221122600001,1.21465551432,1.11016147758,0.9460567487399999,0.76371816114,0.73356216396,0.73356216396,0.18163728534,0.07550687666,0.0,0.0,0.0,0.0,0.0,0.0,0.0,0.0,0.0,0.0,0.0,0.0,0.0,0.0,46.116695896206,45.157510436205996,50.586855036205996,52.223090586206,53.753986369798,52.566761724050004,53.230606535206,52.524121808418,59.258735092624,61.30373134295,62.695532474066,61.342981845306,59.554128003588,66.498039113588,69.158254567726,71.430064544858,69.44980212672999,70.112177,68.78379296,76.51439825,79.51210709,80.73787616,78.61031221,79.29967234,84.43586498,86.87832057,89.26681735,90.47846626,86.94004941,84.90604026,47.84280002,46.88361456,52.31295916,53.94919471,55.40267223,54.19298673,54.83723803,53.84067376,60.50193085,62.44011857,63.66418013,62.1252522,60.30557442,67.24948553,69.34555123,71.50888006,69.45065647,70.112177,68.78379296,76.51439825,79.51210709,80.73787616,78.61031221,79.29967234,84.43586498,86.87832057,89.26681735,90.47846626,86.94004941,84.90604026,
6.726969e-06,6.726969e-06,6.726969e-06,6.726969e-06,6.437637e-06,6.353695e-06,6.2804690000000005e-06,5.1963670000000005e-06,4.9222160000000005e-06,4.523045e-06,3.896159e-06,3.199619e-06,3.0844220000000002e-06,3.0844220000000002e-06,9.76049e-07,5.706270000000002e-07,1.4734500000000003e-07,0.0,0.0,0.0,0.0,0.0,0.0,0.0,0.0,0.0,0.0,0.0,0.0,0.0,1.658001125151,1.658001125151,1.658001125151,1.658001125151,1.583566822179,1.5619716848970002,1.543133373651,1.264234473009,1.193705673588,1.091013903747,0.9297395806409999,0.750545888301,0.720910008414,0.720910008414,0.178504485831,0.074204567469,0.0,0.0,0.0,0.0,0.0,0.0,0.0,0.0,0.0,0.0,0.0,0.0,0.0,0.0,46.96663062788,46.88962445788,51.935983337879996,53.34764203788,54.905790200184,53.280678861408,54.190238695880005,54.487375420624,60.492993794196,62.749271373208,63.983172553200006,62.11946596208,61.725058297164,68.175367927164,70.52499869812,73.038206081904,70.283236762655,71.25793763,71.22510329,78.38807156,81.29510441,82.32150268,79.55269938,80.59557337,86.503518,88.57960735,91.26855649,92.2531488,88.36080812,87.91956982,48.62463848,48.54763231,53.59399119,55.00564989,56.48936346,54.8426569,55.73337835,55.75161509,61.68670439,63.8402898,64.91291603,62.87001505,62.44597139,68.89628102,70.70350416,73.11241122,70.28323691,71.25793763,71.22510329,78.38807156,81.29510441,82.32150268,79.55269938,80.59557337,86.503518,88.57960735,91.26855649,92.2531488,88.36080812,87.91956982,
0.0,0.0,0.0,0.0,0.0,0.0,0.0,0.0,0.0,0.0,0.0,0.0,0.0,0.0,0.0,0.0,0.0,0.0,0.0,0.0,0.0,0.0,0.0,0.0,0.0,0.0,0.0,0.0,0.0,0.0,1.5845045755979998,1.5845045755979998,1.5845045755979998,1.5845045755979998,1.513369826742,1.492731967506,1.474728728598,1.208192972082,1.140790602024,1.0426509948059999,0.8885257056179999,0.717275384298,0.688953215772,0.688953215772,0.170591666238,0.070915197162,0.0,0.0,0.0,0.0,0.0,0.0,0.0,0.0,0.0,0.0,0.0,0.0,0.0,0.0,45.874560664402004,46.461044434402005,51.666684524402,52.928997084402006,54.461718503258,53.00071332249399,52.922673941401996,53.966834677917994,59.993988617976,62.338009305194,63.433427774382004,61.752413705702004,61.111197184228,67.766647994228,69.900311933762,72.515110252838,69.83570712,69.54982529,70.48848786,77.88667961,80.70980588,81.57205361,79.04614612,78.66363009,85.9502174,87.78706518,90.61145233,91.41328273,86.24272566,87.01029894,47.45906524,48.04554901,53.2511891,54.51350166,55.97508833,54.49344529,54.39740267,55.17502765,61.13477922,63.3806603,64.32195348,62.46968909,61.8001504,68.45560121,70.0709036,72.58602545,69.83570712,69.54982529,70.48848786,77.88667961,80.70980588,81.57205361,79.04614612,78.66363009,85.9502174,87.78706518,90.61145233,91.41328273,86.24272566,87.01029894,
0.0,0.0,0.0,0.0,0.0,0.0,0.0,0.0,0.0,0.0,0.0,0.0,0.0,0.0,0.0,0.0,0.0,0.0,0.0,0.0,0.0,0.0,0.0,0.0,0.0,0.0,0.0,0.0,0.0,0.0,1.470156919245,1.470156919245,1.470156919245,1.470156919245,1.404155694105,1.385007190515,1.3683031767449998,1.121002289955,1.05846409206,0.967406846265,0.8244041917949999,0.6655123534949999,0.6392340879299999,0.6392340879299999,0.158280715845,0.065797517655,0.0,0.0,0.0,0.0,0.0,0.0,0.0,0.0,0.0,0.0,0.0,0.0,0.0,0.0,44.385565770755,44.817978780755,50.120082910755,51.333306170755,52.857623395895,51.946969929485,51.191354263255,52.035829500045,58.158573147940004,60.738251373735,61.528755658205,60.472703656505004,58.90038627207,65.68117948207,67.714562884155,70.601949652345,68.34723542,67.20017525,67.91015523,75.45732873,78.57683516,79.0752616,77.36136399,76.00608205,83.269358,85.03326542,88.21680433,88.6152662,83.32912778,83.8276304,45.85572269,46.2881357,51.59023983,52.80346309,54.26177909,53.33197712,52.55965744,53.15683179,59.21703724,61.70565822,62.35315985,61.13821601,59.53962036,66.32041357,67.8728436,70.66774717,68.34723542,67.20017525,67.91015523,75.45732873,78.57683516,79.0752616,77.36136399,76.00608205,83.269358,85.03326542,88.21680433,88.6152662,83.32912778,83.8276304,
0.0,0.0,0.0,0.0,0.0,0.0,0.0,0.0,0.0,0.0,0.0,0.0,0.0,0.0,0.0,0.0,0.0,0.0,0.0,0.0,0.0,0.0,0.0,0.0,0.0,0.0,0.0,0.0,0.0,0.0,0.754946503381,0.754946503381,0.754946503381,0.754946503381,0.7210539348489999,0.711220905707,0.702643156881,0.575650631579,0.5435363768279999,0.49677718505699997,0.42334328657099995,0.341750066031,0.328255802634,0.328255802634,0.081279400461,0.033787961839,0.0,0.0,0.0,0.0,0.0,0.0,0.0,0.0,0.0,0.0,0.0,0.0,0.0,0.0,48.116437546619004,50.286579396619004,51.278433606619004,53.328758986619,49.764982615151,49.169867204293,55.313554043119,58.039926898421,60.109243093172,60.455637984943,57.591044753429,56.840467893969006,65.325567337366,66.561824567366,69.437170129539,69.771315638161,63.9247719,71.61953581,74.88393936,76.1054781,77.61764508,73.57290186,72.35563394,81.00455535,83.9846097,87.09493308,87.13993883,82.44907638,88.80919475,92.43600123,48.87138405,51.0415259,52.03338011,54.08370549,50.48603655,49.88108811,56.0161972,58.61557753,60.65277947,60.95241517,58.01438804,57.18221796,65.65382314,66.89008037,69.51844953,69.8051036,63.9247719,71.61953581,74.88393936,76.1054781,77.61764508,73.57290186,72.35563394,81.00455535,83.9846097,87.09493308,87.13993883,82.44907638,88.80919475,92.43600123,
0.0,0.0,0.0,0.0,0.0,0.0,0.0,0.0,0.0,0.0,0.0,0.0,0.0,0.0,0.0,0.0,0.0,0.0,0.0,0.0,0.0,0.0,0.0,0.0,0.0,0.0,0.0,0.0,0.0,0.0,0.741079680194,0.741079680194,0.741079680194,0.741079680194,0.707809648826,0.6981572323180001,0.689737039194,0.565077106846,0.533552725272,0.487652404218,0.415567336254,0.335472816294,0.322226414916,0.322226414916,0.079786464114,0.033167346086,0.0,0.0,0.0,0.0,0.0,0.0,0.0,0.0,0.0,0.0,0.0,0.0,0.0,0.0,46.259730039806,48.179156519806,49.259876239806005,51.327970699806,47.956128251174,47.824214107681996,53.182414870806,55.614432553154,57.859869134727994,58.066946925782005,55.505015253746,55.289152043706,62.603018835084,63.955126955084,66.849053165886,67.025863223914,62.18351759,68.87826567,71.77175714,73.13279761,74.56423336,70.9175719,70.38473039,77.90406934,80.70417027,83.85058711,83.71192821,79.47339516,85.40998264,88.59435397,47.00080972,48.9202362,50.00095592,52.06905038,48.6639379,48.52237134,53.87215191,56.17950966,58.39342186,58.55459933,55.92058259,55.62462486,62.92524525,64.27735337,66.92883963,67.05903057,62.18351759,68.87826567,71.77175714,73.13279761,74.56423336,70.9175719,70.38473039,77.90406934,80.70417027,83.85058711,83.71192821,79.47339516,85.40998264,88.59435397,
0.0,0.0,0.0,0.0,0.0,0.0,0.0,0.0,0.0,0.0,0.0,0.0,0.0,0.0,0.0,0.0,0.0,0.0,0.0,0.0,0.0,0.0,0.0,0.0,0.0,0.0,0.0,0.0,0.0,0.0,0.70144606686,0.70144606686,0.70144606686,0.70144606686,0.66995534694,0.6608191504200001,0.6528492768599999,0.53485627074,0.50501784168,0.46157231142,0.39334241826,0.31753142586,0.30499345404,0.30499345404,0.07551941166000001,0.03139352634,0.0,0.0,0.0,0.0,0.0,0.0,0.0,0.0,0.0,0.0,0.0,0.0,0.0,0.0,44.766699413139996,47.04822770314,47.78715868314,49.95328896314,46.55500633306,46.30121775958,51.462568633139995,54.30039121926,56.30230416832,56.36968254858,53.87368741174,53.518371754140006,61.114577795959995,62.02819847596,65.03537875834,65.05399516366,60.18388152,66.63219257,70.05440398,70.92079046,72.36970278,68.82056323,68.12136784,75.36367096,78.26315601,81.57301202,81.24816807,77.12339368,82.62482157,86.47447005,45.46814548,47.74967377,48.48860475,50.65473503,47.22496168,46.96203691,52.11541791,54.83524749,56.80732201,56.83125486,54.26702983,53.83590318,61.41957125,62.33319193,65.11089817,65.08538869,60.18388152,66.63219257,70.05440398,70.92079046,72.36970278,68.82056323,68.12136784,75.36367096,78.26315601,81.57301202,81.24816807,77.12339368,82.62482157,86.47447005,
0.0,0.0,0.0,0.0,0.0,0.0,0.0,0.0,0.0,0.0,0.0,0.0,0.0,0.0,0.0,0.0,0.0,0.0,0.0,0.0,0.0,0.0,0.0,0.0,0.0,0.0,0.0,0.0,0.0,0.0,0.6477328298769999,0.6477328298769999,0.6477328298769999,0.6477328298769999,0.6186535120329999,0.610216919819,0.6028573393769999,0.493899648443,0.46634609727599996,0.42622740876899995,0.36322222010699995,0.293216454927,0.281638578378,0.281638578378,0.069736512237,0.028989566863,0.0,0.0,0.0,0.0,0.0,0.0,0.0,0.0,0.0,0.0,0.0,0.0,0.0,0.0,43.770562780123,45.824060790123,46.659956180123,48.744551180123,45.425772877967,45.193992160181,50.309226570623,52.873843061557004,54.925186032724,55.044224281230996,52.547233849893004,52.215386825073004,59.494217761622,60.533459601622,63.418424527763,63.497953803137,58.70007508,65.09366932,68.17960306,69.19355003,70.63683727,67.10017849,66.44186625,73.62353972,76.35709594,79.53999512,79.30271102,75.19545378,80.71703189,84.16023417,44.41829561,46.47179362,47.30768901,49.39228401,46.04442639,45.80420908,50.91208391,53.36774271,55.39153213,55.47045169,52.91045607,52.50860328,59.77585634,60.81509818,63.48816104,63.52694337,58.70007508,65.09366932,68.17960306,69.19355003,70.63683727,67.10017849,66.44186625,73.62353972,76.35709594,79.53999512,79.30271102,75.19545378,80.71703189,84.16023417,
0.0,0.0,0.0,0.0,0.0,0.0,0.0,0.0,0.0,0.0,0.0,0.0,0.0,0.0,0.0,0.0,0.0,0.0,0.0,0.0,0.0,0.0,0.0,0.0,0.0,0.0,0.0,0.0,0.0,0.0,0.546527474864,0.546527474864,0.546527474864,0.546527474864,0.521991670256,0.5148732578080001,0.5086635788639999,0.416730039376,0.393481607232,0.359631284208,0.306470374224,0.247402696464,0.237633811296,0.237633811296,0.058840494384000006,0.024460076816,0.0,0.0,0.0,0.0,0.0,0.0,0.0,0.0,0.0,0.0,0.0,0.0,0.0,0.0,43.492498865136,45.363080085136,46.263029835136,48.414662305136,44.573225189744,44.934390152192,49.968703321136,52.305403830624,54.514595042768,54.173117975792,51.513232425776,51.854301273536,58.815092418704,59.937104868704,62.875197955616,62.428589573184,58.24519686,64.53786167,67.35480979,68.46496867,69.44275408,65.71690295,65.9269954,72.99489907,75.5530852,78.84577265,77.96213523,73.6452935,80.02782287,83.14211744,44.03902634,45.90960756,46.80955731,48.96118978,45.09521686,45.44926341,50.4773669,52.72213387,54.90807665,54.53274926,51.8197028,52.10170397,59.05272623,60.17473868,62.93403845,62.45304965,58.24519686,64.53786167,67.35480979,68.46496867,69.44275408,65.71690295,65.9269954,72.99489907,75.5530852,78.84577265,77.96213523,73.6452935,80.02782287,83.14211744,
0.0,0.0,0.0,0.0,0.0,0.0,0.0,0.0,0.0,0.0,0.0,0.0,0.0,0.0,0.0,0.0,0.0,0.0,0.0,0.0,0.0,0.0,0.0,0.0,0.0,0.0,0.0,0.0,0.0,0.0,0.468731513033,0.468731513033,0.468731513033,0.468731513033,0.447688280357,0.44158314495100004,0.436257388533,0.357410214247,0.337471101804,0.30843923450099997,0.262845563703,0.212185929483,0.203807605362,0.203807605362,0.050464789473,0.020978284427,0.0,0.0,0.0,0.0,0.0,0.0,0.0,0.0,0.0,0.0,0.0,0.0,0.0,0.0,43.412410876967,45.442363226967004,46.241637726967,48.316531856967,43.880524169643,45.371281855049006,49.860143521467,52.366431505753006,54.373310908196004,53.446282795499,50.675479046297,52.306340240517,58.850831554638,59.843422574638,62.657440280527005,61.541043985573,58.71116801,64.30648752,67.35699166,68.31989342,68.45200349,64.59915349,66.45442221,72.73320567,75.39299045,78.56246554,76.84983731,72.39269358,79.7409158,83.14481071,43.88114239,45.91109474,46.71036924,48.78526337,44.32821245,45.812865,50.29640091,52.72384172,54.71078201,53.75472203,50.93832461,52.51852617,59.05463916,60.04723018,62.70790507,61.56202227,58.71116801,64.30648752,67.35699166,68.31989342,68.45200349,64.59915349,66.45442221,72.73320567,75.39299045,78.56246554,76.84983731,72.39269358,79.7409158,83.14481071,
0.00141492339,0.00141492339,0.00141492339,0.00141492339,0.00135406647,0.00133641045,0.00132100839,0.0010929827700000001,0.00103531896,0.00095135895,0.0008195022900000001,0.00067299489,0.0006487648200000001,0.0006487648200000001,0.00020529819,0.00012002337000000004,3.099195000000001e-05,0.0,0.0,0.0,0.0,0.0,0.0,0.0,0.0,0.0,0.0,0.0,0.0,0.0,0.42442782230099996,0.42442782230099996,0.42442782230099996,0.42442782230099996,0.40537355952899995,0.399845470947,0.395023095801,0.323628419859,0.30557391778799997,0.27928609229699997,0.23800185629099999,0.192130482951,0.184544063514,0.184544063514,0.045694944981,0.018995453319,0.0,0.0,0.0,0.0,0.0,0.0,0.0,0.0,0.0,0.0,0.0,0.0,0.0,0.0,44.462031344309,46.163118034309,47.003890144309,49.147661764309,43.389154054001004,47.144728198603,51.053968905809,53.177574907370996,55.288154653252,53.611397988753005,50.087792651419,54.312434802159004,59.741373581666,60.786795501666,63.675199126829,61.699705423310995,60.932109248050004,65.78182239,68.35150111,69.37205483,68.62635092,63.82339207,68.96831234,74.40186833,76.55408118,79.8318277,77.04557403,71.52334072,81.57035103,84.37242343,44.88787409,46.58896078,47.42973289,49.57350451,43.79588168,47.54591008,51.45031301,53.50229631,55.59476389,53.89163544,50.32661401,54.50523828,59.92656641,60.97198833,63.72109937,61.7188209,60.93214024,65.78182239,68.35150111,69.37205483,68.62635092,63.82339207,68.96831234,74.40186833,76.55408118,79.8318277,77.04557403,71.52334072,81.57035103,84.37242343,
0.13238147681999998,0.13238147681999998,0.13238147681999998,0.13238147681999998,0.12668764986,0.1250357371,0.12359470682,0.10226042926000001,0.09686535248,0.0890099801,0.07667335502,0.06296599382,0.060699007160000006,0.060699007160000006,0.019207879219999998,0.011229492060000004,0.0028996341000000004,0.0,0.0,0.0,0.0,0.0,0.0,0.0,0.0,0.0,0.0,0.0,0.0,0.0,0.406482174441,0.406482174441,0.406482174441,0.406482174441,0.388233563589,0.38293921352700006,0.378320737941,0.309944770119,0.292653648108,0.267477323877,0.227938667031,0.184006826091,0.176741175474,0.176741175474,0.043762872321000006,0.018192287979,0.0,0.0,0.0,0.0,0.0,0.0,0.0,0.0,0.0,0.0,0.0,0.0,0.0,0.0,45.016597798739,46.877337548739,47.370379428739,49.106852938738996,42.121443656551,48.485988109373,51.713583695238995,54.040085720621,55.286227939412,53.398292866023,48.689580927948995,55.918270970089,60.753191127365994,61.350969287366,63.750949028459,61.532667079961,62.784983135900006,66.76015148,69.56516038,70.07339986,68.45207753,62.13363739,71.06880364,75.5083976,77.32803583,79.94811607,76.84992043,69.62972624,82.78349235,85.87055255,45.55546145,47.4162012,47.90924308,49.64571659,42.63636487,48.99396306,52.21549914,54.45229092,55.67574694,53.75478017,48.99419295,56.16524379,60.99063131,61.58840947,63.81391978,61.56208886,62.78788277,66.76015148,69.56516038,70.07339986,68.45207753,62.13363739,71.06880364,75.5083976,77.32803583,79.94811607,76.84992043,69.62972624,82.78349235,85.87055255,
0.95394454353,0.95394454353,0.95394454353,0.95394454353,0.9129146706900001,0.9010109421500001,0.89062683853,0.7368914507900002,0.69801437992,0.6414083516500001,0.55251029383,0.45373467403000006,0.4373987061400001,0.4373987061400001,0.13841250313,0.08092002699000003,0.020894842650000005,0.0,0.0,0.0,0.0,0.0,0.0,0.0,0.0,0.0,0.0,0.0,0.0,0.0,0.38822164165399997,0.38822164165399997,0.38822164165399997,0.38822164165399997,0.370792819166,0.365736308938,0.361325310654,0.296021018986,0.279506671752,0.25546135183799995,0.21769890311399998,0.17574062675399998,0.16880137335599998,0.16880137335599998,0.041796898374,0.017375029826,0.0,0.0,0.0,0.0,0.0,0.0,0.0,0.0,0.0,0.0,0.0,0.0,0.0,0.0,45.791634604816004,47.717899224816,48.485966724816,50.207303294816,41.961788970144,50.224314708912004,52.772633620816,55.307175670224,56.833210958328,54.624397846512,48.923947513056,58.398369509215996,62.498905050504,63.448985420503995,66.080768088496,63.486844643184,65.96712817735,69.07316006,71.97690309,72.88002183,70.7015469,63.02132003,74.69100157,78.12450268,80.42522484,83.01386811,79.37535936,70.62450301,85.65165433,88.84758413,47.13380079,49.06006541,49.82813291,51.54946948,43.24549646,51.49106196,54.02458577,56.34008814,57.81073201,55.52126755,49.69415671,59.02784481,63.10510513,64.0551855,66.26097749,63.5851397,65.98802302,69.07316006,71.97690309,72.88002183,70.7015469,63.02132003,74.69100157,78.12450268,80.42522484,83.01386811,79.37535936,70.62450301,85.65165433,88.84758413,
2.242136379969,2.242136379969,2.242136379969,2.242136379969,2.1457004066370002,2.117722068695,2.093315433469,1.7319781753670003,1.640602114216,1.5075561880450001,1.298611579159,1.066450902619,1.028055098422,1.028055098422,0.32532258904899997,0.19019316962700006,0.04911091234500001,0.0,0.0,0.0,0.0,0.0,0.0,0.0,0.0,0.0,0.0,0.0,0.0,0.0,0.480143993294,0.480143993294,0.480143993294,0.480143993294,0.458588408726,0.45233462801800006,0.446879202294,0.366112289746,0.345687708072,0.315948984918,0.269245218354,0.217352144394,0.208769828316,0.208769828316,0.051693485214,0.021489054986,0.0,0.0,0.0,0.0,0.0,0.0,0.0,0.0,0.0,0.0,0.0,0.0,0.0,0.0,46.332579506737005,47.964996836737,49.282384126737,50.603040986737,41.928186594637005,51.232450733286996,53.686301864237,56.110671414886994,57.815991247712,55.615928117036994,49.605189942486994,60.393815122987,63.96133431326199,65.616340883262,68.166616945737,65.570216325387,68.901129457655,71.88841408,74.36421475,76.06347785,73.14416556,64.89682427,78.0438976,81.30866741,83.93826119,85.87365183,82.11764355,72.72627675,89.14260745,91.79445825,49.05485988,50.68727721,52.0046645,53.32532136,44.53247541,53.80250743,56.2264965,58.20876188,59.80228107,57.43943329,51.17304674,61.67761817,65.19815924,66.85316581,68.54363302,65.78189855,68.95024037,71.88841408,74.36421475,76.06347785,73.14416556,64.89682427,78.0438976,81.30866741,83.93826119,85.87365183,82.11764355,72.72627675,89.14260745,91.79445825,
3.4588507131360005,3.4588507131360005,3.4588507131360005,3.4588507131360005,3.3100829405280003,3.26692192008,3.2292708171360003,2.6718508296480006,2.5308887735040004,2.3256443464800003,2.003314172496,1.645169534736,1.5859379215680003,1.5859379215680003,0.501861652656,0.2934031070880001,0.07576136568000001,0.0,0.0,0.0,0.0,0.0,0.0,0.0,0.0,0.0,0.0,0.0,0.0,0.0,0.54833192694,0.54833192694,0.54833192694,0.54833192694,0.52371511326,0.51657319818,0.51034301694,0.41810594346,0.39478075271999996,0.36081866718,0.30748223754,0.24821953793999998,0.23841839916,0.23841839916,0.05903476614,0.024540835860000002,0.0,0.0,0.0,0.0,0.0,0.0,0.0,0.0,0.0,0.0,0.0,0.0,0.0,0.0,46.398245129924,47.915108509923996,49.537803289924,50.754609739924,41.647430676212,51.69418354174,54.034898515924,56.537082756892,58.487558123776004,56.376497756339994,49.952479369964,61.704596317324,64.962379779272,67.008927329272,69.829156661204,67.323282147052,71.02128339432001,73.86763049,76.17612588,78.31639509,75.21158782,66.27943499,80.47383811,83.54724022,86.42442093,88.18690583,84.43870147,74.275692,91.59686262,94.0310636,50.40542777,51.92229115,53.54498593,54.76179238,45.48122873,55.47767866,57.77451235,59.62703953,61.41322765,59.06296077,52.26327578,63.59798539,66.7867361,68.83328365,70.39005308,67.64122609,71.09704476,73.86763049,76.17612588,78.31639509,75.21158782,66.27943499,80.47383811,83.54724022,86.42442093,88.18690583,84.43870147,74.275692,91.59686262,94.0310636,
4.297917134727,4.297917134727,4.297917134727,4.297917134727,4.113060483771,4.059429233185,4.012644525227,3.3200026293610003,3.1448452471280004,2.889811534235,2.489288790497,2.044263519677,1.9706631864260002,1.9706631864260002,0.623605924367,0.36457839494100014,0.09413996113500002,0.0,0.0,0.0,0.0,0.0,0.0,0.0,0.0,0.0,0.0,0.0,0.0,0.0,0.507000932942,0.507000932942,0.507000932942,0.507000932942,0.48423963291800004,0.47763604587400005,0.471875469942,0.386590845778,0.365023811496,0.333621647574,0.284305497522,0.229509775242,0.220447405788,0.220447405788,0.05458496950200001,0.022691049098000002,0.0,0.0,0.0,0.0,0.0,0.0,0.0,0.0,0.0,0.0,0.0,0.0,0.0,0.0,46.858151042331,48.284047672331,49.747940472331,51.367510722331,41.691107273311005,52.351178630941,54.731496154831,57.260243474861,59.485332641376004,56.522985698191,50.417224621981,62.94124276508099,66.096298647786,67.937815957786,71.525074786131,68.03667975596099,72.810605168865,75.71066586,77.88777512,79.79053777,76.08191279,67.45573007,82.5199511,85.63178683,88.05118027,90.45855646,85.41579971,75.59390075,93.88225145,96.14390667,51.66306911,53.08896574,54.55285854,56.17242879,46.28840739,56.88824391,59.21601615,60.96683695,62.9952017,59.74641888,53.19081891,65.21501606,68.28740924,70.12892655,72.20326568,68.4239492,72.90474513,75.71066586,77.88777512,79.79053777,76.08191279,67.45573007,82.5199511,85.63178683,88.05118027,90.45855646,85.41579971,75.59390075,93.88225145,96.14390667,
4.8270964637430005,4.8270964637430005,4.8270964637430005,4.8270964637430005,4.619479411539,4.559244834665,4.506699778243,3.7287766258490005,3.5320530609520002,3.2456184241150003,2.795781477673,2.295962648293,2.2133003034340004,2.2133003034340004,0.7003871545029999,0.40946696406900013,0.10573090621500002,0.0,0.0,0.0,0.0,0.0,0.0,0.0,0.0,0.0,0.0,0.0,0.0,0.0,0.47082185213000005,0.47082185213000005,0.47082185213000005,0.47082185213000005,0.44968477577000004,0.44355241411000007,0.43820290713000004,0.35900410867000004,0.33897607644,0.30981473961,0.26401774083,0.21313218663000003,0.20471649882,0.20471649882,0.05068984053000001,0.021071838470000003,0.0,0.0,0.0,0.0,0.0,0.0,0.0,0.0,0.0,0.0,0.0,0.0,0.0,0.0,47.307365394127004,48.513926534127,50.292548904127,51.860847714127004,41.997081312691,52.95983497122501,55.351076304627,57.709203355481,60.230311552608,57.211065126275,51.024847081497,63.937568505077,66.799219217746,69.044779047746,72.72001297496699,69.161645467461,74.17588931378499,77.09145286,78.94832405,81.30817327,77.38089596,68.5892674,84.07841845,87.19351208,89.72593521,92.04692721,86.87414483,76.86419325,95.59444604,97.45303788,52.60528371,53.81184485,55.59046722,57.15876603,47.0662455,57.96263222,60.29597899,61.79698409,64.10134069,60.76649829,54.0846463,66.44666334,69.21723602,71.46279585,73.47108997,69.59218427,74.28162022,77.09145286,78.94832405,81.30817327,77.38089596,68.5892674,84.07841845,87.19351208,89.72593521,92.04692721,86.87414483,76.86419325,95.59444604,97.45303788,
4.958709936147001,4.958709936147001,4.958709936147001,4.958709936147001,4.7454320894310005,4.683555183285001,4.6295774566470005,3.830443796421001,3.6283564540080007,3.3341120173350003,2.8720100161170006,2.3585633480970003,2.2736471683860007,2.2736471683860007,0.719483600187,0.4206313088010002,0.10861371823500003,0.0,0.0,0.0,0.0,0.0,0.0,0.0,0.0,0.0,0.0,0.0,0.0,0.0,0.479327526867,0.479327526867,0.479327526867,0.479327526867,0.457808596743,0.45156545034900003,0.446119301367,0.365489729853,0.345099879396,0.315411725799,0.26878737719699997,0.216982545417,0.208414823238,0.208414823238,0.051605582427,0.021452513673000002,0.0,0.0,0.0,0.0,0.0,0.0,0.0,0.0,0.0,0.0,0.0,0.0,0.0,0.0,47.781986736986,49.081224956986,51.135399676986005,52.226364326986,42.444260623826004,53.628592046365995,55.924895471986005,58.413441813725996,60.694935256596,57.534831406866004,51.611780116686,64.789452616486,67.64511288837599,70.244363808376,73.349938017386,69.62864656752599,75.199625751765,77.99233647,79.98618907,82.74589259,77.91300065,69.43632689,85.24043569,88.21244742,91.31250032,92.86118932,87.47152923,77.81344591,96.71155392,98.73416829,53.2200242,54.51926242,56.57343714,57.66440179,47.64750131,58.76371268,61.00059223,62.60937534,64.66839159,61.18435515,54.75257751,67.36499851,70.12717488,72.7264258,74.1210272,70.07073039,75.30823947,77.99233647,79.98618907,82.74589259,77.91300065,69.43632689,85.24043569,88.21244742,91.31250032,92.86118932,87.47152923,77.81344591,96.71155392,98.73416829,
4.795325938314001,4.795325938314001,4.795325938314001,4.795325938314001,4.589075360322001,4.5292372296700005,4.4770380093140005,3.7042349177020006,3.5088061292960004,3.2242567207700006,2.7773804684540004,2.2808512992140004,2.1987330135320007,2.1987330135320007,0.6957774127940001,0.4067719732620002,0.10503501657000003,0.0,0.0,0.0,0.0,0.0,0.0,0.0,0.0,0.0,0.0,0.0,0.0,0.0,0.525771916922,0.525771916922,0.525771916922,0.525771916922,0.502167912338,0.49531983693400006,0.48934598392199996,0.400903818598,0.378538295736,0.345973511634,0.294831501702,0.238007046222,0.22860915550799998,0.22860915550799998,0.056605899882,0.023531152718,0.0,0.0,0.0,0.0,0.0,0.0,0.0,0.0,0.0,0.0,0.0,0.0,0.0,0.0,48.430213514764006,49.861309084764,51.998780984764,52.89108695476399,42.88262270734,54.296390113396,56.643167606764,59.2657851437,61.395364594968,57.550061087596,52.055396899844006,65.484937464564,68.55282392096,71.25865121096,74.07275663732399,69.56705884402,75.91732457343,78.77092176,80.95910031,83.83765911,77.83142088,69.91193555,86.04873914,89.09305847,92.51729643,93.74332426,87.37994108,78.3464342,97.67701022,99.93512039,53.75131137,55.18240694,57.31987884,58.21218481,47.97386598,59.32094718,61.6095516,63.37092388,65.28270902,61.12029132,55.12760887,68.00379581,70.98016609,73.68599338,74.82513995,69.99736197,76.02235959,78.77092176,80.95910031,83.83765911,77.83142088,69.91193555,86.04873914,89.09305847,92.51729643,93.74332426,87.37994108,78.3464342,97.67701022,99.93512039,
4.432873940856,4.432873940856,4.432873940856,4.432873940856,4.242212696088,4.18689739668,4.138643624856,3.4242524176080003,3.243595003584,2.98055310108,2.5674537374160002,2.108454444456,2.0325430229280004,2.0325430229280004,0.6431874707759999,0.3760263438480001,0.09709600428000002,0.0,0.0,0.0,0.0,0.0,0.0,0.0,0.0,0.0,0.0,0.0,0.0,0.0,0.605211038096,0.605211038096,0.605211038096,0.605211038096,0.578040693584,0.570157939312,0.5632814940959999,0.461476561264,0.435731821248,0.398246808912,0.33937772913599995,0.273967640496,0.263149818144,0.263149818144,0.065158511376,0.027086485424,0.0,0.0,0.0,0.0,0.0,0.0,0.0,0.0,0.0,0.0,0.0,0.0,0.0,0.0,49.820124151048,51.057677211048,53.343596621048,53.845710811048,43.826127300328004,55.677389844008,58.176348541048,60.534082921128,62.35656788516799,57.507040900008,52.993575823448,66.897855225048,69.859306148928,72.755271878928,74.98007345784801,69.325747190728,77.35225944572,80.39304695,82.2991002,85.39068155,77.53286837,70.89198592,87.66393755,90.92774685,94.2311019,94.82486837,87.04476153,79.44472237,99.68846744,101.5892031,54.85820913,56.09576219,58.3816816,58.88379579,48.64638069,60.43444518,62.87827366,64.4198119,66.03589471,60.88584081,55.90040729,69.28027731,72.15499899,75.05096472,75.68841944,69.72886002,77.44935545,80.39304695,82.2991002,85.39068155,77.53286837,70.89198592,87.66393755,90.92774685,94.2311019,94.82486837,87.04476153,79.44472237,99.68846744,101.5892031,
3.667910325768,3.667910325768,3.667910325768,3.667910325768,3.5101507418640003,3.46438098604,3.424454177768,2.8333426504240005,2.6838605755520004,2.4662107792400003,2.1243983474480004,1.7446067565680001,1.6817950703840003,1.6817950703840003,0.532195139528,0.31113695714400014,0.08034052884000002,0.0,0.0,0.0,0.0,0.0,0.0,0.0,0.0,0.0,0.0,0.0,0.0,0.0,0.547833650826,0.547833650826,0.547833650826,0.547833650826,0.5232392067539999,0.516103781622,0.509879261826,0.417726005334,0.39442201048799996,0.36049078672199997,0.30720282456599995,0.247993977726,0.238201745364,0.238201745364,0.058981120506,0.024518535294,0.0,0.0,0.0,0.0,0.0,0.0,0.0,0.0,0.0,0.0,0.0,0.0,0.0,0.0,50.910160933406004,52.240251853406,54.577617913406,54.720491793406005,45.140884691382,56.852138792338,59.250772110406004,61.582431954242004,63.01642151396,58.280382804038005,54.075418287986004,67.744136585706,70.698364414252,73.66019217425199,75.164648809966,69.64658135756201,77.87929772116,80.78534703,82.82760544,85.99281667,77.81460298,71.66128159,88.24152015,91.3714539,94.89557552,94.90931629,87.36105992,80.30682942,100.1749248,102.2415848,55.12590491,56.45599583,58.79336189,58.93623577,49.17427464,60.83262356,63.18510555,64.83350061,66.0947041,61.10708437,56.50701946,69.73673732,72.61836123,75.58018899,75.75582507,69.98223685,77.95963825,80.78534703,82.82760544,85.99281667,77.81460298,71.66128159,88.24152015,91.3714539,94.89557552,94.90931629,87.36105992,80.30682942,100.1749248,102.2415848,
2.690787743127,2.690787743127,2.690787743127,2.690787743127,2.575054936971,2.5414781351849998,2.512187733627,2.078546910561,1.968886504728,1.809218096235,1.558463682897,1.279847668077,1.2337688656260002,1.2337688656260002,0.390419620767,0.22825081214100007,0.05893800313500001,0.0,0.0,0.0,0.0,0.0,0.0,0.0,0.0,0.0,0.0,0.0,0.0,0.0,0.61564806142,0.61564806142,0.61564806142,0.61564806142,0.5880091571799999,0.57999046274,0.57299543142,0.46943484578,0.44324613095999993,0.4051146797399999,0.34523038721999993,0.27869228442,0.26768790587999997,0.26768790587999997,0.06628218702,0.02755359898,0.0,0.0,0.0,0.0,0.0,0.0,0.0,0.0,0.0,0.0,0.0,0.0,0.0,0.0,51.329839645453,52.638752175453,54.901530305453,54.930394475453,46.41530251584901,56.950528842074995,59.538710944953,61.698912233659,62.898215324312005,58.468461184024996,55.067674549883,67.306237887503,70.459861248494,73.326192778494,74.400117082213,69.240518368879,76.925924986865,80.06780986,82.07819008,85.13660041,77.27430572,72.25016163,87.13818446,90.55989071,93.95071597,93.78301265,86.75447787,80.96675466,99.28516904,101.3165138,54.63627545,55.94518798,58.20796611,58.23683028,49.57836661,60.07199744,62.62389411,64.24689399,65.31034796,60.68279396,56.97136862,68.86477784,71.96131802,74.82764955,74.85681889,69.49632278,76.98486299,80.06780986,82.07819008,85.13660041,77.27430572,72.25016163,87.13818446,90.55989071,93.95071597,93.78301265,86.75447787,80.96675466,99.28516904,101.3165138,
1.619694541062,1.619694541062,1.619694541062,1.619694541062,1.550030259726,1.5298190176100002,1.5121879340620001,1.2511618922660002,1.185152835568,1.0890419289100002,0.9381026526820001,0.7703923457620001,0.7426556411560001,0.7426556411560001,0.23500944290200002,0.13739344374600004,0.03547718031000001,0.0,0.0,0.0,0.0,0.0,0.0,0.0,0.0,0.0,0.0,0.0,0.0,0.0,0.7093807902929999,0.7093807902929999,0.7093807902929999,0.7093807902929999,0.677533848897,0.6682943041710001,0.660234275793,0.540906538587,0.510730578684,0.46679359472099996,0.397791888363,0.321123325743,0.308443525002,0.308443525002,0.076373683533,0.031748648367000004,0.0,0.0,0.0,0.0,0.0,0.0,0.0,0.0,0.0,0.0,0.0,0.0,0.0,0.0,50.840915358645,52.041513678645,54.179022178645,54.091180128645,47.232010501377,56.346403728219,58.770821800145,60.646571859147,61.577246285748,58.528700676369,55.498968118955,66.02220339849501,68.884839703842,71.591331063842,72.210435523565,68.642032367887,74.99185361969,77.91901387,79.76806764,82.65032502,76.51247604,72.07704699,84.92247875,88.12951663,91.20703872,90.8576498,85.89918535,80.77275468,96.6206329,98.46492133,53.16999069,54.37058901,56.50809751,56.42025546,49.45957461,58.54451705,60.94324401,62.43864029,63.2731297,60.0845362,56.83486266,67.11371907,69.93593887,72.64243023,72.52181865,68.81117446,75.0273308,77.91901387,79.76806764,82.65032502,76.51247604,72.07704699,84.92247875,88.12951663,91.20703872,90.8576498,85.89918535,80.77275468,96.6206329,98.46492133,
0.6155543793420001,0.6155543793420001,0.6155543793420001,0.6155543793420001,0.5890789221660001,0.58139777101,0.5746971923420001,0.4754959423060001,0.45040962948800006,0.4138833043100001,0.35651981376200004,0.292782602042,0.2822414477960001,0.2822414477960001,0.089313810782,0.052215484986000024,0.013482871710000004,0.0,0.0,0.0,0.0,0.0,0.0,0.0,0.0,0.0,0.0,0.0,0.0,0.0,0.8167035415349999,0.8167035415349999,0.8167035415349999,0.8167035415349999,0.7800384525149999,0.769401050145,0.7601216140349999,0.622740694065,0.58799939058,0.537415147395,0.4579741211849999,0.36970631428499995,0.35510817698999997,0.35510817698999997,0.08792831533499999,0.036551925165,0.0,0.0,0.0,0.0,0.0,0.0,0.0,0.0,0.0,0.0,0.0,0.0,0.0,0.0,50.925931859123,51.901064059123,53.950602579123,53.762095339123,48.577473675319,55.997004648845,58.677942043623,60.149216573629005,60.859918879931996,58.523369548295,56.580007835052996,65.07935276367299,67.96437077521401,70.55856312521401,70.768818743883,68.023961999849,73.48020771829,76.72934418,78.24627455,81.00452187,75.73586148,72.7867722,83.18657095,86.7839527,89.39084706,88.88349013,85.02729411,81.56810441,95.14542637,96.58643485,52.35818978,53.33332198,55.3828605,55.19435326,49.94659105,57.34780347,60.01276085,61.24745321,61.8983279,59.474668,57.39450177,65.74184168,68.6017204,71.19591275,70.94606087,68.11272941,73.49369059,76.72934418,78.24627455,81.00452187,75.73586148,72.7867722,83.18657095,86.7839527,89.39084706,88.88349013,85.02729411,81.56810441,95.14542637,96.58643485,
0.069354794268,0.069354794268,0.069354794268,0.069354794268,0.06637179236400001,0.06550635354,0.064751396268,0.053574345924000004,0.050747859552,0.04663242174,0.040169250948,0.032987950068,0.031800273384,0.031800273384,0.010063028028,0.005883142644000002,0.0015191213400000004,0.0,0.0,0.0,0.0,0.0,0.0,0.0,0.0,0.0,0.0,0.0,0.0,0.0,0.861816589949,0.861816589949,0.861816589949,0.861816589949,0.823126195721,0.8119012048030001,0.802109191449,0.657139627891,0.620479285212,0.567100870953,0.48327168345899996,0.390128141799,0.374723632986,0.374723632986,0.092785297269,0.038570979431000005,0.0,0.0,0.0,0.0,0.0,0.0,0.0,0.0,0.0,0.0,0.0,0.0,0.0,0.0,52.017756945783,52.983152155782996,54.613181455783,54.307245705783,51.148374131915006,57.489334221656996,59.823002582283,61.203955616185006,61.276516635236,60.046753377307,59.274188505593,66.486806608133,68.94252865363,70.99699087363,70.899851584703,69.426321467925,74.79798497866,77.59505367,79.09867237,81.24072509,77.2458993,75.83437956,84.66460461,87.76310471,89.65150418,88.95444933,86.7225865,84.9833892,96.21891787,97.63862637,52.94892833,53.91432354,55.54435284,55.23841709,52.03787212,58.36674178,60.68986317,61.91466959,61.94774378,60.66048667,59.79762944,66.9099227,69.34905256,71.40351478,71.00269991,69.47077559,74.7995041,77.59505367,79.09867237,81.24072509,77.2458993,75.83437956,84.66460461,87.76310471,89.65150418,88.95444933,86.7225865,84.9833892,96.21891787,97.63862637,
0.000998024571,0.000998024571,0.000998024571,0.000998024571,0.0009550987830000002,0.0009426450050000001,0.0009317810710000001,0.0007709418530000002,0.0007302683440000001,0.0006710466550000001,0.0005780407810000001,0.00047470092100000005,0.0004576100980000001,0.0004576100980000001,0.00014480829100000002,8.465919300000003e-05,2.1860355000000005e-05,0.0,0.0,0.0,0.0,0.0,0.0,0.0,0.0,0.0,0.0,0.0,0.0,0.0,0.9001486317669999,0.9001486317669999,0.9001486317669999,0.9001486317669999,0.859737358843,0.848013100649,0.8377855562669999,0.686368008953,0.6480770805959999,0.5923244910989999,0.5047667330969999,0.40748033531699995,0.391390661838,0.391390661838,0.096912219327,0.040286546773,0.0,0.0,0.0,0.0,0.0,0.0,0.0,0.0,0.0,0.0,0.0,0.0,0.0,0.0,53.256844193662,54.236645243662004,55.705844283662,55.201394743662,53.511166252374,58.880183704345995,61.236968752662,62.632549459193996,62.26801835106,61.485301122246,61.974309506122,68.06378044376201,70.530930268064,72.377711678064,72.01637636238199,71.054136164034,76.545453789645,79.36689824,80.89364478,82.79496932,79.05135808,79.23567977,86.64084753,89.76713168,91.36665791,90.3460117,88.74954271,88.79503796,98.41602914,99.85432273,54.15799085,55.1377919,56.60699094,56.1025414,54.37185871,59.72913945,62.07568609,63.31968841,62.9168257,62.07829666,62.47965428,68.47173548,70.92277854,72.76955995,72.11343339,71.09450737,76.54547565,79.36689824,80.89364478,82.79496932,79.05135808,79.23567977,86.64084753,89.76713168,91.36665791,90.3460117,88.74954271,88.79503796,98.41602914,99.85432273,
0.0,0.0,0.0,0.0,0.0,0.0,0.0,0.0,0.0,0.0,0.0,0.0,0.0,0.0,0.0,0.0,0.0,0.0,0.0,0.0,0.0,0.0,0.0,0.0,0.0,0.0,0.0,0.0,0.0,0.0,0.8835952370279999,0.8835952370279999,0.8835952370279999,0.8835952370279999,0.8439271122119999,0.832418458716,0.8223789950279999,0.673745959452,0.636159186864,0.581431866516,0.49548426274799995,0.39998692522799995,0.38419313479199996,0.38419313479199996,0.095130040068,0.039545692332,0.0,0.0,0.0,0.0,0.0,0.0,0.0,0.0,0.0,0.0,0.0,0.0,0.0,0.0,52.974524132972,54.136289722972,55.632703442972,55.290201822972,53.092443517788,58.549507421284,60.909595524972005,62.510539300548004,62.360576983136,60.654045353484,61.483743037252,67.67371308477199,70.386923765208,72.268779875208,72.109894389932,70.089731697668,76.10050643,78.92744565,80.72066139,82.66232027,77.9781002,78.60104643,86.13719255,89.27009325,91.22027583,90.46075989,87.54461532,88.08383952,97.87110197,99.64079372,53.85811937,55.01988496,56.51629868,56.17379706,53.93637063,59.38192588,61.73197452,63.18428526,62.99673617,61.23547722,61.9792273,68.07370001,70.7711169,72.65297301,72.20502443,70.12927739,76.10050643,78.92744565,80.72066139,82.66232027,77.9781002,78.60104643,86.13719255,89.27009325,91.22027583,90.46075989,87.54461532,88.08383952,97.87110197,99.64079372,
0.0,0.0,0.0,0.0,0.0,0.0,0.0,0.0,0.0,0.0,0.0,0.0,0.0,0.0,0.0,0.0,0.0,0.0,0.0,0.0,0.0,0.0,0.0,0.0,0.0,0.0,0.0,0.0,0.0,0.0,0.8251509029119999,0.8251509029119999,0.8251509029119999,0.8251509029119999,0.788106578048,0.7773591504640001,0.7679837349119999,0.629181851008,0.594081209856,0.5429737616639999,0.46271105779199995,0.373530275712,0.35878114636799996,0.35878114636799996,0.088837779072,0.036929990528,0.0,0.0,0.0,0.0,0.0,0.0,0.0,0.0,0.0,0.0,0.0,0.0,0.0,0.0,51.652289037087996,52.807620277088,54.455486417088,54.640860027088,51.403210231951995,56.698769089536,59.381461205088,60.962155828992,61.608900240144,58.560872178336,59.511244362208004,65.515419164288,68.62811554363199,70.705721393632,71.206408120928,67.651119409472,73.65814433,76.90410169,78.68560186,80.85500738,75.26365156,76.05799329,83.37271405,86.98161042,89.22585347,89.32096029,84.49715249,85.23398072,95.36212805,97.12873617,52.47743994,53.63277118,55.28063732,55.46601093,52.19131681,57.47612824,60.14944494,61.59133768,62.20298145,59.10384594,59.97395542,65.88894944,68.98689669,71.06450254,71.2952459,67.6880494,73.65814433,76.90410169,78.68560186,80.85500738,75.26365156,76.05799329,83.37271405,86.98161042,89.22585347,89.32096029,84.49715249,85.23398072,95.36212805,97.12873617,
0.0,0.0,0.0,0.0,0.0,0.0,0.0,0.0,0.0,0.0,0.0,0.0,0.0,0.0,0.0,0.0,0.0,0.0,0.0,0.0,0.0,0.0,0.0,0.0,0.0,0.0,0.0,0.0,0.0,0.0,0.868412213466,0.868412213466,0.868412213466,0.868412213466,0.829425715314,0.818114817702,0.8082478644659999,0.662168825094,0.625227914808,0.571440986802,0.48697024080599993,0.393113856366,0.377591454324,0.377591454324,0.093495398346,0.038866169454,0.0,0.0,0.0,0.0,0.0,0.0,0.0,0.0,0.0,0.0,0.0,0.0,0.0,0.0,48.068553396534,49.479003066534,49.693582416534,47.495665416533996,51.553807814685996,54.321083402297994,55.283118665534005,57.156299014906,53.613210605192,53.675938743197996,59.707520039193994,62.816847473634,64.383409325676,64.620989795676,62.073023321654,62.087367080545995,70.66326743,71.71564359,73.86559721,73.95338852,69.07936059,76.33767201,79.98285108,81.11325709,81.60971622,77.88419943,77.55415987,85.54740117,88.92836971,91.17896965,48.93696561,50.34741528,50.56199463,48.36407763,52.38323353,55.13919822,56.09136653,57.81846784,54.23843852,54.24737973,60.19449028,63.20996133,64.76100078,64.99858125,62.16651872,62.12623325,70.66326743,71.71564359,73.86559721,73.95338852,69.07936059,76.33767201,79.98285108,81.11325709,81.60971622,77.88419943,77.55415987,85.54740117,88.92836971,91.17896965,
0.0,0.0,0.0,0.0,0.0,0.0,0.0,0.0,0.0,0.0,0.0,0.0,0.0,0.0,0.0,0.0,0.0,0.0,0.0,0.0,0.0,0.0,0.0,0.0,0.0,0.0,0.0,0.0,0.0,0.0,0.819564280948,0.819564280948,0.819564280948,0.819564280948,0.782770761892,0.7720960989560001,0.762784158948,0.624922022732,0.590059027824,0.539297598756,0.459578307468,0.371001317148,0.356352045672,0.356352045672,0.08823630958800001,0.036679958812,0.0,0.0,0.0,0.0,0.0,0.0,0.0,0.0,0.0,0.0,0.0,0.0,0.0,0.0,46.202221399052,47.559458409052,47.928352149051996,45.720755649052,49.693001558107994,52.315023651044,53.133410311051996,54.933063457268,51.603105912176005,51.818888031244,57.543014912532,60.486517372852,61.872739724328,62.310190874328,59.734049400412005,59.925973891188,68.03344011,68.90900531,70.97773308,71.30006697,66.67363481,73.55794387,77.00618308,77.9388371,78.68169868,74.94726948,74.85329466,82.43231379,85.44810021,87.61421845,47.02178568,48.37902269,48.74791643,46.54031993,50.47577232,53.08711975,53.89619447,55.55798548,52.19316494,52.35818563,58.00259322,60.85751869,62.22909177,62.66654292,59.82228571,59.96265385,68.03344011,68.90900531,70.97773308,71.30006697,66.67363481,73.55794387,77.00618308,77.9388371,78.68169868,74.94726948,74.85329466,82.43231379,85.44810021,87.61421845,
0.0,0.0,0.0,0.0,0.0,0.0,0.0,0.0,0.0,0.0,0.0,0.0,0.0,0.0,0.0,0.0,0.0,0.0,0.0,0.0,0.0,0.0,0.0,0.0,0.0,0.0,0.0,0.0,0.0,0.0,0.778689985927,0.778689985927,0.778689985927,0.778689985927,0.7437314774830001,0.733589194169,0.724741670427,0.593755160393,0.560630894676,0.512401100619,0.436657665657,0.352498293477,0.338579628078,0.338579628078,0.083835682287,0.034850611813000004,0.0,0.0,0.0,0.0,0.0,0.0,0.0,0.0,0.0,0.0,0.0,0.0,0.0,0.0,44.989335044072995,46.153789734073,46.350031014073,44.423330854073,48.035790382517,50.559896455831,51.734397049573,53.303034859606996,50.131683495324,50.055706189381,55.616744474343,58.448850826523,60.029849191922,60.246451141922,58.018218827713,57.877735098187,65.73482044,67.07165698,68.85548391,68.93178641,64.39412438,71.08601148,74.4044048,75.86072276,76.06823217,72.79210891,72.29412917,79.66215607,83.16976339,84.99453486,45.76802503,46.93247972,47.128721,45.20202084,48.77952186,51.29348565,52.45913872,53.89679002,50.69231439,50.56810729,56.05340214,58.80134912,60.36842882,60.58503077,58.10205451,57.91258571,65.73482044,67.07165698,68.85548391,68.93178641,64.39412438,71.08601148,74.4044048,75.86072276,76.06823217,72.79210891,72.29412917,79.66215607,83.16976339,84.99453486,
0.0,0.0,0.0,0.0,0.0,0.0,0.0,0.0,0.0,0.0,0.0,0.0,0.0,0.0,0.0,0.0,0.0,0.0,0.0,0.0,0.0,0.0,0.0,0.0,0.0,0.0,0.0,0.0,0.0,0.0,0.6974594682299999,0.6974594682299999,0.6974594682299999,0.6974594682299999,0.66614772267,0.6570634508100001,0.64913887323,0.53181646857,0.50214762324,0.45894901131,0.39110689593,0.31572676773,0.30326005422,0.30326005422,0.07509020463,0.03121510437,0.0,0.0,0.0,0.0,0.0,0.0,0.0,0.0,0.0,0.0,0.0,0.0,0.0,0.0,43.84385809177,45.26564872177,45.46519713177,43.36952646177,47.23700229733,49.62682487919,50.40395234677,52.25175699143,48.91726910676,49.13152128869,54.65524102407,57.32824955227,58.818283105780004,59.039873205780005,56.56800608537,56.76174227563,64.4409778,65.27395428,67.43330153,67.51879358,63.14918798,69.80888174,72.93992081,73.82744921,74.50895346,70.96427946,70.89646138,78.23094749,80.94058768,83.23900687,44.54131756,45.96310819,46.1626566,44.06698593,47.90315002,50.28388833,51.05309122,52.78357346,49.41941673,49.5904703,55.04634792,57.64397632,59.12154316,59.34313326,56.64309629,56.79295738,64.4409778,65.27395428,67.43330153,67.51879358,63.14918798,69.80888174,72.93992081,73.82744921,74.50895346,70.96427946,70.89646138,78.23094749,80.94058768,83.23900687,
0.0,0.0,0.0,0.0,0.0,0.0,0.0,0.0,0.0,0.0,0.0,0.0,0.0,0.0,0.0,0.0,0.0,0.0,0.0,0.0,0.0,0.0,0.0,0.0,0.0,0.0,0.0,0.0,0.0,0.0,0.61002926607,0.61002926607,0.61002926607,0.61002926607,0.58264261203,0.5746971012900001,0.56776591107,0.46515048513,0.43920078516,0.40141734579,0.34207959537,0.27614876157,0.26524481598,0.26524481598,0.06567725367,0.027302127330000002,0.0,0.0,0.0,0.0,0.0,0.0,0.0,0.0,0.0,0.0,0.0,0.0,0.0,0.0,43.60361841393,44.70205846393,44.96825592393,42.46420497393,46.83704471797,49.04135288871,50.10975131893,51.57079758487,47.86688339484,48.84601536421,54.14871288463,56.60223725843,58.01890209402,58.32666586402,55.30134968633,56.37279511267,63.58511408,64.79376397,66.47817772,66.66407561,62.71235919,69.10433538,71.97117959,73.28433479,73.56574731,69.36557905,70.40604153,77.44140141,80.34514519,82.06001139,44.21364768,45.31208773,45.57828519,43.07423424,47.41968733,49.61604999,50.67751723,52.03594807,48.30608418,49.24743271,54.49079248,56.87838602,58.28414691,58.59191068,55.36702694,56.40009724,63.58511408,64.79376397,66.47817772,66.66407561,62.71235919,69.10433538,71.97117959,73.28433479,73.56574731,69.36557905,70.40604153,77.44140141,80.34514519,82.06001139,
0.0,0.0,0.0,0.0,0.0,0.0,0.0,0.0,0.0,0.0,0.0,0.0,0.0,0.0,0.0,0.0,0.0,0.0,0.0,0.0,0.0,0.0,0.0,0.0,0.0,0.0,0.0,0.0,0.0,0.0,0.6313100989229999,0.6313100989229999,0.6313100989229999,0.6313100989229999,0.602968063167,0.594745373781,0.5875723894229999,0.481377230757,0.45452227712399995,0.415420764831,0.35401302069299995,0.28578219387299997,0.274497864822,0.274497864822,0.067968400563,0.028254560337,0.0,0.0,0.0,0.0,0.0,0.0,0.0,0.0,0.0,0.0,0.0,0.0,0.0,0.0,43.354171811076995,44.513726921076994,44.497497261077,42.098021461076996,46.776541196833,48.933294586219,49.828422090577,51.362731479243,47.464766922876,49.280779605169,54.090610139306996,56.491711716127,57.794774635177994,57.739598945177995,54.855725399437006,56.885789049663,63.47232543,64.45939393,66.23309462,66.00665674,63.2838261,69.0457842,71.84351555,72.90614892,72.84026646,68.81015713,71.04761719,77.37578635,79.93052181,81.75748322,43.98548191,45.14503702,45.12880736,42.72933156,47.37950926,49.52803996,50.41599448,51.84410871,47.9192892,49.69620037,54.44462316,56.77749391,58.0692725,58.01409681,54.9236938,56.91404361,63.47232543,64.45939393,66.23309462,66.00665674,63.2838261,69.0457842,71.84351555,72.90614892,72.84026646,68.81015713,71.04761719,77.37578635,79.93052181,81.75748322,
0.0002802276,0.0002802276,0.0002802276,0.0002802276,0.00026817480000000004,0.000264678,0.00026162760000000005,0.00021646680000000004,0.00020504640000000004,0.00018841800000000004,0.00016230360000000002,0.00013328760000000001,0.00012848880000000004,0.00012848880000000004,4.06596e-05,2.377080000000001e-05,6.138000000000002e-06,0.0,0.0,0.0,0.0,0.0,0.0,0.0,0.0,0.0,0.0,0.0,0.0,0.0,0.600052506921,0.600052506921,0.600052506921,0.600052506921,0.573113749509,0.565298184087,0.558480350421,0.457543154439,0.43201785034799994,0.39485234243699996,0.33648503471099994,0.271632470571,0.260906854194,0.260906854194,0.064603131201,0.026855613099,0.0,0.0,0.0,0.0,0.0,0.0,0.0,0.0,0.0,0.0,0.0,0.0,0.0,0.0,44.052230775479,44.873223945479005,44.366968435479,41.544916055479,47.242291965691,49.567347057913004,50.621858931979006,51.763617778761,46.832040113252,50.844928369563,54.609180231688995,57.199133341829,58.230806247006,57.545441637006,54.108278059199,58.655148936101,64.24748629199999,65.43698185,66.71507171,65.77043328,65.2496825,69.68140346,72.7209172,74.01183991,72.579587,67.86956606,73.25464893,78.08808965,81.14274408,82.35243102,44.65256351,45.47355668,44.96730117,42.14524879,47.81567389,50.13290992,51.18060091,52.2213774,47.26426301,51.23996913,54.94582757,57.4708991,58.49184159,57.80647698,54.17292185,58.68202832,64.24749243,65.43698185,66.71507171,65.77043328,65.2496825,69.68140346,72.7209172,74.01183991,72.579587,67.86956606,73.25464893,78.08808965,81.14274408,82.35243102,
0.08147005790400001,0.08147005790400001,0.08147005790400001,0.08147005790400001,0.07796596939200001,0.07694935112000001,0.07606251390400001,0.06293299707200001,0.05961276505600001,0.054778420720000005,0.04718622894400001,0.038750460304000006,0.03735531395200001,0.03735531395200001,0.011820891184000001,0.006910841232000003,0.0017844895200000005,0.0,0.0,0.0,0.0,0.0,0.0,0.0,0.0,0.0,0.0,0.0,0.0,0.0,0.554112325354,0.554112325354,0.554112325354,0.554112325354,0.529236006466,0.5220188028380001,0.515722944354,0.422513527286,0.39894244735199996,0.364622340738,0.31072364981399997,0.250836215454,0.240931755156,0.240931755156,0.059657098074,0.024799540126,0.0,0.0,0.0,0.0,0.0,0.0,0.0,0.0,0.0,0.0,0.0,0.0,0.0,0.0,44.639224896742,45.521932526742006,44.215862436742,40.554652426742,48.113918704142,50.468480736042004,51.302028931742,52.521381665642004,45.734696637592,52.402072948542,55.628382451242,58.252640524242,59.093318060891995,57.379253970891995,52.873882060742,60.461519198641994,65.44336006047999,66.34886128,67.71851913,65.60097854,67.26359223,71.00090392,74.07652435,75.04321196,72.39258876,66.33163744,75.51562928,79.56678074,82.27348693,83.59107667,45.27480728,46.15751491,44.85144482,41.19023481,48.72112068,51.06744889,51.89381439,53.00682819,46.19325185,52.82147371,55.98629233,58.5422272,59.37160513,57.65754104,52.94536005,60.49322958,65.44514455,66.34886128,67.71851913,65.60097854,67.26359223,71.00090392,74.07652435,75.04321196,72.39258876,66.33163744,75.51562928,79.56678074,82.27348693,83.59107667,
0.731278788633,0.731278788633,0.731278788633,0.731278788633,0.699825937509,0.690700727615,0.682740438133,0.5648893231190001,0.535086775912,0.49169349056500006,0.423545646463,0.347825819683,0.3353029252540001,0.3353029252540001,0.106104834193,0.06203201193900002,0.016017655665000005,0.0,0.0,0.0,0.0,0.0,0.0,0.0,0.0,0.0,0.0,0.0,0.0,0.0,0.515002081643,0.515002081643,0.515002081643,0.515002081643,0.49188157804700006,0.48517377762100006,0.47932229214300004,0.39269176323700006,0.37078437248400004,0.338886640671,0.288792216213,0.233131744593,0.22392635890200002,0.22392635890200002,0.055446392883000004,0.023049144017000003,0.0,0.0,0.0,0.0,0.0,0.0,0.0,0.0,0.0,0.0,0.0,0.0,0.0,0.0,45.781870829724,46.449523359724,44.911066449724,40.270020089724,49.317452534444,51.886840554764,52.741428449724005,53.815803153644,45.653051251604,54.352599618764,57.328621787323996,60.248584305724,60.791050515844006,58.777078775844004,53.202929762924,63.112867084044005,67.986146794335,68.91833452,69.97537101,67.51102808,70.27102123,73.60659955,76.97078256,77.94938881,74.500384,66.85672554,78.89201591,82.48683952,85.45966856,86.37691253,47.0281517,47.69580423,46.15734732,41.51630096,50.50916005,53.06271506,53.90349118,54.77338424,46.5589224,55.18317975,58.04095965,60.82954187,61.3502798,59.33630806,53.36448099,63.19794824,68.00216445,68.91833452,69.97537101,67.51102808,70.27102123,73.60659955,76.97078256,77.94938881,74.500384,66.85672554,78.89201591,82.48683952,85.45966856,86.37691253,
1.862793249606,1.862793249606,1.862793249606,1.862793249606,1.7826731098380002,1.75942837793,1.7391510586060002,1.4389478188580003,1.363031513584,1.2524953948300002,1.0789017586660001,0.886019940706,0.8541202554280002,0.8541202554280002,0.270281829526,0.15801472009800005,0.040801923030000006,0.0,0.0,0.0,0.0,0.0,0.0,0.0,0.0,0.0,0.0,0.0,0.0,0.0,0.49892225200999996,0.49892225200999996,0.49892225200999996,0.49892225200999996,0.47652363628999994,0.47002527247,0.46435648700999993,0.38043080959,0.35920742988,0.32830563596999995,0.27977530190999994,0.22585270850999997,0.21693474113999997,0.21693474113999997,0.053715198809999996,0.02232948419,0.0,0.0,0.0,0.0,0.0,0.0,0.0,0.0,0.0,0.0,0.0,0.0,0.0,0.0,46.474171218384,47.160651068384006,45.500050138384005,40.006765148384005,50.261932983872,52.740562019600006,53.772002734384,55.051611521552,45.792369936536,56.5293799792,58.994272159424,61.904142760784,62.628700033432,60.456321153432,54.135863971663994,66.369721025712,70.40565074697,71.56751553,72.65515342,70.00395802,73.99830495,76.53862706,79.73744122,80.94571834,77.25140474,68.2290526,83.07657053,85.77260036,88.74468891,89.68480969,48.83588672,49.52236657,47.86176564,42.36848065,52.52112973,54.97001567,55.97551028,56.87099015,47.51460888,58.11018101,60.35294922,63.01601541,63.69975503,61.52737615,54.459861,66.55006523,70.44645267,71.56751553,72.65515342,70.00395802,73.99830495,76.53862706,79.73744122,80.94571834,77.25140474,68.2290526,83.07657053,85.77260036,88.74468891,89.68480969,
3.0050189209440004,3.0050189209440004,3.0050189209440004,3.0050189209440004,2.8757707953120004,2.83827288232,2.805561936944,2.3212803797920003,2.198813791616,2.02049924792,1.7404616423840003,1.429308747344,1.3778488454720004,1.3778488454720004,0.436012967024,0.2549060255520001,0.06582080472000001,0.0,0.0,0.0,0.0,0.0,0.0,0.0,0.0,0.0,0.0,0.0,0.0,0.0,0.481379283882,0.481379283882,0.481379283882,0.481379283882,0.459768242178,0.45349837205400007,0.44802891088200003,0.36705420523800003,0.34657707621600004,0.316761842754,0.269937919062,0.217911337182,0.209306940948,0.209306940948,0.051826479642,0.021544340958,0.0,0.0,0.0,0.0,0.0,0.0,0.0,0.0,0.0,0.0,0.0,0.0,0.0,0.0,46.648856875174,47.220858835174,45.408453715174,40.009778115173994,50.61786630251,53.046060025626005,54.211250582174,55.543371934970004,46.233885002168,57.720225949326,59.988402618554,62.936819065474,63.636703163579995,61.26827600358,55.421546033333996,68.50374633349,72.13354673527999,73.47170059,74.39352752,71.51497893,76.47803128,78.62587097,81.7215432,83.09942769,78.91886028,70.04506314,85.86051483,88.11165901,91.10590418,91.83064164,50.13525508,50.70725704,48.89485192,43.49617632,53.95340534,56.33783128,57.46484143,58.23170652,48.77927587,60.05748704,61.99880218,64.58403915,65.22385895,62.85543179,55.90938548,68.7801967,72.19936754,73.47170059,74.39352752,71.51497893,76.47803128,78.62587097,81.7215432,83.09942769,78.91886028,70.04506314,85.86051483,88.11165901,91.10590418,91.83064164,
3.819431498328,3.819431498328,3.819431498328,3.819431498328,3.6551548747440004,3.60749437284,3.565918190328,2.9503878785040003,2.794730707392,2.56808981004,2.2121571256080004,1.816676365128,1.7512699316640004,1.7512699316640004,0.5541800912879999,0.3239900076240001,0.08365939164000001,0.0,0.0,0.0,0.0,0.0,0.0,0.0,0.0,0.0,0.0,0.0,0.0,0.0,0.48865255483099995,0.48865255483099995,0.48865255483099995,0.48865255483099995,0.466714986899,0.460350383857,0.454798283331,0.37260011212899996,0.35181358942799995,0.32154787070699997,0.27401647352099995,0.22120380998099998,0.212469407934,0.212469407934,0.052609537910999996,0.021869859389,0.0,0.0,0.0,0.0,0.0,0.0,0.0,0.0,0.0,0.0,0.0,0.0,0.0,0.0,46.756661406841,47.494562866841,45.559319336841,40.138361076841,51.023812798357,53.317776593303,54.509503346341,56.166653299367,46.69842121318,58.270503789253,60.882695320870994,63.747314804891,64.66910047040199,62.141929250401994,56.524058280801,69.697140052987,73.45849643836,74.83384063,76.00059368,72.93745994,77.88216661,80.36336729,83.24142814,84.64006248,80.48860947,71.57535027,87.4369124,90.05877491,92.79497629,93.81438837,51.06474546,51.80264692,49.86740339,44.44644513,55.14568266,57.38562135,58.53021982,59.48964129,49.84496551,61.16014147,63.36886892,65.78519498,66.63283981,64.10566859,57.13084791,70.04299992,73.54215583,74.83384063,76.00059368,72.93745994,77.88216661,80.36336729,83.24142814,84.64006248,80.48860947,71.57535027,87.4369124,90.05877491,92.79497629,93.81438837,
4.380063656031,4.380063656031,4.380063656031,4.380063656031,4.1916738213630005,4.137017511305,4.089338602531,3.3834581726330004,3.204952989784,2.945044791955,2.536866816841,2.083335733381,2.0083286695780003,2.0083286695780003,0.635524966951,0.3715466183730001,0.09593926765500002,0.0,0.0,0.0,0.0,0.0,0.0,0.0,0.0,0.0,0.0,0.0,0.0,0.0,0.531457628296,0.531457628296,0.531457628296,0.531457628296,0.5075983693839999,0.500676238712,0.4946377842959999,0.40523920306399996,0.38263181884799996,0.34971487831199993,0.29801981733599997,0.240580860696,0.23108134094399999,0.23108134094399999,0.057218037576,0.023785619224,0.0,0.0,0.0,0.0,0.0,0.0,0.0,0.0,0.0,0.0,0.0,0.0,0.0,0.0,47.173946825673,48.041431085673,45.680810035673,40.129699995673,51.334005789253,53.784711609983,55.116191913173004,57.021943184303005,46.924399101367996,58.883946889733004,61.553933585823,64.649817205923,65.873047619478,62.798169729478,57.202621975472994,70.81416850240299,74.774900122345,76.32967882,77.68822747,73.99775981,79.17922143,81.65685292,84.74534811,86.33191521,81.65868123,72.53316166,88.8930926,91.50831262,94.64983591,95.897587,52.08546811,52.95295237,50.59233132,45.04122128,56.03327798,58.42240536,59.7001683,60.81064056,50.51198391,62.17870656,64.38882022,66.9737338,68.11245763,65.03757974,57.89536498,71.20950074,74.87083939,76.32967882,77.68822747,73.99775981,79.17922143,81.65685292,84.74534811,86.33191521,81.65868123,72.53316166,88.8930926,91.50831262,94.64983591,95.897587,
4.7466751199670005,4.7466751199670005,4.7466751199670005,4.7466751199670005,4.542517050291001,4.4832860053850005,4.431616370467,3.666653726681001,3.4732076544880006,3.1915451324350004,2.7492026481370004,2.257710998917,2.1764258415460005,2.1764258415460005,0.688718426407,0.4026450818610002,0.10396938733500002,0.0,0.0,0.0,0.0,0.0,0.0,0.0,0.0,0.0,0.0,0.0,0.0,0.0,0.604876559014,0.604876559014,0.604876559014,0.604876559014,0.577721230606,0.569842832858,0.5629701880139999,0.46122151922599997,0.435491007432,0.398026711758,0.33919016687399994,0.27381622811399997,0.263004384396,0.263004384396,0.065122500534,0.027071515666,0.0,0.0,0.0,0.0,0.0,0.0,0.0,0.0,0.0,0.0,0.0,0.0,0.0,0.0,47.23907504101901,48.212542081018995,45.409996641019006,40.337840721019006,51.501236979103,53.771593661757,55.284592641519,57.384593964093,47.33018404808,59.142542965806996,61.976335204989006,64.903411162969,66.459127894058,62.815681774058,57.974674273058994,71.413569042473,75.282456822665,77.06997349,78.58484398,74.24526133,79.88393912,82.51402818,85.32893426,87.16921805,81.93180636,73.57695886,89.68426651,92.46890146,95.56781133,97.00436163,52.59062672,53.56409376,50.76154832,45.6893924,56.62147526,58.8247225,60.2791792,61.51246921,51.23888271,62.73211481,65.06472802,67.43493839,68.89855812,65.255112,58.7285152,71.84328564,75.38642621,77.06997349,78.58484398,74.24526133,79.88393912,82.51402818,85.32893426,87.16921805,81.93180636,73.57695886,89.68426651,92.46890146,95.56781133,97.00436163,
4.568896960272,4.568896960272,4.568896960272,4.568896960272,4.3723852630560005,4.31537261016,4.265638168272,3.5293258212960006,3.3431249230080002,3.07201156296,2.646236218992,2.173152503472,2.0949117351360003,2.0949117351360003,0.662923719312,0.3875647361760001,0.10007540136000002,0.0,0.0,0.0,0.0,0.0,0.0,0.0,0.0,0.0,0.0,0.0,0.0,0.0,0.693928875745,0.693928875745,0.693928875745,0.693928875745,0.6627756326049999,0.653737346015,0.6458528832449999,0.529124373455,0.49960571405999993,0.45662577676499994,0.38912708329499995,0.314128534995,0.30172492892999997,0.30172492892999997,0.07471009234499999,0.031057091155,0.0,0.0,0.0,0.0,0.0,0.0,0.0,0.0,0.0,0.0,0.0,0.0,0.0,0.0,47.919105233983,48.561431523982996,45.561087913983,40.951702853983,51.828594204339,54.073861163825,56.045438978483006,57.752788295249,47.985072062932,59.980415520274995,62.30777270771299,65.197851171533,66.836565345934,62.93864750593399,58.665884338343,72.314443822669,75.56604584864,77.93651214,78.96653466,74.33647876,80.87330273,82.86710066,85.64551751,88.14930787,82.03246745,74.4226241,90.7950073,92.86457023,96.642331,97.47551687,53.18193107,53.82425736,50.82391375,46.21452869,56.8637551,59.04297112,60.95693003,61.81123849,51.8278027,63.50905286,65.34313601,67.68513221,69.23320201,65.33528417,59.40351815,72.73306565,75.66612125,77.93651214,78.96653466,74.33647876,80.87330273,82.86710066,85.64551751,88.14930787,82.03246745,74.4226241,90.7950073,92.86457023,96.642331,97.47551687,
4.199439159819001,4.199439159819001,4.199439159819001,4.199439159819001,4.018818120687,3.9664157204450006,3.9207029883190003,3.2439315639170005,3.0727875546160006,2.8235974172950002,2.4322518325090003,1.9974234049690003,1.9255094727220006,1.9255094727220006,0.609317270899,0.35622482717700016,0.09198293659500002,0.0,0.0,0.0,0.0,0.0,0.0,0.0,0.0,0.0,0.0,0.0,0.0,0.0,0.762400336453,0.762400336453,0.762400336453,0.762400336453,0.728173135537,0.7182430216910001,0.709580581953,0.581334218027,0.548902888764,0.5016820282409999,0.427523092923,0.345124275903,0.331496779242,0.331496779242,0.082081898493,0.034121561407000005,0.0,0.0,0.0,0.0,0.0,0.0,0.0,0.0,0.0,0.0,0.0,0.0,0.0,0.0,48.722769193728,49.436779333728,45.610598123728,41.554659063728,52.546283623776,54.944407127864,56.902813659728004,58.645563678056,48.544759766620004,60.853421474464,62.976929794568,66.014466379128,67.714986888036,62.754999698036,59.100266890608,73.109626561416,76.325244093405,78.67317099,79.8091907,73.96866273,81.7260418,83.49303645,86.49568456,88.98249845,81.62657176,74.9089082,91.75236217,93.5660218,97.55579794,98.51568323,53.68460869,54.39861883,50.57243762,46.51649856,57.29327488,59.62906587,61.53309723,62.47082946,52.16645021,64.17870092,65.83670472,68.35701406,69.97199314,65.01200595,59.79166606,73.49997295,76.41722703,78.67317099,79.8091907,73.96866273,81.7260418,83.49303645,86.49568456,88.98249845,81.62657176,74.9089082,91.75236217,93.5660218,97.55579794,98.51568323,
3.416705958564,3.416705958564,3.416705958564,3.416705958564,3.2697508635720003,3.22711574342,3.189923404564,2.639295363452,2.500050875296,2.2973072720200003,1.9789045662040001,1.625123781964,1.5666138830320002,1.5666138830320002,0.495746663044,0.2898281040120001,0.07483824282000001,0.0,0.0,0.0,0.0,0.0,0.0,0.0,0.0,0.0,0.0,0.0,0.0,0.0,0.808287227692,0.808287227692,0.808287227692,0.808287227692,0.771999980668,0.7614721991240001,0.752288389692,0.616323211028,0.581939924496,0.531876963324,0.453254594772,0.36589640749200003,0.351448707288,0.351448707288,0.087022194252,0.036175249348,0.0,0.0,0.0,0.0,0.0,0.0,0.0,0.0,0.0,0.0,0.0,0.0,0.0,0.0,49.966316883744,50.142027633744,46.802352883744,42.458554543744,53.234812675760004,56.225686857456,58.171664655743996,59.17892403552,49.271798570208,61.436486194656,63.385342239024,67.03686023054401,68.01328657968,63.67873839968001,59.423619892704,73.27357049664,77.09235932718,79.41572654,79.76283269,74.63402456,81.83678996,83.46868311,87.34456665,89.82235844,82.36081789,75.17791965,91.87669715,93.53873037,98.47657689,98.45845935,54.19131007,54.36702082,51.02734607,46.68354773,57.27656352,60.2142748,62.11387645,62.43454261,52.35378937,64.26567043,65.8175014,69.02788042,69.93134917,65.59680099,60.00638875,73.59957385,77.16719757,79.41572654,79.76283269,74.63402456,81.83678996,83.46868311,87.34456665,89.82235844,82.36081789,75.17791965,91.87669715,93.53873037,98.47657689,98.45845935,
2.446001220735,2.446001220735,2.446001220735,2.446001220735,2.340796867155,2.310274616425,2.283648823235,1.8894572021050002,1.78977283004,1.6446297866750001,1.4166870205850002,1.163417280485,1.12153036193,1.12153036193,0.354902340935,0.20748636400500006,0.05357629117500001,0.0,0.0,0.0,0.0,0.0,0.0,0.0,0.0,0.0,0.0,0.0,0.0,0.0,0.93000557006,0.93000557006,0.93000557006,0.93000557006,0.8882538997399999,0.87614076082,0.8655739800599999,0.70913407954,0.66957308328,0.61197124182,0.52150928946,0.42099600905999995,0.40437265883999995,0.40437265883999995,0.10012669085999999,0.04162280714,0.0,0.0,0.0,0.0,0.0,0.0,0.0,0.0,0.0,0.0,0.0,0.0,0.0,0.0,50.043036709205,50.406908389205,47.089487889204996,43.481605179205,53.009731573105,56.397062942755,58.079484596705,59.165170268355,50.08964975668,61.297283481505005,62.686772569955,66.720340530455,67.65412126923,63.34862536922999,59.775099498205,72.535299448855,76.305228308825,78.28399323,78.90588082,73.812245,80.93039197,81.9563328,86.42955696,88.54232286,81.45396023,75.45822798,90.85910038,91.84392314,97.07321225,97.40064636,53.4190435,53.78291518,50.46549468,46.85761197,56.23878234,59.58347832,61.2287074,61.76376155,52.54899567,63.55388451,64.62496888,68.30475382,69.18002429,64.87452839,60.23012853,72.78440862,76.3588046,78.28399323,78.90588082,73.812245,80.93039197,81.9563328,86.42955696,88.54232286,81.45396023,75.45822798,90.85910038,91.84392314,97.07321225,97.40064636,
1.410036604839,1.410036604839,1.410036604839,1.410036604839,1.349389869147,1.331794828545,1.316445963339,1.0892078857770002,1.031743231896,0.948073198395,0.8166719377290002,0.670670536989,0.6465241514820002,0.6465241514820002,0.204589142319,0.11960883983700005,0.030884911695000006,0.0,0.0,0.0,0.0,0.0,0.0,0.0,0.0,0.0,0.0,0.0,0.0,0.0,1.019873371706,1.019873371706,1.019873371706,1.019873371706,0.974087176274,0.960803526982,0.9492156627059999,0.777658745254,0.734274911928,0.6711069200819999,0.5719034966459999,0.461677470606,0.44344778168399995,0.44344778168399995,0.109802079786,0.045644880014,0.0,0.0,0.0,0.0,0.0,0.0,0.0,0.0,0.0,0.0,0.0,0.0,0.0,0.0,50.055086313455,50.294953823455,47.519250113455,44.516128873455,52.238754944579,55.960898664473,57.892444363955,58.681839298968995,50.882144846176004,60.522695481523,61.309840105625,65.647754222405,66.729099346834,63.120796736833995,60.029399997895,71.00206675014901,74.623491128305,76.91517528,77.35359463,73.05703957,79.13232038,79.51310924,84.50033601,86.9941351,80.62056907,75.60062823,88.84043762,89.1059378,95.37585945,95.48451949,52.48499629,52.7248638,49.94916009,46.94603885,54.56223199,58.25349702,60.15810599,60.54870593,52.64816299,62.1418756,62.69841554,66.78010223,67.81907128,64.21076867,60.34379122,71.16732047,74.65437604,76.91517528,77.35359463,73.05703957,79.13232038,79.51310924,84.50033601,86.9941351,80.62056907,75.60062823,88.84043762,89.1059378,95.37585945,95.48451949,
0.5388542697690001,0.5388542697690001,0.5388542697690001,0.5388542697690001,0.515677742037,0.508953687695,0.503088023269,0.4162475767670001,0.39428710141600004,0.362312077045,0.31209626695900006,0.25630092241900004,0.24707323082200006,0.24707323082200006,0.078185014849,0.04570926302700002,0.011802861345000004,0.0,0.0,0.0,0.0,0.0,0.0,0.0,0.0,0.0,0.0,0.0,0.0,0.0,0.993011993603,0.993011993603,0.993011993603,0.993011993603,0.948431712887,0.935497927741,0.9242152641029999,0.757176804877,0.714935612964,0.653431336791,0.5568407285729999,0.449517830553,0.431768274342,0.431768274342,0.106910117643,0.044442687257,0.0,0.0,0.0,0.0,0.0,0.0,0.0,0.0,0.0,0.0,0.0,0.0,0.0,0.0,49.881311086627996,50.218429006628,48.294392336628,45.876523346628,52.377672555076,55.659386784564,57.502287862628,58.256096798356005,52.05744873562,59.887956626164,61.001596864468,64.756348517028,65.886659294836,63.373934524836,60.752995387508,69.659161169716,73.16923593865499,75.34445704,75.92378763,72.87728041,77.55561057,78.46320317,82.83268438,85.21759003,80.4221996,76.34518536,87.07029378,87.92936622,93.42814755,93.71957974,51.41317735,51.75029527,49.8262586,47.40838961,53.84178201,57.1038384,58.92959115,59.42952118,53.16667145,60.90370004,61.87053386,65.46216727,66.5655008,64.05277603,60.93809052,69.74931312,73.1810388,75.34445704,75.92378763,72.87728041,77.55561057,78.46320317,82.83268438,85.21759003,80.4221996,76.34518536,87.07029378,87.92936622,93.42814755,93.71957974,
0.069892770996,0.069892770996,0.069892770996,0.069892770996,0.066886630308,0.06601447837999999,0.065253664996,0.053989915628000006,0.051141504544,0.04699414378,0.040480838956,0.033243833596,0.032046944248,0.032046944248,0.010141085715999998,0.005928777468000001,0.0015309049800000002,0.0,0.0,0.0,0.0,0.0,0.0,0.0,0.0,0.0,0.0,0.0,0.0,0.0,0.9530793294400001,0.9530793294400001,0.9530793294400001,0.9530793294400001,0.91029178576,0.8978781156800001,0.88704916944,0.72672794096,0.68618542272,0.6271544596799999,0.53444811504,0.43144106544,0.41440528416,0.41440528416,0.10261086864,0.04265548336,0.0,0.0,0.0,0.0,0.0,0.0,0.0,0.0,0.0,0.0,0.0,0.0,0.0,0.0,50.573305399564,50.992911039564,50.440362249564,48.588279389564,54.044106633932,56.34854056594,58.187157015564004,58.953801773412,54.899768732736,61.16789990654,62.650992486004,65.236609290964,66.460669611592,65.710821491592,63.656866855644,70.775362439172,73.44683109502,75.61278477,76.31343637,75.27171322,78.75051644,80.18208362,83.1352641,85.52107941,83.06452589,79.8926144,88.41179318,89.85562035,93.76087757,94.20055832,51.5962775,52.01588314,51.46333435,49.61125149,55.02128505,57.31243316,59.13945985,59.73451963,55.63709566,61.84204851,63.22592144,65.70129419,66.90712184,66.15727372,63.76961881,70.8239467,73.448362,75.61278477,76.31343637,75.27171322,78.75051644,80.18208362,83.1352641,85.52107941,83.06452589,79.8926144,88.41179318,89.85562035,93.76087757,94.20055832,
0.0008267392170000001,0.0008267392170000001,0.0008267392170000001,0.0008267392170000001,0.0007911805410000001,0.000780864135,0.000771864717,0.000638629431,0.000604936488,0.0005558786850000001,0.000478834887,0.000393230667,0.00037907304600000004,0.00037907304600000004,0.00011995565699999999,7.012961100000002e-05,1.8108585000000004e-05,0.0,0.0,0.0,0.0,0.0,0.0,0.0,0.0,0.0,0.0,0.0,0.0,0.0,0.909699407491,0.909699407491,0.909699407491,0.909699407491,0.8688593620389999,0.857010706877,0.846674645991,0.693650525069,0.6549533215079999,0.598609184727,0.5101224195809999,0.41180379164099995,0.395543403174,0.395543403174,0.097940479371,0.040713995929,0.0,0.0,0.0,0.0,0.0,0.0,0.0,0.0,0.0,0.0,0.0,0.0,0.0,0.0,51.732603043292,51.612043713291996,51.281364293292,50.275157333292,55.212253727420006,57.892763538988,59.491910829292,59.6221044355,56.747201862004005,62.636946356588,63.934096295532,66.937718037692,67.16294164378,66.69792649378,65.695311554972,72.37969825446,75.291359371415,77.14691428,77.05680556,76.33731975,80.52573535,81.72771563,85.22134981,87.25624116,84.2404537,82.428037,90.40479964,91.58772454,95.66321895,95.11816597,52.64312919,52.52256986,52.19189044,51.18568348,56.08190427,58.75055511,60.33935734,60.31639359,57.40276012,63.23611142,64.44469755,67.34991506,67.55886412,67.09384897,65.79337199,72.42048238,75.29137748,77.14691428,77.05680556,76.33731975,80.52573535,81.72771563,85.22134981,87.25624116,84.2404537,82.428037,90.40479964,91.58772454,95.66321895,95.11816597,
0.0,0.0,0.0,0.0,0.0,0.0,0.0,0.0,0.0,0.0,0.0,0.0,0.0,0.0,0.0,0.0,0.0,0.0,0.0,0.0,0.0,0.0,0.0,0.0,0.0,0.0,0.0,0.0,0.0,0.0,0.8860001435039999,0.8860001435039999,0.8860001435039999,0.8860001435039999,0.846224052816,0.8346840758880001,0.824617287504,0.675579713136,0.637890639552,0.583014366288,0.49683283646399995,0.401075581104,0.385238804256,0.385238804256,0.09538895822400001,0.039653324976,0.0,0.0,0.0,0.0,0.0,0.0,0.0,0.0,0.0,0.0,0.0,0.0,0.0,0.0,51.701656796496,51.478002886496,50.225282396496,49.920023156496,54.707953997184,57.893463844112,59.451157962496005,59.458717316863996,56.339095300448,62.534904213712004,63.341445273535996,66.92315252889601,66.969663575744,65.319464405744,65.20997307177599,72.245469965024,75.2626617,77.06562136,76.82416932,74.75679239,80.37522696,80.95866438,85.18884679,87.16429562,82.49629577,81.81664254,90.23582656,90.72589139,95.56241463,94.83100207,52.58765694,52.36400303,51.11128254,50.8060233,55.55417805,58.72814792,60.27577525,60.13429703,56.97698594,63.11791858,63.83827811,67.32422811,67.35490238,65.70470321,65.30536203,72.28512329,75.2626617,77.06562136,76.82416932,74.75679239,80.37522696,80.95866438,85.18884679,87.16429562,82.49629577,81.81664254,90.23582656,90.72589139,95.56241463,94.83100207,
0.0,0.0,0.0,0.0,0.0,0.0,0.0,0.0,0.0,0.0,0.0,0.0,0.0,0.0,0.0,0.0,0.0,0.0,0.0,0.0,0.0,0.0,0.0,0.0,0.0,0.0,0.0,0.0,0.0,0.0,0.794596917891,0.794596917891,0.794596917891,0.794596917891,0.758924283639,0.748574815677,0.739546556391,0.605884278669,0.5720833567079999,0.5228683335269999,0.445577625981,0.359699062041,0.34549606877399996,0.34549606877399996,0.085548261771,0.035562533529,0.0,0.0,0.0,0.0,0.0,0.0,0.0,0.0,0.0,0.0,0.0,0.0,0.0,0.0,50.683168532109,50.653832632109,48.617271502109,48.646239432109,53.038108916361004,56.595907124323,58.264075233609,58.476977331331,54.873898333292004,61.043270326473,61.373534594019,65.378334917959,65.831720131226,63.174572061226,63.465021288228996,70.472401346471,73.4894339,75.43910895,75.48091502,72.27118173,78.39916903,78.39799109,83.18175287,85.32464512,79.75335207,79.6181825,88.01734174,87.85628665,93.5455172,93.17290213,51.47776545,51.44842955,49.41186842,49.44083635,53.7970332,57.34448194,59.00362179,59.08286161,55.44598169,61.56613866,61.81911222,65.73803398,66.1772162,63.52006813,63.55056955,70.50796388,73.4894339,75.43910895,75.48091502,72.27118173,78.39916903,78.39799109,83.18175287,85.32464512,79.75335207,79.6181825,88.01734174,87.85628665,93.5455172,93.17290213,
0.0,0.0,0.0,0.0,0.0,0.0,0.0,0.0,0.0,0.0,0.0,0.0,0.0,0.0,0.0,0.0,0.0,0.0,0.0,0.0,0.0,0.0,0.0,0.0,0.0,0.0,0.0,0.0,0.0,0.0,0.7381072937909999,0.7381072937909999,0.7381072937909999,0.7381072937909999,0.704970704739,0.6953570029770001,0.6869705822909999,0.5628106467690001,0.5314127059079999,0.485696485827,0.413900542881,0.334127272941,0.320934001374,0.320934001374,0.079466449671,0.033034315629,0.0,0.0,0.0,0.0,0.0,0.0,0.0,0.0,0.0,0.0,0.0,0.0,0.0,0.0,47.03784238620899,47.253286316209,52.241649166208994,52.880984086209,52.973790895261004,56.198362107023,54.07364384770899,54.550025483230996,59.600320054092,61.075867654173,61.269303717118994,64.887165397059,61.409557248626,67.785734458626,68.841774510329,70.469690634371,72.91176184,70.01420986,70.40903549,77.48967465,78.39334376,78.22563483,82.52789322,79.18886759,85.51211086,86.34673111,88.01080183,87.66313653,86.81856883,86.91222372,47.77594968,47.99139361,52.97975646,53.61909138,53.6787616,56.89371911,54.76061443,55.11283613,60.13173276,61.56156414,61.68320426,65.22129267,61.73049125,68.10666846,68.92124096,70.50272495,72.91176184,70.01420986,70.40903549,77.48967465,78.39334376,78.22563483,82.52789322,79.18886759,85.51211086,86.34673111,88.01080183,87.66313653,86.81856883,86.91222372,
0.0,0.0,0.0,0.0,0.0,0.0,0.0,0.0,0.0,0.0,0.0,0.0,0.0,0.0,0.0,0.0,0.0,0.0,0.0,0.0,0.0,0.0,0.0,0.0,0.0,0.0,0.0,0.0,0.0,0.0,0.663667576159,0.663667576159,0.663667576159,0.663667576159,0.6338728838109999,0.625228744673,0.6176881126589999,0.506049975281,0.47781858469199995,0.43671294432299995,0.372157777569,0.30042981450899997,0.28856711292599996,0.28856711292599996,0.071452086279,0.029702733421,0.0,0.0,0.0,0.0,0.0,0.0,0.0,0.0,0.0,0.0,0.0,0.0,0.0,0.0,45.438136813841,45.279965683841,50.495643923841,50.986072473841,50.958083406189,54.344032605326994,52.224027257341,52.255158664719,57.445362985307995,59.020901975677,58.913061982430996,62.714720865490996,58.807925777074,65.477878407074,66.318411813721,68.06349681657899,70.44548598,67.56080054,67.40472951,74.8270409,75.71414585,75.18454995,79.73634704,76.41396366,82.57381704,83.17534112,85.00291435,84.25516114,83.77630803,83.20373785,46.10180439,45.94363326,51.1593115,51.64974005,51.59195629,54.96926135,52.84171537,52.76120864,57.92318157,59.45761492,59.28521976,63.01515068,59.09649289,65.76644552,66.3898639,68.09319955,70.44548598,67.56080054,67.40472951,74.8270409,75.71414585,75.18454995,79.73634704,76.41396366,82.57381704,83.17534112,85.00291435,84.25516114,83.77630803,83.20373785,
0.0,0.0,0.0,0.0,0.0,0.0,0.0,0.0,0.0,0.0,0.0,0.0,0.0,0.0,0.0,0.0,0.0,0.0,0.0,0.0,0.0,0.0,0.0,0.0,0.0,0.0,0.0,0.0,0.0,0.0,0.583545683483,0.583545683483,0.583545683483,0.583545683483,0.557347983407,0.5497474161010001,0.543117133983,0.444956615797,0.420133486404,0.383990363151,0.327228679653,0.264160142433,0.253729576662,0.253729576662,0.06282596592300001,0.026116842977000003,0.0,0.0,0.0,0.0,0.0,0.0,0.0,0.0,0.0,0.0,0.0,0.0,0.0,0.0,44.312622866516996,44.118104196516995,48.871084446516996,49.553870246517,49.532041506593,52.688497073899,50.916702956017,50.889970744203005,55.807035203596,57.292358656849004,57.231365280347006,60.766603527567,57.245221793338,63.321309703337995,64.383117374077,66.027106927023,68.22711301,65.79397767,65.58259339,72.33372622,73.44585732,72.99487123,77.22539897,74.41561643,79.82237174,80.73993537,82.45634748,81.80130948,81.58542373,80.95451087,44.89616855,44.70164988,49.45463013,50.13741593,50.08938949,53.23824449,51.45982009,51.33492736,56.22716869,57.67634902,57.55859396,61.03076367,57.49895137,63.57503928,64.44594334,66.05322377,68.22711301,65.79397767,65.58259339,72.33372622,73.44585732,72.99487123,77.22539897,74.41561643,79.82237174,80.73993537,82.45634748,81.80130948,81.58542373,80.95451087,
0.0,0.0,0.0,0.0,0.0,0.0,0.0,0.0,0.0,0.0,0.0,0.0,0.0,0.0,0.0,0.0,0.0,0.0,0.0,0.0,0.0,0.0,0.0,0.0,0.0,0.0,0.0,0.0,0.0,0.0,0.51075127586,0.51075127586,0.51075127586,0.51075127586,0.48782160793999996,0.48116917342000004,0.47536598585999995,0.38945050174,0.36772393368,0.33608948442,0.28640853726,0.23120748485999998,0.22207808004,0.22207808004,0.05498874066,0.02285889734,0.0,0.0,0.0,0.0,0.0,0.0,0.0,0.0,0.0,0.0,0.0,0.0,0.0,0.0,43.109928104139996,43.37170277414,48.01290349414,48.46545245414,48.46075498206,51.68878663658,49.52249320414,50.00472056826,54.55719027632,55.94370528558,55.96125735274,59.57490133514,56.22315599996,62.15617143996,62.89834842934,64.43097600266,66.85805485,63.92478686,64.38073648,70.9720556,71.6674659,71.33237361,75.67577949,72.30148697,78.31972858,78.86995071,80.45977931,79.93824047,79.2676018,79.47095047,43.62067938,43.88245405,48.52365477,48.97620373,48.94857659,52.16995581,49.99785919,50.39417107,54.92491421,56.27979477,56.24766589,59.80610882,56.44523408,62.37824952,62.95333717,64.4538349,66.85805485,63.92478686,64.38073648,70.9720556,71.6674659,71.33237361,75.67577949,72.30148697,78.31972858,78.86995071,80.45977931,79.93824047,79.2676018,79.47095047,
0.0,0.0,0.0,0.0,0.0,0.0,0.0,0.0,0.0,0.0,0.0,0.0,0.0,0.0,0.0,0.0,0.0,0.0,0.0,0.0,0.0,0.0,0.0,0.0,0.0,0.0,0.0,0.0,0.0,0.0,0.40080297280099997,0.40080297280099997,0.40080297280099997,0.40080297280099997,0.382809324029,0.37758894444700003,0.37303499630099995,0.305614349359,0.288564811788,0.263740240797,0.22475400179099997,0.181435958451,0.174271820514,0.174271820514,0.043151435481,0.017938112819,0.0,0.0,0.0,0.0,0.0,0.0,0.0,0.0,0.0,0.0,0.0,0.0,0.0,0.0,42.517957127199,43.087731167198996,47.394850377199,48.068700317198996,48.168515615971,51.209546745553,48.820286943698996,49.636183030641,54.068104498212,55.577197349203004,55.566423068209005,58.956544961549,55.764269959486,61.268115489486,62.258879984519,63.933300287181,66.11114566,62.89614537,63.8028095,69.90726033,71.10861913,70.75346193,74.83036251,71.13805237,77.14469603,78.05397407,79.83237206,79.2894862,77.99207242,78.75756306,42.9187601,43.48853414,47.79565335,48.46950329,48.55132494,51.58713569,49.19332194,49.94179738,54.35666931,55.84093759,55.79117707,59.13798092,55.93854178,61.44238731,62.30203142,63.9512384,66.11114566,62.89614537,63.8028095,69.90726033,71.10861913,70.75346193,74.83036251,71.13805237,77.14469603,78.05397407,79.83237206,79.2894862,77.99207242,78.75756306,
0.0,0.0,0.0,0.0,0.0,0.0,0.0,0.0,0.0,0.0,0.0,0.0,0.0,0.0,0.0,0.0,0.0,0.0,0.0,0.0,0.0,0.0,0.0,0.0,0.0,0.0,0.0,0.0,0.0,0.0,0.361991231427,0.361991231427,0.361991231427,0.361991231427,0.345739996983,0.34102513266900003,0.336912165927,0.276020194893,0.260621648676,0.238200964119,0.202989956157,0.163866613977,0.157396215078,0.157396215078,0.038972867787,0.016201076313000003,0.0,0.0,0.0,0.0,0.0,0.0,0.0,0.0,0.0,0.0,0.0,0.0,0.0,0.0,41.964456258573,43.232459688573,47.535164118573,48.156013868573005,48.146850433017,50.476541377330996,48.177503284073,49.787410955107,54.150440561324,55.653216195881,55.520694253843004,58.091902746023,55.917384474921995,61.415474204922,62.325402102213,63.992848513687,65.12490947,62.02812915,63.95820191,70.05572001,71.1729005,70.66786858,73.71405435,70.15629135,77.3085256,78.13208006,79.90453961,79.19356648,76.91572054,78.94937794,42.32644749,43.59445092,47.89715535,48.5180051,48.49259043,50.81756651,48.51441545,50.06343115,54.41106221,55.89141716,55.72368421,58.25576936,56.07478069,61.57287042,62.36437497,64.00904959,65.12490947,62.02812915,63.95820191,70.05572001,71.1729005,70.66786858,73.71405435,70.15629135,77.3085256,78.13208006,79.90453961,79.19356648,76.91572054,78.94937794,
0.0,0.0,0.0,0.0,0.0,0.0,0.0,0.0,0.0,0.0,0.0,0.0,0.0,0.0,0.0,0.0,0.0,0.0,0.0,0.0,0.0,0.0,0.0,0.0,0.0,0.0,0.0,0.0,0.0,0.0,0.31276858505199995,0.31276858505199995,0.31276858505199995,0.31276858505199995,0.298727152108,0.294653403044,0.29109970705199995,0.238487671268,0.22518298017599997,0.20581100324399998,0.175387898532,0.141584448852,0.135993878328,0.135993878328,0.033673436412,0.013998095188,0.0,0.0,0.0,0.0,0.0,0.0,0.0,0.0,0.0,0.0,0.0,0.0,0.0,0.0,41.404082224948,44.902089674948,48.089208684948005,49.075062924948,48.989611807892,50.370631016956,47.524598312948,51.685803058732006,55.161355829824,56.540497326756,56.462704871468,57.939613181148,58.023088471672,62.085836471671996,63.448764403588,64.974106484812,64.92975338,61.13478364,66.33553063,70.79408667,72.26153069,71.82750662,73.49315966,69.14588191,78.1233347,79.53282492,81.1267252,80.49310861,75.80796002,81.88392922,41.71685081,45.21485826,48.40197727,49.38783151,49.28833896,50.66528442,47.81569802,51.92429073,55.38653881,56.74630833,56.63809277,58.08119763,58.15908235,62.22183035,63.48243784,64.98810458,64.92975338,61.13478364,66.33553063,70.79408667,72.26153069,71.82750662,73.49315966,69.14588191,78.1233347,79.53282492,81.1267252,80.49310861,75.80796002,81.88392922,
0.055437222717,0.055437222717,0.055437222717,0.055437222717,0.053052826041000006,0.052361056635,0.051757598217,0.04282346993100001,0.04056418048800001,0.037274596185,0.032108403387,0.026368189167,0.025418846046000004,0.025418846046000004,0.008043659157,0.0047025601110000015,0.0012142760850000003,0.0,0.0,0.0,0.0,0.0,0.0,0.0,0.0,0.0,0.0,0.0,0.0,0.0,0.27443754639699997,0.27443754639699997,0.27443754639699997,0.27443754639699997,0.262116947113,0.258542452259,0.25542427589699995,0.209260055123,0.19758590703599999,0.18058804320899996,0.15389341142699997,0.12423270944699999,0.11932728565799999,0.11932728565799999,0.029546622356999997,0.012282572742999999,0.0,0.0,0.0,0.0,0.0,0.0,0.0,0.0,0.0,0.0,0.0,0.0,0.0,0.0,40.629826130886,46.450294310886,48.791647640886,50.106602580886,49.891270686846006,50.633977971106,46.640673745886,53.469794474946,56.324404392476005,57.779333700606,57.507097455186,58.251118611386,60.02776816829601,63.002075678296,64.792762468486,66.403685607146,65.28685484391501,60.02520334,68.63202624,71.84651353,73.85442871,73.16544869,73.89873267,67.89090227,79.28471836,81.22153576,82.91504326,81.99246618,74.4320654,84.7187009,40.9597009,46.78016908,49.12152241,50.43647735,50.20644046,50.94488148,46.94785562,53.721878,56.56255448,57.99719634,57.69309927,58.40171951,60.1725143,63.14682181,64.83035275,66.42067074,65.28806912,60.02520334,68.63202624,71.84651353,73.85442871,73.16544869,73.89873267,67.89090227,79.28471836,81.22153576,82.91504326,81.99246618,74.4320654,84.7187009,
0.7257293405280001,0.7257293405280001,0.7257293405280001,0.7257293405280001,0.6945151753440001,0.68545921384,0.677559332528,0.5606025531040001,0.531026168192,0.48796218104000005,0.42033148980800006,0.345186277328,0.3327584152640001,0.3327584152640001,0.105299637488,0.06156127022400002,0.015896102640000003,0.0,0.0,0.0,0.0,0.0,0.0,0.0,0.0,0.0,0.0,0.0,0.0,0.0,0.297887679544,0.297887679544,0.297887679544,0.297887679544,0.28451430997599997,0.280634381768,0.277249763544,0.227140903496,0.21446922307199998,0.19601892616799999,0.16704329210399999,0.13484814314399998,0.129523560816,0.129523560816,0.032071321464,0.013332093736,0.0,0.0,0.0,0.0,0.0,0.0,0.0,0.0,0.0,0.0,0.0,0.0,0.0,0.0,40.025037079928,47.556662049928,49.581723199928,50.871678369928,50.82755055468,50.922399694392,46.095004353928005,55.0013628434,57.453066978736,59.006537542792,58.944472878088,59.003414019527995,62.02568235392,64.59202099391999,66.568126391048,68.28503669604,66.48145235736,60.15556156,71.27299993,74.01678699,76.01072867,75.49731943,75.26750054,68.03834263,81.67967827,83.57077678,85.33588257,84.60566458,74.59371136,87.97869296,41.0486541,48.58027907,50.60534022,51.89529539,51.80658004,51.88849329,47.04981345,55.7891063,58.19856237,59.69051865,59.53184766,59.48344844,62.48796433,65.05430297,66.70549735,68.35993006,66.49734846,60.15556156,71.27299993,74.01678699,76.01072867,75.49731943,75.26750054,68.03834263,81.67967827,83.57077678,85.33588257,84.60566458,74.59371136,87.97869296,
1.965091404672,1.965091404672,1.965091404672,1.965091404672,1.8805713442560001,1.85605009216,1.834659212672,1.5179698504960002,1.4378844846080001,1.3212781049600002,1.1381513073920002,0.9346770878720001,0.9010255823360002,0.9010255823360002,0.285124771712,0.16669234137600006,0.04304262336000001,0.0,0.0,0.0,0.0,0.0,0.0,0.0,0.0,0.0,0.0,0.0,0.0,0.0,0.328120666839,0.328120666839,0.328120666839,0.328120666839,0.313390017531,0.30911631063300005,0.305388183339,0.250193713401,0.236235968532,0.215913128283,0.183996721449,0.148534047189,0.142669066446,0.142669066446,0.035326279359000005,0.014685184341000001,0.0,0.0,0.0,0.0,0.0,0.0,0.0,0.0,0.0,0.0,0.0,0.0,0.0,0.0,39.533607368489,48.493689608489,50.331451428489,51.427008438489,51.646543978213,51.339601937207,45.801696253989,56.555006066103005,58.57102470686,60.319757686757,60.546918791159,60.253087674939,64.28260981121801,66.606493811218,68.730779898929,70.65963370428301,68.52563222664,61.29593935,74.5103756,76.97030574,78.76949081,78.4613427,77.61200846,69.32815545,84.93897216,86.50958672,88.43309538,87.92728129,76.00779527,91.97487778,41.82681944,50.78690168,52.6246635,53.72022051,53.84050534,53.50476834,47.94174365,58.32316963,60.24514516,61.85694892,61.86906682,61.33629881,65.32630446,67.65018846,69.05123095,70.84101123,68.56867485,61.29593935,74.5103756,76.97030574,78.76949081,78.4613427,77.61200846,69.32815545,84.93897216,86.50958672,88.43309538,87.92728129,76.00779527,91.97487778,
3.2470995671370004,3.2470995671370004,3.2470995671370004,3.2470995671370004,3.1074393707010004,3.066920671735,3.0315745726370005,2.5082798859910005,2.3759475393680005,2.183268194285,1.8806711020070004,1.5444521105870002,1.4888466620060004,1.4888466620060004,0.47113763797700003,0.27544094297100014,0.07112324818500002,0.0,0.0,0.0,0.0,0.0,0.0,0.0,0.0,0.0,0.0,0.0,0.0,0.0,0.351417077886,0.351417077886,0.351417077886,0.351417077886,0.335640559494,0.331063421442,0.327070598886,0.267957347874,0.253008609768,0.231242857542,0.197060401026,0.159079893786,0.152798502204,0.152798502204,0.037834428366000004,0.015727825434,0.0,0.0,0.0,0.0,0.0,0.0,0.0,0.0,0.0,0.0,0.0,0.0,0.0,0.0,39.30263690497699,48.964906214977006,50.097883884976994,51.32265713497699,51.403955179805,51.584577116823,45.814496198477,57.587071536135,58.963011560864,60.625263908173004,60.947956286967,61.326865255627,65.96976745578999,67.38628535579,70.085947663657,71.904461371595,70.391407081815,62.87034349,77.11674173,78.53785831,80.27571779,79.92815058,79.75563932,71.10886942,86.66881204,88.44356931,90.1241094,89.57105165,77.96007775,95.19215059,42.90115355,52.56342286,53.69640053,54.92117378,54.84703511,54.98256121,49.17314137,60.36330877,61.59196771,63.03977496,63.02568779,63.03039726,67.61141262,69.02793052,70.59491973,72.19563014,70.46253033,62.87034349,77.11674173,78.53785831,80.27571779,79.92815058,79.75563932,71.10886942,86.66881204,88.44356931,90.1241094,89.57105165,77.96007775,95.19215059,
4.191954687405,4.191954687405,4.191954687405,4.191954687405,4.011655561065001,3.9593465552750002,3.9137152949050003,3.2381500499150007,3.0673110629200004,2.8185650460250002,2.427916938955,1.9938634866550002,1.9220777233900004,1.9220777233900004,0.608231312005,0.3555899436150001,0.09181899952500003,0.0,0.0,0.0,0.0,0.0,0.0,0.0,0.0,0.0,0.0,0.0,0.0,0.0,0.34691545248499994,0.34691545248499994,0.34691545248499994,0.34691545248499994,0.331341030065,0.326822524795,0.32288084998499994,0.26452483511499997,0.24976758917999997,0.22828065454499996,0.19453607263499997,0.15704209273499997,0.15084116529,0.15084116529,0.037349772285,0.015526353215,0.0,0.0,0.0,0.0,0.0,0.0,0.0,0.0,0.0,0.0,0.0,0.0,0.0,0.0,39.04744218011,49.08723111011,50.43125675011,51.48518373011,51.65972520887,52.037954589929996,45.72187164511,58.081003104969994,59.5117263279,61.40527534943,61.73125456841001,62.41741957061001,66.90539837131999,68.59241551132001,71.36696551570999,73.44198815317,72.089981640475,63.87442297,78.67581628,80.40084614,82.07421876,81.61232364,81.70165946,72.2445234,88.72467332,90.21961751,92.14325421,91.45841112,79.2051499,97.11665694,43.58631232,53.62610125,54.97012689,56.02405387,56.0027218,56.32412367,49.95846779,61.58367799,62.82880498,64.45212105,64.35370758,64.56832515,68.97831726,70.6653344,72.0125466,73.81310445,72.18180064,63.87442297,78.67581628,80.40084614,82.07421876,81.61232364,81.70165946,72.2445234,88.72467332,90.21961751,92.14325421,91.45841112,79.2051499,97.11665694,
4.749895289142,4.749895289142,4.749895289142,4.749895289142,4.545598717566,4.48632749001,4.434622802142,3.6691412037060003,3.475563896688,3.19371029331,2.7510677215620003,2.259242641842,2.1779023401960003,2.1779023401960003,0.6891856565819999,0.40291823838600016,0.10403992071000003,0.0,0.0,0.0,0.0,0.0,0.0,0.0,0.0,0.0,0.0,0.0,0.0,0.0,0.332919654291,0.332919654291,0.332919654291,0.332919654291,0.317973559239,0.31363734647700003,0.30985469279100003,0.253852966269,0.239691079908,0.219071004327,0.186687798381,0.150706458441,0.144755698374,0.144755698374,0.035842950171000004,0.014899965129000001,0.0,0.0,0.0,0.0,0.0,0.0,0.0,0.0,0.0,0.0,0.0,0.0,0.0,0.0,39.274239706567,49.656796126567,50.802898646567,52.136964966567,51.838285963195,52.441927113513,46.097412265067,58.939427350025,60.454510413403995,61.976540312363,62.219341980057,63.210478719717,68.08794745143,69.51968366143001,72.824487763247,74.468605196485,73.25392046929001,65.00392255,80.30946653,81.74000887,83.26766287,82.63116965,83.03293968,73.52203254,90.20247836,92.14518231,93.48311251,92.60017542,80.60574468,99.13321881,44.35705465,54.73961107,55.88571359,57.21977991,56.70185824,57.24189195,50.84188976,62.86242152,64.16976539,65.38932161,65.1570975,65.62042782,70.41060549,71.8423417,73.54951637,74.8864234,73.35796039,65.00392255,80.30946653,81.74000887,83.26766287,82.63116965,83.03293968,73.52203254,90.20247836,92.14518231,93.48311251,92.60017542,80.60574468,99.13321881,
5.000451599889001,5.000451599889001,5.000451599889001,5.000451599889001,4.785378412797001,4.722980636295,4.668548533389,3.8626878879270006,3.658899405096,3.3621780636450005,2.8961861582790003,2.378417374539,2.2927863833820004,2.2927863833820004,0.725540103369,0.4241721189870002,0.10952801194500003,0.0,0.0,0.0,0.0,0.0,0.0,0.0,0.0,0.0,0.0,0.0,0.0,0.0,0.34970675714099997,0.34970675714099997,0.34970675714099997,0.34970675714099997,0.334007021889,0.32945216042700004,0.325478770641,0.266653219419,0.251777235708,0.23011741577699998,0.19610132273099998,0.158305663791,0.15205484327399998,0.15205484327399998,0.037650291021,0.015651279279,0.0,0.0,0.0,0.0,0.0,0.0,0.0,0.0,0.0,0.0,0.0,0.0,0.0,0.0,39.72697734297,50.40356138297,51.43089179297,52.91920054297,52.021315205313996,52.539105463278,46.67321665597,59.897672672654004,61.43615089919601,62.431372310578006,62.569091508990006,63.484529061669996,69.270194543344,70.548475763344,74.13544033561,75.173078191734,73.696519248055,66.05917956,81.79728358,83.04955319,84.07544802,83.27069122,83.54012349,74.71557036,91.64759863,93.83539585,94.38999843,93.31685182,81.91427767,100.9697656,45.0771357,55.75371974,56.78105015,58.2693589,57.14070064,57.59153826,51.66724396,64.02701378,65.34682754,66.02366779,65.66137899,66.0212521,71.71503577,72.99331699,74.89863073,75.61290159,73.80604726,66.05917956,81.79728358,83.04955319,84.07544802,83.27069122,83.54012349,74.71557036,91.64759863,93.83539585,94.38999843,93.31685182,81.91427767,100.9697656,
4.874685234552,4.874685234552,4.874685234552,4.874685234552,4.665021353496001,4.60419294356,4.551129862552,3.7655374193360007,3.5668744209280003,3.2776159183600004,2.823344176072,2.3185977957520003,2.2351205097760003,2.2351205097760003,0.707292043192,0.41350376541600015,0.10677327276000002,0.0,0.0,0.0,0.0,0.0,0.0,0.0,0.0,0.0,0.0,0.0,0.0,0.0,0.385224269997,0.385224269997,0.385224269997,0.385224269997,0.367930011513,0.36291254145900004,0.358535599497,0.29373550752300004,0.277348663836,0.25348899240899997,0.216018099027,0.174383773047,0.167498096058,0.167498096058,0.041474193957,0.017240881143,0.0,0.0,0.0,0.0,0.0,0.0,0.0,0.0,0.0,0.0,0.0,0.0,0.0,0.0,40.435747865451,51.045732995451,51.892061275451,53.489176975451,52.540919104991005,52.242257034981,47.466525717951,60.601563423140995,62.040600345235994,62.786841659231,63.119779744901,63.090155461201,70.022345764166,71.067525194166,74.766499712851,75.51917657344099,73.20949924724,66.96560437,82.60701937,83.59207209,84.45018667,83.90194618,82.98575371,75.74077302,92.24628401,94.60793614,94.81071079,94.02426429,83.03825671,101.9692955,45.69565737,56.3056425,57.15197078,58.74908648,57.57387047,57.20936252,52.37619118,64.66083635,65.88482343,66.31794657,66.15914202,65.58313703,72.42496437,73.4701438,75.51526595,75.94992122,73.31627252,66.96560437,82.60701937,83.59207209,84.45018667,83.90194618,82.98575371,75.74077302,92.24628401,94.60793614,94.81071079,94.02426429,83.03825671,101.9692955,
4.381656546546,4.381656546546,4.381656546546,4.381656546546,4.193198200458,4.13852201363,4.090825765546,3.384688629278,3.2061185297440002,2.94611581153,2.537789395006,2.084093376646,2.009059035148,2.009059035148,0.635756087266,0.3716817381180001,0.09597415773000001,0.0,0.0,0.0,0.0,0.0,0.0,0.0,0.0,0.0,0.0,0.0,0.0,0.0,0.433260766337,0.433260766337,0.433260766337,0.433260766337,0.41380995737299997,0.408166821439,0.403244085837,0.330363585583,0.31193334375599996,0.285098431389,0.24295501196699998,0.196128990387,0.188384686818,0.188384686818,0.046645921497000004,0.019390775603,0.0,0.0,0.0,0.0,0.0,0.0,0.0,0.0,0.0,0.0,0.0,0.0,0.0,0.0,41.030251327117,52.016349637117,52.927365847117,54.355253977117,53.603959122169,52.557252104931,48.053490588616995,61.549405985139,62.8390018465,63.656227997081,64.110496693027,63.182062462967004,70.903622188034,72.031559918034,75.374120551237,76.211057546279,73.08519605227,67.18470862,83.37817244,84.45547949,85.1753903,84.83038232,82.83283312,75.98858868,93.19907921,95.2860397,95.62488391,95.06471125,83.30994895,102.9211993,45.84516864,56.83126695,57.74228316,59.17017129,58.21096728,57.10394094,52.54756044,65.2644582,66.35705372,66.88744224,66.8912411,65.46228483,73.10106591,74.22900364,76.05652256,76.60213006,73.18117021,67.18470862,83.37817244,84.45547949,85.1753903,84.83038232,82.83283312,75.98858868,93.19907921,95.2860397,95.62488391,95.06471125,83.30994895,102.9211993,
3.5781707589210003,3.5781707589210003,3.5781707589210003,3.5781707589210003,3.4242709413330004,3.379620994255,3.3406710404210003,2.7640217239030007,2.618196896744,2.4058721484050003,2.072422543631,1.701922982771,1.6406480553980003,1.6406480553980003,0.519174384641,0.30352464024300013,0.07837490710500002,0.0,0.0,0.0,0.0,0.0,0.0,0.0,0.0,0.0,0.0,0.0,0.0,0.0,0.512036991627,0.512036991627,0.512036991627,0.512036991627,0.48904960278299997,0.48238042206900006,0.47656262612699996,0.39043086669300003,0.36864960627599996,0.33693552351899997,0.28712951435699996,0.231789504177,0.222637117878,0.222637117878,0.055127163987,0.022916440113,0.0,0.0,0.0,0.0,0.0,0.0,0.0,0.0,0.0,0.0,0.0,0.0,0.0,0.0,41.999015369451996,53.056848789452005,54.066476919452,55.397178039452,54.290774575884,53.501667653676,49.010061093452,62.472655219404,63.72595098698,64.736651048076,64.523792132012,63.826317043052,71.643975376724,72.898440926724,75.889964161372,76.95368955964399,73.435648122895,67.54236307,83.84147302,85.06159474,85.92927225,84.82036758,83.20958499,76.39311015,93.86794503,95.79687334,96.47125366,95.05348829,83.75344532,103.493093,46.08922312,57.14705654,58.15668467,59.48738579,58.20409512,57.36366907,52.82729476,65.62710781,66.71279749,67.47945872,66.88334419,65.76002953,73.50726055,74.7617261,76.46426571,77.28013064,73.51402303,67.54236307,83.84147302,85.06159474,85.92927225,84.82036758,83.20958499,76.39311015,93.86794503,95.79687334,96.47125366,95.05348829,83.75344532,103.493093,
2.5553237250420002,2.5553237250420002,2.5553237250420002,2.5553237250420002,2.445417328266,2.41353090451,2.385715088042,1.9739053174060004,1.8697656142880001,1.71813549281,1.4800049664620003,1.215415492742,1.1716564643960004,1.1716564643960004,0.370764480482,0.21675983808600008,0.05597085021000001,0.0,0.0,0.0,0.0,0.0,0.0,0.0,0.0,0.0,0.0,0.0,0.0,0.0,0.622140193157,0.622140193157,0.622140193157,0.622140193157,0.594209831153,0.586106577979,0.579037782657,0.47438512996300003,0.447920249916,0.409386694929,0.348870910587,0.28163115020699997,0.270510728298,0.270510728298,0.06698114591700001,0.027844157183000002,0.0,0.0,0.0,0.0,0.0,0.0,0.0,0.0,0.0,0.0,0.0,0.0,0.0,0.0,43.217066541800996,53.386474421801,54.457850751801,55.777744921800995,53.994709670581,54.173613077511,50.212484019301,62.509170262631,63.798295805795995,64.379953222261,63.710278592951,64.044692687051,71.315038607306,72.649326047306,75.342467173601,75.922373114731,73.21402261979,67.98978175,82.98596984,84.29902439,84.69153531,83.11568808,82.93337104,76.89915854,93.02642645,94.93987001,95.08166858,93.14314838,84.30825054,102.4370683,46.39453046,56.56393834,57.63531467,58.95520884,57.03433683,57.17325056,53.17723689,64.95746071,66.11598167,66.50747541,65.53915447,65.54173933,72.7572058,74.09149324,75.7802128,76.16697711,73.26999347,67.98978175,82.98596984,84.29902439,84.69153531,83.11568808,82.93337104,76.89915854,93.02642645,94.93987001,95.08166858,93.14314838,84.30825054,102.4370683,
1.441678315968,1.441678315968,1.441678315968,1.441678315968,1.379670646464,1.36168076704,1.345987467968,1.1136500890240002,1.054895908352,0.96934829024,0.8349983396480001,0.685720616768,0.661032377984,0.661032377984,0.20918019372799998,0.12229290374400004,0.031577979840000006,0.0,0.0,0.0,0.0,0.0,0.0,0.0,0.0,0.0,0.0,0.0,0.0,0.0,0.7543321418219999,0.7543321418219999,0.7543321418219999,0.7543321418219999,0.7204671544379999,0.710642127234,0.7020713588219999,0.575182177698,0.543094056936,0.49637291693399993,0.42299877760199994,0.341471956122,0.327988674108,0.327988674108,0.081213256782,0.033760465818,0.0,0.0,0.0,0.0,0.0,0.0,0.0,0.0,0.0,0.0,0.0,0.0,0.0,0.0,44.241611702209994,52.89478773221,53.81299919221,54.96922262221,53.178155629098,54.389773205725994,51.17856961321,61.576889033278,62.510603264711996,62.753606792826005,62.26325715275,63.69930012710999,69.873310297908,71.011820507908,73.18900916949,73.39044731043799,72.32704030016001,68.05293134,80.82469946,81.92034515,81.77777688,80.55661991,81.90179709,76.97058325,90.40148469,92.05734156,91.81044422,90.27534242,84.38655689,99.76921729,46.43762216,55.09079819,56.00900965,57.16523308,55.27829343,56.4620961,53.22662844,63.2657213,64.10859323,64.219328,63.52125427,64.7264927,70.86233135,72.00084156,73.47940262,73.54650068,72.35861828,68.05293134,80.82469946,81.92034515,81.77777688,80.55661991,81.90179709,76.97058325,90.40148469,92.05734156,91.81044422,90.27534242,84.38655689,99.76921729,
0.44157952588500005,0.44157952588500005,0.44157952588500005,0.44157952588500005,0.4225868581050001,0.417076639675,0.41226985338500005,0.3411059685550001,0.32310982964000007,0.296906982425,0.25575620223500006,0.21003311313500003,0.20247121763000006,0.20247121763000006,0.064070944085,0.037457761455000016,0.009672191925000002,0.0,0.0,0.0,0.0,0.0,0.0,0.0,0.0,0.0,0.0,0.0,0.0,0.0,0.8885193600429999,0.8885193600429999,0.8885193600429999,0.8885193600429999,0.8486301716469999,0.837057382421,0.8269619705429999,0.677500628837,0.639704391684,0.5846720854709999,0.49824551061299993,0.402215982993,0.38633417650199997,0.38633417650199997,0.095660183283,0.039766073617,0.0,0.0,0.0,0.0,0.0,0.0,0.0,0.0,0.0,0.0,0.0,0.0,0.0,0.0,45.456646834072,51.849183144072,52.864304834071994,54.019571974072,52.264645240248,54.713557307904004,52.387560736072,60.051948682608,61.109696348675996,61.494501932104,60.764994417151996,63.547472463872,67.81477612586801,69.079319435868,70.985972842632,71.35831787492799,71.715344998075,68.56456136,78.02027978,79.26625172,79.43056076,78.01738875,81.18463209,77.54925724,87.47261536,89.13360939,89.17526676,87.42976669,85.02098505,96.30746912,46.78674572,53.17928203,54.19440372,55.34967086,53.53586227,55.96769133,53.62679256,61.07055528,62.07251057,62.376081,61.51899613,64.15972156,68.40358152,69.66812483,71.14570397,71.43554171,71.72501719,68.56456136,78.02027978,79.26625172,79.43056076,78.01738875,81.18463209,77.54925724,87.47261536,89.13360939,89.17526676,87.42976669,85.02098505,96.30746912,
0.031942210032000005,0.031942210032000005,0.031942210032000005,0.031942210032000005,0.030568351536000005,0.030169762960000002,0.029822058032000005,0.024674328976000005,0.023372555648000004,0.021477139760000003,0.018500446352000002,0.015193009232000001,0.014646010016000004,0.014646010016000004,0.004634652272,0.002709554256000001,0.0006996501600000002,0.0,0.0,0.0,0.0,0.0,0.0,0.0,0.0,0.0,0.0,0.0,0.0,0.0,0.954465881131,0.954465881131,0.954465881131,0.954465881131,0.911616089599,0.8991843599570001,0.8883396596309999,0.727785193829,0.6871836938279999,0.628066851807,0.535225636821,0.432068731281,0.415008166134,0.415008166134,0.102760148211,0.042717539089,0.0,0.0,0.0,0.0,0.0,0.0,0.0,0.0,0.0,0.0,0.0,0.0,0.0,0.0,48.674442368837,54.109639068837,55.289497948837,56.437853698837,54.491532148865005,57.236685337083,56.002918912337,62.519289637195,63.688527640524,64.068317898433,63.146127656827005,66.23258170948701,70.43942883385,71.91428869385001,73.70495975951701,74.072014216655,74.54159574984,72.77647495,80.83240032,82.31071527,82.41261681,80.78311685,84.37347336,82.31309973,90.83226948,92.47447439,92.52316763,90.52916499,90.24381497,99.77872316,49.66085046,55.09604716,56.27590604,57.42426179,55.43371659,58.16603946,56.92108063,63.27174916,64.39908389,64.71786189,63.69985374,66.67984345,70.86908301,72.34394287,73.81235456,74.11744131,74.5422954,72.77647495,80.83240032,82.31071527,82.41261681,80.78311685,84.37347336,82.31309973,90.83226948,92.47447439,92.52316763,90.52916499,90.24381497,99.77872316,
0.0,0.0,0.0,0.0,0.0,0.0,0.0,0.0,0.0,0.0,0.0,0.0,0.0,0.0,0.0,0.0,0.0,0.0,0.0,0.0,0.0,0.0,0.0,0.0,0.0,0.0,0.0,0.0,0.0,0.0,0.986841220442,0.986841220442,0.986841220442,0.986841220442,0.9425379704179999,0.929684558374,0.918472007442,0.7524715582779999,0.710492861496,0.6493707850739999,0.5533804100219999,0.446724437742,0.42908518078799995,0.42908518078799995,0.106245757002,0.044166511598,0.0,0.0,0.0,0.0,0.0,0.0,0.0,0.0,0.0,0.0,0.0,0.0,0.0,0.0,50.176663859558,55.087318949558,56.203598949558,57.263436199558,54.818225889581996,57.771594681626,57.724945712558004,63.642532801722,64.61493554850401,64.914109714926,63.522289069978,66.846702202258,71.69812751921201,73.090511879212,74.767857902998,75.041710488402,75.22822832,74.97856987,82.26740749,83.64833849,83.48943919,81.25972025,85.14987209,84.80375703,92.30837562,93.80466756,93.73209681,91.06326803,92.9744425,101.550082,51.16350508,56.07416017,57.19044017,58.25027742,55.76076386,58.70127924,58.64341772,64.39500436,65.32542841,65.5634805,64.07566948,67.29342664,72.1272127,73.51959706,74.87410366,75.085877,75.22822832,74.97856987,82.26740749,83.64833849,83.48943919,81.25972025,85.14987209,84.80375703,92.30837562,93.80466756,93.73209681,91.06326803,92.9744425,101.550082,
0.0,0.0,0.0,0.0,0.0,0.0,0.0,0.0,0.0,0.0,0.0,0.0,0.0,0.0,0.0,0.0,0.0,0.0,0.0,0.0,0.0,0.0,0.0,0.0,0.0,0.0,0.0,0.0,0.0,0.0,0.9856380022019998,0.9856380022019998,0.9856380022019998,0.9856380022019998,0.9413887694579999,0.928551029094,0.9173521492019998,0.7515540981179999,0.7096265843759999,0.6485790317939999,0.5527056941819999,0.44617976350199995,0.42856201342799993,0.42856201342799993,0.10611621556199999,0.044112661037999996,0.0,0.0,0.0,0.0,0.0,0.0,0.0,0.0,0.0,0.0,0.0,0.0,0.0,0.0,49.884622127797996,54.642390897797995,55.566223577798,56.907584577798,54.290534140542,56.687858410905996,57.389949320797996,63.131117571882,64.215378665624,64.312752258206,62.915263395817995,65.603583936498,71.124799816572,72.270127906572,74.309034084438,74.352159388962,73.83792076,74.54882827,81.61288029,82.71433557,82.7226541,80.48904451,83.57620069,84.31770212,91.27767622,93.22967613,92.87124093,90.19961441,92.4415571,100.74214,50.87026013,55.6280289,56.55186158,57.89322258,55.23192291,57.61640944,58.30730147,63.88267167,64.92500525,64.96133129,63.46796909,66.0497637,71.55336183,72.69868992,74.4151503,74.39627205,73.83792076,74.54882827,81.61288029,82.71433557,82.7226541,80.48904451,83.57620069,84.31770212,91.27767622,93.22967613,92.87124093,90.19961441,92.4415571,100.74214,
0.0,0.0,0.0,0.0,0.0,0.0,0.0,0.0,0.0,0.0,0.0,0.0,0.0,0.0,0.0,0.0,0.0,0.0,0.0,0.0,0.0,0.0,0.0,0.0,0.0,0.0,0.0,0.0,0.0,0.0,0.9423556685269999,0.9423556685269999,0.9423556685269999,0.9423556685269999,0.9000495528829999,0.887775556369,0.8770684530269999,0.718551093793,0.6784647434759999,0.6200979728189999,0.528434722257,0.42658666607699997,0.40974256447799995,0.40974256447799995,0.101456332887,0.042175541213,0.0,0.0,0.0,0.0,0.0,0.0,0.0,0.0,0.0,0.0,0.0,0.0,0.0,0.0,47.882171991473,53.383727391473,54.224897691473,55.616663641473,53.270002067117005,54.881097633631,55.085422116973,61.668978996206995,62.750283236524,62.698331547181,61.71931948774299,63.505215603923,69.46894906552201,70.509002355522,72.598727457113,72.472580768787,71.47022314,71.55086917,79.70277216,80.68916884,80.63056035,78.94158788,80.89623396,80.92689064,89.04284581,91.08111134,90.52248479,88.46546547,88.7240472,98.38432122,48.82452766,54.32608306,55.16725336,56.55901931,54.17005162,55.76887319,55.96249057,62.38753009,63.42874798,63.31842952,62.24775421,63.93180227,69.87869163,70.91874492,72.70018379,72.51475631,71.47022314,71.55086917,79.70277216,80.68916884,80.63056035,78.94158788,80.89623396,80.92689064,89.04284581,91.08111134,90.52248479,88.46546547,88.7240472,98.38432122,
0.0,0.0,0.0,0.0,0.0,0.0,0.0,0.0,0.0,0.0,0.0,0.0,0.0,0.0,0.0,0.0,0.0,0.0,0.0,0.0,0.0,0.0,0.0,0.0,0.0,0.0,0.0,0.0,0.0,0.0,0.32871868189299996,0.32871868189299996,0.32871868189299996,0.32871868189299996,0.31396118529699996,0.309679689371,0.305944767393,0.250649702987,0.23666651948399997,0.21630663992099997,0.18433206396299998,0.148804757343,0.142929087402,0.142929087402,0.035390663133,0.014711948766999999,0.0,0.0,0.0,0.0,0.0,0.0,0.0,0.0,0.0,0.0,0.0,0.0,0.0,0.0,40.805851688107,46.954317708107,48.621731928106996,49.157701378107,46.428329054703,44.392409070629,46.842345582607,54.048716087013005,55.260435530516006,55.865546000079,53.528051576037,51.096360072657,60.676414652598,62.783976072597994,63.573771546867,64.212431841233,57.28766022,60.28146926,69.3697919,71.59629913,71.41540367,68.11716997,64.84317189,68.18074926,79.00859949,79.69158926,80.17679356,76.33513981,74.74983861,85.62939161,41.13457037,47.28303639,48.95045061,49.48642006,46.74229024,44.70208876,47.14829035,54.29936579,55.49710205,56.08185264,53.71238364,51.24516483,60.81934374,62.92690516,63.60916221,64.22714379,57.28766022,60.28146926,69.3697919,71.59629913,71.41540367,68.11716997,64.84317189,68.18074926,79.00859949,79.69158926,80.17679356,76.33513981,74.74983861,85.62939161,
0.0,0.0,0.0,0.0,0.0,0.0,0.0,0.0,0.0,0.0,0.0,0.0,0.0,0.0,0.0,0.0,0.0,0.0,0.0,0.0,0.0,0.0,0.0,0.0,0.0,0.0,0.0,0.0,0.0,0.0,0.263550997794,0.263550997794,0.263550997794,0.263550997794,0.251719139226,0.24828643951800003,0.24529195679399998,0.200959005246,0.18974795407199999,0.173424371418,0.147788677854,0.119304573894,0.114593741316,0.114593741316,0.028374549714,0.011795340486,0.0,0.0,0.0,0.0,0.0,0.0,0.0,0.0,0.0,0.0,0.0,0.0,0.0,0.0,39.278953212206,45.174481132206004,46.738982552206004,47.397125752206,44.751852990774005,42.838539080482,45.078178133206,51.979622354754,53.259853745928005,53.947934028582,51.566603552146,49.274169816106,58.331553248684,60.308220228684,61.234002380286,61.970113329514,55.21763052,57.94834443,66.66295301,68.74722111,68.9188833,65.58334981,62.50013167,65.5418919,75.86455899,76.75146173,77.3739949,73.49562789,71.85673222,82.2880962,39.54250421,45.43803213,47.00253355,47.66067675,45.00357213,43.08682552,45.32347009,52.18058136,53.4496017,54.1213584,51.71439223,49.39347439,58.44614699,60.42281397,61.26237693,61.98190867,55.21763052,57.94834443,66.66295301,68.74722111,68.9188833,65.58334981,62.50013167,65.5418919,75.86455899,76.75146173,77.3739949,73.49562789,71.85673222,82.2880962,
0.0,0.0,0.0,0.0,0.0,0.0,0.0,0.0,0.0,0.0,0.0,0.0,0.0,0.0,0.0,0.0,0.0,0.0,0.0,0.0,0.0,0.0,0.0,0.0,0.0,0.0,0.0,0.0,0.0,0.0,0.201444050612,0.201444050612,0.201444050612,0.201444050612,0.19240042134799998,0.18977665236400001,0.18748783261199997,0.153602135308,0.14503301745599997,0.132556158564,0.11296162849199999,0.091189928412,0.087589224168,0.087589224168,0.021687962772,0.009015716828,0.0,0.0,0.0,0.0,0.0,0.0,0.0,0.0,0.0,0.0,0.0,0.0,0.0,0.0,38.037763559388004,43.983989929388,45.515742849388005,46.009015699388,43.523159718652,41.690477157635996,43.642148587388,50.588508044692,51.678206522544,52.286940631435996,50.121353491507996,47.919105991588,56.747362645832,58.682882725832,59.376600027228,60.023854083172,53.67135668,56.03840268,64.82524377,66.86723714,66.75170927,63.70634012,60.74992404,63.3816715,73.78994197,74.41607159,74.94094746,71.39216709,69.48837857,80.01964592,38.23920761,44.18543398,45.7171869,46.21045975,43.71556014,41.88025381,43.82963642,50.74211018,51.82323954,52.41949679,50.23431512,48.01029592,56.83495187,58.77047195,59.39828799,60.0328698,53.67135668,56.03840268,64.82524377,66.86723714,66.75170927,63.70634012,60.74992404,63.3816715,73.78994197,74.41607159,74.94094746,71.39216709,69.48837857,80.01964592,
0.0,0.0,0.0,0.0,0.0,0.0,0.0,0.0,0.0,0.0,0.0,0.0,0.0,0.0,0.0,0.0,0.0,0.0,0.0,0.0,0.0,0.0,0.0,0.0,0.0,0.0,0.0,0.0,0.0,0.0,0.15674551059300001,0.15674551059300001,0.15674551059300001,0.15674551059300001,0.14970857759700001,0.14766699827100002,0.145886046093,0.119519266287,0.11285155508400001,0.103143193821,0.087896505663,0.07095574104300001,0.068153999202,0.068153999202,0.016875607833000003,0.007015214067000001,0.0,0.0,0.0,0.0,0.0,0.0,0.0,0.0,0.0,0.0,0.0,0.0,0.0,0.0,37.527122339407,42.947330459407,44.513710119407,45.241507719407004,42.522216142402996,40.535549561729,43.047222013907,49.380770193713,50.799529854916,50.960415936179004,48.947158884337,46.567091758957,55.375865950797994,57.356721360798,58.337413312167,58.472981445932994,52.13730168,55.22456904,63.23876401,65.33625868,65.02503959,62.18545847,59.01354675,62.46119315,72.10046269,73.10811623,73.00244636,69.68779925,68.47921383,78.06131083,37.68386785,43.10407597,44.67045563,45.39825323,42.67192472,40.68321656,43.19310806,49.50028946,50.91238141,51.06355913,49.03505539,46.6380475,55.44401995,57.42487536,58.35428892,58.47999666,52.13730168,55.22456904,63.23876401,65.33625868,65.02503959,62.18545847,59.01354675,62.46119315,72.10046269,73.10811623,73.00244636,69.68779925,68.47921383,78.06131083,
0.0,0.0,0.0,0.0,0.0,0.0,0.0,0.0,0.0,0.0,0.0,0.0,0.0,0.0,0.0,0.0,0.0,0.0,0.0,0.0,0.0,0.0,0.0,0.0,0.0,0.0,0.0,0.0,0.0,0.0,0.12362168899499999,0.12362168899499999,0.12362168899499999,0.12362168899499999,0.118071816855,0.116461668765,0.115057071495,0.094262180205,0.08900350505999999,0.08134673701499999,0.06932201404499999,0.055961210745,0.053751539429999995,0.053751539429999995,0.013309415595,0.005532742905,0.0,0.0,0.0,0.0,0.0,0.0,0.0,0.0,0.0,0.0,0.0,0.0,0.0,0.0,37.080328301005,42.442717311005,44.279121481005,44.856482201005,41.895457153145,40.018417241235,42.527970938505,48.788495529795,50.35443962494,50.32657565298501,48.209159295955,45.953488069255,54.698586750569994,57.026973430569996,57.803496104405,57.723602927095,51.43458326,54.52126393,62.44984045,64.94469494,64.19014273,61.22598355,58.21814874,61.66572698,71.66836071,72.43473986,72.06512262,68.61256885,67.60710596,77.08747132,37.20394999,42.566339,44.40274317,44.98010389,42.01352897,40.13487891,42.64302801,48.88275771,50.44344313,50.40792239,48.27848131,46.00944928,54.75233829,57.08072497,57.81680552,57.72913567,51.43458326,54.52126393,62.44984045,64.94469494,64.19014273,61.22598355,58.21814874,61.66572698,71.66836071,72.43473986,72.06512262,68.61256885,67.60710596,77.08747132,
0.0,0.0,0.0,0.0,0.0,0.0,0.0,0.0,0.0,0.0,0.0,0.0,0.0,0.0,0.0,0.0,0.0,0.0,0.0,0.0,0.0,0.0,0.0,0.0,0.0,0.0,0.0,0.0,0.0,0.0,0.101098875395,0.101098875395,0.101098875395,0.101098875395,0.096560142455,0.095243349565,0.09409465789499999,0.077088417805,0.07278782825999999,0.066526057815,0.05669213644499999,0.045765557144999996,0.043958469029999996,0.043958469029999996,0.010884553995,0.004524724505,0.0,0.0,0.0,0.0,0.0,0.0,0.0,0.0,0.0,0.0,0.0,0.0,0.0,0.0,37.862056294605,42.931890404605,44.464561744605,45.177967154605,41.034789577545006,39.359220820435,43.419131482105,49.341565802195,50.70592976174,50.027222212185,47.208061563555,45.183676202855,55.30862392097,57.24620054097,58.190202786005,57.364806385494994,50.56260234,55.63385616,63.13447145,65.18298256,63.79006908,59.9403907,57.23116465,62.92411323,71.93131803,72.9161804,71.6159671,67.17187615,68.98673541,77.93257313,37.96315517,43.03298928,44.56566062,45.27906603,41.13134972,39.45446417,43.51322614,49.41865422,50.77871759,50.09374827,47.2647537,45.22944176,55.35258239,57.29015901,58.20108734,57.36933111,50.56260234,55.63385616,63.13447145,65.18298256,63.79006908,59.9403907,57.23116465,62.92411323,71.93131803,72.9161804,71.6159671,67.17187615,68.98673541,77.93257313,
0.0,0.0,0.0,0.0,0.0,0.0,0.0,0.0,0.0,0.0,0.0,0.0,0.0,0.0,0.0,0.0,0.0,0.0,0.0,0.0,0.0,0.0,0.0,0.0,0.0,0.0,0.0,0.0,0.0,0.0,0.085894482296,0.085894482296,0.085894482296,0.085894482296,0.082038335384,0.08091957671200001,0.079943638296,0.065494989064,0.061841170848,0.056521116312,0.048166131336,0.038882814696,0.037347496944,0.037347496944,0.009247611576,0.0038442452240000004,0.0,0.0,0.0,0.0,0.0,0.0,0.0,0.0,0.0,0.0,0.0,0.0,0.0,0.0,39.900461077704,44.064905467704,45.714152537704,46.335888377704,40.980696754616,39.061700393288,45.752267201704,50.636841810936,51.998389039152,50.617428243688,47.137741298664004,44.833069885304,56.753055223056,58.839642993055996,59.660672188424,58.029955964776,50.16296051,58.59879517,64.77443156,66.98843066,64.52890513,59.84039915,56.77881516,66.27757766,73.92368254,74.75638059,72.4454451,67.05982115,72.66329994,79.95692382,39.98635556,44.15079995,45.80004702,46.42178286,41.06273509,39.14261997,45.83221084,50.7023368,52.06023021,50.67394936,47.18590743,44.8719527,56.79040272,58.87699049,59.6699198,58.03380021,50.16296051,58.59879517,64.77443156,66.98843066,64.52890513,59.84039915,56.77881516,66.27757766,73.92368254,74.75638059,72.4454451,67.05982115,72.66329994,79.95692382,
0.05211886842,0.05211886842,0.05211886842,0.05211886842,0.04987719666,0.0492268351,0.04865949842,0.04026014806,0.03813609488,0.0350434181,0.03018646262,0.02478984542,0.023897327960000003,0.023897327960000003,0.007562182819999999,0.004421074860000001,0.0011415921000000001,0.0,0.0,0.0,0.0,0.0,0.0,0.0,0.0,0.0,0.0,0.0,0.0,0.0,0.078053168494,0.078053168494,0.078053168494,0.078053168494,0.074549049526,0.073532422418,0.072645577494,0.059515946546,0.05619568567199999,0.051361299317999994,0.04376904155399999,0.035333199594,0.033938041115999996,0.033938041115999996,0.008403396414,0.003493303786,0.0,0.0,0.0,0.0,0.0,0.0,0.0,0.0,0.0,0.0,0.0,0.0,0.0,0.0,42.250664123086004,45.391121333086005,47.038521623086005,47.609098973086006,40.448029773814,39.215252352482004,48.455450464086,52.176421635394,53.44341032944801,51.021812972582,46.548563665825995,45.035820914986,58.495409090924,60.578581160923996,61.347435320766,58.523227021354,50.4122217579,62.1078341,66.78510707,68.99025154,65.08190841,59.12591933,57.06224294,70.24644084,76.13275014,76.87802779,73.06629197,66.25914319,77.01455577,82.43888197,42.38083616,45.52129337,47.16869366,47.73927101,40.57245602,39.33801161,48.57675554,52.27619773,53.53774211,51.10821769,46.62251917,45.09594396,58.55324446,60.63641653,61.3634009,58.5311414,50.41336335,62.1078341,66.78510707,68.99025154,65.08190841,59.12591933,57.06224294,70.24644084,76.13275014,76.87802779,73.06629197,66.25914319,77.01455577,82.43888197,
0.705736705797,0.705736705797,0.705736705797,0.705736705797,0.675382438881,0.666575954035,0.6588937012970001,0.5451588863710001,0.516397281608,0.47451963558500004,0.40875205726700004,0.335676970247,0.32359147508600006,0.32359147508600006,0.10239880783699999,0.05986535975100002,0.015458191485000003,0.0,0.0,0.0,0.0,0.0,0.0,0.0,0.0,0.0,0.0,0.0,0.0,0.0,0.0789215035,0.0789215035,0.0789215035,0.0789215035,0.0753784015,0.0743504645,0.0734537535,0.06017805650000001,0.056820858,0.0519326895,0.0442559685,0.0357262785,0.034315599,0.034315599,0.008496883500000002,0.0035321665000000004,0.0,0.0,0.0,0.0,0.0,0.0,0.0,0.0,0.0,0.0,0.0,0.0,0.0,0.0,43.112179990703,45.949588250703,47.170590010703,48.109543510703,39.850057809619,38.688143751465006,49.582043935203,53.063803987129,54.259734000392,51.889846134915,46.202103134233,44.828927571253,59.755537765914,61.289643035914,62.737037228663,59.965809413749,50.514600638515,64.32948926,68.56465234,70.14068826,66.74763648,59.16725197,57.19432907,72.75922155,77.40229053,78.7378969,74.93637501,66.30546239,79.76943826,84.63553522,43.8968382,46.73424646,47.95524822,48.89420172,40.60081865,39.42907017,50.31439139,53.66914093,54.83295214,52.41629846,46.65511116,45.20033082,60.11344484,61.64755011,62.84793292,60.02920694,50.53005883,64.32948926,68.56465234,70.14068826,66.74763648,59.16725197,57.19432907,72.75922155,77.40229053,78.7378969,74.93637501,66.30546239,79.76943826,84.63553522,
2.0353022264610003,2.0353022264610003,2.0353022264610003,2.0353022264610003,1.9477623457530002,1.9223649729550003,1.9002098179610003,1.5722054501230003,1.4892587113040003,1.3684860981050002,1.1788163565710001,0.9680721993110001,0.9332183579180002,0.9332183579180002,0.295312004981,0.17264809806300008,0.044580494805000016,0.0,0.0,0.0,0.0,0.0,0.0,0.0,0.0,0.0,0.0,0.0,0.0,0.0,0.080177297585,0.080177297585,0.080177297585,0.080177297585,0.076577817965,0.075533524495,0.074622545085,0.061135606015,0.057724987979999996,0.052759039245,0.044960166735,0.036294752835,0.03486162669,0.03486162669,0.008632085385,0.0035883701150000004,0.0,0.0,0.0,0.0,0.0,0.0,0.0,0.0,0.0,0.0,0.0,0.0,0.0,0.0,43.660989535953995,46.058006445954,47.651536225954,48.089743295954,39.694619876282,38.79855177255,50.493984866954,53.688608123862,54.756227790716004,52.65680891265,46.716210486694,45.763488357854,60.996633505392,63.00853803539199,64.229157289634,61.756078351822005,52.237835075195,67.08403145,70.67618648,72.79063016,68.86373894,60.79671059,59.17779931,75.87471878,80.32657854,80.84912974,77.31208531,68.13150641,83.1851079,87.24199228,45.77646906,48.17348597,49.76701575,50.20522282,41.71896004,40.79645027,52.46881723,55.32194918,56.30321149,54.07805405,47.93998701,46.76785531,61.96471349,63.97661802,64.53310138,61.93231482,52.28241557,67.08403145,70.67618648,72.79063016,68.86373894,60.79671059,59.17779931,75.87471878,80.32657854,80.84912974,77.31208531,68.13150641,83.1851079,87.24199228,
3.321648432702,3.321648432702,3.321648432702,3.321648432702,3.1787818334460005,3.1373328818100004,3.1011752857020003,2.5658664847860004,2.4304959725280004,2.2333929791100005,1.9238486807220003,1.579910571402,1.5230284994760004,1.5230284994760004,0.481954299342,0.2817646818660001,0.07275613851000001,0.0,0.0,0.0,0.0,0.0,0.0,0.0,0.0,0.0,0.0,0.0,0.0,0.0,0.09078978783,0.09078978783,0.09078978783,0.09078978783,0.08671387106999999,0.08553135201,0.08449979282999999,0.06922768497,0.06536562804,0.059742372509999996,0.050911219529999996,0.04109882733,0.039476008619999996,0.039476008619999996,0.00977465223,0.00406333677,0.0,0.0,0.0,0.0,0.0,0.0,0.0,0.0,0.0,0.0,0.0,0.0,0.0,0.0,43.791577009468,46.228577769468,47.452078749467994,47.638326349467995,39.493729785484,39.19644742618,50.919390221468,54.372151790244,54.755592189432,53.27220714838,47.160614339747994,47.007246651268,62.289867201904,63.824976011904,65.128220138428,63.349788031364,54.28942649149,69.1760572,72.82922612,74.39586617,70.75767253,62.3126812,61.53186112,78.24088346,82.09800318,82.21076725,79.43837061,69.83037072,85.77924818,89.89968333,47.20401523,49.64101599,50.86451697,51.05076457,42.75922549,42.41931166,54.1050653,57.00724596,57.25145379,55.5653425,49.13537424,48.62825605,63.85237171,65.38748052,65.61994909,63.63561605,54.36218263,69.1760572,72.82922612,74.39586617,70.75767253,62.3126812,61.53186112,78.24088346,82.09800318,82.21076725,79.43837061,69.83037072,85.77924818,89.89968333,
4.259938814658001,4.259938814658001,4.259938814658001,4.259938814658001,4.076715639834001,4.02355829899,3.9771870016580007,3.290665599694001,3.1170559865120007,2.8642758656900003,2.4672923202380006,2.026199491958,1.9532495242040004,1.9532495242040004,0.618095463218,0.36135681701400013,0.09330809829000003,0.0,0.0,0.0,0.0,0.0,0.0,0.0,0.0,0.0,0.0,0.0,0.0,0.0,0.092262005311,0.092262005311,0.092262005311,0.092262005311,0.088119994819,0.08691830041700001,0.085870013811,0.070350258449,0.066425575668,0.060711135267,0.051736779201,0.041765272461,0.040116138654,0.040116138654,0.009933154791000001,0.004129226509,0.0,0.0,0.0,0.0,0.0,0.0,0.0,0.0,0.0,0.0,0.0,0.0,0.0,0.0,44.037430440031,46.177390860031004,47.855011700031,47.674143330031,39.292542465347,39.544299360593,51.400956934531,54.666661531857,55.16204690782,53.455360659042995,47.418604510560996,47.976591365580994,63.001965437142,65.120180187142,66.245917011991,64.20350597647699,55.85217548171,70.91354165,74.13287147,76.35973026,71.79551133,63.33009347,63.32397927,80.20604776,84.26518435,83.78181415,80.60353362,70.9705283,87.93375243,91.50889038,48.38963126,50.52959168,52.20721252,52.02634415,43.4573781,43.65477596,55.46401395,58.02767739,58.34552847,56.38034766,49.93763361,50.04455613,64.9953311,67.11354585,66.87394563,64.56899202,55.94548358,70.91354165,74.13287147,76.35973026,71.79551133,63.33009347,63.32397927,80.20604776,84.26518435,83.78181415,80.60353362,70.9705283,87.93375243,91.50889038,
4.851192519432,4.851192519432,4.851192519432,4.851192519432,4.642539077736,4.58200381996,4.5291964674319996,3.7473900531760003,3.549684477248,3.26182000676,2.809737549752,2.3074237086319997,2.2243487272160003,2.2243487272160003,0.7038833696719999,0.4115109544560001,0.10625869716000001,0.0,0.0,0.0,0.0,0.0,0.0,0.0,0.0,0.0,0.0,0.0,0.0,0.0,0.101787644224,0.101787644224,0.101787644224,0.101787644224,0.097217989696,0.095892225728,0.094735708224,0.077613607616,0.073283718912,0.066979288128,0.057078369983999996,0.046077349824,0.044257950335999996,0.044257950335999996,0.010958708544,0.004555550656,0.0,0.0,0.0,0.0,0.0,0.0,0.0,0.0,0.0,0.0,0.0,0.0,0.0,0.0,44.218416156344,46.444004836344,47.842371886344,47.771381526344,39.539512592567995,40.021864804311996,51.736137964343996,55.198779539208,55.505359893839994,53.882519045112,48.015267670264,48.888995141544,63.842437292448,65.601005762448,67.05632567178401,65.104585844888,57.17841821284,72.05919472,75.40543979,77.2199596,72.85368085,64.52782954,64.83979512,81.50182714,85.21447246,84.90588268,81.79152158,72.31276478,89.35437776,93.07973624,49.17139632,51.396985,52.79535205,52.72436169,44.27926966,44.69976085,56.36007014,59.0237832,59.12832809,57.21131834,50.88208359,51.2424962,66.11104397,67.86961244,67.77116775,65.52065235,57.28467691,72.05919472,75.40543979,77.2199596,72.85368085,64.52782954,64.83979512,81.50182714,85.21447246,84.90588268,81.79152158,72.31276478,89.35437776,93.07973624,
4.923115004547,4.923115004547,4.923115004547,4.923115004547,4.711368122631001,4.6499353852850005,4.596345125047001,3.802947857621001,3.6023111516080006,3.3101788793350004,2.8513939685170007,2.3416329564970004,2.2573263275860005,2.2573263275860005,0.7143189565870001,0.4176119060010002,0.10783406023500003,0.0,0.0,0.0,0.0,0.0,0.0,0.0,0.0,0.0,0.0,0.0,0.0,0.0,0.121809716805,0.121809716805,0.121809716805,0.121809716805,0.116341191345,0.114754643835,0.113370634305,0.09288054199500001,0.08769894534,0.08015440558499999,0.06830593375499999,0.055140965055,0.05296368177,0.05296368177,0.013114334205000001,0.0054516472950000006,0.0,0.0,0.0,0.0,0.0,0.0,0.0,0.0,0.0,0.0,0.0,0.0,0.0,0.0,45.078968768648,47.116568288648,48.349446458648,48.156425438648,40.426514976024,40.788371920879996,52.742103070648,56.005908150384,55.973242083052,54.24877100508,49.082721107728,49.823921658448,64.784127260644,66.329374990644,67.65684886920799,65.587506076704,58.270385119765,73.45505053,76.52706322,78.09610174,73.39842936,65.94862321,66.07756167,83.0805958,86.18132081,85.67401198,82.40310096,73.90496956,91.08525787,94.46425722,50.12389349,52.16149301,53.39437118,53.20135016,45.25422429,45.55306195,57.45181883,59.90173655,59.66325218,57.63910429,52.00242101,52.22069558,67.09441727,68.639665,68.38428216,66.01056963,58.37821918,73.45505053,76.52706322,78.09610174,73.39842936,65.94862321,66.07756167,83.0805958,86.18132081,85.67401198,82.40310096,73.90496956,91.08525787,94.46425722,
4.688422724754001,4.688422724754001,4.688422724754001,4.688422724754001,4.486770134442001,4.428265987870001,4.377230455754001,3.6216556266220006,3.4305835734560004,3.1523776849700003,2.7154637392940004,2.2300037996540003,2.1497161942520004,2.1497161942520004,0.680266300034,0.3977037197820002,0.10269344877000003,0.0,0.0,0.0,0.0,0.0,0.0,0.0,0.0,0.0,0.0,0.0,0.0,0.0,0.144854810261,0.144854810261,0.144854810261,0.144854810261,0.138351698369,0.136464993067,0.134819143761,0.11045254549900001,0.104290646268,0.09531876041699999,0.081228684651,0.065573044911,0.062983842954,0.062983842954,0.015595425741,0.006483040559000001,0.0,0.0,0.0,0.0,0.0,0.0,0.0,0.0,0.0,0.0,0.0,0.0,0.0,0.0,45.855232694985,48.108104444985,49.004744914985,48.400923094985,40.748565467188996,41.842313219063,53.586930810485,57.065245067879,56.165218480275996,53.847444214613,49.343005636055,50.904098965435004,65.884874792794,66.997288652794,67.73064596422499,64.983414329659,59.369940921230004,74.28247928,77.67125234,78.7449985,72.70573858,66.12271572,67.31631626,84.01645077,86.89739727,85.72691348,81.62542944,74.1000654,92.11128074,95.87663306,50.68851023,52.94138198,53.83802245,53.23420063,45.3736873,46.4070442,58.09898041,60.79735324,59.7000927,57.09514066,52.13969806,53.19967581,68.09757483,69.20998869,68.42650769,65.38760109,59.47263437,74.28247928,77.67125234,78.7449985,72.70573858,66.12271572,67.31631626,84.01645077,86.89739727,85.72691348,81.62542944,74.1000654,92.11128074,95.87663306,
4.102265237607,4.102265237607,4.102265237607,4.102265237607,3.925823722011,3.874633899585,3.829978948107,3.1688678372010006,3.0016840554480004,2.7582601126350004,2.3759701621770004,1.951203550557,1.8809536878660003,1.8809536878660003,0.595217828847,0.3479818779810001,0.08985447553500002,0.0,0.0,0.0,0.0,0.0,0.0,0.0,0.0,0.0,0.0,0.0,0.0,0.0,0.18592423131099997,0.18592423131099997,0.18592423131099997,0.18592423131099997,0.17757734881899997,0.175155722417,0.17304323981099998,0.141768192449,0.133859263668,0.12234365726699999,0.10425874520099998,0.08416439846099999,0.08084110265399999,0.08084110265399999,0.020017060791,0.008321120509,0.0,0.0,0.0,0.0,0.0,0.0,0.0,0.0,0.0,0.0,0.0,0.0,0.0,0.0,47.301400841082,49.369143961082,50.296302491082,49.573200201082,41.765351919169994,42.883626617998,55.128772842082,58.30890868035,57.267917580883996,54.083791260097996,50.228357782622,51.767725330981996,67.05669587948,68.20779723948,68.617452950362,64.88156305151,60.057348424465005,75.6029849,78.72163756,79.8368057,72.5392453,66.84417103,68.07985177,85.50999537,88.10223828,86.7369217,81.43851042,74.9085604,93.7487256,97.17321829,51.58959031,53.65733343,54.58449196,53.86138967,45.86875299,46.93341624,59.13179503,61.61954471,60.4034609,56.96439503,52.70858669,53.80309328,69.01849067,70.16959203,69.23268784,65.23786605,60.1472029,75.6029849,78.72163756,79.8368057,72.5392453,66.84417103,68.07985177,85.50999537,88.10223828,86.7369217,81.43851042,74.9085604,93.7487256,97.17321829,
3.251512119816,3.251512119816,3.251512119816,3.251512119816,3.111662136168,3.07108837548,3.035694243816,2.5116884408880003,2.3791762650240003,2.18623508388,1.8832267859760001,1.546550899416,1.4908698874080002,1.4908698874080002,0.471777876936,0.2758152455280001,0.07121989908000001,0.0,0.0,0.0,0.0,0.0,0.0,0.0,0.0,0.0,0.0,0.0,0.0,0.0,0.21155189934899998,0.21155189934899998,0.21155189934899998,0.21155189934899998,0.202054488321,0.199299066603,0.19689540084899998,0.161309422491,0.15231033241199998,0.139207422753,0.11862969885899999,0.095765561199,0.091984184586,0.091984184586,0.022776198669000002,0.009468098031,0.0,0.0,0.0,0.0,0.0,0.0,0.0,0.0,0.0,0.0,0.0,0.0,0.0,0.0,48.645725190834995,50.634029020834994,51.495858170835,50.771923180834996,42.758387955511004,44.068086977917,56.494309215335,59.451562386621,58.290949452564,54.161665373367,50.940405085165,52.625123659385004,68.001291698006,69.068076448006,69.21835088439501,64.405974686441,60.59508258092,76.36385519,79.36681679,80.38445784,71.93146127,67.1405137,68.66741396,86.37057005,88.70658835,87.33855304,80.75616218,75.24065522,94.69221507,97.9696212,52.10878921,54.09709304,54.95892219,54.2349872,46.07210458,47.33847442,59.72689886,62.12456025,60.82243605,56.48710788,52.94226157,54.26744012,69.58414577,70.65093052,69.71290496,64.69125803,60.66630248,76.36385519,79.36681679,80.38445784,71.93146127,67.1405137,68.66741396,86.37057005,88.70658835,87.33855304,80.75616218,75.24065522,94.69221507,97.9696212,
2.213589127311,2.213589127311,2.213589127311,2.213589127311,2.118380992803,2.090758879705,2.066662993811,1.7099263416730002,1.6197136957040001,1.488361732355,1.282077440921,1.052872672661,1.0149657302180002,1.0149657302180002,0.321180527831,0.18777159861300008,0.04848562405500001,0.0,0.0,0.0,0.0,0.0,0.0,0.0,0.0,0.0,0.0,0.0,0.0,0.0,0.25081081326,0.25081081326,0.25081081326,0.25081081326,0.23955091253999997,0.23628415122,0.23343442325999997,0.19124454834,0.18057544487999996,0.16504095221999998,0.14064450065999998,0.11353733225999998,0.10905422363999999,0.10905422363999999,0.02700291006,0.01122514794,0.0,0.0,0.0,0.0,0.0,0.0,0.0,0.0,0.0,0.0,0.0,0.0,0.0,0.0,48.911274749429,51.113977269429,51.763010339429,51.110363109429,43.682630544657,44.898169649075,56.586508322929,59.627701299987,58.281731109416,54.539038905425,51.483294018418995,52.971190175079,67.792910716142,68.586535546142,68.516078492109,64.15479786344699,60.472667035945,75.28949802,78.60579949,79.31452804,71.55622916,67.0945476,68.50312074,85.15542919,87.52588968,86.27534597,80.33489582,75.18914356,93.35999762,97.0302289,51.37567469,53.57837721,54.22741028,53.57476305,46.04056245,47.22521268,58.88660574,61.52887219,60.08202025,56.19244159,52.90601596,54.13760018,68.91693067,69.7105555,68.86426193,64.35379461,60.52115266,75.28949802,78.60579949,79.31452804,71.55622916,67.0945476,68.50312074,85.15542919,87.52588968,86.27534597,80.33489582,75.18914356,93.35999762,97.0302289,
1.076518739853,1.076518739853,1.076518739853,1.076518739853,1.0302168585690001,1.016783596715,1.005065219353,0.8315760715790002,0.7877036099920002,0.7238241626650002,0.6235034198830001,0.5120359279030001,0.49360091961400016,0.49360091961400016,0.15619739581300002,0.09131759919900004,0.023579661765000006,0.0,0.0,0.0,0.0,0.0,0.0,0.0,0.0,0.0,0.0,0.0,0.0,0.0,0.327711167042,0.327711167042,0.327711167042,0.327711167042,0.312998901818,0.308730528574,0.305007054042,0.249881467678,0.235941142296,0.215643665274,0.183767090622,0.148348674342,0.142491013188,0.142491013188,0.035282191602,0.014666856998000001,0.0,0.0,0.0,0.0,0.0,0.0,0.0,0.0,0.0,0.0,0.0,0.0,0.0,0.0,48.693279083105004,50.578512273105005,51.532893593105,50.628298013105,44.693033259613,45.825690964711,56.111504726605,58.615003340742994,57.328818577712,54.438448342061,52.093788809495,53.392375447755,66.228401267198,67.415770887198,66.690414572585,63.314983593803,60.402729078235005,73.41638483,76.26481467,77.42731848,70.51900126,67.08826167,68.39576811,83.03686336,85.44329902,83.79177233,79.17041865,75.18209927,91.03731189,94.14054018,50.09750899,51.98274218,52.9371235,52.03252792,46.03624902,47.15120509,57.421577,59.69646088,58.35246333,55.37791617,52.90105932,54.05276005,66.8644932,68.05186282,66.88189416,63.42096805,60.42630874,73.41638483,76.26481467,77.42731848,70.51900126,67.08826167,68.39576811,83.03686336,85.44329902,83.79177233,79.17041865,75.18209927,91.03731189,94.14054018,
0.210905453754,0.210905453754,0.210905453754,0.210905453754,0.201834251442,0.19920248287,0.196906684754,0.16291767362200002,0.154322429456,0.14180752997,0.122153258294,0.100315178654,0.09670349625200002,0.09670349625200002,0.030601309033999997,0.017890426782000007,0.004619593770000001,0.0,0.0,0.0,0.0,0.0,0.0,0.0,0.0,0.0,0.0,0.0,0.0,0.0,0.437126934888,0.437126934888,0.437126934888,0.437126934888,0.417502558152,0.411809066136,0.40684240288799994,0.333311559192,0.314716856544,0.287642484936,0.24512300200799997,0.19787913208799998,0.190065722832,0.190065722832,0.047062162728,0.019563807672,0.0,0.0,0.0,0.0,0.0,0.0,0.0,0.0,0.0,0.0,0.0,0.0,0.0,0.0,49.292599351358,51.239523261358,51.686457531358,50.998054561357996,47.345393350406,48.575402020994,56.638015802358,59.090920387185996,57.450045484,56.249898655094,54.749834479698,56.087669099258,66.455287200916,66.990394580916,66.307504798238,64.87396551554599,63.02989682623,73.18648597,76.1251648,76.54588974,72.17626334,69.89862199,71.34796512,82.77683856,84.47061676,83.16945827,81.03099708,78.33151443,90.75223418,93.96815774,49.94063174,51.88755565,52.33448992,51.64608695,47.96473016,49.18641357,57.24176489,59.58714962,57.91908477,56.67934867,55.11711074,56.38586341,66.74205642,67.2771638,66.38516827,64.91141975,63.03451642,73.18648597,76.1251648,76.54588974,72.17626334,69.89862199,71.34796512,82.77683856,84.47061676,83.16945827,81.03099708,78.33151443,90.75223418,93.96815774,
0.002973704481,0.002973704481,0.002973704481,0.002973704481,0.002845803213,0.002808696055,0.002776325981,0.0022970909830000003,0.002175900584,0.001999444205,0.001722324791,0.0014144143309999999,0.001363490678,0.001363490678,0.00043146940099999994,0.00025224972300000006,6.5134905e-05,0.0,0.0,0.0,0.0,0.0,0.0,0.0,0.0,0.0,0.0,0.0,0.0,0.0,0.523340336414,0.523340336414,0.523340336414,0.523340336414,0.49984549520599997,0.49302909065800005,0.487082865414,0.399049725826,0.376787638632,0.344373459558,0.29346797027399996,0.236906315514,0.22755188799599999,0.22755188799599999,0.056344109934,0.023422326266,0.0,0.0,0.0,0.0,0.0,0.0,0.0,0.0,0.0,0.0,0.0,0.0,0.0,0.0,51.434988599105,53.017434049105,53.799755189105,53.077651389105,51.160540691581,51.755328943287005,59.067991108605,61.087757633190996,59.735806060784,59.397420346237006,59.071933614935,59.660885920155,68.643472461326,69.608468421326,68.845022700665,68.39726765401099,66.962065025095,76.14771808,78.55499448,79.45882938,76.07856928,75.28841946,75.79358102,86.12611035,87.68513042,86.3223727,85.41204601,84.37156195,94.42420212,96.9675157,51.96130264,53.54374809,54.32606923,53.60396543,51.66323199,52.25116673,59.5578503,61.48910445,60.1147696,59.74379325,59.36712391,59.89920665,68.87238784,69.8373838,68.90179828,68.42094223,66.96213016,76.14771808,78.55499448,79.45882938,76.07856928,75.28841946,75.79358102,86.12611035,87.68513042,86.3223727,85.41204601,84.37156195,94.42420212,96.9675157,
0.0,0.0,0.0,0.0,0.0,0.0,0.0,0.0,0.0,0.0,0.0,0.0,0.0,0.0,0.0,0.0,0.0,0.0,0.0,0.0,0.0,0.0,0.0,0.0,0.0,0.0,0.0,0.0,0.0,0.0,0.511380215759,0.511380215759,0.511380215759,0.511380215759,0.48842231221099996,0.481761685873,0.4759513522589999,0.38993007168099997,0.36817674949199997,0.33650334552299993,0.28676122116899994,0.231492194109,0.222351547326,0.222351547326,0.055056453878999996,0.022887045821,0.0,0.0,0.0,0.0,0.0,0.0,0.0,0.0,0.0,0.0,0.0,0.0,0.0,0.0,51.483468464241,52.653537534241,53.475558884241,52.552040874241,51.836652747789,51.916369054126996,59.120349287741,60.664129408319,59.140393310507996,58.581139434477,59.840898148831,59.836189685891,68.162753442674,69.179072842674,68.151933566121,67.451915164179,67.1504709,76.19687879,77.99920568,78.96280816,75.02653789,76.25291814,76.00676149,86.18171307,87.13775656,85.45189474,84.23094922,85.4524222,94.48516206,96.28145545,51.99484868,53.16491775,53.9869391,53.06342109,52.32507506,52.39813074,59.59630064,61.05405948,59.50857006,58.91764278,60.12765937,60.06768188,68.38510499,69.40142439,68.20699002,67.47480221,67.1504709,76.19687879,77.99920568,78.96280816,75.02653789,76.25291814,76.00676149,86.18171307,87.13775656,85.45189474,84.23094922,85.4524222,94.48516206,96.28145545,
0.0,0.0,0.0,0.0,0.0,0.0,0.0,0.0,0.0,0.0,0.0,0.0,0.0,0.0,0.0,0.0,0.0,0.0,0.0,0.0,0.0,0.0,0.0,0.0,0.0,0.0,0.0,0.0,0.0,0.0,0.429595540717,0.429595540717,0.429595540717,0.429595540717,0.410309278393,0.40471388129900004,0.39983279021699997,0.327568832003,0.309294503196,0.282686604249,0.240899702547,0.194469811767,0.186791022138,0.186791022138,0.046251314277,0.019226736823000003,0.0,0.0,0.0,0.0,0.0,0.0,0.0,0.0,0.0,0.0,0.0,0.0,0.0,0.0,50.568996179283,51.813087879282996,52.578705989282994,51.985880729283,50.745605911607,50.627354728701,58.054561869783,59.667405977997,58.472630566804,56.984563545751,58.543257597453,58.307198458233,67.012060057862,67.956572757862,67.327879375723,65.565480913177,65.39980318,74.73689434,76.64617914,77.53142546,72.92490519,74.54911069,74.02520304,84.53041235,85.5581841,84.40846197,81.87148386,83.54305956,92.67476157,94.61129274,50.99859172,52.24268342,53.00830153,52.41547627,51.15591519,51.03206861,58.45439466,59.99497481,58.78192507,57.26725015,58.7841573,58.50166827,67.19885108,68.14336378,67.37413069,65.58470765,65.39980318,74.73689434,76.64617914,77.53142546,72.92490519,74.54911069,74.02520304,84.53041235,85.5581841,84.40846197,81.87148386,83.54305956,92.67476157,94.61129274,
0.0,0.0,0.0,0.0,0.0,0.0,0.0,0.0,0.0,0.0,0.0,0.0,0.0,0.0,0.0,0.0,0.0,0.0,0.0,0.0,0.0,0.0,0.0,0.0,0.0,0.0,0.0,0.0,0.0,0.0,0.35973825723499997,0.35973825723499997,0.35973825723499997,0.35973825723499997,0.34358816781499996,0.338902648045,0.33481527973499997,0.274302290365,0.25899958217999997,0.23671844029499997,0.20172657988499998,0.162846734985,0.15641660679,0.15641660679,0.038730307035,0.016100243465,0.0,0.0,0.0,0.0,0.0,0.0,0.0,0.0,0.0,0.0,0.0,0.0,0.0,0.0,48.630488872765,50.043042092765,50.690565702765,50.728736902765,48.342078172185,48.334229211955,55.817599410265004,57.607746249635,57.03474516782,54.802129639705,55.743824540115,55.634605575014994,64.67579929320999,65.46989726321,65.629691442965,63.016553696535006,62.37672372,71.79369675,73.9468243,74.66760341,70.08722729,70.94923659,70.60341795,81.20153833,82.39787313,82.27149535,78.68567376,79.50888002,89.02515668,91.27923557,48.99022713,50.40278035,51.05030396,51.08847516,48.68566634,48.67313186,56.15241469,57.88204854,57.29374475,55.03884808,55.94555112,55.79745231,64.8322159,65.62631387,65.66842175,63.03265394,62.37672372,71.79369675,73.9468243,74.66760341,70.08722729,70.94923659,70.60341795,81.20153833,82.39787313,82.27149535,78.68567376,79.50888002,89.02515668,91.27923557,
0.0,0.0,0.0,0.0,0.0,0.0,0.0,0.0,0.0,0.0,0.0,0.0,0.0,0.0,0.0,0.0,0.0,0.0,0.0,0.0,0.0,0.0,0.0,0.0,0.0,0.0,0.0,0.0,0.0,0.0,0.374443457661,0.374443457661,0.374443457661,0.374443457661,0.357633192969,0.352756140867,0.348501691161,0.285515082099,0.269586837468,0.246394898217,0.209972658051,0.169503502311,0.162810526554,0.162810526554,0.040313505141,0.016758381159,0.0,0.0,0.0,0.0,0.0,0.0,0.0,0.0,0.0,0.0,0.0,0.0,0.0,0.0,40.947739852339,41.814023772339,43.168772732339,41.500754702338995,45.548017207031,48.009725249133,47.014829918839006,48.163298467900994,46.691824862532,47.050073341783005,52.541013501948996,55.271828207689,54.103477893446005,55.812973173446004,53.785488994859,54.149017598841,61.9786117,60.55641035,61.89545798,63.68752672,60.22797415,66.89794134,70.15280004,68.49171862,70.281039,67.43468386,67.61686699,74.96881781,75.0907693,76.40314704,41.32218331,42.18846723,43.54321619,41.87519816,45.9056504,48.36248139,47.36333161,48.44881355,46.9614117,47.29646824,52.75098616,55.44133171,54.26628842,55.9757837,53.8258025,54.16577598,61.9786117,60.55641035,61.89545798,63.68752672,60.22797415,66.89794134,70.15280004,68.49171862,70.281039,67.43468386,67.61686699,74.96881781,75.0907693,76.40314704,
0.0,0.0,0.0,0.0,0.0,0.0,0.0,0.0,0.0,0.0,0.0,0.0,0.0,0.0,0.0,0.0,0.0,0.0,0.0,0.0,0.0,0.0,0.0,0.0,0.0,0.0,0.0,0.0,0.0,0.0,0.335146632849,0.335146632849,0.335146632849,0.335146632849,0.320100559821,0.31573534110300006,0.311927384349,0.255551048991,0.241294430412,0.220536422253,0.187936597359,0.151714569699,0.145724003586,0.145724003586,0.036082712169000004,0.014999634531,0.0,0.0,0.0,0.0,0.0,0.0,0.0,0.0,0.0,0.0,0.0,0.0,0.0,0.0,39.423371057150995,40.270769787150996,41.552273247151,39.860586697151,43.633254710179,46.287285448897,45.259136545651,46.375876991009,44.836662559588,44.937277017747,50.319633062641,53.272623050301,52.084956966414005,53.701496316414,51.630958847831,51.701504735469,59.72378684,58.26490566,59.57366927,61.2657127,57.50458168,64.05287708,67.60059253,65.89993529,67.60849675,64.73011923,64.55936307,71.78051186,72.24927243,73.5371538,39.75851769,40.60591642,41.88741988,40.19573333,43.95335527,46.60302079,45.57106393,46.63142804,45.07795699,45.15781344,50.50756966,53.42433762,52.23068097,53.84722032,51.66704156,51.71650437,59.72378684,58.26490566,59.57366927,61.2657127,57.50458168,64.05287708,67.60059253,65.89993529,67.60849675,64.73011923,64.55936307,71.78051186,72.24927243,73.5371538,
0.0,0.0,0.0,0.0,0.0,0.0,0.0,0.0,0.0,0.0,0.0,0.0,0.0,0.0,0.0,0.0,0.0,0.0,0.0,0.0,0.0,0.0,0.0,0.0,0.0,0.0,0.0,0.0,0.0,0.0,0.332700257491,0.332700257491,0.332700257491,0.332700257491,0.317764012039,0.31343065687700006,0.30965049599100003,0.253685675069,0.23953312150800002,0.218926634727,0.186564769581,0.150607141641,0.144660303174,0.144660303174,0.035819329371000005,0.014890145929,0.0,0.0,0.0,0.0,0.0,0.0,0.0,0.0,0.0,0.0,0.0,0.0,0.0,0.0,38.382952922509,38.940572032509,40.234574682509,38.688714222509,42.779789717961,44.773672023123,44.066086054009,44.847347184930996,43.521470778491995,43.796031325273,49.337588370419006,51.535926378359,50.371863796826,52.005483996826,50.121768960629,50.392771174071,57.78107222,56.73661925,57.61852313,59.33483176,56.04925377,62.80572426,65.40165864,64.17138233,65.47771344,62.83902798,62.92549251,70.38289678,70.35417658,71.12374055,38.71565318,39.27327229,40.56727494,39.02141448,43.09755373,45.08710268,44.37573655,45.10103286,43.7610039,44.01495796,49.52415314,51.68653352,50.5165241,52.1501443,50.15758829,50.40766132,57.78107222,56.73661925,57.61852313,59.33483176,56.04925377,62.80572426,65.40165864,64.17138233,65.47771344,62.83902798,62.92549251,70.38289678,70.35417658,71.12374055,
0.0,0.0,0.0,0.0,0.0,0.0,0.0,0.0,0.0,0.0,0.0,0.0,0.0,0.0,0.0,0.0,0.0,0.0,0.0,0.0,0.0,0.0,0.0,0.0,0.0,0.0,0.0,0.0,0.0,0.0,0.348784604966,0.348784604966,0.348784604966,0.348784604966,0.333126268814,0.32858341820200004,0.324620505966,0.265950073594,0.251113316808,0.22951061230199998,0.195584217306,0.15788822286600002,0.151653885324,0.151653885324,0.037551009846,0.015610007954000001,0.0,0.0,0.0,0.0,0.0,0.0,0.0,0.0,0.0,0.0,0.0,0.0,0.0,0.0,37.808448205034,38.279585205034,39.421051145034,37.772859015034,41.569145461186004,43.987183541798,43.411056694033995,44.094483236406,42.500832453192,43.046729447698,47.955049462694,50.644408627134,49.535343424676,50.973364394676,48.963484230154,49.546042512046,56.79257213,55.91827107,56.67237513,58.16847487,55.10856021,61.06384926,64.282788,63.24579786,64.19060468,61.39006139,61.86939272,68.43087393,69.33941375,69.95582472,38.15723281,38.62836981,39.76983575,38.12164362,41.90227173,44.31576696,43.7356772,44.36043331,42.75194577,43.27624006,48.15063368,50.80229685,49.68699731,51.12501828,49.00103524,49.56165252,56.79257213,55.91827107,56.67237513,58.16847487,55.10856021,61.06384926,64.282788,63.24579786,64.19060468,61.39006139,61.86939272,68.43087393,69.33941375,69.95582472,
0.0,0.0,0.0,0.0,0.0,0.0,0.0,0.0,0.0,0.0,0.0,0.0,0.0,0.0,0.0,0.0,0.0,0.0,0.0,0.0,0.0,0.0,0.0,0.0,0.0,0.0,0.0,0.0,0.0,0.0,0.368306041474,0.368306041474,0.368306041474,0.368306041474,0.351771309946,0.34697419647800004,0.342789480474,0.28083527036600003,0.26516810191199996,0.242356296378,0.206531044734,0.166725209574,0.160141936836,0.160141936836,0.039652735794,0.016483698406,0.0,0.0,0.0,0.0,0.0,0.0,0.0,0.0,0.0,0.0,0.0,0.0,0.0,0.0,37.521145548526,37.824566678526,39.105737358526,37.203563548526,41.146117470053994,43.455430623522,43.085957899525994,43.579477539634006,41.870227398088,42.970638623622,47.479419105266,50.047068320426,48.966683073164,50.584628623164,48.254710534206,49.472737991594,56.13467634,55.5258458,56.03344952,57.73584071,55.02802298,60.47454518,63.53812414,62.8019492,63.71318029,60.50472019,61.77897501,67.77047348,68.85280109,69.16714121,37.88945159,38.19287272,39.4740434,37.57186959,41.49788878,43.80240482,43.42874738,43.86031281,42.1353955,43.21299492,47.68595015,50.21379353,49.12682501,50.74477056,48.29436327,49.48922169,56.13467634,55.5258458,56.03344952,57.73584071,55.02802298,60.47454518,63.53812414,62.8019492,63.71318029,60.50472019,61.77897501,67.77047348,68.85280109,69.16714121,
0.0,0.0,0.0,0.0,0.0,0.0,0.0,0.0,0.0,0.0,0.0,0.0,0.0,0.0,0.0,0.0,0.0,0.0,0.0,0.0,0.0,0.0,0.0,0.0,0.0,0.0,0.0,0.0,0.0,0.0,0.413512355179,0.413512355179,0.413512355179,0.413512355179,0.394948131391,0.389562214613,0.384863861679,0.315305319461,0.297715144452,0.272103391263,0.231880906389,0.187189256529,0.179797945206,0.179797945206,0.044519758899,0.018506926801000002,0.0,0.0,0.0,0.0,0.0,0.0,0.0,0.0,0.0,0.0,0.0,0.0,0.0,0.0,37.839791864820995,38.476126914821,38.715648094821,36.688916434820996,41.609361748609004,44.271095405387,43.460930038320996,44.345167220539004,41.311220685548,43.761454138737,48.036006583611,51.010480143471,49.843265704794,50.121617834794,47.646430781101,50.410455353199,57.23456443,56.05906082,57.05568824,57.23140526,56.07293871,61.21254864,64.78307344,63.40503669,63.15652109,59.74874545,62.95208318,68.59751309,69.51399495,70.42898268,38.25330422,38.88963927,39.12916045,37.10242879,42.00430988,44.66065762,43.8457939,44.66047254,41.60893583,44.03355753,48.26788749,51.1976694,50.02306365,50.30141578,47.69095054,50.42896228,57.23456443,56.05906082,57.05568824,57.23140526,56.07293871,61.21254864,64.78307344,63.40503669,63.15652109,59.74874545,62.95208318,68.59751309,69.51399495,70.42898268,
0.0,0.0,0.0,0.0,0.0,0.0,0.0,0.0,0.0,0.0,0.0,0.0,0.0,0.0,0.0,0.0,0.0,0.0,0.0,0.0,0.0,0.0,0.0,0.0,0.0,0.0,0.0,0.0,0.0,0.0,0.44212403620699997,0.44212403620699997,0.44212403620699997,0.44212403620699997,0.42227531960299997,0.416516741329,0.41149330070699996,0.337121874913,0.318314603316,0.290930725779,0.24792517313699997,0.200141225757,0.192238495998,0.192238495998,0.047600162967,0.019787455133,0.0,0.0,0.0,0.0,0.0,0.0,0.0,0.0,0.0,0.0,0.0,0.0,0.0,0.0,39.696860103793,40.018592573793,39.244649963793,36.549173653793005,42.889915700397,46.119664758671,45.595659849293,46.127560165087,41.165992006684,46.530317164221,49.522871426863,53.147573794243,51.851674494002005,50.826002044002,47.500503987033,53.601747474867004,59.6381294,58.82246774,59.36064403,58.04698645,59.62282201,63.11851349,67.50363798,66.53056027,64.05653867,59.56978294,66.93747352,70.73342234,72.94065696,73.27419752,40.13898414,40.46071661,39.686774,36.99129769,43.31219102,46.5361815,46.00715315,46.46468204,41.48430661,46.82124789,49.7707966,53.34771502,52.04391299,51.01824054,47.54810415,53.62153493,59.6381294,58.82246774,59.36064403,58.04698645,59.62282201,63.11851349,67.50363798,66.53056027,64.05653867,59.56978294,66.93747352,70.73342234,72.94065696,73.27419752,
0.045464058027,0.045464058027,0.045464058027,0.045464058027,0.043508614671,0.042941294685,0.042446398527,0.03511952126100001,0.033266678328,0.030568890735000003,0.026332096797000003,0.021624547977,0.020845991826000002,0.020845991826000002,0.006596603667,0.0038565688410000013,0.0009958276350000002,0.0,0.0,0.0,0.0,0.0,0.0,0.0,0.0,0.0,0.0,0.0,0.0,0.0,0.454683514278,0.454683514278,0.454683514278,0.454683514278,0.43427095246200004,0.428348789466,0.423182647278,0.346698542202,0.327357009864,0.299195234766,0.254968017498,0.205826664978,0.197699441292,0.197699441292,0.048952347318,0.020349560082000003,0.0,0.0,0.0,0.0,0.0,0.0,0.0,0.0,0.0,0.0,0.0,0.0,0.0,0.0,41.293931567695,42.063463387694995,40.064106347694995,36.431111547695,44.532431622867,47.919064805849,47.438587794194994,48.497806786537,41.056352001808,49.154023284499,51.440721175705,55.245833847045,54.530283816882,51.927715276882,47.415382459015,56.646573801077004,62.013336962364995,61.24795943,62.44583808,59.33041313,63.01333651,65.59302485,70.19323228,69.27388824,65.47283736,59.47309846,70.74394337,73.50647018,75.94829952,77.08253084,41.79407914,42.56361096,40.56425392,36.93125912,45.01021119,48.39035489,47.90421684,48.87962485,41.41697569,49.48378741,51.72202129,55.47328506,54.74882925,52.14626071,47.47093141,56.67077993,62.01433279,61.24795943,62.44583808,59.33041313,63.01333651,65.59302485,70.19323228,69.27388824,65.47283736,59.47309846,70.74394337,73.50647018,75.94829952,77.08253084,
0.5058709765380001,0.5058709765380001,0.5058709765380001,0.5058709765380001,0.484113085074,0.47780061039,0.472293983538,0.3907690445340001,0.37015277083200004,0.34013493909000003,0.29299284091800004,0.240612731838,0.23194986764400005,0.23194986764400005,0.073399306698,0.04291139705400002,0.011080407690000002,0.0,0.0,0.0,0.0,0.0,0.0,0.0,0.0,0.0,0.0,0.0,0.0,0.0,0.48747124018599997,0.48747124018599997,0.48747124018599997,0.48747124018599997,0.465586706194,0.459237489542,0.453698811186,0.371699353574,0.350963082168,0.32077053064199995,0.27335404032599997,0.220669051086,0.211955764404,0.211955764404,0.052482354666,0.021816989134,0.0,0.0,0.0,0.0,0.0,0.0,0.0,0.0,0.0,0.0,0.0,0.0,0.0,0.0,41.654565683276,42.196449333276,40.338814803275994,35.908429193276,45.168965918732,48.066316470067996,47.956879375275996,48.836255981892,40.662790507,50.127958120268,52.429418898756,55.714728157076,55.110368767952,52.689511787952,47.307146648636,58.100676133812,62.78883799231,62.49921966,63.36451887,60.4535697,64.6752385,67.20836687,71.08242661,70.68911354,66.71227332,59.42561225,72.60973095,75.31669451,77.49987917,78.21654141,42.6479079,43.18979155,41.33215702,36.90177141,46.11866571,49.00335457,48.88287217,49.59872438,41.38390636,50.78886359,52.99576578,56.17600994,55.5542744,53.13341742,47.43302831,58.16540452,62.7999184,62.49921966,63.36451887,60.4535697,64.6752385,67.20836687,71.08242661,70.68911354,66.71227332,59.42561225,72.60973095,75.31669451,77.49987917,78.21654141,
1.5522938295930002,1.5522938295930002,1.5522938295930002,1.5522938295930002,1.4855285035890002,1.466158316415,1.4492609190930001,1.1990970123990001,1.1358348053520002,1.0437233833650001,0.8990651770230002,0.7383338366430001,0.7117513457340001,0.7117513457340001,0.225229942353,0.13167605961900006,0.03400086046500001,0.0,0.0,0.0,0.0,0.0,0.0,0.0,0.0,0.0,0.0,0.0,0.0,0.0,0.5220374369699999,0.5220374369699999,0.5220374369699999,0.5220374369699999,0.49860108813,0.49180165359000005,0.48587023197,0.39805625823,0.37584959436,0.34351611308999996,0.29273735727,0.23631651747,0.22698537858,0.22698537858,0.056203836570000006,0.02336401443,0.0,0.0,0.0,0.0,0.0,0.0,0.0,0.0,0.0,0.0,0.0,0.0,0.0,0.0,41.974486933437,42.516622503437,40.847052513437,35.831425263437,45.153603268281,48.652153639995,48.553459138937,49.610651779371,40.998152360287996,51.321517813545,52.974991135707,57.043301075886994,56.417828165686004,54.237667435686,48.442103161077,60.209102255951,64.825048739535,64.55221135,65.42018914,62.77801724,67.12005761,68.69344536,73.41313096,73.01112913,69.27736882,61.04240267,75.35448554,76.98093972,80.04561667,80.75404065,44.0488182,44.59095377,42.92138378,37.90575653,47.13773286,50.61011361,50.48859029,51.20780505,42.50983676,52.70875731,54.16679367,58.01795143,57.35656489,55.17640416,48.72353694,60.36414233,64.8590496,64.55221135,65.42018914,62.77801724,67.12005761,68.69344536,73.41313096,73.01112913,69.27736882,61.04240267,75.35448554,76.98093972,80.04561667,80.75404065,
2.6689447851390002,2.6689447851390002,2.6689447851390002,2.6689447851390002,2.554151461047,2.5208472250450003,2.4917945936390002,2.061673928677,1.9529037110960001,1.794531439895,1.545812571029,1.269458272289,1.2237535228820002,1.2237535228820002,0.387250318619,0.2263979447370001,0.058459563195000015,0.0,0.0,0.0,0.0,0.0,0.0,0.0,0.0,0.0,0.0,0.0,0.0,0.0,0.56092061221,0.56092061221,0.56092061221,0.56092061221,0.53573864209,0.52843276187,0.5220595472099999,0.42770488139,0.40384418748,0.36910239537,0.31454146011,0.25391819871,0.24389204394,0.24389204394,0.060390095010000006,0.025104247990000002,0.0,0.0,0.0,0.0,0.0,0.0,0.0,0.0,0.0,0.0,0.0,0.0,0.0,0.0,41.217616872651,42.264082032651,40.839109782651,35.650435342651,45.039567546863,48.269600343084996,47.931683419151,49.755415119933,41.246002421423995,52.361448374735,53.44604794886099,57.307084359001,57.050424293178,55.184013143178,49.528562226370994,62.192766857273,65.708905256805,65.1364415,66.74498735,64.45651654,69.43299075,70.13867806,74.44124136,73.67191676,71.12964164,62.61178224,77.95117412,78.60053197,80.77006997,82.38935859,44.44748227,45.49394743,44.06897518,38.88030074,48.12945765,51.31888033,50.94553756,52.24479393,43.60275032,54.52508221,55.30640198,58.83046083,58.51806986,56.65165871,49.97620264,62.44426905,65.76736482,65.1364415,66.74498735,64.45651654,69.43299075,70.13867806,74.44124136,73.67191676,71.12964164,62.61178224,77.95117412,78.60053197,80.77006997,82.38935859,
3.426847493337,3.426847493337,3.426847493337,3.426847493337,3.279456203301,3.236694532735,3.199391798837,2.6471293725910003,2.507471576168,2.3041261852850003,1.9847783902070002,1.6299475067870002,1.5712639376060002,1.5712639376060002,0.497218148177,0.29068837757100013,0.07506037918500001,0.0,0.0,0.0,0.0,0.0,0.0,0.0,0.0,0.0,0.0,0.0,0.0,0.0,0.606475369892,0.606475369892,0.606475369892,0.606475369892,0.579248264468,0.5713490425240001,0.564458231892,0.462440620828,0.436642098096,0.399078776724,0.340086714972,0.274539979692,0.263699558088,0.263699558088,0.06529463245200001,0.027143071148000002,0.0,0.0,0.0,0.0,0.0,0.0,0.0,0.0,0.0,0.0,0.0,0.0,0.0,0.0,41.008912106771,42.143203726771,40.865699966771,35.591717356771,45.144329772230996,48.352809084741004,47.863390839271,49.919091016581,41.493833105735995,52.803629677991,53.985379024821,57.891185753521,57.561096024306,55.883740144306,50.370967719371,63.250779101281005,66.771328390815,66.00803359,67.7464115,65.67056747,70.68316782,71.41173432,75.66257481,74.65772223,72.46938217,63.81109051,79.3547255,80.02717561,81.85085597,83.62550675,45.04223497,46.17652659,44.89902283,39.62504022,49.00303424,52.16085266,51.62724087,53.02866101,44.43794678,55.50683464,56.31024413,59.79567324,59.39605952,57.71870364,50.9334805,63.56861055,66.84638877,66.00803359,67.7464115,65.67056747,70.68316782,71.41173432,75.66257481,74.65772223,72.46938217,63.81109051,79.3547255,80.02717561,81.85085597,83.62550675,
3.886613074827,3.886613074827,3.886613074827,3.886613074827,3.719446921071,3.670948098685,3.628640615327,3.002283483661,2.843888393528,2.613261014735,2.251067681597,1.848630644777,1.7820737502260002,1.7820737502260002,0.563927796467,0.3296888032410001,0.08513091163500001,0.0,0.0,0.0,0.0,0.0,0.0,0.0,0.0,0.0,0.0,0.0,0.0,0.0,0.635986094261,0.635986094261,0.635986094261,0.635986094261,0.607434134369,0.599150541067,0.591924427761,0.484942701499,0.457888838268,0.41849770841699996,0.35663512865099994,0.287898928911,0.276531018954,0.276531018954,0.068471829741,0.028463836559000002,0.0,0.0,0.0,0.0,0.0,0.0,0.0,0.0,0.0,0.0,0.0,0.0,0.0,0.0,40.909577640912005,41.968383030911994,41.041362770912,35.681311000912004,45.48871555456,48.152376560248,47.853625706912,49.90255250484,41.785349758204,53.556825206847996,54.636270949752,57.959060076312,57.74193350082,56.51489304082,51.045152323792,64.4493197602,67.09653845836499,66.57948157,68.20775497,66.64312601,72.06068227,72.59587503,76.04207465,75.30405271,73.54262882,64.74328699,80.90123629,81.35417652,82.55945921,84.19498461,45.43217681,46.4909822,45.56396194,40.20391017,49.81559661,52.4224752,52.07419075,53.38977869,45.08712699,56.58858393,57.24397376,60.09558965,59.80053827,58.57349781,51.67755195,64.8074724,67.18166937,66.57948157,68.20775497,66.64312601,72.06068227,72.59587503,76.04207465,75.30405271,73.54262882,64.74328699,80.90123629,81.35417652,82.55945921,84.19498461,
4.0262773882500005,4.0262773882500005,4.0262773882500005,4.0262773882500005,3.8531041672500006,3.8028625537500003,3.7590347632500003,3.1101696697500008,2.9460826980000006,2.7071677912500003,2.3319591457500004,1.91506065075,1.8461120535000004,1.8461120535000004,0.58419237825,0.34153607475000014,0.08819006625000002,0.0,0.0,0.0,0.0,0.0,0.0,0.0,0.0,0.0,0.0,0.0,0.0,0.0,0.633965052798,0.633965052798,0.633965052798,0.633965052798,0.605503825542,0.5972465559060001,0.590043405798,0.48340164688200005,0.456433755624,0.417167803206,0.355501810818,0.286984041498,0.275652256572,0.275652256572,0.068254239438,0.028373383962000003,0.0,0.0,0.0,0.0,0.0,0.0,0.0,0.0,0.0,0.0,0.0,0.0,0.0,0.0,41.078503268952005,42.187980498952,41.085754718952,36.046159068952,45.286217797207996,48.348908830344,48.076500700952,50.206459053368,42.248135106376,53.842064255544,54.475188813432,58.267883997752,58.138286479928,56.685743869928,51.671000782312,64.870252591288,67.51195795375001,67.02874902,68.73186927,66.90937582,72.54179827,72.49274127,76.51574529,75.81219214,73.83644323,65.55248542,81.44137659,81.23860024,83.11655693,84.84194617,45.73874571,46.84822294,45.74599716,40.70640151,49.74482579,52.74901794,52.42557887,53.80003037,45.65065156,56.96639985,57.16264977,60.46992869,60.26005079,58.80750818,52.3234474,65.24016205,67.60014802,67.02874902,68.73186927,66.90937582,72.54179827,72.49274127,76.51574529,75.81219214,73.83644323,65.55248542,81.44137659,81.23860024,83.11655693,84.84194617,
3.8394857379330003,3.8394857379330003,3.8394857379330003,3.8394857379330003,3.6743465664090005,3.626435819115,3.584641337433,2.9658791330190004,2.8094046711120004,2.5815737770650005,2.2237722387630003,1.8262149739830003,1.7604651186540003,1.7604651186540003,0.557089859493,0.3256911438390001,0.08409865216500002,0.0,0.0,0.0,0.0,0.0,0.0,0.0,0.0,0.0,0.0,0.0,0.0,0.0,0.648851926765,0.648851926765,0.648851926765,0.648851926765,0.619722368185,0.611271199955,0.603898904265,0.49475296563500004,0.46715180982,0.426963807705,0.363849764115,0.293723049015,0.28212516921,0.28212516921,0.069856996965,0.029039652535000002,0.0,0.0,0.0,0.0,0.0,0.0,0.0,0.0,0.0,0.0,0.0,0.0,0.0,0.0,41.704765425302,42.899483965302,40.846086055301996,36.568856085302,46.075187375405996,48.90445714093,48.757821358302,50.959068011346,42.767494979068,54.651884425229994,55.292571807122,58.800681977002,58.911536882136,56.235830982136,52.147404053542004,65.680252733626,68.019883257835,67.69459602,69.52352421,66.307397,73.42557564,73.40271893,77.08602844,76.5652917,73.17214208,66.11739174,82.43357761,82.2583618,83.94221624,85.81915727,46.19310309,47.38782163,45.33442372,41.05719375,50.36925631,53.14216416,52.9463616,54.41970011,46.04405146,57.66042201,57.88019381,60.92062,60.95412717,58.27842127,52.77435091,66.03498353,68.10398191,67.69459602,69.52352421,66.307397,73.42557564,73.40271893,77.08602844,76.5652917,73.17214208,66.11739174,82.43357761,82.2583618,83.94221624,85.81915727,
3.3364324273140005,3.3364324273140005,3.3364324273140005,3.3364324273140005,3.1929299573220002,3.15129652467,3.1149779983140005,2.5772866447020006,2.4413136252960004,2.2433333657700003,1.9324113474540003,1.586942438214,1.5298071955320003,1.5298071955320003,0.484099381794,0.2830187602620001,0.07307996157000002,0.0,0.0,0.0,0.0,0.0,0.0,0.0,0.0,0.0,0.0,0.0,0.0,0.0,0.667447018021,0.667447018021,0.667447018021,0.667447018021,0.6374826514090001,0.6287892857870001,0.621205711521,0.508931819339,0.480539657148,0.439199929137,0.374277134811,0.302140696671,0.290210439594,0.290210439594,0.071858990301,0.029871883999000003,0.0,0.0,0.0,0.0,0.0,0.0,0.0,0.0,0.0,0.0,0.0,0.0,0.0,0.0,42.590170404664995,43.797263944665,41.501410294665,37.089083134664996,46.914300211268994,49.601198839542995,49.669741570164994,51.808136215958996,43.162311527556,55.45259730509299,56.004948977735,59.305657585115,59.665758084874,56.678055744874,52.264369287905,66.265747845739,68.33734519843,68.28217139,70.12991598,66.55731042,74.03007611,73.94986874,77.43288765,77.2298629,73.44792881,66.17499288,83.11223944,82.87152229,84.67081765,86.56768133,46.59404985,47.80114339,45.50528974,41.09296258,50.74471282,53.38128465,53.40592528,54.89435468,46.08416481,58.1351306,58.31163746,61.19474072,61.48577572,58.49807338,52.82032766,66.57863849,68.41042516,68.28217139,70.12991598,66.55731042,74.03007611,73.94986874,77.43288765,77.2298629,73.44792881,66.17499288,83.11223944,82.87152229,84.67081765,86.56768133,
2.622843827028,2.622843827028,2.622843827028,2.622843827028,2.510033339844,2.4773043713400003,2.4487535690280002,2.0260624226040003,1.919171004192,1.7635343135400001,1.5191115913080002,1.247530788828,1.2026155022640002,1.2026155022640002,0.380561303988,0.22248734972400008,0.057449785140000015,0.0,0.0,0.0,0.0,0.0,0.0,0.0,0.0,0.0,0.0,0.0,0.0,0.0,0.5600281724239999,0.5600281724239999,0.5600281724239999,0.5600281724239999,0.534886267496,0.527592011128,0.521228936424,0.427024391416,0.403201660512,0.36851514352799997,0.314041016184,0.253514208024,0.24350400513599998,0.24350400513599998,0.060294012744,0.025064306456,0.0,0.0,0.0,0.0,0.0,0.0,0.0,0.0,0.0,0.0,0.0,0.0,0.0,0.0,43.697968690548,44.375265840548,42.316572420548006,38.248648230548,48.31598125266,50.766134537532004,50.764661354548,52.16220272598,44.141471435296005,56.037393612932,57.18655731250799,60.140489423148,59.7270824226,57.0444395826,52.814649693268,66.37038281382,68.85245207486001,68.70245469,69.77339818,66.54876089,74.07377007,74.84783469,77.99823895,77.7052201,73.43849416,66.72019695,83.16129388,83.877823,85.19197464,86.12759925,46.88084069,47.55813784,45.49944442,41.43152023,51.36090086,53.77103092,53.73464386,54.61528954,46.4638441,58.16944307,59.01970992,61.64153442,61.17320193,58.49055909,53.25550501,66.61793447,68.90990186,68.70245469,69.77339818,66.54876089,74.07377007,74.84783469,77.99823895,77.7052201,73.43849416,66.72019695,83.16129388,83.877823,85.19197464,86.12759925,
1.704407811588,1.704407811588,1.704407811588,1.704407811588,1.631099948724,1.60983161814,1.591278393588,1.3166001666840002,1.2471387040320001,1.14600100434,0.987167301468,0.810685409388,0.7814980195440001,0.7814980195440001,0.24730090774799998,0.14457939620400004,0.03733270794000001,0.0,0.0,0.0,0.0,0.0,0.0,0.0,0.0,0.0,0.0,0.0,0.0,0.0,0.610249846458,0.610249846458,0.610249846458,0.610249846458,0.582853289682,0.5749049059260001,0.567971209458,0.465318678822,0.43935959570399996,0.401562494226,0.342203287878,0.276248614158,0.265340725812,0.265340725812,0.065701001898,0.027311999502,0.0,0.0,0.0,0.0,0.0,0.0,0.0,0.0,0.0,0.0,0.0,0.0,0.0,0.0,44.079293041953996,44.823819201953995,42.871782791954,39.111574521954,48.462011701594,50.733004885933994,51.017322776954,52.351436224494,44.771415450264,56.409654901434,56.903267470654,59.576414306454,59.586560594644,57.041346704644,52.935705910354,66.202995034294,67.77904173206001,67.98893213,69.15770601,66.09095252,73.80352025,73.84968299,76.76048922,76.89819759,72.93328931,66.71168122,82.85788925,82.75924967,84.307197,85.36759487,46.3939507,47.13847686,45.18644045,41.42623218,50.67596494,52.91774141,53.17657238,54.13335507,46.45791375,57.9572184,58.23263806,60.66334833,60.63339934,58.08818545,53.24870782,66.37488643,67.81637444,67.98893213,69.15770601,66.09095252,73.80352025,73.84968299,76.76048922,76.89819759,72.93328931,66.71168122,82.85788925,82.75924967,84.307197,85.36759487,
0.7340747896440001,0.7340747896440001,0.7340747896440001,0.7340747896440001,0.7025016804120001,0.6933415808200001,0.6853508556440001,0.5670491438920001,0.5371326484160001,0.4935734514200001,0.4251650480840001,0.34915571104400006,0.3365849360720001,0.3365849360720001,0.10651051972400001,0.06226918765200003,0.016078898220000006,0.0,0.0,0.0,0.0,0.0,0.0,0.0,0.0,0.0,0.0,0.0,0.0,0.0,0.6657334712769999,0.6657334712769999,0.6657334712769999,0.6657334712769999,0.635846032633,0.627174985619,0.6196108807769999,0.507625231043,0.47930596047599994,0.43807236456899995,0.37331624750699993,0.301365006327,0.289465377978,0.289465377978,0.071674505637,0.029795193463,0.0,0.0,0.0,0.0,0.0,0.0,0.0,0.0,0.0,0.0,0.0,0.0,0.0,0.0,44.302548809079,44.927272759079,43.571158589079005,40.637808989079,48.91054684695499,50.856600403561,51.078908613579,52.126881835065,46.127119801107995,55.743046874011,56.943402724409,59.163797452629,58.963664735950005,57.185138975950004,53.856388734639,64.814023158885,66.85115329178,66.97542258,67.96729261,65.7757948,72.17033435,73.22731671,75.68616721,75.75187781,72.58550359,67.69623915,81.02434071,82.06179824,83.05043143,83.89816023,45.70235707,46.32708102,44.97096685,42.03761725,50.24889456,52.17711697,52.38387035,53.20155621,47.14355841,56.67469269,57.74188402,59.81431817,59.58971505,57.81118929,54.03457376,64.90608754,66.86723219,66.97542258,67.96729261,65.7757948,72.17033435,73.22731671,75.68616721,75.75187781,72.58550359,67.69623915,81.02434071,82.06179824,83.05043143,83.89816023,
0.091479885705,0.091479885705,0.091479885705,0.091479885705,0.08754526696500001,0.086403741775,0.085407943205,0.07066526681500002,0.06693709412000001,0.061508777525,0.05298377025500001,0.043511539955000005,0.04194497879000001,0.04194497879000001,0.013273266305,0.007759942515000003,0.0020037410250000006,0.0,0.0,0.0,0.0,0.0,0.0,0.0,0.0,0.0,0.0,0.0,0.0,0.0,0.7375519095559999,0.7375519095559999,0.7375519095559999,0.7375519095559999,0.704440253924,0.6948337859320001,0.686453675556,0.562387163404,0.531012847728,0.48533102653199994,0.41358910599599996,0.33387586095599997,0.320692516584,0.320692516584,0.079406655636,0.033009459164,0.0,0.0,0.0,0.0,0.0,0.0,0.0,0.0,0.0,0.0,0.0,0.0,0.0,0.0,45.597430214739,46.455870754738996,45.944159754739,44.501927594738994,50.401055049111,52.253199662293,52.441975101239,53.668456429780996,50.238964038152,57.633002335943,58.360245843749,60.419737549089,60.459106644626,59.765352174625995,58.175110428059,66.589074498321,67.963921388975,68.03657647,69.37252977,68.41177909,74.0870124,74.60321322,76.92976374,76.95208524,75.49438895,72.99974806,83.17616079,83.60368927,84.36627663,85.63277121,46.42646201,47.28490255,46.77319155,45.33095939,51.19304057,53.03443719,53.21383672,54.30150886,50.83691398,58.17984214,58.82681872,60.79712495,60.82174414,60.12798967,58.26779035,66.6298439,67.96592513,68.03657647,69.37252977,68.41177909,74.0870124,74.60321322,76.92976374,76.95208524,75.49438895,72.99974806,83.17616079,83.60368927,84.36627663,85.63277121,
0.0,0.0,0.0,0.0,0.0,0.0,0.0,0.0,0.0,0.0,0.0,0.0,0.0,0.0,0.0,0.0,0.0,0.0,0.0,0.0,0.0,0.0,0.0,0.0,0.0,0.0,0.0,0.0,0.0,0.0,0.72530597405,0.72530597405,0.72530597405,0.72530597405,0.6927440874499999,0.68329712035,0.6750561490499999,0.55304957395,0.5221961813999999,0.47727283784999996,0.40672208354999995,0.32833235655,0.31536790169999995,0.31536790169999995,0.07808822805,0.03246138695,0.0,0.0,0.0,0.0,0.0,0.0,0.0,0.0,0.0,0.0,0.0,0.0,0.0,0.0,46.449273745949995,47.26972891595,47.16516646595,46.772012505949995,50.94239810255,52.75026045965,53.39627028095,54.56396816605,52.7442055486,58.936611702149996,58.92812334645,60.92633251345,61.4198070683,61.2489114783,60.97431024195,68.01065641305,68.47741517,69.13292035,70.41437769,70.04594539,75.65845899,75.24748442,77.50871279,78.19209396,77.29773902,76.48839401,84.94039571,84.32568831,85.72575789,86.91881807,47.17457972,47.99503489,47.89047244,47.49731848,51.63514219,53.43355758,54.07132643,55.11701774,53.26640173,59.41388454,59.33484543,61.25466487,61.73517497,61.56427938,61.05239847,68.0431178,68.47741517,69.13292035,70.41437769,70.04594539,75.65845899,75.24748442,77.50871279,78.19209396,77.29773902,76.48839401,84.94039571,84.32568831,85.72575789,86.91881807,
0.0,0.0,0.0,0.0,0.0,0.0,0.0,0.0,0.0,0.0,0.0,0.0,0.0,0.0,0.0,0.0,0.0,0.0,0.0,0.0,0.0,0.0,0.0,0.0,0.0,0.0,0.0,0.0,0.0,0.0,0.6942245995369999,0.6942245995369999,0.6942245995369999,0.6942245995369999,0.6630580801729999,0.654015941839,0.646128119037,0.529349864383,0.4998186253559999,0.4568203717889999,0.38929291316699993,0.31426240358699997,0.30185351161799995,0.30185351161799995,0.074741930697,0.031070326403,0.0,0.0,0.0,0.0,0.0,0.0,0.0,0.0,0.0,0.0,0.0,0.0,0.0,0.0,45.491327200463,46.291547400462996,46.111414060463,46.651543050463,49.946986049827,51.681828778161,52.291578220963,53.428640475617,52.596624714644,57.822677908211,57.767594396833005,59.682016606413,60.135124238382,59.867847648382,60.782855179303,66.712903693597,67.07064866,67.68352984,68.93366998,68.45923714,74.21391589,73.75361712,75.91641173,76.5527754,75.54676029,76.24434065,83.31863307,82.65159397,83.92849403,85.09104698,46.1855518,46.985772,46.80563866,47.34576765,50.61004413,52.33584472,52.93770634,53.95799034,53.09644334,58.27949828,58.15688731,59.99627901,60.43697775,60.16970116,60.85759711,66.74397402,67.07064866,67.68352984,68.93366998,68.45923714,74.21391589,73.75361712,75.91641173,76.5527754,75.54676029,76.24434065,83.31863307,82.65159397,83.92849403,85.09104698,
0.0,0.0,0.0,0.0,0.0,0.0,0.0,0.0,0.0,0.0,0.0,0.0,0.0,0.0,0.0,0.0,0.0,0.0,0.0,0.0,0.0,0.0,0.0,0.0,0.0,0.0,0.0,0.0,0.0,0.0,0.65226495432,0.65226495432,0.65226495432,0.65226495432,0.62298217128,0.61448654904,0.60707547432,0.49735541687999996,0.46960907615999997,0.42920968103999996,0.36576365112,0.29526806231999997,0.28360917647999995,0.28360917647999995,0.07022445192,0.029192404079999998,0.0,0.0,0.0,0.0,0.0,0.0,0.0,0.0,0.0,0.0,0.0,0.0,0.0,0.0,44.408063915679996,45.26916016568,44.495377485679995,45.334115565679994,48.28725340872,50.33037041096,51.04090455568,52.23834961312,51.10233428384,56.26722025896,55.837843908880004,58.10642333768,58.78431777352,57.754700563520004,59.040035178080004,64.90178948591999,65.28803769,66.03454965,67.37214755,66.03420547,72.19801486,71.27649956,73.8986971,74.68771295,72.87066728,74.05522047,81.05541713,79.87562551,81.88373625,83.16351899,45.06032887,45.92142512,45.14764244,45.98638052,48.91023558,50.94485696,51.64798003,52.73570503,51.57194336,56.69642994,56.20360756,58.4016914,59.06792695,58.03830974,59.11025963,64.93098189,65.28803769,66.03454965,67.37214755,66.03420547,72.19801486,71.27649956,73.8986971,74.68771295,72.87066728,74.05522047,81.05541713,79.87562551,81.88373625,83.16351899,
0.0,0.0,0.0,0.0,0.0,0.0,0.0,0.0,0.0,0.0,0.0,0.0,0.0,0.0,0.0,0.0,0.0,0.0,0.0,0.0,0.0,0.0,0.0,0.0,0.0,0.0,0.0,0.0,0.0,0.0,0.591030629042,0.591030629042,0.591030629042,0.591030629042,0.564496899818,0.556798842574,0.550083516042,0.450663925678,0.42552239829599997,0.38891567927399995,0.331425932622,0.267548436342,0.256984081188,0.256984081188,0.063631813602,0.026451834998000003,0.0,0.0,0.0,0.0,0.0,0.0,0.0,0.0,0.0,0.0,0.0,0.0,0.0,0.0,43.031198140958,44.145176140958,42.432312540957994,43.046332210958,46.287954400181995,48.384005597426004,49.449551573958,50.923948214322,48.512088681704,54.074567330726,53.507545697378006,55.836755863658006,57.286417208812,55.050491158812,56.027232866398,62.347271385002,62.7197577,63.92705744,65.63329242,62.92714589,69.35454948,68.2777068,70.99169374,72.30405509,69.44193662,70.27242608,77.86310951,76.51504454,79.27041736,81.01709326,43.62222877,44.73620677,43.02334317,43.63736284,46.8524513,48.94080444,49.99963509,51.37461214,48.93761108,54.46348301,53.83897163,56.1043043,57.54340129,55.30747524,56.09086468,62.37372322,62.7197577,63.92705744,65.63329242,62.92714589,69.35454948,68.2777068,70.99169374,72.30405509,69.44193662,70.27242608,77.86310951,76.51504454,79.27041736,81.01709326,
0.0,0.0,0.0,0.0,0.0,0.0,0.0,0.0,0.0,0.0,0.0,0.0,0.0,0.0,0.0,0.0,0.0,0.0,0.0,0.0,0.0,0.0,0.0,0.0,0.0,0.0,0.0,0.0,0.0,0.0,0.398154110074,0.398154110074,0.398154110074,0.398154110074,0.380279379346,0.375093500678,0.370569649074,0.303594577766,0.286657718712,0.261997210578,0.223268627334,0.180236868174,0.173120077236,0.173120077236,0.042866252394,0.017819561806,0.0,0.0,0.0,0.0,0.0,0.0,0.0,0.0,0.0,0.0,0.0,0.0,0.0,0.0,33.279441369926,31.454930179926002,33.498051639926,38.303608919926,40.914425400654004,40.783664779322,38.230564040926,36.276168642234,43.115869481288,44.500909309422,47.229199232666,47.002957721826,40.798945822764,43.401214742764,49.703846477606,51.246421868194,52.74672895,49.35349801,46.73223205,49.57753925,57.00170176,60.17844674,59.70334971,55.82077733,54.71025723,62.32426996,63.9947888,67.43865236,61.19900621,57.68580948,33.67759548,31.85308429,33.89620575,38.70176303,41.29470478,41.15875828,38.60113369,36.57976322,43.4025272,44.76290652,47.45246786,47.18319459,40.9720659,43.57433482,49.74671273,51.26424143,52.74672895,49.35349801,46.73223205,49.57753925,57.00170176,60.17844674,59.70334971,55.82077733,54.71025723,62.32426996,63.9947888,67.43865236,61.19900621,57.68580948,
0.0,0.0,0.0,0.0,0.0,0.0,0.0,0.0,0.0,0.0,0.0,0.0,0.0,0.0,0.0,0.0,0.0,0.0,0.0,0.0,0.0,0.0,0.0,0.0,0.0,0.0,0.0,0.0,0.0,0.0,0.36710815659699997,0.36710815659699997,0.36710815659699997,0.36710815659699997,0.350627202913,0.345845691659,0.34167458609699997,0.27992187692299997,0.26430566463599997,0.24156805260899997,0.20585931962699996,0.16618294964699998,0.159621088458,0.159621088458,0.039523768557,0.016430086543,0.0,0.0,0.0,0.0,0.0,0.0,0.0,0.0,0.0,0.0,0.0,0.0,0.0,0.0,32.176741183403,30.246002773403003,32.336385353403,37.229613793403004,39.703353387087,39.106474238341,36.959963533903,34.875868343077,41.898960785364004,43.063441037391,45.820870660373,45.060800720353,39.217488731542,41.881455331542,48.286784381443006,49.578169853457005,50.5598544,47.69202732,44.91304486,47.83304495,55.14519509,58.37034919,57.2280543,53.94158763,52.78515701,60.54474176,61.91052204,65.41241758,59.13876004,55.44022263,32.54384934,30.61311093,32.70349351,37.59672195,40.05398059,39.45231993,37.30163812,35.15579022,42.16326645,43.30500909,46.02672998,45.22698367,39.37710982,42.04107642,48.32630815,49.59459994,50.5598544,47.69202732,44.91304486,47.83304495,55.14519509,58.37034919,57.2280543,53.94158763,52.78515701,60.54474176,61.91052204,65.41241758,59.13876004,55.44022263,
0.0,0.0,0.0,0.0,0.0,0.0,0.0,0.0,0.0,0.0,0.0,0.0,0.0,0.0,0.0,0.0,0.0,0.0,0.0,0.0,0.0,0.0,0.0,0.0,0.0,0.0,0.0,0.0,0.0,0.0,0.345845849783,0.345845849783,0.345845849783,0.345845849783,0.330319446107,0.325814872201,0.32188535028299997,0.26370925749699997,0.24899751080399998,0.22757682425099998,0.19393628295299997,0.156557903733,0.150376094862,0.150376094862,0.037234616223,0.015478482677,0.0,0.0,0.0,0.0,0.0,0.0,0.0,0.0,0.0,0.0,0.0,0.0,0.0,0.0,31.105641430217,29.511343770217,31.622126600217,36.324059870217006,38.744600263893005,38.347612827799,35.727691469717,34.023988502503,40.874880469196,42.370041725749,44.707737707047,44.177526526266995,38.254405355138005,40.945171455138,47.097756733777,48.768989987323,49.56167032,46.09120374,43.80401913,46.75725125,54.24439424,56.94357152,56.09822247,52.13099223,51.59798736,59.05222203,60.89920907,63.81350686,57.15371711,54.07125214,31.45148728,29.85718962,31.96797245,36.66990572,39.07491971,38.6734277,36.04957682,34.28769776,41.12387798,42.59761855,44.90167399,44.33408443,38.40478145,41.09554755,47.13499135,48.78446847,49.56167032,46.09120374,43.80401913,46.75725125,54.24439424,56.94357152,56.09822247,52.13099223,51.59798736,59.05222203,60.89920907,63.81350686,57.15371711,54.07125214,
0.0,0.0,0.0,0.0,0.0,0.0,0.0,0.0,0.0,0.0,0.0,0.0,0.0,0.0,0.0,0.0,0.0,0.0,0.0,0.0,0.0,0.0,0.0,0.0,0.0,0.0,0.0,0.0,0.0,0.0,0.324366715421,0.324366715421,0.324366715421,0.324366715421,0.309804596009,0.305579783587,0.301894308921,0.24733130593900002,0.233533248348,0.213442916937,0.18189165821099998,0.146834704071,0.141036823194,0.141036823194,0.034922119701,0.014517174599,0.0,0.0,0.0,0.0,0.0,0.0,0.0,0.0,0.0,0.0,0.0,0.0,0.0,0.0,30.557937974579,29.091884834578998,31.384280844579,36.044816914579,38.320822053991,37.484092226413,35.095287551079004,33.533997574061,40.553096561652,41.925035763063,44.209237401789,43.174138095929,37.696573686806,40.621142746806,46.713525200298996,48.244126255401,48.42909918,45.25708386,43.15711097,46.37795541,53.6597192,56.29610675,54.81627964,51.18756933,51.17942335,58.56794734,60.24280488,63.08792895,56.11939716,53.27271503,30.88230469,29.41625155,31.70864756,36.36918363,38.63062665,37.78967201,35.39718186,33.78132888,40.78662981,42.13847868,44.39112906,43.3209728,37.83761051,40.76217957,46.74844732,48.25864343,48.42909918,45.25708386,43.15711097,46.37795541,53.6597192,56.29610675,54.81627964,51.18756933,51.17942335,58.56794734,60.24280488,63.08792895,56.11939716,53.27271503,
0.0,0.0,0.0,0.0,0.0,0.0,0.0,0.0,0.0,0.0,0.0,0.0,0.0,0.0,0.0,0.0,0.0,0.0,0.0,0.0,0.0,0.0,0.0,0.0,0.0,0.0,0.0,0.0,0.0,0.0,0.30347904307699997,0.30347904307699997,0.30347904307699997,0.30347904307699997,0.289854654833,0.28590190021899997,0.28245375257699995,0.231404347243,0.21849481887599997,0.19969820916899997,0.17017870130699997,0.13737924812699998,0.13195472317799997,0.13195472317799997,0.032673301437,0.013582337662999999,0.0,0.0,0.0,0.0,0.0,0.0,0.0,0.0,0.0,0.0,0.0,0.0,0.0,0.0,30.457224676922998,29.115052776922997,31.574790786923,36.224849006923,38.457821905167,37.598473049781,34.975349547423,33.552543182757,40.746609291123995,42.215295340831,44.355454468693,43.292158231873,37.708588856822004,40.848278086822,46.920336058563,48.561736802336995,48.5504651,45.07888132,43.16045639,46.62604969,54.01183705,56.46668267,54.95365217,50.98601514,51.45320261,58.82422919,60.63812128,63.27908394,55.8984236,53.27684459,30.76070372,29.41853182,31.87826983,36.52832805,38.74767656,37.88437495,35.2578033,33.78394753,40.96510411,42.41499355,44.52563317,43.42953748,37.84054358,40.98023281,46.95300936,48.57531914,48.5504651,45.07888132,43.16045639,46.62604969,54.01183705,56.46668267,54.95365217,50.98601514,51.45320261,58.82422919,60.63812128,63.27908394,55.8984236,53.27684459,
0.0,0.0,0.0,0.0,0.0,0.0,0.0,0.0,0.0,0.0,0.0,0.0,0.0,0.0,0.0,0.0,0.0,0.0,0.0,0.0,0.0,0.0,0.0,0.0,0.0,0.0,0.0,0.0,0.0,0.0,0.27690397058099997,0.27690397058099997,0.27690397058099997,0.27690397058099997,0.26447264364899997,0.260866024107,0.25771982408099997,0.211140716379,0.19936165042799997,0.18221102345699997,0.15527648177099998,0.12534921323099998,0.12039970343399999,0.12039970343399999,0.029812163661,0.012392958639,0.0,0.0,0.0,0.0,0.0,0.0,0.0,0.0,0.0,0.0,0.0,0.0,0.0,0.0,30.411929309419,29.187935959419,32.76646388941899,37.513636959418996,39.531971526351,37.572448325893,34.917705835919,33.625986583621,42.181265279571996,43.632698616543,45.575513898229005,43.245653886769006,37.779709186565995,42.357592826566,48.545628236339,50.166165151361,48.48502873,44.97355736,43.22839585,48.33015467,55.79450948,57.99504341,54.87958558,50.86688953,53.33373205,60.85686259,62.63949566,64.99183318,55.76782046,53.3607084,30.68883328,29.46483993,33.04336786,37.79054093,39.79644417,37.83331435,35.17542566,33.8371273,42.38062693,43.81490964,45.73079038,43.3710031,37.90010889,42.47799253,48.5754404,50.17855811,48.48502873,44.97355736,43.22839585,48.33015467,55.79450948,57.99504341,54.87958558,50.86688953,53.33373205,60.85686259,62.63949566,64.99183318,55.76782046,53.3607084,
0.0,0.0,0.0,0.0,0.0,0.0,0.0,0.0,0.0,0.0,0.0,0.0,0.0,0.0,0.0,0.0,0.0,0.0,0.0,0.0,0.0,0.0,0.0,0.0,0.0,0.0,0.0,0.0,0.0,0.0,0.253430533741,0.253430533741,0.253430533741,0.253430533741,0.24205302328900002,0.23875214062700004,0.23587264724100002,0.193242098819,0.182461556508,0.166764805977,0.142113533331,0.114723230391,0.110193295674,0.110193295674,0.027284955621000005,0.011342394679,0.0,0.0,0.0,0.0,0.0,0.0,0.0,0.0,0.0,0.0,0.0,0.0,0.0,0.0,30.562204196259,30.030945876259,35.946124316258995,39.278765916259,41.336444336711,38.467186929373,35.084892362759,34.585032691181,44.151364533492,46.089347234022995,47.636465336669,44.256631289609,38.844071064326,46.425148594326,50.786855444379,52.962976725321,49.60333505,45.15938105,44.43075255,52.9464821,58.90317023,60.59201542,56.14538225,51.07706355,58.4279837,63.66157742,66.12953337,67.90211588,55.99824436,54.84488572,30.81563473,30.28437641,36.19955485,39.53219645,41.57849736,38.70593907,35.32076501,34.77827479,44.33382609,46.25611204,47.77857887,44.37135452,38.95426436,46.53534189,50.8141404,52.97431912,49.60333505,45.15938105,44.43075255,52.9464821,58.90317023,60.59201542,56.14538225,51.07706355,58.4279837,63.66157742,66.12953337,67.90211588,55.99824436,54.84488572,
0.024711652449,0.024711652449,0.024711652449,0.024711652449,0.023648785677000003,0.023340423095,0.023071425949,0.019088956007000002,0.018081856936,0.016615494445,0.014312616439000002,0.011753863099,0.011330684662000002,0.011330684662000002,0.003585535129,0.0020962094670000007,0.0005412747450000001,0.0,0.0,0.0,0.0,0.0,0.0,0.0,0.0,0.0,0.0,0.0,0.0,0.0,0.229905423181,0.229905423181,0.229905423181,0.229905423181,0.219584049049,0.21658957630700001,0.213977376681,0.175304079779,0.16552425922800001,0.151284585657,0.128921608371,0.104073855831,0.099964419834,0.099964419834,0.024752184261000003,0.010289518039,0.0,0.0,0.0,0.0,0.0,0.0,0.0,0.0,0.0,0.0,0.0,0.0,0.0,0.0,30.67475591437,30.300785854369998,38.10818835437,40.87251036437,42.386458915274,39.605188230597996,35.21408256737,34.895125904214,45.938873253836,47.593763819898,48.84329052519,45.56144841107,39.191585925504,49.204954055504,52.835904980609996,54.686150612494,51.062701145255005,45.32606103,44.82838042,56.11051295,60.82036071,62.1239127,57.79783277,51.26558526,61.91958382,66.23001104,68.28192875,69.61882831,56.20492979,55.33571368,30.92937299,30.55540293,38.36280543,41.12712744,42.62969175,39.84511823,35.45113137,35.08951894,46.12247937,47.7616639,48.98652475,45.67727613,39.30288103,49.31624916,52.8642427,54.69853634,51.06324242,45.32606103,44.82838042,56.11051295,60.82036071,62.1239127,57.79783277,51.26558526,61.91958382,66.23001104,68.28192875,69.61882831,56.20492979,55.33571368,
0.45673259229900004,0.45673259229900004,0.45673259229900004,0.45673259229900004,0.43708817972700004,0.431388874845,0.426417140799,0.35281122455700004,0.33419753733600005,0.30709552369500004,0.26453262978900005,0.21724052544900002,0.20941913896200004,0.20941913896200004,0.066269576979,0.03874314701700001,0.010004098995000002,0.0,0.0,0.0,0.0,0.0,0.0,0.0,0.0,0.0,0.0,0.0,0.0,0.0,0.208500097078,0.208500097078,0.208500097078,0.208500097078,0.19913969366200002,0.19642402106600002,0.19405503007799998,0.158982407402,0.150113136264,0.137199246366,0.11691837229799999,0.094384067778,0.090657240492,0.090657240492,0.022447634118000003,0.009331513282000001,0.0,0.0,0.0,0.0,0.0,0.0,0.0,0.0,0.0,0.0,0.0,0.0,0.0,0.0,30.833926600623002,31.391724490622998,39.136619850623,41.624943020623,43.679002716610995,40.935394104089,35.483746119123,36.302095168041,46.9424822564,48.696884899939,50.541955917913,47.335218156772996,40.934227650546,50.866100210546,54.270491698903,56.230337419701,53.255043381005,46.16106562,47.03133762,58.21530353,62.5770551,64.58023512,60.29002784,52.21000881,64.24228147,68.10295245,70.25413806,72.37149281,57.24034679,58.05502246,31.49915929,32.05695718,39.80185254,42.29017571,44.31523059,41.563207,36.10421829,36.8138888,47.42679293,49.14117967,50.92340692,47.64684275,41.23430403,51.16617659,54.35920891,56.27841208,53.26504748,46.16106562,47.03133762,58.21530353,62.5770551,64.58023512,60.29002784,52.21000881,64.24228147,68.10295245,70.25413806,72.37149281,57.24034679,58.05502246,
1.600109110179,1.600109110179,1.600109110179,1.600109110179,1.531287212967,1.5113203662449999,1.493902478679,1.2360327773970001,1.170821905656,1.075873177095,0.9267590664690001,0.7610767213290001,0.7336754104020001,0.7336754104020001,0.23216769645899998,0.13573207505700005,0.035048188395000006,0.0,0.0,0.0,0.0,0.0,0.0,0.0,0.0,0.0,0.0,0.0,0.0,0.0,0.199212806807,0.199212806807,0.199212806807,0.199212806807,0.190269347003,0.18767463952900001,0.185411171307,0.151900800313,0.14342659611599998,0.13108793397899998,0.11171043773699998,0.090179886357,0.08661906439799999,0.08661906439799999,0.021447741567,0.008915856533,0.0,0.0,0.0,0.0,0.0,0.0,0.0,0.0,0.0,0.0,0.0,0.0,0.0,0.0,30.717349933014003,31.863140003014,39.557283303013996,41.551871163014,43.67726902003,41.582792174226,35.591173730014,37.26970080229,47.302434288228,49.558866808926,51.130115385794,48.765716122314004,42.479142255199996,52.3445516452,55.469410581973996,57.99437521841,55.432434131605,47.65219953,49.38680247,60.48932832,64.64590456,66.15934954,62.78293574,53.89654081,66.75173399,69.81158606,72.57679825,74.14111888,59.08937304,60.9625852,32.51667185,33.66246192,41.35660522,43.35119308,45.39882558,43.28178718,37.27048738,38.65763438,48.61668279,50.76582792,52.16858489,49.61697273,43.29943673,53.16484612,55.72302602,58.13902315,55.46748232,47.65219953,49.38680247,60.48932832,64.64590456,66.15934954,62.78293574,53.89654081,66.75173399,69.81158606,72.57679825,74.14111888,59.08937304,60.9625852,
2.911866174396,2.911866174396,2.911866174396,2.911866174396,2.786624618508,2.7502891053800003,2.718592168396,2.249322881828,2.130652642144,1.9578656807800001,1.6865089763560002,1.385001526996,1.3351368334480003,1.3351368334480003,0.422496977116,0.2470041796680001,0.06378042198000002,0.0,0.0,0.0,0.0,0.0,0.0,0.0,0.0,0.0,0.0,0.0,0.0,0.0,0.195176562434,0.195176562434,0.195176562434,0.195176562434,0.186414305786,0.183872169598,0.181654561434,0.148823143006,0.140520634392,0.12843196549799998,0.10944707609399999,0.088352754534,0.084864078276,0.084864078276,0.021013189554,0.008735212646000001,0.0,0.0,0.0,0.0,0.0,0.0,0.0,0.0,0.0,0.0,0.0,0.0,0.0,0.0,30.081398353169998,31.58318750317,39.267087413169996,40.949790523169995,43.656131245706,41.089840905021994,35.14022004017,37.439767205166,47.136857623464,49.919084673722004,51.78643932755,48.99447197847,43.201436258276,53.052896408276,56.18653601333,59.302870227686,56.35488252802,48.63665704,50.89465983,61.97758877,66.22437021,67.95232098,63.85956496,55.01000157,68.39407271,70.94792987,74.34891335,76.15040267,60.31011369,62.82386955,33.18844109,34.69023024,42.37413015,44.05683326,46.62917017,44.02400218,38.04046677,39.83791323,49.4080309,52.00538232,53.58239538,50.46782626,44.62143717,54.47289732,56.63004618,59.55860962,56.41866295,48.63665704,50.89465983,61.97758877,66.22437021,67.95232098,63.85956496,55.01000157,68.39407271,70.94792987,74.34891335,76.15040267,60.31011369,62.82386955,
3.9312956293020003,3.9312956293020003,3.9312956293020003,3.9312956293020003,3.7622076452460003,3.71315125481,3.6703573823020004,3.0367993185860005,2.8765832349280003,2.6433044421100003,2.2769471433220003,1.8698834780020002,1.8025614102760004,1.8025614102760004,0.5704110079420001,0.33347907966600016,0.08610962151000003,0.0,0.0,0.0,0.0,0.0,0.0,0.0,0.0,0.0,0.0,0.0,0.0,0.0,0.217647023916,0.217647023916,0.217647023916,0.217647023916,0.20787597836399999,0.205041168852,0.20256824991599998,0.165956986644,0.15669861940799998,0.14321819545199999,0.12204759675599999,0.09852470931599999,0.09463438562399999,0.09463438562399999,0.023432414796,0.009740888004,0.0,0.0,0.0,0.0,0.0,0.0,0.0,0.0,0.0,0.0,0.0,0.0,0.0,0.0,29.566806846782,31.240544596782,39.019786916782,40.802769576782,43.08353242639,40.397414056338,34.771940057782004,37.43817668477,47.378321125663994,49.791924072438,51.671138829922,48.833704692682005,43.6236834541,53.5971769341,57.186467857262,59.87168553233,56.70625684849,49.40941157,51.92055235,63.13979211,66.95411829,68.5708626,64.28255521,55.8840178,69.67659791,72.38901871,75.16818844,76.84356801,61.26833978,64.09022123,33.7157495,35.38948725,43.16872957,44.95171223,47.05361605,44.31560648,38.64486569,40.64093299,50.41160298,52.57844671,54.07013357,50.80211288,45.52087925,55.49437273,57.78031128,60.2149055,56.79236647,49.40941157,51.92055235,63.13979211,66.95411829,68.5708626,64.28255521,55.8840178,69.67659791,72.38901871,75.16818844,76.84356801,61.26833978,64.09022123,
4.561924174416,4.561924174416,4.561924174416,4.561924174416,4.365712381968001,4.30878673848,4.2591281984160005,3.5239395686880006,3.3380228394240006,3.0673232368800005,2.6421976865760004,2.1698359640160003,2.0917146022080004,2.0917146022080004,0.661912003536,0.3869732573280002,0.09992267208000002,0.0,0.0,0.0,0.0,0.0,0.0,0.0,0.0,0.0,0.0,0.0,0.0,0.0,0.252362879629,0.252362879629,0.252362879629,0.252362879629,0.241033300441,0.23774632376300003,0.234878961129,0.19242800701100002,0.181692881052,0.166062257913,0.141514836339,0.114239923479,0.109729072506,0.109729072506,0.027170009349,0.011294611351000001,0.0,0.0,0.0,0.0,0.0,0.0,0.0,0.0,0.0,0.0,0.0,0.0,0.0,0.0,29.008054805955002,30.772025025955,38.983738665955,40.437043365955006,42.804031027591,40.185711007757,34.273034290455,37.150597074301,47.227897449524,50.027184445207006,51.696840617084995,48.995658112505,43.572607905286,54.101903415286,57.476354347115,60.597831991321,57.22638287792,49.56561945,52.20931759,64.06021828,67.82274341,69.09135001,64.88691405,56.06069516,70.69231498,72.87151571,76.14337829,77.42684943,61.46203967,64.44667021,33.82234186,35.58631208,43.79802572,45.25133042,47.41077671,44.73224407,38.76704145,40.86696465,50.74761317,53.26056994,54.48055314,51.279734,45.77405158,56.30334709,58.16543636,60.99609986,57.32630555,49.56561945,52.20931759,64.06021828,67.82274341,69.09135001,64.88691405,56.06069516,70.69231498,72.87151571,76.14337829,77.42684943,61.46203967,64.44667021,
4.559674489164,4.559674489164,4.559674489164,4.559674489164,4.363559457372,4.306661886420001,4.257027835164,3.5222017592520007,3.3363767136960005,3.0658106050200002,2.640894702804,2.1687659225640004,2.0906830858320005,2.0906830858320005,0.661585585644,0.3867824238120002,0.09987339582000003,0.0,0.0,0.0,0.0,0.0,0.0,0.0,0.0,0.0,0.0,0.0,0.0,0.0,0.274508359601,0.274508359601,0.274508359601,0.274508359601,0.262184581229,0.258609164047,0.255490183101,0.20931405055900001,0.197636890188,0.180634640397,0.153933120591,0.124264765251,0.119358075714,0.119358075714,0.029554246281000004,0.012285742019000002,0.0,0.0,0.0,0.0,0.0,0.0,0.0,0.0,0.0,0.0,0.0,0.0,0.0,0.0,28.715401971235,31.202725101235,39.05978879123499,40.622241381235,42.862935191399,39.600557489533,33.941890331735,37.652908630188996,47.443604326116,50.055413894583,51.775244466604995,48.337381142185,44.143604028454,54.216646558453995,57.737921288075,60.644317714169006,56.50054615418,49.16590225,52.87039489,64.20055146,67.87532165,69.20487674,64.06529294,55.60859904,70.84717672,73.20179323,76.20240694,77.55407255,60.96638492,65.26269756,33.54958482,36.03690795,43.89397164,45.45642423,47.48867923,44.16582854,38.45440835,41.38442444,50.97761793,53.30185914,54.57007229,50.63041183,46.35364519,56.42668772,58.42906112,61.04338588,56.60041955,49.16590225,52.87039489,64.20055146,67.87532165,69.20487674,64.06529294,55.60859904,70.84717672,73.20179323,76.20240694,77.55407255,60.96638492,65.26269756,
4.326785602038001,4.326785602038001,4.326785602038001,4.326785602038001,4.140687296574001,4.08669581289,4.039596859038,3.342302591034001,3.1659687028320005,2.9092219665900005,2.5060089714180003,2.0579945323380002,1.9838998366440006,1.9838998366440006,0.627794592198,0.36702721355400014,0.09477228519000003,0.0,0.0,0.0,0.0,0.0,0.0,0.0,0.0,0.0,0.0,0.0,0.0,0.0,0.286717163642,0.286717163642,0.286717163642,0.286717163642,0.273845283218,0.270110848774,0.266853150642,0.218623327078,0.206426823096,0.188668395474,0.16077932122199998,0.129791460942,0.124666545588,0.124666545588,0.030868676202,0.012832152398,0.0,0.0,0.0,0.0,0.0,0.0,0.0,0.0,0.0,0.0,0.0,0.0,0.0,0.0,29.169121734319997,31.528954534319997,39.35685864432,40.81069348432,43.281732620208,39.139222818335995,34.41506755032,37.944710341888005,47.569079964072,50.418056017936,52.14182466736,47.67478782672,44.380845087768,54.416322107768,57.7289724516,60.908707644048,55.64727081481,49.50741486,53.02524823,64.31228128,68.14794329,69.50739012,63.09370758,55.99486344,70.97047383,73.14989416,76.50847437,77.89308254,61.38986518,65.45384701,33.7826245,36.1424573,43.97036141,45.42419625,47.6962652,43.49602948,38.72151756,41.50563626,50.94147549,53.51594638,54.80861296,49.86257382,46.48941147,56.52488849,58.38763572,61.28856701,55.7420431,49.50741486,53.02524823,64.31228128,68.14794329,69.50739012,63.09370758,55.99486344,70.97047383,73.14989416,76.50847437,77.89308254,61.38986518,65.45384701,
3.632417059536,3.632417059536,3.632417059536,3.632417059536,3.476184067728,3.43085721208,3.391316763536,2.8059252448480003,2.657889663104,2.44234599848,2.103841182896,1.727724721136,1.6655208447680003,1.6655208447680003,0.527045247056,0.3081261782880001,0.07956309768000001,0.0,0.0,0.0,0.0,0.0,0.0,0.0,0.0,0.0,0.0,0.0,0.0,0.0,0.285960468409,0.285960468409,0.285960468409,0.285960468409,0.273122559061,0.269397980423,0.266148879909,0.218046343031,0.205882027692,0.188170467573,0.160354997319,0.129448919259,0.124337529426,0.124337529426,0.030787208529000003,0.012798286171000001,0.0,0.0,0.0,0.0,0.0,0.0,0.0,0.0,0.0,0.0,0.0,0.0,0.0,0.0,29.625917632054996,32.383462182055005,40.295406732055,41.780973772055,44.047585213211,39.381009567497,34.790879726555,38.664697822121,48.386279529204,50.938022173947,52.660048609785,47.529926049605,44.904563895806,55.047955665806,58.183483774415,61.027873265541004,55.13094106232,49.15815042,53.25908102,64.66831835,68.214915,69.65403253,62.49206544,55.59983141,71.3633711,73.5929964,76.58366231,78.05741657,60.95677255,65.74248791,33.54429516,36.30183971,44.21378426,45.6993513,47.79689184,43.08126476,38.44834537,41.68866941,51.25005122,53.56853864,54.92424479,49.38709969,46.69442227,56.83781404,58.74131623,61.34879773,55.21050416,49.15815042,53.25908102,64.66831835,68.214915,69.65403253,62.49206544,55.59983141,71.3633711,73.5929964,76.58366231,78.05741657,60.95677255,65.74248791,
2.7696252058560002,2.7696252058560002,2.7696252058560002,2.7696252058560002,2.6505015410880004,2.61594097168,2.5857923898560005,2.1394463126080003,2.0265729635840004,1.8622264260800003,1.6041251524160003,1.3173459594560002,1.2699170929280004,1.2699170929280004,0.401858535776,0.2349383388480001,0.06066482928000002,0.0,0.0,0.0,0.0,0.0,0.0,0.0,0.0,0.0,0.0,0.0,0.0,0.0,0.270935497147,0.270935497147,0.270935497147,0.270935497147,0.258772118863,0.255243237509,0.252164851647,0.206589724373,0.19506454803599999,0.17828359095899998,0.15192960467699998,0.12264739769699999,0.11780457115799998,0.11780457115799998,0.029169583106999998,0.012125836993,0.0,0.0,0.0,0.0,0.0,0.0,0.0,0.0,0.0,0.0,0.0,0.0,0.0,0.0,31.039713956997,33.970246396997,41.309055156997,43.023051846997,44.641085950049,40.333874700810995,36.224725818497,40.156804433019005,49.436918578379995,51.876168722961005,52.884895532907,48.089020322847,46.218632975914,55.624706955914,58.778504491117,61.500437294159006,55.30848689072,49.94361217,54.29921981,64.86698946,68.6582414,69.29476307,62.67163658,56.48822002,71.58261045,74.17959283,77.08137691,77.65480318,61.93075576,67.02642505,34.08027466,37.0108071,44.34961586,46.06361255,47.55035961,43.20505891,39.06268306,42.50284047,51.65855609,53.91667874,54.64095029,49.52901368,47.60635464,57.01242862,59.20953261,61.74750147,55.36915172,49.94361217,54.29921981,64.86698946,68.6582414,69.29476307,62.67163658,56.48822002,71.58261045,74.17959283,77.08137691,77.65480318,61.93075576,67.02642505,
1.6399058286510002,1.6399058286510002,1.6399058286510002,1.6399058286510002,1.5693722446230003,1.5489087974050002,1.5310577051510001,1.2667744612930003,1.1999417134640002,1.1026314910550001,0.9498087256610002,0.7800056530010001,0.7519228371380001,0.7519228371380001,0.237941997971,0.13910790183300006,0.03591988075500001,0.0,0.0,0.0,0.0,0.0,0.0,0.0,0.0,0.0,0.0,0.0,0.0,0.0,0.271229712586,0.271229712586,0.271229712586,0.271229712586,0.259053125794,0.255520412342,0.252438683586,0.206814065174,0.195276373368,0.178477193442,0.15209458872599999,0.122780583486,0.117932498004,0.117932498004,0.029201259066,0.012139004734000002,0.0,0.0,0.0,0.0,0.0,0.0,0.0,0.0,0.0,0.0,0.0,0.0,0.0,0.0,33.465413518763,36.206687358763,43.028655508762995,44.317470998763,45.715847419583,42.041966400253,38.764971531263,42.300537813533005,50.448372373168,52.561172815503,53.532052505612995,49.361437053512994,48.160434394858,56.901256764858005,59.154470362963,61.51105191343299,56.155132569245,51.84326311,55.92334257,65.73019621,68.56350293,69.28589279,63.60193554,58.63680111,72.53518422,74.44529469,76.97501573,77.64486275,64.28634867,69.03122628,35.37654906,38.1178229,44.93979105,46.22860654,47.54427279,43.84639561,40.54846792,43.77412634,51.84359046,53.8422815,54.63395582,50.26422329,49.03028973,57.7711121,59.42161362,61.66229882,56.19105245,51.84326311,55.92334257,65.73019621,68.56350293,69.28589279,63.60193554,58.63680111,72.53518422,74.44529469,76.97501573,77.64486275,64.28634867,69.03122628,
0.5489466065190001,0.5489466065190001,0.5489466065190001,0.5489466065190001,0.5253359997870001,0.5184860089450001,0.5125104850190001,0.4240435820170001,0.40167180341600006,0.36909791079500004,0.31794159620900003,0.26110124666900003,0.25170072732200005,0.25170072732200005,0.079649361599,0.04656536327700002,0.012023920095000003,0.0,0.0,0.0,0.0,0.0,0.0,0.0,0.0,0.0,0.0,0.0,0.0,0.0,0.312888509941,0.312888509941,0.312888509941,0.312888509941,0.298841693089,0.294766382027,0.291211323441,0.23857911461900003,0.225269322108,0.205889917377,0.175455147531,0.14163873659100001,0.136046022474,0.136046022474,0.033686347821,0.014003462479,0.0,0.0,0.0,0.0,0.0,0.0,0.0,0.0,0.0,0.0,0.0,0.0,0.0,0.0,37.25017142354,40.37392467354,45.33931528354,46.79604324354,48.098560527124,45.321984909028,42.880117221540004,46.692111173364,52.819522284476,54.653459781828005,55.72457782626,52.48534435674,52.653090740204,59.004871170204,61.14544421058,63.189221944244,59.112278149905,55.85199335,60.49772379,67.5750957,70.32866594,71.29471956,66.92204337,63.1708351,74.57108449,76.74695528,78.9567326,79.89604366,69.25722847,74.67779765,38.11200654,41.23575979,46.2011504,47.65787836,48.92273822,46.1352373,43.68383903,47.35473387,53.44646341,55.22844761,56.21797457,52.88808434,53.04083749,59.39261792,61.25877992,63.24979077,59.12430207,55.85199335,60.49772379,67.5750957,70.32866594,71.29471956,66.92204337,63.1708351,74.57108449,76.74695528,78.9567326,79.89604366,69.25722847,74.67779765,
0.016915893876,0.016915893876,0.016915893876,0.016915893876,0.016188328548,0.01597724478,0.015793107876,0.013066983468,0.012377592864000002,0.01137382218,0.009797430636,0.008045884476,0.007756205688000001,0.007756205688000001,0.002454410196,0.0014349205080000005,0.0003705193800000001,0.0,0.0,0.0,0.0,0.0,0.0,0.0,0.0,0.0,0.0,0.0,0.0,0.0,0.32072884944799995,0.32072884944799995,0.32072884944799995,0.32072884944799995,0.30633004839199995,0.302152618456,0.29850847744799996,0.244557414232,0.230914105824,0.21104909325599996,0.17985169096799997,0.145187910648,0.13945505467199998,0.13945505467199998,0.034530458087999996,0.014354360311999999,0.0,0.0,0.0,0.0,0.0,0.0,0.0,0.0,0.0,0.0,0.0,0.0,0.0,0.0,37.819564356676004,41.402678376676,45.998708086676004,47.397006216676004,48.43306241306,44.745890416764,43.421348444676,47.6765449423,53.289269201312,55.142452174564,55.836241918396,51.506838734876,53.54263721964,59.41921241964,61.320477481716,63.39024360918,57.75112060062,55.91823633,61.23797771,67.77284656,70.50239457,71.05112236,65.36817617,63.24575856,74.78930831,76.87058778,79.15177462,79.62305776,69.33937067,75.59155983,38.1572091,41.74032312,46.33635283,47.73465096,48.75558079,45.06402028,43.73565003,47.93416934,53.5325609,55.36487509,56.02589104,51.66007253,53.68984848,59.56642368,61.35746235,63.40603289,57.75149112,55.91823633,61.23797771,67.77284656,70.50239457,71.05112236,65.36817617,63.24575856,74.78930831,76.87058778,79.15177462,79.62305776,69.33937067,75.59155983,
0.0,0.0,0.0,0.0,0.0,0.0,0.0,0.0,0.0,0.0,0.0,0.0,0.0,0.0,0.0,0.0,0.0,0.0,0.0,0.0,0.0,0.0,0.0,0.0,0.0,0.0,0.0,0.0,0.0,0.0,0.283128048504,0.283128048504,0.283128048504,0.283128048504,0.270417297816,0.266729610888,0.263512692504,0.215886608136,0.203842779552,0.186306651288,0.158766691464,0.128166736104,0.123105974256,0.123105974256,0.030482263224,0.012671519976,0.0,0.0,0.0,0.0,0.0,0.0,0.0,0.0,0.0,0.0,0.0,0.0,0.0,0.0,37.560812091496004,40.852898551496004,45.169084231496,46.310941751496,47.633002792183994,43.537562619112,43.113069627495996,47.024314661864,52.049600560448,54.207983148712,54.887891568536,50.087790463896,52.789446455744,58.306735135744,59.860892786776,62.281808920024,56.13709514,55.45915014,60.35140343,66.47967783,69.2664379,69.8092753,63.54086195,62.72651375,73.362259,75.03382681,77.76418822,78.23138854,68.77009758,74.49718123,37.84394014,41.1360266,45.45221228,46.5940698,47.90342009,43.80429223,43.37658232,47.24020127,52.25344334,54.3942898,55.04665826,50.2159572,52.91255243,58.42984111,59.89137505,62.29448044,56.13709514,55.45915014,60.35140343,66.47967783,69.2664379,69.8092753,63.54086195,62.72651375,73.362259,75.03382681,77.76418822,78.23138854,68.77009758,74.49718123,
0.0,0.0,0.0,0.0,0.0,0.0,0.0,0.0,0.0,0.0,0.0,0.0,0.0,0.0,0.0,0.0,0.0,0.0,0.0,0.0,0.0,0.0,0.0,0.0,0.0,0.0,0.0,0.0,0.0,0.0,0.258827803276,0.258827803276,0.258827803276,0.258827803276,0.247207987804,0.24383680677200004,0.240895989276,0.197357544884,0.186347411088,0.17031636937199998,0.14514010251599999,0.117166472676,0.112540064664,0.112540064664,0.027866038956,0.011583951844,0.0,0.0,0.0,0.0,0.0,0.0,0.0,0.0,0.0,0.0,0.0,0.0,0.0,0.0,36.667932246724,39.570398196724,43.524232396724,44.471576586724,46.098341012195995,42.858581843227995,42.084417950724,45.542126985116,49.977067398912,52.553430030628,53.111341227484,49.294183427324,51.119097575336,56.171568515336,57.467979181044,60.369724468156,55.23761379,54.11505045,58.4341728,64.03832929,67.13914492,67.53900208,62.52275049,61.20628331,70.66815984,72.03263056,75.37591453,75.68721908,67.10339574,72.13057051,36.92676005,39.829226,43.7830602,44.73040439,46.345549,43.10241865,42.32531394,45.73948453,50.16341481,52.7237464,53.25648133,49.4113499,51.23163764,56.28410858,57.49584522,60.38130842,55.23761379,54.11505045,58.4341728,64.03832929,67.13914492,67.53900208,62.52275049,61.20628331,70.66815984,72.03263056,75.37591453,75.68721908,67.10339574,72.13057051,
0.0,0.0,0.0,0.0,0.0,0.0,0.0,0.0,0.0,0.0,0.0,0.0,0.0,0.0,0.0,0.0,0.0,0.0,0.0,0.0,0.0,0.0,0.0,0.0,0.0,0.0,0.0,0.0,0.0,0.0,0.23839880736699998,0.23839880736699998,0.23839880736699998,0.23839880736699998,0.22769613124299998,0.224591033849,0.221882331867,0.18178032935299998,0.17163921339599997,0.15687348429899997,0.133684352697,0.107918650917,0.10365740023799999,0.10365740023799999,0.025666602926999998,0.010669643173,0.0,0.0,0.0,0.0,0.0,0.0,0.0,0.0,0.0,0.0,0.0,0.0,0.0,0.0,34.906278512633,37.390099962633,41.717958292633,42.790783292633,44.867256318757,41.738308896151,40.060815068133,43.030411080647,48.083920746604,50.829281465701,51.685714607303,47.997120369083,48.297223249762,53.832183259762,55.28345094707301,58.380680706827,53.77727126,51.50346208,55.20544636,61.36654221,64.92647204,65.71651763,60.8698074,58.25247257,67.71976505,69.29302831,72.89178634,73.64486169,63.86499079,68.14506222,35.14467732,37.62849877,41.9563571,43.0291821,45.09495245,41.96289993,40.2826974,43.21219141,48.25555996,50.98615495,51.81939896,48.10503902,48.40088065,53.93584066,55.30911755,58.39135035,53.77727126,51.50346208,55.20544636,61.36654221,64.92647204,65.71651763,60.8698074,58.25247257,67.71976505,69.29302831,72.89178634,73.64486169,63.86499079,68.14506222,
0.0,0.0,0.0,0.0,0.0,0.0,0.0,0.0,0.0,0.0,0.0,0.0,0.0,0.0,0.0,0.0,0.0,0.0,0.0,0.0,0.0,0.0,0.0,0.0,0.0,0.0,0.0,0.0,0.0,0.0,0.224330716484,0.224330716484,0.224330716484,0.224330716484,0.21425961323599998,0.211337749948,0.20878889048399998,0.171053336956,0.161510655792,0.147616263348,0.125795539644,0.101550291084,0.09754049997599999,0.09754049997599999,0.024151997604,0.010040019596,0.0,0.0,0.0,0.0,0.0,0.0,0.0,0.0,0.0,0.0,0.0,0.0,0.0,0.0,32.696645993516,34.810496433516,39.957769183516,40.925161093516,43.358567206764,39.498878140052,37.525111209516,40.062591543044,45.986049494208,48.857624666652,49.944502220356,45.421077748916,44.967145650024,51.557452630024,52.868837562395996,56.112689660404,50.89035923,48.24469607,51.40022414,58.77146397,62.40394884,63.49833598,57.6021485,54.56667806,64.85602069,66.26602602,70.05979476,71.15906836,59.82407678,63.44793319,32.92097671,35.03482715,40.1820999,41.14949181,43.57282682,39.71021589,37.7339001,40.23364488,46.14756015,49.00524093,50.07029776,45.52262804,45.06468615,51.65499313,52.89298956,56.12272968,50.89035923,48.24469607,51.40022414,58.77146397,62.40394884,63.49833598,57.6021485,54.56667806,64.85602069,66.26602602,70.05979476,71.15906836,59.82407678,63.44793319,
0.0,0.0,0.0,0.0,0.0,0.0,0.0,0.0,0.0,0.0,0.0,0.0,0.0,0.0,0.0,0.0,0.0,0.0,0.0,0.0,0.0,0.0,0.0,0.0,0.0,0.0,0.0,0.0,0.0,0.0,1.135779214444,1.135779214444,1.135779214444,1.135779214444,1.084789542076,1.069996242068,1.057091448444,0.8660375525960001,0.817723264272,0.747376401468,0.636898778004,0.514145863044,0.49384441941600005,0.49384441941600005,0.12228078836400001,0.050832296836000004,0.0,0.0,0.0,0.0,0.0,0.0,0.0,0.0,0.0,0.0,0.0,0.0,0.0,0.0,36.231092635556,36.402560375556,37.128028315556,37.574578555556,36.037694547924,36.596707487932,41.772676991556004,42.242615957404006,42.594442605728005,43.333936348532,42.021197271995995,42.665859706956,47.791066060584,48.695140720584,49.635479501636,50.432821133164,48.27151001,54.76002099,55.07317221,55.96571586,56.13375087,54.09830252,54.63790647,61.93577076,61.75979601,62.33811069,63.02035589,60.62497148,67.90316796,67.98178431,37.36687185,37.53833959,38.26380753,38.71035777,37.12248409,37.66670373,42.82976844,43.10865351,43.41216587,44.08131275,42.65809605,43.18000557,48.28491048,49.18898514,49.75776029,50.48365343,48.27151001,54.76002099,55.07317221,55.96571586,56.13375087,54.09830252,54.63790647,61.93577076,61.75979601,62.33811069,63.02035589,60.62497148,67.90316796,67.98178431,
0.0,0.0,0.0,0.0,0.0,0.0,0.0,0.0,0.0,0.0,0.0,0.0,0.0,0.0,0.0,0.0,0.0,0.0,0.0,0.0,0.0,0.0,0.0,0.0,0.0,0.0,0.0,0.0,0.0,0.0,1.095849047363,1.095849047363,1.095849047363,1.095849047363,1.046651999927,1.032378782461,1.019927677863,0.8355905927170001,0.788974871844,0.721101167511,0.614507564733,0.496070228313,0.476482514982,0.476482514982,0.11798180820300001,0.049045204697,0.0,0.0,0.0,0.0,0.0,0.0,0.0,0.0,0.0,0.0,0.0,0.0,0.0,0.0,35.18631540263701,35.287035992637,35.748324662637,36.174339982636994,34.557083140073,35.181735677538995,40.566553202137,40.946150477283005,41.008097568156,41.703277392489,40.298367495266994,41.018729561686996,46.322186955018,46.887531425018,47.788605431797,48.537022005303,46.40995404,53.17041508,53.37798409,53.8893197,54.02378804,51.88504169,52.53083501,60.13786298,59.46843243,60.018902,60.65153845,58.14469264,65.93203509,65.88926069,36.28216445,36.38288504,36.84417371,37.27018903,35.60373514,36.21411446,41.58648088,41.78174107,41.79707244,42.42437856,40.91287506,41.51479979,46.79866947,47.36401394,47.90658724,48.58606721,46.40995404,53.17041508,53.37798409,53.8893197,54.02378804,51.88504169,52.53083501,60.13786298,59.46843243,60.018902,60.65153845,58.14469264,65.93203509,65.88926069,
0.0,0.0,0.0,0.0,0.0,0.0,0.0,0.0,0.0,0.0,0.0,0.0,0.0,0.0,0.0,0.0,0.0,0.0,0.0,0.0,0.0,0.0,0.0,0.0,0.0,0.0,0.0,0.0,0.0,0.0,1.046768301642,1.046768301642,1.046768301642,1.046768301642,0.999774685218,0.986140734774,0.9742472886419998,0.7981662690779999,0.753638367096,0.6888045814739999,0.5869850792219999,0.4738522989419999,0.45514187758799995,0.45514187758799995,0.112697654202,0.046848574398,0.0,0.0,0.0,0.0,0.0,0.0,0.0,0.0,0.0,0.0,0.0,0.0,0.0,0.0,34.174979108358,34.177856258358005,34.844734288358005,35.188736368358,33.536734664782,34.622994095226005,39.396787561358,39.653440050922,39.883075672904,40.519965428526,39.099522150778,40.347416561058004,44.853677362412,45.684191912412004,46.463920575798,47.147055905602,45.63464647,51.61640598,51.67867933,52.49591625,52.47581537,50.32978199,51.65327426,58.38021662,57.93077118,58.35267436,58.91365728,56.40179923,64.00504275,63.79165554,35.22174741,35.22462456,35.89150259,36.23550467,34.53650935,35.60913483,40.37103485,40.45160632,40.63671404,41.20877001,39.68650723,40.82126886,45.30881924,46.13933379,46.57661823,47.19390448,45.63464647,51.61640598,51.67867933,52.49591625,52.47581537,50.32978199,51.65327426,58.38021662,57.93077118,58.35267436,58.91365728,56.40179923,64.00504275,63.79165554,
0.0,0.0,0.0,0.0,0.0,0.0,0.0,0.0,0.0,0.0,0.0,0.0,0.0,0.0,0.0,0.0,0.0,0.0,0.0,0.0,0.0,0.0,0.0,0.0,0.0,0.0,0.0,0.0,0.0,0.0,0.974811751634,0.974811751634,0.974811751634,0.974811751634,0.9310485525860001,0.9183518219980001,0.907275950634,0.743299025806,0.701832043992,0.6414550378980001,0.546634773294,0.441278923734,0.42385468707600005,0.42385468707600005,0.10495063475400002,0.043628127446000003,0.0,0.0,0.0,0.0,0.0,0.0,0.0,0.0,0.0,0.0,0.0,0.0,0.0,0.0,33.953503838366,34.040703728366,34.621108548366,35.012106058366,32.927718537414,33.993608888002,39.127428449366,39.468168524194,39.656101466008,40.059920962102005,38.361066966706,39.580769966266004,44.615991202924,45.335501422924,46.152137475246,46.569188782554,44.74118769,51.18639052,51.37189164,52.06358932,51.82969285,49.34211354,50.64197966,57.89385197,57.45368583,57.95235682,58.18826711,55.29497391,63.47181775,63.41295983,34.92831559,35.01551548,35.5959203,35.98691781,33.85876709,34.91196071,40.0347044,40.21146755,40.35793351,40.701376,38.90770174,40.02204889,45.03984589,45.75935611,46.25708811,46.61281691,44.74118769,51.18639052,51.37189164,52.06358932,51.82969285,49.34211354,50.64197966,57.89385197,57.45368583,57.95235682,58.18826711,55.29497391,63.47181775,63.41295983,
0.0,0.0,0.0,0.0,0.0,0.0,0.0,0.0,0.0,0.0,0.0,0.0,0.0,0.0,0.0,0.0,0.0,0.0,0.0,0.0,0.0,0.0,0.0,0.0,0.0,0.0,0.0,0.0,0.0,0.0,0.771560066249,0.771560066249,0.771560066249,0.771560066249,0.7369216484209999,0.726872230903,0.7181057177489999,0.588318559591,0.5554975896119999,0.507709402053,0.43265949675899995,0.349270713099,0.33547949118599996,0.33547949118599996,0.083068057569,0.034531509131,0.0,0.0,0.0,0.0,0.0,0.0,0.0,0.0,0.0,0.0,0.0,0.0,0.0,0.0,34.138740083750996,34.375837703750996,34.965988203750996,35.167845403750995,32.860867881579,34.760701349097005,39.295949442251,39.774601290408995,39.749152670388,39.948846827946994,38.175148363241,40.332643896901,44.874004288814,45.605942548814,46.112948332430996,46.297908160869,45.47886047,51.15998943,51.56537853,52.27073835,51.51793598,48.96179301,51.47694208,57.86399128,57.68228081,57.87584422,57.83826326,54.86876975,63.43908005,63.65179814,34.91030015,35.14739777,35.73754827,35.93940547,33.59778953,35.48757358,40.01405516,40.36291985,40.30465026,40.45655623,38.60780786,40.68191461,45.20948378,45.94142204,46.19601639,46.33243967,45.47886047,51.15998943,51.56537853,52.27073835,51.51793598,48.96179301,51.47694208,57.86399128,57.68228081,57.87584422,57.83826326,54.86876975,63.43908005,63.65179814,
0.0,0.0,0.0,0.0,0.0,0.0,0.0,0.0,0.0,0.0,0.0,0.0,0.0,0.0,0.0,0.0,0.0,0.0,0.0,0.0,0.0,0.0,0.0,0.0,0.0,0.0,0.0,0.0,0.0,0.0,0.753719750504,0.753719750504,0.753719750504,0.753719750504,0.719882255816,0.7100652048880001,0.701501394504,0.574715226136,0.542653155552,0.495969945288,0.42265537346399995,0.341194738104,0.32772240225599997,0.32772240225599997,0.081147325224,0.033733057976,0.0,0.0,0.0,0.0,0.0,0.0,0.0,0.0,0.0,0.0,0.0,0.0,0.0,0.0,35.012733489496,35.291861759496,35.709258869496004,36.088992139496,32.881820014183994,35.808099385112,40.293873225496,40.819669843864,40.775020244447994,40.356120654711994,38.189648686536,41.522159211895996,46.037079427744,46.546256677744,47.275966684775995,46.751688142024,46.79960743,52.4146559,52.88312002,53.33177309,52.0216149,48.96749502,52.97187871,59.28306916,58.85316352,59.3305044,58.40373455,54.87515967,64.99488346,65.27840534,35.76645324,36.04558151,36.46297862,36.84271189,33.60170227,36.51816459,40.99537462,41.39438507,41.3176734,40.8520906,38.61230406,41.86335395,46.36480183,46.87397908,47.35711401,46.7854212,46.79960743,52.4146559,52.88312002,53.33177309,52.0216149,48.96749502,52.97187871,59.28306916,58.85316352,59.3305044,58.40373455,54.87515967,64.99488346,65.27840534,
0.0,0.0,0.0,0.0,0.0,0.0,0.0,0.0,0.0,0.0,0.0,0.0,0.0,0.0,0.0,0.0,0.0,0.0,0.0,0.0,0.0,0.0,0.0,0.0,0.0,0.0,0.0,0.0,0.0,0.0,0.72764731319,0.72764731319,0.72764731319,0.72764731319,0.69498031451,0.68550285193,0.67723527819,0.55483485721,0.52388186772,0.47881350843,0.40803501128999997,0.32939223669,0.31638593166,0.31638593166,0.07834030239,0.03256617461,0.0,0.0,0.0,0.0,0.0,0.0,0.0,0.0,0.0,0.0,0.0,0.0,0.0,0.0,37.48911135681,37.483501736810005,37.85681320681,37.313645066810004,33.232822225490004,38.86618511807,43.126670251810005,43.32646629279,42.13795310228,41.53849373157,38.57899656871,45.011504043310005,48.833947588339996,49.28480583834,48.81941255760999,48.087306945390004,50.68719885,56.00550443,56.06026304,56.4347119,53.50541781,49.44271836,57.37219385,63.34446227,62.27734679,61.26066594,60.06957348,55.40771615,69.4475843,69.20023956,38.21675867,38.21114905,38.58446052,38.04129238,33.92780254,39.55168797,43.80390553,43.88130115,42.66183497,42.01730724,38.98703158,45.34089628,49.15033352,49.60119177,48.89775286,48.11987312,50.68719885,56.00550443,56.06026304,56.4347119,53.50541781,49.44271836,57.37219385,63.34446227,62.27734679,61.26066594,60.06957348,55.40771615,69.4475843,69.20023956,
0.005582796696000001,0.005582796696000001,0.005582796696000001,0.005582796696000001,0.005342676408,0.00527301188,0.005212240696000001,0.004312530728000001,0.004085009344000001,0.0037537322800000007,0.0032334716560000003,0.002655404296,0.0025598008480000006,0.0025598008480000006,0.000810035416,0.0004735705680000002,0.00012228348000000003,0.0,0.0,0.0,0.0,0.0,0.0,0.0,0.0,0.0,0.0,0.0,0.0,0.0,0.7292784923129999,0.7292784923129999,0.7292784923129999,0.7292784923129999,0.696538263477,0.687039555111,0.678753447813,0.556078639767,0.5250562624439999,0.47988687266099994,0.40894971018299997,0.33013064076299997,0.317095179282,0.317095179282,0.078515919153,0.032639178747,0.0,0.0,0.0,0.0,0.0,0.0,0.0,0.0,0.0,0.0,0.0,0.0,0.0,0.0,38.624231710991005,38.721274110991004,39.280908590991004,38.743007690991,33.317714450115,41.123790983009,44.429279161491,44.750639849505,43.743758668212,42.100168795059,38.680329168161,47.603969904940996,50.432082739870005,51.12151715987,50.664982655431,48.735540930685,53.58902306652,57.67956085,57.88680488,58.52818502,54.22680947,49.57648736,60.65687008,65.23788694,64.5875553,63.57408994,60.87946696,55.55762366,71.52343694,71.45490492,39.359093,39.4561354,40.01576988,39.47786898,34.01959539,41.81610355,45.11324485,45.31103102,44.27289994,42.5838094,39.09251235,47.93675595,50.75173772,51.44117214,50.74430861,48.76865368,53.58914535,57.67956085,57.88680488,58.52818502,54.22680947,49.57648736,60.65687008,65.23788694,64.5875553,63.57408994,60.87946696,55.55762366,71.52343694,71.45490492,
0.33799343121,0.33799343121,0.33799343121,0.33799343121,0.32345607933,0.31923845255,0.31555924621,0.26108904503,0.24731445544,0.22725829405,0.19576069831,0.16076336971,0.15497534998,0.15497534998,0.049041128409999996,0.02867088843000001,0.007403281050000001,0.0,0.0,0.0,0.0,0.0,0.0,0.0,0.0,0.0,0.0,0.0,0.0,0.0,0.685829799571,0.685829799571,0.685829799571,0.685829799571,0.655040156359,0.6461073586370001,0.6383149180709999,0.5229487857890001,0.493774648548,0.45129634448699996,0.384585450861,0.310462235721,0.298203396294,0.298203396294,0.07383812585100001,0.030694613449000003,0.0,0.0,0.0,0.0,0.0,0.0,0.0,0.0,0.0,0.0,0.0,0.0,0.0,0.0,39.214661649219,39.756057319219,40.290695509219,40.283749339219,33.814812994311,42.661494398813,45.167326365719006,46.047168869181,45.583752496011996,43.782089381462995,39.401254320829,49.541305804569,52.001269233726,52.657564263726,52.973305135739,50.858713018121,55.902279428949996,58.96828307,59.82889517,60.42777145,56.61679652,50.70401442,63.28345672,66.69548324,66.6838042,66.52059499,63.56266259,56.82118079,73.12146995,73.85220214,40.23848488,40.77988055,41.31451874,41.30757257,34.79330923,43.62684021,46.12120053,46.8312067,46.3248416,44.46064402,39.98160047,50.01253141,52.45444798,53.11074301,53.09618439,50.91807852,55.90968271,58.96828307,59.82889517,60.42777145,56.61679652,50.70401442,63.28345672,66.69548324,66.6838042,66.52059499,63.56266259,56.82118079,73.12146995,73.85220214,
1.593880991505,1.593880991505,1.593880991505,1.593880991505,1.525326970365,1.505437840775,1.488087749005,1.231221756215,1.1662647053200002,1.0716855465250001,0.923151834055,0.758114375755,0.7308197191900001,0.7308197191900001,0.231264028105,0.13520376391500005,0.034911770025000004,0.0,0.0,0.0,0.0,0.0,0.0,0.0,0.0,0.0,0.0,0.0,0.0,0.0,0.652400843213,0.652400843213,0.652400843213,0.652400843213,0.623111959577,0.6146145674110001,0.607201948713,0.49745903286700005,0.469706911644,0.429299099961,0.365839852083,0.295329576663,0.283668261882,0.283668261882,0.070239082053,0.029198485847,0.0,0.0,0.0,0.0,0.0,0.0,0.0,0.0,0.0,0.0,0.0,0.0,0.0,0.0,39.268557395282,39.619081905282,40.282841245282,40.749208855282,33.86485844005799,43.417037771814,45.488863402282,46.349083950918,46.581804733036,44.702559773514,40.094518503862005,51.148942047582,52.836198068928,53.657656218928,54.964307969842,52.749714370238,58.322838889975,60.83874178,61.42142705,62.20428575,58.83622991,52.48189349,66.05439361,68.81104674,68.64423943,69.23877258,66.05438066,58.8135514,75.44086409,75.8180079,41.51483923,41.86536374,42.52912308,42.99549069,36.01329737,45.53709018,47.5841531,48.07776474,48.21777635,46.20354442,41.38351019,52.202386,53.85068605,54.6721442,55.26581108,52.91411662,58.35775066,60.83874178,61.42142705,62.20428575,58.83622991,52.48189349,66.05439361,68.81104674,68.64423943,69.23877258,66.05438066,58.8135514,75.44086409,75.8180079,
3.073652204472,3.073652204472,3.073652204472,3.073652204472,2.9414521096560002,2.9030977611599997,2.869639712472,2.374297381896,2.249033711808,2.06664654396,1.780213005192,1.461953517672,1.4093182947360001,1.4093182947360001,0.445971307512,0.2607279647760001,0.06732412236000002,0.0,0.0,0.0,0.0,0.0,0.0,0.0,0.0,0.0,0.0,0.0,0.0,0.0,0.636051574102,0.636051574102,0.636051574102,0.636051574102,0.6074966745579999,0.599212228394,0.5919853711019999,0.484992630218,0.45793598157599996,0.41854079609399997,0.35667184708199995,0.287928570402,0.27655949002799995,0.27655949002799995,0.068478879462,0.028466767138,0.0,0.0,0.0,0.0,0.0,0.0,0.0,0.0,0.0,0.0,0.0,0.0,0.0,0.0,38.177290721426,38.268609561426,39.306059211425996,40.022359851425996,33.122032005786004,43.168746230446,44.549090986426,45.348184917885995,46.336844646616,44.590183419946,40.002380857725996,51.752449361926,52.310093365236,53.611852975236,55.698141583026,53.623371718086,59.743653067640004,61.38412407,61.58713744,62.91605891,59.94642558,53.44033034,67.69928218,69.4278959,69.42970182,70.42492966,67.30077745,59.88761849,76.11714553,76.02255918,41.8869945,41.97831334,43.01576299,43.73206363,36.67098079,46.67105622,48.01071607,48.20747493,49.04381434,47.07537076,42.13926571,53.50233145,53.99597115,55.29773076,56.21259177,53.91256645,59.81097719,61.38412407,61.58713744,62.91605891,59.94642558,53.44033034,67.69928218,69.4278959,69.42970182,70.42492966,67.30077745,59.88761849,76.11714553,76.02255918,
4.142805470712,4.142805470712,4.142805470712,4.142805470712,3.9646202891760005,3.91292458836,3.8678283387120005,3.200183862216001,3.031347903168,2.7855183471600005,2.3994504538320003,1.9704861279120003,1.8995420278560005,1.8995420278560005,0.601100010552,0.35142077469600014,0.09074245356000002,0.0,0.0,0.0,0.0,0.0,0.0,0.0,0.0,0.0,0.0,0.0,0.0,0.0,0.6948045648739999,0.6948045648739999,0.6948045648739999,0.6948045648739999,0.6636120085459999,0.654562316278,0.646667903874,0.529792090966,0.500236181112,0.45720200617799994,0.3896181341339999,0.31452494297399997,0.302105684436,0.302105684436,0.07480437119399999,0.031096283005999998,0.0,0.0,0.0,0.0,0.0,0.0,0.0,0.0,0.0,0.0,0.0,0.0,0.0,0.0,37.559887724414,37.613993544414,38.129058204413994,39.168837394414,31.957122182278,42.768221275361995,44.081356747414,45.021020756818004,45.81994105572,44.246215486662,39.251802432034,51.979257919114,52.403108407708,53.032970647708,55.889376548254,54.003680392297994,60.57201497644,62.13225116,62.28151005,62.84425156,60.47306505,53.31554779,68.66340137,70.27405751,69.35046032,70.86678989,67.89202614,59.7477816,77.04483325,76.87968593,42.39749776,42.45160358,42.96666824,44.00644743,36.58535448,47.33570818,48.59585299,48.75099671,49.35152514,47.48893584,42.04087102,54.26426899,54.60475612,55.23461836,56.56528093,54.38619745,60.66275743,62.13225116,62.28151005,62.84425156,60.47306505,53.31554779,68.66340137,70.27405751,69.35046032,70.86678989,67.89202614,59.7477816,77.04483325,76.87968593,
4.8442145584050005,4.8442145584050005,4.8442145584050005,4.8442145584050005,4.635861244065,4.575413060275,4.522681665905,3.7419998029150006,3.5445786069200005,3.2571282010250004,2.805696019955,2.304104707655,2.2211492213900006,2.2211492213900006,0.702870903005,0.4109190366150002,0.10610585452500003,0.0,0.0,0.0,0.0,0.0,0.0,0.0,0.0,0.0,0.0,0.0,0.0,0.0,0.7887090511299999,0.7887090511299999,0.7887090511299999,0.7887090511299999,0.7533007467699999,0.74302796711,0.73406660613,0.60139474967,0.5678442884399999,0.51899394261,0.44227594982999996,0.35703373562999996,0.34293598482,0.34293598482,0.08491435953,0.03529901947,0.0,0.0,0.0,0.0,0.0,0.0,0.0,0.0,0.0,0.0,0.0,0.0,0.0,0.0,36.940671360465004,36.844701260465,37.530407690465005,38.824677020465,31.138666099165,42.476680522615,43.540946687965004,44.437484737415,45.74505308464,43.687069016365,38.726794480215,52.129788566715,52.07414164379,52.92334793379,56.357401777465,53.910495573915,61.145409665475,62.3903163,62.31968635,63.13189645,60.44028142,53.23171504,69.32980915,70.56593949,69.66788483,71.59331479,67.85522055,59.65383488,77.36483752,76.92681038,42.57359497,42.47762487,43.1633313,44.45760063,36.52782809,47.79512155,48.79769496,48.78087929,49.85747598,47.46319116,41.97476645,54.79092701,54.63822685,55.48743314,57.14518704,54.35671363,61.25151552,62.3903163,62.31968635,63.13189645,60.44028142,53.23171504,69.32980915,70.56593949,69.66788483,71.59331479,67.85522055,59.65383488,77.36483752,76.92681038,
5.122681937361,5.122681937361,5.122681937361,5.122681937361,4.902351531453,4.838428512455,4.782665878861001,3.9571068888230005,3.7483370289040003,3.444362672605,2.9669801264710003,2.436555075211,2.3488309321180005,2.3488309321180005,0.7432751038809999,0.43454052276300015,0.11220529930500002,0.0,0.0,0.0,0.0,0.0,0.0,0.0,0.0,0.0,0.0,0.0,0.0,0.0,0.8360157572129999,0.8360157572129999,0.8360157572129999,0.8360157572129999,0.798483665577,0.7875947254110001,0.7780958627129999,0.637466358867,0.601903543644,0.550123157961,0.46880362608299997,0.37844859066299996,0.363505257882,0.363505257882,0.090007516053,0.037416251847,0.0,0.0,0.0,0.0,0.0,0.0,0.0,0.0,0.0,0.0,0.0,0.0,0.0,0.0,36.708768065426,35.977282845426004,37.059955165426004,38.215635985426,30.65795960297,42.224114162134,43.344527558426,43.56428711231,45.189562497451995,42.849786669434,38.344743577445996,52.038991894126,51.22918301,52.58910957,55.947796980065995,53.17594684539,61.20981541069499,62.52788111,61.52503022,62.92028572,59.65214186,52.98538416,69.40961307,70.72153078,69.43436623,71.13714937,66.97039039,59.37778551,77.53541974,75.94589464,42.66746576,41.93598054,43.01865286,44.17433368,36.3587948,47.8501374,48.9052893,48.15886036,49.53980307,46.8442725,41.78052733,54.85399556,53.9415192,55.30144576,56.7810796,53.64790362,61.32202071,62.52788111,61.52503022,62.92028572,59.65214186,52.98538416,69.40961307,70.72153078,69.43436623,71.13714937,66.97039039,59.37778551,77.53541974,75.94589464,
5.045823921042,5.045823921042,5.045823921042,5.045823921042,4.828799236266001,4.7658352845100005,4.710909284042001,3.897736545406001,3.6920989582880006,3.3926852728100005,2.9224651224620004,2.399998288742,2.3135903123960007,2.3135903123960007,0.732123396482,0.4280209060860002,0.11052183021000003,0.0,0.0,0.0,0.0,0.0,0.0,0.0,0.0,0.0,0.0,0.0,0.0,0.0,0.8475063470649999,0.8475063470649999,0.8475063470649999,0.8475063470649999,0.809458396885,0.798419794055,0.7887903745649999,0.646227993335,0.6101763862199999,0.5576843068049999,0.47524708141499994,0.383650164315,0.36850144340999996,0.36850144340999996,0.091244621265,0.037930518235,0.0,0.0,0.0,0.0,0.0,0.0,0.0,0.0,0.0,0.0,0.0,0.0,0.0,0.0,36.364874291893,36.075963341893,37.155035771893,37.726783811893,30.489771006848997,42.64294231143499,42.936496001393,43.653152211259,44.615991925492,42.230029080385,38.117637686123004,52.479670216943,51.302277464194,52.657550954194,55.245325352253,52.421657765679,61.66908669979,61.9281212,61.57390442,62.96374505,58.80675578,52.64909046,69.92755089,70.04317837,69.48232486,70.24464915,66.02129059,59.00091978,76.79170933,76.00622447,42.25820456,41.96929361,43.04836604,43.62011408,36.12802864,48.20719739,48.43619566,48.19711675,48.91826727,46.18039866,41.51534989,55.26331867,53.98436922,55.33964271,56.06869337,52.88760919,61.77960853,61.9281212,61.57390442,62.96374505,58.80675578,52.64909046,69.92755089,70.04317837,69.48232486,70.24464915,66.02129059,59.00091978,76.79170933,76.00622447,
4.567243429107,4.567243429107,4.567243429107,4.567243429107,4.370802851511001,4.313810832085,4.264094389607,3.5280485217010003,3.341915011448,3.070899770135,2.6452785186770003,2.172366017057,2.094153564866,2.094153564866,0.6626838003469999,0.38742447248100015,0.10003918303500002,0.0,0.0,0.0,0.0,0.0,0.0,0.0,0.0,0.0,0.0,0.0,0.0,0.0,0.8602776729539999,0.8602776729539999,0.8602776729539999,0.8602776729539999,0.821656366866,0.810451420038,0.8006768919539999,0.655966195686,0.6193713161519999,0.5660882179379999,0.48240872141399993,0.389431503054,0.37405450155599995,0.37405450155599995,0.092619613674,0.038502104526,0.0,0.0,0.0,0.0,0.0,0.0,0.0,0.0,0.0,0.0,0.0,0.0,0.0,0.0,37.068582847939,36.577756247939,37.726199267939,38.018955897939,30.941105451623,43.283598507877,43.644103768439,44.054425412613,44.7622536824,42.245505921927,38.394024209909,52.931555769889,51.562446413578,53.006870003578,55.090199245979,52.120510372993,61.936728146965,62.27675557,61.62669682,63.11783924,58.42739976,52.65715807,70.21862565,70.43749776,69.65237228,69.9650287,65.59539439,59.00996071,77.22402067,76.0713909,42.49610395,42.00527735,43.15372037,43.446477,36.13356467,48.40786076,48.70887505,48.23844013,48.72354001,45.88249391,41.52171145,55.49335329,54.03065448,55.47507807,55.84550266,52.54643695,62.03676733,62.27675557,61.62669682,63.11783924,58.42739976,52.65715807,70.21862565,70.43749776,69.65237228,69.9650287,65.59539439,59.00996071,77.22402067,76.0713909,
3.7052738626410004,3.7052738626410004,3.7052738626410004,3.7052738626410004,3.5459072448930002,3.499671250855,3.459337724141,2.8622047798630006,2.7111999908240003,2.4913330830050002,2.1460387445510003,1.7623783684910002,1.6989268447580004,1.6989268447580004,0.537616398761,0.3143063850030001,0.08115892570500002,0.0,0.0,0.0,0.0,0.0,0.0,0.0,0.0,0.0,0.0,0.0,0.0,0.0,0.746575180316,0.746575180316,0.746575180316,0.746575180316,0.713058433964,0.703334439652,0.694851806316,0.569267454244,0.537509302608,0.491268606252,0.418648989156,0.337960525716,0.32461589522400003,0.32461589522400003,0.080378123196,0.033413299604,0.0,0.0,0.0,0.0,0.0,0.0,0.0,0.0,0.0,0.0,0.0,0.0,0.0,0.0,38.402368567043,37.912512597043,38.643182767043,39.085519937042996,32.183182951142996,44.247118269493,44.965154049543,45.219336695893,45.576762556568,42.940700060743,39.311622946293,53.441463685793,52.468995590018004,53.376089870018,55.344339438043,52.245452015393,62.009770514295,62.8015603,62.15351583,63.03199971,58.47936503,53.10685504,70.27993106,71.03107288,69.55764587,70.11139868,65.65373487,59.5139112,77.87478565,76.72169112,42.85421761,42.36436164,43.09503181,43.53736898,36.44214863,48.45012396,49.11934358,48.65080893,48.82547185,45.92330175,41.87631068,55.54180258,54.49253833,55.39963261,55.96233396,52.5931717,62.09092944,62.8015603,62.15351583,63.03199971,58.47936503,53.10685504,70.27993106,71.03107288,69.55764587,70.11139868,65.65373487,59.5139112,77.87478565,76.72169112,
2.426264090298,2.426264090298,2.426264090298,2.426264090298,2.321908645554,2.29163268319,2.265221737298,1.8742109042140003,1.775330899472,1.63135903589,1.4052555722780002,1.154029501598,1.1124805745240003,1.1124805745240003,0.352038583658,0.20581212713400007,0.05314397649000001,0.0,0.0,0.0,0.0,0.0,0.0,0.0,0.0,0.0,0.0,0.0,0.0,0.0,0.722203277495,0.722203277495,0.722203277495,0.722203277495,0.689780683355,0.6803741282650001,0.672168409995,0.5506837517050001,0.51996234306,0.475231171515,0.404982217545,0.326927824245,0.31401882843,0.31401882843,0.07775418409500001,0.032322524405000004,0.0,0.0,0.0,0.0,0.0,0.0,0.0,0.0,0.0,0.0,0.0,0.0,0.0,0.0,39.899249202207,39.728401942207,40.344030602207,40.699778942207004,34.804685891091,45.526373518545,46.403741212707,46.814472954081005,46.878815477468,44.984160252595004,41.645220700177,54.116164944157,53.725268587046,54.484084887046,55.932138622247,53.692045228461,62.09962809351,63.08512718,62.90542503,63.61334484,59.9660103,55.10950458,70.34992993,71.35179834,70.19917713,70.61202711,67.32276486,61.75816962,78.22641243,77.64984047,43.04771657,42.87686931,43.49249797,43.84824631,37.81637522,48.49838033,49.34113136,49.23936761,49.17410872,47.09075046,43.45545849,55.59712227,55.15176799,55.91058429,56.36193139,53.93017988,62.15277207,63.08512718,62.90542503,63.61334484,59.9660103,55.10950458,70.34992993,71.35179834,70.19917713,70.61202711,67.32276486,61.75816962,78.22641243,77.64984047,
0.922322410668,0.922322410668,0.922322410668,0.922322410668,0.882652629564,0.87114349554,0.8611036126680001,0.7124643711240001,0.6748760291520001,0.6201464237400001,0.5341952313480001,0.438693906468,0.4228994565840001,0.4228994565840001,0.13382429242799998,0.07823762384400003,0.020202203340000002,0.0,0.0,0.0,0.0,0.0,0.0,0.0,0.0,0.0,0.0,0.0,0.0,0.0,0.8024506449329999,0.8024506449329999,0.8024506449329999,0.8024506449329999,0.766425425457,0.755973664251,0.7468561704329999,0.611872786347,0.5777377790039999,0.528036318801,0.4499816766029999,0.363254296383,0.34891092196199996,0.34891092196199996,0.086393813373,0.035914030527,0.0,0.0,0.0,0.0,0.0,0.0,0.0,0.0,0.0,0.0,0.0,0.0,0.0,0.0,42.505023604399,42.588785844399,43.275465574399,43.332411514399,39.384105744979,48.505106490209,49.088067346898995,49.564910402529,49.277272321844,48.748393547458996,46.167772612049,56.668164177149,56.227946341454,57.077008451454,57.695665864199,57.029370345629,64.22641074666,64.81742981,65.01321814,65.81860853,63.53898756,59.79733429,72.71992172,73.31110181,72.63274979,72.55886851,71.33408238,67.01156074,80.37449116,80.25167964,44.22979666,44.3135589,45.00023863,45.05718457,41.0331838,50.13222365,50.69602713,50.88924756,50.52988613,49.89657629,47.15194952,57.47011238,56.99975672,57.84881883,57.91588397,57.143522,64.24661295,64.81742981,65.01321814,65.81860853,63.53898756,59.79733429,72.71992172,73.31110181,72.63274979,72.55886851,71.33408238,67.01156074,80.37449116,80.25167964,
0.024440901363,0.024440901363,0.024440901363,0.024440901363,0.023389679799,0.023084695765,0.022818645863,0.018879809509000003,0.017883744632,0.016433448215,0.014155801493000001,0.011625082913,0.011206540994000001,0.011206540994000001,0.0035462505229999996,0.002073242529000001,0.0005353443150000001,0.0,0.0,0.0,0.0,0.0,0.0,0.0,0.0,0.0,0.0,0.0,0.0,0.0,0.950996077437,0.950996077437,0.950996077437,0.950996077437,0.908302059273,0.8959155231390001,0.885110246937,0.7251394504830001,0.684685550556,0.625783618089,0.533279912067,0.43049801648700003,0.41349947221800004,0.41349947221800004,0.10238658059700001,0.04256224650300001,0.0,0.0,0.0,0.0,0.0,0.0,0.0,0.0,0.0,0.0,0.0,0.0,0.0,0.0,43.490501031200004,43.912864831200004,44.3704125712,44.403372941200004,41.637419630928,49.765318381095994,50.0587625672,50.805257310008,50.188007194812,48.469126533696,48.36947505644,57.6608947606,57.314332476787996,57.868403426788,58.22336392888,56.199607140968006,64.953611165685,65.16348782,65.85643379,66.32410874,62.53906144,62.03562938,73.52076994,73.70250723,73.19058397,73.07680525,70.21148325,69.51989409,80.80360778,81.29253678,44.46593801,44.88830181,45.34584955,45.37880992,42.56911137,50.6843186,50.96669146,51.54927657,50.89057649,49.1113436,48.91691077,58.10301786,57.73903849,58.29310944,58.32929676,56.24424263,64.95414651,65.16348782,65.85643379,66.32410874,62.53906144,62.03562938,73.52076994,73.70250723,73.19058397,73.07680525,70.21148325,69.51989409,80.80360778,81.29253678,
0.0,0.0,0.0,0.0,0.0,0.0,0.0,0.0,0.0,0.0,0.0,0.0,0.0,0.0,0.0,0.0,0.0,0.0,0.0,0.0,0.0,0.0,0.0,0.0,0.0,0.0,0.0,0.0,0.0,0.0,1.0275982031279998,1.0275982031279998,1.0275982031279998,1.0275982031279998,0.9814652091119999,0.968080945416,0.9564053111279999,0.7835489693519999,0.7398365336639999,0.6761900882159999,0.5762352678479999,0.46517435632799997,0.4468065901919999,0.4468065901919999,0.11063375416799999,0.045990608232,0.0,0.0,0.0,0.0,0.0,0.0,0.0,0.0,0.0,0.0,0.0,0.0,0.0,0.0,42.905564856872,43.278880206871996,43.679973816872,43.668731586872,41.273888310888,49.335003124584,49.399621498872,50.097567430648006,49.385364946336004,47.343876961784005,47.980130862152,57.200807403672,56.543842619808004,57.025782719808,57.341412455832,54.948479191767994,64.46557798,64.38272224,65.00283023,65.39054615,61.14941485,61.57839255,72.96776544,72.81943018,72.16037049,71.97775776,68.65135193,69.0074941,79.83544788,80.2388569,43.93316306,44.30647841,44.70757202,44.69632979,42.25535352,50.30308407,50.35602681,50.8811164,50.12520148,48.02006705,48.55636613,57.66598176,56.99064921,57.47258931,57.45204621,54.9944698,64.46557798,64.38272224,65.00283023,65.39054615,61.14941485,61.57839255,72.96776544,72.81943018,72.16037049,71.97775776,68.65135193,69.0074941,79.83544788,80.2388569,
0.0,0.0,0.0,0.0,0.0,0.0,0.0,0.0,0.0,0.0,0.0,0.0,0.0,0.0,0.0,0.0,0.0,0.0,0.0,0.0,0.0,0.0,0.0,0.0,0.0,0.0,0.0,0.0,0.0,0.0,1.058608923211,1.058608923211,1.058608923211,1.058608923211,1.011083733919,0.9972955617170001,0.985267581711,0.8071948045490001,0.762163220868,0.6965960615669999,0.593624818101,0.479212325361,0.460290259254,0.460290259254,0.11397244469100001,0.047378506609000004,0.0,0.0,0.0,0.0,0.0,0.0,0.0,0.0,0.0,0.0,0.0,0.0,0.0,0.0,41.608875606789006,41.925255626789,42.227648166789,42.255539126789,40.843971766081,47.694398328283,47.920043238289,48.555045075451,47.812974999132,46.395849328433,47.502751851899,55.339518944639,54.829103850746,55.185166740746,55.561436405308996,53.884742483391,62.40051176,62.52790862,63.06239968,63.31169115,59.96816865,60.99504141,70.63034333,70.72156189,69.8662935,69.75192975,67.325188,68.35376479,77.53545386,77.84360844,42.66748453,42.98386455,43.28625709,43.31414805,41.8550555,48.69169389,48.90531082,49.36223988,48.57513822,47.09244539,48.09637667,55.81873127,55.28939411,55.645457,55.67540885,53.93212099,62.40051176,62.52790862,63.06239968,63.31169115,59.96816865,60.99504141,70.63034333,70.72156189,69.8662935,69.75192975,67.325188,68.35376479,77.53545386,77.84360844,
0.0,0.0,0.0,0.0,0.0,0.0,0.0,0.0,0.0,0.0,0.0,0.0,0.0,0.0,0.0,0.0,0.0,0.0,0.0,0.0,0.0,0.0,0.0,0.0,0.0,0.0,0.0,0.0,0.0,0.0,1.047096545236,1.047096545236,1.047096545236,1.047096545236,1.000088192644,0.986449966892,0.974552791236,0.798416556524,0.753874691568,0.689020575492,0.587169144876,0.474000888636,0.455284600104,0.455284600104,0.11273299371600001,0.046863265084,0.0,0.0,0.0,0.0,0.0,0.0,0.0,0.0,0.0,0.0,0.0,0.0,0.0,0.0,39.855370194764,40.153367934764,40.841734984763995,41.058879864763995,38.946636167356,45.749151323107995,45.907701258764,46.51578452347599,46.466345868432,45.414506474507995,45.316310825124,53.102323141364,52.540153149896,53.393750419896,54.009708686284,52.752709524916,59.89369449,59.94132841,60.4459414,61.26777742,58.7088664,58.21404554,67.79290884,67.79603638,67.61077523,67.80632289,65.91139194,65.23725673,74.32805936,74.61387797,40.90246674,41.20046448,41.88883153,42.10597641,39.94672436,46.73560129,46.88225405,47.31420108,47.22022056,46.10352705,45.90347997,53.57632403,52.99543775,53.84903502,54.12244168,52.79957279,59.89369449,59.94132841,60.4459414,61.26777742,58.7088664,58.21404554,67.79290884,67.79603638,67.61077523,67.80632289,65.91139194,65.23725673,74.32805936,74.61387797,
0.0,0.0,0.0,0.0,0.0,0.0,0.0,0.0,0.0,0.0,0.0,0.0,0.0,0.0,0.0,0.0,0.0,0.0,0.0,0.0,0.0,0.0,0.0,0.0,0.0,0.0,0.0,0.0,0.0,0.0,1.062757637312,1.062757637312,1.062757637312,1.062757637312,1.015046195648,1.001203987264,0.989128869312,0.810358220608,0.765150157056,0.6993260384639999,0.595951248192,0.48109037011199995,0.46209414796799997,0.46209414796799997,0.114419105472,0.047564184128,0.0,0.0,0.0,0.0,0.0,0.0,0.0,0.0,0.0,0.0,0.0,0.0,0.0,0.0,37.901315052688005,38.582917432688006,39.024460122688,39.712108212687994,36.771808904352,43.660301742736,43.671345180688,44.718338269392,44.962281502944,42.870174161536,42.825585161808,50.717551269888,50.533445142032,51.070925852032,52.297031414528,49.849941375872,57.23565131,57.10067052,58.16488194,58.63268669,55.48200171,55.06648515,64.78430367,64.58313886,64.70287593,65.66273854,62.28864879,61.70996013,70.80560509,71.79816052,38.96407269,39.64567507,40.08721776,40.77486585,37.7868551,44.66150573,44.66047405,45.52869649,45.72743166,43.5695002,43.42153641,51.19864164,50.99553929,51.53302,52.41145052,49.89750556,57.23565131,57.10067052,58.16488194,58.63268669,55.48200171,55.06648515,64.78430367,64.58313886,64.70287593,65.66273854,62.28864879,61.70996013,70.80560509,71.79816052,
