country_1,country_2,country_3,country_4,collaboration_emissions,technology_cost,technology_name,collaboration_emissions_MtCO2e/y,technology_cost_G$/y,technology_size
MX,,,,,,RE_PV_Existing_[MX],79.77771503606009,0.0,6.695
MX,,,,,,RE_WIND_Existing_[MX],79.77771503606009,0.0,6.995
MX,,,,,,RE_PV_Openfield_Lim_[MX],79.77771503606009,6.2146592544998285,59.18723099523646
MX,,,,,,RE_WIND_Onshore_Lim_[MX],79.77771503606009,1.7264549030534257e-07,2.158068628816782e-06
MX,,,,,,BESS_Existing_[MX],79.77771503606009,0.1327942114237241,4.90015540308945
MX,,,,,,BESS_[MX],79.77771503606009,0.046095759118721866,1.7009505209860465
MX,,,,,,PP_CO2_[MX],79.77771503606009,1.1057573795736463e-05,1.778320383080093e-05
MX,,,,,,PP_CO2_Existing_[MX],79.77771503606009,13.351669360234201,44.3329751705893
MX,,,,,,EL_Demand_[MX],79.77771503606009,0.0,46.2074085
