,scenario,total_system_cost,asset_name,asset_cost
0,slow_fast_2055,487.4258821146734,RE_PV_MY,91.62001151795081
1,slow_fast_2055,487.4258821146734,RE_WIND_MY,169.44111875990163
2,slow_fast_2055,487.4258821146734,PP_CO2_MY,226.36475183682097
3,slow_fast_2055,487.4258821146734,EL_Demand_MY,0.0
