,scenario,total_system_cost,asset_name,asset_cost
0,slow_fast_2055,487.42588211445076,RE_PV_MY,91.6200115186912
1,slow_fast_2055,487.42588211445076,RE_WIND_MY,169.44111875961704
2,slow_fast_2055,487.42588211445076,PP_CO2_MY,226.3647518361425
3,slow_fast_2055,487.42588211445076,EL_Demand_MY,0.0
