Type,maximum_budget,maximum_budget_unit,set_size,set_number,case_study,,,,,
0,"10,10,10,10,10",MtCO2e,24,0,five_year,,,,,
1,"1.532666667,1.525333333,1.518,1.510666667,1.503333333,1.496,1.488666667,1.481333333,1.474,1.466666667,1.459333333,1.452,1.444666667,1.437333333,1.43,1.422666667,1.415333333,1.408,1.400666667,1.393333333,1.386,1.378666667,1.371333333,1.364,1.356666667,1.349333333,1.342,1.334666667,1.327333333,1.32",MtCO2e,24,0,thirty_year,,,,,
2,"10,9.5,9.4,9.3,9.2,9.1,9,8.9,8.8,8.7,8.6,8.5,8.4,8.3,8.2,8.1,8,7.9,7.8,7.7,7.6,7.5,7.4,7.3,7.2,7.1,7,6.9,6.8,6.7",MtCO2e,24,0,thirty_year_slow,,,,,
,,,,,,,,,,
,,,,,,,,,,
,,,,,,,,,,
,,,,,,,,,, 