RE_PV_MY_y1,RE_PV_MY_y2,RE_PV_MY_y3,RE_PV_MY_y4,RE_PV_MY_y5,RE_PV_MY_y6,RE_PV_MY_y7,RE_PV_MY_y8,RE_PV_MY_y9,RE_PV_MY_y10,RE_PV_MY_y11,RE_PV_MY_y12,RE_PV_MY_y13,RE_PV_MY_y14,RE_PV_MY_y15,RE_PV_MY_y16,RE_PV_MY_y17,RE_PV_MY_y18,RE_PV_MY_y19,RE_PV_MY_y20,RE_PV_MY_y21,RE_PV_MY_y22,RE_PV_MY_y23,RE_PV_MY_y24,RE_PV_MY_y25,RE_PV_MY_y26,RE_PV_MY_y27,RE_PV_MY_y28,RE_PV_MY_y29,RE_PV_MY_y30,RE_WIND_MY_y1,RE_WIND_MY_y2,RE_WIND_MY_y3,RE_WIND_MY_y4,RE_WIND_MY_y5,RE_WIND_MY_y6,RE_WIND_MY_y7,RE_WIND_MY_y8,RE_WIND_MY_y9,RE_WIND_MY_y10,RE_WIND_MY_y11,RE_WIND_MY_y12,RE_WIND_MY_y13,RE_WIND_MY_y14,RE_WIND_MY_y15,RE_WIND_MY_y16,RE_WIND_MY_y17,RE_WIND_MY_y18,RE_WIND_MY_y19,RE_WIND_MY_y20,RE_WIND_MY_y21,RE_WIND_MY_y22,RE_WIND_MY_y23,RE_WIND_MY_y24,RE_WIND_MY_y25,RE_WIND_MY_y26,RE_WIND_MY_y27,RE_WIND_MY_y28,RE_WIND_MY_y29,RE_WIND_MY_y30,PP_CO2_MY_y1,PP_CO2_MY_y2,PP_CO2_MY_y3,PP_CO2_MY_y4,PP_CO2_MY_y5,PP_CO2_MY_y6,PP_CO2_MY_y7,PP_CO2_MY_y8,PP_CO2_MY_y9,PP_CO2_MY_y10,PP_CO2_MY_y11,PP_CO2_MY_y12,PP_CO2_MY_y13,PP_CO2_MY_y14,PP_CO2_MY_y15,PP_CO2_MY_y16,PP_CO2_MY_y17,PP_CO2_MY_y18,PP_CO2_MY_y19,PP_CO2_MY_y20,PP_CO2_MY_y21,PP_CO2_MY_y22,PP_CO2_MY_y23,PP_CO2_MY_y24,PP_CO2_MY_y25,PP_CO2_MY_y26,PP_CO2_MY_y27,PP_CO2_MY_y28,PP_CO2_MY_y29,PP_CO2_MY_y30,EL_Demand_MY_y1,EL_Demand_MY_y2,EL_Demand_MY_y3,EL_Demand_MY_y4,EL_Demand_MY_y5,EL_Demand_MY_y6,EL_Demand_MY_y7,EL_Demand_MY_y8,EL_Demand_MY_y9,EL_Demand_MY_y10,EL_Demand_MY_y11,EL_Demand_MY_y12,EL_Demand_MY_y13,EL_Demand_MY_y14,EL_Demand_MY_y15,EL_Demand_MY_y16,EL_Demand_MY_y17,EL_Demand_MY_y18,EL_Demand_MY_y19,EL_Demand_MY_y20,EL_Demand_MY_y21,EL_Demand_MY_y22,EL_Demand_MY_y23,EL_Demand_MY_y24,EL_Demand_MY_y25,EL_Demand_MY_y26,EL_Demand_MY_y27,EL_Demand_MY_y28,EL_Demand_MY_y29,EL_Demand_MY_y30,EL_Demand_MY_y31
0.0,0.0,0.0,0.0,0.0,0.0,0.0,0.0,0.0,0.0,0.0,0.0,0.0,0.0,0.0,0.0,0.0,0.0,0.0,0.0,0.0,0.0,0.0,0.0,0.0,0.0,0.0,0.0,0.0,0.0,0.6805191529560253,0.7158957605753676,0.7646803889622278,0.8319547865656457,0.9047893687808478,1.0297947604477626,1.206215755458839,1.4469921388683462,1.7686826909664148,2.1712398056163087,2.784418055162809,3.6462334015891407,4.822817815471601,6.4415281177510275,8.705923182597378,11.29318815599982,11.293188155999811,11.293188155999802,11.293188155999793,11.293188155998886,11.293188155999331,11.293188155999548,11.29318815599969,11.29318815599979,11.293188155999854,11.293188155999884,11.293188155999855,11.29318815599973,11.293188155999394,11.293188155998445,8.921847596052814,8.953244935433919,9.136420530047529,8.550738664444607,9.137250561229923,8.961452722563553,9.18922541455305,9.065268861144144,8.353036029046706,8.404880264397473,8.249519694851665,7.349708408426065,6.581550904544377,5.297345832265752,2.461696637420246,0.38271898401868804,0.6518325340196293,1.143117354020615,1.2808610140216525,1.6450692540236407,1.3522291140243254,1.8842127140252962,1.822727984026404,2.3351135840276127,2.642657924028924,1.9191001440303461,2.4851754940318864,3.0292778940336063,3.2632668140356187,3.365446184038322,9.602366749,9.669140696,9.901100919,9.382693451,10.04203993,9.991247483,10.39544117,10.512261,10.12171872,10.57612007,11.03393775,10.99594181,11.40436872,11.73887395,11.16761982,11.67590714,11.94502069,12.43630551,12.57404917,12.93825741,12.64541727,13.17740087,13.11591614,13.62830174,13.93584608,13.2122883,13.77836365,14.32246605,14.55645497,14.65863434,
0.0,0.0,0.0,0.0,0.0,0.0,0.0,0.0,0.0,0.0,0.0,0.0,0.0,0.0,0.0,0.0,0.0,0.0,0.0,0.0,0.0,0.0,0.0,0.0,0.0,0.0,0.0,0.0,0.0,0.0,0.6868486433970256,0.7225542878976797,0.7717926608084098,0.8396927757846677,0.9132047905010754,1.039372853972586,1.2174347359398396,1.4604505740518179,1.7851331613712615,2.19143444897803,2.8103158530239667,3.680146920937957,4.867674714985913,6.501440598494055,8.786896741276767,11.398225796999819,11.398225796999808,11.398225796999801,11.39822579699979,11.398225796998876,11.398225796999325,11.398225796999546,11.398225796999688,11.398225796999789,11.398225796999853,11.398225796999883,11.398225796999855,11.398225796999727,11.39822579699939,11.398225796998432,8.681048734611812,8.927023149111605,9.050178580201347,8.390212554225581,9.118681409509692,8.941567733038726,8.924171874072046,9.030541305960668,8.171763124641853,8.331166911035748,8.212465236990509,7.304451559077245,6.513619915030057,5.1436161715227176,2.1988691487408554,0.21859734301868775,0.5344724930196305,0.7344115830206164,1.1503827030216534,1.4366289530236487,1.1832014330243306,1.7658511130252998,1.7041600630264084,1.8973018030276183,2.426244893028928,1.5989131130303489,2.3104147130318924,2.9097584830336136,2.8027915130356242,3.2307502030383417,9.367897378,9.649577437,9.821971241,9.22990533,10.0318862,9.980940587,10.14160661,10.49099188,9.956896286,10.52260136,11.02278109,10.98459848,11.38129463,11.64505677,10.98576589,11.61682314,11.93269829,12.13263738,12.5486085,12.83485475,12.58142723,13.16407691,13.10238586,13.2955276,13.82447069,12.99713891,13.70864051,14.30798428,14.20101731,14.628976,
0.0,0.0,0.0,0.0,0.0,0.0,0.0,0.0,0.0,0.0,0.0,0.0,0.0,0.0,0.0,0.0,0.0,0.0,0.0,0.0,0.0,0.0,0.0,0.0,0.0,0.0,0.0,0.0,0.0,0.0,0.6803000985570253,0.7156653186915524,0.7644342436446366,0.8316869860857111,0.9044981233536781,1.029463276651365,1.2058274829668327,1.4465263621272204,1.7681133642660443,2.1705408985706534,2.7835217702882553,3.645059704327382,4.82126538384133,6.43945463449292,8.70312080626128,11.28955295699982,11.28955295699981,11.289552956999803,11.289552956999792,11.289552956998886,11.289552956999332,11.289552956999549,11.289552956999689,11.28955295699979,11.289552956999854,11.289552956999884,11.289552956999856,11.28955295699973,11.289552956999394,11.289552956998445,8.842298719451813,9.023169486317734,9.029099769365121,8.239168414924539,9.184502816657092,9.04037429335995,9.103257597045054,9.141505867885266,8.017205468747074,8.486543371443128,8.302015539726218,7.437375005687821,6.665304786174645,5.171886595523856,2.093338133756339,0.4757376730186869,0.749425983019626,1.043442773020613,1.3751285830216486,1.5081414630236336,1.4526697630243222,1.9494712530252942,1.9295315730264009,2.225536963027614,2.494892203028928,1.4836189730303437,2.59428927303189,3.09989125303361,3.145979923035617,3.4747392230383225,9.522598818,9.738834805,9.793534013,9.070855401,10.08900094,10.06983757,10.30908508,10.58803223,9.785318833,10.65708427,11.08553731,11.08243471,11.48657017,11.61134123,10.79645894,11.76529063,12.03897894,12.33299573,12.66468154,12.79769442,12.74222272,13.23902421,13.21908453,13.51508992,13.78444516,12.77317193,13.88384223,14.38944421,14.43553288,14.76429218,
0.0,0.0,0.0,0.0,0.0,0.0,0.0,0.0,0.0,0.0,0.0,0.0,0.0,0.0,0.0,0.0,0.0,0.0,0.0,0.0,0.0,0.0,0.0,0.0,0.0,0.0,0.0,0.0,0.0,0.0,0.6637284787890247,0.6982322276664932,0.7458131767798989,0.811427690917828,0.882465201393384,1.0043862936816845,1.1764543951252813,1.4112900231815013,1.7250433978769668,2.1176680876769005,2.7157171874416424,3.5562686787492623,4.703822836190508,6.282594163735307,8.491119060116823,11.014547588999825,11.014547588999815,11.014547588999807,11.014547588999799,11.014547588998912,11.014547588999347,11.01454758899956,11.014547588999697,11.014547588999797,11.014547588999857,11.014547588999887,11.014547588999859,11.014547588999736,11.01454758899941,11.014547588998484,9.099382735219814,9.266802758342793,8.978482368229857,8.278213135092424,9.442609988617384,9.328277126329628,9.393007374886604,9.422666366830985,8.080540489136148,8.828966112336877,8.629212492572831,7.815420981265939,7.049541493825459,5.246657036281463,2.3276989599008,1.0704026210186819,1.3386524010196221,1.629942771020609,1.9442916510216457,1.6926695110236085,2.0738776810243067,2.5342587910252834,2.5495591110263947,2.841893121027608,2.672444101028923,1.7850771410303417,3.246514671031884,3.711597671033599,3.7855837210356023,4.092669141038281,9.763111214,9.965034986,9.724295545,9.089640826,10.32507519,10.33266342,10.56946177,10.83395639,9.805583887,10.9466342,11.34492968,11.37168966,11.75336433,11.5292512,10.81881802,12.08495021,12.35319999,12.64449036,12.95883924,12.7072171,13.08842527,13.54880638,13.5641067,13.85644071,13.68699169,12.79962473,14.26106226,14.72614526,14.80013131,15.10721673,
0.006240239736000086,0.009168327791783596,0.01353687538231938,0.02005450999138823,0.029648232480280586,0.0441367178593584,0.06578128096650716,0.09805739503291692,0.14614589214619955,0.2098540210349585,0.2802026264123831,0.3576469282899397,0.44272537240542464,0.5362199516298275,0.6391750963726476,0.752465553966329,0.876608205374556,1.0133907067721295,1.1638909834706102,1.329983984694913,1.5109080180744452,1.7091552237540741,1.8997577479598424,1.8997577479773915,1.8997577479971384,1.8997577479493786,1.899757747837287,1.8997577476234753,1.8997577471279925,1.8997577476787624,0.5815777295880217,0.611810893563515,0.6535026715138983,0.7109959709275092,0.7732410536356318,0.8800717747933119,1.030842728534318,1.2366123704223615,1.5115319815845787,1.8555608773924808,2.3795884711126165,3.1161035424689234,4.1216230625618895,5.504987304951173,7.440159496627547,9.651259187999846,9.651259187999838,9.65125918799983,9.651259187999823,9.651259187999047,9.651259187999427,9.651259187999614,9.651259187999734,9.651259187999822,9.651259187999875,9.6512591879999,9.651259187999877,9.651259187999768,9.651259187999482,9.65125918799867,9.206716974684818,9.595932718653987,9.01892756011354,8.093089676091356,9.716376003894858,9.697048017358645,9.506856820511063,9.773126504557208,7.8614932572823415,9.185864261586339,8.898509722489473,8.215552469256341,7.4860947950486585,5.442601243435775,2.423474967017428,2.017549768052335,2.1703596266450442,2.0205382552484576,2.4712376485510137,1.6758882673285638,2.290509093949783,2.443212788271155,2.391937624066515,2.3500223740501895,2.0820272940317626,0.8747416540809452,3.1069308441945758,3.4520920844100913,3.296750354907535,3.9380509143593323,9.794534944,10.21691194,9.685967107,8.824140157,10.51926529,10.62125651,10.60348083,11.10779627,9.519171131,11.25127916,11.55830082,11.68930294,12.05044323,11.4838085,10.50280956,12.42127451,12.69822702,12.68518815,13.28638782,12.65713144,13.4526763,13.8036272,13.94295456,13.90103931,13.63304423,12.42575859,14.65794778,15.00310902,14.84776729,15.48906785,
0.13373177902800185,0.19648232090086404,0.29010270501535557,0.42977920915619594,0.6353779730208199,0.9458742050786011,1.4097291294181327,2.1014240541035765,3.1319870679957926,4.4972874050466345,6.00489681546524,7.6645709151506844,9.487848893216185,11.49148928815528,13.697874819645794,16.125751805444214,18.78619728966159,21.717521730014376,24.94282566040396,28.502290276752767,32.37959209148646,36.62813904232216,40.7128562531394,40.71285625351548,40.712856253938675,40.71285625291515,40.71285625051297,40.71285624593087,40.7128562353124,40.712856247115695,0.5351744774730199,0.5629953806984622,0.6013606315400362,0.6542666231323814,0.7115452600519587,0.8098521113375601,0.9485932671304583,1.1379448447007565,1.390929014770421,1.7075083388790622,2.1897245232045526,2.867474114378433,3.7927646755143876,5.065752270998809,6.846519851687224,8.881199072999857,8.88119907299985,8.881199072999845,8.881199072999836,8.881199072999122,8.881199072999474,8.881199072999644,8.881199072999756,8.881199072999834,8.881199072999884,8.881199072999909,8.881199072999886,8.881199072999786,8.881199072999523,8.881199072998777,9.954731723507818,10.145816418409959,9.221062193454367,7.9392198257216755,9.81456553693799,9.637259043595153,9.142738373463294,8.616834421208148,5.211064615246907,5.854753136088079,4.069338291344681,2.006589840486087,1.5980563049264487e-11,1.6781378175405187e-11,1.7625950648697102e-11,1.851383447688859e-11,1.9444869947975522e-11,2.0423957229422015e-11,2.1451169740080375e-11,2.2529413369448145e-11,2.3662631232686138e-11,2.4851776814869507e-11,2.610035765828769e-11,2.741167341652435e-11,2.878796524674369e-11,3.023227844769535e-11,3.17526461217101e-11,3.334666787697072e-11,3.5020157091486795e-11,3.677854346019934e-11,10.62363798,10.90529412,10.11252553,9.023265658,11.16148877,11.39298536,11.50106077,11.85620332,9.733980698,12.05954888,12.26395963,12.53863487,12.86236275,11.98954171,10.73981591,13.31359439,13.62086627,13.75898369,14.18158125,13.21453638,14.41909005,14.64636795,14.95603435,15.07775611,14.23342721,12.70615819,15.71094586,15.91908069,16.10462419,16.53267068,
1.0392318905040143,1.5268674004379037,2.254392970501867,3.3398214192394207,4.937532850353955,7.350404260433801,10.955028632027869,16.33020145525316,24.338723864773108,34.94849560857098,46.664153540579115,59.56150871503995,73.73023236346009,89.30055536863577,106.44641421936917,125.31348686433986,145.9878531985167,168.7672244292739,193.83111519174528,221.49177423117797,251.62235145274195,284.63788083329075,316.38028656531225,316.38028656823485,316.3802865715234,316.38028656356965,316.3802865449022,316.38028650929465,316.38028642677835,316.380286518502,0.5324708866920198,0.5601512444679957,0.5983226819966183,0.6509614034609035,0.7079506805525323,0.8057609059562346,0.9438011701230633,1.1321961826831912,1.3839023290452064,1.6988823598800786,2.1786624877692695,2.8529882281736287,3.77360441275365,5.040161138171678,6.811932649322199,8.83633309199986,8.836333091999851,8.836333091999846,8.836333091999837,8.836333091999128,8.836333091999476,8.836333091999647,8.836333091999757,8.836333091999837,8.836333091999885,8.83633309199991,8.836333091999887,8.836333091999787,8.836333091999526,8.836333091998783,9.472529742812803,9.378273755103388,7.879246877511271,5.420714946309927,6.094767909104281,3.7702020736212782,0.05756306786095482,1.2491526005528398e-11,1.3121774723924649e-11,1.378393772486221e-11,1.44791708261271e-11,1.5209195546875452e-11,1.597569103141189e-11,1.6780498904889477e-11,1.7625567885878326e-11,1.8512906009663224e-11,1.9444607399437982e-11,2.0422893420741385e-11,2.1450098644976256e-11,2.252864936110765e-11,2.366115044169048e-11,2.48502636665756e-11,2.6098838015959533e-11,2.7409841123183993e-11,2.8786386227141104e-11,3.0231748012602875e-11,3.174949799280596e-11,3.33429599881642e-11,3.501613879996321e-11,3.677301075477721e-11,11.04423252,11.4652924,10.73196253,9.411497769,11.74025144,11.92636724,11.95639287,12.46503179,10.1527918,12.87879679,12.89988931,13.12565226,13.52285856,12.72395428,11.20190376,14.21803406,14.25855016,14.30370796,14.90982031,14.0239853,15.39862996,15.40583393,15.65622639,15.67469116,15.10528771,13.25284924,16.77824612,16.74454132,16.74221341,17.38164065,
2.3560625913480324,3.4615904274991696,5.11097762927715,7.571773325620916,11.193975616576827,16.664242761925117,24.836355949921426,37.02251355974006,55.17878862544396,79.23240604877012,105.7931993027639,135.03304108546635,167.15522676916478,202.45500529107724,241.32671140775025,284.10061439633404,330.9718676410313,382.61541794161684,439.43824637738857,502.14825807962126,570.4578687604685,645.3080099251486,717.271827998838,717.2718280054639,717.2718280129195,717.2718279948873,717.271827952566,717.2718278718395,717.2718276847652,717.2718278927135,0.5426738264700202,0.5708845813634353,0.609787440812163,0.6634347990273276,0.7215160760323601,0.8212004918648883,0.961885814263883,1.1538907574618493,1.4104199706191947,1.7314354906539482,2.2204089244569065,2.9076557561210037,3.845912325790014,5.136738175244368,6.942459482487875,9.005650469999857,9.005650469999848,9.005650469999843,9.005650469999834,9.005650469999111,9.005650469999466,9.00565046999964,9.005650469999752,9.005650469999832,9.005650469999884,9.005650469999907,9.005650469999885,9.005650469999784,9.005650469999516,9.00565046999876,8.587845532190785,7.843645831146682,5.389536239920446,1.5595123073620087,0.210601527401582,1.1318587122680941e-11,1.1890551393856005e-11,1.2491127416054863e-11,1.312173464537692e-11,1.3783875423326181e-11,1.4479123165852197e-11,1.520913317750514e-11,1.5975647276801614e-11,1.6780486496245455e-11,1.762556372798993e-11,1.851289840817009e-11,1.944459818359918e-11,2.0422882870412275e-11,2.1450081730339534e-11,2.2528639226926992e-11,2.3661126069561495e-11,2.4850236737570192e-11,2.609880348171932e-11,2.7409798409523484e-11,2.8786341652119765e-11,3.0231710702462805e-11,3.1749354168849414e-11,3.334287144001638e-11,3.501606584930988e-11,3.677291818679651e-11,11.48658195,11.87612084,11.11030131,9.794720432,12.12609322,12.22526723,12.43527663,12.91168324,10.56619889,13.32204147,13.32384242,13.45460887,14.00741444,13.17251764,11.65802918,14.70737077,14.61589959,14.87660762,15.4440743,14.51837926,15.92859879,15.91214458,16.04860454,16.30250217,15.63780131,13.79248622,17.35569668,17.29484841,17.41278138,18.00446578,
3.4977543564120483,5.138994627036599,7.587635546685665,11.24087417401846,16.61830934468079,24.739337541742515,36.871461963807185,54.96274104280624,81.91711417384683,117.62654118094954,157.05806165713582,200.46683371260576,248.15466481065323,300.5598744849666,358.2678827144804,421.76899939468865,491.35294458747353,568.021728221573,652.3795447051995,745.477333120335,846.8881526890287,958.0088878928512,1064.8446566434911,1064.8446566533275,1064.844656664396,1064.8446566376258,1064.8446565747968,1064.844656454952,1064.844656177226,1064.8446564859412,0.591841964964022,0.6226087124923545,0.6650363064830628,0.7235443021749205,0.786887945139756,0.8956041161892795,1.0490360187223895,1.2584372784151077,1.5382089316258512,1.8883095756852195,2.421585705399457,3.1710994932914325,4.1943653755718024,5.602144542178842,7.571470488130723,9.821593763999843,9.821593763999834,9.821593763999827,9.821593763999818,9.82159376399903,9.821593763999417,9.821593763999607,9.82159376399973,9.821593763999816,9.821593763999871,9.821593763999898,9.821593763999873,9.821593763999763,9.821593763999472,9.821593763998647,7.598822658632769,6.261241940480334,3.0418532368410296,1.0255078939247712e-11,1.0773837443397405e-11,1.1318564669840277e-11,1.1890542858174598e-11,1.24911227670458e-11,1.3121732336723148e-11,1.378387392624037e-11,1.4479121944272115e-11,1.520913227331711e-11,1.5975645039504135e-11,1.6780483625120894e-11,1.7625561947841136e-11,1.8512895923113676e-11,1.9444595644612697e-11,2.04228802743366e-11,2.1450078950711782e-11,2.252863669132293e-11,2.366112383834626e-11,2.4850233652847922e-11,2.6098800010183357e-11,2.7409794482435243e-11,2.8786337847187217e-11,3.0231706742970005e-11,3.174934590408724e-11,3.334286470992185e-11,3.50160602698712e-11,3.677291081370854e-11,11.68841898,12.02284528,11.29452509,10.11532501,12.39897474,12.41465645,12.6537837,13.07120162,10.91205581,13.63080325,13.62367769,13.66304259,14.18047011,13.39093575,12.0396243,15.04824,14.84232358,15.13801266,15.6348793,14.75911357,16.29777212,16.27022613,16.29722346,16.58896238,15.89709715,14.24394722,17.75794552,17.68404585,17.71875092,18.22690333,
4.3613248050240605,6.40777551993985,9.4609683097323,14.01616533631892,20.72125065891314,30.847302436453315,45.97476131091397,68.53264736063304,102.14186177695629,146.66769003981625,195.8345699372982,249.9606562858427,309.4222706454793,374.76595049711983,446.72165181117225,525.9007384775699,612.6644603622683,708.2622164543858,813.4473724254607,929.530336674646,1055.9787598098985,1194.5344070664064,1327.7471604039335,1327.7471604161988,1327.74716043,1327.7471603966205,1327.7471603182792,1327.7471601688455,1327.7471598225509,1327.7471602074859,0.6409217036670238,0.6742398483905916,0.7201858397747453,0.7835457339641475,0.8521422816387723,0.9698739696400648,1.1360295351285166,1.362795834338875,1.6657681398334168,2.044901615539373,2.6224007889921768,3.434069582851449,4.542191938817442,6.066714151269166,8.199350589835804,10.63607006699983,10.636070066999821,10.636070066999812,10.636070066999803,10.636070066998949,10.636070066999368,10.636070066999574,10.636070066999707,10.636070066999801,10.636070066999862,10.636070066999888,10.636070066999864,10.636070066999745,10.636070066999428,10.636070066998535,6.794946921317756,5.1376852016788455,1.1628269805027105,1.0255029935016296e-11,1.0773822053782658e-11,1.1318559721192301e-11,1.189054022048135e-11,1.2491121032214587e-11,1.3121731550821342e-11,1.378387283983812e-11,1.4479121065430392e-11,1.5209131755169504e-11,1.5975644327130754e-11,1.6780482768172042e-11,1.762556150050146e-11,1.851289503516438e-11,1.9444594775279577e-11,2.0422879325523947e-11,2.1450077923066827e-11,2.2528636056874056e-11,2.3661122696496303e-11,2.485023292069248e-11,2.6098799388305825e-11,2.7409793512219127e-11,2.878633678423879e-11,3.023170600537053e-11,3.1749344265495705e-11,3.3342863296987763e-11,3.5016059144697437e-11,3.6772908051161836e-11,11.79719343,12.21970057,11.34398113,10.24682299,12.58935719,12.46619093,12.771542,13.28522211,11.05391118,13.69392788,13.83286508,13.71975924,14.41265314,13.44957149,12.19613793,15.11792881,14.90393555,15.27888962,15.890876,14.82374023,16.37324756,16.52005046,16.36487486,16.74334214,15.96670677,14.42911677,17.84018306,17.95557896,17.88364468,18.52534037,
4.923167145852068,7.233249374461343,10.679765996049147,15.821780715599612,23.390640464890552,34.82116849411577,51.89740378050878,77.3612819470511,115.30016235828145,165.5619760606329,221.06271920558245,282.1615325151856,349.28321671478136,423.0447163086869,504.27002295358676,593.649258745779,691.5902111239491,799.5032313758988,918.2387365855973,1049.2759469136083,1192.0139337077014,1348.4188429819937,1498.792566554318,1498.792566568163,1498.7925665837422,1498.7925665460627,1498.7925664576292,1498.792566288945,1498.7925658980394,1498.792566332563,0.7289612378190271,0.7668560943679069,0.8191134084213805,0.8911766676808681,0.9691959078109931,1.103099685019531,1.2920790345968514,1.549994847436765,1.894584624276224,2.325797370182591,2.982624108785795,3.9057869308364013,5.166125346025365,6.900061945009334,9.325645739692561,12.097082618999806,12.097082618999796,12.097082618999787,12.097082618999778,12.097082618998805,12.097082618999282,12.097082618999517,12.097082618999666,12.097082618999774,12.097082618999844,12.097082618999874,12.097082618999845,12.097082618999709,12.09708261899935,12.097082618998334,6.203078086337745,4.252608101180039,9.762554646706036e-12,1.0255020529829592e-11,1.0773817554397488e-11,1.1318558057029307e-11,1.1890539310166307e-11,1.2491120526238608e-11,1.3121731372628752e-11,1.3783872466796997e-11,1.4479120764987701e-11,1.5209131637496205e-11,1.597564415398278e-11,1.678048258004592e-11,1.7625561410569515e-11,1.851289479343723e-11,1.9444594536079646e-11,2.042287904528914e-11,2.14500775969852e-11,2.252863584759954e-11,2.366112249632996e-11,2.4850232554047166e-11,2.6098798977293418e-11,2.7409792795326193e-11,2.8786335956614367e-11,3.0231705319727696e-11,3.1749343130808696e-11,3.33428622852839e-11,3.501605841368979e-11,3.6772906770856214e-11,11.85520647,12.25271357,11.41816521,10.38708749,12.63124133,12.57827842,12.83434643,13.32111374,11.20522358,13.67471604,13.87888631,13.84311797,14.45159067,13.53752509,12.36308579,15.09671917,15.03794158,15.354024,15.93380712,14.92068022,16.35027678,16.57501181,16.51201667,16.82567801,16.0711212,14.62663096,17.81515424,18.01531624,17.97158802,18.57538882,
5.10787320033607,7.50462446969476,11.080446570464469,16.415378008625034,24.268204192492988,36.12757968319954,53.844476550186585,80.26370161612599,119.62596268957961,171.7734855350775,229.3564905621715,292.74759263746887,362.3875300451187,438.916393646621,523.1890893949505,615.9216312007077,717.5371057614974,829.4987775435874,952.6889693492764,1088.6423983213506,1236.7355903288071,1399.0084567205665,1555.0238610151293,1555.023861029494,1555.0238610456577,1555.0238610065644,1555.023860914813,1555.0238607398003,1555.0238603342286,1555.0238607850547,0.8251637368470307,0.8680596547846026,0.9272134729916803,1.0087870673268813,1.0971026654571105,1.2486779968285167,1.4625973360113453,1.7545508238972927,2.144616815316611,2.632737585431556,3.376247086304938,4.421241585931054,5.847909428353943,7.810677171333236,10.556370198914092,13.693559246999781,13.693559246999769,13.69355924699976,13.693559246999747,13.693559246998648,13.693559246999188,13.693559246999452,13.693559246999623,13.693559246999746,13.693559246999822,13.693559246999857,13.693559246999824,13.693559246999671,13.693559246999264,13.693559246998115,6.072036552825738,4.047539845529927,9.7610889460116e-12,1.0255018345018016e-11,1.0773816545618516e-11,1.1318557745450636e-11,1.1890539215436315e-11,1.2491120520910238e-11,1.31217313949205e-11,1.3783872480916434e-11,1.4479120710325556e-11,1.520913137029388e-11,1.5975643890429183e-11,1.6780482311381068e-11,1.7625561149727195e-11,1.8512894476328808e-11,1.9444594195508098e-11,2.042287869188637e-11,2.1450077227379058e-11,2.252863551174301e-11,2.3661122266412564e-11,2.4850232060701174e-11,2.6098798388785502e-11,2.7409792031988103e-11,2.878633500791968e-11,3.0231704441477896e-11,3.174934214035569e-11,3.3342861342295004e-11,3.501605765344985e-11,3.6772905785552156e-11,12.00507349,12.42022397,11.29947069,10.45095793,12.68074077,12.63754308,12.9965912,13.50323055,11.27412476,13.84625036,13.93327503,13.90834213,14.64916256,13.39679933,12.4391067,15.28609096,15.10879535,15.54812116,16.15164282,14.76557623,16.55537307,16.63996614,16.58981578,17.038379,15.90405811,14.71657045,18.03862582,18.08591485,18.19877498,18.82933835,
5.0543302060080695,7.42595766461663,10.964296410778621,16.243304729368617,24.01381410321984,35.748874355523306,53.280054844821784,79.42234186583033,118.3719902453638,169.97287960752618,226.95227401418583,289.6788824175103,358.5888230873055,434.3154771685178,517.7047891104206,609.4652672479567,710.0155632961538,820.8036031335847,942.7024606632617,1077.230765441602,1223.7715788702112,1384.3434290417106,1538.7234106114738,1538.7234106256878,1538.723410641682,1538.7234106029987,1538.723410512209,1538.7234103390308,1538.7234099377106,1538.723410383811,0.9249947371080344,0.9730803431082261,1.039390783179753,1.130833417020356,1.229833724265019,1.3997471336081013,1.6395471321706012,1.9668221052646973,2.404079552576132,2.951254765528014,3.7847164708685557,4.956137813442887,6.555408584702054,8.75563837104545,11.833514296532632,15.350250707999756,15.350250707999741,15.35025070799973,15.350250707999718,15.350250707998484,15.350250707999091,15.350250707999386,15.350250707999578,15.350250707999715,15.350250707999802,15.350250707999841,15.350250707999804,15.350250707999631,15.350250707999177,15.350250707997887,6.030582966892736,4.0652033022844325,9.761061640396426e-12,1.0255018178599712e-11,1.077381675314315e-11,1.1318557983483689e-11,1.1890539395010233e-11,1.2491120665589782e-11,1.3121731421811502e-11,1.3783872574552505e-11,1.4479120752382848e-11,1.520913133515411e-11,1.5975643857262623e-11,1.6780482254906956e-11,1.762556101237393e-11,1.8512894419968783e-11,1.9444594108611773e-11,2.042287864020083e-11,2.1450077208485733e-11,2.252863520697096e-11,2.3661122440451204e-11,2.4850231434188552e-11,2.6098797600315404e-11,2.7409791071688407e-11,2.8786333912599397e-11,3.023170332941314e-11,3.1749341031614e-11,3.334286026454447e-11,3.501605668652399e-11,3.677290560263447e-11,12.00990791,12.46424131,11.17830337,10.32196469,12.64266428,12.70582626,13.0018249,13.55108607,11.1349714,14.03425197,13.89143755,13.9834917,14.70107926,13.25314178,12.28557428,15.49364245,15.19043121,15.55438236,16.20888432,14.60724091,16.78015861,16.59000127,16.67945389,17.04524032,15.73351454,14.53492794,18.28355067,18.03160823,18.2061036,18.89606961,
4.751083318164065,6.980419193786311,10.306466663126693,15.268747981646113,22.573046663172168,33.60403330826596,50.08338779749586,74.65720444614486,111.26997352173582,159.7749414717083,213.33571791697787,272.29889021541413,337.07441065584044,408.2576591341362,486.64382559579803,572.8989096874111,667.4164450916433,771.5574858368694,886.1427236244739,1012.599674120803,1150.3484134657815,1301.2863632280873,1446.4039406714253,1446.4039406847864,1446.403940699821,1446.4039406634586,1446.4039405781161,1446.4039404153282,1446.4039400380861,1446.4039404574216,1.022107537755038,1.0752415269320752,1.148513728286282,1.2495566873120456,1.3589507802894811,1.546702958208022,1.8116789372613515,2.1733136617613935,2.6564776354655435,3.261099356211093,4.1820640463693675,5.476469880369817,7.243643945949815,9.674870156431579,13.07588430009128,16.961833754999727,16.961833754999713,16.961833754999702,16.961833754999688,16.961833754998324,16.96183375499899,16.961833754999322,16.96183375499953,16.961833754999684,16.96183375499978,16.961833754999823,16.96183375499978,16.961833754999592,16.961833754999088,16.961833754997663,6.1339856340897345,4.263078849290903,9.76121460236271e-12,1.0255020687527218e-11,1.0773818388137939e-11,1.1318558729112112e-11,1.1890539864792977e-11,1.2491120941412916e-11,1.3121731452815132e-11,1.3783872436385463e-11,1.4479120494512977e-11,1.520913107393258e-11,1.5975643709929866e-11,1.6780482248365127e-11,1.7625560967437975e-11,1.8512894230445306e-11,1.9444593939100164e-11,2.0422878429052612e-11,2.1450076975617934e-11,2.2528635380087468e-11,2.3661121693213785e-11,2.4850231610844624e-11,2.6098796571230396e-11,2.7409789897857073e-11,2.8786332607746835e-11,3.023170199336804e-11,3.1749339748325633e-11,3.334285905446208e-11,3.5016055503278084e-11,3.677290450298783e-11,11.90717649,12.31873957,11.02746242,10.18670963,12.59062641,12.60533403,12.89060873,13.39289701,10.98906301,14.00406193,13.83425967,13.87289422,14.52946572,13.07430279,12.12458884,15.46031301,15.07028787,15.42133189,16.01966937,14.4101296,16.74406166,16.52171595,16.54753365,16.89943722,15.5212052,14.34446783,18.24421967,17.95738918,18.0503706,18.67548571,
4.062754927932056,5.96910863890001,8.813284344035887,13.056639286586226,19.30270433663569,28.73554151315264,42.827396817877066,63.841003189650216,95.1493802535523,136.62703584728484,182.42802351149902,232.8487176521667,288.2396774091932,349.1100251119487,416.1397450194668,489.8983479495899,570.7223531341431,659.7756275463327,757.759962552638,865.8960579218835,983.6880081178862,1112.7583396913878,1236.851543999855,1236.8515440112803,1236.8515440241367,1236.8515439930425,1236.8515439200644,1236.8515437808608,1236.8515434582728,1236.8515438168556,1.102876197639041,1.1602089241715883,1.2392712183404209,1.3482987622457268,1.4663373607792214,1.668926032159195,1.9548408595616873,2.3450525693460205,2.8663969743832842,3.5187969222893902,4.512537794088934,5.909229758165167,7.816048896094558,10.439394698343326,14.109162710341849,18.30218643899971,18.30218643899969,18.30218643899968,18.302186438999662,18.30218643899819,18.302186438998916,18.302186438999268,18.302186438999495,18.30218643899966,18.30218643899976,18.30218643899981,18.302186438999765,18.30218643899956,18.30218643899902,18.30218643899748,6.588052524437741,4.928986116937689,0.8525031376334506,1.0255033133089473e-11,1.0773823697113457e-11,1.1318560973312411e-11,1.1890541085994127e-11,1.2491121663160426e-11,1.31217316337075e-11,1.3783872409400676e-11,1.4479120188406932e-11,1.520913048117364e-11,1.597564338948862e-11,1.6780481987865528e-11,1.7625560448815716e-11,1.8512893735281298e-11,1.9444593384106524e-11,2.0422877852801642e-11,2.145007635922152e-11,2.2528634502793905e-11,2.366112113686544e-11,2.4850230442372932e-11,2.6098796224838404e-11,2.740978948429141e-11,2.878633209773072e-11,3.023170152893958e-11,3.174933947020307e-11,3.3342858812619804e-11,3.501605408669371e-11,3.677290309391399e-11,11.75368365,12.05830368,10.9050587,10.23054228,12.34312922,12.47134438,12.72443868,13.10975189,11.03634814,13.77214753,13.56231605,13.72543091,14.2222919,12.92917935,12.17676005,15.20428235,14.91009675,15.22253884,15.6809905,14.25017862,16.46677147,16.19694432,16.37164,16.68159023,15.34892138,14.40619101,17.9420861,17.60439614,17.81768718,18.28065907,
3.1350758585880434,4.606137638882882,6.800881537770409,10.075319665541304,14.895174196995352,22.17414145804612,33.048298563811926,49.26371180104365,73.42321412046401,105.42996791915509,140.77287520070598,179.68063699723598,222.4237666712343,269.3951348615138,321.11945996052765,378.0362121425528,440.4050706987008,509.12414819422156,584.7349907498739,668.1795666713299,759.0752042242108,858.6739463964353,954.4320258138249,954.4320258226415,954.4320258325623,954.4320258085679,954.4320257522535,954.4320256448352,954.4320253959063,954.4320256726112,1.1114609736540413,1.1692399774901199,1.248917691674476,1.35879390476486,1.4777513144321013,1.6819169337693312,1.9700573189976902,2.3633064323764614,2.8887089764446516,3.5461871982648754,4.547663337920968,5.955227136659345,7.876888933479446,10.520654830177987,14.218988275429547,18.444650453999706,18.44465045399969,18.444650453999678,18.44465045399966,18.44465045399818,18.444650453998907,18.444650453999262,18.444650453999493,18.444650453999657,18.44465045399976,18.44465045399981,18.444650453999763,18.444650453999557,18.44465045399901,18.44465045399746,7.289597917766753,6.0689529236362825,2.8070398305648747,1.025514208160169e-11,1.0773842720869793e-11,1.1318566598564959e-11,1.1890543863122021e-11,1.2491123260761892e-11,1.3121732458335991e-11,1.3783872694442076e-11,1.447912017878546e-11,1.520913025062691e-11,1.5975643747377524e-11,1.6780482436132713e-11,1.7625560547867004e-11,1.851289382531764e-11,1.9444593457218162e-11,2.0422877924760268e-11,2.145007642891239e-11,2.2528634484118212e-11,2.366112090263389e-11,2.4850230376691434e-11,2.609879578629056e-11,2.7409789036342713e-11,2.8786331487456297e-11,3.023170087629013e-11,3.174933892421128e-11,3.3342857883684854e-11,3.5016054634092924e-11,3.677290344915007e-11,11.53613475,11.84433054,10.85683906,10.38959221,12.03470964,12.1415237,12.48892208,12.87712093,11.20792559,13.35085924,13.22343248,13.36244431,13.96991905,12.87200951,12.36606701,14.73918523,14.51578014,14.9407849,15.40273322,14.18716762,15.96305497,15.7922289,15.93867101,16.37283072,15.281052,14.63015799,17.3932399,17.16451252,17.48789965,17.95627098,
1.9690840579440272,2.893031174532746,4.271509851765042,6.328124813235737,9.355387676268917,13.927174465022006,20.757034527861336,30.941640304127233,46.11578377332469,66.21864300044604,88.41687947975046,112.85413616493167,139.70031757299813,169.20217859812624,201.68928530764384,237.43766091538808,276.61040525542046,319.7716064756014,367.26139983297946,419.67141846737377,476.76131323076385,539.3174695245166,599.4613754793284,599.4613754848659,599.461375491097,599.4613754760265,599.4613754406564,599.4613753731891,599.4613752168412,599.4613753906347,0.967287333048036,1.0175715084276107,1.0869137934773232,1.182537366094725,1.2860641639498374,1.4637463517279217,1.714510482343026,2.056749117005206,2.5139988429740483,3.0861919930680473,3.957761222399091,5.182742274590672,6.855134880833446,9.155963541522771,12.37456606538722,16.052094647999745,16.05209464799973,16.05209464799972,16.052094647999706,16.052094647998416,16.05209464799905,16.052094647999358,16.05209464799956,16.052094647999702,16.05209464799979,16.052094647999834,16.052094647999795,16.052094647999617,16.05209464799914,16.05209464799779,8.519995429016776,7.73809526704893,5.4637961747673955,2.89646310067979,1.2142982897920165,1.1318603329179077e-11,1.1890553377144446e-11,1.2491126750398363e-11,1.3121734638404206e-11,1.378387303991397e-11,1.4479121011638423e-11,1.5209131406691918e-11,1.597564631576334e-11,1.6780484811618748e-11,1.7625562028478047e-11,1.85128955169022e-11,1.9444595120577555e-11,2.0422879702011164e-11,2.145007823089356e-11,2.2528635987131987e-11,2.3661122396408554e-11,2.4850232248957837e-11,2.6098797930939547e-11,2.7409791755941234e-11,2.8786334162230722e-11,3.023170412160062e-11,3.1749343556657277e-11,3.334286237538154e-11,3.501605787109208e-11,3.677290871016198e-11,11.45636682,11.64869795,10.82221982,10.40712528,11.85575013,12.00882241,12.40256599,12.66442976,11.22683964,13.20814269,13.02679632,13.21639892,13.73917815,12.83096449,12.38693549,14.5816279,14.35712932,14.83747513,15.14832656,14.14192896,15.79241485,15.55739403,15.76446864,16.2596189,15.23232527,14.65484727,17.20731155,16.9092714,17.36697756,17.65968758,
0.7353822048120102,1.0804432828221324,1.5952555808851558,2.363327435773272,3.4939014352841347,5.20129967208365,7.7520072111068785,11.555591837510088,17.222589666014873,24.73028588742534,33.02053028772473,42.146968353283654,52.17305332157113,63.19093928697206,75.32370734409236,88.67444225396694,103.30405594927475,119.42321510227305,137.15894802049067,156.73220844180634,178.0532345880557,201.41571317512893,223.87730286126762,223.8773028633357,223.87730286566276,223.87730286003452,223.87730284682505,223.87730282162838,223.8773027632381,223.87730282814368,0.8436195007110314,0.8874748366366143,0.9479517000185266,1.0313497843638444,1.1216406654007458,1.2766061585042796,1.4953100569613522,1.7937934302398437,2.192583709346015,2.691621878357787,3.45176084943934,4.5201278881908085,5.978704845903626,7.985372213123215,10.792475915818917,13.999831910999777,13.999831910999765,13.999831910999756,13.999831910999744,13.99983191099862,13.999831910999172,13.999831910999442,13.999831910999616,13.99983191099974,13.99983191099982,13.999831910999855,13.999831910999822,13.999831910999665,13.99983191099925,13.999831910998074,9.862861854485796,9.644098720550542,8.395234259106076,7.280453449873133,7.318899449325887,5.5901812294233855,3.139547621943656,1.2491640053621507e-11,1.312181285660322e-11,1.3784118586206409e-11,1.4479205946360444e-11,1.5209181919112633e-11,1.5975674494355917e-11,1.678049773115391e-11,1.7625568951802237e-11,1.8512901543527113e-11,1.9444601153278664e-11,2.042288600847147e-11,2.1450085403080807e-11,2.2528642792214925e-11,2.3661132644979174e-11,2.4850243150785876e-11,2.6098811283558132e-11,2.7409810485345015e-11,2.8786351973960027e-11,3.023172839223366e-11,3.174938441990842e-11,3.3342900610222006e-11,3.501609708803538e-11,3.67729546637262e-11,11.44186356,11.61201684,10.93844154,10.67513067,11.93444155,12.06808706,12.38686489,12.62455016,11.5159544,13.21637633,13.11326045,13.28162307,13.69591424,12.96875847,12.70592516,14.59071775,14.42798308,14.81869153,15.10062531,14.29380161,15.80225947,15.66065475,15.84226776,16.23903494,15.39590788,15.03224045,17.21803818,17.02150508,17.34499172,17.60407819,
0.06432984440400089,0.0945151348733868,0.13954994101222518,0.2067394141769665,0.30563988933101927,0.45499985778042773,0.6781309289863494,1.0108613181538684,1.5065995698548562,2.163358635542752,2.888573535839031,3.6869370764284315,4.564000026511788,5.527823851969267,6.589175454166256,7.75707249302763,9.03684342921771,10.446916984778913,11.998405355797518,13.710637157359953,15.5757601988843,17.619465638809135,19.584363021586018,19.58436302176693,19.584363021970496,19.584363021478147,19.58436302032261,19.584363018118452,19.58436301301058,19.5843630186884,0.7546277176260281,0.7938568393181561,0.8479541158090489,0.9225546981697539,1.003320969482701,1.141939453613224,1.3375727024765727,1.6045696442691968,1.961292311158352,2.4076879126969892,3.0876412996710947,4.043308373939043,5.348022880482628,7.143010803454129,9.653998587069182,12.5230168259998,12.52301682599979,12.52301682599978,12.52301682599977,12.523016825998763,12.523016825999257,12.523016825999498,12.523016825999655,12.523016825999767,12.523016825999838,12.52301682599987,12.52301682599984,12.523016825999699,12.523016825999328,12.523016825998274,10.96735842797881,11.143032225817745,10.455389173188482,10.108146937663529,11.208051001197049,10.905325748617662,10.744062538548965,10.465075897589422,8.654663118999908,9.17365549177404,7.777159034504348,6.029215449647724,4.278542123021555,0.8960083045933773,1.7627304701529153e-11,1.8513660471660365e-11,1.944520379152184e-11,2.042367796491068e-11,2.1451219382039722e-11,2.252923380203614e-11,2.3663410752401598e-11,2.4852811123605942e-11,2.6101416369271092e-11,2.741270797396069e-11,2.8788091769785472e-11,3.023311062819616e-11,3.1753846999350726e-11,3.334734037329771e-11,3.502298781088549e-11,3.67751879535088e-11,11.78631599,12.0314042,11.44289323,11.23744105,12.51701186,12.50226506,12.75976617,13.08050686,12.122555,13.74470204,13.75337387,13.7594609,14.19056503,13.56684296,13.37520724,15.17398286,14.94706393,15.26480193,15.64600959,14.95299355,16.43395606,16.42511721,16.41223084,16.72790416,16.10592601,15.82406071,17.90633064,17.85239638,17.86715531,18.23987885,
0.002814493260000039,0.004135129076304708,0.006105445645814178,0.009045050445376804,0.013372042424150674,0.01990668631159235,0.02966888769454172,0.044226165834809227,0.06591519650266295,0.09464904439158377,0.12637790162489201,0.16130708301552643,0.1996794401147119,0.24184766989530215,0.288282834763941,0.33937946611293446,0.3953706892788171,0.4570627787747536,0.5249419039872611,0.5998537106254176,0.6814546577142088,0.7708687584225905,0.8568349299818879,0.8568349299898029,0.8568349299987092,0.8568349299771685,0.8568349299266126,0.8568349298301786,0.8568349296067043,0.8568349298551143,0.7168561821030267,0.7541217605420766,0.8055112949862002,0.8763778791371147,0.953101539749842,1.084781724537277,1.2706229023749707,1.5242557916210242,1.8631233458903422,2.2871754170669205,2.933094958066122,3.8409278327668566,5.080337197211608,6.7854802224775685,9.170785020891644,11.89619970299981,11.8961997029998,11.896199702999793,11.896199702999782,11.896199702998826,11.896199702999295,11.896199702999525,11.896199702999674,11.896199702999779,11.896199702999846,11.896199702999878,11.896199702999848,11.896199702999715,11.896199702999363,11.896199702998363,11.047307634645811,11.194894280390905,10.382759849377745,10.43592635042776,11.405847607836778,11.295796059162447,11.438539569942375,11.426948432556653,10.284033697620112,11.181737338555276,10.534918590323464,9.645210594232822,8.818252032689653,6.244870497643904,4.016009984362038,2.738427080905761,2.533809897740822,2.8864946482458715,3.123105313034402,2.1321911663982824,3.639720009310155,3.56818225860273,3.525584687044535,3.947424237037823,3.003103037030224,3.189181887053182,4.917310027105283,4.892996587203445,5.084806227428944,5.368210857183291,11.76697831,11.95315117,11.19437659,11.32134928,12.37232119,12.40048447,12.73883136,12.99543039,12.21307224,13.5635618,13.59439145,13.64744551,14.09826867,13.27219839,13.47507784,14.97400625,14.82538029,15.23975713,15.54424692,14.62824458,16.21737437,16.23525072,16.27861932,16.70045887,15.75613767,15.94221652,17.67034466,17.64603122,17.83784086,18.12124549,
1.6992960000000234e-06,2.496651315074844e-06,3.686261932689599e-06,5.461096055929806e-06,8.073587713331224e-06,1.2018985052585854e-05,1.7913072630269494e-05,2.670226564991951e-05,3.979737004457745e-05,5.7145897211507525e-05,7.630270989512779e-05,9.739177024710728e-05,0.00012055970383427725,0.0001460194571801559,0.00017405544186061613,0.00020490586260911672,0.00023871147263246128,0.00027595907325811956,0.00031694219714632993,0.0003621714166232999,0.00041143931324785765,0.00046542452821950414,0.0005173279999890646,0.0005173279999938434,0.0005173279999992207,0.0005173279999862151,0.0005173279999556911,0.0005173279998974676,0.0005173279997625414,0.0005173279999125229,0.6929787986790258,0.7290031176756363,0.7786809452969166,0.8471870718777276,0.9213551846582961,1.0486493038163758,1.2283003961529853,1.4734851616377307,1.8010655557691466,2.2109931007883015,2.835398049423597,3.7129923990542824,4.911118932503107,6.559466250591662,8.865320193064516,11.499955478999818,11.499955478999807,11.499955478999798,11.499955478999789,11.499955478998865,11.499955478999318,11.49995547899954,11.499955478999684,11.499955478999787,11.499955478999851,11.499955478999881,11.499955478999853,11.499955478999723,11.499955478999382,11.499955478998416,10.586929992033813,10.713055415682335,9.942150288450907,10.007025847036468,10.64627475176476,10.62647532720989,10.983217550786273,10.966262846109107,9.908042556873925,10.656768343328267,9.874751717880985,9.136068769190675,8.584218587809033,6.151148969967935,4.053587571511245,2.7057538851560836,2.4579976195469975,3.1087099419473594,3.3793370988245055,2.509126659607034,3.8851368817110843,3.6789056264970816,3.8259529830264127,4.5087078230276205,3.5891527430289245,3.7839509330303542,5.263471133031932,4.99787850303371,5.599010423035861,5.845948563038434,11.27991049,11.44206103,10.72083492,10.85421838,11.56763801,11.67513665,12.21153586,12.43977471,11.70914791,12.86781859,12.71022607,12.84915856,13.49545808,12.71076124,12.91908182,14.20591427,13.95819181,14.60894138,14.87960952,14.00944431,15.3855038,15.17932653,15.32642579,16.00918063,15.08962555,15.28442374,16.76394394,16.49835131,17.09948323,17.34642137,
0.0,0.0,0.0,0.0,0.0,0.0,0.0,0.0,0.0,0.0,0.0,0.0,0.0,0.0,0.0,0.0,0.0,0.0,0.0,0.0,0.0,0.0,0.0,0.0,0.0,0.0,0.0,0.0,0.0,0.0,0.6684372380610248,0.7031857705399773,0.7511042782220874,0.817184288359809,0.888725767772666,1.011511817784059,1.1848006401910927,1.421302287525291,1.737281556030397,2.1326916847674764,2.7349835876265898,3.58149829243909,4.7371936649278386,6.327165437179346,8.551358505736106,11.092689260999823,11.092689260999812,11.092689260999805,11.092689260999794,11.092689260998904,11.092689260999341,11.092689260999556,11.092689260999693,11.092689260999792,11.092689260999855,11.092689260999885,11.092689260999856,11.092689260999732,11.092689260999403,11.09268926099847,9.985415861947812,10.241234859469307,9.51349860178767,9.603716971650442,10.216917482238102,10.032327442227256,10.348970769820792,10.477439262487193,9.50441912398272,10.1093697052463,9.46761440238788,8.572881227576115,8.171317265088133,5.842681152837429,3.851973654281515,2.4223967190186873,2.1107559190196254,2.705426919020612,3.1397733190216512,2.3205740990236206,3.544623239024315,3.4803968890252897,3.4050068190264,4.027950109027611,3.354787539028926,3.5815567190303432,4.856030359031888,4.746741719033605,5.057738759035607,5.499298099038296,10.6538531,10.94442063,10.26460288,10.42090126,11.10564325,11.04383926,11.53377141,11.89874155,11.24170068,12.24206139,12.20259799,12.15437952,12.90851093,12.16984659,12.40333216,13.51508598,13.20344518,13.79811618,14.23246258,13.41326336,14.6373125,14.57308615,14.49769608,15.12063937,14.4474768,14.67424598,15.94871962,15.83943098,16.15042802,16.59198736,
0.0,0.0,0.0,0.0,0.0,0.0,0.0,0.0,0.0,0.0,0.0,0.0,0.0,0.0,0.0,0.0,0.0,0.0,0.0,0.0,0.0,0.0,0.0,0.0,0.0,0.0,0.0,0.0,0.0,0.0,0.6513293623470242,0.6851885464458383,0.7318806355097937,0.7962694044415417,0.8659798626776892,0.9856233461721398,1.1544770421865078,1.3849257042015661,1.6928178498685327,2.078107915040462,2.664984855310789,3.4898339982195044,4.615950688268096,6.1652289773926725,8.332496404446891,10.808784746999828,10.808784746999818,10.80878474699981,10.808784746999802,10.808784746998933,10.80878474699936,10.808784746999567,10.808784746999702,10.8087847469998,10.80878474699986,10.808784746999889,10.808784746999862,10.808784746999741,10.80878474699942,10.808784746998512,9.498535447661814,9.695565693563447,9.116055030499963,9.12619191556871,9.56824792733308,9.651093513839175,9.833680907825379,9.900999415810924,9.011183410144586,9.442137054973317,8.799878924703686,8.2164839317957,7.627738041747877,5.510611552624104,3.477574585570729,1.9094247330186784,1.90792586301962,2.3366014930206083,2.690668643021641,2.05999900302359,2.9654825430242986,2.883254253025279,3.154465233026393,3.596561763027607,3.052230993028922,3.16358046303034,4.199566463031888,4.073039493033596,4.577635503035595,4.928671703038258,10.14986481,10.38075424,9.847935666,9.92246132,10.43422779,10.63671686,10.98815795,11.28592512,10.70400126,11.52024497,11.46486378,11.70631793,12.24368873,11.67584053,11.81007099,12.71820948,12.71671061,13.14538624,13.49945339,12.86878375,13.77426729,13.692039,13.96324998,14.40534651,13.86101574,13.97236521,15.00835121,14.88182424,15.38642025,15.73745645,
0.0,0.0,0.0,0.0,0.0,0.0,0.0,0.0,0.0,0.0,0.0,0.0,0.0,0.0,0.0,0.0,0.0,0.0,0.0,0.0,0.0,0.0,0.0,0.0,0.0,0.0,0.0,0.0,0.0,0.0,0.6395993773140238,0.6728487812529546,0.7186999785384307,0.781929150898114,0.8503841726699708,0.9678729609336877,1.1336857203013826,1.3599841635291734,1.662331387580081,2.040682648885492,2.6169903470433833,3.4269845353620925,4.532820653578204,6.054197527237803,8.182433987854015,10.61412611399983,10.614126113999822,10.614126113999815,10.614126113999806,10.614126113998953,10.61412611399937,10.614126113999577,10.614126113999708,10.614126113999804,10.614126113999863,10.614126113999891,10.614126113999864,10.614126113999745,10.614126113999431,10.61412611399854,9.034075066694815,9.333758128756331,8.807771372471326,8.851236629112137,9.1713482973408,9.27847019907763,9.338952549710504,9.519169096483315,8.729588042433038,9.092580891128287,8.394634082971093,7.849704724653114,7.2695761164377695,5.240510732778974,3.283307022163605,1.6768606060186777,1.6358738260196193,1.9145320660206047,2.398774546021638,1.8345843460235716,2.6974439260242846,2.53662682602527,2.836664476026386,3.115380136027603,2.7944270860289184,2.950866086030338,3.890073216031881,3.6793763960335912,4.0504258860355815,4.5561145860382295,9.673674444,10.00660691,9.526471351,9.63316578,10.02173247,10.24634316,10.47263827,10.87915326,10.39191943,11.13326354,11.01162443,11.27668926,11.80239677,11.29470826,11.46574101,12.29098672,12.24999994,12.52865818,13.01290066,12.44871046,13.31157004,13.15075294,13.45079059,13.72950625,13.4085532,13.5649922,14.50419933,14.29350251,14.664552,15.1702407,
0.0,0.0,0.0,0.0,0.0,0.0,0.0,0.0,0.0,0.0,0.0,0.0,0.0,0.0,0.0,0.0,0.0,0.0,0.0,0.0,0.0,0.0,0.0,0.0,0.0,0.0,0.0,0.0,0.0,0.0,0.564767794995021,0.594127098980505,0.6346138169281466,0.6904453288394004,0.7508912784036168,0.8546341622115831,1.0010472292214276,1.2008693011710325,1.4678426302683507,1.8019277078342273,2.3108087972657567,3.0260356219331315,4.002491585248018,5.345871039276625,7.225108974338123,9.37229899499985,9.372298994999843,9.372298994999836,9.372298994999827,9.372298994999074,9.372298994999445,9.372298994999625,9.372298994999742,9.372298994999825,9.372298994999879,9.372298994999904,9.37229899499988,9.372298994999776,9.372298994999497,9.37229899499871,9.27690274401382,8.660517049028783,9.051353290081611,9.597705591170849,9.345724961607152,9.536005547799732,9.65346220079046,8.860752278841455,9.630651669744768,9.338197212179551,8.783096002748719,8.409460278082072,6.912994864767951,6.137937460740149,5.020218945679496,2.9262625950186565,3.050214465019596,3.3739358350205833,2.662726065021618,3.28483244502345,3.947474895024209,3.8767181850252173,4.267915535026347,4.595638205027577,4.260745235028899,5.115013915030321,5.140839205031864,5.028006535033562,5.546922255035511,4.657949275038055,9.841670539,9.254644148,9.685967107,10.28815092,10.09661624,10.39063971,10.65450943,10.06162158,11.0984943,11.14012492,11.0939048,11.4354959,10.91548645,11.4838085,12.24532792,12.29856159,12.42251346,12.74623483,12.03502506,12.65713144,13.31977389,13.24901718,13.64021453,13.9679372,13.63304423,14.48731291,14.5131382,14.40030553,14.91922125,14.03024827,
0.0,0.0,0.0,0.0,0.0,0.0,0.0,0.0,0.0,0.0,0.0,0.0,0.0,0.0,0.0,0.0,0.0,0.0,0.0,0.0,0.0,0.0,0.0,0.0,0.0,0.0,0.0,0.0,0.0,0.0,0.5590932859440207,0.5881576020819803,0.628237529399074,0.6835080737366115,0.7433466921269578,0.8460472184592284,0.9909891989777843,1.1888035570210436,1.4530944694052208,1.783822824414939,2.287590926927858,2.9956315042099173,3.9622765182269917,5.292158356176268,7.152514632676509,9.278130743999853,9.278130743999844,9.278130743999837,9.27813074399983,9.278130743999084,9.27813074399945,9.278130743999629,9.278130743999744,9.278130743999828,9.27813074399988,9.278130743999904,9.278130743999881,9.278130743999776,9.278130743999503,9.278130743998723,9.168968383064819,8.590678917927308,9.019401140610682,9.46813542627364,9.274578127883812,9.475020941552085,9.540528231034102,8.790400199991444,9.498140440607896,9.11752631559884,8.719849753086615,8.363296905805287,6.863797841788981,6.1462074538405105,4.930337237341112,2.756825316018654,3.061206556019594,3.3209659260205804,2.658311736021615,3.3289150360234396,3.756149106024208,3.8676257060252155,4.270754386026346,4.528565376027577,4.300966036028899,5.016958536030321,4.923935016031861,5.009941106033558,5.468868136035509,4.6371914660380416,9.728061669,9.17883652,9.64763867,10.1516435,10.01792482,10.32106816,10.53151743,9.979203757,10.95123491,10.90134914,11.00744068,11.35892841,10.82607436,11.43836581,12.08285187,12.03495606,12.3393373,12.59909667,11.93644248,12.60704578,13.03427985,13.14575645,13.54888513,13.80669612,13.57909678,14.29508928,14.20206576,14.28807185,14.74699888,13.91532221,
0.0,0.0,0.0,0.0,0.0,0.0,0.0,0.0,0.0,0.0,0.0,0.0,0.0,0.0,0.0,0.0,0.0,0.0,0.0,0.0,0.0,0.0,0.0,0.0,0.0,0.0,0.0,0.0,0.0,0.0,0.5558987983500207,0.5847970498979287,0.6246479728005503,0.679602718196053,0.7390994370699934,0.8412131640871697,0.9853269905744453,1.1820110980341774,1.444791933187875,1.7736306077925086,2.2745203338444884,2.9785153843834444,3.9396372852050776,5.261920586130891,7.111647357331913,9.225118349999853,9.225118349999844,9.225118349999839,9.22511834999983,9.22511834999909,9.225118349999454,9.225118349999631,9.225118349999747,9.225118349999828,9.22511834999988,9.225118349999905,9.225118349999882,9.225118349999779,9.225118349999505,9.225118349998729,9.147990770658817,8.554912952111357,9.036591110209207,9.577239161814196,9.314363442940776,9.554579995924145,9.520021919437442,8.754654424978309,9.61992727682524,9.18123724222127,8.771968656169987,8.46265217563176,6.840288894810896,6.192570053885886,5.09641542268571,2.868921710018654,3.2035563000195966,3.3426723200205823,2.6604427900216145,3.399699760023437,3.8731515400242027,3.9672719800252128,4.4218613200263475,4.547271160027577,4.373121070028899,5.218106570030322,5.0466705400318626,5.113639680033558,5.485237470035506,4.630887180038036,9.703889569,9.139710002,9.661239083,10.25684188,10.05346288,10.39579316,10.50534891,9.936665523,11.06471921,10.95486785,11.04648899,11.44116756,10.77992618,11.45449064,12.20806278,12.09404006,12.42867465,12.56779067,11.88556114,12.62481811,13.09826989,13.19239033,13.64697967,13.77238951,13.59823942,14.44322492,14.27178889,14.33875803,14.71035582,13.85600553,
0.0,0.0,0.0,0.0,0.0,0.0,0.0,0.0,0.0,0.0,0.0,0.0,0.0,0.0,0.0,0.0,0.0,0.0,0.0,0.0,0.0,0.0,0.0,0.0,0.0,0.0,0.0,0.0,0.0,0.0,0.5518868555190205,0.580576547283259,0.6201398645552829,0.674697999457161,0.7337653282416412,0.8351420965960731,0.9782158481007445,1.173480478854938,1.4343648146982424,1.760830248045562,2.258105033839494,2.9570193252466574,3.911204772650576,5.223945104558564,7.060322327098831,9.158540318999854,9.158540318999846,9.158540318999838,9.158540318999831,9.158540318999096,9.158540318999457,9.158540318999634,9.158540318999748,9.15854031899983,9.158540318999881,9.158540318999906,9.158540318999883,9.15854031899978,9.158540318999508,9.158540318998739,9.197929703489818,8.507779900726026,9.358854330454474,9.84639219055309,9.557041011769128,9.91495061341524,9.57685324191114,8.707353612157549,9.915416145314875,9.475353891968215,9.04917090617498,8.874075254768547,6.808151917365397,6.607280125458209,5.46225830291879,3.2460694710186555,3.6937166310195937,3.468731741020578,2.6602390810216137,3.881504081023428,4.2760875010242,4.34529768102521,4.953542761026346,4.679031751027576,4.8869409210289,5.656787231030322,5.4797419610318645,5.518728981033558,5.621437311035503,4.619612071038029,9.749816559,9.088356448,9.978994195,10.52109019,10.29080634,10.75009271,10.55506909,9.880834091,11.34978096,11.23618414,11.30727594,11.83109458,10.71935669,11.83122523,12.52258063,12.40460979,12.85225695,12.62727206,11.8187794,13.0400444,13.43462782,13.503838,14.11208308,13.83757207,14.04548124,14.81532755,14.63828228,14.6772693,14.77997763,13.77815239,
0.0,0.0,0.0,0.0,0.0,0.0,0.0,0.0,0.0,0.0,0.0,0.0,0.0,0.0,0.0,0.0,0.0,0.0,0.0,0.0,0.0,0.0,0.0,0.0,0.0,0.0,0.0,0.0,0.0,0.0,0.5328884171940198,0.560590480182368,0.5987918493746209,0.6514718468454389,0.7085058113783296,0.8063927334682437,0.9445412402117733,1.1330839804057202,1.3849874990490632,1.7002145176041683,2.180370859184387,2.8552253638309595,3.7765634382782096,5.0441133185871285,6.817274142593937,8.843261993999858,8.843261993999851,8.843261993999844,8.843261993999837,8.843261993999127,8.843261993999475,8.843261993999645,8.843261993999755,8.843261993999835,8.843261993999885,8.843261993999908,8.843261993999887,8.843261993999787,8.843261993999525,8.843261993998782,9.184295806814818,8.379818822826918,9.683120640635135,10.116333583164812,9.836143808632437,10.154991356543071,9.575200359800114,8.586902414606765,10.230941170964055,9.77886221240961,9.405821610830085,9.208407506184239,6.768295451737761,7.146255781429646,5.998955857423683,3.829498256018649,4.26160402601959,3.7417469760205764,2.7831223660216073,4.592620696023396,4.8817821860241795,4.993675116025196,5.546191846026337,4.94799615602757,5.628578166028892,6.3194788960303185,6.111456046031856,6.19605144603355,5.887247506035487,4.710599196037987,9.717184224,8.940409303,10.28191249,10.76780543,10.54464962,10.96138409,10.5197416,9.719986395,11.61592867,11.47907673,11.58619247,12.06363287,10.54485889,12.1903691,12.81623,12.67276025,13.10486602,12.58500897,11.62638436,13.43588269,13.72504418,13.83693711,14.38945384,13.79125815,14.47184016,15.16274089,14.95471804,15.03931344,14.7305095,13.55386119,
0.014760194688000204,0.021686074397018487,0.03201910897069236,0.0474354326705841,0.07012770375462168,0.10439767958515123,0.15559410454862604,0.231937602162017,0.3456825237794607,0.49637295001123255,0.6627702609045572,0.8459511997063899,1.047189365549941,1.2683344256769749,1.5118567973846575,1.7798255423558598,2.0734632520257286,2.3969983141312046,2.752980372296709,3.1458442906878297,3.5737884193427143,4.042707479503531,4.493544383905014,4.4935443839465234,4.493544383993232,4.493544383880264,4.493544383615131,4.4935443831093975,4.4935443819374195,4.4935443832401685,0.5330363163750198,0.5607460678630535,0.5989580395586341,0.6516526579674001,0.7087024518491214,0.8066165417196451,0.9448033905444521,1.1333984593609743,1.385371891935445,1.7006863993838512,2.1809760047532243,2.85601781020295,3.7776115951183544,5.045513274383913,6.819166225870303,8.845716374999858,8.845716374999851,8.845716374999844,8.845716374999837,8.845716374999126,8.845716374999474,8.845716374999645,8.845716374999755,8.845716374999835,8.845716374999885,8.845716374999908,8.845716374999887,8.845716374999787,8.845716374999524,8.845716374998782,9.401439872945817,8.424003158749212,10.26171754148043,10.679869819372264,10.347120564407028,10.677802168706519,9.670561814918809,8.426433603489496,10.544163994298216,9.969526940618698,9.381165044356695,9.052189150105864,5.797932979347677,6.600672709955889,5.21262268676266,2.8062204726627895,2.93581213299386,1.64283181088937,0.11354986272490246,2.2424612843355693,2.127565335681462,1.7113102255216655,1.8738489311213233,0.7813408710810461,1.9922582210356643,2.6840776611500563,2.5111313614167274,2.529133751924154,1.7430221030980655,0.3146973317978204,9.949236384,9.006435301,10.89269469,11.37895791,11.12595072,11.58881639,10.77095931,9.791769665,12.27521841,12.16658629,12.22491131,12.75415816,10.62273394,12.91452041,13.54364571,13.43176239,13.85499176,12.8855465,11.71224661,14.23402195,14.54707013,14.59973408,15.21310969,14.12060163,15.33151898,16.02333842,15.85039212,15.86839451,15.08228286,13.65395809,
0.7333938160800101,1.0775218887020803,1.5909421936411672,2.356937270750827,3.484454328461073,5.187235957198992,7.731046676995384,11.524346848916474,17.17602176839146,24.663418044450722,32.9312465793087,42.03300780812325,52.031983398122044,63.02007826963912,75.1200407201852,88.43467678148144,103.02473368736068,119.10030849167688,136.78808603205482,156.30842261292997,177.57179916164154,200.87110829904606,223.27196443528038,223.27196443734286,223.27196443966366,223.2719644340506,223.27196442087686,223.27196439574834,223.27196433751595,223.27196440224603,0.5188029591810193,0.5457727933715444,0.58296441312201,0.6342519579356517,0.6897783845172146,0.7850779316771584,0.9195748578486409,1.1031339827772346,1.3483791160612915,1.655273964520073,2.1227386772887358,2.779755235972556,3.6767402407251413,4.910785882543594,6.637078015974695,8.609514380999864,8.609514380999855,8.60951438099985,8.609514380999842,8.60951438099915,8.60951438099949,8.609514380999656,8.609514380999762,8.60951438099984,8.609514380999888,8.609514380999912,8.60951438099989,8.609514380999792,8.609514380999538,8.609514380998814,9.252997914747809,7.8159777219356625,9.465574413246577,8.94632198132377,7.529211457032478,6.251664981135162,2.7222135351678642,1.2491369243417719e-11,1.3122845796275393e-11,1.3784388528352199e-11,1.4479335951566952e-11,1.5209365123632386e-11,1.5975685367603155e-11,1.6780533709459738e-11,1.7625604917776035e-11,1.8512934484081856e-11,1.9444643199482277e-11,2.0422912988528172e-11,2.145009754954127e-11,2.2528697042881692e-11,2.3661189420321166e-11,2.4850302817148534e-11,2.6098913357785725e-11,2.740986609745826e-11,2.8786474665634913e-11,3.023193759466932e-11,3.174958795460745e-11,3.334324426524482e-11,3.501621921205251e-11,3.677299283907751e-11,10.50519469,9.439272404,11.63948102,11.93751121,11.70344417,12.22397887,11.37283507,10.26234887,12.877766,12.87605224,12.85944641,13.45319096,11.13324817,13.79992,14.20845597,14.21500411,14.61435929,13.60558432,12.27512134,15.20988452,15.39534842,15.35753456,16.04691326,14.90965371,16.38262425,16.80986813,16.77467057,16.69204492,15.92507321,14.31014885,
2.049575865492028,3.0112918996609555,4.446119740835321,6.58680457987736,9.737815263012694,14.49648659885568,21.60553625725339,32.20646622485493,48.00089516683392,68.92551488180541,92.03116624336874,117.46736401192783,145.4109580259107,176.11878997460715,209.93389785832767,247.14358811029112,287.9176277255679,332.8431635297091,382.2742347578793,436.82665920602625,496.2502627837716,561.3635765909506,623.9660325928104,623.9660325985742,623.96603260506,623.9660325893735,623.9660325525576,623.9660324823323,623.9660323195934,623.966032500491,0.5220607826310194,0.5491999739092666,0.5866251384551547,0.6382347434329301,0.6941098482388764,0.7900078289544079,0.9253493286432157,1.1100611131915579,1.3568462634166754,1.6656682582347828,2.1360684159085968,2.7972107104118455,3.6998283329648274,4.941623165028134,6.678755550802283,8.663577830999863,8.663577830999854,8.663577830999849,8.663577830999841,8.663577830999145,8.663577830999486,8.663577830999653,8.663577830999762,8.66357783099984,8.663577830999888,8.66357783099991,8.66357783099989,8.663577830999792,8.663577830999536,8.663577830998808,8.33118908188579,6.279827337439064,6.965292500719279,5.071899676699957,1.5748617687591975,1.1318621428242525e-11,1.18905545894359e-11,1.2491127645403235e-11,1.312173578512893e-11,1.3783874902231004e-11,1.4479123021151348e-11,1.520913321927134e-11,1.5975647347178706e-11,1.6780489107042684e-11,1.7625566462866264e-11,1.8512899540549198e-11,1.9444599781334995e-11,2.0422883476831123e-11,2.145008112604687e-11,2.2528641033876642e-11,2.3661127066137375e-11,2.4850237649468087e-11,2.6098804968521578e-11,2.7409798834664835e-11,2.8786344998896956e-11,3.023173638780569e-11,3.1749363973408245e-11,3.3342878626837906e-11,3.501606900630733e-11,3.677291711248914e-11,10.90282573,9.840319211,11.99803738,12.296939,12.00678688,12.6877892,11.80330708,10.69836577,13.26550402,13.2561723,13.19275166,13.96364087,11.60626701,14.22502907,14.63625988,14.634652,15.16886702,14.1205679,12.796655,15.67842781,15.84984181,15.755588,16.6557759,15.47399748,16.887294,17.31599823,17.26988359,17.12468766,16.52785152,14.91814482,
3.259964597160045,4.78962752728009,7.07180114378348,10.476679639110124,15.488537675323045,23.057469543402153,34.36480907448397,51.22617877209101,76.34809792137355,109.6298713010911,146.38069702128803,186.83838663794324,231.28422967148663,280.1267471375374,333.9115600864412,393.09564540624564,457.9490269604307,529.4055944853354,608.0284671082266,694.7971373411357,789.3136893559682,892.8800424678684,992.4527363590213,992.452736368189,992.452736378505,992.4527363535548,992.452736294997,992.4527361832997,992.4527359244544,992.4527362121821,0.5314583037180197,0.5590860226367385,0.597184870754934,0.6497234908344109,0.7066043932277684,0.8042286160322635,0.9420063734128711,1.13004312116102,1.3812706059386608,1.6956516492526286,2.1745193945103813,2.847562791070732,3.7664282690912154,5.03057642381023,6.798978613349283,8.819529317999859,8.819529317999852,8.819529317999844,8.819529317999837,8.819529317999129,8.819529317999477,8.819529317999647,8.819529317999757,8.819529317999836,8.819529317999885,8.819529317999908,8.819529317999887,8.819529317999788,8.819529317999526,8.819529317998786,7.220177279130774,4.760600470092458,4.6282604554713425,1.487383370065717,1.0773845648960554e-11,1.1318568143517308e-11,1.189054353445418e-11,1.2491122605317126e-11,1.3121733706382256e-11,1.3783874395524522e-11,1.4479122385029941e-11,1.5209132849463974e-11,1.5975644997251524e-11,1.6780484728453874e-11,1.762556342755283e-11,1.8512896534000142e-11,1.9444596645296285e-11,2.0422880655771597e-11,2.145007875469778e-11,2.252863787269569e-11,2.366112448630889e-11,2.4850234424397317e-11,2.609880150800487e-11,2.7409795220566418e-11,2.878634062642307e-11,3.023171117862304e-11,3.1749347636811197e-11,3.334286625599007e-11,3.501606119726694e-11,3.677291052215363e-11,11.01160018,10.10931402,12.29724647,12.6137865,12.15655441,12.97122884,11.92106538,10.99081613,13.60730792,13.4126116,13.35731241,14.27558248,11.92353574,14.57977526,15.01338318,14.80735908,15.50773286,14.26144487,13.14646415,16.06941911,16.03688963,15.95211647,17.02785863,15.62837724,17.30843221,17.76216867,17.47368967,17.3382937,16.69274528,15.32594698,
4.216165726332058,6.194503903510791,9.146076503968846,13.549661753583901,20.03158002224583,29.82060385242423,44.444571679706215,66.25165789162271,98.74224830759283,141.78611214505855,189.316558319499,241.6411524199753,299.1236908006706,362.29252039702106,431.853301869893,508.3970509299449,592.2729938722991,684.688945622908,786.3731973927534,898.5925429261674,1020.8323511508254,1154.776415688211,1283.5554151988676,1283.5554152107245,1283.5554152240663,1283.555415191798,1283.555415116064,1283.5554149716043,1283.5554146368354,1283.5554150089583,0.5633359341210209,0.5926208031988539,0.6330048748060708,0.6886948365826491,0.7489875369868749,0.8524674005277562,0.9985092651709793,1.1978247264230162,1.4641211956361064,1.797359264297805,2.304950182922973,3.018363686584171,3.992344032306403,5.332317604313752,7.206791090523885,9.348537320999851,9.348537320999842,9.348537320999835,9.348537320999828,9.348537320999077,9.348537320999446,9.348537320999625,9.348537320999743,9.348537320999826,9.348537320999878,9.348537320999903,9.34853732099988,9.348537320999775,9.348537320999498,9.348537320998712,6.1680424595557595,3.4725818632996432,2.6974432712348406,1.0255094825219494e-11,1.0773823202242568e-11,1.1318560724169447e-11,1.1890540181802389e-11,1.2491120703764243e-11,1.3121732196715488e-11,1.3783872981443778e-11,1.4479121295424334e-11,1.5209132186835112e-11,1.5975644467416456e-11,1.6780483382767204e-11,1.762556227544413e-11,1.8512895484353853e-11,1.9444595370955898e-11,2.042287963811546e-11,2.1450078038937932e-11,2.2528636750611508e-11,2.3661123217242322e-11,2.4850233505297412e-11,2.6098800387983994e-11,2.740979408784212e-11,2.8786338825476715e-11,3.023170880036167e-11,3.174934556842815e-11,3.334286436888248e-11,3.501605975371465e-11,3.67729083630865e-11,10.94754412,10.25970657,12.47652465,12.69143292,12.32028332,13.02147496,11.85171883,11.15432246,13.69107014,13.62394188,13.53721357,14.33088122,12.1009178,14.7923298,15.10580075,15.04066512,15.56780453,14.17848399,13.34203927,16.30369075,16.28956827,16.1669654,17.09381875,15.53746471,17.56076709,17.87150689,17.74900665,17.57181217,16.59564118,15.55394547,
4.858546756092067,7.13830736254879,10.539585778566227,15.614107564099823,23.0836201548345,34.364113632209595,51.216210077253315,76.34585507982321,113.7867582405153,163.388846628802,218.16109944471245,278.4579434095887,344.6986034095531,417.4919260734805,497.6510875280446,585.8571514814117,682.5125528456425,789.0091309532837,906.1861405040514,1035.5033857458488,1176.3678256813992,1330.719799132418,1479.1197508747339,1479.1197508883972,1479.1197509037718,1479.1197508665869,1479.119750779314,1479.119750612844,1479.1197502270693,1479.1197506558894,0.6306200554260235,0.6634026716988911,0.7086101650128196,0.7709516643830234,0.8384456475780123,0.9542850132727434,1.1177699308815037,1.3408913751368612,1.6389939530186346,2.0120335491122074,2.5802504759031475,3.3788731732506387,4.469184482010965,5.969202778495399,8.06756097326041,10.465114625999833,10.465114625999824,10.465114625999817,10.465114625999808,10.465114625998966,10.46511462599938,10.465114625999583,10.465114625999712,10.465114625999806,10.465114625999865,10.465114625999892,10.465114625999867,10.46511462599975,10.465114625999439,10.46511462599856,5.4039900784907475,2.6487383157616056,1.2975671664307098,1.0255037017963245e-11,1.0773817576591208e-11,1.13185583486365e-11,1.1890539036392305e-11,1.2491120172551765e-11,1.3121731680102723e-11,1.378387244997758e-11,1.447912103685392e-11,1.5209132053878168e-11,1.5975644422468166e-11,1.6780483069628675e-11,1.762556201131533e-11,1.851289524897376e-11,1.9444595066796394e-11,2.042287942678945e-11,2.1450077906517925e-11,2.2528636437666942e-11,2.3661123033045317e-11,2.4850233175833132e-11,2.6098799885538066e-11,2.7409793500162728e-11,2.878633767650182e-11,3.023170745318952e-11,3.174934440649913e-11,3.33428633506293e-11,3.5016059153800475e-11,3.6772907447666856e-11,10.89315689,10.45044835,12.54576311,12.63632901,12.30124508,13.03435858,11.79283968,11.36169635,13.63162599,13.67334376,13.51629483,14.34506038,12.32589017,14.87441982,15.04021409,15.0952042,15.58320752,14.1080455,13.59008577,16.39416807,16.348636,16.14198297,17.1107316,15.46027484,17.65822055,17.79391203,17.81336647,17.54465886,16.5131943,15.84311428,
5.185351614768071,7.618457836737091,11.248519542875297,16.66437351233615,24.636314736392684,36.67557832790668,54.66121269562477,81.48117591389271,121.44050066861176,174.37901953694745,232.83546831504054,297.18811385182556,367.8843797390339,445.5740660112589,531.1250462021352,625.2641950287727,728.4210167495129,842.0809712544907,967.13976479721,1105.1553937692092,1255.4949269160968,1420.2292178382345,1578.6111307906308,1578.6111308052132,1578.611130821622,1578.6111307819358,1578.6111306887926,1578.6111305111253,1578.6111300994019,1578.6111305570662,0.7164023467230266,0.7536443326502532,0.8050013328295206,0.8758230519657355,0.9524981394998755,1.0840949587138613,1.2698184821270424,1.5232907986089275,1.861943818793026,2.285727426311667,2.931238041298012,3.8384961749447495,5.077120880159475,6.781184394287572,9.164979077093202,11.88866832299981,11.888668322999798,11.88866832299979,11.88866832299978,11.888668322998825,11.888668322999294,11.888668322999523,11.888668322999672,11.888668322999777,11.888668322999845,11.888668322999877,11.888668322999846,11.888668322999713,11.888668322999361,11.888668322998361,4.9587705985177415,2.170048950621943,0.5998091443049423,1.0255028793595273e-11,1.0773815983305811e-11,1.1318557655278731e-11,1.1890538733478207e-11,1.2491120091371521e-11,1.3121731607701145e-11,1.3783872347660865e-11,1.4479120882772021e-11,1.5209131872032414e-11,1.597564428036035e-11,1.678048285044025e-11,1.7625561785917504e-11,1.8512895002220608e-11,1.944459478987067e-11,2.042287917449704e-11,2.145007767304798e-11,2.2528636145852973e-11,2.366112278137839e-11,2.4850232817381716e-11,2.6098799391488703e-11,2.7409792881240635e-11,2.8786336725698544e-11,3.0231706472805495e-11,3.1749343434879966e-11,3.3342862537815996e-11,3.501605855510447e-11,3.677290660634068e-11,10.86052456,10.54215112,12.65333002,12.83670687,12.49543518,13.15804133,11.75751219,11.46139534,13.84778656,13.72137337,13.72966597,14.48118036,12.43404997,15.00195255,15.27871104,15.1482283,15.73107625,14.06578241,13.70933889,16.53473106,16.40606297,16.39680379,17.27309497,15.41396091,17.80962148,18.07607515,17.87593851,17.82162263,16.46372617,15.98213775,
5.155351181124071,7.574380394013689,11.183439970801887,16.567959909379734,24.493778572909218,36.46338765392267,54.3449641157396,81.00975742719301,120.73789302448853,173.37013015138976,231.4883725853583,295.46869867002675,365.75594337772867,442.9961472520397,528.0521626468767,621.6466588641073,724.2066552169891,837.209017300771,961.5442691599155,1098.761393223006,1248.2311201304483,1412.0123223267171,1569.4778989488238,1569.4778989633219,1569.4778989796357,1569.4778989401793,1569.477898847575,1569.4778986709355,1569.4778982615942,1569.4778987166105,0.8013756464370297,0.843034946805805,0.9004834593713825,0.9797054234173888,1.065475030565316,1.2126806986498135,1.4204331010736748,1.703970058209152,2.0827910994986882,2.556840164215064,3.2789155297312,4.293784585733189,5.679323980424875,7.585508412191014,10.252047702081247,13.298796836999788,13.298796836999776,13.298796836999767,13.298796836999754,13.298796836998687,13.29879683699921,13.298796836999468,13.298796836999633,13.298796836999752,13.298796836999827,13.298796836999863,13.298796836999829,13.29879683699968,13.298796836999285,13.298796836998168,4.8397416624477385,1.949889159189793,0.5718793898364904,1.0255029603840246e-11,1.0773816234181137e-11,1.1318557825221387e-11,1.1890538860129406e-11,1.249112018953105e-11,1.3121731649829658e-11,1.3783872445861468e-11,1.4479120684759781e-11,1.5209131510095737e-11,1.5975643943612822e-11,1.6780482527307856e-11,1.7625561410206657e-11,1.851289461170308e-11,1.9444594372957668e-11,2.0422878756513332e-11,2.1450077251738164e-11,2.2528635716796057e-11,2.3661122312761333e-11,2.4850232247191037e-11,2.6098798692157485e-11,2.7409792061338174e-11,2.8786335702031477e-11,3.02317054279917e-11,3.1749342446574064e-11,3.334286161557636e-11,3.501605773435204e-11,3.677290574153316e-11,10.79646849,10.3673045,12.65580282,12.95192414,12.60839544,13.203134,11.68816563,11.2713026,13.97207889,13.84762263,13.85378382,14.53080743,12.22782529,15.00488433,15.41584679,15.28760594,15.78498672,13.98282153,13.48196294,16.53796239,16.55701384,16.54503289,17.33228995,15.32304839,17.81310196,18.23831895,18.04041359,17.98273227,16.36662206,15.71706634,
4.664548697556064,6.853280205440275,10.118748173936462,14.990648183080278,22.16190884508837,32.99198083970325,49.17118595391833,73.29742343836881,109.24333995230255,156.86485486260574,209.45009348654483,267.3393305573705,330.9350516319199,400.8217925585244,477.78025996263807,562.4643231991037,655.2603482615283,757.5045994017065,870.0028205206453,994.1565269983716,1129.3963575113632,1277.585174635204,1420.0596297279824,1420.0596297411,1420.059629755861,1420.0596297201607,1420.0596296363726,1420.0596294765496,1420.0596291061786,1420.0596295178764,0.8624755212180321,0.907311082367021,0.9691396842698746,1.0544018269819495,1.1467108295807542,1.3051400080464388,1.528732230197774,1.833887104790299,2.241590878279282,2.7517832156581097,3.5289123061178933,4.621158772472354,6.112336869682884,8.163855927735996,11.03370214045985,14.312746817999772,14.31274681799976,14.312746817999749,14.312746817999736,14.312746817998587,14.312746817999152,14.312746817999427,14.312746817999605,14.312746817999734,14.312746817999814,14.312746817999852,14.312746817999816,14.312746817999656,14.312746817999232,14.312746817998029,5.171547271234744,2.6103813222019934,1.618607411803422,1.02550454254993e-11,1.0773819074721551e-11,1.131855904199291e-11,1.1890539508418686e-11,1.2491120546510363e-11,1.312173180316199e-11,1.3783872648790288e-11,1.4479120831149112e-11,1.5209131391905577e-11,1.5975643786094892e-11,1.6780482583921732e-11,1.7625561370794396e-11,1.851289454038212e-11,1.9444594290200946e-11,2.042287862079527e-11,2.1450077105210495e-11,2.252863555807211e-11,2.3661122505927364e-11,2.4850231675884872e-11,2.6098797732959583e-11,2.7409791015054304e-11,2.8786334664087087e-11,3.0231704341343024e-11,3.1749341415366813e-11,3.334286060242778e-11,3.501605666456902e-11,3.677290576027697e-11,10.69857149,10.37097261,12.70649527,12.93188636,12.56904973,12.94159651,11.58218316,11.27529056,13.95046283,13.87506812,13.81055176,14.2429704,12.23215168,15.06498596,15.3919971,15.31790543,15.47230597,13.85603226,13.48673306,16.60420472,16.58982925,16.49340253,16.98895907,15.18410661,17.88445182,18.21010263,18.07616904,17.92661543,16.21821768,15.72262728,
3.901038210504054,5.731510095011127,8.46247425601452,12.536923752786368,18.534366093700402,27.591732071171737,41.12266538508576,61.29983158164583,91.36198827129819,131.18863846888644,175.16653182605927,223.58024565619652,276.7663851998481,335.21380732776447,399.57542973350195,470.3980940309677,548.0049244068787,633.5134604655086,727.597558982617,831.4293301460467,944.5326077878235,1068.465334285541,1187.6190465468958,1187.6190465578663,1187.619046570211,1187.6190465403542,1187.619046470281,1187.6190463366186,1187.619046026871,1187.6190463711807,0.862239895824032,0.9070632080494272,0.9688749185874532,1.0541137679706445,1.146397552062289,1.304783448212501,1.528314585725323,1.8333860930386756,2.240978483236307,2.751031437794923,3.5279482192167997,4.619896287532535,6.110666999932674,8.161625589920941,11.030687770370307,14.308836623999772,14.30883662399976,14.308836623999749,14.308836623999737,14.308836623998587,14.308836623999152,14.308836623999428,14.308836623999607,14.308836623999735,14.308836623999815,14.308836623999852,14.308836623999818,14.308836623999657,14.308836623999232,14.30883662399803,5.831353353680753,3.7250630869487336,3.0006650254077827,1.0255179599224763e-11,1.077382661310629e-11,1.1318561998163877e-11,1.189054093107461e-11,1.2491121340904554e-11,1.3121732271949608e-11,1.3783872812902198e-11,1.447912075354354e-11,1.520913118214567e-11,1.5975643852604107e-11,1.6780482751052834e-11,1.762556134358705e-11,1.8512894497834224e-11,1.9444594253585757e-11,2.0422878606231093e-11,2.145007712334987e-11,2.2528635721998018e-11,2.3661121814834764e-11,2.485023198395213e-11,2.6098797624940636e-11,2.7409790668833813e-11,2.8786334639480257e-11,3.0231704476667045e-11,3.1749341312634846e-11,3.3342860232545384e-11,3.5016056047006164e-11,3.677290570810276e-11,10.59463146,10.36363639,12.4320142,12.76281753,12.3494753,12.68907756,11.46965856,11.26731465,13.76807735,13.60061321,13.56928897,13.96505878,12.2234989,14.73955764,15.19076529,15.01491056,15.17040732,13.7214165,13.47719281,16.24552676,16.26167518,16.2052718,16.65746719,15.03658817,17.49811843,17.9720275,17.71861452,17.61344725,16.06065252,15.7115054,
2.9227570869000403,4.2941931980380135,6.340301035215887,9.392982270134501,13.88641867329035,20.6724277228867,30.810147248198426,45.92739355861997,68.45072626415322,98.2898659575451,131.23922265200383,167.5120089116136,207.360417947314,251.15071376534266,299.37207891481336,352.43422104692394,410.57923302406505,474.64440395288705,545.1346044756727,622.9280093687987,707.6678628234545,800.5214149098479,889.7944079311912,889.7944079394107,889.7944079486596,889.7944079262902,889.7944078737895,889.7944077736462,889.7944075415755,889.794407799541,0.753480882747028,0.7926503865322355,0.846665449446699,0.9211526586197426,1.0017961865258083,1.140204007161257,1.335539945141308,1.6021311220802403,1.9583116647047245,2.404028862795252,3.082948900155949,4.0371636128052035,5.339895297795469,7.1321553130724,9.639327058257201,12.5039851469998,12.503985146999788,12.50398514699978,12.503985146999769,12.503985146998764,12.503985146999257,12.503985146999499,12.503985146999655,12.503985146999767,12.503985146999836,12.50398514699987,12.50398514699984,12.5039851469997,12.503985146999328,12.503985146998277,6.981240950361771,5.320810135439037,4.906273785347171,2.1143020412560074,1.0773862868608984e-11,1.1318570752878703e-11,1.1890544707444897e-11,1.2491123548115852e-11,1.3121733722936282e-11,1.3783873733154977e-11,1.4479121354509755e-11,1.5209131465759057e-11,1.5975644495390474e-11,1.678048397019924e-11,1.762556223074897e-11,1.8512895283150812e-11,1.944459508585564e-11,2.0422879287068324e-11,2.1450077704613125e-11,2.2528636458120996e-11,2.3661122639351412e-11,2.485023274330284e-11,2.6098799365067255e-11,2.7409792882256487e-11,2.8786337300884754e-11,3.023170765365725e-11,3.174934471800038e-11,3.3342863567238856e-11,3.501605763446078e-11,3.677290757062337e-11,10.65747892,10.40765372,12.09324027,12.42843697,12.02455591,12.38888921,11.53769669,11.31517016,13.4073594,13.20951496,13.21227581,13.63468426,12.2754156,14.33790286,14.7927735,14.58314288,14.81151759,13.80281208,13.53443431,15.80283413,15.79405562,15.77890494,16.26339775,15.12578537,17.02129252,17.50116778,17.20909932,17.15003075,16.15592448,15.77823666,
1.733591178168024,2.5470387117813997,3.760658041287222,5.571311852489485,8.236528795452097,12.261552111989843,18.274594117633335,27.241170559925337,40.60056024587058,58.29921524817617,77.84265057088683,99.35733016881692,122.99283880480496,148.96642068738953,177.56822738457416,209.0412710758273,243.52914564803712,281.52847704913853,323.33872201315177,369.48075723285416,419.74297814976694,474.8177222946066,527.7687095128439,527.7687095177191,527.7687095232051,527.7687095099369,527.768709478797,527.7687094193983,527.768709281749,527.7687094347575,0.5037765127020187,0.5299652010589672,0.5660796143792113,0.6158816828023597,0.669799859349044,0.7623391802621435,0.8929405795733008,1.0711831554775293,1.3093250855043308,1.6073311276572912,2.0612563388426777,2.699243275624448,3.5702482875341666,4.768551417747248,6.444843766306128,8.360151101999866,8.36015110199986,8.360151101999852,8.360151101999845,8.360151101999174,8.360151101999504,8.360151101999666,8.360151101999769,8.360151101999843,8.360151101999891,8.360151101999913,8.360151101999893,8.360151101999799,8.36015110199955,8.360151101998849,8.381435869138798,7.427243397168922,7.608243264343323,6.034603764718406,2.959575205209632,1.1318768884542358e-11,1.1890561091007995e-11,1.2491130221259068e-11,1.3121737335836539e-11,1.378387601280365e-11,1.4479123720182901e-11,1.5209134063869025e-11,1.5975649564435352e-11,1.678049173156258e-11,1.762556782101972e-11,1.8512900497778374e-11,1.944460047910904e-11,2.042288433692896e-11,2.1450082704739806e-11,2.2528641737404438e-11,2.3661127634363603e-11,2.4850238286168185e-11,2.6098805549327143e-11,2.740979947284049e-11,2.878635445270981e-11,3.023176983328883e-11,3.174938112600962e-11,3.3342894165440144e-11,3.501607835593939e-11,3.677292903728751e-11,10.61880356,10.50424731,11.93498092,12.2217973,11.86590386,12.19305818,11.49582707,11.42018642,13.18444381,12.87467997,13.03795299,13.41916096,12.38934392,14.15026851,14.54682352,14.21348914,14.57739211,13.75272249,13.6600476,15.59602882,15.39370765,15.57071799,16.00632241,15.07089479,16.79854174,17.21018706,16.7728828,16.92375317,16.09729558,15.92467472,
0.5336676157320074,0.7840787918232929,1.1576786013632072,1.715069129481555,2.53552783351261,3.7745884745989158,5.625639536037316,8.385904777057693,12.498450878536621,17.94679368028358,23.963032493234454,30.58609790153833,37.86203798431515,45.857729061808335,54.66249120985087,64.35113314461759,74.96785871775145,86.6655489480779,99.53638840787208,113.74072344996827,129.21341386044318,146.16758838842304,162.4679869225657,162.4679869240665,162.46798692575527,162.4679869216708,162.4679869120847,162.46798689379946,162.4679868514256,162.4679868985276,0.3255683375550121,0.3424929212069721,0.3658320591183124,0.39801691929839755,0.43286183695474084,0.4926658812253957,0.5770677526584966,0.6922579960611049,0.8461585259709368,1.0387465670542968,1.3320982272722224,1.7444007883340835,2.307292559942463,3.081702537688289,4.16501567241418,5.4027935549999135,5.402793554999909,5.402793554999905,5.4027935549999,5.402793554999466,5.402793554999679,5.402793554999784,5.402793554999851,5.402793554999899,5.4027935549999295,5.402793554999944,5.40279355499993,5.40279355499987,5.40279355499971,5.402793554999255,9.99282836672182,9.71636451697902,10.646386489528238,10.2740229912303,9.132319219543422,8.064946924187002,5.5456459213160745,2.7102452368936905,0.01816687550557222,1.3785046461881138e-11,1.4480230746158653e-11,1.5209326984172184e-11,1.597611971324554e-11,1.6781300063607882e-11,1.762591875977638e-11,1.8513023907600875e-11,1.9445050911197364e-11,2.0423232509108658e-11,2.145039366644615e-11,2.25291538237663e-11,2.366170795650056e-11,2.4850812719543264e-11,2.6099414088018295e-11,2.7410363981389682e-11,2.878731611581927e-11,3.023226193483929e-11,3.175059487876786e-11,3.33449686169906e-11,3.501767788473888e-11,3.6773897902855263e-11,10.85206432,10.84293623,12.16989715,12.38710904,12.10070889,12.33220128,11.74835321,11.78840801,13.36277628,13.01739652,13.29595077,13.57229594,12.78881409,14.42878825,14.74358351,14.37104647,14.74374443,14.05482532,14.10048913,15.90300546,15.56434777,15.87883467,16.18898121,15.40195359,17.12918744,17.44297164,16.95881115,17.25864399,16.4509011,16.43813472,
0.012882685020000178,0.01892758677527517,0.027946250317811932,0.041401604165788655,0.061207398529854844,0.09111820347517542,0.13580239842625702,0.20243493640206217,0.3017114045514582,0.43323387682966813,0.5784653043091779,0.7383454675546172,0.9139859627760437,1.10700117792505,1.3195472910589092,1.5534301774056116,1.809716913700938,2.0920980330651395,2.4027988622246577,2.745690146746161,3.1191994081179875,3.5284715538870057,3.9219616099170964,3.9219616099533257,3.921961609994092,3.921961609895494,3.921961609664086,3.921961609222682,3.921961608199781,3.9219616093368197,0.2361572277600088,0.24843379859074533,0.2653632891820081,0.28870919380238014,0.3139846220490147,0.35736463071281255,0.4185871443180547,0.5021425930796041,0.6137772893994234,0.7534747127531054,0.9662629567086634,1.2653345143114303,1.673638839327352,2.23537194540141,3.021173871393807,3.9190197599999377,3.919019759999934,3.9190197599999315,3.919019759999928,3.919019759999613,3.919019759999768,3.9190197599998435,3.9190197599998924,3.9190197599999275,3.9190197599999492,3.9190197599999594,3.91901975999995,3.919019759999906,3.91901975999979,3.9190197599994603,11.099761067228831,11.249284564643265,12.245035170509937,12.591756662042078,12.205280659431898,12.328203345823324,11.73172657726757,11.816285690530817,13.024166106062232,12.330195870431004,12.278374738996634,12.057797118149159,10.995803247912578,11.523251336690313,11.039351087564905,9.450047192612963,9.546410996318574,8.68704566695535,8.654783437796864,9.719764173276756,9.123369011905902,9.060900676137996,8.931493210109107,8.265973110074151,9.806797740034742,10.355013110134777,9.768579020367712,10.101926040810756,9.362934581835441,9.61851242070049,11.34880098,11.51664595,12.53834471,12.92186746,12.58047268,12.77668618,12.28611612,12.52086322,13.9396548,13.51690446,13.823103,14.0614771,13.58342805,14.86562446,15.38007225,14.92249713,15.27514767,14.69816346,14.97660206,16.38447408,16.16158818,16.50839199,16.77247458,16.10695448,17.64777911,18.19599448,17.60956039,17.94290741,17.20391595,17.45949379,
2.041896000000028e-06,3.000008435049611e-06,4.429459902989922e-06,6.5621234865608155e-06,9.701327171664132e-06,1.444216752286526e-05,2.152457920895286e-05,3.208578695030651e-05,4.782103336001645e-05,6.866724745576307e-05,9.168632076108097e-05,0.0001170272077969273,0.00014486609573634927,0.00017545886386970345,0.0002091472648163855,0.000246217528457729,0.00028683878566319946,0.000331595983189192,0.00038084183366776745,0.0004351898473941265,0.0004943907876929902,0.0005592601185863397,0.0006216279999868598,0.0006216279999926021,0.0006216279999990636,0.0006216279999834359,0.0006216279999467579,0.0006216279998767958,0.0006216279997146665,0.0006216279998948864,0.21699334305900808,0.22827368442789223,0.24382936652379386,0.2652807781039612,0.2885051347095484,0.32836490606260743,0.3846192838078343,0.4613943049644578,0.5639699753582177,0.6923311150860711,0.8878518402298112,1.1626540883491838,1.5378249916962299,2.0539741087488803,2.7760091212727382,3.6009958589999425,3.6009958589999393,3.600995858999937,3.600995858999934,3.6009958589996445,3.6009958589997866,3.6009958589998563,3.600995858999901,3.600995858999933,3.6009958589999536,3.600995858999963,3.600995858999954,3.6009958589999136,3.600995858999807,3.600995858999504,10.853826445053832,11.074396125572958,11.907517334026059,12.285881069782802,12.008922593974047,12.101737441781182,11.600537431624842,11.826805859261075,12.975739953621538,12.533582477680252,12.624167553463897,12.51728646445822,11.793085342224002,12.35265028240402,12.162634621480063,11.000080493490106,11.259524472233833,10.73681709503729,11.096968079187839,12.277339411175483,12.212254610236172,12.535431360906399,12.715901393026204,12.110810953027478,13.501466343028827,14.07237521303028,13.628935103031845,13.937610713033548,13.180903293035488,13.533488213037371,11.07082183,11.30267281,12.15135113,12.55116841,12.29743743,12.43011679,11.98517824,12.28823225,13.53975775,13.22598226,13.51211108,13.68005758,13.3310552,14.40679985,14.93885289,14.60132257,14.86080717,14.33814455,14.69834478,15.87877046,15.81374486,16.13698648,16.31751888,15.71242844,17.10308383,17.6739927,17.23055259,17.5392282,16.78252078,17.1351057,
6.55051200000009e-07,9.624188133917543e-07,1.4209945192142163e-06,2.1051644473664896e-06,3.11223784433252e-06,4.633124883174224e-06,6.905200578442596e-06,1.029329272633994e-05,1.534124425911937e-05,2.202882166701661e-05,2.9413463975702488e-05,3.754295659525587e-05,4.647382131676171e-05,5.628814559041493e-05,6.709556549143105e-05,7.89879051025466e-05,9.201942251477137e-05,0.0001063777717882106,0.00012217610502898848,0.00013961123963382043,0.0001586032191390935,0.0001794136487813895,0.00019942159999578456,0.00019942159999762672,0.00019942159999969958,0.00019942159999468615,0.00019942159998291963,0.0001994215999604754,0.0001994215999084635,0.00019942159996627897,0.24237778892400902,0.25497773397649237,0.2723531602382286,0.29631401375937083,0.32225521602802376,0.3667778871449151,0.4296130483667793,0.515369411258871,0.629944650466447,0.7733218103019102,0.9917150585974196,1.2986643887084726,1.717723760484464,2.2942533442158926,3.1007538911642927,4.022249723999936,4.022249723999932,4.02224972399993,4.022249723999926,4.022249723999603,4.022249723999762,4.022249723999839,4.02224972399989,4.022249723999925,4.022249723999948,4.022249723999958,4.022249723999948,4.022249723999903,4.022249723999784,4.022249723999447,10.363130456033627,10.62586134361398,11.395563668777005,11.624914391086428,11.424339191744897,11.663942039741514,11.051814436444527,11.314237215460887,12.230242958302409,11.955875020890199,11.91511774795308,11.941801558350136,11.115749905710189,11.539325917655294,11.088257103287836,10.030573148113474,10.360972656596989,9.713148088248701,10.127408519916486,11.224655514783283,11.197377662804755,11.391732272376222,11.770771344426208,11.029577004427482,12.400200644428836,12.764493234430276,12.560929754431815,12.731143274433476,12.05469275443532,12.473148604437357,10.6055089,10.88084004,11.66791825,11.92123051,11.74659752,12.03072456,11.48143439,11.82961692,12.86020295,12.72921886,12.90686222,13.24050349,12.83352014,13.83363555,14.18907809,14.05290186,14.3833144,13.73550419,14.14978042,15.24704485,15.21978599,15.41416141,15.79322049,15.05202615,16.42264979,16.78694238,16.5833789,16.75359242,16.0771419,16.49559775,
0.0,0.0,0.0,0.0,0.0,0.0,0.0,0.0,0.0,0.0,0.0,0.0,0.0,0.0,0.0,0.0,0.0,0.0,0.0,0.0,0.0,0.0,0.0,0.0,0.0,0.0,0.0,0.0,0.0,0.0,0.26023708482600966,0.27376544063774705,0.2924211528547654,0.31814753107599775,0.34600017749729445,0.3938034444202368,0.46126853374852095,0.553343744036524,0.6763613125067542,0.8303030341135635,1.0647883082569176,1.3943548053027381,1.8442920283631985,2.463302453585202,3.329228956917719,4.318624025999931,4.318624025999927,4.318624025999925,4.31862402599992,4.318624025999574,4.318624025999744,4.318624025999827,4.318624025999881,4.318624025999919,4.318624025999944,4.318624025999956,4.318624025999945,4.318624025999896,4.318624025999768,4.318624025999405,9.807442585182828,10.160787759371535,10.836426167154988,10.998192298934251,10.811680952513475,10.908996575591077,10.437916476263366,10.79107144597596,11.53130691750636,11.174354855900214,11.194987571757556,11.045025914712465,10.462850451652772,10.731203586431572,10.1398864530999,8.934371394018578,9.194421304019514,8.720321834020497,9.250791194021524,10.223990224022948,10.034835204023913,10.322747444025017,10.519020364026215,9.970080004027485,11.345280894028836,11.616538414030272,11.3208109240318,11.595026004033441,10.943209824035241,11.500392854037363,10.06767967,10.4345532,11.12884732,11.31633983,11.15768113,11.30280002,10.89918501,11.34441519,12.20766823,12.00465789,12.25977588,12.43938072,12.30714248,13.19450604,13.46911541,13.25299542,13.51304533,13.03894586,13.56941522,14.54261425,14.35345923,14.64137147,14.83764439,14.28870403,15.66390492,15.93516244,15.63943495,15.91365003,15.26183385,15.81901688,
0.0,0.0,0.0,0.0,0.0,0.0,0.0,0.0,0.0,0.0,0.0,0.0,0.0,0.0,0.0,0.0,0.0,0.0,0.0,0.0,0.0,0.0,0.0,0.0,0.0,0.0,0.0,0.0,0.0,0.0,0.2941059094170109,0.30939492708944627,0.33047860627020786,0.3595531705961194,0.3910307284963807,0.44505540104017227,0.5213008042042173,0.6253592379767167,0.7643870551434975,0.9383636813444143,1.2033662840400914,1.5758245537438265,2.084319322109505,2.7838914994194632,3.7625149032328484,4.880675816999922,4.880675816999918,4.880675816999914,4.8806758169999105,4.880675816999518,4.880675816999711,4.880675816999805,4.880675816999865,4.88067581699991,4.880675816999936,4.88067581699995,4.880675816999937,4.880675816999883,4.880675816999738,4.880675816999328,9.375942719591826,9.709439022919838,10.241988173739548,10.393223919414131,10.274194441514389,10.597495488971143,9.947412195807667,10.267087222035775,10.835329564869623,10.462493398669366,10.515311535974384,10.577137046271377,9.732498747906465,9.750962540597316,9.035827826784772,7.705730893018586,8.321229063019521,7.643286463020503,8.148125253021533,8.934888503023002,8.750844453023943,9.114483373025038,9.615328983026226,8.843684433027494,10.000120863028842,10.260902843030275,9.972139183031802,10.330608583033454,9.778379723035268,10.308101343037434,9.670048629,10.01883395,10.57246678,10.75277709,10.66522517,11.04255089,10.468713,10.89244646,11.59971662,11.40085708,11.71867782,12.1529616,11.81681807,12.53485404,12.79834273,12.58640671,13.20190488,12.52396228,13.02880107,13.81556432,13.63152027,13.99515919,14.4960048,13.72436025,14.88079668,15.14157866,14.852815,15.2112844,14.65905554,15.18877716,
0.0,0.0,0.0,0.0,0.0,0.0,0.0,0.0,0.0,0.0,0.0,0.0,0.0,0.0,0.0,0.0,0.0,0.0,0.0,0.0,0.0,0.0,0.0,0.0,0.0,0.0,0.0,0.0,0.0,0.0,0.3511677182550131,0.3694230789209459,0.39459736911118753,0.4293129191449416,0.46689768650302127,0.5314041121790101,0.6224424878091551,0.7466901196418987,0.9126918209515076,1.120423025583833,1.436840874870673,1.881562713259908,2.4887145651405778,3.3240162622319462,4.492510116807394,5.827614254999907,5.827614254999902,5.827614254999898,5.827614254999893,5.827614254999425,5.827614254999655,5.827614254999767,5.8276142549998395,5.827614254999892,5.827614254999925,5.82761425499994,5.827614254999926,5.82761425499986,5.827614254999688,5.827614254999197,8.986514534753827,9.344957653088342,9.837859070898569,9.943998590865311,9.807408843507748,10.152982137832304,9.48645348220273,9.814755710370587,10.27767071906161,9.934620864429945,9.8523054951438,9.877218126755295,8.969012994875392,8.807717107784827,7.854179013210228,6.377018925018599,6.946087435019534,6.265890635020519,6.80526645502155,7.543641775023097,7.390431875024001,7.65457230502508,8.198213275026255,7.4250300750275136,8.574616285028855,8.779617985030287,8.57468203503182,8.826122175033479,8.327599225035327,8.89960499503757,9.337682253,9.714380732,10.23245644,10.37331151,10.27430653,10.68438625,10.10889597,10.56144583,11.19036254,11.05504389,11.28914637,11.75878084,11.45772756,12.13173337,12.34668913,12.20463318,12.77370169,12.09350489,12.63288071,13.37125603,13.21804613,13.48218656,14.02582753,13.25264433,14.40223054,14.60723224,14.40229629,14.65373643,14.15521348,14.72721925,
0.0,0.0,0.0,0.0,0.0,0.0,0.0,0.0,0.0,0.0,0.0,0.0,0.0,0.0,0.0,0.0,0.0,0.0,0.0,0.0,0.0,0.0,0.0,0.0,0.0,0.0,0.0,0.0,0.0,0.0,0.53751077300402,0.5654531279328038,0.6039858616568016,0.6571228135002858,0.7146514993834999,0.8133875076393845,0.952734335705324,1.14291252452688,1.3970010929018193,1.7149624389327585,2.199283730216516,2.879992026275714,3.809321928400174,5.087866730656472,6.87640822343456,8.919969803999857,8.91996980399985,8.919969803999843,8.919969803999836,8.919969803999118,8.919969803999471,8.919969803999642,8.919969803999754,8.919969803999834,8.919969803999884,8.919969803999907,8.919969803999885,8.919969803999786,8.919969803999521,8.919969803998772,8.977836415004818,8.944736089076484,9.172238534352955,9.073727174509964,8.727049091627268,8.87380653837193,9.348500184306562,9.196536895485606,9.100296617111297,8.98191779108102,8.175016439797957,7.7813215037394885,7.407569821615799,6.502951989360304,4.7056000465830605,2.8892550760186517,2.661540266019589,3.4036341260205756,3.4473739560216092,3.855105286023404,3.8698352560241864,3.4696516660252,3.7968030460263402,4.584828126027574,4.840111986028897,4.782576916030324,5.01571783603186,4.546261856033554,5.504570156035491,5.497690526037998,9.515347188,9.510189217,9.776224396,9.730849988,9.441700591,9.687194046,10.30123452,10.33944942,10.49729771,10.69688023,10.37430017,10.66131353,11.21689175,11.59081872,11.58200827,11.80922488,11.58151007,12.32360393,12.36734376,12.77507509,12.78980506,12.38962147,12.71677285,13.50479793,13.76008179,13.70254672,13.93568764,13.46623166,14.42453996,14.41766033,
0.0,0.0,0.0,0.0,0.0,0.0,0.0,0.0,0.0,0.0,0.0,0.0,0.0,0.0,0.0,0.0,0.0,0.0,0.0,0.0,0.0,0.0,0.0,0.0,0.0,0.0,0.0,0.0,0.0,0.0,0.5411414267580201,0.5692725202589646,0.6080655260023772,0.6615613950683171,0.7194786624458096,0.8188815899097052,0.9591696457795045,1.1506324063526463,1.4064372335654565,1.726546271535931,2.2141389445345414,2.8994451319376733,3.8350522572682757,5.122233078966615,6.922855399164494,8.980220357999857,8.980220357999848,8.980220357999842,8.980220357999833,8.980220357999112,8.980220357999467,8.98022035799964,8.980220357999752,8.980220357999833,8.980220357999883,8.980220357999906,8.980220357999885,8.980220357999784,8.980220357999517,8.980220357998762,8.930695981250818,8.95069832675032,8.992589898007378,9.075550401941934,8.60164637256496,8.914693489101609,9.294961554232383,9.199451573659841,9.097615496447661,8.985428978477847,8.027675875479934,7.812913388077531,7.393376532747694,6.260428781050158,4.666605900853126,2.845669242018653,2.656740482019593,3.2870327920205753,3.3998437320216097,3.565430092023411,3.8276331820241882,3.2511790320252048,3.797438752026341,4.462825672027573,4.532747282028895,4.731143962030321,4.975132782031862,4.314040342033557,5.378362102035497,5.452269142038011,9.471837408,9.519970847,9.600655424,9.737111797,9.321125035,9.733575079,10.2541312,10.35008398,10.50405273,10.71197525,10.24181482,10.71235852,11.22842879,11.38266186,11.5894613,11.8258896,11.63696084,12.26725315,12.38006409,12.54565045,12.80785354,12.23139939,12.77765911,13.44304603,13.51296764,13.71136432,13.95535314,13.2942607,14.35858246,14.4324895,
0.0,0.0,0.0,0.0,0.0,0.0,0.0,0.0,0.0,0.0,0.0,0.0,0.0,0.0,0.0,0.0,0.0,0.0,0.0,0.0,0.0,0.0,0.0,0.0,0.0,0.0,0.0,0.0,0.0,0.0,0.5498573210760204,0.5784415080306909,0.6178593333159427,0.6722168335898678,0.7310669454266615,0.8320709061285143,0.9746185115514948,1.1691650670523057,1.429090014680547,1.7543548888284557,2.249800973149773,2.9461450445690334,3.8968215259391545,5.204734325370731,7.034358368729041,9.124860275999854,9.124860275999845,9.12486027599984,9.124860275999831,9.124860275999097,9.124860275999458,9.124860275999634,9.124860275999747,9.12486027599983,9.12486027599988,9.124860275999906,9.124860275999882,9.12486027599978,9.12486027599951,9.124860275998742,9.03438035293282,9.087031076978596,9.179383883693815,9.226449615420384,8.557058464584106,9.034205460882799,9.401196268460392,9.339107972960182,9.24924217533257,9.041329111185322,7.9557546968647035,7.91225887544617,7.503220804076819,6.411004584646044,4.747391101288583,2.7934427540186566,2.6707513840195953,3.287965734020579,3.444418764021612,3.677681144023426,3.783080254024196,3.063236234025207,3.8270012040263426,4.4777115040275755,4.664805604028896,4.81399806403032,4.9395469940318595,4.122334684033555,5.404112404035499,5.528213134038021,9.584237674,9.665472585,9.797243217,9.898666449,9.28812541,9.866276367,10.37581478,10.50827304,10.67833219,10.795684,10.20555567,10.85840392,11.40004233,11.61573891,11.78174947,11.91830303,11.79561166,12.41282601,12.56927904,12.80254142,12.90794053,12.18809651,12.95186148,13.60257178,13.78966588,13.93885834,14.06440727,13.24719496,14.52897268,14.65307341,
0.0,0.0,0.0,0.0,0.0,0.0,0.0,0.0,0.0,0.0,0.0,0.0,0.0,0.0,0.0,0.0,0.0,0.0,0.0,0.0,0.0,0.0,0.0,0.0,0.0,0.0,0.0,0.0,0.0,0.0,0.5685336426870211,0.5980887132656647,0.6388453949305914,0.6950491889941477,0.7558981895851303,0.8603328265401631,1.0077221696680227,1.2088766467142544,1.4776301426414034,1.813942885328118,2.326217172270414,3.0462130990551537,4.029180029299062,5.381517080522952,7.273285694392956,9.434793086999848,9.434793086999841,9.434793086999834,9.434793086999825,9.434793086999068,9.43479308699944,9.434793086999623,9.43479308699974,9.434793086999823,9.434793086999877,9.434793086999901,9.434793086999878,9.434793086999774,9.434793086999493,9.4347930869987,9.623632347321816,9.74476170674362,9.791435245079164,9.896173251016103,8.60330333742564,9.67460343347115,10.026230670343864,10.035839563298234,9.947807017371716,9.12445767468566,7.95743512774406,8.548089440960048,8.16980265071691,6.984759219493823,5.332768875624665,2.641067273018659,3.160233883019598,3.765378633020584,4.015369013021619,4.1949695930234565,3.6437875630242136,2.846571173025218,4.394845373026352,5.03058999302758,5.245875933028901,5.479291553030327,4.815542533031865,3.9137742330335636,6.015752513035519,6.245200323038068,10.19216599,10.34285042,10.43028064,10.59122244,9.359201527,10.53493626,11.03395284,11.24471621,11.42543716,10.93840056,10.2836523,11.59430254,12.19898268,12.3662763,12.60605457,12.07586036,12.59502697,13.20017172,13.4501621,13.62976268,13.07858065,12.28136426,13.82963846,14.46538308,14.68066902,14.91408464,14.25033562,13.34856732,15.4505456,15.67999341,
0.0,0.0,0.0,0.0,0.0,0.0,0.0,0.0,0.0,0.0,0.0,0.0,0.0,0.0,0.0,0.0,0.0,0.0,0.0,0.0,0.0,0.0,0.0,0.0,0.0,0.0,0.0,0.0,0.0,0.0,0.5000036510130186,0.5259962081560342,0.5618401549439943,0.6112692478288849,0.6647836226549556,0.756629902011341,0.8862532068628179,1.0631608960285384,1.2995193436148353,1.5952935715581593,2.0458192653071987,2.679028217385085,3.5435101355071716,4.732838984748834,6.396577315758304,8.297540612999867,8.29754061299986,8.297540612999855,8.297540612999846,8.29754061299918,8.297540612999507,8.297540612999668,8.297540612999772,8.297540612999846,8.297540612999892,8.297540612999914,8.297540612999894,8.2975406129998,8.297540612999555,8.297540612998857,10.12846874899582,10.433096871853255,10.500241505065762,10.487159662181371,8.666495143355816,10.439236067999975,10.620041273149068,10.85153249398395,10.673074266398286,9.503663108455623,8.207152214707273,9.642665442630118,9.3823063645088,8.38250881526794,6.813172664259314,3.955571747018638,5.087659877019575,5.467704277020561,5.954002467021594,6.157827647023341,4.973010167024149,3.9471827470251752,6.399727117026318,6.787076817027555,7.272391317028882,7.330769437030308,6.161964407031847,5.011201847033535,7.814412197035455,8.316690497037907,10.6284724,10.95909308,11.06208166,11.09842891,9.331278766,11.19586597,11.50629448,11.91469339,11.97259361,11.09895668,10.25297148,12.32169366,12.9258165,13.1153478,13.20974998,12.25311236,13.38520049,13.76524489,14.25154308,14.45536826,13.27055078,12.24472336,14.69726773,15.08461743,15.56993193,15.62831005,14.45950502,13.30874246,16.11195281,16.61423111,
0.0,0.0,0.0,0.0,0.0,0.0,0.0,0.0,0.0,0.0,0.0,0.0,0.0,0.0,0.0,0.0,0.0,0.0,0.0,0.0,0.0,0.0,0.0,0.0,0.0,0.0,0.0,0.0,0.0,0.0,0.5144662297290191,0.5412106201895504,0.578091351210711,0.6289501779490642,0.684012453189045,0.7785153812364395,0.9118880332097713,1.093912767770743,1.3371078707424215,1.6414373523226498,2.10499447753469,2.7565189644982686,3.646005975611315,4.8697360978567215,6.58159797061694,8.537546528999863,8.537546528999856,8.537546528999851,8.537546528999842,8.537546528999156,8.537546528999494,8.537546528999659,8.537546528999766,8.537546528999842,8.53754652899989,8.537546528999911,8.53754652899989,8.537546528999794,8.537546528999542,8.537546528998824,10.333972280279818,10.515698749819737,10.696651318799047,10.758774272061189,8.558421166821725,10.778091958774873,10.832539896802116,10.927126202241745,10.947567559270698,9.594746787691129,8.050356212479784,9.962191285516935,9.395180974404653,8.497745362160051,6.97248197940068,3.867063261018645,5.278937751019581,5.512582891020568,5.841199881021605,6.195716371023366,4.897081291024162,3.590592141025189,6.633281031026328,6.859261071027561,7.331706771028885,7.498136531030311,6.100735751031852,4.64448048103354,7.907858111035468,8.224976281037938,10.84843851,11.05690937,11.27474267,11.38772445,9.24243362,11.55660734,11.74442793,12.02103897,12.28467543,11.23618414,10.15535069,12.71871025,13.04118695,13.36748146,13.55407995,12.40460979,13.81648428,14.05012942,14.37874641,14.7332629,13.43462782,12.12813867,15.17082756,15.3968076,15.8692533,16.03568306,14.63828228,13.18202701,16.44540464,16.76252281,
0.6652489082640092,0.97740156021636,1.4431162824469064,2.1379372334967774,3.1606885510630525,4.705252460238872,7.0126993831213165,10.45353668329959,15.580073732847936,22.37176203070103,29.87136699863854,38.127417960606294,47.1973166278177,57.164428371749594,68.14009606047622,80.2175732759967,93.45196278861162,108.03384001993132,124.07811860581644,141.78467995750978,161.07232286489653,182.2067251834362,202.52615624771892,202.52615624958977,202.5261562516949,202.52615624660342,202.52615623465374,202.5261562118601,202.5261561590385,202.52615621775402,0.49676448274501844,0.5225886525849989,0.558200391918473,0.6073092688432113,0.6604769620711232,0.7517282346650133,0.8805118022565371,1.05627343224459,1.2911006814451467,1.5849587983926705,2.032565856391443,2.66167269773388,3.5205542519550876,4.702178284920158,6.355138437816041,8.243786744999868,8.243786744999861,8.243786744999856,8.243786744999849,8.243786744999186,8.243786744999511,8.243786744999671,8.243786744999772,8.243786744999847,8.243786744999893,8.243786744999914,8.243786744999895,8.243786744999802,8.243786744999557,8.243786744998864,10.105811048999811,9.923730267207926,9.625800335644376,9.05450492767026,5.914993275876594,6.58791585510743,4.3052404146340315,0.9100247944683049,1.3122325146707104e-11,1.3784439797722729e-11,1.4479231506378057e-11,1.5209790215487755e-11,1.5975799447052222e-11,1.6780582535615033e-11,1.7625618268851482e-11,1.8512929920975708e-11,1.9444652317515404e-11,2.0422945172060798e-11,2.145016381254538e-11,2.252873840660361e-11,2.366118286031746e-11,2.485027118319247e-11,2.6098917185583994e-11,2.7409936357031968e-11,2.8786553119793316e-11,3.023197593162754e-11,3.174957150499127e-11,3.3342983226947206e-11,3.501642392477364e-11,3.6773244811817017e-11,11.26782444,11.42372048,11.62711701,11.79975143,9.736158789,12.04489655,12.1984516,12.41983491,12.72915561,11.89350365,10.69784334,13.25610058,13.47382612,13.78526106,14.04448931,13.1302825,14.40025769,14.59328839,14.8557589,15.19372786,14.22055683,12.77601644,15.81182463,15.99202733,16.36522185,16.61588098,15.49462537,13.88620286,17.0811617,17.31861668,
2.106630215184029,3.0951176823317037,4.569887040566492,6.770162443414155,10.008888281877821,14.900027462915359,22.20697279915403,33.103002438651224,49.33710325968252,70.84420474099912,94.59305157282509,120.73732058029579,149.45878459722306,181.0214350533884,215.77785914918644,254.0233611099577,295.9324337599873,342.10856841876256,392.9156597645512,448.98666820532526,510.0644555171621,576.9903383724587,641.3354682984432,641.3354683043675,641.3354683110339,641.3354682949107,641.3354682570699,641.3354681848898,641.3354680176207,641.335468203554,0.4867424572320181,0.5120456347346273,0.5469389214158703,0.595057046315152,0.6471521025158491,0.7365624170424951,0.8627478274692284,1.034963536601158,1.2650532396115546,1.5529828861318518,1.9915596500760364,2.607974511550071,3.4495284726199213,4.607313711515591,6.226926051917404,8.077471631999872,8.077471631999865,8.077471631999858,8.07747163199985,8.077471631999202,8.077471631999522,8.077471631999677,8.077471631999778,8.07747163199985,8.077471631999895,8.077471631999916,8.077471631999897,8.077471631999806,8.077471631999567,8.077471631998888,8.83277902759279,8.001185412942956,6.650004388027396,4.644928690280945,1.0774117996289264e-11,1.1318606914114738e-11,1.1890555087125768e-11,1.249112868579435e-11,1.3121736069288e-11,1.3783875683803617e-11,1.4479123419482167e-11,1.5209133657684774e-11,1.597564848773985e-11,1.6780488988285087e-11,1.7625566540210944e-11,1.8512899164661903e-11,1.944459985332349e-11,2.0422884401183967e-11,2.1450083088663645e-11,2.2528641274292454e-11,2.3661126820269554e-11,2.48502365613796e-11,2.609880528415101e-11,2.7409800209776005e-11,2.8786345304033884e-11,3.0231734737518164e-11,3.174935847071536e-11,3.3342871101618054e-11,3.501607304748483e-11,3.677292578183899e-11,11.4261517,11.60834873,11.76683035,12.01014818,10.124539,12.32962455,12.36985535,12.6205622,12.9561242,12.33400379,11.12458562,13.5694601,13.69158784,13.95090701,14.29491111,13.61658926,14.74066383,14.79834264,15.09585518,15.37629817,14.74724412,13.28565808,16.18559864,16.21673564,16.56186903,16.91215226,16.06850038,14.44013039,17.32117373,17.59851726,
3.393868909548047,4.986363338826574,7.3622781232966785,10.907013325680385,16.12473537793508,24.004564063172786,35.77635695861513,53.33031396752146,79.484125706215,114.13296085812074,152.39334102318534,194.512845959444,240.78431926366468,291.63306211090156,347.62710714812755,409.2422017666112,476.7594611649346,551.1511349631911,633.0034726255827,723.3361996996246,821.7350558099853,929.5554371134994,1033.2181180921596,1033.2181181017038,1033.2181181124436,1033.2181180864686,1033.2181180255054,1033.2181179092202,1033.2181176397428,1033.218117939289,0.5865505607220218,0.617042236004685,0.6590905031410802,0.7170754040290511,0.779852718749305,0.8875969053118878,1.0396570392513813,1.2471861324209206,1.5244564677119712,1.8714270126185777,2.399935350013291,3.142748057766534,4.156865360272704,5.55205817934956,7.503777229742887,9.733783121999844,9.733783121999835,9.73378312199983,9.73378312199982,9.73378312199904,9.733783121999423,9.733783121999611,9.733783121999732,9.733783121999819,9.733783121999874,9.733783121999899,9.733783121999876,9.733783121999766,9.733783121999478,9.733783121998659,7.547255049738769,6.085641595178029,3.903721083572001,0.556380640300819,1.0773829357561784e-11,1.1318565866516136e-11,1.1890543211546361e-11,1.249112290802306e-11,1.3121733142388174e-11,1.3783873777455259e-11,1.4479121581371224e-11,1.5209132418344024e-11,1.597564511019601e-11,1.678048408192427e-11,1.762556276904195e-11,1.8512895751025994e-11,1.9444595924428004e-11,2.0422880409565844e-11,2.1450079017041315e-11,2.2528637155729488e-11,2.3661123616265933e-11,2.4850232968864598e-11,2.609880025558571e-11,2.740979454337526e-11,2.878633869349189e-11,3.0231708898452283e-11,3.174934522483955e-11,3.334286341704388e-11,3.5016060377487265e-11,3.6772911006970677e-11,11.52767452,11.68904717,11.92508971,12.18046937,10.38345914,12.59116204,12.4797631,12.70829731,13.13986069,12.54533407,11.40908048,13.85729714,13.78676846,14.13854136,14.49763352,13.8498953,15.05334458,14.92982781,15.20079793,15.58310349,14.99992276,13.62541918,16.52892952,16.36082341,16.78461981,17.15199092,16.34381737,14.80941541,17.47507458,17.72085791,
4.267934902308059,6.270564567033109,9.258378741299504,13.716034441297678,20.27754245791867,30.18676310439695,44.990294737529744,67.06514435271517,99.95467807451966,143.52706605129322,191.64112591455395,244.60819976931091,302.7965509282829,366.7410137582009,437.1559135392329,514.6395229065313,599.5453562118797,693.0960588190042,796.0288644326854,909.6261214202312,1033.3668796914521,1168.9556077212305,1299.3158502665344,1299.315850278537,1299.3158502920426,1299.3158502593778,1299.3158501827143,1299.3158500364805,1299.3158496976012,1299.3158500742934,0.6803477273550254,0.7157154234599802,0.7644877627963347,0.8317452136995885,0.9045614485810298,1.0295353508706044,1.205911904700316,1.446627635538836,1.768237152450768,2.170692861291559,2.7837166486903118,3.645314900251539,4.821602927633486,6.439905470064849,8.703730124389752,11.29034335499982,11.290343354999811,11.290343354999802,11.290343354999793,11.290343354998885,11.290343354999331,11.29034335499955,11.29034335499969,11.290343354999791,11.290343354999854,11.290343354999884,11.290343354999855,11.29034335499973,11.290343354999395,11.290343354998445,6.591477940345755,4.728443959516198,1.8478215459139198,1.0255059433081594e-11,1.0773819095965465e-11,1.1318560191115662e-11,1.1890540356622966e-11,1.2491121053772509e-11,1.312173194241685e-11,1.3783872716480475e-11,1.447912080471952e-11,1.520913161741225e-11,1.5975644090814494e-11,1.678048269315226e-11,1.7625561525566044e-11,1.8512894640319885e-11,1.9444594559295782e-11,2.0422879052211902e-11,2.1450077611726145e-11,2.2528635870053522e-11,2.366112246132892e-11,2.4850232196835002e-11,2.6098798999801778e-11,2.7409792894855688e-11,2.87863365015757e-11,3.023170637001906e-11,3.174934317502599e-11,3.334286197865299e-11,3.5016058527864356e-11,3.677290737319526e-11,11.53976057,11.71472395,11.87068805,12.12912254,10.60049514,12.59245041,12.49284736,12.73621303,13.08446954,12.59336368,11.64755411,13.85871505,13.81705321,14.07404205,14.43651868,13.9029194,15.05488488,14.9454808,15.23418881,15.51201416,15.05734972,13.91021892,16.5306208,16.37797672,16.70804923,17.07968662,16.40638941,15.11896315,17.49339611,17.75978448,
4.791782252196066,7.040215160570873,10.394754360633902,15.399543786569273,22.766412865261994,33.891893622058724,50.51241426568608,75.29673619822987,112.22313914920235,161.1436124394565,215.1632035089434,274.6314686670475,339.96187195350063,411.7548934330245,490.8125348413891,577.8065009399643,673.1336965165569,778.1668347190325,893.7336374932853,1021.2738489516905,1160.2025774654887,1312.4334983775143,1458.7941882471637,1458.7941882606392,1458.7941882758025,1458.7941882391285,1458.794188153055,1458.7941879888726,1458.7941876083992,1458.7941880313267,0.8102125700310301,0.8523312555283342,0.9104132639062541,0.9905088238075296,1.077224228932253,1.2260531622697564,1.4360964904471667,1.7227600642167051,2.1057584380874834,2.585034933139846,3.31507276277945,4.341132975320421,5.74195097976498,7.669155274381311,10.365099006582623,13.445445230999786,13.445445230999773,13.445445230999765,13.445445230999752,13.445445230998672,13.445445230999203,13.445445230999463,13.44544523099963,13.44544523099975,13.445445230999827,13.44544523099986,13.445445230999828,13.445445230999677,13.445445230999278,13.445445230998148,5.937765747781743,3.866194863910083,0.5655204254696042,1.0255032869834435e-11,1.0773816082819681e-11,1.1318558524025496e-11,1.1890539500709091e-11,1.2491120624929486e-11,1.3121731644300417e-11,1.3783872448768279e-11,1.4479120613778865e-11,1.5209131372315197e-11,1.5975643829601232e-11,1.678048235402166e-11,1.762556121139138e-11,1.8512894321410277e-11,1.9444594180472607e-11,2.042287865096039e-11,2.1450077194787896e-11,2.2528635403685768e-11,2.3661122245972337e-11,2.4850231722221604e-11,2.6098798224289858e-11,2.7409791799971906e-11,2.8786335071428534e-11,3.0231704814336284e-11,3.1749341793714896e-11,3.3342860911257526e-11,3.501605741896446e-11,3.677290594060306e-11,11.53976057,11.75874128,11.87068805,12.20175952,10.76676248,12.70324954,12.49284736,12.78406854,13.16282775,12.62080917,11.83024443,13.98065586,13.86896991,14.07404205,14.52297382,13.93321889,15.18735061,14.9454808,15.2914303,15.51201416,15.09016513,14.12839884,16.67607132,16.37797672,16.70804923,17.18197075,16.44214486,15.35610206,17.49339611,17.82651574,
4.950878340000068,7.273963405043359,10.739879549012928,15.910837297305651,23.52230013842302,35.01716755976067,52.18952041789545,77.79672795976246,115.94915620507747,166.49388024471253,222.30702226280286,283.7497444886941,351.2492387376526,425.42592212998284,507.10842435152773,596.9907520117107,695.4829878758941,804.0034217229354,923.407257407641,1055.182041226138,1198.7234620591664,1356.0087328321033,1507.2288699681396,1507.2288699820626,1507.2288699977296,1507.228869959838,1507.2288698709067,1507.228869701273,1507.228869308167,1507.2288697451365,0.9452175791640351,0.9943544642432292,1.062114626677959,1.1555564393972706,1.2567211563370242,1.4303493241565546,1.6753919876785548,2.0098220610389035,2.4566391176541003,3.0157770342458754,3.8674604264248997,5.064492151244187,6.698727229773975,8.947059883810697,12.092226352921616,15.68584796399975,15.685847963999736,15.685847963999725,15.685847963999711,15.685847963998452,15.68584796399907,15.685847963999374,15.685847963999569,15.68584796399971,15.685847963999796,15.685847963999839,15.6858479639998,15.685847963999624,15.685847963999159,15.68584796399784,5.675088380844737,3.6004667407227,0.20964361431887238,1.0255028816026661e-11,1.0773815276763578e-11,1.131855829723054e-11,1.189053943614432e-11,1.24911206628279e-11,1.3121731647259465e-11,1.378387242730667e-11,1.447912063359922e-11,1.5209131349546527e-11,1.5975643858036448e-11,1.678048240444281e-11,1.7625561221902574e-11,1.8512894329622843e-11,1.9444594177176916e-11,2.0422878646845813e-11,2.1450077202095297e-11,2.2528635361030755e-11,2.3661122374471288e-11,2.4850231260598998e-11,2.609879736130594e-11,2.740979071600188e-11,2.878633378596095e-11,3.023170341872146e-11,3.174934049410777e-11,3.334285976932205e-11,3.5016056341048535e-11,3.677290563261126e-11,11.5711843,11.86878461,12.01163779,12.34202402,10.68172499,12.85914135,12.52686642,12.90370732,13.31414015,12.49730446,11.73680739,14.15222375,13.99876166,14.2411539,14.68992169,13.7968712,15.37372682,14.98617859,15.43453405,15.69620014,14.94249579,14.01681063,16.88071682,16.42257531,16.90643665,17.37948494,16.28124533,15.23481727,17.54103209,17.9933439,
4.943843302524068,7.263627339068946,10.72461852865931,15.888228513777943,23.488875713173353,34.967409300888505,52.11536080281706,77.68618133366479,115.78439621640578,166.2572978432459,221.99113119754256,283.34654530883233,350.7501249666736,424.8214056987739,506.38783973508,596.1424475241422,694.4947291170196,802.8609589488142,922.0951256574043,1053.6826617838979,1197.0201149155268,1354.0818884222572,1505.0871466501849,1505.087146664088,1505.0871466797328,1505.0871466418948,1505.08714655309,1505.0871463836975,1505.08714599115,1505.0871464274987,1.0633832359170394,1.1186629313122614,1.1948940789172753,1.3000174487844491,1.4138291958693574,1.6091633570320936,1.8848398427616657,2.261078437384951,2.763753988496277,3.3927921064660334,4.35094805015163,5.697625785620182,7.536163519538647,10.065569770300518,13.603926833421244,17.646802316999718,17.6468023169997,17.64680231699969,17.646802316999675,17.646802316998254,17.646802316998954,17.646802316999292,17.646802316999512,17.646802316999672,17.64680231699977,17.646802316999818,17.64680231699977,17.646802316999576,17.64680231699905,17.64680231699757,5.55791473156773,3.569638189628078,0.20340129243317345,1.025502832590455e-11,1.0773815179874315e-11,1.1318558384287133e-11,1.1890539569355408e-11,1.2491120794215921e-11,1.3121731670861444e-11,1.3783872296367767e-11,1.4479120428735501e-11,1.520913107697406e-11,1.5975643697462893e-11,1.6780482279598524e-11,1.7625560997331067e-11,1.8512894174307938e-11,1.944459391815684e-11,2.0422878384052972e-11,2.145007692454482e-11,2.252863537193651e-11,2.3661121731301432e-11,2.485023140552557e-11,2.609879651612493e-11,2.7409789716621804e-11,2.8786332635439465e-11,3.02317021743654e-11,3.174933935955331e-11,3.3342858723323046e-11,3.501605536002068e-11,3.677290420333996e-11,11.56514127,11.95192846,12.1229139,12.37959487,10.56749551,12.83079738,12.52032429,12.99410107,13.35467026,12.39163932,11.61129496,14.12102959,14.09682654,14.3730843,14.73463987,13.68021818,15.33984024,14.97835209,15.54265688,15.84161013,14.81615648,13.86691603,16.84350855,16.41399866,17.0630583,17.43239052,16.14358683,15.07189741,17.53187132,18.11939185,
4.568725827792063,6.712494672013176,9.910880799981538,14.682698363780961,21.70664128488534,32.31423332579785,48.16107233879573,71.7916894616067,106.9991763653046,153.64241223575016,205.14740305890828,261.84743337378745,324.13672055875884,392.58779246178784,467.9653178118149,550.9097336592746,641.7994689601983,741.9433373631878,852.1305305371058,973.7337728182066,1106.1953991561745,1251.3400037217502,1390.887635226599,1390.8876352394475,1390.8876352539048,1390.8876352189382,1390.8876351368713,1390.8876349803315,1390.887634617569,1390.8876350208093,1.1208422898210417,1.179108978889125,1.2594592149576906,1.3702628411724824,1.4902243140474734,1.6961131987721842,1.9866856406524487,2.3832539837229922,2.9130912020601722,3.5761188864508497,4.58604801233185,6.005492391076358,7.943374025847897,10.609454699525898,14.339004027442984,18.600333020999702,18.600333020999688,18.600333020999674,18.600333020999656,18.600333020998164,18.600333020998896,18.600333020999255,18.60033302099949,18.600333020999653,18.60033302099976,18.60033302099981,18.600333020999763,18.600333020999553,18.600333020999003,18.60033302099744,6.065324142395734,4.079888069106985,0.9661742950705301,1.0255037166869237e-11,1.077381678348371e-11,1.1318559308304976e-11,1.1890540174997079e-11,1.2491121092824088e-11,1.3121731724499723e-11,1.3783872164798708e-11,1.4479120115569622e-11,1.5209130620832325e-11,1.5975643358298557e-11,1.678048200831476e-11,1.7625560589204393e-11,1.851289368189204e-11,1.9444593416033185e-11,2.042287786866608e-11,2.1450076362151165e-11,2.252863471717279e-11,2.366112126946773e-11,2.4850230597566933e-11,2.6098796750243124e-11,2.740978986345295e-11,2.8786332762089913e-11,3.023170231705819e-11,3.1749339238197585e-11,3.3342857815083115e-11,3.50160544683169e-11,3.677290295491853e-11,11.75489226,11.97149172,12.13651431,12.29318192,10.52814981,12.66588704,12.72574711,13.01537019,13.26145101,12.25441186,11.5680629,13.93953629,14.11990063,14.38920912,14.63178806,13.52872074,15.14268193,15.22410413,15.56809755,15.85938246,14.65207944,13.81528567,16.62702405,16.68330556,17.08220094,17.31070768,15.96480957,15.01578057,17.81951933,18.14905018,
3.856983995964053,5.666784460003523,8.366907989729338,12.39534494763913,18.325058495006235,27.28014012600169,40.65826933829668,60.60757588302379,90.33024225525884,129.7071322358131,173.18838561038913,221.055365976084,273.64087730858364,331.42825584430955,395.06304591244776,465.0859136739929,541.8163342916134,626.3592270549829,719.3808389115619,822.0400434719306,933.8660518870201,1056.3992127750093,1174.2073285771792,1174.2073285880258,1174.207328600231,1174.2073285707115,1174.2073285014296,1174.2073283692764,1174.207328063027,1174.2073284034484,1.1204502869490416,1.1786965978518253,1.2590187322654207,1.3697836060704411,1.4897031236745404,1.6955200009144713,1.985990818121242,2.3824204655600814,2.9120723788698126,3.5748681762601002,4.584444089988546,6.00339203290246,7.940595913833583,10.60574415367093,14.333989110704541,18.593827748999704,18.593827748999686,18.593827748999676,18.593827748999658,18.593827748998162,18.593827748998898,18.593827748999256,18.593827748999487,18.593827748999654,18.593827748999757,18.593827748999807,18.59382774899976,18.593827748999555,18.593827748999,18.59382774899744,6.617922117095743,4.963391072153937,2.3807654680150003,1.0255085899845743e-11,1.0773821663532807e-11,1.1318561943485941e-11,1.1890541511608452e-11,1.2491121891665666e-11,1.3121731999556371e-11,1.3783872288474475e-11,1.4479120057191648e-11,1.520913039894476e-11,1.5975643405376504e-11,1.6780482174469613e-11,1.7625560542189153e-11,1.851289359799219e-11,1.9444593357238858e-11,2.04228778017746e-11,2.1450076300102615e-11,2.2528634538013278e-11,2.366112095735722e-11,2.4850230184183512e-11,2.6098795765969717e-11,2.74097889092582e-11,2.8786331721246073e-11,3.023170120426501e-11,3.1749338589350023e-11,3.334285855084206e-11,3.501605372051465e-11,3.6772902939842904e-11,11.5953564,11.80887213,12.00669219,12.06024265,10.50530391,12.50484179,12.55303493,12.83857065,13.01016435,12.15835264,11.54296041,13.76229674,13.92809726,14.23529032,14.35453535,13.42267254,14.95014453,15.01748458,15.35662201,15.68973748,14.53722551,13.78530675,16.41561341,16.45688192,16.89947569,16.98269304,15.83966549,14.98319659,17.57767514,17.90251524,
2.8121869110600386,4.131740526508749,6.1004425113979135,9.03763843881654,13.361084644891122,19.890373689520676,29.644575393404683,44.18992450776715,65.86118200358973,94.57148381387445,126.27434069490349,161.1748992134848,199.51581191506634,241.64948675340878,288.0466001209851,339.10136010960815,395.04670102022544,456.6882366607886,524.5117380241625,599.3621578513114,680.8962366833915,770.2370666118,856.1327928119027,856.1327928198112,856.1327928287103,856.1327928071872,856.1327927566726,856.1327926603177,856.1327924370265,856.132792685233,1.0601092612380394,1.1152187599281849,1.1912152048986449,1.2960149179321472,1.4094762581594493,1.6042090189276805,1.879036744019141,2.254116964511206,2.755244863778396,3.3823462812240153,4.337552227023427,5.680083772616326,7.5129609640474495,10.034579606599797,13.562042674932343,17.59247083799972,17.592470837999702,17.59247083799969,17.592470837999677,17.592470837998263,17.592470837998956,17.592470837999297,17.592470837999514,17.592470837999674,17.59247083799977,17.59247083799982,17.592470837999773,17.592470837999578,17.592470837999056,17.592470837997578,7.513971557710759,6.437197073572351,4.4405534037132,1.5299685132615648,1.0773844516110678e-11,1.1318570746352088e-11,1.1890545417935969e-11,1.249112407162765e-11,1.3121733323251082e-11,1.3783872817915927e-11,1.4479120266814316e-11,1.5209130385005032e-11,1.597564411713349e-11,1.6780483052865856e-11,1.762556100495284e-11,1.85128939293212e-11,1.9444593748625908e-11,2.0422878204488896e-11,2.145007672578177e-11,2.252863489068456e-11,2.3661120933509387e-11,2.4850230420517495e-11,2.6098796254355168e-11,2.7409789577901725e-11,2.8786332493960322e-11,3.023170219042521e-11,3.174933930624821e-11,3.334285818514911e-11,3.501605544144597e-11,3.677290441183723e-11,11.38626773,11.68415636,11.73221112,11.86362187,10.63349476,12.18790473,12.32667731,12.70298003,12.79805679,12.16109719,11.68381325,13.4134893,13.78099994,13.909862,14.12051022,13.42570249,14.57123091,14.74668775,15.19443777,15.33105951,14.54050705,13.9535218,15.99955727,16.16012973,16.51314229,16.70582048,15.84324103,15.16602888,17.26071269,17.71344332,
1.5009886021800207,2.205292760969866,3.256076131302084,4.823787577538457,7.131402143246766,10.616372647086298,15.822621749275598,23.586118247151596,35.15302739113757,50.476985984679914,67.3982036490605,86.02617618533868,106.49041799512656,128.9790247984604,153.74321741485207,180.9934021477984,210.85390634176,243.7547217368799,279.9551258088807,319.90610722732083,363.4244532287494,411.1096077625555,456.9559579803407,456.95595798456185,456.9559579893117,456.9559579778238,456.955957950862,456.9559578994331,456.95595778025273,456.9559579127315,0.8488995224610316,0.893029338916457,0.9538847131717656,1.0378047670766781,1.12866075811317,1.2845961448398322,1.5046688610396073,1.805020373569972,2.2063065899388485,2.7084681248569815,3.4733646321227387,4.548418336126536,6.016124193840221,8.035350833735471,10.860023557289804,14.087453660999776,14.087453660999763,14.087453660999753,14.08745366099974,14.087453660998609,14.087453660999165,14.087453660999437,14.087453660999612,14.087453660999739,14.087453660999818,14.087453660999854,14.08745366099982,14.087453660999662,14.087453660999245,14.08745366099806,9.070220545367786,8.624960780122962,7.519777465535907,5.963206315395116,2.565083538650832,0.2959544780851894,1.1890582335940748e-11,1.249113916479929e-11,1.3121739857034971e-11,1.3783876205684936e-11,1.4479123208725596e-11,1.520913471250711e-11,1.5975650329272383e-11,1.6780488665611233e-11,1.7625564664930906e-11,1.8512897103269694e-11,1.944459730996611e-11,2.0422881837880967e-11,2.1450080482905772e-11,2.252863852478929e-11,2.3661124005864134e-11,2.4850233910258357e-11,2.6098800604547953e-11,2.7409794718002216e-11,2.8786338326179786e-11,3.023171366964094e-11,3.1749348790614304e-11,3.334286711713217e-11,3.501606516613716e-11,3.677291829968433e-11,11.42010867,11.72328288,11.72973831,11.82479866,10.82514644,12.19692327,12.36331323,12.74551827,12.75617568,12.24480594,11.89439523,13.42341471,13.82714812,13.90693021,14.07430143,13.51811592,14.58201301,14.79051614,15.2453191,15.32782818,14.64059405,14.20501163,16.01139627,16.20815898,16.50966181,16.65115137,15.95229516,15.43937221,17.31201297,17.77276,
0.24233103188400335,0.3560392594560527,0.5256857298218666,0.7787890058301276,1.1513478767545733,1.7139880574023019,2.5545245647057633,3.807922568278677,5.675372477291681,8.149389064178116,10.881279320631494,13.888721082725409,17.19262414187395,20.82335610370926,24.821475970701204,29.220953338999436,34.041860562005425,39.35361878118495,45.19808772694827,51.64807844496446,58.6740116713025,66.37266620268412,73.77445016044052,73.77445016112202,73.77445016188886,73.77445016003418,73.77445015568125,73.77445014737819,73.77445012813679,73.77445014952518,0.7997235743670297,0.8412969922075536,0.898627072071196,0.9776857164621654,1.0632785056932343,1.2101807026479696,1.4175048141160902,1.7004572470153008,2.078497331627871,2.551569122798302,3.2721558973532474,4.284932754984119,5.667615797669063,7.569870544182111,10.23091264295608,13.271380766999787,13.271380766999776,13.271380766999766,13.271380766999755,13.27138076699869,13.271380766999213,13.271380766999469,13.271380766999634,13.271380766999753,13.271380766999828,13.271380766999862,13.27138076699983,13.27138076699968,13.271380766999286,13.271380766998172,10.973896333757802,11.165420648345679,10.933517328116695,10.700766567717958,9.485010137562961,10.01613938996104,9.03633765119003,7.932372704718509,5.684562671093563,2.2615473530373595,1.4481374038124985e-11,1.5211454559242098e-11,1.5976651972105407e-11,1.6781040402506408e-11,1.762563154634511e-11,1.8512928736120625e-11,1.9444651639453364e-11,2.0422940897312542e-11,2.145016861901193e-11,2.2528731047257122e-11,2.366118851563379e-11,2.485029711004457e-11,2.609897106913514e-11,2.7409981308784914e-11,2.878658663131398e-11,3.023201897917349e-11,3.1749601879016825e-11,3.334313291992863e-11,3.501670297468577e-11,3.677368324376643e-11,12.01595094,12.3627569,12.35783013,12.45724129,11.69963652,12.94030815,13.00836703,13.44075252,13.43843248,12.96250554,12.85526266,14.24155248,14.58138242,14.65160403,14.82705744,14.3104475,15.47076567,15.56220885,16.07691087,16.14858676,15.49871695,15.35253807,16.98726779,17.05381698,17.393704,17.54172873,16.88730025,16.68661426,18.21526436,18.74221698,
1.6992960000000232e-05,2.496651315074844e-05,3.686261932689599e-05,5.461096055929806e-05,8.073587713331224e-05,0.00012018985052585853,0.00017913072630269496,0.00026702265649919513,0.0003979737004457745,0.0005714589721150752,0.0007630270989512779,0.0009739177024710729,0.0012055970383427724,0.001460194571801559,0.0017405544186061613,0.0020490586260911675,0.002387114726324613,0.0027595907325811955,0.0031694219714632995,0.003621714166232999,0.004114393132478577,0.004654245282195041,0.005173279999890645,0.0051732799999384335,0.005173279999992207,0.005173279999862151,0.0051732799995569114,0.005173279998974676,0.005173279997625413,0.005173279999125229,0.7486673918580279,0.7875866675964277,0.8412566640079965,0.9152680236791996,0.9953963734357979,1.1329199980699278,1.3270080639681638,1.5918961662430051,1.9458013070145435,2.388671112793991,3.06325397918058,4.011372845298545,5.3057822393852225,7.086592691107466,9.57774777465036,12.424105457999802,12.424105457999792,12.424105457999783,12.424105457999772,12.424105457998774,12.424105457999264,12.424105457999504,12.424105457999659,12.42410545799977,12.42410545799984,12.424105457999872,12.424105457999842,12.424105457999703,12.424105457999334,12.424105457998289,11.244303055190812,11.477328975899708,11.429988523382434,11.417934855370492,10.761274140697838,11.740273142090862,11.656319755317421,11.742243751112982,11.35848383929813,10.490926498247672,9.85400187373494,10.155474067014186,9.159024133592407,7.4609386143375085,5.099999120948656,1.7933945233926138,2.964177537293322,3.1056031112880524,3.5224326600502045,3.6077629378575145,2.972050878891912,2.9987256667431423,4.470042222026541,4.591946962027693,4.8426084220289445,4.9378615620304895,4.3507551520323435,4.3387954520346605,5.751174722038051,6.164646542039353,11.99298744,12.26494061,12.27128205,12.33325749,11.75675125,12.87331333,12.98350695,13.33440694,13.30468312,12.88016907,12.91801888,14.16782083,14.46601197,14.5489915,14.67948745,14.21954904,15.39067011,15.53246816,15.94970754,16.03549011,15.40027073,15.42748537,16.89932096,17.0212257,17.27188716,17.3671403,16.78003389,16.76807419,18.18045346,18.59392528,
6.742368000000093e-06,9.906068121103413e-06,1.4626136055510345e-05,2.1668219834818264e-05,3.203391253999163e-05,4.7688231015098715e-05,7.107444946848865e-05,0.00010594769919161612,0.00015790569404783956,0.0002267401728069492,0.00030274946184195866,0.0003864254109804579,0.0004783497926327775,0.000579367523650296,0.0006906070757695414,0.000813013583900689,0.0009471455204449271,0.0010949343874435066,0.00125754484674189,0.0014370027175698674,0.0016324850170802094,0.001846684418419323,0.002052623999956611,0.0020526239999755723,0.002052623999996908,0.0020526239999453053,0.002052623999824194,0.0020526239995931777,0.002052623999057825,0.0020526239996529133,0.7324616372070272,0.7705384610894087,0.8230467095693528,0.8954560094350102,0.9738498901992804,1.1083966600327677,1.2982834696577366,1.557437768587969,1.9036822312754282,2.3369656179148808,2.9969463732127277,3.9245421313505786,5.190932566301799,6.933195356439737,9.370426563344573,12.155171606999806,12.155171606999795,12.155171606999787,12.155171606999776,12.155171606998799,12.155171606999279,12.155171606999513,12.155171606999666,12.155171606999774,12.155171606999842,12.155171606999874,12.155171606999845,12.155171606999708,12.155171606999348,12.155171606998326,10.721481230433811,10.958848032851755,10.94747821430435,11.044538252355405,10.40718128589895,11.186394431747532,11.10159459590468,11.194621143725328,10.97662786304364,10.031118291926092,9.507973297339907,9.606247803253648,8.642947853921541,7.021529966053387,4.84032000959728,1.4984789894348018,2.5429569974991995,2.6780779886331865,3.0968401581749228,3.22453656030615,2.631459288007294,2.777480398606907,3.9827097090264645,4.098964009027652,4.409865519028935,4.6561709390304,3.9559704690320716,4.075024639034029,5.206089019036603,5.624803999038787,11.45394961,11.7293964,11.77053955,11.94001593,11.38106321,12.29483878,12.39994914,12.75216486,12.880468,12.36831065,12.50522242,13.53117636,13.83435877,13.95530469,14.21143718,13.65446361,14.69907575,14.83434453,15.25326931,15.38114517,14.78826338,14.93449869,16.13993394,16.25618824,16.56708975,16.81339517,16.1131947,16.23224887,17.36331325,17.78202823,
0.0,0.0,0.0,0.0,0.0,0.0,0.0,0.0,0.0,0.0,0.0,0.0,0.0,0.0,0.0,0.0,0.0,0.0,0.0,0.0,0.0,0.0,0.0,0.0,0.0,0.0,0.0,0.0,0.0,0.0,0.7148673015090266,0.752029488518063,0.8032764453429342,0.873946413802306,0.9504572085662021,1.0817720534560724,1.2670976245076417,1.520026822352246,1.8579542060274494,2.280829766550615,2.9249572370167707,3.8302713761159084,5.066242063048339,6.7666542567226715,9.145341149700787,11.86319430899981,11.8631943089998,11.863194308999791,11.86319430899978,11.863194308998827,11.863194308999296,11.863194308999525,11.863194308999672,11.863194308999779,11.863194308999844,11.863194308999876,11.863194308999848,11.863194308999715,11.863194308999363,11.863194308998365,10.056220488499811,10.323220441491225,10.323098074666824,10.426112716207946,9.84803568144457,10.464528386555243,10.393591065504246,10.520951947660244,10.33215097398567,9.545432433463162,8.9401517629977,8.877095543899296,7.996576846967632,6.424920003294104,4.3043963903168345,1.1928544410186992,1.9409675710196386,2.0867559310206283,2.5394027310216627,2.6761886110236954,2.276964771024359,2.30684191102532,3.294102971026419,3.4238321310276265,3.797230131028933,4.049042381030349,3.5438302010318985,3.5381632610336236,4.464952541035652,4.927133191038403,10.77108779,11.07524993,11.12637452,11.30005913,10.79849289,11.54630044,11.66068869,12.04097877,12.19010518,11.8262622,11.865109,12.70736692,13.06281891,13.19157426,13.44973754,13.05604875,13.80416188,13.94995024,14.40259704,14.53938292,14.14015908,14.17003622,15.15729728,15.28702644,15.66042444,15.91223669,15.40702451,15.40135757,16.32814685,16.7903275,
0.0,0.0,0.0,0.0,0.0,0.0,0.0,0.0,0.0,0.0,0.0,0.0,0.0,0.0,0.0,0.0,0.0,0.0,0.0,0.0,0.0,0.0,0.0,0.0,0.0,0.0,0.0,0.0,0.0,0.0,0.6829435407750254,0.7184461795519292,0.7674046059256672,0.8349186723604058,0.9080127318778374,1.0334634622946612,1.2105129670390242,1.452147129878405,1.7749837226905465,2.178974969739168,2.794337701342667,3.6592233134904375,4.839999375629455,6.46447642454972,8.736938524377777,11.33342077499982,11.333420774999809,11.333420774999801,11.33342077499979,11.33342077499888,11.333420774999327,11.333420774999546,11.333420774999688,11.333420774999789,11.333420774999853,11.333420774999881,11.333420774999855,11.333420774999727,11.333420774999391,11.333420774998439,9.616788299233814,9.718552430457358,9.66658523408409,10.116983917649844,9.394216558132932,9.973013297716653,9.939889752972864,9.89492670013408,10.039542467322574,9.07367646027461,8.525489488671806,8.454036626524765,7.470027364386513,5.906197555467053,4.298410555639843,1.08936871501869,1.8253557250196308,2.006062615020617,2.2391745350216548,2.3011889050236434,2.120896295024328,2.1854066850252987,3.115228045026406,3.284626725027618,3.3524689750289296,4.088557485030344,3.326314775031892,3.360140515033613,4.280186435035622,4.489303395038332,10.29973184,10.43699861,10.43398984,10.95190259,10.30222929,11.00647676,11.15040272,11.34707383,11.81452619,11.25265143,11.31982719,12.11325994,12.31002674,12.37067398,13.03534908,12.42278949,13.1587765,13.33948339,13.57259531,13.63460968,13.45431707,13.51882746,14.44864882,14.6180475,14.68588975,15.42197826,14.65973555,14.69356129,15.61360721,15.82272417,
0.0,0.0,0.0,0.0,0.0,0.0,0.0,0.0,0.0,0.0,0.0,0.0,0.0,0.0,0.0,0.0,0.0,0.0,0.0,0.0,0.0,0.0,0.0,0.0,0.0,0.0,0.0,0.0,0.0,0.0,0.6550353104070243,0.6890871472325203,0.736044905966672,0.8008000355250139,0.8709071338520227,0.9912313674572163,1.1610458109264716,1.3928056847819525,1.7024496819174482,2.089931978934133,2.6801481444628084,3.5096905320763843,4.642214625512688,6.200308032152146,8.379906824842717,10.870284806999825,10.870284806999816,10.870284806999809,10.870284806999798,10.870284806998926,10.870284806999354,10.870284806999564,10.870284806999699,10.870284806999797,10.870284806999859,10.870284806999887,10.87028480699986,10.870284806999738,10.870284806999416,10.870284806998502,9.162463128601813,9.403109022776764,9.270150114043084,9.482341434485237,9.021365269158746,9.5746255825541,9.467295109085416,9.579399965230536,9.39064060809567,8.70300747107965,8.189228855551669,8.11864199793882,7.261131284503284,5.6631668478646295,3.859458675174904,1.0449882830186823,1.7617093430196231,1.8446440330206115,2.2539187630216437,2.2053042530235976,2.0343741830242994,2.1105875830252767,2.9999444930263888,3.0633457830276023,3.2134817230289197,3.60997402303034,3.1905469130318838,3.2385751930335958,4.012293383035592,4.429711133038264,9.817498439,10.09219617,10.00619502,10.28314147,9.892272403,10.56585695,10.62834092,10.97220565,11.09309029,10.79293945,10.869377,11.62833253,11.90334591,11.86347488,12.2393655,11.91527309,12.63199415,12.71492884,13.12420357,13.07558906,12.90465899,12.98087239,13.8702293,13.93363059,14.08376653,14.48025883,14.06083172,14.10886,14.88257819,15.29999594,
0.0,0.0,0.0,0.0,0.0,0.0,0.0,0.0,0.0,0.0,0.0,0.0,0.0,0.0,0.0,0.0,0.0,0.0,0.0,0.0,0.0,0.0,0.0,0.0,0.0,0.0,0.0,0.0,0.0,0.0,0.6386217520620237,0.6718203344116008,0.7176014483138051,0.7807339751204213,0.8490843636479629,0.9663935707389841,1.131952885925194,1.357905432830326,1.6597905202819991,2.037563473101977,2.6129902871023396,3.4217464023388033,4.525892254191176,6.044943708999143,8.169927168158624,10.59790246199983,10.597902461999821,10.597902461999814,10.597902461999803,10.597902461998952,10.597902461999372,10.597902461999576,10.597902461999707,10.597902461999801,10.597902461999862,10.59790246199989,10.597902461999864,10.597902461999745,10.59790246199943,10.59790246199854,8.922652426946815,9.102472877597686,9.04625893569595,9.17554110988983,8.906112671362806,9.41393923927233,9.219001814086692,9.268677067182162,9.080687839731116,8.3107590169118,8.105771792912135,8.002406167676401,7.002499705824797,5.531216081017631,3.680390181858995,0.8265189380186799,1.8122885980196188,1.785182858020603,2.1128902880216374,2.1610159680235705,1.7751469280242858,2.2030964080252704,3.028781778026384,2.972078038027601,3.1447769180289185,3.422077778030337,2.8836909280318808,3.315453708033592,3.8962593080355794,4.220145458038227,9.561274179,9.774293212,9.763860384,9.956275085,9.755197035,10.38033281,10.3509547,10.6265825,10.74047836,10.34832249,10.71876208,11.42415257,11.52839196,11.57615979,11.85031735,11.4244214,12.41019106,12.38308532,12.71079275,12.75891843,12.37304939,12.80099887,13.62668424,13.5699805,13.74267938,14.01998024,13.48159339,13.91335617,14.49416177,14.81804792,
0.0,0.0,0.0,0.0,0.0,0.0,0.0,0.0,0.0,0.0,0.0,0.0,0.0,0.0,0.0,0.0,0.0,0.0,0.0,0.0,0.0,0.0,0.0,0.0,0.0,0.0,0.0,0.0,0.0,0.0,0.5307955273710198,0.5583887920371794,0.5964401274620854,0.6489132271527586,0.7057231939403711,0.8032256705508254,0.9408316066651253,1.1286338556616273,1.379548037150069,1.6935370190022139,2.171807573073607,2.84401162393059,3.7617311939830422,5.024302842153586,6.790499674969429,8.808530570999858,8.808530570999851,8.808530570999846,8.808530570999837,8.80853057099913,8.808530570999478,8.808530570999647,8.808530570999757,8.808530570999835,8.808530570999885,8.808530570999908,8.808530570999887,8.808530570999787,8.808530570999526,8.808530570998787,8.758542525637818,8.576430395972107,8.267320172547668,8.440727598857492,9.059627572070397,9.249863189460491,9.115727333346763,8.80271438835086,8.42603584986305,8.485995701011566,8.558111166940868,8.219990176084616,7.012426466032931,5.484686587863189,4.0283183450481905,2.4295489890186457,3.210424479019588,3.2223623290205725,3.0706704090216084,2.774182639023395,3.3627040590241815,4.005792269025198,4.3885672490263365,4.375500539027567,3.667253719028897,3.9910941590303177,4.453166789031859,5.119307369033549,5.273396799035487,5.040060369037981,9.289338053,9.134819188,8.8637603,9.089640826,9.765350766,10.05308886,10.05655894,9.931348244,9.805583887,10.17953272,10.72991874,11.0640018,10.77415766,10.50898943,10.81881802,11.23807956,12.01895505,12.0308929,11.87920098,11.58271321,12.17123463,12.81432284,13.19709782,13.18403111,12.47578429,12.79962473,13.26169736,13.92783794,14.08192737,13.84859094,
0.0,0.0,0.0,0.0,0.0,0.0,0.0,0.0,0.0,0.0,0.0,0.0,0.0,0.0,0.0,0.0,0.0,0.0,0.0,0.0,0.0,0.0,0.0,0.0,0.0,0.0,0.0,0.0,0.0,0.0,0.5305535469150198,0.5581342322913736,0.5961682207737703,0.6486173988902474,0.7054014670013269,0.8028594939272328,0.9404026978867721,1.1281193311018545,1.3789191251757034,1.6927649649079741,2.17081748374584,2.8427150884585664,3.760016286108483,5.022012349807412,6.787404004182685,8.80451491499986,8.804514914999851,8.804514914999846,8.804514914999837,8.80451491499913,8.804514914999478,8.804514914999649,8.804514914999757,8.804514914999837,8.804514914999885,8.804514914999908,8.804514914999887,8.804514914999789,8.804514914999528,8.804514914998787,8.898982686093818,8.499654623717912,8.203299216235985,8.433509257120003,9.062487731009444,9.30047548608408,9.267933612125113,8.71948176491063,8.418558739837414,8.501862775105806,8.561890416268634,8.276585451556635,6.923287143907488,5.410750620209365,4.022470385834937,2.4502293650186497,3.2745118050195865,3.4079527450205704,2.974513445021603,2.694183635023391,3.3847681950241757,4.013138915025194,4.458543025026331,4.578494545027565,3.5807768650288914,3.9845286950303156,4.476847945031854,5.126943465033547,5.48994219503548,4.927296315037979,9.429536233,9.057788856,8.799467437,9.082126656,9.767889198,10.10333498,10.20833631,9.847601096,9.797477865,10.19462774,10.7327079,11.11930054,10.68330343,10.43276297,10.80987439,11.25474428,12.07902672,12.21246766,11.77902836,11.49869855,12.18928311,12.81765383,13.26305794,13.38300946,12.38529178,12.78904361,13.28136286,13.93145838,14.29445711,13.73181123,
0.0,0.0,0.0,0.0,0.0,0.0,0.0,0.0,0.0,0.0,0.0,0.0,0.0,0.0,0.0,0.0,0.0,0.0,0.0,0.0,0.0,0.0,0.0,0.0,0.0,0.0,0.0,0.0,0.0,0.0,0.5311675181430198,0.5587801206507698,0.5968581231158268,0.6493679968708177,0.7062177770749211,0.8037885851231436,0.9414909578797424,1.1294248219709186,1.380514848498108,1.6947238793102304,2.173329613735375,2.8460047569262708,3.7643674808746015,5.027823961297659,6.795258575687506,8.814703742999859,8.814703742999852,8.814703742999846,8.814703742999837,8.814703742999129,8.814703742999477,8.814703742999647,8.814703742999757,8.814703742999836,8.814703742999885,8.814703742999908,8.814703742999887,8.814703742999788,8.814703742999527,8.814703742998786,9.098997145865818,8.437873551358518,8.200136511893932,8.451544083139433,9.23682328093585,9.416787334888172,9.484043992132143,8.651710284041568,8.43722807051501,8.738679640703552,8.751830686279101,8.402326173088932,6.846829419141371,5.402007228719118,4.0369749043301155,2.7036460670186493,3.4044902170195868,3.6576036570205726,2.8848225270216052,2.680763477023393,3.660073407024178,4.232788477025197,4.602261147026335,4.853050597027568,3.5671075570288977,4.0007926570303205,4.777731547031856,5.366565087033548,5.7838907470354854,4.8244251770379805,9.630164664,8.996653672,8.796994635,9.10091208,9.943041058,10.22057592,10.42553495,9.781135106,9.817742919,10.43340352,10.9251603,11.24833093,10.6111969,10.42983119,10.83223348,11.51834981,12.21919396,12.4723074,11.69952627,11.49546722,12.47477715,13.04749222,13.41696489,13.66775434,12.3818113,12.8154964,13.59243529,14.18126883,14.59859449,13.63912892,
0.0,0.0,0.0,0.0,0.0,0.0,0.0,0.0,0.0,0.0,0.0,0.0,0.0,0.0,0.0,0.0,0.0,0.0,0.0,0.0,0.0,0.0,0.0,0.0,0.0,0.0,0.0,0.0,0.0,0.0,0.5243104404120195,0.55156657955316,0.5891530161490222,0.6409850165896925,0.6971008976969296,0.7934121207889745,0.9293368323718701,1.1148445746270093,1.36269316832827,1.6728459350156706,2.1452731351529337,2.8092644157448934,3.715771586843565,4.962917545632534,6.707535560510231,8.700910811999861,8.700910811999854,8.700910811999847,8.70091081199984,8.70091081199914,8.700910811999485,8.700910811999652,8.70091081199976,8.700910811999838,8.700910811999888,8.70091081199991,8.700910811999888,8.70091081199979,8.700910811999533,8.700910811998803,9.642474849596818,8.443864388456127,8.238751648860735,8.422356214420558,9.987162522313838,10.023675419222343,10.07713907764002,8.664961211385478,8.414519643684846,9.511191764998108,9.594323424861539,9.095561814270308,6.893983183172407,5.50356097438424,4.079979739507392,3.6461299580186437,4.231441698019585,4.466389618020569,2.997025418021606,2.8349480680233827,4.6713677380241725,5.319230808025192,5.499119088026331,5.728450328027567,3.724406498028894,4.061680008030317,5.869436108031854,6.537526898033546,6.711159578035477,4.936364458037967,10.16678529,8.995430968,8.827904665,9.063341231,10.68426342,10.81708754,11.00647591,9.779805786,9.777212812,11.1840377,11.73959656,11.90482623,10.60975477,10.46647852,10.7875153,12.34704077,12.93235251,13.16730043,11.69793623,11.53585888,13.37227855,14.02014162,14.2000299,14.42936114,12.42531731,12.76259082,14.57034692,15.23843771,15.41207039,13.63727527,
0.0,0.0,0.0,0.0,0.0,0.0,0.0,0.0,0.0,0.0,0.0,0.0,0.0,0.0,0.0,0.0,0.0,0.0,0.0,0.0,0.0,0.0,0.0,0.0,0.0,0.0,0.0,0.0,0.0,0.0,0.5137583675850191,0.5404659600197959,0.5772959462654507,0.6280847955474502,0.6830713097404417,0.7774442097288572,0.9106333521812113,1.0924076360586945,1.3352681230788255,1.6391788729583798,2.102098182660757,2.752726226877348,3.6409893788790235,4.863035751680921,6.572542246876082,8.525799584999865,8.525799584999858,8.52579958499985,8.525799584999843,8.525799584999158,8.525799584999495,8.525799584999659,8.525799584999765,8.525799584999842,8.52579958499989,8.525799584999913,8.525799584999891,8.525799584999795,8.525799584999543,8.525799584998826,10.084498902423817,8.384048194989491,8.202389071744307,8.1108947694628,10.664992270270329,10.45578426028246,10.562950487830676,8.610297601953793,8.092034764934292,10.143170537055399,10.366865087353718,9.610087003137854,6.885121811136949,5.5462729283358545,3.8289061131415396,4.4817699950186425,4.904069585019581,5.200312815020566,3.0799142350216027,2.947048305023368,5.561854845024162,6.3653962150251875,6.220515415026328,6.515934585027565,3.831648345028893,3.780039675030318,6.824016205031853,7.659383545033544,7.540349395035471,5.003964205037944,10.59825727,8.924514155,8.779685018,8.738979565,11.34806358,11.23322847,11.47358384,9.702705238,9.427302888,11.78234941,12.46896327,12.36281323,10.52611119,10.40930868,10.40144836,13.00756958,13.42986917,13.7261124,11.60571382,11.47284789,14.08765443,14.8911958,14.746315,15.04173417,12.35744793,12.30583926,15.34981579,16.18518313,16.06614898,13.52976379,
0.0,0.0,0.0,0.0,0.0,0.0,0.0,0.0,0.0,0.0,0.0,0.0,0.0,0.0,0.0,0.0,0.0,0.0,0.0,0.0,0.0,0.0,0.0,0.0,0.0,0.0,0.0,0.0,0.0,0.0,0.5032272977010187,0.5293874352618513,0.5654624768030472,0.6152102512240554,0.6690696464051155,0.76150808134607,0.8919670995698903,1.0700153561796792,1.3078976648921874,1.6055788221316747,2.0590091659919096,2.6963005721419653,3.5663560181103873,4.763352763372475,6.437817625177453,8.351036900999867,8.35103690099986,8.351036900999853,8.351036900999846,8.351036900999176,8.351036900999505,8.351036900999667,8.35103690099977,8.351036900999846,8.351036900999892,8.351036900999913,8.351036900999894,8.3510369009998,8.351036900999553,8.35103690099885,10.491452412307819,8.588313900747435,8.37866390220671,8.309118836786196,10.923952693605655,10.836326848665243,11.010780320441997,8.84272241083281,8.319353751120932,10.596686607882106,10.679108554022564,10.067783007873237,7.187611811905587,5.840919726644302,4.1842404148401675,5.120114819018642,5.51473694901958,5.888493769020565,3.505903499021597,3.3366946290233463,6.238693259024152,6.861599539025179,6.87391178902632,7.253325709027558,4.237863019028885,4.215803249030313,7.545837309031851,8.183518819033537,8.316058239035458,5.47160299903792,10.99467971,9.117701336,8.944126379,8.924329088,11.59302234,11.59783493,11.90274742,9.912737767,9.627251416,12.20226543,12.73811772,12.76408358,10.75396783,10.60427249,10.62205804,13.47115172,13.86577385,14.23953067,11.8569404,11.68773153,14.58973016,15.21263644,15.22494869,15.60436261,12.58889992,12.56684015,15.89687421,16.53455572,16.66709514,13.8226399,
0.42900548781600595,0.6303063829551422,0.9306363333115905,1.378712229937692,2.0382637488600723,3.034321592905419,4.522347173201257,6.741273151314509,10.047272605695426,14.42709422602406,19.263436905778647,24.587596218742384,30.436589360756805,36.86417696398997,43.94216177902087,51.730681143828036,60.265269714025564,69.66882570214422,80.01545457426847,91.43405578633184,103.87226432980317,117.50141044899773,130.60499818523922,130.6049981864457,130.60499818780326,130.60499818451987,130.60499817681375,130.60499816211458,130.60499812805102,130.60499816591548,0.4869092946930181,0.5122211451967741,0.5471263920168324,0.5952610100443938,0.6473739225195498,0.7368148836225141,0.8630435457795578,1.035318284139838,1.265486853460913,1.5535151917029995,1.9922422836752056,2.6088684295541302,3.450710844454283,4.608892929663174,6.22906041376914,8.080240292999871,8.080240292999864,8.080240292999857,8.080240292999852,8.080240292999202,8.080240292999521,8.080240292999676,8.080240292999777,8.08024029299985,8.080240292999894,8.080240292999916,8.080240292999896,8.080240292999806,8.080240292999566,8.080240292998887,10.577918797499814,8.26250917285737,8.010380187681335,7.386177701028166,9.318610778631147,8.23382084348338,7.057736471031069,2.448536484558141,1.3122407786423567e-11,1.3785787530094538e-11,1.4479491681174476e-11,1.520929384321276e-11,1.597588317717349e-11,1.678058388939595e-11,1.7625602307517552e-11,1.8513048589513306e-11,1.944477829962575e-11,2.0423190107201617e-11,2.145014279056989e-11,2.2528706426860718e-11,2.3661368879108598e-11,2.485054204606198e-11,2.609912810781228e-11,2.7410293920164535e-11,2.8786502967570525e-11,3.0231895516519663e-11,3.175011612698797e-11,3.334404067155917e-11,3.5017582162240354e-11,3.677319718431167e-11,11.49383358,9.405036701,9.488142913,9.360150941,12.00424845,12.00495732,12.44312719,10.22512792,10.09740066,12.68118925,13.18996249,13.21214517,11.09286852,11.24926557,11.14078891,13.99987776,14.35250842,14.88599942,12.23060018,12.3986248,15.16235902,15.75225701,15.75939479,16.31279415,13.35460575,13.18054494,16.52080686,17.12106722,17.4237743,14.25824676,
1.5022489590600208,2.207144511142829,3.258810207995225,4.827838037250263,7.137390271166081,10.62528705075796,15.835907759677259,23.605923145311458,35.182544843742406,50.51937072795848,67.45479687671417,86.09841103299696,106.5798363496559,129.0873264877899,153.87231321314175,181.1453795041223,211.03095710093748,243.95939880113434,280.19019979171577,320.1747274304405,363.7296151129382,411.45481013239703,457.3396568203326,457.33965682455727,457.3396568293111,457.3396568178136,457.3396567908291,457.33965673935705,457.3396566200766,457.3396567526666,0.4611664077120171,0.4851400210658559,0.5181998280191332,0.563789569526031,0.6131472731137811,0.6978594919679506,0.8174144466827891,0.9805810222545847,1.1985805828276406,1.4713808672216973,1.8869124645355722,2.4709375954905584,3.268271814760043,4.365220830795855,5.899730084738176,7.653038111999877,7.65303811199987,7.653038111999865,7.653038111999859,7.653038111999243,7.653038111999546,7.6530381119996935,7.653038111999789,7.653038111999857,7.6530381119999005,7.65303811199992,7.653038111999901,7.653038111999815,7.653038111999589,7.653038111998946,9.5920570632368,7.132139530800601,6.1611829189954,4.400588102233959,4.421247465730909,0.8183771572854083,1.1890612437365117e-11,1.2491132703861665e-11,1.3121737908770351e-11,1.3783894761776594e-11,1.4479139141283373e-11,1.5209141568999342e-11,1.597565140516073e-11,1.678049101501862e-11,1.7625567023753433e-11,1.851290125980251e-11,1.9444601412491322e-11,2.0422886856964363e-11,2.1450083157036343e-11,2.2528641403777346e-11,2.366113149384613e-11,2.4850245673383024e-11,2.6098814924427622e-11,2.7409821649158484e-11,2.8786350028982103e-11,3.0231739939667745e-11,3.174942003314443e-11,3.334293064375795e-11,3.501612067092511e-11,3.677293851965927e-11,11.55547243,9.824424063,9.938192955,9.792215709,12.17178501,12.1415237,12.50985689,10.68108461,10.56349689,12.99544013,13.3740474,13.36244431,11.58751931,11.78285075,11.65504797,14.34680688,14.51578014,14.9658297,12.77598445,12.98672741,15.53809544,15.97210242,15.93867101,16.40027601,13.9880533,13.78895918,16.93020679,17.36001635,17.5172141,14.89404741,
2.5620428587680353,3.764222167663103,5.557808092407511,8.233740414348677,12.17261603957011,18.121124762029055,27.00769013225152,40.25923030555145,60.00282924249641,86.15934943566808,115.04223689778507,146.83839040660075,181.76887856135428,220.15476262499186,262.42485232043174,308.9382909259979,359.90729323436904,416.0658136976728,477.85641397437195,546.0488882511438,620.3305100012499,701.724472263953,779.9797728075125,779.9797728147176,779.9797728228251,779.9797728032164,779.9797727571952,779.9797726694111,779.9797724659816,779.97977269211,0.4536696212400168,0.47725351613806505,0.5097758981848669,0.5546245263936679,0.6031798641578069,0.6865149891783864,0.804126441608196,0.9646405582064553,1.179096287031847,1.4474618913464294,1.8562385481326833,2.430769683801296,3.2151423250184283,4.2942591824096175,5.803823236476719,7.528629239999879,7.528629239999873,7.5286292399998676,7.5286292399998604,7.528629239999256,7.528629239999553,7.528629239999698,7.528629239999792,7.52862923999986,7.528629239999901,7.528629239999922,7.528629239999903,7.528629239999819,7.528629239999595,7.5286292399989625,8.712590470000785,5.76879933620812,4.05977834941738,1.1691625052679084,1.0774109463030206e-11,1.1318580453378704e-11,1.1890549962473185e-11,1.2491125315845564e-11,1.3121734431585945e-11,1.3783875971786039e-11,1.4479124007192014e-11,1.5209134004950782e-11,1.597564659208681e-11,1.6780485842994507e-11,1.762556413821785e-11,1.851289884247343e-11,1.9444598852712878e-11,2.042288379911988e-11,2.1450080866138288e-11,2.25286389777659e-11,2.3661127010050157e-11,2.4850237616155753e-11,2.6098803724771087e-11,2.7409799272687856e-11,2.8786340887364777e-11,3.02317115359547e-11,3.1749353849151404e-11,3.3342872420145003e-11,3.501606806804794e-11,3.6772915575216094e-11,11.72830295,10.01027502,10.12736234,9.957527446,12.22889974,12.27293662,12.69696175,10.88314122,10.74182936,13.11071119,13.43680362,13.50707178,11.80672316,12.00713243,11.85180795,14.47406472,14.67289066,15.18966754,13.01767078,13.23392438,15.67592015,16.04704972,16.11118209,16.64556829,14.2543101,14.02174376,17.08037969,17.44147628,17.77921197,15.17580164,
3.4674259312320475,5.094435290340816,7.521844466603408,11.143406491441048,16.474214848549487,24.524827009788755,36.55175587198384,54.48616858815439,81.2068249954119,116.60662171552197,155.69623827375491,198.72862034831422,246.0029584819966,297.9537716153591,355.1614036515969,418.1119130936063,487.0925078905465,563.0965097157616,646.7228741118847,739.013427649249,839.5449314798053,949.7021579405404,1055.611572153686,1055.6115721634374,1055.6115721744097,1055.6115721478718,1055.6115720855873,1055.6115719667819,1055.6115716914637,1055.6115719975023,0.4521826001850168,0.4756891926880392,0.5081049741061057,0.5528065991846285,0.6012027841066827,0.6842647564193777,0.8014907064970699,0.9614786960199612,1.1752314900020255,1.4427174557307956,1.8501542399159874,2.4228021992476947,3.204603853610411,4.280183622749228,5.78479968509025,7.503952184999881,7.503952184999874,7.503952184999869,7.5039521849998625,7.503952184999259,7.503952184999555,7.5039521849997,7.503952184999794,7.503952184999861,7.503952184999903,7.503952184999923,7.503952184999904,7.50395218499982,7.503952184999598,7.503952184998967,7.616526218591773,4.496394906980432,2.1864337893002443,1.0255086873755245e-11,1.0773838245527374e-11,1.1318564984923979e-11,1.1890543030009523e-11,1.249112205213891e-11,1.3121732519272579e-11,1.3783874071254597e-11,1.4479122329644674e-11,1.5209132916867992e-11,1.5975645172417924e-11,1.678048385630409e-11,1.7625562623708604e-11,1.8512896575520566e-11,1.94445964765771e-11,2.042288109155772e-11,2.1450078973786263e-11,2.2528637222268194e-11,2.3661124360389547e-11,2.485023509899551e-11,2.6098801989979407e-11,2.7409796975959574e-11,2.8786339585095125e-11,3.023170940938049e-11,3.1749348697508224e-11,3.3342867566792226e-11,3.5016062972053814e-11,3.677291096591483e-11,11.53613475,10.06651939,10.21638323,10.01012664,12.18574639,12.26907154,12.48892208,10.94428993,10.79857151,13.09012707,13.38938781,13.50281803,11.87306117,12.11267675,11.9144134,14.45134011,14.66826976,14.9407849,13.0908127,13.35025237,15.6513086,15.99042287,16.10610824,16.37283072,14.37960741,14.09581158,17.0535631,17.37992878,17.48789965,15.26106937,
3.9968753803920554,5.872316638564413,8.670372651052725,12.84491952897064,18.989701595748425,28.26958072871345,42.13292974449296,62.80579026658703,93.60648676600292,134.41156199690124,179.46986436561338,229.0729624229429,283.5657308218072,343.4490362253362,409.3918366170154,481.9544079197293,561.4678125422547,649.077044788648,745.4725161369848,851.8551321155121,967.7370285375557,1094.714421896537,1216.795394530279,1216.795394541519,1216.7953945541672,1216.795394523577,1216.7953944517822,1216.795394314836,1216.7953939974789,1216.795394350247,0.48844951864801817,0.5138414372854414,0.5488570987102185,0.5971439793718246,0.6494217388873512,0.7391456256036699,0.8657735826835687,1.0385932719859565,1.2694899258764172,1.5584293745678512,1.9985442773379374,2.617120976166895,3.4616263631398687,4.623472087164723,6.248764593112193,8.105800247999872,8.105800247999865,8.105800247999857,8.10580024799985,8.1058002479992,8.10580024799952,8.105800247999676,8.105800247999777,8.10580024799985,8.105800247999895,8.105800247999916,8.105800247999897,8.105800247999806,8.105800247999566,8.105800247998884,6.995214020968767,3.7683959841594334,1.0070446902468169,1.0255042899036e-11,1.0773825696883966e-11,1.1318561181106336e-11,1.189054097449827e-11,1.2491120954103274e-11,1.312173186031271e-11,1.378387314793041e-11,1.4479121667727634e-11,1.5209132519049545e-11,1.5975644825514178e-11,1.6780483332798804e-11,1.7625562255442348e-11,1.8512895920945532e-11,1.9444595759746638e-11,2.0422880343895164e-11,2.1450078509525118e-11,2.2528636787356428e-11,2.366112370403648e-11,2.4850234205760844e-11,2.6098800985112495e-11,2.740979561306641e-11,2.8786338475472878e-11,3.0231708304040457e-11,3.174934677191512e-11,3.3342865679354174e-11,3.50160612887156e-11,3.677290956256251e-11,11.48053892,10.15455406,10.22627444,10.16166239,12.09943967,12.19305818,12.4287345,11.04000096,10.96204294,13.06405386,13.29455619,13.41916096,11.97689457,12.1244039,12.09477672,14.4225556,14.57739211,14.86878112,13.20529569,13.3631777,15.62013396,15.87716917,16.00632241,16.29392551,14.39352934,14.30919744,17.01959542,17.25683377,17.40362062,15.3945319,
4.2104790048600576,6.186148819616323,9.133740368955262,13.531386107550539,20.00456163074401,29.780382125091155,44.38462529322849,66.16229832894355,98.60906576684557,141.59487247833223,189.06121007014607,241.31522929000835,298.7202358072778,361.8038639284151,431.27082252636063,507.71133015579017,591.4741420789495,683.7654441332969,785.3125452180321,897.380530438963,1019.4554628529235,1153.2188649976772,1281.8241687029042,1281.8241687147452,1281.824168728069,1281.824168695844,1281.8241686202123,1281.8241684759473,1281.82416814163,1281.824168513251,0.5486614711950204,0.5771834922108955,0.6165155901631286,0.670754871750601,0.7294769942044413,0.8302612877858319,0.9724988754452073,1.1666223239574829,1.4259819772706792,1.7505394534334484,2.2449080234282888,2.93973766020601,3.888346575475726,5.193414878152221,7.019059787995962,9.105015194999854,9.105015194999847,9.10501519499984,9.105015194999833,9.105015194999101,9.10501519499946,9.105015194999636,9.10501519499975,9.105015194999831,9.105015194999881,9.105015194999906,9.105015194999883,9.105015194999782,9.105015194999512,9.105015194998746,6.76369962395376,3.35943144818207,0.3845247908913669,1.0255033547621994e-11,1.0773822970219532e-11,1.1318560184693849e-11,1.1890540420453423e-11,1.2491120669928976e-11,1.3121731634670272e-11,1.378387287724676e-11,1.4479121337915584e-11,1.5209132189233112e-11,1.59756445241969e-11,1.6780482991668185e-11,1.7625561913793846e-11,1.8512895482486968e-11,1.944459530221618e-11,2.042287986593354e-11,2.145007810741899e-11,2.2528636397922235e-11,2.366112322492137e-11,2.485023360240476e-11,2.609880024799195e-11,2.740979460499258e-11,2.8786337423586716e-11,3.023170722810737e-11,3.174934548175383e-11,3.3342864522614524e-11,3.501606026314241e-11,3.6772908509511654e-11,11.5228401,10.12276376,10.13478075,10.09528723,12.18447717,12.25232283,12.4745294,11.00543864,10.89043975,13.10522209,13.38799323,13.48438512,11.93939917,12.01592779,12.01577461,14.46800483,14.64824587,14.92356661,13.16395461,13.24361838,15.66935707,15.98875738,16.08412153,16.35396209,14.26475154,14.21573091,17.0732286,17.37811856,17.46774597,15.34633709,
4.169005904460057,6.125215426814898,9.04377328185853,13.398102332962933,19.80751725835498,29.487046194333956,43.94743797585256,65.5106015414465,97.63776922785844,140.20016694586414,187.198962440379,238.93828103285244,295.77784984196444,358.2401059910187,427.022816990273,502.71038775815236,585.6481383273266,677.0303736385009,777.5772386185662,888.5413573204315,1009.4138550654425,1141.8596914414104,1269.1982365031713,1269.1982365148956,1269.1982365280883,1269.1982364961807,1269.198236421294,1269.19823627845,1269.1982359474255,1269.198236315386,0.5935007679330221,0.6243537478936045,0.6669002571066959,0.7255722378531954,0.7890934191293328,0.89811429771565,1.0519762361545049,1.2619644015616764,1.5425201932358292,1.893602092464979,2.428372877982004,3.1799873883138585,4.206121259996951,5.617846122244897,7.5926916560588396,9.849121532999844,9.849121532999835,9.849121532999828,9.849121532999819,9.849121532999026,9.849121532999416,9.849121532999606,9.849121532999728,9.849121532999817,9.849121532999872,9.849121532999899,9.849121532999874,9.849121532999764,9.84912153299947,9.849121532998643,6.716823647615759,3.1910117373007862,0.2571930450445352,1.0255032817458552e-11,1.0773823331770659e-11,1.1318560394766118e-11,1.1890540526930872e-11,1.2491120711138854e-11,1.3121731624609409e-11,1.3783872890468877e-11,1.4479121180588421e-11,1.5209131933330314e-11,1.5975644276620408e-11,1.6780482759418193e-11,1.7625561642132084e-11,1.8512895182890257e-11,1.9444595008970117e-11,2.0422879546471615e-11,2.145007778441749e-11,2.2528636088668217e-11,2.3661122856410998e-11,2.4850233190011703e-11,2.609879976708094e-11,2.7409793968263367e-11,2.8786336690143865e-11,3.0231706467296744e-11,3.174934470239408e-11,3.3342863841076856e-11,3.501605961928158e-11,3.6772907861537725e-11,11.47933032,9.940580912,9.967866584,9.931227852,12.17940031,12.28195516,12.42742608,10.80736999,10.71345828,13.0132797,13.38241489,13.5169972,11.72452172,11.81803219,11.82050523,14.36650155,14.68367276,14.86721582,12.92703841,13.0255034,15.55942546,15.98209539,16.12302109,16.29221018,14.02981907,13.98470985,16.95344783,17.37087768,17.40178846,15.07014381,
3.6942792201360515,5.427734234180634,8.013954518761627,11.872454050729331,17.55202585147312,26.129342225776508,38.94312232053246,58.0508781995891,86.519710028003,124.2355072833103,165.882527591212,211.73026537822017,262.0974854649931,317.4471348112327,378.3975258090785,445.4665169110633,518.9601063935685,599.9366031259176,689.0341487898131,787.3627305417507,894.4714195046579,1011.835585526545,1124.6740299242263,1124.6740299346156,1124.6740299463058,1124.6740299180317,1124.6740298516725,1124.674029725094,1124.6740294317635,1124.6740297578244,0.5728850346630213,0.6026663111990788,0.6437349327110953,0.7003688943498773,0.7616836155825932,0.8669175650270591,1.0154349835349497,1.2181290387373984,1.4889394961491347,1.8278262792445,2.3440213653345414,3.069527932586847,4.060018207258926,5.422705654926784,7.3289533183178275,9.507004262999848,9.50700426299984,9.507004262999834,9.507004262999825,9.507004262999061,9.507004262999436,9.50700426299962,9.507004262999738,9.507004262999823,9.507004262999876,9.507004262999901,9.507004262999878,9.507004262999772,9.507004262999489,9.507004262998692,7.125146505209767,3.696207223629574,1.1704637955370367,1.0255055772418056e-11,1.0773831012505674e-11,1.1318562958186463e-11,1.189054191559631e-11,1.249112140649342e-11,1.3121732087119611e-11,1.378387349935727e-11,1.4479121685536757e-11,1.520913211533895e-11,1.5975644303807004e-11,1.6780482887789625e-11,1.7625561718417333e-11,1.8512895490674185e-11,1.9444595310823703e-11,2.0422879882389283e-11,2.14500778385596e-11,2.2528636110609386e-11,2.3661123343305536e-11,2.4850233447066586e-11,2.6098800045774958e-11,2.7409794408495846e-11,2.8786336927229636e-11,3.023170688219786e-11,3.174934549959186e-11,3.3342864586782084e-11,3.5016060120125695e-11,3.677290836925413e-11,11.39231076,9.726607769,9.828153247,10.0013601,12.16670814,12.20078835,12.33321944,10.57473903,10.78911448,13.07503205,13.36846907,13.42766846,11.47214886,11.65238624,11.90397916,14.43467539,14.5866339,14.75451425,12.64878112,12.84293309,15.63326012,15.96544044,16.01647013,16.16870638,13.83317189,14.08346694,17.0338976,17.35277547,17.26987345,14.74575572,
2.9835911779440414,4.383572278202027,6.472267681418356,9.588487240820283,14.175449760284325,21.102702396013385,31.451427808658522,46.88332357883321,69.87545558300266,100.33566534373557,133.97082797601104,170.9985938374587,211.67640527341382,256.3781496872145,305.60319144426813,359.7697658262987,419.12500460204234,484.5236241634933,556.4810035002602,635.8935956659456,722.3972193576905,817.18341971879,908.3145354727998,908.3145354811903,908.3145354906318,908.3145354677968,908.3145354142034,908.3145353119755,908.3145350750747,908.3145353384094,0.4954681623600184,0.5212249433287086,0.5567437528629583,0.6057244788420207,0.658753429533079,0.7497665794573148,0.8782140828378883,1.0535170580875923,1.2877315192151975,1.5808228054400582,2.0272618206863626,2.6547269906712403,3.5113672701924434,4.6899078232096825,6.338554531774863,8.222274359999869,8.222274359999862,8.222274359999856,8.22227435999985,8.222274359999188,8.222274359999512,8.222274359999671,8.222274359999773,8.222274359999847,8.222274359999894,8.222274359999915,8.222274359999895,8.222274359999803,8.222274359999558,8.222274359998867,7.418931969704779,4.880500323478554,2.964819575728444,1.025622950529339e-11,1.077385730762506e-11,1.1318569095291805e-11,1.189054506457252e-11,1.2491123349257306e-11,1.3121733333328554e-11,1.378387470779264e-11,1.447912281000872e-11,1.5209133016505557e-11,1.5975645439719103e-11,1.6780484366875107e-11,1.7625563015611883e-11,1.851289691409712e-11,1.9444596773146076e-11,2.042288143235477e-11,2.145007933313819e-11,2.2528637477414532e-11,2.3661124886095167e-11,2.4850235145034155e-11,2.609880143106215e-11,2.7409796209112155e-11,2.878633905742743e-11,3.023170933261123e-11,3.1749348223922915e-11,3.334286734422046e-11,3.5016062574819033e-11,3.677291185043649e-11,10.89799131,9.785297545,9.99383101,10.07399708,11.67044454,11.60427674,11.79807338,10.63854638,10.86747269,12.49181536,12.82318726,12.77117316,11.54137113,11.84881595,11.99043431,13.7908113,13.87347535,14.1143067,12.72510312,13.0594324,14.93593271,15.31423167,15.23340511,15.46713616,14.06636412,14.18575107,16.27409423,16.64497918,16.52052291,14.83473074,
1.9675670662560272,2.8908023696083527,4.268219060336308,6.323249595896195,9.348180241276154,13.916444903825505,20.74104321011172,30.917802717831677,46.08025595500352,66.1676278441265,88.34876269686933,112.76719280371358,139.5926917864228,169.07182443803373,201.53390292661447,237.25473781641034,276.3973032885979,319.52525291485586,366.9784599104189,419.34810161813226,476.3940140560978,538.9019767906432,598.9995475953382,598.9995476008714,598.9995476070977,598.9995475920389,598.999547556696,598.9995474892806,598.9995473330533,598.9995475067127,0.40443924511501506,0.42546391197141054,0.45445709782414323,0.4944389359018908,0.5377252465390395,0.6120171838364176,0.7168659213550959,0.8599617009884386,1.0511455691955727,1.2903892331798579,1.654807115160555,2.166992476326612,2.866248199104872,3.828263698404262,5.174016021010533,6.711653114999893,6.711653114999887,6.711653114999883,6.711653114999877,6.711653114999337,6.711653114999603,6.711653114999732,6.711653114999816,6.7116531149998755,6.711653114999914,6.7116531149999314,6.711653114999915,6.711653114999839,6.71165311499964,6.711653114999076,8.626299218637795,7.0143571084295235,5.844845011849307,4.036529848212166,1.8264231921955774,1.1318609678503099e-11,1.1890557619697845e-11,1.2491129205617131e-11,1.3121736613655874e-11,1.3783876075908276e-11,1.44791238787174e-11,1.5209134465956218e-11,1.597564902805549e-11,1.6780489473100197e-11,1.762556722581572e-11,1.8512901066623825e-11,1.9444600761183493e-11,2.0422885736377107e-11,2.1450083603220354e-11,2.2528641913817086e-11,2.3661128583881918e-11,2.4850239621233745e-11,2.609880573329137e-11,2.7409802067375384e-11,2.878634631012001e-11,3.0231741303677085e-11,3.174937887650429e-11,3.3342894458735066e-11,3.501608398379334e-11,3.6772928721827655e-11,10.99830553,10.33062339,10.56752117,10.85421838,11.71232868,11.39040864,11.9066727,11.23142301,11.70914791,12.47397579,12.86920849,12.53579904,12.18456137,12.52899046,12.91908182,13.77111664,13.61778567,14.24422657,13.43426169,13.80910166,14.9146027,15.36919303,14.95265178,15.6095086,14.87383572,15.28442374,16.25085319,16.70471646,16.6725916,15.66145695,
0.7835133456480108,1.1511588474231504,1.6996658732889915,2.518008423303921,3.722579068422884,5.541727391722716,8.259380041722025,12.311911224265874,18.3498169545614,26.348895727551277,35.181740857355244,44.90550895482151,55.58780630421455,67.32681853245627,80.25368245464726,94.47822978207356,110.06535916451325,127.23952551550217,146.13607121016526,166.99041152135788,189.70690971669706,214.59847445760226,238.53018665895786,238.53018666116128,238.53018666364068,238.53018665764404,238.53018664357,238.53018661672422,238.53018655451228,238.53018662366594,0.2881511723940107,0.3031306346421439,0.3237874343860128,0.35227332851157955,0.3831135630075139,0.43604440265828515,0.5107460717098313,0.612697643334036,0.7489105762580928,0.9193647126891548,1.1790018305069818,1.5439189696957816,2.0421182882719906,2.7275262879469397,3.6863355879709334,4.781857193999923,4.78185719399992,4.781857193999916,4.781857193999912,4.781857193999527,4.781857193999716,4.781857193999809,4.781857193999868,4.781857193999911,4.7818571939999375,4.781857193999951,4.781857193999938,4.781857193999885,4.781857193999743,4.7818571939993415,10.188908291966817,9.244367707943992,8.957025872334752,8.628902878194749,7.9049018985803725,5.8107407056303115,3.420474936580031,1.2491510470248262e-11,1.3121796436133059e-11,1.3784578488255563e-11,1.44797806235814e-11,1.520937968699136e-11,1.597586353711534e-11,1.6780615544639072e-11,1.762567272692576e-11,1.851295700938394e-11,1.9444676309661694e-11,2.04230333135488e-11,2.1450195678678516e-11,2.2528735831301664e-11,2.3661364547657515e-11,2.485051204092476e-11,2.6099075176384438e-11,2.7410079635889308e-11,2.878660949601253e-11,3.0232117560687895e-11,3.1749940250598126e-11,3.3343293821468096e-11,3.50166256565867e-11,3.677335470890356e-11,11.26057281,10.69865719,10.98047918,11.49918463,12.01059453,11.7885125,12.19060105,11.63154827,12.40491475,12.90624228,13.19693541,12.97393521,12.61864268,13.01859884,13.68674388,14.24833355,14.09373814,14.58389659,13.91286422,14.34873427,15.43144537,15.76058448,15.47525889,15.98173534,15.45507606,16.1926363,16.81400157,17.13011832,17.07016878,16.21940446,
9.181680000000128e-06,1.3489970815323755e-05,1.9917705604048642e-05,2.950753514091105e-05,4.362341748332194e-05,6.494129020348809e-05,9.678837630871422e-05,0.00014427837085037156,0.00021503417685376526,0.00030877218654604875,0.00041228077120754536,0.0005262297263351765,0.0006514113029755303,0.0007889760992798746,0.0009404608552146194,0.0011071526447428083,0.0012898119892237828,0.0014910691861527428,0.0017125102587745248,0.001956893944658153,0.0022230995151295537,0.002514793821831192,0.0027952399999409136,0.0027952399999667346,0.0027952399999957894,0.0027952399999255175,0.0027952399997605896,0.0027952399994459944,0.0027952399987169574,0.0027952399995273417,0.2553059471940095,0.2685779591242169,0.2868801710527325,0.3121190695134741,0.3394439462934429,0.3863414065416222,0.4525281244915328,0.542858635192507,0.663545188612802,0.8145699246675415,1.0446120228498246,1.3679336845105743,1.8093452111886206,2.416626233568391,3.266144611325784,4.236791993999932,4.236791993999929,4.236791993999926,4.236791993999922,4.2367919939995815,4.2367919939997485,4.23679199399983,4.2367919939998835,4.236791993999922,4.236791993999945,4.236791993999956,4.236791993999946,4.236791993999899,4.2367919939997725,4.236791993999416,10.826384141134827,10.436179260914253,10.683687881251421,11.175764802961638,11.626684380299842,11.21142858217949,11.544329157144043,11.095191956449128,11.728995497223458,12.00079346315969,12.10310070639344,11.395623665778293,10.815856717524374,10.589456490349104,10.40624335783662,9.910446093373832,9.627692044030287,10.113949176834337,9.682309915762744,10.097060052078279,11.084139426508774,11.46298535220318,10.985361456026267,11.488279176027515,11.201566896028837,11.937177386030344,12.456421346032037,12.827173366033989,12.55942291603652,11.989085466037825,11.08169927,10.70477071,10.97058797,11.48791338,11.96617195,11.59783493,11.99695407,11.63819487,12.39275572,12.81567216,13.14812501,12.76408358,12.62585334,13.0068717,13.67332843,14.14834524,13.86577385,14.35223224,13.92081442,14.33580894,15.32315452,15.70229214,15.22494869,15.72786641,15.44115413,16.17676462,16.69600858,17.0667606,16.79901015,16.2286727,
5.488452000000076e-06,8.063781061995766e-06,1.1906031484211166e-05,1.763845943870877e-05,2.6076386122493187e-05,3.881938317387609e-05,5.7856335390507525e-05,8.624401123219971e-05,0.0001285390863133328,0.0001845720309129739,0.00024644544607257,0.00031455970954811667,0.00038938839827119386,0.0004716192951665519,0.0005621710037514255,0.0006618128868947681,0.0007709995547524254,0.0008913032970957813,0.0010236721770734286,0.001169755260948642,0.0013288826206110241,0.001503246157676705,0.0016708859999646803,0.0016708859999801152,0.001670885999997483,0.0016708859999554771,0.0016708859998568895,0.0016708859996688369,0.0016708859992330468,0.001670885999717463,0.2447235926430091,0.2574454836794645,0.2749890744406169,0.29918182816825006,0.3253740970425821,0.37032767170038555,0.4337709701427953,0.5203573084047146,0.6360414405658554,0.7808062468364758,1.0013131693936839,1.3112332456416482,1.7343483975993053,2.3164578046620488,3.1307639017427684,4.061178242999935,4.061178242999931,4.061178242999929,4.061178242999925,4.061178242999599,4.061178242999759,4.061178242999838,4.061178242999889,4.061178242999924,4.061178242999947,4.061178242999958,4.061178242999948,4.061178242999903,4.061178242999782,4.061178242999441,10.63513315891383,10.354391682548759,10.553400849537656,11.108562763382563,11.407235966582068,11.031637408927757,11.344618173533702,11.016723017596545,11.670121510360948,11.727291841146391,11.88996219517472,11.23701247466401,10.781513624018395,10.521364536059561,10.4466035772711,9.747150944131675,9.569699127464753,10.028757663723392,9.737769344844445,10.087659291761975,10.893114834403288,11.333159470867335,10.905024221026242,11.378557071027501,11.178177341028837,12.001050241030311,12.232698381031934,12.670830871033765,12.430191481036,12.024946451037614,10.87986224,10.61184523,10.82840183,11.40776223,11.73263614,11.4020039,11.778447,11.53716657,12.30629149,12.50828266,12.89152181,12.54856028,12.51625141,12.83829396,13.57792965,13.808991,13.63164837,14.09082721,13.79997126,14.15000729,14.95562196,15.39584096,14.96787335,15.4414062,15.24102647,16.06389937,16.29554751,16.73368,16.49304061,16.08779558,
6.310692000000086e-07,9.271838149935207e-07,1.3689706612931938e-06,2.028092527222319e-06,2.9982960822492167e-06,4.4635021102546655e-06,6.65239511793476e-06,9.91644623531285e-06,1.477958782703864e-05,2.1222327149918722e-05,2.8336611215085764e-05,3.616847596676847e-05,4.477237388361667e-05,5.42273871221466e-05,6.463913788452719e-05,7.609608849314375e-05,8.865051060261969e-05,0.00010248318809303552,0.00011770313047248786,0.00013449994947986257,0.00015279661592793422,0.00017284515745571102,0.0001921205999959389,0.0001921205999977136,0.00019212059999971058,0.00019212059999488068,0.00019212059998354497,0.00019212059996192242,0.00019212059991181475,0.00019212059996751355,0.2559944366490095,0.2693022395208734,0.2876538074477684,0.31296076822996016,0.3403593326373773,0.387383262351709,0.45374846755532594,0.5443225746345511,0.6653345862758685,0.8167665942306974,1.0474290522618022,1.3716226229284842,1.8142245142837872,2.4231432054477176,3.2749524990703422,4.248217448999933,4.248217448999928,4.248217448999926,4.248217448999922,4.248217448999581,4.248217448999748,4.248217448999831,4.248217448999883,4.248217448999921,4.248217448999945,4.248217448999956,4.248217448999946,4.248217448999898,4.248217448999772,4.248217448999415,10.041319562290628,10.138350553304598,10.380014493591327,10.637687433687766,10.82620330907731,10.523750244157496,10.69403075006144,10.770837668931701,11.147825824149425,10.832450963455933,11.222080571141458,10.636675338610752,10.4611463133583,10.224530387181936,9.75884133180939,8.612323524930082,8.796488250508904,9.088032857832392,9.286099157891046,9.691618701073459,9.680129454407977,10.404639645867562,10.075084150426218,10.366207270427488,10.766385630428834,11.171805170430273,10.927992270431814,11.677912000433475,11.361533330435325,11.52982709043738,10.29731463,10.40765372,10.66766967,10.95065023,11.16656564,10.91113797,11.14778587,11.31517016,11.81317519,11.64923878,12.26953796,12.00833413,12.2754156,12.64772782,13.03385847,12.86061707,13.04479435,13.33635279,13.53443431,13.93997065,13.9284997,14.65302994,14.32349372,14.61461684,15.0147952,15.42021474,15.17640184,15.92632157,15.6099429,15.77823666,
0.0,0.0,0.0,0.0,0.0,0.0,0.0,0.0,0.0,0.0,0.0,0.0,0.0,0.0,0.0,0.0,0.0,0.0,0.0,0.0,0.0,0.0,0.0,0.0,0.0,0.0,0.0,0.0,0.0,0.0,0.28281590748601054,0.297518017403389,0.3177923460371479,0.34575080940462166,0.37602002133801143,0.4279708196827088,0.5012893494947076,0.6013532361309146,0.7350441176088236,0.9023422093673322,1.1571720144402586,1.5153325279632095,2.0043074338136058,2.677024757209341,3.618081217397974,4.693318685999925,4.693318685999921,4.693318685999918,4.693318685999913,4.693318685999537,4.693318685999722,4.693318685999812,4.693318685999871,4.6933186859999125,4.693318685999939,4.693318685999952,4.69331868599994,4.693318685999888,4.693318685999748,4.693318685999354,10.090640832522828,9.731097562605898,10.061795843972607,10.088926420605627,10.617932188672759,10.450958100328604,10.728927330517179,10.301727783881573,10.521517602404295,10.757874770646447,10.922702705574219,10.457553692051995,9.824047686202364,9.629149912807435,8.801647602619644,8.179418174018581,8.31296818401952,8.7416479840205,8.348202724021531,8.870201664022986,9.24830718402393,9.733203854025032,9.587892904026221,10.029363984027492,9.91600047402884,10.000326014030277,10.497385334031806,10.98681287403345,11.032049854035263,10.510287644037414,10.37345674,10.02861558,10.37958819,10.43467723,10.99395221,10.87892892,11.23021668,10.90308102,11.25656172,11.66021698,12.07987472,11.97288622,11.82835512,12.30617467,12.41972882,12.87273686,13.00628687,13.43496667,13.04152141,13.56352035,13.94162587,14.42652254,14.28121159,14.72268267,14.60931916,14.6936447,15.19070402,15.68013156,15.72536854,15.20360633,
0.0,0.0,0.0,0.0,0.0,0.0,0.0,0.0,0.0,0.0,0.0,0.0,0.0,0.0,0.0,0.0,0.0,0.0,0.0,0.0,0.0,0.0,0.0,0.0,0.0,0.0,0.0,0.0,0.0,0.0,0.31668814389601174,0.3331510930365938,0.3558536332184272,0.3871606199743539,0.4210551085467635,0.47922793923349566,0.5613276673773053,0.6733759846432245,0.8230787276303917,1.0104137422245318,1.2957639500515772,1.6968205569895596,2.244358907013767,2.9976460979877277,4.0514108113224285,5.255427095999916,5.255427095999911,5.255427095999908,5.255427095999903,5.25542709599948,5.255427095999688,5.2554270959997895,5.255427095999855,5.255427095999901,5.255427095999932,5.255427095999945,5.2554270959999325,5.255427095999873,5.255427095999718,5.255427095999276,9.532234025112828,9.304199306972693,9.58233932179133,9.465168448035897,10.275900471464006,10.236079000777817,10.101032312634581,9.804322695369263,9.805266332382725,10.39456016778925,10.457778439962897,10.095990273025645,9.122514423002205,8.785204652029044,7.6751862386951935,7.335524544018591,7.55524177401953,7.500199534020513,7.277280994021544,7.731300314023044,8.381015484023969,8.781369484025056,8.810991284026239,8.722802084027505,8.73262620402885,8.618181024030282,9.602751214031809,10.001112824033461,9.674787074035292,9.355012444037493,9.848922169,9.6373504,9.938192955,9.852329068,10.69695558,10.71530694,10.66235998,10.47769868,10.62834506,11.40497391,11.75354239,11.79281083,11.36687333,11.78285075,11.72659705,12.59095164,12.81066887,12.75562663,12.53270809,12.98672741,13.63644258,14.03679658,14.06641838,13.97822918,13.9880533,13.87360812,14.85817831,15.25653992,14.93021417,14.61043954,
0.0,0.0,0.0,0.0,0.0,0.0,0.0,0.0,0.0,0.0,0.0,0.0,0.0,0.0,0.0,0.0,0.0,0.0,0.0,0.0,0.0,0.0,0.0,0.0,0.0,0.0,0.0,0.0,0.0,0.0,0.3528590238030131,0.37120230653914205,0.39649784197617716,0.4313805901871034,0.46914637454147445,0.5339634781925618,0.6254403158503365,0.7502863532258469,0.9170875574049039,1.1258192439170365,1.4437610352867203,1.8906247576632478,2.5007007943199753,3.3400254989974756,4.514147092218343,5.855681402999906,5.855681402999902,5.855681402999897,5.855681402999892,5.855681402999421,5.855681402999653,5.855681402999766,5.8556814029998385,5.855681402999891,5.855681402999924,5.855681402999939,5.855681402999925,5.855681402999859,5.855681402999686,5.855681402999194,9.126230014205825,8.928681877470146,9.06815344803358,8.953817583823149,9.746776205469297,9.783239591818754,9.636541444161551,9.36052006678664,9.207333172608214,9.827676336096744,9.781234534727755,9.464049902351958,8.468144495695997,7.8813881010193025,6.656453937799278,6.236843677018601,6.479034997019536,6.420963537020521,6.238175197021555,6.512245727023099,7.2409477170239995,7.5498923570250795,7.6881298670262535,7.597656617027515,7.465859777028857,7.360133927030287,8.414319717031816,8.714784877033479,8.513893977035329,8.243151777037577,9.479089038,9.299884184,9.46465129,9.385198174,10.21592258,10.31720307,10.26198176,10.11080642,10.12442073,10.95349558,11.22499557,11.35467466,10.96884529,11.2214136,11.17060103,12.09252508,12.3347164,12.27664494,12.0938566,12.36792713,13.09662912,13.40557376,13.54381127,13.45333802,13.32154118,13.21581533,14.27000112,14.57046628,14.36957538,14.09883318,
0.0,0.0,0.0,0.0,0.0,0.0,0.0,0.0,0.0,0.0,0.0,0.0,0.0,0.0,0.0,0.0,0.0,0.0,0.0,0.0,0.0,0.0,0.0,0.0,0.0,0.0,0.0,0.0,0.0,0.0,0.3880422772890144,0.4082145521232196,0.43603228247468084,0.47439315789733605,0.5159245343845563,0.5872044927003943,0.6878024029404249,0.825096725561313,1.008529526645989,1.2380736604578022,1.5877171397111938,2.0791372388770206,2.7500434042692725,3.673056414614753,4.964248607851617,6.439546088999896,6.439546088999891,6.439546088999887,6.439546088999881,6.439546088999363,6.4395460889996174,6.439546088999742,6.439546088999822,6.4395460889998795,6.439546088999916,6.439546088999933,6.439546088999917,6.439546088999845,6.439546088999654,6.439546088999113,8.832405290719825,8.533417453886068,8.709627494535077,8.824392062112913,9.405539844626214,9.449135657310919,9.294176282071462,8.896218989451173,9.022671953367126,9.453317469555977,9.313735260303282,8.96643164113818,7.796257615746699,7.1701566954020235,6.103500612166004,5.36361890101861,5.559385071019546,5.502124741020529,5.188428311021562,5.511539081023161,6.343695891024037,6.579632701025101,6.735565031026271,6.6467111710275235,6.43301303102886,6.65458640103029,7.488990461031826,7.710948991033492,7.537948561035355,7.116168751037652,9.220447568,8.941632006,9.145659777,9.29878522,9.921464379,10.03634015,9.981978685,9.721315715,10.03120148,10.69139113,10.9014524,11.04556888,10.54630102,10.84321311,11.06774922,11.80316499,11.99893116,11.94167083,11.6279744,11.95108517,12.78324198,13.01917879,13.17511112,13.08625726,12.87255912,13.09413249,13.92853655,14.15049508,13.97749465,13.55571484,
0.0,0.0,0.0,0.0,0.0,0.0,0.0,0.0,0.0,0.0,0.0,0.0,0.0,0.0,0.0,0.0,0.0,0.0,0.0,0.0,0.0,0.0,0.0,0.0,0.0,0.0,0.0,0.0,0.0,0.0,0.6149963502630228,0.6469667723680835,0.6910542433474575,0.7518512228483695,0.8176730326250825,0.9306424608982058,1.090077015488316,1.3076705929551145,1.5983876353705146,1.9621851202858227,2.516324388657208,3.2951610905348785,4.358459775327119,5.82131489661322,7.8676859566854915,10.205839862999836,10.205839862999827,10.20583986299982,10.205839862999811,10.20583986299899,10.205839862999394,10.205839862999591,10.205839862999717,10.20583986299981,10.205839862999866,10.205839862999893,10.205839862999868,10.205839862999754,10.20583986299945,10.205839862998593,8.687636357745815,8.404708565641203,8.621519697662299,8.95144680916188,9.314481267385688,8.92661537211311,8.980874604523573,8.533283904057374,8.869187994642603,8.730578289727955,8.616628731357268,7.553317409480327,6.317633004688852,5.2197938134035535,3.681528983332131,1.5988400970186714,1.5789897070196095,1.8422713370205943,1.5652382870216301,1.9633602870235318,2.579042887024262,3.089811197025254,2.7341826170263768,2.9970598870275964,2.901651727028915,3.457909427030335,3.724484457031877,4.245151847033584,3.896241187035561,3.516703137038174,9.302632708,9.051675338,9.312573941,9.703298032,10.1321543,9.857257833,10.07095162,9.840954497,10.46757563,10.69276341,11.13295312,10.8484785,10.67609278,11.04110871,11.54921494,11.80467996,11.78482957,12.0481112,11.77107815,12.16920015,12.78488275,13.29565106,12.94002248,13.20289975,13.10749159,13.66374929,13.93032432,14.45099171,14.10208105,13.722543,
0.0,0.0,0.0,0.0,0.0,0.0,0.0,0.0,0.0,0.0,0.0,0.0,0.0,0.0,0.0,0.0,0.0,0.0,0.0,0.0,0.0,0.0,0.0,0.0,0.0,0.0,0.0,0.0,0.0,0.0,0.6316074719640234,0.6644414188236497,0.7097196974323933,0.7721588102973667,0.8397584746781167,0.9557792201187887,1.1195201202481992,1.3429909251084795,1.6415602680620078,2.015183964618835,2.5842905979547175,3.3841637681538064,4.476182271933661,5.9785492772174855,8.08019305347698,10.481500763999833,10.481500763999824,10.481500763999817,10.481500763999806,10.481500763998964,10.481500763999378,10.48150076399958,10.481500763999712,10.481500763999804,10.481500763999863,10.481500763999891,10.481500763999867,10.481500763999748,10.481500763999437,10.481500763998556,8.545330316044815,8.260072736185638,8.611509051577363,8.823436120712884,9.326664665332652,8.844790683892526,8.815355244763689,8.359714312904009,8.709829061951108,8.622688465394942,8.586316252059756,7.4019264118614005,6.04992891808231,5.072820692799292,3.340829776540639,1.2625802260186738,1.2355556360196163,1.4038192760206005,1.1242130560216372,1.6990090560235565,2.2377511760242763,2.8591186760252594,2.3841051760263796,2.5430045960275973,2.6381725160289147,3.030585846030334,3.377312646031877,4.018366906033587,3.430036376035571,3.0482630260382093,9.176937788,8.924514155,9.321228749,9.595594931,10.16642314,9.800569904,9.934875365,9.702705238,10.35138933,10.63787243,11.17060685,10.78609018,10.52611119,11.05136997,11.42102283,11.74408099,11.7170564,11.88532004,11.60571382,12.18050982,12.71925194,13.34061944,12.86560594,13.02450536,13.11967328,13.51208661,13.85881341,14.49986767,13.91153714,13.52976379,
0.0,0.0,0.0,0.0,0.0,0.0,0.0,0.0,0.0,0.0,0.0,0.0,0.0,0.0,0.0,0.0,0.0,0.0,0.0,0.0,0.0,0.0,0.0,0.0,0.0,0.0,0.0,0.0,0.0,0.0,0.6433970051970238,0.6768438278139118,0.7229672670549876,0.7865718632760581,0.8554333374439507,0.973619716596708,1.14041699092903,1.368059083491644,1.6722014972959018,2.0527992231077916,2.632528754152548,3.44733229129762,4.559734322842481,6.0901443873413585,8.231017273837775,10.677147596999829,10.677147596999818,10.677147596999811,10.677147596999802,10.677147596998944,10.677147596999365,10.677147596999571,10.677147596999705,10.6771475969998,10.67714759699986,10.67714759699989,10.677147596999863,10.677147596999742,10.677147596999426,10.677147596998529,8.579467772811814,8.236665994195373,8.734265615954769,8.785228195734192,9.482334012566819,9.008609232414607,8.844178546082857,8.322682276520844,8.653518762717216,8.841688546905988,8.726346745861923,7.538684098717583,5.953397697173491,5.122473852675415,3.161684046179848,1.3502335930186777,1.2570909930196195,1.2676538230206078,0.9142558430216423,1.6810855330235819,2.3489284030242894,2.8883137430252765,2.426929543026389,2.4125403330276076,2.633952143028921,2.8014321430303406,3.5159793030318838,4.0670998630335955,3.3040113630355856,2.835933383038241,9.222864778,8.913509822,9.457232883,9.571800059,10.33776735,9.982228949,9.984595537,9.69074136,10.32572026,10.89448777,11.3588755,10.98601639,10.51313202,11.21261824,11.39270132,12.02738119,11.93423859,11.94480142,11.59140344,12.35823313,13.026076,13.56546134,13.10407714,13.08968793,13.31109974,13.47857974,14.1931269,14.74424746,13.98115896,13.51308098,
0.0,0.0,0.0,0.0,0.0,0.0,0.0,0.0,0.0,0.0,0.0,0.0,0.0,0.0,0.0,0.0,0.0,0.0,0.0,0.0,0.0,0.0,0.0,0.0,0.0,0.0,0.0,0.0,0.0,0.0,0.6514178451150243,0.6852816289670577,0.7319800611279512,0.7963775772417435,0.8660975056087646,0.9857572426105876,1.154633877315078,1.3851138456655723,1.693047818326482,2.078390224960996,2.6653468921700307,3.4903080904221193,4.616577762859632,6.166066520664648,8.3336283699145,10.810253114999828,10.810253114999819,10.810253114999812,10.810253114999801,10.810253114998932,10.81025311499936,10.810253114999568,10.810253114999703,10.8102531149998,10.810253114999862,10.81025311499989,10.810253114999863,10.81025311499974,10.810253114999421,10.810253114998511,8.739443027893813,8.24290063704223,9.146865635881804,8.818002777768507,10.277622244402005,9.679303577400727,9.011832812696808,8.321579351346916,8.678606561686635,9.682002795052783,9.579088577844443,8.247203999593085,5.913859827156339,5.54642134935213,3.1097535501031235,2.1730768750186797,1.9403440850196185,1.3521249550206065,0.8002308250216412,2.098922295023588,3.2511489850242956,3.8127979050252776,3.1902051450263915,2.5178657650276026,3.0942686350289192,2.7282862950303373,4.510958305031879,5.083484485033596,3.4255750950355894,2.725071615038257,9.390860873,8.928182266,9.878845697,9.614380355,11.14371975,10.66506082,10.16646669,9.706693197,10.37165438,11.76039302,12.24443547,11.73751209,10.53043759,11.71248787,11.44338192,12.98332999,12.7505972,12.16237807,11.61048394,12.90917541,14.0614021,14.62305102,14.00045826,13.32811888,13.90452175,13.53853941,15.32121142,15.8937376,14.23582821,13.53532473,
0.0,0.0,0.0,0.0,0.0,0.0,0.0,0.0,0.0,0.0,0.0,0.0,0.0,0.0,0.0,0.0,0.0,0.0,0.0,0.0,0.0,0.0,0.0,0.0,0.0,0.0,0.0,0.0,0.0,0.0,0.6346575746970237,0.6676500803380087,0.7131470127902552,0.7758876510760779,0.8438137617549322,0.960394784279808,1.1249264074281144,1.3494763776607273,1.6494875451799162,2.0249155121239157,2.596770424691374,3.4005062713956837,4.497798253990646,6.007420356644577,8.119213204456106,10.532117096999833,10.532117096999825,10.532117096999816,10.532117096999807,10.532117096998961,10.532117096999377,10.53211709699958,10.53211709699971,10.532117096999805,10.532117096999864,10.532117096999892,10.532117096999865,10.532117096999748,10.532117096999436,10.532117096998551,8.822676573311814,8.168829409671279,9.818518527219503,8.886082446934173,11.174396068255836,10.449339285731508,9.113503692583775,8.257517834351761,8.773504974833202,10.820946687889858,10.608532475323095,9.15656150861952,5.924479536025327,6.4790592033721985,3.380811745561517,3.6495575830186735,3.1087730630196138,1.716352453020602,0.9591137230216372,3.230130233023559,4.827134373024274,5.23846036302526,4.44590396302638,2.8903449630275966,4.291251653028914,3.073436053030336,6.203222473031875,6.608862553033584,3.804479523035576,2.864184163038217,9.457334148,8.83647949,10.53166554,9.661970098,12.01820983,11.40973407,10.2384301,9.606994212,10.42299252,12.8458622,13.2053029,12.55706778,10.42227779,12.48647956,11.50002495,14.18167468,13.64089016,12.24846955,11.49123082,13.76224733,15.35925147,15.77057746,14.97802106,13.42246206,14.82336875,13.60555315,16.73533957,17.14097965,14.33659662,13.39630126,
0.0,0.0,0.0,0.0,0.0,0.0,0.0,0.0,0.0,0.0,0.0,0.0,0.0,0.0,0.0,0.0,0.0,0.0,0.0,0.0,0.0,0.0,0.0,0.0,0.0,0.0,0.0,0.0,0.0,0.0,0.6508469633550242,0.6846810700702235,0.7313385772190972,0.7956796574099033,0.8653384854621086,0.9848933564984488,1.1536219931228036,1.3838999762023028,1.691564085380665,2.076568790257464,2.663011067420643,3.4872492960698542,4.61253194179685,6.160662777224103,8.326325044611579,10.800779354999829,10.800779354999818,10.800779354999811,10.800779354999802,10.800779354998934,10.80077935499936,10.80077935499957,10.800779354999703,10.8007793549998,10.800779354999861,10.80077935499989,10.800779354999863,10.800779354999742,10.80077935499942,10.800779354998513,9.071171680653814,8.274068787939061,10.41976397279066,8.992778966600348,11.514598004548661,10.977548023512867,9.371353306889082,8.356026215810186,8.867879794632453,11.183720329756316,10.939747882593831,9.678104623945346,5.953958908219121,7.060229342792674,3.3242511054060393,3.838417575018678,3.500899185019618,1.7904908150206047,0.8494556250216445,3.770916895023588,5.053984765024299,5.444464335025274,4.902803025026389,2.9973401150276073,4.894449895028922,2.9828892650303396,6.474467555031884,6.8561131850336015,3.9370587550355953,2.780886535038261,9.722018644,8.958749858,11.15110255,9.788458624,12.37993649,11.96244138,10.5249753,9.739926192,10.55944388,13.26028912,13.60275895,13.16535392,10.56649085,13.22089212,11.65057615,14.63919693,14.30167854,12.59127017,11.65023498,14.57169625,15.85476412,16.24524369,15.70358238,13.79811947,15.69522925,13.78366862,17.27524691,17.65689254,14.73783811,13.58166589,
0.3530387753280049,0.5186940490032717,0.7658426773528345,1.134574943702586,1.6773355076559018,2.497015095457441,3.7215465838511115,5.547553318274454,8.268138559622841,11.87239749082584,15.852338412838954,20.233715194447996,25.04699016272599,30.336404215005256,36.16104553511914,42.570402562620046,49.59371760711937,57.33212651809711,65.84661243850739,75.24324978314353,85.47894614641417,96.69469324368792,107.47794590172809,107.47794590272092,107.47794590383809,107.47794590113611,107.47794589479457,107.47794588269828,107.47794585466656,107.47794588582612,0.6525908470350242,0.6865156090806622,0.7332981306643379,0.7978116067731029,0.8676570791522357,0.9875322863047498,1.1567130155596688,1.3876080069977619,1.6960964734353978,2.082132762477692,2.6701463569765704,3.496593055014598,4.624890790542666,6.17716969802128,8.348634655283838,10.829719034999828,10.829719034999817,10.82971903499981,10.829719034999801,10.82971903499893,10.829719034999357,10.829719034999567,10.829719034999702,10.8297190349998,10.82971903499986,10.829719034999888,10.829719034999862,10.829719034999739,10.82971903499942,10.829719034998508,9.311022687645808,8.273189263925353,10.241725111992585,8.266846689534562,10.189055273202634,8.834770278249126,6.290461080601106,3.3697257847402704,1.0383380169548762,1.3786780466334703e-11,1.4480327930823494e-11,1.521075504445897e-11,1.5975816914883433e-11,1.678082244790959e-11,1.7625592839454738e-11,1.851299591217989e-11,1.944466795409586e-11,2.042291720098971e-11,2.145010682718202e-11,2.2528754288662795e-11,2.36613502629284e-11,2.485046737193256e-11,2.6099020974244894e-11,2.740989349526052e-11,2.87866105225888e-11,3.0231832790403845e-11,3.17500611939324e-11,3.3343886744454757e-11,3.501632352219706e-11,3.6773047807237075e-11,10.31665231,9.478398922,11.74086592,10.19923324,12.73404786,12.31931766,11.16872068,10.30488711,11.00257305,13.77489208,13.9918475,13.55811677,11.17939635,13.92012325,12.1394949,15.2073123,14.72834143,13.36139758,12.32600267,15.34236918,16.47005301,16.70991695,16.17206836,14.64206213,16.52532398,14.36210303,17.94566164,18.16194411,15.63925735,14.36946553,
1.3561602284160188,1.9925070251015757,2.941901719675402,4.358346794561679,6.443302730923796,9.592013112632127,14.295918233138122,21.310325383582114,31.761159003499234,45.606529418886,60.895041523158,77.72562601462936,96.21530062429308,116.53401196885095,138.9087409084356,163.5295919249838,190.50889618451313,220.23515610182045,252.94263181731478,289.03879670969667,328.3581159689288,371.4421940030294,412.8648914792727,412.8648914830866,412.8648914873781,412.8648914769987,412.86489145263835,412.86489140617175,412.86489129849093,412.864891418187,0.6397936655190238,0.6730531694787453,0.7189182947746818,0.7821666739735791,0.8506424900172489,0.9681669673178677,1.1340300948762243,1.3603972797568191,1.6628363464541256,2.041302537807979,2.6177852983442502,3.428025534927687,4.534197567971193,6.056036583390769,8.184919528754175,10.617350318999831,10.617350318999822,10.617350318999815,10.617350318999806,10.617350318998952,10.617350318999371,10.617350318999577,10.617350318999708,10.617350318999804,10.617350318999863,10.617350318999891,10.617350318999865,10.617350318999746,10.617350318999431,10.617350318998538,8.705034806073796,7.204103904428965,8.308780135559672,5.420652291474991,5.512447969069723,1.9317780900613242,1.1890609208495634e-11,1.2491137677792685e-11,1.3121744365041119e-11,1.3783928125091308e-11,1.4479156299184124e-11,1.5209144784093545e-11,1.5975651494285216e-11,1.6780493602920855e-11,1.7625566361023616e-11,1.8512900498698302e-11,1.9444599959815707e-11,2.0422883884909796e-11,2.1450081794994898e-11,2.2528641022433642e-11,2.3661129251502832e-11,2.485024106597674e-11,2.609880709228328e-11,2.7409799094443546e-11,2.87863578621649e-11,3.023172773864233e-11,3.174939939402609e-11,3.3342910593754216e-11,3.5016079977745214e-11,3.6772925869956534e-11,10.7009887,9.869664099,11.96960015,10.56116576,12.80639319,12.49195817,11.58480001,10.73026945,11.39301308,13.95603232,14.07133871,13.74811757,11.64087814,14.19131352,12.57028002,15.40728891,14.93474153,13.85916286,12.83481599,15.64126748,16.6866347,16.8048502,16.39870056,15.18753727,16.84726847,14.87176017,18.18164763,18.26512669,16.22188198,14.96263232,
2.4834047159280344,3.6486848965010865,5.387219335411379,7.981017844702677,11.798995467384799,17.564923450805423,26.17872874812396,39.023532357501196,58.161130521248424,83.51481474151326,111.5111843914459,142.33140166530288,176.1897497863392,213.39743551355727,254.37010688519592,299.45588380410203,348.86046744155936,403.2952845956999,463.1893131448422,529.2887195736513,601.2903760368455,680.1860701660459,756.0394391880186,756.0394391950025,756.0394392028611,756.0394391838544,756.0394391392456,756.0394390541559,756.0394388569704,756.0394390761583,0.6305337544650234,0.6633118844053297,0.7085131910303258,0.7708461589063923,0.8383309054848775,0.9541544184510202,1.117616962991596,1.3407078728627495,1.6387696551200794,2.011758200386206,2.579897366144307,3.378410771207697,4.468572869816957,5.9683858873550735,8.066456919783313,10.463682464999833,10.463682464999822,10.463682464999815,10.463682464999806,10.463682464998966,10.463682464999378,10.46368246499958,10.46368246499971,10.463682464999804,10.463682464999863,10.463682464999891,10.463682464999865,10.463682464999748,10.463682464999437,10.463682464998557,7.75867213961578,5.900024349102873,5.882522433568054,2.1023543764011827,0.13987484714109524,1.1318582679388584e-11,1.1890548477158991e-11,1.2491125276487015e-11,1.3121734460711797e-11,1.378387485257206e-11,1.4479122475835568e-11,1.520913239708908e-11,1.597564566382211e-11,1.6780485853096893e-11,1.7625563161427304e-11,1.851289742670227e-11,1.944459695782617e-11,2.0422881027558616e-11,2.1450079205285498e-11,2.252863833769599e-11,2.3661125018239247e-11,2.4850235448156995e-11,2.609880187080101e-11,2.740979560667109e-11,2.8786340553856982e-11,3.023170970364952e-11,3.1749350801018983e-11,3.334286911870126e-11,3.501606128448514e-11,3.677291109862107e-11,10.87261061,10.21202113,11.97825496,10.85421838,12.77720122,12.53576248,11.77059644,11.10247899,11.70914791,14.03974107,14.03926331,13.79632673,12.04467471,14.20157478,12.91908182,15.49970234,14.98711171,14.08143541,13.28002765,15.65257715,16.78672169,16.7665438,16.45620426,15.43111422,16.85945016,15.28442374,18.29070176,18.22349162,16.4820477,15.48165327,
3.4743670963080477,5.104633436464357,7.536901850713165,11.165713593452766,16.50719327318757,24.57392131666406,36.62492593425968,54.59524012941577,81.36938650033515,116.84004726702166,156.00791422963795,199.12643941828733,246.49541230159446,298.55022164913504,355.87237310855477,418.9488981847323,488.06757976565063,564.2237279765617,648.0174973617145,740.4928000414579,841.2255499194471,951.603291398626,1057.7247172716413,1057.7247172814123,1057.7247172924067,1057.7247172658156,1057.7247172034065,1057.724717084363,1057.724716808494,1057.724717115145,0.6505845754380242,0.6844050419869717,0.7310437392361263,0.7953588804228973,0.8649896256294838,0.9844962983099205,1.1531569122530694,1.383342059130338,1.6908821340129467,2.075731624855978,2.66193747874885,3.4858434170685313,4.610672406888574,6.158179115834453,8.322968299926991,10.796425037999827,10.796425037999818,10.79642503799981,10.796425037999802,10.796425037998933,10.79642503799936,10.796425037999567,10.796425037999702,10.7964250379998,10.79642503799986,10.796425037999889,10.796425037999862,10.79642503799974,10.79642503799942,10.796425037998512,6.816549418262767,4.523244351557957,3.7288553900604664,1.0255144063066376e-11,1.0773838928738977e-11,1.1318564548044031e-11,1.1890542438831036e-11,1.2491122094210712e-11,1.3121732518868955e-11,1.3783873808967627e-11,1.4479121835511408e-11,1.520913210607211e-11,1.5975644569990423e-11,1.6780483819501265e-11,1.7625562090473873e-11,1.851289586097424e-11,1.9444595451991335e-11,2.042287985959721e-11,2.1450078188703948e-11,2.2528636847451374e-11,2.3661123634847327e-11,2.485023355790117e-11,2.609879918628602e-11,2.7409793055707182e-11,2.8786337396095272e-11,3.023170631522034e-11,3.174934492200503e-11,3.334286378383817e-11,3.5016058777834124e-11,3.6772909101160207e-11,10.94150109,10.31228283,11.99680098,10.93061245,12.57158816,12.24072757,11.8451767,11.21148321,11.79155913,13.86957903,13.81334093,13.47162387,12.16292942,14.22356318,13.01000878,15.31184553,14.63438318,14.17065749,13.41041106,15.67681214,16.58326617,16.49673352,16.06889996,15.52888806,16.88555376,15.39199843,18.06901795,17.93023587,16.58648041,15.63365226,
4.076006839824056,5.988578703710624,8.842031553670251,13.099227490034556,19.36566598253458,28.829271228839687,42.96709140917331,64.04924005462814,95.45973892053208,137.07268651369975,183.02306804091066,233.60822462347753,289.17985885664996,350.24875372725126,417.4971114699616,491.4963005355139,572.5839378156436,661.9276865899689,760.2316273311346,868.7204414918401,986.8966059890432,1116.3879397377252,1240.8859118057699,1240.8859118172325,1240.885911830131,1240.885911798935,1240.8859117257189,1240.8859115860612,1240.8859112624211,1240.8859116221736,0.7124918652390264,0.7495305658237889,0.8006072338695931,0.8710423727236328,0.9472989293701257,1.0781774274797162,1.262887179228451,1.5149759173275419,1.8517804003439604,2.2732507854701782,2.915237881418407,3.817543747461524,5.0494074209773405,6.744169306139481,9.114952048083374,11.823774038999812,11.823774038999801,11.823774038999792,11.823774038999781,11.823774038998831,11.823774038999298,11.823774038999527,11.823774038999673,11.82377403899978,11.823774038999845,11.823774038999877,11.823774038999849,11.823774038999716,11.823774038999364,11.823774038998371,6.094989344945756,3.637754150474875,2.3665262024699145,1.0255048146539349e-11,1.0773824730994346e-11,1.1318560719337496e-11,1.189054056396162e-11,1.24911210028133e-11,1.3121731856980272e-11,1.3783873074333354e-11,1.4479121172807902e-11,1.520913161329493e-11,1.597564401927875e-11,1.6780482915052125e-11,1.7625561450834457e-11,1.8512894949672532e-11,1.944459460284299e-11,2.0422879048905858e-11,2.145007747035571e-11,2.252863594739329e-11,2.366112283645113e-11,2.4850232316193988e-11,2.6098798497956034e-11,2.740979220124474e-11,2.878633610922754e-11,3.0231705277568026e-11,3.17493432040163e-11,3.33428622261212e-11,3.5016057830174745e-11,3.677290714396208e-11,10.88348805,10.37586342,12.00916499,11.01953012,12.39009022,12.1415237,11.78237227,11.28060784,11.88748038,13.64315372,13.61391561,13.36244431,12.23792021,14.23822211,13.1158418,15.06187476,14.51578014,14.09552311,13.49309323,15.69296881,16.31253906,16.25856766,15.93867101,15.44655219,16.90295617,15.51720832,17.77403547,17.67137431,16.49853707,15.73004186,
4.295338366284059,6.310826472182822,9.317824738982404,13.804102058144979,20.407740063314876,30.380585619083398,45.27916744747731,67.49575477892412,100.5964649064525,144.44862152815645,192.87161110482236,246.17877480010338,304.7407404638199,369.0957765156202,439.9627947599586,517.9439092079646,603.3949040487144,697.5462749808027,801.139989323213,915.466629117874,1040.0018993695412,1176.4612125673611,1307.6584693343584,1307.6584693464379,1307.6584693600303,1307.6584693271557,1307.6584692499998,1307.6584691028272,1307.658468761772,1307.6584691408827,0.7788674567280289,0.8193566748263813,0.8751916344657188,0.952188495959888,1.0355490972969508,1.1786202086124506,1.3805374817719684,1.6561107534010384,2.0242918708283812,2.4850263479010595,3.186820825941399,4.173185315646859,5.519809148474806,7.37245469245306,9.96409905326702,12.925274327999794,12.925274327999782,12.925274327999773,12.925274327999762,12.925274327998723,12.925274327999235,12.925274327999484,12.925274327999645,12.92527432799976,12.925274327999833,12.925274327999867,12.925274327999835,12.92527432799969,12.925274327999306,12.92527432799822,5.70896801699675,3.2615754230000844,2.054774046561635,1.0255037280454869e-11,1.0773821962376604e-11,1.1318559872899192e-11,1.1890540081555574e-11,1.249112079578563e-11,1.312173170081045e-11,1.3783872837944448e-11,1.4479120987253263e-11,1.5209131472515193e-11,1.5975643890791155e-11,1.6780482741214258e-11,1.7625561290632704e-11,1.8512894710223994e-11,1.9444594409986748e-11,2.0422878832150174e-11,2.1450077296148754e-11,2.2528635757452365e-11,2.3661122624268404e-11,2.4850231984442114e-11,2.6098798019407673e-11,2.7409791544520235e-11,2.8786335330522576e-11,3.023170445861672e-11,3.174934219665763e-11,3.334286134951004e-11,3.50160571761319e-11,3.677290653731624e-11,10.78317384,10.39175857,12.24779042,11.0170254,12.36089825,12.23042068,11.67377295,11.297889,11.88477838,13.52102129,13.58184021,13.46028054,12.2566679,14.52113953,13.11286059,14.92704205,14.62206079,13.96560324,13.51376377,16.00479245,16.16651049,16.22026126,16.05536968,15.30417975,17.23882259,15.51368128,17.61492371,17.62973923,16.34646838,15.75413926,
4.206071914944058,6.179673804766388,9.124180122952628,13.517222865032227,19.98362294378343,29.74921112967552,44.33816810051255,66.09304654133261,98.5058520900013,141.4466657460492,188.86332053039413,241.06264569741623,298.4075666460228,361.4251654101591,430.8194132470774,507.17991093228005,590.8550486874086,683.049749840493,784.4905620196969,896.4412461717935,1018.3884032891625,1152.0117958672988,1280.4824889649326,1280.482488976761,1280.482488990071,1280.4824889578797,1280.4824888823273,1280.4824887382133,1280.4824884042457,1280.4824887754778,0.8513602151580316,0.8956179500704694,0.9566497249138819,1.0408130366582817,1.1319323906343288,1.2883197849981372,1.5090304227790103,1.8102525598695982,2.212701978756439,2.7163191220110043,3.483432823655589,4.561602770192608,6.033563045525648,8.05864278830871,10.891503349596904,14.128288757999774,14.128288757999762,14.128288757999751,14.128288757999739,14.128288757998604,14.128288757999162,14.128288757999435,14.128288757999611,14.128288757999737,14.128288757999815,14.128288757999853,14.128288757999819,14.12828875799966,14.128288757999242,14.128288757998053,5.5311562999067485,3.2956808551724293,2.233726242143248,1.0255038885752943e-11,1.0773822852595782e-11,1.1318560232006226e-11,1.18905402407685e-11,1.2491120936014577e-11,1.3121731726775543e-11,1.3783872720950077e-11,1.4479120833678808e-11,1.5209131381257384e-11,1.597564397603631e-11,1.6780482758423524e-11,1.762556132409613e-11,1.851289466819701e-11,1.9444594405144264e-11,2.0422878846251258e-11,2.1450077371322773e-11,2.252863584417167e-11,2.366112217596961e-11,2.4850232060813445e-11,2.6098797330518586e-11,2.740979070425108e-11,2.878633438031145e-11,3.023170346776649e-11,3.1749341203477e-11,3.334286044927012e-11,3.501605635573138e-11,3.6772906435057456e-11,10.58858843,10.37097261,12.31455609,10.95691204,12.40659004,12.22526723,11.46311643,11.27529056,11.8199302,13.48534215,13.63204518,13.45460887,12.23215168,14.60029777,13.0413115,14.88765272,14.61589959,13.71359,13.48673306,16.09203844,16.12385046,16.2802191,16.04860454,15.02801152,17.33279558,15.42903234,17.56844162,17.69490718,16.05149176,15.72262728,
3.7386721701480514,5.492957548439898,8.110255599744,12.015121463717781,17.762942828724526,26.44333001991856,39.41108913610601,58.74845669339124,87.55938920043558,125.72840490579709,167.87588389061747,214.2745590081469,265.24702557205893,321.26179362486954,382.94460561732546,450.8195429382958,525.1962809457733,607.1458458620303,697.3140477094895,796.8242119987383,905.2199911872743,1023.9944841619839,1138.1888713899405,1138.1888714004544,1138.1888714122854,1138.1888713836713,1138.1888713165147,1138.1888711884153,1138.1888708915599,1138.1888712215389,0.8742147801510325,0.9196606035611358,0.9823307620639704,1.0687534181423446,1.1623188497721135,1.3229044270025128,1.549539990010099,1.8588483646143692,2.2721014436166143,2.7892380707831266,3.5769447595547916,4.6840579250465,6.19553262821015,8.274975161000793,11.18388319862314,14.507559350999768,14.507559350999756,14.507559350999745,14.507559350999733,14.507559350998566,14.50755935099914,14.507559350999419,14.5075593509996,14.50755935099973,14.507559350999811,14.50755935099985,14.507559350999813,14.507559350999651,14.507559350999221,14.507559350998001,5.911645419709753,3.958354458008253,3.0958567982017864,1.0255067133541186e-11,1.0773829562450723e-11,1.1318562379037655e-11,1.1890541326812692e-11,1.2491121612470531e-11,1.3121732028823813e-11,1.3783872841558604e-11,1.4479120698146732e-11,1.5209131029518335e-11,1.5975643776000235e-11,1.6780482687115195e-11,1.762556103425432e-11,1.8512894382925612e-11,1.944459405296232e-11,2.042287844385878e-11,2.1450076955437115e-11,2.2528635523071366e-11,2.3661121650057746e-11,2.4850231746950282e-11,2.6098797676037346e-11,2.7409790890838507e-11,2.878633478190883e-11,3.0231703741124615e-11,3.1749341695012416e-11,3.334286010747986e-11,3.501605582048288e-11,3.677290522927281e-11,10.52453237,10.37097261,12.18844316,10.92435064,12.40659004,12.11962154,11.39376988,11.27529056,11.78480411,13.56630635,13.63204518,13.33833973,12.23215168,14.45077665,13.00255575,14.9770362,14.48959505,13.63062912,13.48673306,15.92724045,16.22065592,16.2802191,15.90991916,14.937099,17.15529104,15.38318083,17.6739202,17.69490718,15.95438765,15.72262728,
2.8773592910880397,4.227493537345863,6.2418201545866205,9.24708554369201,13.670727536207652,20.351332734559314,30.33158788382959,45.214025196843785,67.38751368721645,96.7631762147919,129.2007462219285,164.91012454335325,204.13958719279938,247.24970917188526,294.7220747898371,346.96002790375735,404.2019010627409,467.2719781599464,536.6672879220789,613.2523648543602,696.6759944662903,788.0872964878628,875.9736545654833,875.9736545735752,875.9736545826804,875.9736545606585,875.9736545089734,875.9736544103854,875.9736541819194,875.9736544358781,0.8568840672630319,0.9014289581616267,0.9628567234353392,1.0475661091898534,1.1392766698329555,1.2966787473146395,1.5188214145695182,1.8219979612113342,2.227058579247599,2.7339433248253067,3.506034264729512,4.591199665391224,6.072710411512784,8.110929411687488,10.962170327725687,14.219956862999773,14.21995686299976,14.219956862999751,14.219956862999739,14.219956862998595,14.219956862999156,14.219956862999432,14.21995686299961,14.219956862999735,14.219956862999815,14.219956862999853,14.219956862999819,14.219956862999659,14.219956862999236,14.219956862998043,6.828964371657767,5.481700034501796,4.695684801987797,0.9903791371283895,1.0773869907312648e-11,1.1318569757411055e-11,1.189054472345464e-11,1.249112366314322e-11,1.3121733286696861e-11,1.3783873438134697e-11,1.4479121004552928e-11,1.5209131005435372e-11,1.597564428660765e-11,1.6780483581615152e-11,1.7625561494123565e-11,1.8512894868367977e-11,1.9444594426221537e-11,2.042287877173888e-11,2.1450077258371e-11,2.252863576628088e-11,2.3661122070412916e-11,2.4850232021142124e-11,2.6098797635848453e-11,2.7409791120699243e-11,2.8786335003539046e-11,3.023170434171278e-11,3.17493425344082e-11,3.3342862124007404e-11,3.501605613659496e-11,3.677290635686172e-11,10.56320773,10.61062253,11.90036168,11.28503079,12.25174564,11.83231681,11.4356395,11.53583725,12.17389314,13.3961443,13.4619061,13.02214437,12.51480928,14.1092235,13.43185026,14.78917939,14.14610832,13.68071871,13.79838122,15.55079016,16.01720039,16.07702864,15.53276258,14.99198958,16.749815,15.89107446,17.4522364,17.47406025,16.01301655,16.08594194,
1.7318307280680239,2.5444522112204093,3.7568391185168335,5.565654223037186,8.228164656245452,12.249100588866312,18.256036391078766,27.213507335723296,40.5593306519242,58.24001278994606,77.76360188645214,99.25643347296715,122.86794041001616,148.8151462961153,177.38790805231594,208.8289910808642,243.28184345002865,281.2425867874577,323.01037373088633,369.1055520263382,419.3167319983306,474.3355481135066,527.2327639628552,527.2327639677255,527.2327639732058,527.2327639599512,527.2327639288428,527.2327638695045,527.232763731995,527.232763884848,0.7840585613010292,0.8248176375933681,0.881024733867525,0.9585347747946725,1.0424509695065398,1.1864756411406774,1.3897386807345373,1.6671486315805821,2.0377836539257124,2.501588898470071,3.208060794333933,4.2009993438090305,5.556598343176956,7.4215916578476655,10.03050917184937,13.011420500999794,13.011420500999781,13.011420500999773,13.011420500999762,13.011420500998716,13.011420500999229,13.011420500999481,13.011420500999643,13.011420500999758,13.011420500999831,13.011420500999867,13.011420500999835,13.011420500999687,13.011420500999302,13.01142050099821,8.698756530639784,8.017769511195509,7.5221420876254,5.643756752178392,3.228627204258777,1.131867247434374e-11,1.1890560155770928e-11,1.2491129085393366e-11,1.312173558559955e-11,1.3783874611854218e-11,1.447912241255798e-11,1.52091328283832e-11,1.5975648380728247e-11,1.6780488251563218e-11,1.7625564612458962e-11,1.851289774788957e-11,1.9444597076275853e-11,2.042288163673057e-11,2.145008021765228e-11,2.2528638779359787e-11,2.3661124879635943e-11,2.4850235168329387e-11,2.6098800643182972e-11,2.740979483794067e-11,2.8786339249589195e-11,3.023171468940611e-11,3.1749352676439115e-11,3.334287091240119e-11,3.5016063851496525e-11,3.67729158037785e-11,11.21464582,11.38703936,12.16000594,12.16794575,12.49924283,11.96630646,12.14088088,12.37995532,13.12635065,13.61296368,13.73384972,13.16960767,13.43056221,14.4170611,14.48272746,15.02854533,14.30629944,14.5244152,14.80805765,15.89008012,16.27644211,16.40180027,15.70865623,15.91655278,17.11526551,17.13435572,17.73470447,17.82705329,17.00054697,17.26300729,
0.5573242622160077,0.8188357720989713,1.2089966738997544,1.7910954479159527,2.6479237965419133,3.941910048053749,5.87501529320764,8.757638753246656,13.052487558513212,18.74234683190851,25.025276053956215,31.941931540402173,39.54040260932647,47.89053010311987,57.085593516166554,67.20371771743066,78.29106604581035,90.50729649536783,103.94868003555376,118.78267092096031,134.94124137438092,152.64696780735378,169.66993738441346,169.6699373859808,169.66993738774443,169.66993738347892,169.66993737346786,169.66993735437208,169.66993731011982,169.6699373593098,0.6688566038190249,0.703626936915646,0.7515755078260625,0.8176969753990708,0.8892833386769102,1.0121464224949237,1.1855439632590803,1.422193987564152,1.7383714959007692,2.1340296979930073,2.736699468191039,3.5837452614298386,4.7401656968539,6.331134989410236,8.5567234775502,11.099648618999824,11.099648618999813,11.099648618999806,11.099648618999796,11.099648618998904,11.099648618999343,11.099648618999556,11.099648618999694,11.099648618999794,11.099648618999856,11.099648618999886,11.099648618999858,11.099648618999733,11.099648618999405,11.099648618998472,10.110534063973805,10.063877350994666,10.28350903828394,9.903552776695227,9.143533634791947,7.181025419462642,5.212472603545163,2.416801709201677,1.3122313751756244e-11,1.3784090072348855e-11,1.4479324455699811e-11,1.5209420234074707e-11,1.597586787377402e-11,1.6780573208340847e-11,1.7625600357459996e-11,1.8512930591191206e-11,1.9444622889653682e-11,2.0422911271538417e-11,2.145011571946762e-11,2.2528690253075668e-11,2.3661198535853636e-11,2.4850317580723644e-11,2.6098861998372595e-11,2.740987039257759e-11,2.8786474518319632e-11,3.0231920700012714e-11,3.174972155297826e-11,3.3343207089792796e-11,3.501624756211678e-11,3.677312023595424e-11,11.33671493,11.58634006,12.24408122,12.5123452,12.68074077,12.13508189,12.27303186,12.59663445,13.49787663,13.83801671,13.93327503,13.35535472,13.66562949,14.51674185,14.8926441,15.27700112,14.50807864,14.68251047,15.06723444,15.99994545,16.54552845,16.63996614,15.93021458,16.08980117,17.23360187,17.61932359,18.02789918,18.08591485,17.18559442,17.56515162,
3.700080000000051e-06,5.436256895727483e-06,8.026538079243482e-06,1.18910962508149e-05,1.757958614999541e-05,2.6170370679017586e-05,3.900427104978035e-05,5.814203004417958e-05,8.665556380674122e-05,0.00012443058263795993,0.0001661429973522944,0.00021206272553805618,0.0002625090325423779,0.00031794559224711363,0.0003789916879223093,0.00044616599116501226,0.0005197749807319722,0.0006008786272555829,0.0006901160744315249,0.0007885990523249272,0.000895875924007432,0.0010134243759618237,0.001126439999976189,0.0011264399999865945,0.0011264399999983033,0.0011264399999699846,0.001126439999903521,0.001126439999776744,0.001126439999482953,0.0011264399998095257,0.6383039843190238,0.6714860475967873,0.7172443815651893,0.78034549465862,0.8486618731502907,0.9659127090977515,1.1313896446754537,1.3572297612873434,1.6589646356550196,2.0365496148298843,2.611690105855252,3.4200437972711266,4.5236402441992976,6.041935843838321,8.165861945969878,10.592629118999831,10.592629118999822,10.592629118999815,10.592629118999806,10.592629118998953,10.592629118999373,10.592629118999577,10.592629118999708,10.592629118999804,10.592629118999863,10.592629118999891,10.592629118999865,10.592629118999746,10.592629118999431,10.592629118998541,10.571503715609811,10.9515296961556,11.374751461906483,11.769558664255376,11.790177177274323,10.973311980542878,11.004218531065375,11.279226136695094,11.879355448794282,11.838394074601249,11.27539756116186,9.719575570018538,9.184990656784134,8.294183170586209,6.771121342359821,4.724830145027508,3.680804266038887,3.924924002393349,4.521616444947208,5.207800751971246,5.996304255100276,5.991362246649307,5.079383681026406,5.315935901027615,6.425796721028917,7.07847362103036,7.4824134810319745,7.43242200103381,6.3994628010360906,7.027005451038409,11.2098114,11.62302118,12.09200387,12.54991605,12.63885663,11.93925086,12.13564718,12.63651404,13.53840674,13.87506812,13.88725381,13.13983143,13.70889341,14.33643696,14.93736228,15.31790543,14.27395316,14.518154,15.11493568,15.80121847,16.58982925,16.58500479,15.67313924,15.90969146,17.01955228,17.67222918,18.07616904,18.02617756,16.99321836,17.62076101,
9.38724000000013e-07,1.3791985087308613e-06,2.036362438622883e-06,3.0168151599289653e-06,4.460006115832168e-06,6.6395199685655725e-06,9.895528025592423e-06,1.4750848363060374e-05,2.1984837484302866e-05,3.1568499669260205e-05,4.2151093772711726e-05,5.380109888650685e-05,6.659951381167735e-05,8.066397432936031e-05,9.61515948988081e-05,0.00011319396442519755,0.00013186883770422255,0.00015244513321113862,0.00017508500406873874,0.00020007050031206486,0.00022728703997966328,0.0002571095176051293,0.00028578199999395904,0.00028578199999659896,0.0002857819999995695,0.00028578199999238494,0.00028578199997552294,0.0002857819999433591,0.00028578199986882324,0.00028578199995167597,0.6211252218420231,0.6534142517100804,0.6979410853747124,0.7593439495765546,0.8258217200253045,0.9399169681800303,1.1009404003462757,1.3207024509952954,1.6143166933990025,1.9817396763597146,2.5414013326465357,3.327999690548309,4.40189489528156,5.879328397680348,7.9460929859821805,10.307548241999836,10.307548241999827,10.30754824199982,10.307548241999811,10.307548241998983,10.30754824199939,10.307548241999589,10.307548241999717,10.30754824199981,10.307548241999866,10.307548241999895,10.307548241999868,10.307548241999752,10.307548241999447,10.307548241998582,10.409811699442818,10.786199989100698,11.176454138272605,11.687875433618537,11.622647999979348,10.824110022311316,10.841049894137585,11.116398868168831,11.813285771776632,11.677849775154396,11.136622926274166,9.61894130836801,9.090612325220597,8.199030668362097,6.868943452440542,4.772393024054246,3.756792349181907,3.9787889728873873,4.568706113017567,5.209112847523228,6.024452770984287,6.027375098507652,5.135290446026384,5.347988506027599,6.405435926028912,7.21978655603034,7.4876547160319005,7.446810436033642,6.414225706035697,7.034880056038232,11.03093786,11.43961562,11.87439726,12.4472224,12.44847418,11.76403363,11.94200019,12.43711607,13.42762445,13.65962102,13.67806641,12.9469948,13.49257382,14.07843973,14.81513259,15.08005446,14.06447246,14.28648966,14.87642944,15.51686116,16.3322283,16.33518045,15.44312447,15.65582253,16.71326995,17.52762058,17.79548874,17.75464446,16.72205973,17.34271408,
0.0,0.0,0.0,0.0,0.0,0.0,0.0,0.0,0.0,0.0,0.0,0.0,0.0,0.0,0.0,0.0,0.0,0.0,0.0,0.0,0.0,0.0,0.0,0.0,0.0,0.0,0.0,0.0,0.0,0.0,0.6042142554300224,0.6356241731957641,0.6789387041522525,0.738669793102337,0.8033376171768768,0.914326469324061,1.0709658227938514,1.2847445571541902,1.5703647583939448,1.9277841583325108,2.4722082761347677,3.237390439777415,4.282047408646737,5.719255804325603,7.7297499574475,10.02691142999984,10.026911429999831,10.026911429999824,10.026911429999815,10.026911429999009,10.026911429999405,10.026911429999599,10.026911429999723,10.026911429999814,10.026911429999869,10.026911429999895,10.02691142999987,10.026911429999759,10.026911429999462,10.026911429998618,10.120946544578816,10.420062496813523,10.619295585857504,11.116185546907914,11.01687445283389,10.367859760687255,10.540002697218032,10.734965092858294,11.218235001619172,11.155481541681269,10.515539733879708,9.17930362023779,8.757697411369234,7.676077625691173,6.3803260125701176,4.416853810018666,3.4614891100196092,3.8635574300205953,4.350244940021628,4.7370491400235135,5.6161933100242525,5.483848720025243,4.783672400026367,5.19493245002759,5.8754064400289066,6.666564410030333,7.017712810031873,6.831673790033576,6.2316136100355495,6.733757730038145,10.7251608,11.05568667,11.29823429,11.85485534,11.82021207,11.28218623,11.61096852,12.01970965,12.78859976,13.0832657,12.98774801,12.41669406,13.03974482,13.39533343,14.11007597,14.44376524,13.48840054,13.89046886,14.37715637,14.76396057,15.64310474,15.51076015,14.81058383,15.22184388,15.90231787,16.69347584,17.04462424,16.85858522,16.25852504,16.76066916,
0.0,0.0,0.0,0.0,0.0,0.0,0.0,0.0,0.0,0.0,0.0,0.0,0.0,0.0,0.0,0.0,0.0,0.0,0.0,0.0,0.0,0.0,0.0,0.0,0.0,0.0,0.0,0.0,0.0,0.0,0.5892727529940219,0.619905940719726,0.6621493546610425,0.7204033645732988,0.7834720300012871,0.8917162593762962,1.0444821072801236,1.2529743469053507,1.5315314990789137,1.8801123408622187,2.411073495470119,3.1573336110821155,4.176157451214618,5.57782538661455,7.538602402120989,9.778957793999844,9.778957793999835,9.778957793999828,9.778957793999819,9.778957793999034,9.77895779399942,9.77895779399961,9.77895779399973,9.778957793999819,9.778957793999872,9.778957793999899,9.778957793999874,9.778957793999766,9.778957793999474,9.778957793998654,9.608936267014816,9.945476549289559,10.409823515348714,10.436886535436953,10.777819900009483,10.25905704063502,9.996012862731762,10.233678063107137,10.504559280934203,10.806566009151561,10.292179654544357,9.114732968933088,8.285292998801351,7.549249563402222,5.741206057896628,4.226979866018661,3.5523322160196042,3.429040426020588,3.960591886021622,4.689335796023487,5.389964316024234,5.392041266025234,4.85911495602636,4.6950019360275865,5.8048960560289045,5.932237666030327,6.749000156031868,6.710342406033568,5.6807485660355335,6.238399236038111,10.19820902,10.56538249,11.07197287,11.1572899,11.56129193,11.1507733,11.04049497,11.48665241,12.03609078,12.68667835,12.70325315,12.27206658,12.46145045,13.12707495,13.27980846,14.00593766,13.33129001,13.20799822,13.73954968,14.46829359,15.16892211,15.17099906,14.63807275,14.47395973,15.58385385,15.71119546,16.52795795,16.4893002,15.45970636,16.01735703,
0.0,0.0,0.0,0.0,0.0,0.0,0.0,0.0,0.0,0.0,0.0,0.0,0.0,0.0,0.0,0.0,0.0,0.0,0.0,0.0,0.0,0.0,0.0,0.0,0.0,0.0,0.0,0.0,0.0,0.0,0.5801676770220215,0.6103275397889695,0.6519182347791753,0.7092721399721317,0.7713663076191571,0.8779380145043981,1.0283434195674117,1.2336141668162903,1.5078672271746492,1.8510620146550956,2.373819087831566,3.1085484564117376,4.111630064412584,5.4916402989015385,7.422120607832577,9.627859421999846,9.627859421999839,9.627859421999831,9.627859421999823,9.62785942199905,9.62785942199943,9.627859421999615,9.627859421999736,9.62785942199982,9.627859421999876,9.6278594219999,9.627859421999878,9.62785942199977,9.627859421999483,9.627859421998675,9.348522421986818,9.555230850220315,10.04418866523058,9.87443613003812,10.410429932391613,10.146575815506916,9.720372650444475,9.818350673196196,9.909463912838467,10.290823335358684,9.912453862182911,9.024562313603468,7.87824367560339,7.189803071115235,5.174990322185042,3.7766334280186586,3.5524812680195996,3.231076978020586,3.5917466480216196,4.349271558023473,4.8896768480242265,5.045156458025225,4.844467388026354,4.463581578027582,5.426961318028901,5.275644098030321,6.190352788031863,6.320184798033565,5.423276838035525,5.78335528803809,9.928690099,10.16555839,10.6961069,10.58370827,11.18179624,11.02451383,10.74871607,11.05196484,11.41733114,12.14188535,12.28627295,12.13311077,11.98987374,12.68144337,12.59711093,13.40449285,13.18034069,12.8589364,13.21960607,13.97713098,14.51753627,14.67301588,14.47232681,14.091441,15.05482074,14.90350352,15.81821221,15.94804422,15.05113626,15.41121471,
0.0,0.0,0.0,0.0,0.0,0.0,0.0,0.0,0.0,0.0,0.0,0.0,0.0,0.0,0.0,0.0,0.0,0.0,0.0,0.0,0.0,0.0,0.0,0.0,0.0,0.0,0.0,0.0,0.0,0.0,0.5775653523480214,0.6075899339572086,0.6489940751353555,0.7060907211107698,0.7679063672355195,0.8740000499333371,1.0237308160735008,1.2280808275565434,1.5011037340573934,1.8427591316358845,2.3631713936759984,3.094605155761194,4.0931874713644785,5.46700771143317,7.388828908973534,9.584673947999846,9.584673947999837,9.584673947999832,9.584673947999823,9.584673947999052,9.58467394799943,9.584673947999615,9.584673947999736,9.584673947999821,9.584673947999875,9.5846739479999,9.584673947999876,9.58467394799977,9.584673947999486,9.584673947998679,8.895480660660816,9.136135686052075,9.5377155248744,9.411739018899478,9.85289623277525,9.639034050077978,9.231708813938386,9.365268682455941,9.413654085955725,9.618478038377893,9.306696036338478,8.47559280425401,7.399151218651493,6.610487598583604,4.653776601044084,3.0683916320186624,2.9841679420196043,2.6841445020205854,3.0863677620216214,3.72680242202347,4.119040212024226,4.352192902025226,4.216212662026353,3.860087412027584,4.753167692028904,4.662800312030324,5.3468030420318655,5.563252732033566,4.775740662035523,5.187032812038088,9.473046013,9.74372562,10.1867096,10.11782974,10.6208026,10.5130341,10.25543963,10.59334951,10.91475782,11.46123717,11.66986743,11.57019796,11.49233869,12.07749531,12.04260551,12.65306558,12.56884189,12.26881845,12.67104171,13.31147637,13.70371416,13.93686685,13.80088661,13.44476136,14.33784164,14.24747426,14.93147699,15.14792668,14.36041461,14.77170676,
0.0,0.0,0.0,0.0,0.0,0.0,0.0,0.0,0.0,0.0,0.0,0.0,0.0,0.0,0.0,0.0,0.0,0.0,0.0,0.0,0.0,0.0,0.0,0.0,0.0,0.0,0.0,0.0,0.0,0.0,0.5662868744580211,0.5957251473863654,0.6363207641457018,0.6923024484001457,0.7529109819527168,0.8569329073165608,1.0037397876514225,1.204099329351326,1.4717907477324073,1.8067744278473716,2.3170242759420456,3.034174875991741,4.01325725358439,5.360250051287541,7.244542650900631,9.39750805799985,9.397508057999842,9.397508057999836,9.397508057999827,9.397508057999072,9.397508057999444,9.397508057999625,9.397508057999742,9.397508057999826,9.397508057999879,9.397508057999904,9.39750805799988,9.397508057999774,9.397508057999495,9.397508057998706,8.592521838550818,8.845992663622921,9.221506111864057,9.163783704610104,9.516318688058053,9.288918022694753,8.911509193360464,9.060908180661162,9.16060732228071,9.283948602166408,8.966543764072428,8.131916904023464,7.12287517643158,6.327317628729232,4.486526219116991,2.8465144520186576,2.732348542019596,2.4643324820205805,2.880793372021617,3.484201022023448,3.8631981020242065,4.078016522025216,3.921362292026344,3.601267342027574,4.477429602028897,4.481390622030319,5.0512703220318595,5.2489874920335575,4.486546792035513,4.916348092038059,9.158808713,9.441717811,9.857826876,9.856086153,10.26922967,10.14585093,9.915248981,10.26500751,10.63239807,11.09072303,11.28356804,11.16609178,11.13613243,11.68756768,11.73106887,12.24402251,12.1298566,11.86184054,12.27830143,12.88170908,13.26070616,13.47552458,13.31887035,12.9987754,13.87493766,13.87889868,14.44877838,14.64649555,13.88405485,14.31385615,
0.0,0.0,0.0,0.0,0.0,0.0,0.0,0.0,0.0,0.0,0.0,0.0,0.0,0.0,0.0,0.0,0.0,0.0,0.0,0.0,0.0,0.0,0.0,0.0,0.0,0.0,0.0,0.0,0.0,0.0,0.3128099014170116,0.329071241151251,0.3514957603291049,0.38241935386912956,0.4158987620290919,0.4733591936335046,0.5544535079045858,0.6651296533601707,0.8129990989907235,0.9980399619868118,1.2798956995638129,1.6760408666531936,2.216873924645241,2.960936171650724,4.001796217877117,5.191067816999917,5.1910678169999125,5.191067816999909,5.191067816999904,5.191067816999487,5.191067816999691,5.191067816999792,5.1910678169998565,5.191067816999903,5.191067816999932,5.191067816999946,5.191067816999933,5.191067816999875,5.191067816999721,5.1910678169992845,9.001908856591827,9.049065978858035,9.22566804068065,9.478676245141122,9.115916190981677,9.170030543377809,9.5295823721073,9.530753226652315,9.824802981022392,9.869002318026967,9.193419830450662,8.937063513362007,8.844267715370727,8.39387371836605,7.735235072140502,6.806013883018591,6.338072073019526,6.872696383020507,7.004551443021541,7.323884963023036,7.802192773023963,7.316803843025053,7.4682013330262365,8.028985233027504,8.288835253028846,8.694884933030279,8.966303623031807,8.403689513033461,8.929334763035293,9.026398723037481,9.314718758,9.37813722,9.577163801,9.861095599,9.531814953,9.643389737,10.08403588,10.19588288,10.63780208,10.86704228,10.47331553,10.61310438,11.06114164,11.35480989,11.73703129,11.9970817,11.52913989,12.0637642,12.19561926,12.51495278,12.99326059,12.50787166,12.65926915,13.22005305,13.47990307,13.88595275,14.15737144,13.59475733,14.12040258,14.21746654,
0.0,0.0,0.0,0.0,0.0,0.0,0.0,0.0,0.0,0.0,0.0,0.0,0.0,0.0,0.0,0.0,0.0,0.0,0.0,0.0,0.0,0.0,0.0,0.0,0.0,0.0,0.0,0.0,0.0,0.0,0.3067753454010114,0.32272298034177416,0.34471489806904215,0.37504193070550224,0.40787547259649853,0.46422740925989553,0.5437572967662512,0.6522983390925513,0.79731516896935,0.9787863257382996,1.2552046579482243,1.643707611058957,2.1741072161168953,2.903815424811552,3.924595773351534,5.090924600999919,5.090924600999915,5.090924600999911,5.090924600999907,5.0909246009994975,5.090924600999698,5.090924600999797,5.09092460099986,5.090924600999906,5.0909246009999345,5.090924600999948,5.090924600999935,5.090924600999878,5.090924600999727,5.090924600999299,8.981354102607826,9.00039257366751,9.174338045940713,9.482296584304747,8.99321019441427,9.144376553751417,9.511493223245633,9.483765150919934,9.836433901043764,9.755145324275478,9.074468862066249,8.931113018956243,8.822138553899075,8.382097475205219,7.807963706666087,6.75920458901859,6.396627209019522,6.938402999020507,7.033142789021536,7.348091859023024,7.743181259023954,7.245401009025047,7.5226798590262325,8.0913911790275,8.307187159028846,8.789737599030278,8.893032899031809,8.31737999903346,8.98917060903528,9.043127859037465,9.288129448,9.323115554,9.519052944,9.857338515,9.401085667,9.608603963,10.05525052,10.13606349,10.63374907,10.73393165,10.32967352,10.57482063,10.99624577,11.2859129,11.73255948,11.85012919,11.48755181,12.0293276,12.12406739,12.43901646,12.83410586,12.33632561,12.61360446,13.18231578,13.39811176,13.8806622,13.9839575,13.4083046,14.08009521,14.13405246,
0.0,0.0,0.0,0.0,0.0,0.0,0.0,0.0,0.0,0.0,0.0,0.0,0.0,0.0,0.0,0.0,0.0,0.0,0.0,0.0,0.0,0.0,0.0,0.0,0.0,0.0,0.0,0.0,0.0,0.0,0.3060467146020114,0.32195647186399956,0.34389615596550405,0.3741511580090482,0.4069067160261098,0.4631248096110072,0.5424658034323034,0.6507490468592457,0.795421443162077,0.9764615826542661,1.2522233858657699,1.639803594625033,2.1689434325803782,2.8969184906711525,3.915274354935881,5.078833001999919,5.078833001999914,5.078833001999911,5.078833001999906,5.078833001999499,5.078833001999699,5.078833001999797,5.07883300199986,5.0788330019999055,5.078833001999934,5.078833001999947,5.078833001999935,5.078833001999878,5.078833001999728,5.078833001999301,9.170625113406826,9.106311599145286,9.366798976044253,9.653508542001202,8.959910108984662,9.381249403400309,9.716899106579584,9.599635953153241,10.02206411685104,9.767075987359515,9.039796404148705,9.19449574539017,8.951325567435594,8.616207879345621,8.020007535081742,6.781901008018586,6.690593568019524,7.194681348020504,7.181977968021534,7.6106117680230225,7.766758258023957,7.212524228025047,7.844276628026234,8.3710743480275,8.589016038028847,9.041667848030281,8.91763890803181,8.280595638033462,9.287078068035285,9.214633038037467,9.476671828,9.428268071,9.710695132,10.0276597,9.366816825,9.844374213,10.25936491,10.250385,10.81748556,10.74353757,10.29201979,10.83429934,11.120269,11.51312637,11.93528189,11.86073401,11.76942657,12.27351435,12.26081097,12.68944477,12.84559126,12.29135723,12.92310963,13.44990735,13.66784904,14.12050085,13.99647191,13.35942864,14.36591107,14.29346604,
0.0,0.0,0.0,0.0,0.0,0.0,0.0,0.0,0.0,0.0,0.0,0.0,0.0,0.0,0.0,0.0,0.0,0.0,0.0,0.0,0.0,0.0,0.0,0.0,0.0,0.0,0.0,0.0,0.0,0.0,0.3264052777440122,0.34337336950965053,0.366772505462082,0.3990401034266961,0.43397459709091535,0.49393237992377415,0.57855122367906,0.6940375872290031,0.8483337500175027,1.0414168781621964,1.3355226589920652,1.7488851283545055,2.313223928716524,3.0896246861493597,4.175722699486398,5.416682543999914,5.416682543999909,5.416682543999905,5.416682543999901,5.416682543999466,5.416682543999679,5.416682543999784,5.416682543999851,5.4166825439999,5.41668254399993,5.416682543999944,5.416682543999931,5.41668254399987,5.41668254399971,5.416682543999254,9.921356542264824,9.915110500499635,10.109254974547678,10.343718096583556,8.931573010919854,10.23168146008754,10.515589196332828,10.458955552783484,10.740574839995617,9.816019481851582,8.95510255102241,10.055269031660702,9.786251741299445,9.330889673867413,8.610695190531223,6.569794336018594,7.406308716019532,7.8554929560205125,7.923766686021547,8.272859796023058,7.565092656023974,6.873009196025059,8.663266116026243,9.127605746027506,9.328375376028852,9.71078795603028,8.728174486031815,7.940935876033469,10.118142086035302,10.135409276037514,10.24776182,10.25848387,10.47602748,10.7427582,9.365547608,10.72561384,11.09414042,11.15299314,11.58890859,10.85743636,10.29062521,11.80415416,12.09947567,12.42051436,12.78641789,11.98647688,12.82299126,13.2721755,13.34044923,13.68954234,12.9817752,12.28969174,14.07994866,14.54428829,14.74505792,15.1274705,14.14485703,13.35761842,15.53482463,15.55209182,
0.0,0.0,0.0,0.0,0.0,0.0,0.0,0.0,0.0,0.0,0.0,0.0,0.0,0.0,0.0,0.0,0.0,0.0,0.0,0.0,0.0,0.0,0.0,0.0,0.0,0.0,0.0,0.0,0.0,0.0,0.3635101565250135,0.38240713556986644,0.408466222700465,0.44440191488005704,0.4833076683279588,0.5500812915153832,0.6443193790581141,0.772933923469581,0.9447700612738368,1.159802362893857,1.487341302102502,1.9476937111629689,2.5761850366421535,3.4408449551680165,4.650407685153303,6.032436524999904,6.032436524999898,6.032436524999894,6.032436524999889,6.0324365249994045,6.032436524999643,6.032436524999759,6.0324365249998335,6.032436524999888,6.0324365249999214,6.032436524999937,6.032436524999922,6.032436524999855,6.032436524999676,6.032436524999169,10.85113566348382,10.848126154439418,11.002280577309289,11.24639404513019,8.993930980682812,11.211375608495928,11.496561500953767,11.4368684665429,11.666848228739275,9.985811657119923,8.926007177911975,10.996465248852234,10.669784453373815,10.087884774848755,9.264398904864315,6.272184965018606,8.028955335019543,8.491978675020523,8.572095795021555,8.878549695023118,7.293900455024016,6.403818825025087,9.407305375026258,9.884116255027514,10.028243235028858,10.430018255030292,8.487852765031821,7.484481315033484,10.968110445035336,10.9933040450376,11.21464582,11.23053329,11.4107468,11.69079596,9.477238649,11.7614569,12.14088088,12.20980239,12.61161829,11.14561402,10.41334848,12.94415896,13.24596949,13.52872973,13.91480659,12.30462149,14.06139186,14.5244152,14.60453232,14.91098622,13.32633698,12.43625535,15.4397419,15.91655278,16.06067976,16.46245478,14.52028929,13.51691784,17.00054697,17.02574057,
0.0,0.0,0.0,0.0,0.0,0.0,0.0,0.0,0.0,0.0,0.0,0.0,0.0,0.0,0.0,0.0,0.0,0.0,0.0,0.0,0.0,0.0,0.0,0.0,0.0,0.0,0.0,0.0,0.0,0.0,0.4227464411010157,0.4447228026837005,0.47502838327081065,0.5168200243150377,0.5620657169407465,0.6397205253558766,0.7493153067113575,0.8988884065211142,1.0987263323819125,1.348799510805934,1.7297129966796874,2.265082749324274,2.9959907207798193,4.001552454773214,5.408221099957335,7.015460300999888,7.015460300999882,7.015460300999877,7.01546030099987,7.015460300999307,7.0154603009995835,7.015460300999719,7.015460300999806,7.0154603009998695,7.015460300999909,7.015460300999927,7.01546030099991,7.015460300999831,7.0154603009996235,7.015460300999034,11.202825078907821,11.210088667325588,11.317766396738946,11.519627755695215,8.822520137070024,11.653829894655438,11.836430263300528,11.772187953491374,11.885768947631208,10.12890494920785,8.581830953334789,11.26467569069093,10.750398089236153,9.980138315243561,8.917992740060283,5.6557849790186205,7.682075149019556,8.04115677902054,8.140816469021571,8.394766869023213,6.707943109024069,5.299213869025125,9.122782349026282,9.484304889027532,9.582953779028868,9.933725869030297,7.937469959031831,6.369311429033503,10.608018669035383,10.653495509037727,11.62557152,11.65481147,11.79279478,12.03644778,9.384585854,12.29355042,12.58574557,12.67107636,12.98449528,11.47770446,10.31154395,13.52975844,13.74638881,13.98169077,14.32621384,12.67124528,14.69753545,15.05661708,15.15627677,15.41022717,13.72340341,12.31467417,16.13824265,16.49976519,16.59841408,16.94918617,14.95293026,13.38477173,17.62347897,17.66895581,
0.19924214080800273,0.29273190360397505,0.4322135278657228,0.6403124996125336,0.9466266618677843,1.4092237680878188,2.1003044433130458,3.130835694613466,4.666234255956455,6.700345848407032,8.946478582281737,11.419166996870784,14.135602912688457,17.120754270119125,20.40796827368012,24.025174384186357,27.988875889028098,32.35615015355738,37.16141382774159,42.4645314221256,48.24118316295482,54.570939604993725,60.65661204271782,60.65661204327814,60.65661204390863,60.65661204238372,60.656612038804795,60.65661203197809,60.656612016158014,60.65661203374333,0.4512765401550168,0.4747360313677645,0.5070868597251158,0.5516989140069226,0.5999981251649611,0.6828936622077126,0.7998847210096222,0.9595521349010596,1.1728766221264095,1.439826613357192,1.8464469968565749,2.4179475139227034,3.198182634698952,4.271607212909382,5.7732084036608615,7.48891615499988,7.488916154999874,7.488916154999869,7.488916154999862,7.48891615499926,7.488916154999556,7.488916154999701,7.488916154999794,7.488916154999861,7.488916154999903,7.488916154999923,7.488916154999904,7.48891615499982,7.488916154999598,7.488916154998969,11.413776459045817,11.440005595037546,11.141575872418919,11.332857406390795,8.425608246978024,10.916473909715782,10.160514895689216,9.18154108049796,7.67227579193025,4.085421638249553,0.1643101308761638,0.47958753922171293,1.5979818053088756e-11,1.6781798142457578e-11,1.7629985783816902e-11,1.8514415147580936e-11,1.9446727575754143e-11,2.0425544781599756e-11,2.1452398662614253e-11,2.2530795633631263e-11,2.366184260033092e-11,2.4850930733753035e-11,2.6103635634855715e-11,2.7414908213502494e-11,2.8789973508749693e-11,3.023490887570648e-11,3.175210931563777e-11,3.3343670715487264e-11,3.502239587531099e-11,3.677935196274152e-11,12.06429514,12.20747353,12.08087626,12.52486882,9.972233034,13.00859134,13.06070406,13.27192891,13.51138667,12.2255941,10.95723571,14.31670205,14.39823183,14.32324392,14.90755016,13.49690628,15.55240153,15.62482084,15.87497558,15.78667747,14.61762326,13.08579861,17.0769059,17.1224302,17.00389012,17.63695879,15.92726635,14.22290391,18.28855048,18.50680391,
1.2134238250680167,1.782794868344991,2.632265393767049,3.899629061240722,5.765142556171721,8.582449918050678,12.79126715401114,19.06740516243621,28.418284387851095,40.80642406109955,54.48581418658074,69.54497296726925,86.08860197143636,104.26876086679296,124.28854068767872,146.31803734370735,170.45775910100204,197.05531834070572,226.32031923029058,258.6173484133081,293.79829368430603,332.3477553719776,369.41069746619127,369.41069746960375,369.4106974734435,369.41069746415656,369.4106974423602,369.4106974007842,369.41069730443684,369.41069741153484,0.4599917853000171,0.48390433621940465,0.5168799375810901,0.5623535588952856,0.6115855450329581,0.6960819960662882,0.8153324361267085,0.9780834152601017,1.1955277160280784,1.4676331594218135,1.882106369309942,2.464643948273892,3.2599473027012147,4.354102314495804,5.88470306831548,7.633545299999878,7.633545299999872,7.633545299999866,7.633545299999859,7.633545299999246,7.633545299999548,7.633545299999694,7.63354529999979,7.633545299999858,7.633545299999901,7.633545299999921,7.633545299999902,7.633545299999817,7.63354529999959,7.633545299998949,10.499653979640806,10.065490105444894,9.05908024866162,8.178103469874246,4.085422448806089,4.079205535894355,1.1891109967439927e-11,1.2491179130177496e-11,1.312174271606348e-11,1.378395795259346e-11,1.4479146163562857e-11,1.5209221139384177e-11,1.5975707394734304e-11,1.6780509425626743e-11,1.762557621958584e-11,1.8512903529376888e-11,1.9444624985402198e-11,2.0422908203686e-11,2.145011264319579e-11,2.2528667765143842e-11,2.36611448775501e-11,2.485024605654115e-11,2.609888036914348e-11,2.7409880750707924e-11,2.8786438261368785e-11,3.0231866519399095e-11,3.1749488985896567e-11,3.3342915184303887e-11,3.5016204997387136e-11,3.677306345864794e-11,12.17306959,12.33218931,12.20822558,12.64008609,10.46215055,13.35773745,13.17846236,13.40751953,13.635679,12.60571415,11.4955446,14.7009574,14.54532915,14.47423094,15.04468591,13.91655417,15.96982263,15.7656978,16.03715983,15.95309112,15.07211665,13.7286799,17.53524417,17.27680996,17.18313489,17.79920258,16.42247936,14.92164909,18.45344424,18.69587582,
2.2878452167800316,3.3613636289154325,4.962994516848211,7.35254039904474,10.86986553972858,16.181746713408884,24.11724475017584,35.95056467169772,53.581143424635954,76.93831303901676,102.73006578072338,131.12329795019886,162.31541871084534,196.59312836988477,234.33934412564966,275.874772647289,321.38891685302997,371.53718115068267,426.7147629000332,487.60907056572444,553.9408465678488,626.6237787054644,696.5039582752771,696.503958281711,696.5039582889508,696.5039582714408,696.5039582303448,696.5039581519555,696.5039579702978,696.5039581722253,0.457131992757017,0.4808958781197821,0.5136664684749914,0.5588573779510773,0.6077832863035959,0.691754418563206,0.8102634725160203,0.9720026204572803,1.1880950588448265,1.458508808728384,1.870405217393555,2.4493211303243783,3.239680042970136,4.327032636887685,5.848117567247104,7.586087156999879,7.586087156999873,7.586087156999867,7.58608715699986,7.586087156999251,7.58608715699955,7.586087156999697,7.586087156999791,7.586087156999859,7.586087156999902,7.5860871569999215,7.586087156999903,7.586087156999818,7.586087156999593,7.586087156998955,9.422049350471791,8.453248692974071,6.730328194686555,4.697379273014433,1.0774090284304587e-11,1.131860827995788e-11,1.1890554459617098e-11,1.2491128777582976e-11,1.3121736451249938e-11,1.3783876078962648e-11,1.4479123777216756e-11,1.520913411256047e-11,1.597564869728676e-11,1.6780488953592053e-11,1.7625566964137592e-11,1.8512899394622042e-11,1.9444601092366686e-11,2.0422885160259045e-11,2.145008381123614e-11,2.2528641719795262e-11,2.3661127272537995e-11,2.4850237350924125e-11,2.6098806391544665e-11,2.7409800914185334e-11,2.878634588021574e-11,3.0231740567706835e-11,3.1749357906528136e-11,3.334287160437468e-11,3.501607565882716e-11,3.677292754306407e-11,12.16702656,12.2955082,12.20698918,12.60877705,10.89368412,13.57933572,13.17192023,13.36763993,13.60190391,12.73333569,11.96970269,14.94483903,14.50206524,14.47276505,15.00742076,14.05744678,16.2347541,15.75787131,15.98945858,15.95147545,15.2247083,14.29494839,17.82614521,17.2682333,17.18139465,17.7551146,16.58874222,15.53712412,18.44428348,18.64026643,
3.1461936602640432,4.622472211656034,6.824999248336097,10.111049392959844,14.947996393369971,22.252776782416596,33.165496502788486,49.43841385047804,73.68359210486578,105.80385025148247,141.27209275665584,180.31783168637895,223.2125397145103,270.350480702242,322.2582338311393,379.3768277520392,441.9668626469626,510.92963602399135,586.8086144685365,670.549106753066,761.767084088813,861.7190295366829,957.8166922317533,957.8166922406011,957.8166922505571,957.8166922264777,957.8166921699635,957.8166920621644,957.8166918123526,957.8166920900388,0.47665047722701775,0.5014290258265486,0.5355988450020013,0.5827193023521582,0.6337342344385001,0.7212907408721045,0.8448598588015873,1.0135048962830717,1.2388239846745128,1.520783779598025,1.9502672173558058,2.5539015079871867,3.3780069280019935,4.511786976252356,6.097818733920258,7.909995626999874,7.909995626999867,7.909995626999861,7.909995626999854,7.909995626999219,7.909995626999531,7.909995626999684,7.909995626999782,7.909995626999853,7.909995626999898,7.909995626999918,7.9099956269998986,7.90999562699981,7.909995626999575,7.909995626998911,8.401567032517777,7.0358868525267,4.727696576671659,1.7434348046982506,1.0773839792922052e-11,1.131857135980049e-11,1.1890545183233618e-11,1.2491124173381174e-11,1.3121734054777643e-11,1.378387444039671e-11,1.4479122344665702e-11,1.5209133436047238e-11,1.5975646087030076e-11,1.6780485138299217e-11,1.7625563886842787e-11,1.8512896642253343e-11,1.944459768279984e-11,2.0422881853262727e-11,2.1450080470442202e-11,2.252863835377787e-11,2.3661124571311465e-11,2.4850234406263912e-11,2.6098803258527978e-11,2.7409797681049672e-11,2.87863419906238e-11,3.0231712940696684e-11,3.174934825952467e-11,3.334286640532132e-11,3.501606415286659e-11,3.677291443841876e-11,12.02441117,12.15978809,12.08829467,12.4372035,10.90256863,13.57160554,13.01752601,13.22008544,13.41681642,12.51788858,11.97946477,14.93633153,14.34198874,14.33203928,14.80320774,13.81959582,16.22551231,15.57316595,15.81296396,15.79637147,14.96710735,14.30660686,17.8159975,17.06582429,17.01433156,17.51351242,16.30806191,15.54979567,18.22808943,18.4345117,
3.6270203238840497,5.328915657677164,7.868050621566277,11.656301424554732,17.23246963619787,25.65362541793007,38.23411488828178,56.993990573747986,84.94451230910606,121.97364709428126,162.8624321819467,207.87545552116825,257.3256784270423,311.66761934055916,371.5083335163883,437.35625115709615,509.5117994641406,589.0140194924211,676.4894347695682,773.0278237708841,878.1864673340342,993.4138743846062,1104.197956138659,1104.197956148859,1104.1979561603366,1104.197956132577,1104.197956067426,1104.197955943152,1104.197955655162,1104.1979559752865,0.5250123721410195,0.5523050010168641,0.589941757252377,0.6418431488836143,0.698034156317573,0.7944743181034459,0.9305810017785627,1.1163370964604848,1.3645175027263976,1.6750854930122525,2.1481451650895336,2.8130253780995864,3.7207461549114305,4.969561756819617,6.716515416088957,8.71255934099986,8.712559340999853,8.712559340999848,8.712559340999839,8.712559340999139,8.712559340999483,8.71255934099965,8.71255934099976,8.712559340999837,8.712559340999887,8.71255934099991,8.712559340999888,8.71255934099979,8.712559340999531,8.7125593409988,7.61011119398377,6.062148881315258,3.5573546111911027,1.0260305884485013e-11,1.0773827995583297e-11,1.13185651254355e-11,1.1890542422008155e-11,1.249112242275692e-11,1.3121732904472807e-11,1.3783873457822165e-11,1.4479121586799323e-11,1.5209132581028246e-11,1.597564502995622e-11,1.678048383895079e-11,1.762556263945336e-11,1.8512895602111728e-11,1.9444596109866303e-11,2.0422880337374755e-11,2.1450078925453347e-11,2.2528637113207558e-11,2.3661123314344405e-11,2.4850233564568406e-11,2.6098801518898775e-11,2.7409795576584175e-11,2.8786339780811667e-11,3.023170999401321e-11,3.174934596007407e-11,3.3342864684078635e-11,3.501606135138872e-11,3.677291083963589e-11,11.76214389,11.94336954,12.01534699,12.27063941,11.06502833,13.48013184,12.73359766,12.98479583,13.23713295,12.36282155,12.15797135,14.83565946,14.08673163,14.24555158,14.60495715,13.64840372,16.11615106,15.23349593,15.53152659,15.70104714,14.7817003,14.51979029,17.69591625,16.69359755,16.91165737,17.27896432,16.10604361,15.78150392,17.83051225,18.10641632,
3.809398610076052,5.596870733227482,8.263681596828231,12.242417874784927,18.09897381826982,26.94357248757413,40.156649565431245,59.8598323380291,89.21579650190053,128.10687567619928,171.0516808251959,218.32810423385425,270.2648439221124,327.3392729848936,390.1889713740249,459.34793480334974,535.1316969234866,618.6315451265357,710.5055065648733,811.8981572922283,922.3445167981404,1043.3659297112786,1159.7205925934854,1159.7205926041984,1159.7205926162528,1159.7205925870976,1159.7205925186704,1159.7205923881477,1159.7205920856766,1159.7205924218981,0.5626723865760209,0.5919227613107714,0.6322592649395425,0.6878836300886383,0.7481053123473643,0.8514632880319053,0.9973331314798136,1.196413821120484,1.462396622488713,1.7952421734909336,2.3022352060457885,3.0148083873517955,3.9876414917422793,5.3260367227984915,7.198302286160808,9.33752577599985,9.337525775999842,9.337525775999836,9.337525775999827,9.337525775999078,9.337525775999445,9.337525775999627,9.337525775999742,9.337525775999826,9.337525775999879,9.337525775999904,9.33752577599988,9.337525775999776,9.337525775999499,9.337525775998714,7.247457503356764,5.6812138254710325,3.069950088241984,1.025519593252783e-11,1.0773825288563684e-11,1.1318563506509128e-11,1.1890541643407102e-11,1.2491121928365888e-11,1.3121732543695739e-11,1.3783873140792982e-11,1.447912133773183e-11,1.5209132257174797e-11,1.5975644696921352e-11,1.6780483437099762e-11,1.7625562243740886e-11,1.8512895257611524e-11,1.9444595619214636e-11,2.0422879868882836e-11,2.1450078459040314e-11,2.2528636696452203e-11,2.3661122930902283e-11,2.4850233182670055e-11,2.6098800751353167e-11,2.7409794656191436e-11,2.8786338728856817e-11,3.023170875912422e-11,3.174934497364853e-11,3.334286394120269e-11,3.5016060340147744e-11,3.6772909691661686e-11,11.6195285,11.87000732,11.96589095,12.17045047,11.16148877,13.41184865,12.57920344,12.90503664,13.12905266,12.24755049,12.26395963,14.76050989,14.00020379,14.18691584,14.48570868,13.52114587,16.0345152,15.04879058,15.43612409,15.63642048,14.64387559,14.64636795,17.60627814,16.49118854,16.84204775,17.13788276,15.95587071,15.91908069,17.6143182,17.99519755,
3.7048503212880513,5.443265579863158,8.036886278598187,11.906426824635716,17.6022505988845,26.20411078095186,39.05455723400115,58.21698954874361,86.7672843319058,124.59100453619892,166.35719690395862,212.33612701424738,262.8474718264553,318.3555030131301,379.4803022541267,446.74120984288845,520.4450996633346,601.6533089130339,691.0058053024931,789.6157521927685,897.0309303834291,1014.7309314618205,1127.8922606601582,1127.8922606705771,1127.892260682301,1127.8922606539459,1127.8922605873968,1127.892260460456,1127.8922601662864,1127.8922604932802,0.593341452093022,0.6241861500619299,0.6667212383414343,0.7253774695280306,0.7888815995535219,0.8978732132192391,1.0516938498682888,1.261625647292857,1.5421061282276942,1.8930937851058538,2.4277210199124073,3.1791337712853194,4.204992193653849,5.616338100819629,7.590653518765001,9.846477692999843,9.846477692999834,9.846477692999827,9.84647769299982,9.846477692999027,9.846477692999416,9.846477692999606,9.846477692999729,9.846477692999818,9.846477692999873,9.846477692999898,9.846477692999875,9.846477692999763,9.846477692999471,9.846477692998644,7.246403216627765,5.7683198900842,3.2561014230701386,1.025534253873643e-11,1.0773826651701258e-11,1.1318564304012097e-11,1.1890541958449175e-11,1.2491122153456416e-11,1.3121732652341447e-11,1.3783873216461304e-11,1.4479121394049994e-11,1.5209132269081496e-11,1.597564471319468e-11,1.6780483496413387e-11,1.76255622660821e-11,1.8512895167284713e-11,1.9444595688751287e-11,2.042287986942515e-11,2.1450078498635502e-11,2.252863658758653e-11,2.3661122985642814e-11,2.4850232889231632e-11,2.6098800424012974e-11,2.7409794186260452e-11,2.878633823708022e-11,3.023170828717501e-11,3.174934443054259e-11,3.3342863506680065e-11,3.5016059890017955e-11,3.677290972228994e-11,11.54459499,11.83577162,11.95970894,12.19675007,11.1322968,13.44663443,12.49808106,12.86781569,13.15742374,12.10895076,12.23188423,14.79879364,13.95982413,14.17958638,14.5170114,13.36813347,16.07610328,14.951742,15.39160293,15.62834215,14.47815778,14.60806156,17.65194284,16.38483804,16.83334655,17.17491667,15.77530567,15.87744561,17.50072472,17.94329545,
3.2961954721800453,4.8428589017816455,7.150396335777258,10.593116262673414,15.660675517938287,23.31372763222687,34.7467356462475,51.79550068511444,77.19662198087217,110.84828519706677,148.0075554061119,188.91488717451807,233.85469624238885,283.2400438813551,337.62261511193583,397.4644656112341,463.0386202571764,535.2893479302031,614.786026199387,702.5190335449136,798.0860317475219,902.8034095052552,1003.482742968788,1003.4827429780577,1003.4827429884883,1003.4827429632609,1003.4827429040522,1003.4827427911135,1003.4827425293914,1003.482742820317,0.5805379252770216,0.6107170353012759,0.6523342724151715,0.7097247794116343,0.7718585739770966,0.8784982922150367,1.0289996821820233,1.2344014280007662,1.5088295096866615,1.8522433153513713,2.3753339987956976,3.1105322529711685,4.114254002141015,5.495144924061273,7.426857216424002,9.634003676999846,9.634003676999837,9.63400367699983,9.634003676999823,9.634003676999049,9.634003676999429,9.634003676999615,9.634003676999734,9.634003676999821,9.634003676999875,9.6340036769999,9.634003676999876,9.634003676999768,9.634003676999482,9.634003676998674,7.717414392551769,6.450667082926365,4.215089191817325,0.7786917579252028,1.0773835804752601e-11,1.1318568597091205e-11,1.1890543737642667e-11,1.2491123315114294e-11,1.3121733291573104e-11,1.3783873837817077e-11,1.4479121906792432e-11,1.5209132724796208e-11,1.5975645339440084e-11,1.678048434969559e-11,1.762556292580904e-11,1.8512895815761206e-11,1.9444596591865933e-11,2.0422880658883153e-11,2.145007934372444e-11,2.2528637423401237e-11,2.3661123669822407e-11,2.4850233554022338e-11,2.609880107511881e-11,2.7409794813458632e-11,2.878633906457383e-11,3.0231709107623177e-11,3.1749345199784594e-11,3.334286422466003e-11,3.501606073006778e-11,3.67729117829136e-11,11.59414779,11.90424302,12.0178198,12.0815328,11.18179624,13.51620598,12.55172651,12.9422576,13.03313141,12.19265951,12.28627295,14.87536112,14.04058345,14.24848336,14.37987565,13.4605469,16.15927944,15.01591929,15.48064526,15.70427847,14.57824477,14.67301588,17.74327224,16.45516659,16.91513785,17.01267288,15.8843598,15.94804422,17.57584299,18.04709964,
2.620218812340036,3.849695840873225,5.684008473653851,8.420702821487872,12.449017951873927,18.532598640859934,27.620950024389455,41.17339109138095,61.36530520430709,88.11575789129144,117.65448509249438,150.17262947041928,185.89627939847566,225.15378643339335,268.3836972212831,315.9533100573197,368.07965846618845,425.5133627024586,488.7070336110877,558.4479449891004,634.4162692716789,717.6584330012041,797.6906658531382,797.6906658605069,797.6906658687984,797.6906658487445,797.6906658016783,797.6906657119008,797.6906655038522,797.6906657351153,0.5318775230460198,0.5595270349702823,0.5976559358196027,0.6502359988586679,0.7071617694449024,0.8048629991581132,0.9427494369346398,1.1309345098448547,1.382360165234577,1.6969891952838956,2.176234675940575,2.8498089754870053,3.7693992632724758,5.034544589992016,6.804341711875423,8.82648624599986,8.82648624599985,8.826486245999845,8.826486245999837,8.826486245999128,8.826486245999476,8.826486245999646,8.826486245999757,8.826486245999837,8.826486245999886,8.82648624599991,8.826486245999886,8.826486245999789,8.826486245999526,8.826486245998785,8.350197474622782,7.403317374165779,5.711427360536302,2.7688881796637097,1.077391113228547e-11,1.1318583308146872e-11,1.1890548508631465e-11,1.2491126055848735e-11,1.3121734853663528e-11,1.3783875075522127e-11,1.4479123014836671e-11,1.5209133444357288e-11,1.5975646766050123e-11,1.6780486428959056e-11,1.7625564450406044e-11,1.8512897461330183e-11,1.9444598559102864e-11,2.0422882447481633e-11,2.145008122002751e-11,2.2528639463372987e-11,2.3661125168403402e-11,2.4850236005906432e-11,2.6098803739843106e-11,2.740979737084712e-11,2.8786342041055953e-11,3.0231713030393674e-11,3.174934899140822e-11,3.334286771665885e-11,3.5016064145381266e-11,3.677291614727033e-11,11.50229381,11.81254025,11.99309177,11.839827,11.58033018,13.34614219,12.45228616,12.84255861,12.77238772,12.42869073,12.72417189,14.68819616,13.93242365,14.2191655,14.0921887,13.72112248,15.95595994,14.89695651,15.36139214,15.67196514,14.86045728,15.19598149,17.5200226,16.32480147,16.88033304,16.67231361,16.19185669,16.51645351,17.43659937,17.90807618,
1.6354645563720227,2.402868444005312,3.547793166356648,5.255958372417824,7.770315794254609,11.56751034373589,17.240195576593553,25.699236063212595,38.30244297916736,54.99929937544611,73.43651582103212,93.73339801980883,116.03106377444891,140.5344605994623,167.517316586813,197.20888867509905,229.74464289314818,265.59309462443196,305.0367504257584,348.56700375828814,395.9842275359372,447.9415708441371,497.89536843547535,497.89536844007466,497.89536844524997,497.89536843273294,497.8953684033556,497.89536834731905,497.8953682174611,497.89536836180883,0.485274677079018,0.5105015524197871,0.5452896178019576,0.5932626416777363,0.6452006043509946,0.7343413005544683,0.860146196731272,1.0318425864651442,1.261238450065252,1.5482998398424943,1.9855540681004662,2.6001101200824523,3.439126360878708,4.59342027870748,6.208148650568076,8.053113878999872,8.053113878999865,8.053113878999858,8.05311387899985,8.053113878999204,8.053113878999522,8.053113878999678,8.053113878999778,8.05311387899985,8.053113878999895,8.053113878999916,8.053113878999897,8.053113878999806,8.053113878999568,8.053113878998891,9.616023946557798,8.951746503584186,8.026121915851146,6.274892075914689,3.744845661405167,0.9592586557209577,1.1890584035236592e-11,1.2491139400392493e-11,1.3121741501199035e-11,1.3783879580355209e-11,1.4479126901110834e-11,1.5209140972367428e-11,1.5975653116729606e-11,1.678049340528436e-11,1.7625568216563806e-11,1.851290113529717e-11,1.9444601844749776e-11,2.0422885373934092e-11,2.145008417342007e-11,2.2528642699708972e-11,2.366112890545688e-11,2.4850240391995706e-11,2.6098815395166658e-11,2.740980953936572e-11,2.8786370520212527e-11,3.023178556268309e-11,3.1749400307065357e-11,3.334291129609199e-11,3.501610593505074e-11,3.677296059253849e-11,11.73676318,11.8651165,12.1192047,12.12411309,12.16036206,13.2611103,12.70612073,12.89971936,13.07906553,13.15050715,13.36149616,14.59461367,13.99443527,14.36868662,14.43055625,14.51799898,15.85430019,15.20062464,15.42976393,15.83676313,15.72350249,15.95711296,17.40839778,16.65757561,17.05783757,17.07263254,17.1322251,17.34372437,17.79203704,17.98778296,
0.5276237680200072,0.7751990084669635,1.1445677567853827,1.6956457724545015,2.506812686399424,3.73184082185882,5.5619285151019735,8.29093343177501,12.356904471149363,17.743544158062637,23.69164836791487,30.239706791469448,37.433246008003664,45.33838495566923,54.043432150069386,63.622349089982315,74.11883901329864,85.68405154355465,98.40912725204102,112.45259655052841,127.75005694557966,144.51222347849085,160.62801810660457,160.62801810808838,160.62801810975802,160.62801810571983,160.62801809624227,160.62801807816413,160.62801803627013,160.62801808283874,0.3881297740950144,0.40830659742746594,0.4361306001948426,0.47450012532983915,0.5160408664224236,0.5873368971330739,0.6879574904577874,0.8252827705681407,1.0087569325692682,1.2383528246036257,1.588075142399784,2.0796060482781726,2.7506634913791514,3.6738846251560937,4.965367959847001,6.440998094999896,6.440998094999891,6.440998094999887,6.440998094999881,6.4409980949993635,6.4409980949996175,6.440998094999742,6.440998094999822,6.4409980949998795,6.440998094999916,6.440998094999933,6.440998094999917,6.440998094999845,6.440998094999654,6.440998094999112,11.053061797893816,10.692615234114857,10.684401683029531,10.051651402225913,9.34312155718892,8.966411451019415,6.7074524344521205,3.7954670376693342,1.3123802822229584e-11,1.3784186800627168e-11,1.4479887327694468e-11,1.5211219698459125e-11,1.597655438042594e-11,1.6781096037041983e-11,1.7625930578677466e-11,1.8513396985881696e-11,1.9444878002584495e-11,2.0423256007869568e-11,2.1450408183645777e-11,2.2528907499712204e-11,2.366143293473151e-11,2.48507165033635e-11,2.6099575261550182e-11,2.741040930765549e-11,2.8786992904544434e-11,3.023262833609072e-11,3.175063525668717e-11,3.334442237007249e-11,3.501881589622151e-11,3.6773942814937784e-11,11.96881534,11.87612084,12.26510004,12.2217973,12.36597511,13.28558917,12.95733844,12.91168324,13.18444381,13.35223152,13.58741854,14.62155408,14.00741444,14.54166203,14.54682352,14.74070021,15.88356587,15.50116217,15.4440743,16.02741178,15.96469574,16.22692324,17.4405322,16.98691908,17.26318596,17.21018706,17.39502767,17.63698012,18.1438104,18.00446578,
1.610220000000022e-05,2.3657784638814046e-05,3.493030460411515e-05,5.174828923965743e-05,7.650375454164668e-05,0.00011388957610313208,0.0001697408091981182,0.0002530255011181889,0.0003771121758256331,0.0005415034614800108,0.0007230297106997996,0.0009228655648415408,0.001142400419397385,0.0013836521144087353,0.0016493156789211608,0.0019416482948847755,0.0022619837124446935,0.002614934766760407,0.003003282916507562,0.00343186624622885,0.0038987192989212317,0.0044102727472412695,0.0049020999998963775,0.004902099999941661,0.004902099999992616,0.004902099999869377,0.0049020999995801375,0.0049020999990284225,0.004902099997749887,0.004902099999171084,0.4231635030270157,0.44516154546327386,0.47549702412303313,0.517329894851558,0.5626202247677914,0.6403516437958375,0.7500545462521669,0.8997752079075586,1.0998102845475102,1.3501301735083793,1.7314194508651886,2.267317374343286,2.9989464255210168,4.005500199831531,5.413556598707621,7.022381426999888,7.022381426999882,7.0223814269998766,7.02238142699987,7.022381426999306,7.0223814269995835,7.022381426999719,7.022381426999806,7.0223814269998694,7.0223814269999085,7.022381426999927,7.02238142699991,7.022381426999831,7.022381426999623,7.022381426999033,11.539592714781822,11.499407036761372,11.719093215582117,11.54787045686945,11.809624461488427,12.441562436639368,12.200572022950514,12.086096916603804,11.915380963289774,11.864332383043912,11.862248969438578,12.12928305010707,11.088084934075551,10.45122225807083,8.945291855631078,7.564879694723734,8.615555179307108,8.468339308253778,8.50773192010506,8.909505496776982,8.774338553725146,9.208459020277877,10.146025623026384,9.951058903027592,10.136708723028875,9.962463593030426,10.18896688303225,10.618747693034473,11.107366103037632,11.080986443038558,11.96277232,11.94459224,12.19462517,12.0652521,12.37232119,13.08202797,12.95079631,12.98612515,13.01556836,13.21500406,13.59439145,14.39752329,14.08817376,14.45810611,14.36049777,14.58920277,15.64019859,15.49333567,15.53311663,15.93531879,15.8006187,16.23525072,17.17330915,16.97834243,17.16399225,16.98974712,17.21625041,17.64603122,18.13464963,18.10826997,
8.496480000000116e-06,1.248325657537422e-05,1.8431309663447994e-05,2.730548027964903e-05,4.036793856665612e-05,6.009492526292927e-05,8.956536315134748e-05,0.00013351132824959756,0.00019898685022288725,0.0002857294860575376,0.00038151354947563897,0.00048695885123553644,0.0006027985191713862,0.0007300972859007795,0.0008702772093030806,0.0010245293130455837,0.0011935573631623065,0.0013797953662905977,0.0015847109857316498,0.0018108570831164995,0.0020571965662392884,0.0023271226410975206,0.0025866399999453227,0.0025866399999692168,0.0025866399999961037,0.0025866399999310754,0.0025866399997784557,0.002586639999487338,0.0025866399988127065,0.0025866399995626145,0.44686987573501663,0.4701002876670133,0.5021352138411248,0.546311636454068,0.5941392112729981,0.6762252827637898,0.7920739370965828,0.9501822167339171,1.1614236144473509,1.4257668691793295,1.8284166505822725,2.3943365296792702,3.166952742668338,4.229895451170388,5.716833675976327,7.415787734999882,7.415787734999875,7.41578773499987,7.4157877349998635,7.415787734999268,7.415787734999561,7.415787734999704,7.415787734999796,7.415787734999863,7.4157877349999035,7.415787734999923,7.415787734999905,7.415787734999822,7.415787734999602,7.415787734998979,11.430082987793817,11.314305289085695,11.639306274858967,11.468818688075899,11.642335460799204,12.29880855232226,12.06573458755215,11.861668531950318,11.799905618715542,11.589971651348392,11.616372945882729,11.885012741484703,10.731699108828462,10.16444715156049,8.583169586831989,6.952719235705578,8.095372457656397,7.965031869654251,7.907448734035848,8.448246537940138,8.144862068457854,8.638927832384043,9.61455810502635,9.438179585027575,9.67078752502888,9.50083196503037,9.53864900503206,10.033963235034028,10.586192405036604,10.44706793503823,11.87696136,11.78441806,12.14145992,12.01515763,12.23651504,12.97509393,12.85789809,12.81198426,12.96152822,13.01602425,13.44517111,14.27983623,13.89925465,14.3950727,14.30087354,14.3695315,15.51235375,15.3821994,15.32482118,15.86584513,15.562707,16.05704269,17.03293248,16.85655396,17.0891619,16.91920634,16.95702338,17.45233761,18.00456678,17.86544231,
0.0,0.0,0.0,0.0,0.0,0.0,0.0,0.0,0.0,0.0,0.0,0.0,0.0,0.0,0.0,0.0,0.0,0.0,0.0,0.0,0.0,0.0,0.0,0.0,0.0,0.0,0.0,0.0,0.0,0.0,0.4714239756420175,0.495930825943284,0.5297259709652173,0.5763297496235595,0.6267852998648247,0.713381743859565,0.8355959188663579,1.002391753215125,1.2252402040453498,1.5041082926022864,1.9288824182426616,2.525897822021984,3.3409668757900337,4.462314956587651,6.03095577919652,7.823262041999875,7.823262041999868,7.823262041999863,7.823262041999856,7.823262041999227,7.823262041999536,7.823262041999687,7.823262041999785,7.823262041999854,7.823262041999898,7.823262041999919,7.823262041999899,7.823262041999812,7.8232620419995795,7.823262041998922,10.78673162436682,10.763947354065998,11.004660949044537,10.979211160386688,11.06904357014594,11.453909196151747,11.35238828114553,11.23931430679736,11.240469705967767,11.05906534741149,10.922196491771812,10.86490480799322,9.93961375422594,9.213004103429128,7.722865370821102,6.046327928018631,6.723324078019572,6.757503948020554,6.819431278021589,7.249290828023299,7.19799072802412,7.524279538025156,8.149234668026308,8.155042638027554,8.41144176802888,8.44873262803031,8.543796368031849,8.85792155803353,9.243242438035434,9.24696603803785,11.2581556,11.25987818,11.53438692,11.55554091,11.69582887,12.16729094,12.1879842,12.24170606,12.46570991,12.56317364,12.85107891,13.39080263,13.28058063,13.67531906,13.75382115,13.86958997,14.54658612,14.58076599,14.64269332,15.07255287,15.02125277,15.34754158,15.97249671,15.97830468,16.23470381,16.27199467,16.36705841,16.6811836,17.06650448,17.07022808,
0.0,0.0,0.0,0.0,0.0,0.0,0.0,0.0,0.0,0.0,0.0,0.0,0.0,0.0,0.0,0.0,0.0,0.0,0.0,0.0,0.0,0.0,0.0,0.0,0.0,0.0,0.0,0.0,0.0,0.0,0.5007476423190186,0.5267788756526899,0.562676157220764,0.6121787991993368,0.665772801903196,0.7577557459283115,0.8875719265951333,1.0647428494041224,1.3014529916825435,1.5976673233204761,2.048863386573018,2.6830145356814112,3.548782778473276,4.739881315440253,6.40609524208032,8.309887118999868,8.30988711899986,8.309887118999853,8.309887118999846,8.309887118999178,8.309887118999507,8.309887118999667,8.30988711899977,8.309887118999844,8.309887118999892,8.309887118999914,8.309887118999892,8.3098871189998,8.309887118999553,8.309887118998855,10.41053832768982,10.444541234356596,10.681156482788994,10.803097600810913,10.462716348107573,10.894190384083002,10.924894133416752,10.863243740608365,11.012944518330572,10.503049786693303,10.178837093441457,10.14062153433379,9.391455031542694,8.590952814576518,7.180778037937298,5.04915650101864,5.6205793010195775,5.821637881020564,5.957556381021597,6.382984121023348,6.15842604102415,6.293177951025182,6.986095541026325,7.176117681027561,7.515860171028894,7.764593371030318,7.454691921031856,7.5621278310335445,8.230789471035465,8.322880451037914,10.91128597,10.97132011,11.24383264,11.4152764,11.12848915,11.65194613,11.81246606,11.92798659,12.31439751,12.10071711,12.22770048,12.82363607,12.94023781,13.33083413,13.58687328,13.35904362,13.93046642,14.131525,14.2674435,14.69287124,14.46831316,14.60306507,15.29598266,15.4860048,15.82574729,16.07448049,15.76457904,15.87201495,16.54067659,16.63276757,
0.0,0.0,0.0,0.0,0.0,0.0,0.0,0.0,0.0,0.0,0.0,0.0,0.0,0.0,0.0,0.0,0.0,0.0,0.0,0.0,0.0,0.0,0.0,0.0,0.0,0.0,0.0,0.0,0.0,0.0,0.5229035263290194,0.5500865274148206,0.5875721060400976,0.6392650225225833,0.6952303244741819,0.7912831098055507,0.92684308634559,1.1118530443970056,1.359036570897514,1.668357085808675,2.1395165933160847,2.80172614573395,3.7058008310244865,4.949600247235363,6.689536822520406,8.67756312899986,8.677563128999854,8.677563128999848,8.67756312899984,8.677563128999143,8.677563128999486,8.677563128999653,8.677563128999761,8.677563128999838,8.677563128999887,8.67756312899991,8.67756312899989,8.677563128999791,8.677563128999534,8.677563128998804,9.846927403679818,9.963942412594465,10.187664473969656,10.484211117487666,9.895111085536588,10.284765200205761,10.299448313666291,10.318967935615477,10.6405771091156,9.872472004205108,9.496880846698392,9.388101284281257,8.695080128991487,7.825660302781413,6.550025277497218,4.063370961018648,4.5643895310195886,4.752707641020572,4.995204801021604,5.402970501023378,5.121315711024171,5.219331821025191,5.86241508102633,6.039973551027566,6.488633001028891,6.986017311030316,6.357604671031855,6.426918251033546,7.042308951035481,7.261940761037963,10.36983093,10.51402894,10.77523658,11.12347614,10.59034141,11.07604831,11.2262914,11.43082098,11.99961368,11.54082909,11.63639744,12.18982743,12.40088096,12.77526055,13.2395621,12.74093409,13.24195266,13.43027077,13.67276793,14.08053363,13.79887884,13.89689495,14.53997821,14.71753668,15.16619613,15.66358044,15.0351678,15.10448138,15.71987208,15.93950389,
0.0,0.0,0.0,0.0,0.0,0.0,0.0,0.0,0.0,0.0,0.0,0.0,0.0,0.0,0.0,0.0,0.0,0.0,0.0,0.0,0.0,0.0,0.0,0.0,0.0,0.0,0.0,0.0,0.0,0.0,0.5420830741590201,0.5702631189502791,0.609123628919443,0.6627125868593433,0.7207306368448607,0.8203065366662026,0.9608387096496973,1.1526346371214853,1.4088845937196972,1.7295506576888047,2.2179917971890952,2.904490495012513,3.841725682757784,5.131146344940396,6.93490195200961,8.995846958999856,8.995846958999849,8.995846958999842,8.995846958999834,8.995846958999111,8.995846958999467,8.995846958999639,8.995846958999751,8.995846958999833,8.995846958999882,8.995846958999905,8.995846958999884,8.995846958999783,8.995846958999516,8.99584695899876,9.19564743484982,9.321409646059006,9.654242841090314,9.949800003150909,9.39365463316591,9.583216793345112,9.58114612036219,9.601562562891004,10.039519626293423,9.288441822324977,8.89543716282538,8.54518456500269,7.825110807258187,7.037234355076378,5.696492918008008,3.1678819210186537,3.4420694910195904,3.6157721010205774,3.8675897810216093,4.4158007410234115,4.177898371024188,4.276487161025203,4.6612804210263405,4.824571811027572,5.449889591028894,5.948217511030318,5.358179471031858,5.429801661033552,5.765809141035495,6.000151001038009,9.737730509,9.891672765,10.26336647,10.61251259,10.11438527,10.40352333,10.54198483,10.7541972,11.44840422,11.01799248,11.11342896,11.44967506,11.66683649,12.1683807,12.63139487,12.16372888,12.43791645,12.61161906,12.86343674,13.4116477,13.17374533,13.27233412,13.65712738,13.82041877,14.44573655,14.94406447,14.35402643,14.42564862,14.7616561,14.99599796,
0.0,0.0,0.0,0.0,0.0,0.0,0.0,0.0,0.0,0.0,0.0,0.0,0.0,0.0,0.0,0.0,0.0,0.0,0.0,0.0,0.0,0.0,0.0,0.0,0.0,0.0,0.0,0.0,0.0,0.0,0.5641557956910209,0.5934832850550547,0.6339261303820816,0.6896971415942272,0.7500775901164389,0.8537080550272087,0.9999624644508726,1.199568003216325,1.4662520320152868,1.7999750849813914,2.3083047356175244,3.022756519068354,3.998154365445215,5.340078093247646,7.217279629777748,9.36214289099985,9.362142890999841,9.362142890999836,9.362142890999827,9.362142890999076,9.362142890999445,9.362142890999625,9.362142890999742,9.362142890999825,9.362142890999879,9.362142890999904,9.36214289099988,9.362142890999776,9.362142890999497,9.36214289099871,8.847251362317817,8.987622745954232,9.283248003627675,9.509536098416023,8.98481198289433,9.201957524984106,9.188747465561015,9.216981966796162,9.536321017997832,8.743210395032389,8.388144014396952,8.04408111094685,7.302380954570757,6.417852466769127,4.922215270239877,2.2774048690186555,2.659892759019596,2.82684527902058,3.0974232790216147,3.59711817902345,3.2438958890242144,3.4122080490252205,3.8383374990263524,3.995136609027582,4.596326319028905,4.999960139030328,4.373314209031868,4.522249749033564,4.9048319190355185,5.1630289290380595,9.411407158,9.581106031,9.917174134,10.19923324,9.734889573,10.05566558,10.18870993,10.41654997,11.00257305,10.54318548,10.69644875,11.06683763,11.30053532,11.75793056,12.1394949,11.63954776,12.02203565,12.18898817,12.45956617,12.95926107,12.60603878,12.77435094,13.20048039,13.3572795,13.95846921,14.36210303,13.7354571,13.88439264,14.26697481,14.52517182,
0.0,0.0,0.0,0.0,0.0,0.0,0.0,0.0,0.0,0.0,0.0,0.0,0.0,0.0,0.0,0.0,0.0,0.0,0.0,0.0,0.0,0.0,0.0,0.0,0.0,0.0,0.0,0.0,0.0,0.0,0.2715768046230101,0.28569465275987777,0.30516327966696,0.3320106738287739,0.36107698741912,0.4109632612764883,0.4813681130509044,0.5774554612923197,0.7058334677550575,0.8664831341163823,1.1111860039075137,1.4551132202700188,1.9246562656104103,2.5706398056678057,3.4742986864558727,4.506806222999928,4.506806222999924,4.506806222999921,4.506806222999917,4.506806222999555,4.5068062229997325,4.50680622299982,4.5068062229998755,4.506806222999916,4.506806222999941,4.506806222999954,4.506806222999942,4.5068062229998915,4.506806222999758,4.506806222999379,9.188174553385828,9.40056389424941,9.625611268342798,9.094515434181476,9.75076985259165,9.625376888734825,9.759678836960983,9.953416008720165,9.463170382258062,9.6437677558974,9.999453786106962,9.590455659745185,9.499902284405561,9.20341558434897,7.745492343561748,7.096382147018581,7.492124937019516,7.744793927020496,8.089503527021526,8.470227187022969,8.059854067023924,8.762196907025025,8.668304897026216,8.919086507027487,9.470805627028838,8.767205257030273,9.185744337031805,9.915221957033445,9.833454707035253,10.17777916703739,9.459751358,9.686258547,9.930774548,9.426526108,10.11184684,10.03634015,10.24104695,10.53087147,10.16900385,10.51025089,11.11063979,11.04556888,11.42455855,11.77405539,11.21979103,11.60318837,11.99893116,12.25160015,12.59630975,12.97703341,12.56666029,13.26900313,13.17511112,13.42589273,13.97761185,13.27401148,13.69255056,14.42202818,14.34026093,14.68458539,
0.0,0.0,0.0,0.0,0.0,0.0,0.0,0.0,0.0,0.0,0.0,0.0,0.0,0.0,0.0,0.0,0.0,0.0,0.0,0.0,0.0,0.0,0.0,0.0,0.0,0.0,0.0,0.0,0.0,0.0,0.27619859423701026,0.2905567048807647,0.3103566557304896,0.33766094829226917,0.3672219226341312,0.4179571786522375,0.48956020496574176,0.5872828015073773,0.7178455900532505,0.8812292489604854,1.1300965582871898,1.4798768490268046,1.9574107431191456,2.6143878583472806,3.5334255239164083,4.583504636999927,4.583504636999923,4.58350463699992,4.5835046369999155,4.583504636999548,4.583504636999728,4.583504636999817,4.583504636999874,4.583504636999915,4.58350463699994,4.583504636999953,4.583504636999941,4.58350463699989,4.583504636999754,4.583504636999369,9.167840898771829,9.365134250128522,9.392920068279267,8.937329400717982,9.716702147376639,9.559118322359078,9.734477215046146,9.910355678505113,9.287686819959868,9.630393921053294,9.949862421727287,9.500467880988403,9.431094546896826,8.889943151669495,7.506002186101216,7.021198713018582,7.344572763019518,7.647746623020498,7.973054073021533,8.09624613302298,7.984796423023931,8.648857583025032,8.513807363026222,8.820088793027493,9.073902963028841,8.477120983030275,9.110833693031804,9.79869869303345,9.732938303035262,10.054739603037401,9.444039493,9.655690955,9.703276724,9.274990349,10.08392407,9.977075501,10.22403742,10.49763848,10.00553241,10.51162317,11.07995898,10.98034473,11.38850529,11.50433101,11.03942771,11.60470335,11.9280774,12.23125126,12.55655871,12.67975077,12.56830106,13.23236222,13.097312,13.40359343,13.6574076,13.06062562,13.69433833,14.38220333,14.31644294,14.63824424,
0.0,0.0,0.0,0.0,0.0,0.0,0.0,0.0,0.0,0.0,0.0,0.0,0.0,0.0,0.0,0.0,0.0,0.0,0.0,0.0,0.0,0.0,0.0,0.0,0.0,0.0,0.0,0.0,0.0,0.0,0.29248509527101085,0.30768985535008114,0.3286573426272742,0.35757167737724277,0.3888757628327395,0.44260270605288166,0.5184279217128377,0.6219128907025199,0.7601745272332227,0.9331923703298531,1.1967345468544703,1.567140203492636,2.0728326632771377,2.7685495066926507,3.741779728642905,4.853778470999923,4.853778470999918,4.853778470999915,4.85377847099991,4.85377847099952,4.853778470999712,4.8537784709998055,4.853778470999866,4.8537784709999094,4.853778470999937,4.853778470999949,4.853778470999938,4.853778470999884,4.85377847099974,4.853778470999331,9.253077217737827,9.472716874659206,9.354836962382482,8.833510441633008,9.867661737178029,9.692941323958431,9.815517238299046,10.011316209309967,9.154840648779894,9.723891899683926,10.072887663160005,9.587608246522567,9.462769946738833,8.712327213324121,7.197777381374715,6.911512159018584,7.263755729019519,7.5089579490205,7.864964489021536,7.800121629023004,7.888444249023942,8.60509114902504,8.451561599026226,8.693902729027494,8.775785279028847,8.088691339030278,9.03006375903181,9.774614869033456,9.616565319035272,9.973537679037438,9.545562313,9.78040673,9.683494305,9.191082119,10.2565375,10.13554403,10.33394516,10.6332291,9.915015176,10.65708427,11.26962221,11.15474845,11.53560261,11.48087672,10.93955711,11.76529063,12.1175342,12.36273642,12.71874296,12.6539001,12.74222272,13.45886962,13.30534007,13.5476812,13.62956375,12.94246981,13.88384223,14.62839334,14.47034379,14.82731615,
0.0,0.0,0.0,0.0,0.0,0.0,0.0,0.0,0.0,0.0,0.0,0.0,0.0,0.0,0.0,0.0,0.0,0.0,0.0,0.0,0.0,0.0,0.0,0.0,0.0,0.0,0.0,0.0,0.0,0.0,0.31083031912801157,0.326988750802156,0.3492713589317895,0.3799992559871225,0.4132667934769447,0.470363593200758,0.5509447112221603,0.6609204551355747,0.8078541256057874,0.9917239783062648,1.2717960235396637,1.6654342304813934,2.202844687276813,2.9421982200139394,3.976471300471334,5.158216727999918,5.158216727999913,5.15821672799991,5.158216727999905,5.15821672799949,5.158216727999694,5.158216727999793,5.158216727999858,5.158216727999904,5.158216727999933,5.158216727999947,5.158216727999934,5.158216727999876,5.158216727999723,5.15821672799929,9.716965390880826,9.95839459920713,9.439317049077967,8.90250526302313,10.467725166533823,10.127702406810556,10.305062258789727,10.521317724876916,9.205784314407328,10.254066081707517,10.683960846474811,9.998346209533814,9.928357852739158,8.663279430002836,7.071900039546285,7.256997882018589,7.512284912019526,7.829074242020505,8.217213422021535,7.633015032023031,8.287896482023964,9.120076712025051,8.754294702026232,9.073881392027499,8.619267472028845,7.912990002030283,9.49257996203181,10.36080519203346,10.04315607203529,10.434655312037478,10.02779571,10.28538335,9.788588408,9.282504519,10.88099196,10.598066,10.85600697,11.18223818,10.01363844,11.24579006,11.95575687,11.66378044,12.13120254,11.60547765,11.04837134,12.41521461,12.67050164,12.98729097,13.37543015,12.79123176,13.44611321,14.27829344,13.91251143,14.23209812,13.7774842,13.07120673,14.65079669,15.51902192,15.2013728,15.59287204,
0.0,0.0,0.0,0.0,0.0,0.0,0.0,0.0,0.0,0.0,0.0,0.0,0.0,0.0,0.0,0.0,0.0,0.0,0.0,0.0,0.0,0.0,0.0,0.0,0.0,0.0,0.0,0.0,0.0,0.0,0.2795154143340104,0.2940459489905289,0.3140836739501453,0.34171585893496004,0.3716318257924605,0.422976352532064,0.49543924693193103,0.5943353768618727,0.7264660708569594,0.8918117752441213,1.1436676880984484,1.4976484285219747,1.9809169427390114,2.6457835800158644,3.57585780646062,4.638547133999926,4.638547133999921,4.638547133999919,4.638547133999914,4.638547133999541,4.638547133999725,4.638547133999814,4.638547133999872,4.638547133999913,4.638547133999939,4.6385471339999516,4.63854713399994,4.6385471339998885,4.638547133999751,4.638547133999361,10.361043035674829,10.716400681018758,9.704475356059612,8.98712604107529,11.265813084218308,10.95712538747925,11.023939483079955,11.376189443150613,9.337159499156158,11.326920944769657,11.643260421916027,11.026807271493231,11.00546903727696,9.23235024000091,7.527665953557002,8.850784276018583,8.96691614601952,9.1423507460205,9.679777696021532,8.453198596022984,9.970872276023933,10.632381656025029,10.300574366026222,10.463223606027489,9.46262179602884,8.497909826030273,11.279780346031803,11.959366306033449,11.491727196035258,12.053537116037406,10.64055845,11.01044663,10.01855903,9.3288419,11.63744491,11.38010174,11.51937873,11.97052482,10.06362557,12.21873272,12.78692811,12.5244557,12.98638598,11.87813382,11.10352376,13.48933141,13.60546328,13.78089788,14.31832483,13.09174573,14.60941941,15.27092879,14.9391215,15.10177074,14.10116893,13.13645696,15.91832748,16.59791344,16.13027433,16.69208425,
0.0,0.0,0.0,0.0,0.0,0.0,0.0,0.0,0.0,0.0,0.0,0.0,0.0,0.0,0.0,0.0,0.0,0.0,0.0,0.0,0.0,0.0,0.0,0.0,0.0,0.0,0.0,0.0,0.0,0.0,0.30549070036801135,0.32137155337755996,0.34327137828088367,0.3734714141673567,0.4061674631107013,0.46228342176406645,0.541480271832793,0.6495667903096656,0.7939763512093595,0.9746875837416621,1.2499483932144209,1.6368244607344384,2.1650029772063553,2.891655477416311,3.9081612308032114,5.069605967999919,5.069605967999914,5.069605967999911,5.069605967999906,5.0696059679994985,5.069605967999699,5.069605967999797,5.06960596799986,5.069605967999905,5.069605967999934,5.069605967999947,5.069605967999935,5.069605967999878,5.069605967999728,5.069605967999301,10.936953039640827,11.319990176631723,9.900312671728873,8.863948085842893,12.079113986900067,11.586478208247248,11.629494398179094,12.006887049702819,9.171025956803756,12.142884976272112,12.468560916800051,11.623529859280763,11.565522392809614,9.253270932600463,7.086548299214406,9.412033632018582,9.33527262201952,9.490811122020503,10.069180342021538,8.316191062023021,10.614518032023957,11.313873852025047,10.747292512026233,10.8863994120275,9.348286742028845,7.9381140620302775,12.01971258203181,12.737534892033459,11.973080522035284,12.578959732037463,11.24244374,11.64136173,10.24358405,9.2374195,12.48528145,12.04876163,12.17097467,12.65645384,9.965002308,13.11757256,13.71850931,13.26035432,13.73052537,12.14492641,10.99470953,14.4816396,14.40487859,14.56041709,15.13878631,13.38579703,15.684124,16.38347982,15.81689848,15.95600538,14.41789271,13.00772003,17.08931855,17.80714086,17.04268649,17.6485657,
0.17177234947200237,0.25237254851583507,0.37262364705577367,0.5520317238546643,0.8161139261124467,1.2149321252751266,1.8107325456918453,2.6991830186807686,4.022894042805763,5.776559838136535,7.713015124949699,9.844790545368696,12.186707659679238,14.760292043564792,17.594293276030267,20.71279014424492,24.13001060439082,27.895162685996414,32.03791796758358,36.60988735628565,41.59010407941329,47.04716818856832,52.2938004948946,52.29380049537766,52.293800495921225,52.293800494606565,52.29380049152106,52.29380048563557,52.293800471996626,52.29380048715743,0.3551325155070132,0.37359398510619934,0.39905250118446767,0.4341600010194718,0.4721691125714849,0.5374038366814169,0.6294700650518951,0.7551204928811096,0.9229964071521211,1.1330729643509452,1.4530632736166527,1.9028061655683042,2.516812958460765,3.361545482194387,4.543232010762254,5.8934099069999055,5.8934099069999,5.893409906999897,5.893409906999891,5.893409906999418,5.89340990699965,5.893409906999764,5.893409906999837,5.89340990699989,5.893409906999923,5.893409906999938,5.893409906999924,5.893409906999858,5.8934099069996835,5.893409906999188,11.225570185029822,11.515481006387253,10.007269631769516,8.814790515136114,11.769414991326839,10.899379098054775,10.282927649268144,9.745842128450608,5.6270634600552345,6.9901362675263,5.181387671448121,2.176342499078203,1.59819020395241e-11,1.6782039878172158e-11,1.7627288855651216e-11,1.8514578502947153e-11,1.9446077351774852e-11,2.0427610829731716e-11,2.1455441497862977e-11,2.2531826692361972e-11,2.3663454679658662e-11,2.4853260380055743e-11,2.610090067865444e-11,2.741249861129598e-11,2.878983225926731e-11,3.023448083299874e-11,3.175309002066938e-11,3.3354802746459895e-11,3.5026572045512226e-11,3.6783725133875744e-11,11.75247505,12.14144754,10.77894578,9.80098224,13.05769803,12.65171506,12.72313026,13.20014564,10.57295391,13.89976907,14.34746607,13.92393921,14.32035678,12.77965823,11.66548221,15.34517496,15.12573864,15.22097354,15.78911333,14.08538063,16.61936312,17.13461832,16.60841992,16.6798749,15.17141685,13.80130382,18.10834895,18.62355039,17.81585502,18.40670701,
1.169726661396016,1.718593822060683,2.537473673542556,3.7591977248611395,5.55753135498624,8.273383365187511,12.330634947148232,18.38076006204301,27.394900473245837,39.336925148823795,52.523700462482914,67.0405569474624,82.98842571568441,100.51389054420179,119.81272886267259,141.04891117864668,164.31932630883117,189.95906860497192,218.17019408242552,249.30416008737285,283.21818815113994,320.3794274370145,356.10767887047245,356.10767887376204,356.10767887746357,356.107678868511,356.1076788474996,356.1076788074208,356.10767871454306,356.1076788177843,0.4200105673860156,0.44184470529947495,0.47195415829499576,0.5134753378021798,0.5584282154231087,0.6355804678648924,0.7444659884142248,0.8930711010987091,1.0916157426749638,1.3400705310449024,1.718518872112287,2.250423890600267,2.976601669882033,3.9756557443202634,5.373220900041408,6.9700585859998885,6.970058585999882,6.970058585999878,6.970058585999872,6.970058585999312,6.9700585859995865,6.9700585859997215,6.9700585859998085,6.970058585999871,6.97005858599991,6.970058585999928,6.970058585999911,6.9700585859998325,6.970058585999626,6.97005858599904,10.385121141226804,10.323366042649127,8.270260438172203,6.043029817346934,7.10673658960142,4.17692922695891,1.1892419522578392e-11,1.2491650863198507e-11,1.3121784906061478e-11,1.378437693933112e-11,1.4479255723671458e-11,1.5209187029921036e-11,1.5975736126059663e-11,1.678050607635284e-11,1.76255692019857e-11,1.8512937921982824e-11,1.9444637059530577e-11,2.042292091146063e-11,2.145013815786708e-11,2.252866406274954e-11,2.3661209078138142e-11,2.4850327194124586e-11,2.609889382243293e-11,2.7409890102549232e-11,2.8786429244211513e-11,3.023180095273563e-11,3.174963835266599e-11,3.3343127561891783e-11,3.501622726330887e-11,3.677309783723828e-11,11.97485837,12.48380457,11.27968827,10.31570288,13.22269616,13.08589306,12.96388056,13.57235518,11.12821638,14.36085332,14.52876181,14.40177704,14.72415335,13.37334503,12.27812126,15.85420634,15.64481949,15.50898867,16.23432499,14.73972557,17.17066196,17.35113274,17.17838301,16.99549574,15.87621426,14.52611034,18.70904055,18.85887908,18.15297116,18.92572795,
2.2726308030120315,3.3390102036487512,4.929990076008495,7.303645224206625,10.7975797790001,16.074136378504637,23.956862510205195,35.711489596995655,53.22482312803288,76.4266650828517,102.04689992853274,130.25131408738892,161.2360039309116,195.2857631788188,232.78096258939027,274.040176098351,319.2516464093881,369.06641942136486,423.87706438963636,484.36641843952066,550.2570810836868,622.4566640002524,691.872132951375,691.8721329577662,691.8721329649578,691.8721329475642,691.8721329067415,691.8721328288736,691.8721326484239,691.8721328490085,0.46663606607401736,0.49089401816666145,0.5243459305433265,0.5704763886043457,0.6204194986129522,0.7061364456703707,0.827109380417664,0.9922111911010173,1.2127963327126328,1.488832161438929,1.9092921660216666,2.5002441196760654,3.3070351113964604,4.416994477401204,5.969703758995222,7.743806873999877,7.74380687399987,7.743806873999865,7.743806873999858,7.743806873999236,7.743806873999541,7.743806873999691,7.743806873999787,7.743806873999857,7.7438068739999,7.743806873999921,7.743806873999901,7.743806873999814,7.743806873999585,7.743806873998934,9.32744548092279,8.675909008193873,6.110960943457937,2.857365327199283,1.8085045323977156,1.13186013821502e-11,1.1890554356424333e-11,1.2491128894742047e-11,1.3121735643567597e-11,1.378387576229654e-11,1.4479123836971832e-11,1.5209134014310728e-11,1.597564878798637e-11,1.6780488154297014e-11,1.762556529292421e-11,1.8512900944705933e-11,1.944460038037789e-11,2.0422884924734126e-11,2.1450083914563876e-11,2.2528640983891158e-11,2.3661128709404625e-11,2.485023948228502e-11,2.6098805756756815e-11,2.740980071965457e-11,2.8786343619567297e-11,3.023171657425902e-11,3.1749378581853496e-11,3.334288663726392e-11,3.501607447478517e-11,3.6772928857923604e-11,12.06671235,12.50581323,11.56529695,10.73148694,13.22650381,13.04466548,13.06332091,13.59628294,11.57674956,14.55708858,14.53294556,14.35640371,14.7501117,13.7119664,12.77300243,16.07084767,15.59552991,15.62795144,16.26294574,15.11294453,17.40529213,17.35612923,17.12426188,17.12586086,16.27820982,15.11159883,18.96469204,18.86430974,18.29221478,18.95909358,
3.1735366279320436,4.6626452340055025,6.884314012121401,10.198922590383443,15.077906572532624,22.44617141154244,33.45373149290439,49.86807365449577,74.32396211833036,106.72337128831956,142.49986150891752,181.88493949160883,225.15243722736523,272.70004504922804,325.0589185377674,382.67391923951686,445.80791216286224,515.3700278202341,591.908455961247,676.3767208562032,768.3874561955445,869.2080648942664,966.1408940055774,966.1408940145021,966.1408940245447,966.1408940002559,966.1408939432506,966.1408938345146,966.1408935825318,966.1408938626313,0.5232353708760195,0.5504356228125554,0.5879449905006932,0.6396707122935077,0.6956715308927071,0.7917852731529001,0.927431278638512,1.1125586475365348,1.3598990414155312,1.6694158570226716,2.140874371336234,2.803504174561134,3.7081526028832017,4.952741357916728,6.693782130124457,8.683070075999861,8.683070075999854,8.683070075999847,8.68307007599984,8.683070075999142,8.683070075999485,8.683070075999654,8.68307007599976,8.683070075999838,8.683070075999888,8.683070075999911,8.68307007599989,8.683070075999792,8.683070075999535,8.683070075998804,8.194692621200776,7.1839117431912305,4.052236707387664,0.3212013273333041,1.0773866661824036e-11,1.1318569384656027e-11,1.1890544769319186e-11,1.2491124113398923e-11,1.3121733306369526e-11,1.3783874981223348e-11,1.447912287270869e-11,1.5209132997162663e-11,1.5975645928257078e-11,1.6780484575002842e-11,1.762556299188268e-11,1.851289728929686e-11,1.9444596926787472e-11,2.0422881395420542e-11,2.1450080241947594e-11,2.252863769305774e-11,2.3661125381762518e-11,2.4850235405432092e-11,2.609880180465922e-11,2.7409796411816638e-11,2.8786339959873338e-11,3.023170960396683e-11,3.1749349640297525e-11,3.334286791052883e-11,3.501606265521779e-11,3.677291390803845e-11,11.89146462,12.3969926,11.52449571,11.15979463,13.07673628,13.00601462,12.8735992,13.47797348,12.03879278,14.45142344,14.36838481,14.31386622,14.62176208,13.66359192,13.28278967,15.95419464,15.54932093,15.40098299,16.12143203,15.05962754,17.27895281,17.15960075,17.07352333,16.87713792,16.22078188,15.7147225,18.82703355,18.6507037,18.02655261,18.79411907,
3.7370000560320515,5.4905008334787215,8.106628303138276,12.009747723178197,17.75499838585982,26.431503290163164,39.393462600407695,58.722181556321296,87.52022842783845,125.67217311251396,167.80080171640844,214.178725113515,265.12839433735815,321.11810989021615,382.7733343606982,450.61791474325514,524.9613878941568,606.8743010212062,697.0021753095048,796.4678338644123,904.8151332440091,1023.5365045495041,1137.6798185519513,1137.6798185624607,1137.6798185742862,1137.679818545685,1137.6798184785582,1137.6798183505161,1137.6798180537937,1137.679818383625,0.6204688591290232,0.6527237681555833,0.6972035489034802,0.7585415267521101,0.8249490480333306,0.938923728122253,1.0997770017229198,1.319306822846063,1.612610793771584,1.979645509218059,2.5387157532901363,3.3244828877701615,4.397243273395656,5.873115524974462,7.937696097614707,10.296655928999837,10.296655928999828,10.29665592899982,10.296655928999812,10.296655928998984,10.29665592899939,10.29665592899959,10.296655928999717,10.29665592899981,10.296655928999867,10.296655928999895,10.296655928999868,10.296655928999753,10.296655928999447,10.296655928998582,7.3466619348477655,6.075253268374983,2.5673501079680023,1.0255107978129875e-11,1.0773832926083631e-11,1.1318563384361797e-11,1.1890541927026624e-11,1.2491122224820429e-11,1.312173234697462e-11,1.378387370258176e-11,1.4479121696800385e-11,1.5209132074089367e-11,1.59756447164318e-11,1.6780483225697138e-11,1.762556194888334e-11,1.851289566796817e-11,1.944459536399616e-11,2.0422879811246074e-11,2.1450078520570038e-11,2.25286362912787e-11,2.3661123579550953e-11,2.4850233241230235e-11,2.609879976083378e-11,2.7409793854271465e-11,2.8786337217635106e-11,3.023170704574207e-11,3.174934549413596e-11,3.3342864181033036e-11,3.50160595438578e-11,3.6772909733006324e-11,11.70413085,12.21847787,11.37118196,11.40275279,12.81654692,12.90552238,12.67079324,13.28389279,12.30088747,14.25518818,14.08249537,14.20326874,14.41121101,13.48182114,13.57196722,15.73755331,15.42917759,15.15836155,15.88928596,14.85928489,17.04432264,16.81817416,16.94160309,16.61126168,16.00499206,16.05684529,18.57138206,18.27960846,17.74256891,18.52348672,
3.9580998781320544,5.815346629389957,8.586257430454337,12.72030513426908,18.805473881080356,27.995324694408975,41.72417906876692,62.1964827874571,92.69836774959519,133.10757442412134,177.72874574944368,226.8506216375105,280.8147309556915,340.11708123227254,405.420140585699,477.2787494478168,556.0207584407044,642.7800537589582,738.2403488855249,843.5908988190268,958.348572364708,1084.0941003952594,1204.9907101005283,1204.9907101116596,1204.9907101241847,1204.9907100938913,1204.990710022793,1204.9907098871754,1204.9907095728972,1204.990709922243,0.7094932228890264,0.7463760398467874,0.7972377431086111,0.8673764437847566,0.9433120618333771,1.0736397356791647,1.2575721052414155,1.5085998853101035,1.8439868697757082,2.263683425602575,2.902968610430151,3.8014769698425606,5.028156137034797,6.7157853305692115,9.076590232934183,11.774011688999813,11.774011688999803,11.774011688999794,11.774011688999783,11.774011688998838,11.774011688999302,11.77401168899953,11.774011688999677,11.774011688999781,11.774011688999847,11.77401168899988,11.77401168899985,11.774011688999718,11.77401168899937,11.77401168899838,6.970064468987758,5.642082750772541,1.9011387064468104,1.0255069574945645e-11,1.0773827784571721e-11,1.1318562038060977e-11,1.1890541194789878e-11,1.249112174809755e-11,1.3121732057673883e-11,1.3783873262944607e-11,1.4479121336578485e-11,1.5209131774219686e-11,1.5975644384620617e-11,1.6780482872930237e-11,1.762556164114584e-11,1.851289518389803e-11,1.944459493385885e-11,2.042287935173906e-11,2.1450078041459156e-11,2.2528635905466458e-11,2.366112308458018e-11,2.485023262060834e-11,2.6098798768734e-11,2.7409792535607895e-11,2.8786335726859423e-11,3.0231705572767034e-11,3.1749343587218653e-11,3.334286250910312e-11,3.501605816296676e-11,3.677290845586937e-11,11.63765757,12.20380542,11.28463388,11.50294172,12.78862416,13.02405168,12.59882983,13.26794095,12.40896776,14.15226759,14.05181456,14.33371705,14.39390544,13.37920861,13.6912157,15.62393024,15.57088512,15.07227007,15.87020546,14.74618823,16.92126487,16.78153326,17.09720132,16.51691849,15.88317522,16.19792685,18.43729912,18.2397836,17.6418005,18.50124297,
3.899889452148054,5.729822308386424,8.459982268628226,12.533231941749817,18.528908185632247,27.58360699495794,41.11055578683704,61.28178031171436,91.33508444678172,131.15000669023644,175.11494965580906,223.51440685596572,276.68488440941695,335.11509523077,399.4577647456219,470.25957353667735,547.8435506386479,633.3269065682952,727.3832996673824,831.1844949665663,944.2544665169205,1068.1506979209057,1187.2693223889032,1187.2693223998706,1187.2693224122115,1187.2693223823637,1187.269322312311,1187.2693221786878,1187.2693218690317,1187.2693222132398,0.7754376512430288,0.8157485718131978,0.8713376577173169,0.9479954573395343,1.0309889735644526,1.1734300597349856,1.3744581739432382,1.6488179365081046,2.0153777387744176,2.474083334523397,3.172787404138871,4.154808358486964,5.495502224966762,7.339989495295746,9.920221341737582,12.868356842999795,12.868356842999782,12.868356842999773,12.868356842999763,12.868356842998729,12.868356842999237,12.868356842999486,12.868356842999646,12.868356842999761,12.868356842999832,12.868356842999866,12.868356842999836,12.86835684299969,12.868356842999308,12.868356842998228,6.932115346617756,5.665570759809664,1.825964623664217,1.0255068528223094e-11,1.0773828159977167e-11,1.1318562220387086e-11,1.1890541354395705e-11,1.2491121871578048e-11,1.312173204222159e-11,1.3783873103916849e-11,1.447912113092939e-11,1.5209131624517757e-11,1.5975644340422128e-11,1.6780482896641618e-11,1.7625561620507825e-11,1.8512895086228428e-11,1.9444594837846685e-11,2.042287929819293e-11,2.1450077961856654e-11,2.252863590908906e-11,2.3661122593859455e-11,2.4850232568305737e-11,2.609879804030898e-11,2.7409791705615194e-11,2.878633473333504e-11,3.023170451348864e-11,3.17493425228158e-11,3.334286151338351e-11,3.501605730659316e-11,3.6772907905296607e-11,11.60744245,12.21114164,11.15728455,11.36518194,12.69216372,12.89263876,12.56611919,13.27591687,12.26035737,14.09188751,13.94582628,14.18908958,14.40255823,13.22822159,13.52724905,15.55727137,15.4137746,15.03313758,15.87974571,14.57977458,16.84907097,16.6549556,16.92469024,16.47403523,15.70393045,16.00393971,18.35863712,18.10220683,17.59599667,18.51236484,
3.5120657725080484,5.16002134387502,7.618681125771102,11.286867348837111,16.68630483996415,24.840561046146195,37.02232528365826,55.18762666274645,82.25228634057612,118.10782208384882,157.70068061849486,201.2870640599569,249.17001474732277,301.78964564303277,359.7337720311388,423.4947099597161,493.363364909614,570.3458466346472,655.048821665624,748.5275291081874,850.3532813129661,961.9286782558214,1069.201576371399,1069.2015763812756,1069.2015763923894,1069.2015763655097,1069.2015763024235,1069.2015761820885,1069.2015759032258,1069.2015762132044,0.8197828638750305,0.8623990585587408,0.9211671361335445,1.0022087910131114,1.089948485242376,1.240535397506909,1.4530597738005595,1.7431094399819211,2.130631820410111,2.6155695666696697,3.3542306598888794,4.392410775402077,5.80977535098165,7.759743932501344,10.487532361586425,13.604263874999782,13.604263874999772,13.604263874999761,13.60426387499975,13.604263874998656,13.604263874999193,13.604263874999456,13.604263874999626,13.604263874999747,13.604263874999823,13.604263874999859,13.604263874999827,13.604263874999674,13.604263874999269,13.604263874998127,7.195825883625758,5.997979467575525,2.544488618105113,1.0255171748853318e-11,1.077383797162313e-11,1.1318564746825633e-11,1.1890542558940989e-11,1.2491122609698567e-11,1.3121732405353704e-11,1.3783873197021017e-11,1.447912098667887e-11,1.5209131224030228e-11,1.5975644126660695e-11,1.6780482783624703e-11,1.7625561335357236e-11,1.851289476123565e-11,1.94445944820664e-11,2.0422878889764373e-11,2.1450077501465348e-11,2.252863565280555e-11,2.366112203101375e-11,2.4850232259922755e-11,2.6098798441986134e-11,2.7409791951796126e-11,2.8786334864802194e-11,3.023170480871731e-11,3.17493428887853e-11,3.334286126223531e-11,3.5016056749027454e-11,3.677290654709101e-11,11.52767452,12.02039987,11.08433688,11.42279057,12.83685439,12.82950902,12.4797631,13.06854298,12.32250353,14.00817876,14.1048087,14.11961167,14.17758585,13.14173388,13.59581692,15.46485794,15.33829994,14.92982781,15.63169921,14.48445026,16.74898398,16.84482209,16.84181727,16.36082341,15.60125626,16.0850616,18.24958299,18.30857199,17.47507458,18.22319603,
2.828442931608039,4.1556243084272895,6.135706497026734,9.089881067352001,13.43831922189477,20.005351226089314,29.815937696826495,44.44536710227879,66.24189664377074,95.11816013118714,127.00427733920989,162.10658069707745,200.6691254182999,243.046356572633,289.7116713265769,341.06155651622566,397.3302929336747,459.32815128736985,527.5437105994754,602.8268079125877,684.8321995353091,774.6894696624041,861.0817214257982,861.0817214337524,861.0817214427028,861.0817214210554,861.0817213702488,861.0817212733368,861.081721048755,861.0817212983961,0.8433142088040313,0.887153674210825,0.9476086520188078,1.0309765559804474,1.1212347622448555,1.276144175906332,1.4947689290494661,1.793144286145118,2.191790249662687,2.6906478250369776,3.4505117144307897,4.51849212886838,5.97654125176876,7.982482439346061,10.788570297763838,13.994765603999776,13.994765603999763,13.994765603999754,13.994765603999742,13.994765603998617,13.99476560399917,13.99476560399944,13.994765603999614,13.994765603999738,13.994765603999818,13.994765603999854,13.99476560399982,13.994765603999662,13.994765603999248,13.994765603998072,7.619030799596767,6.698845447371173,4.127134650964218,1.3971124366778052,1.0773892647957058e-11,1.1318571905756525e-11,1.1890545640321703e-11,1.2491124337437083e-11,1.3121733468801993e-11,1.3783873581043476e-11,1.4479121127067908e-11,1.520913109470996e-11,1.5975644608652373e-11,1.6780483465258066e-11,1.762556165723995e-11,1.8512895099603154e-11,1.944459470619004e-11,2.042287910862968e-11,2.1450077719522568e-11,2.2528635679071183e-11,2.3661122332181514e-11,2.4850232348431197e-11,2.6098798049833964e-11,2.740979170760696e-11,2.8786334745191176e-11,3.023170479999083e-11,3.174934312123093e-11,3.3342862701600704e-11,3.5016056836547163e-11,3.6772907333029704e-11,11.29078794,11.74162343,11.2104498,11.51797006,12.65662566,12.39275429,12.22331169,12.76545806,12.4251798,13.784498,13.90677796,13.63893801,13.84878008,13.29125501,13.70910297,15.21791712,14.81613849,14.62302908,15.26916972,14.64924824,16.48153841,16.60832172,16.26847161,16.02461861,15.77876079,16.21908909,17.95817605,18.05152065,17.11597261,17.80056469,
1.8298290804240251,2.6884340220907785,3.9694257401273267,5.880595478438818,8.69376823178974,12.942235117603392,19.289082784055488,28.75342624206117,42.85444385908211,61.535615069144654,82.16397701239862,104.87301411415656,129.82061512724405,157.23608427017794,187.42568047156243,220.64590639389874,257.04832733891885,297.15713875308603,341.28842129436606,389.99196740042356,443.0444255801281,501.1765675189427,557.0670551202245,557.0670551253704,557.0670551311608,557.0670551171562,557.0670550842875,557.0670550215914,557.0670548763006,557.0670550378032,0.7966503259320297,0.8380639817680171,0.8951737485336506,0.9739285793783706,1.0591924450738794,1.2055301132822331,1.4120575013305001,1.6939225796118662,2.0705098983742833,2.5417637274532403,3.2595813674619953,4.268466236670265,5.6458357827505905,7.540780376593299,10.191596387594377,13.22038033199979,13.220380331999777,13.220380331999769,13.220380331999756,13.220380331998694,13.220380331999216,13.220380331999472,13.220380331999635,13.220380331999754,13.220380331999829,13.220380331999863,13.22038033199983,13.220380331999682,13.22038033199929,13.220380331998179,8.857685333652784,8.427875866150488,6.943032101348778,5.386058672193062,3.1080088231471517,1.1318656012821166e-11,1.1890558035543306e-11,1.2491128526275099e-11,1.3121734997457302e-11,1.3783873861775323e-11,1.447912179897035e-11,1.5209132453051175e-11,1.5975648125714038e-11,1.6780487182817112e-11,1.762556422171186e-11,1.851289756418559e-11,1.9444596982249612e-11,2.0422881420318876e-11,2.1450080202701952e-11,2.2528638131739286e-11,2.3661124737832193e-11,2.4850235021712632e-11,2.6098800606044494e-11,2.7409794630727614e-11,2.878633827897612e-11,3.023171257353458e-11,3.17493517142345e-11,3.334286997801548e-11,3.5016063129893485e-11,3.677291555715615e-11,11.48416474,11.95437387,11.80763159,12.24058273,12.8609695,12.45588403,12.43265978,12.99675971,13.20470886,14.00268966,14.13130577,13.70841591,14.0997108,13.99928149,14.56918261,15.45879804,14.89161315,14.87347702,15.54583696,15.42961517,16.74242089,16.87646651,16.35134458,16.29907151,16.61929696,17.23663986,18.2424319,18.34296618,17.40911708,18.12309914,
0.6853958027520094,1.0070019186107417,1.4868206931046306,2.2026841204591725,3.2564092023210423,4.847749837804226,7.225077205606581,10.770119390867594,16.051912314936043,23.049285170602694,30.776013773188478,39.282097144908505,48.62667539324392,58.89563858880633,70.20370159019444,82.64694214049028,96.28213178341964,111.30561746890878,127.83579296313971,146.07859303520732,165.95035731694006,187.72480965027748,208.65960953158927,208.65960953351677,208.65960953568566,208.65960953043998,208.6596095181284,208.65960949464446,208.65960944022316,208.6596095007169,0.6508607521800241,0.6846955757036327,0.7313540713371077,0.7956965146561836,0.8653568184983115,0.9849142224207023,1.1536464337250878,1.3839292954672968,1.6915999228086054,2.0766127843839812,2.663067485896335,3.487323176832894,4.612629662765577,6.160793296848072,8.326501445893902,10.801008179999828,10.801008179999817,10.80100817999981,10.801008179999801,10.801008179998933,10.801008179999359,10.801008179999569,10.801008179999702,10.8010081799998,10.80100817999986,10.801008179999888,10.801008179999862,10.80100817999974,10.80100817999942,10.801008179998512,10.517741315076808,10.365383485694913,9.689605325568019,9.418785084894894,9.055238349191418,6.9607708197863865,4.454314370680217,0.9543738836776031,1.3122390677226315e-11,1.3784926349122182e-11,1.4479177075062889e-11,1.5209301123786317e-11,1.5975772934448032e-11,1.6780523348772014e-11,1.7625586966531733e-11,1.8512929696477416e-11,1.9444625301440465e-11,2.0422912353558274e-11,2.1450117178430552e-11,2.2528673002235137e-11,2.3661187432816112e-11,2.4850310247424424e-11,2.609886601618629e-11,2.740987092909917e-11,2.8786429878305064e-11,3.0231850447378525e-11,3.174960838740901e-11,3.3343149077567666e-11,3.501624294301126e-11,3.6773100694468193e-11,11.85399787,12.05708098,11.90778009,12.41716572,13.17700437,12.79343488,12.83303801,13.10842257,13.39520036,14.26616638,14.47855684,14.07991001,14.22084977,14.11801886,14.77935805,15.74967311,15.29517156,15.3524587,15.67940046,15.56048416,17.05744881,17.2911749,16.79446128,16.82396268,16.76025645,17.48529611,18.58568424,18.79371113,17.96975587,18.27880542,
2.2200480000000306e-05,3.2617541374364896e-05,4.8159228475460886e-05,7.13465775048894e-05,0.00010547751689997244,0.0001570222240741055,0.00023402562629868212,0.00034885218026507747,0.0005199333828404473,0.0007465834958277596,0.0009968579841137663,0.001272376353228337,0.0015750541952542672,0.0019076735534826817,0.0022739501275338557,0.0026769959469900733,0.003118649884391833,0.003605271763533497,0.0041406964465891495,0.004731594313949563,0.005375255544044591,0.006080546255770941,0.006758639999857133,0.006758639999919567,0.006758639999989819,0.006758639999819907,0.006758639999421126,0.006758639998660464,0.0067586399968977175,0.0067586399988571536,0.5864955079230217,0.6169843213005349,0.6590286418465524,0.7170081003544331,0.77977952288547,0.8875135967323836,1.0395594585245973,1.2470690733094616,1.5243133844023278,1.8712513631484926,2.3997100955044988,3.1424530839165064,4.156475202819155,5.5515370710880525,7.503072935915154,9.732869522999843,9.732869522999836,9.73286952299983,9.73286952299982,9.732869522999039,9.732869522999422,9.73286952299961,9.732869522999732,9.732869522999819,9.732869522999874,9.732869522999898,9.732869522999875,9.732869522999765,9.732869522999477,9.732869522998659,11.240890851605815,11.372815341167376,11.223975258934727,11.706348083078314,12.473272359608398,11.858094871054858,11.764459155860994,11.78789205452276,11.877122062227953,12.362606113369463,12.161524846525861,10.883721649745471,9.983482333001556,8.535256245375235,7.281464193974927,5.979282181071667,5.502192317135207,5.581547315257052,5.854937950575031,5.790569712709533,7.281466311480184,7.652154570769455,6.992255567026503,7.046597237027663,6.985823477028913,7.75448554703051,8.804937307032446,9.162696207034909,8.189820347038637,8.437226717039255,11.82740856,11.98983228,11.88305206,12.42342753,13.25315736,12.74576549,12.80425264,13.03530998,13.40195538,14.23460406,14.5622318,14.02744711,14.14153259,14.08870099,14.78681108,15.7148287,15.23818049,15.31802211,15.59194817,15.52817083,17.01971109,17.39110464,16.73188373,16.7862254,16.72545164,17.49411371,18.54456547,18.90232437,17.92944851,18.17685488,
1.020948000000014e-05,1.5000042175248054e-05,2.2147299514949606e-05,3.2810617432804075e-05,4.8506635858320654e-05,7.22108376143263e-05,0.0001076228960447643,0.00016042893475153253,0.00023910516680008225,0.0003433362372788154,0.0004584316038054049,0.0005851360389846365,0.0007243304786817463,0.0008772943193485172,0.0010457363240819275,0.0012310876422886449,0.0014341939283159973,0.00165797991594596,0.0019042091683388373,0.0021759492369706323,0.002471953938464951,0.0027963005929316984,0.0031081399999342988,0.0031081399999630106,0.0031081399999953177,0.0031081399999171792,0.0031081399997337895,0.0031081399993839786,0.0031081399985733327,0.003108139999474432,0.5240032790820195,0.5512434505229123,0.5888078675308263,0.6406095027814017,0.6966925090356004,0.792947309289001,0.9287923909199223,1.1141914555664452,1.3618948499777204,1.6718659171814259,2.14401635119706,2.8076186400216714,3.713594744166745,4.960010076628485,6.703606026812277,8.695813481999862,8.695813481999853,8.695813481999847,8.69581348199984,8.69581348199914,8.695813481999485,8.695813481999652,8.69581348199976,8.695813481999839,8.695813481999886,8.69581348199991,8.695813481999888,8.69581348199979,8.695813481999533,8.695813481998803,11.233295981446819,11.300408309444201,11.227456385179417,11.777775766611418,12.457417464339311,11.840658469884703,11.799463946195921,11.770744955511292,12.0344174148686,12.425167346595078,12.308979567213612,11.09588460395455,10.26425275537055,9.048655379068935,8.076196886881258,6.866286700376357,6.406926774091268,6.529763268104622,6.714555778853268,6.742935398786411,8.157348614085707,8.562586197432259,7.885820308026399,7.987814608027606,7.932557028028899,8.7881380080304,9.666866588032127,10.062205538034167,9.124262018036909,9.268471228038493,11.75730947,11.85166676,11.8162864,12.41841808,13.15415848,12.63367799,12.72836396,12.88509684,13.39655137,14.0973766,14.45345435,13.90408838,13.97857183,14.00954275,14.78084865,15.56333127,15.10417445,15.22723473,15.41227347,15.44092483,16.85563405,17.26119598,16.58474193,16.68673623,16.63147865,17.48705963,18.36578821,18.76112716,17.82318364,17.96739285,
2.240604000000031e-06,3.291955564634976e-06,4.860514725764109e-06,7.2007193963268006e-06,1.0645416057497218e-05,1.5847613355627314e-05,2.3619253024589215e-05,3.520822930453097e-05,5.247475808297107e-05,7.53496305974313e-05,0.00010060881506333382,0.0001284157615758229,0.00015896380303955104,0.00019253371974964104,0.00022950052213073174,0.0002701782946499241,0.00031475262722102757,0.0003638653909492141,0.0004179036228502012,0.00047754053724120593,0.0005425026428711672,0.0006136847609991043,0.000682121999985581,0.0006821219999918822,0.0006821219999989725,0.000682121999981824,0.0006821219999415766,0.000682121999864806,0.0006821219996868993,0.0006821219998846572,0.5072818419000189,0.5336527538653341,0.5700184550171628,0.6201670513949951,0.674460396203372,0.7676436153042215,0.8991537526902239,1.078636558914625,1.3184355051768875,1.6185151042631325,2.075598774122867,2.7180248901459425,3.59509044521889,4.8017314928308235,6.489687657319255,8.418321899999865,8.418321899999858,8.418321899999853,8.418321899999846,8.41832189999917,8.418321899999501,8.418321899999663,8.418321899999768,8.418321899999844,8.41832189999989,8.418321899999913,8.418321899999892,8.418321899999798,8.41832189999955,8.41832189999884,10.84393410750482,10.910850394188389,10.888943134477868,11.37619795789586,11.97834696839134,11.458896127093738,11.38955559806864,11.363761582868559,11.622775190078146,11.881846716120046,11.826894827076545,10.737873484107688,9.90309293099404,8.7839755434662,7.788597292176233,6.48572535172399,6.198803237392355,6.282608294629613,6.464049806398742,6.555197769486108,7.723034537381277,8.184389655264177,7.631291808026333,7.691381118027567,7.7095451180288865,8.473749528030325,9.169103098031906,9.627085968033668,8.788576228035769,8.931124638038035,11.35121819,11.44450644,11.45896645,11.99637221,12.65281801,12.22655559,12.28873297,12.44243335,12.94126317,13.50043717,13.90259421,13.45602679,13.49834234,13.58589957,14.27851445,14.90431743,14.61743989,14.70129406,14.88278961,14.97399721,16.14189894,16.60332524,16.05029583,16.11038514,16.12854914,16.89275355,17.58810712,18.04608999,17.20758025,17.35012866,
0.0,0.0,0.0,0.0,0.0,0.0,0.0,0.0,0.0,0.0,0.0,0.0,0.0,0.0,0.0,0.0,0.0,0.0,0.0,0.0,0.0,0.0,0.0,0.0,0.0,0.0,0.0,0.0,0.0,0.0,0.5047045469940188,0.530941478967422,0.5671224206254343,0.6170162321651114,0.6710337343364243,0.7637435269984055,0.8945855142966721,1.073156440607406,1.3117370649199784,1.6102920803167644,2.0650534919826455,2.7042156994256183,3.576825237348709,4.777335827355984,6.456716165814465,8.375551793999866,8.37555179399986,8.375551793999854,8.375551793999847,8.375551793999174,8.375551793999504,8.375551793999666,8.37555179399977,8.375551793999845,8.375551793999891,8.375551793999914,8.375551793999893,8.375551793999799,8.37555179399955,8.375551793998847,10.145522743014821,10.843870851041864,10.48506802938432,10.75567987784514,11.587057985674345,11.10464742301291,10.635260625715215,11.293505679405085,10.95672632509314,11.356330279697016,11.403825528031826,10.357630330589586,9.839315662667262,8.326284832660793,7.079476514203158,5.939440626018641,5.813684906019579,5.417868486020565,6.416605436021597,6.066891136023348,7.128087466024155,7.709804326025178,7.204566766026325,6.739941586027559,7.180458216028888,7.6389690260303125,8.517111766031848,9.107559566033537,7.769379766035458,8.868919036037918,10.65022729,11.37481233,11.05219045,11.37269611,12.25809172,11.86839095,11.52984614,12.36666212,12.26846339,12.96662236,13.46887902,13.06184603,13.4161409,13.10362066,13.53619268,14.31499242,14.1892367,13.79342028,14.79215723,14.44244293,15.50363926,16.08535612,15.58011856,15.11549338,15.55601001,16.01452082,16.89266356,17.48311136,16.14493156,17.24447083,
0.0,0.0,0.0,0.0,0.0,0.0,0.0,0.0,0.0,0.0,0.0,0.0,0.0,0.0,0.0,0.0,0.0,0.0,0.0,0.0,0.0,0.0,0.0,0.0,0.0,0.0,0.0,0.0,0.0,0.0,0.5230496390640195,0.5502402357815848,0.5877362888445739,0.6394436496614867,0.6954245897622304,0.7915042147197683,0.9271020702143976,1.1121637248209368,1.3594163207755328,1.6688232678183386,2.1401144294470096,2.8025090202973484,3.706836327378064,4.950983293233079,6.691406051683735,8.679987863999862,8.679987863999854,8.679987863999848,8.679987863999841,8.679987863999143,8.679987863999486,8.679987863999653,8.679987863999761,8.67998786399984,8.679987863999887,8.67998786399991,8.679987863999889,8.679987863999791,8.679987863999534,8.679987863998806,10.169478820944818,10.4736561342277,10.032950131165183,10.109576360348766,10.86459813024854,10.547369945291548,10.648538959797492,10.872983615191552,10.236247289237587,10.711837852195444,10.561744140567468,9.676573359717853,9.295413092637906,7.641040586783695,6.102464868333884,4.988110516018645,4.876185836019583,5.168217906020566,5.655827426021599,5.198587456023378,6.123042446024168,6.48934569602519,6.205012516026329,6.495542086027563,6.26867819602889,6.456300236030315,7.449296786031854,7.807502116033545,7.529069046035477,8.032486496037963,10.69252846,11.02389637,10.62068642,10.74902001,11.56002272,11.33887416,11.57564103,11.98514734,11.59566361,12.38066112,12.70185857,12.47908238,13.00224942,12.59202388,12.79387092,13.66809838,13.5561737,13.84820577,14.33581529,13.87857532,14.80303031,15.16933356,14.88500038,15.17552995,14.94866606,15.1362881,16.12928465,16.48748998,16.20905691,16.71247436,
0.0,0.0,0.0,0.0,0.0,0.0,0.0,0.0,0.0,0.0,0.0,0.0,0.0,0.0,0.0,0.0,0.0,0.0,0.0,0.0,0.0,0.0,0.0,0.0,0.0,0.0,0.0,0.0,0.0,0.0,0.565497450804021,0.5948946857531524,0.6354337108068288,0.6913373546408875,0.7518613977837764,0.8557383129555769,1.0023405393789078,1.2024207728895233,1.4697390200968155,1.8042557212781078,2.313794263287997,3.029945130388379,4.007662632998139,5.352777675760753,7.234443505769453,9.384407603999849,9.384407603999842,9.384407603999835,9.384407603999827,9.384407603999072,9.384407603999444,9.384407603999625,9.38440760399974,9.384407603999826,9.384407603999877,9.384407603999902,9.384407603999879,9.384407603999774,9.384407603999495,9.384407603998707,9.545691999204816,9.881230434256135,9.462254999202928,9.507895885369363,10.12405369222699,9.907238017055738,9.94394779063298,10.18719129712296,9.532834029916303,9.949275928735672,9.636384276726474,8.815328609626825,8.348512287017835,6.619173314256025,4.905051394248171,3.5913475160186583,3.483252336019597,3.7108890460205846,4.239069036021617,3.8107407760234504,4.668790646024213,4.887223846025222,4.744588326026353,4.966048326027582,4.8281367260289025,4.977695426030325,5.927864956031867,6.127373426033564,5.943383746035516,6.497633246038058,10.11118945,10.47612512,10.09768871,10.19923324,10.87591509,10.76297633,10.94628833,11.38961207,11.00257305,11.75353165,11.95017854,11.84527374,12.35617492,11.97195099,12.1394949,12.97575512,12.86765994,13.09529665,13.62347664,13.19514838,14.05319825,14.27163145,14.12899593,14.35045593,14.21254433,14.36210303,15.31227256,15.51178103,15.32779135,15.88204085,
0.0,0.0,0.0,0.0,0.0,0.0,0.0,0.0,0.0,0.0,0.0,0.0,0.0,0.0,0.0,0.0,0.0,0.0,0.0,0.0,0.0,0.0,0.0,0.0,0.0,0.0,0.0,0.0,0.0,0.0,0.6354112889550236,0.6684429762317444,0.7139939404769635,0.7768090890428451,0.8448158682272845,0.96153534144178,1.1262623610293678,1.35107900501007,1.651446463391503,2.027320285585356,2.599854328471734,3.404544685437134,4.503139803211513,6.014554720996509,8.128855517098259,10.544624954999833,10.544624954999822,10.544624954999815,10.544624954999806,10.544624954998959,10.544624954999374,10.544624954999579,10.54462495499971,10.544624954999804,10.544624954999863,10.544624954999891,10.544624954999865,10.544624954999748,10.544624954999435,10.544624954998548,9.086607355053815,9.379735863777542,8.86440626153279,9.001630641967406,9.577988981783486,9.332477218569535,9.398712938982518,9.573271135002416,8.897189386621616,9.155345144428425,8.852458211542741,7.92460748457807,7.348289406804459,5.341721059020268,3.509795782919364,1.8009008350186753,1.7623660550196152,2.046645215020603,2.5223371150216396,1.9719434950235648,2.8260128250242835,3.1324245850252685,2.9687431850263843,3.253494515027602,2.9370183550289206,3.224935515030338,4.023934195031883,4.320907295033592,4.193213155035579,4.6886397150382235,9.722018644,10.04817884,9.578400202,9.778439731,10.42280485,10.29401256,10.5249753,10.92435014,10.54863585,11.18266543,11.45231254,11.32915217,11.85142921,11.35627578,11.6386513,12.34552579,12.30699101,12.59127017,13.06696207,12.51656845,13.37063778,13.67704954,13.51336814,13.79811947,13.48164331,13.76956047,14.56855915,14.86553225,14.73783811,15.23326467,
0.0,0.0,0.0,0.0,0.0,0.0,0.0,0.0,0.0,0.0,0.0,0.0,0.0,0.0,0.0,0.0,0.0,0.0,0.0,0.0,0.0,0.0,0.0,0.0,0.0,0.0,0.0,0.0,0.0,0.0,0.18358156554600683,0.19312500452528464,0.20628548416048265,0.22443389215098936,0.24408225409771062,0.2778045753640849,0.3253971263138016,0.3903506330899425,0.47713210708519227,0.5857287057379952,0.7511439222260764,0.9836332060636819,1.3010367762046837,1.7377112917816313,2.348570206205171,3.0465287459999515,3.046528745999949,3.0465287459999466,3.046528745999944,3.0465287459996993,3.0465287459998196,3.046528745999878,3.0465287459999164,3.0465287459999435,3.046528745999961,3.046528745999969,3.0465287459999613,3.046528745999927,3.046528745999837,3.0465287459995807,8.79877081646283,9.225361436484002,9.504409647849272,9.36990867685926,9.54030675691306,10.07289591464723,9.398821721698084,9.849399806922545,9.872906212927923,10.157808864275786,9.999693557788401,10.407907283951525,9.807695173811284,9.775415078235143,9.070962013812451,8.814205264018556,9.328235434019488,8.58677805402047,9.201561884021501,9.642916024022822,9.799062514023836,9.792776524024966,10.541255944026176,9.701808384027458,10.621320294028822,10.463794354030261,10.949943164031785,10.908462504033412,10.570031774035174,11.232108124037186,8.982352382,9.418486441,9.710695132,9.594342569,9.784389011,10.35070049,9.724218848,10.23975044,10.35003832,10.74353757,10.75083748,11.39154049,11.10873195,11.51312637,11.41953222,11.86073401,12.37476418,11.6333068,12.24809063,12.68944477,12.84559126,12.83930527,13.58778469,12.74833713,13.66784904,13.5103231,13.99647191,13.95499125,13.61656052,14.27863687,
0.0,0.0,0.0,0.0,0.0,0.0,0.0,0.0,0.0,0.0,0.0,0.0,0.0,0.0,0.0,0.0,0.0,0.0,0.0,0.0,0.0,0.0,0.0,0.0,0.0,0.0,0.0,0.0,0.0,0.0,0.1804444443450067,0.1898248009109534,0.20276038857752635,0.2205986687221239,0.239911270960921,0.2730573306147688,0.319836599467506,0.38368015262395366,0.4689786672538944,0.5757195202550195,0.7383080499727304,0.9668244563639371,1.2788040970041692,1.708016529573607,2.308436822637979,2.994468344999952,2.9944683449999494,2.994468344999947,2.9944683449999445,2.994468344999704,2.9944683449998224,2.99446834499988,2.9944683449999174,2.994468344999944,2.994468344999961,2.994468344999969,2.9944683449999614,2.9944683449999276,2.994468344999839,2.9944683449995875,8.754772342663832,9.233552455098334,9.484443120432232,9.390024601288127,9.489901436049848,9.911444459396547,9.353353651544381,9.861387567388531,9.898622702759223,10.110182519758759,9.952562370041745,10.241804813651267,9.835696383011802,9.77725787044317,9.130473277379641,8.802636745018555,9.18159723501949,8.577791765020471,9.259982455021502,9.66427875502282,9.782210555023838,9.773220615024966,10.375140565026179,9.686970895027466,10.640316125028823,10.538780505030262,10.926917115031788,10.882683415033416,10.550638215035177,11.291583105037184,8.935216787,9.423377256,9.687203509,9.61062327,9.729812707,10.18450179,9.673190251,10.24506772,10.36760137,10.68590204,10.69087042,11.20862927,11.11450048,11.4852744,11.4389101,11.79710509,12.17606558,11.57226011,12.2544508,12.6587471,12.7766789,12.76768896,13.36960891,12.68143924,13.63478447,13.53324885,13.92138546,13.87715176,13.54510656,14.28605145,
0.0,0.0,0.0,0.0,0.0,0.0,0.0,0.0,0.0,0.0,0.0,0.0,0.0,0.0,0.0,0.0,0.0,0.0,0.0,0.0,0.0,0.0,0.0,0.0,0.0,0.0,0.0,0.0,0.0,0.0,0.17404414035600646,0.18309177881713593,0.1955685455228145,0.21277410784680637,0.2314016985542392,0.2633720785766513,0.308492102435022,0.3700711461496723,0.45234415104212294,0.5552989417472752,0.712120510785785,0.9325315167991268,1.2334453441042654,1.6474337554838332,2.226557341904087,2.888255555999954,2.8882555559999514,2.888255555999949,2.888255555999947,2.8882555559997147,2.888255555999829,2.8882555559998844,2.8882555559999203,2.8882555559999465,2.8882555559999625,2.88825555599997,2.888255555999963,2.8882555559999306,2.888255555999845,2.8882555559996024,8.692282161652832,9.394346141192152,9.644948713486944,9.564413261163446,9.644370891456532,9.899227551434663,9.290117890576864,10.042490863862813,10.094940688970993,10.282925568266505,10.13912691922869,10.251993173216079,10.062763585911707,10.019611414532944,9.410603348113533,9.077011684018549,9.261624934019483,8.594782484020465,9.566540494021494,9.970834194022805,10.070548854023825,10.070965394024958,10.452601504026168,9.695409834027455,10.962318744028813,10.879541394030252,11.23157266403178,11.197071584033406,10.552418284035163,11.63135532403716,8.866326302,9.57743792,9.840517259,9.777187369,9.87577259,10.16259963,9.598609993,10.41256201,10.54728484,10.83822451,10.85124743,11.18452469,11.29620893,11.66704517,11.63716069,11.96526724,12.14988049,11.48303804,12.45479605,12.85908975,12.95880441,12.95922095,13.34085706,12.58366539,13.8505743,13.76779695,14.11982822,14.08532714,13.44067384,14.51961088,
0.0,0.0,0.0,0.0,0.0,0.0,0.0,0.0,0.0,0.0,0.0,0.0,0.0,0.0,0.0,0.0,0.0,0.0,0.0,0.0,0.0,0.0,0.0,0.0,0.0,0.0,0.0,0.0,0.0,0.0,0.16486220815800612,0.17343252630986128,0.18525106444371045,0.2015489242368144,0.21919379139757741,0.24947753111650306,0.2922171875635246,0.3505475461857089,0.4284801282917158,0.5260034008441721,0.6745516375478484,0.8833345651394297,1.1683732796478665,1.5605211767977125,2.1090923212116066,2.735881757999956,2.735881757999954,2.735881757999952,2.7358817579999495,2.7358817579997297,2.7358817579998376,2.7358817579998904,2.7358817579999246,2.735881757999949,2.7358817579999646,2.7358817579999717,2.735881757999965,2.7358817579999344,2.735881757999853,2.735881757999623,8.661580128850831,10.164527083699422,10.317977245566043,10.315784175773434,10.333071128613192,10.009749248894812,9.263214761448364,10.888851383826774,10.917247821721396,11.154797699169606,10.920008332466626,10.407533854875771,11.024840880368103,10.89224283321906,10.409016488806012,10.159579722018549,9.529521172019486,8.695501392020464,10.707920182021493,10.98920524202279,11.230355662023813,11.11104833202495,10.731821682026162,9.791177722027454,12.047461462028812,12.074155232030249,12.481638852031772,12.3142930020334,10.644331042035157,12.936697072037141,8.826442337,10.33795961,10.50322831,10.5173331,10.55226492,10.25922678,9.555431949,11.23939893,11.34572795,11.6808011,11.59455997,11.29086842,12.19321416,12.45276401,12.51810881,12.89546148,12.26540293,11.43138315,13.44380194,13.725087,13.96623742,13.84693009,13.46770344,12.52705948,14.78334322,14.81003699,15.21752061,15.05017476,13.3802128,15.67257883,
0.0,0.0,0.0,0.0,0.0,0.0,0.0,0.0,0.0,0.0,0.0,0.0,0.0,0.0,0.0,0.0,0.0,0.0,0.0,0.0,0.0,0.0,0.0,0.0,0.0,0.0,0.0,0.0,0.0,0.0,0.14710637969400547,0.1547536658139203,0.1652993353010099,0.17984189892254165,0.19558639584031778,0.22260854581283934,0.26074509754009206,0.3127932168697727,0.3823323801620227,0.46935229649939175,0.601901736153035,0.7881985288690295,1.042538282245268,1.3924514497253653,1.881940920726403,2.441224493999961,2.4412244939999588,2.4412244939999574,2.4412244939999552,2.441224493999759,2.4412244939998553,2.4412244939999024,2.441224493999933,2.441224493999955,2.4412244939999685,2.4412244939999748,2.441224493999969,2.4412244939999415,2.441224493999869,2.441224493999664,8.675710142314834,10.960845484195366,11.05009607470875,11.068870401087711,10.953210214170456,10.055943664198477,9.290761574471796,11.772053103142717,11.752381659851098,11.962082983514389,11.648112063861442,10.523938641146175,12.067870937770707,11.904667130291413,11.50668176929122,11.28292793601855,9.847282926019483,8.985462756020464,12.013843916021495,12.214486416022767,12.422514326023803,12.188488506024944,11.051848226026163,10.08068899602745,13.344497256028813,13.39870789603025,13.754207746031774,13.459753986033393,10.933491846035142,14.410273336037102,8.822816522,11.11559915,11.21539541,11.2487123,11.14879661,10.27855221,9.551506672,12.08484632,12.13471404,12.43143528,12.2500138,11.31213717,13.11040922,13.29711858,13.38862269,13.72415243,12.28850742,11.42668725,14.45506841,14.65571091,14.86373882,14.629713,13.49307272,12.52191349,15.78572175,15.83993239,16.19543224,15.90097848,13.37471634,16.85149783,
0.0,0.0,0.0,0.0,0.0,0.0,0.0,0.0,0.0,0.0,0.0,0.0,0.0,0.0,0.0,0.0,0.0,0.0,0.0,0.0,0.0,0.0,0.0,0.0,0.0,0.0,0.0,0.0,0.0,0.0,0.1510704252720056,0.15892378124960035,0.16975362273918435,0.18468806185338085,0.20085682251494957,0.2286071328455021,0.26777134244557477,0.3212219918198477,0.3926350127470954,0.481999837002616,0.6181210593431717,0.8094379536951223,1.0706313484754786,1.4299735546357386,1.932653198469766,2.50700767199996,2.5070076719999577,2.507007671999956,2.5070076719999537,2.507007671999752,2.507007671999851,2.5070076719998995,2.507007671999931,2.5070076719999532,2.5070076719999674,2.507007671999974,2.507007671999968,2.5070076719999395,2.5070076719998653,2.507007671999655,8.681414936736834,11.362612988759686,11.360924097270571,11.41343313815687,11.255090147495817,10.27540843716581,9.294202734566312,12.204958508192636,12.11900901726602,12.31720503301116,11.969381740671297,10.75083458632008,12.518565221540491,12.240947825381033,11.871848551547853,11.623157878018546,10.05105211801948,8.932201978020464,12.47595455802149,12.56069819802277,12.796457608023807,12.525755248024948,11.282039948026165,10.028628468027456,13.722475418028814,13.824946668030254,14.167547628031784,13.832044218033403,10.882365888035153,14.959900698037117,8.832485362,11.52153677,11.53067772,11.5981212,11.45594697,10.50401557,9.561974077,12.5261805,12.51164403,12.79920487,12.5875028,11.56027254,13.58919657,13.67092138,13.80450175,14.13016555,12.55805979,11.43920965,14.98296223,15.06770587,15.30346528,15.03276292,13.78904762,12.53563614,16.22948309,16.33195434,16.6745553,16.33905189,13.38937356,17.46690837,
0.3145872150720043,0.46219998412003654,0.6824301801632848,1.0110016144777842,1.4946468857552695,2.2250502771059186,3.316210732055479,4.943336173874891,7.367606237826404,10.579303815555926,14.125765616087481,18.02994050063647,22.318972962409372,27.03228535854283,32.22253022608047,37.933805923234026,44.19216980513221,51.08774241222357,58.67486484936393,67.04805833368934,76.16892391071349,86.1630970465259,95.77188129397554,95.77188129486024,95.77188129585574,95.77188129344803,95.7718812877972,95.77188127701838,95.77188125203976,95.77188127980554,0.1640927721990061,0.17262309142667,0.1843864707201482,0.20060826602570425,0.21817078201916848,0.24831318311007813,0.29085336734989664,0.34891148968502195,0.426480349069369,0.5235484662919312,0.6714034067196271,0.8792119139518723,1.1629203112269033,1.5532379969736354,2.099248879886135,2.7231129989999565,2.723112998999954,2.723112998999952,2.72311299899995,2.723112998999731,2.7231129989998384,2.723112998999891,2.723112998999925,2.7231129989999494,2.7231129989999645,2.7231129989999716,2.723112998999965,2.7231129989999343,2.7231129989998535,2.723112998999625,8.765939680737828,11.545750974462582,11.044672639126327,10.742182029506765,10.121355782236334,8.637470619795318,6.40108310060651,7.950436206452576,5.101242453117345,2.101173578165925,1.4481997747233357e-11,1.5211766268589503e-11,1.597921284534545e-11,1.6783355082073743e-11,1.762641634406828e-11,1.8515904367461292e-11,1.9444947269213193e-11,2.0423221572343333e-11,2.1451401027398204e-11,2.2532997109848497e-11,2.366382511858551e-11,2.485453581392929e-11,2.6101543054008287e-11,2.7412376671219554e-11,2.8787980307923064e-11,3.023584812199815e-11,3.175140818165415e-11,3.335208381877638e-11,3.501724618623437e-11,3.678291225063817e-11,9.244619668,12.18057405,11.91148929,11.95379191,11.83417345,11.11083408,10.0081472,13.24268387,12.89532904,13.20402586,13.00308842,12.22811117,14.36650496,14.12241654,14.22783384,14.57708298,13.28354074,11.97297682,15.83999466,15.56533115,15.78749254,15.5290806,14.58564291,13.12056388,16.76547717,16.83279388,17.20194823,16.87849765,14.01413771,18.46602369,
1.531514728116021,2.2501425649253006,3.3222960812050824,4.921890619004985,7.276435942709891,10.83228150071635,16.14441189708523,24.065797316605043,35.86794670472529,51.503553960479415,68.76890429892771,87.7757203752227,108.65615057029416,131.60211597209218,156.86994656509032,184.67432775877532,215.14211538594446,248.71204607793595,285.64867032644645,326.41214871406726,370.81554241581597,419.47048648064344,466.2492298281442,466.24922983245125,466.2492298372976,466.24922982557615,466.249229798066,466.24922974559115,466.24922962398693,466.24922975916,0.16842626554800624,0.17718186027770813,0.18925589631277778,0.20590608978068684,0.22393241076220435,0.25487083652196374,0.29853445601732737,0.3581258237454282,0.4377431836927612,0.537374753496122,0.6891343656066339,0.9024308463302676,1.193631642180635,1.5942571499753075,2.1546875255801083,2.795027147999955,2.795027147999953,2.7950271479999507,2.7950271479999484,2.7950271479997237,2.7950271479998343,2.795027147999888,2.7950271479999227,2.795027147999948,2.7950271479999635,2.795027147999971,2.795027147999964,2.7950271479999325,2.79502714799985,2.795027147999615,7.9737334503448105,10.06748447480628,8.678127592491899,6.97753096122458,4.469611246538678,0.41792052277300307,1.189056968954614e-11,1.2491204883613514e-11,1.3121785083395778e-11,1.3783926958080744e-11,1.4479173807148769e-11,1.5209162879737952e-11,1.597573061979091e-11,1.6780549248923422e-11,1.762560619809517e-11,1.8512945459849816e-11,1.9444629231373458e-11,2.0422895271048103e-11,2.145020491746655e-11,2.252872793441662e-11,2.3661217656968333e-11,2.4850332787280074e-11,2.6098889661125155e-11,2.740986103258393e-11,2.878649946608559e-11,3.023223863246106e-11,3.1749715003051286e-11,3.3343102249174465e-11,3.501615833585038e-11,3.6773155108069646e-11,9.673674444,12.4948089,12.18967957,12.10532767,11.9699796,11.50507286,10.47263827,13.58431906,13.05880048,13.24931092,13.15230876,12.6619936,14.73713252,14.45224254,14.40819717,14.62707713,13.75487231,12.52865818,16.24863536,15.92885612,15.84163796,15.70728863,15.10317616,13.72950625,17.15703128,17.04617975,17.26094473,17.07219126,14.664552,18.94241077,
2.814350340984039,4.13491909584854,6.105135613348888,9.044591140773843,13.371363396358236,19.90567545679305,29.66738111845736,44.22392004506356,65.91184935127428,94.64423814511588,126.37148419778318,161.29889189639815,199.66930046026604,241.83538895240756,288.2681958590768,339.36223253840905,395.3506124889132,457.0395692814068,524.9152476148898,599.8232502568372,681.4200536771292,770.829613967713,856.7914201938889,856.7914202018035,856.7914202107094,856.7914201891697,856.7914201386163,856.7914200421873,856.7914198187243,856.7914200671217,0.16558877917500617,0.17419686792841504,0.1860674920276732,0.20243717878886827,0.2201598093692838,0.2505770138028459,0.29350502994732575,0.3520924586916418,0.4303685006849743,0.5283215720622267,0.6775244818084473,0.8872275452257423,1.1735224655741876,1.567398613847381,2.1183873887100417,2.7479391749999564,2.7479391749999538,2.747939174999952,2.7479391749999493,2.7479391749997286,2.7479391749998374,2.7479391749998903,2.7479391749999245,2.747939174999949,2.7479391749999644,2.7479391749999715,2.747939174999965,2.7479391749999342,2.7479391749998525,2.7479391749996216,7.053899609849792,8.306740596232332,5.6610874246331955,2.9209174304475383,1.0773909177931316e-11,1.1318573784175027e-11,1.1890546393178622e-11,1.249112826575357e-11,1.3121736893388969e-11,1.3783877791801431e-11,1.4479126421261118e-11,1.520913702077409e-11,1.5975651514260497e-11,1.6780489849460745e-11,1.7625569117441975e-11,1.8512902500834423e-11,1.9444601701419978e-11,2.0422885389903844e-11,2.145008753210788e-11,2.2528644227513673e-11,2.366113094231848e-11,2.4850241974685508e-11,2.6098809048973322e-11,2.740980374011852e-11,2.878635473192257e-11,3.023177991474354e-11,3.174938570115062e-11,3.334288966646261e-11,3.5016073045708915e-11,3.677294268925722e-11,10.03383873,12.61585656,11.95229053,12.16794575,11.98013333,11.64035087,10.8625491,13.71592172,13.12635065,13.23284363,13.16346542,12.81087482,14.87990345,14.17079102,14.48272746,14.60889744,13.91660373,12.99511747,16.40604948,15.61864815,15.82194871,15.72061259,15.2807611,14.24067477,16.8229051,17.13435572,17.23949145,17.08667303,15.21053357,19.12592175,
3.8534063543520527,5.661528092875332,8.35914705574072,12.383847336571474,18.30806063038386,27.2548357522739,40.62055574746799,60.55135781582195,90.24645418824777,129.58681915332545,173.02774040788813,220.8503205632175,273.3870548943793,331.12083130722516,394.6965953402134,464.65451164596885,541.3137590500123,625.7782319465985,718.7135592892305,821.2775397463946,932.99982116095,1055.419323362333,1173.1181633112021,1173.118163322039,1173.1181633342328,1173.1181633047406,1173.118163235523,1173.1181631034924,1173.118162797527,1173.1181631376326,0.2254974898350084,0.23721991701782597,0.25338523903115295,0.2756773489943142,0.2998118871500256,0.34123379557727146,0.39969282844414356,0.4794767255388134,0.5860724204382926,0.7194641383267096,0.9226474807698211,1.208219453985076,1.5980936122023892,2.134471035745184,2.8848031915700894,3.7421218349999403,3.742121834999937,3.742121834999934,3.742121834999931,3.7421218349996304,3.7421218349997782,3.74212183499985,3.742121834999897,3.7421218349999306,3.7421218349999514,3.742121834999961,3.742121834999952,3.74212183499991,3.742121834999799,3.7421218349994847,6.206324735821779,6.75134426011613,3.1950992952378847,1.0255293596837205e-11,1.0773828426016333e-11,1.1318561600690639e-11,1.1890540808828273e-11,1.2491122330024304e-11,1.3121732962528626e-11,1.3783874220239819e-11,1.4479123241321333e-11,1.520913444496569e-11,1.597564764939366e-11,1.6780485734662185e-11,1.7625565118290007e-11,1.8512898441827763e-11,1.944459806437562e-11,2.0422882406013773e-11,2.1450082442456528e-11,2.252863988682017e-11,2.366112675397736e-11,2.4850237629132266e-11,2.609880473196202e-11,2.7409799629315704e-11,2.8786346802885053e-11,3.0231717674141715e-11,3.174935401316669e-11,3.3342871808992734e-11,3.501606550916712e-11,3.6772918492100445e-11,10.28522858,12.65009227,11.80763159,12.15166505,11.88494211,11.5952582,11.13470161,13.75314268,13.10878761,13.14501806,13.05887172,12.76124775,14.92028311,13.99928149,14.46334959,14.51193908,13.86269326,13.32069979,16.45057065,15.42961517,15.71693941,15.59570042,15.22156612,14.59746354,16.61929696,17.11142997,17.12507401,16.95090648,15.59162138,19.17782384,
4.483113739908062,6.586711093518381,9.72516354969385,14.407563345818682,21.29988654595057,31.70870585760016,47.258595343442884,70.44640487697704,104.99414843502734,150.76334962730428,201.3032026927984,256.94074684385174,318.0628123285687,385.23119855414524,459.1962453340008,540.5863887460644,629.7729664709738,728.0402666608726,836.1626925405238,955.487245345049,1085.4667099550534,1227.8914899764713,1364.82417706515,1364.8241770777577,1364.8241770919442,1364.8241770576326,1364.8241769771037,1364.8241768234973,1364.8241764675322,1364.8241768632165,0.3092955374880115,0.3253741839457902,0.34754676761595454,0.37812294005070146,0.4112262129800695,0.46804108679599615,0.5482243207859536,0.6576570393179407,0.8038651978742316,0.9868271594948881,1.2655162977000816,1.657210843886607,2.191967738106318,2.9276705773374263,3.956836744997236,5.132747087999918,5.132747087999913,5.13274708799991,5.132747087999905,5.132747087999493,5.132747087999696,5.132747087999795,5.132747087999859,5.132747087999904,5.132747087999934,5.132747087999947,5.132747087999935,5.132747087999877,5.132747087999724,5.132747087999293,5.604010962612764,5.456785142545114,1.6236451626999515,1.0255051081680919e-11,1.0773820074168077e-11,1.1318558672783895e-11,1.1890539202405545e-11,1.249112070399284e-11,1.3121731879161256e-11,1.3783873138106021e-11,1.4479122230577937e-11,1.520913353968679e-11,1.597564626525383e-11,1.6780484474999753e-11,1.762556374630626e-11,1.8512897080063233e-11,1.9444596836230282e-11,2.042288128548946e-11,2.14500804794786e-11,2.2528638435244193e-11,2.3661125252439095e-11,2.4850235875789852e-11,2.609880283239545e-11,2.7409797344373417e-11,2.878634278835243e-11,3.023171306334011e-11,3.174934978356977e-11,3.3342868214793957e-11,3.5016063040315065e-11,3.677291355848214e-11,10.39642024,12.36887042,11.69635548,12.00513874,11.90271114,11.69188535,11.25507677,13.44739912,12.95072019,13.0832657,13.07839588,12.86759148,14.58859307,13.86735109,14.28894869,14.44376524,13.9782157,13.46470736,16.08486108,15.28420518,15.64310474,15.61901736,15.3484125,14.75527395,16.46267532,16.90509818,17.04462424,16.97624957,15.76017944,18.75148521,
4.789847082948066,7.037371957945838,10.39055642176262,15.393324655147904,22.75721861148639,33.878206324339004,50.49201474300652,75.26632748583505,112.17781764743837,161.07853432302883,215.0763094906393,274.52055829075607,339.8245777849696,411.5886055331267,490.61431938125986,577.5731528216518,672.8618503514491,777.8525707460251,893.3727016743867,1020.8614058058502,1159.734027721115,1311.903469922039,1458.205051783176,1458.2050517966463,1458.2050518118035,1458.2050517751443,1458.2050516891056,1458.2050515249894,1458.2050511446696,1458.2050515674262,0.3901002435570145,0.41037950122166705,0.4383447617626623,0.4769090825113843,0.518660718946751,0.5903187075917152,0.6914501347138537,0.8294725921315883,1.0138782215372257,1.244639733227816,1.5961375323021219,2.0901638577651607,2.764628146429486,3.6925363183369666,4.99057629629912,6.473697956999897,6.473697956999891,6.473697956999886,6.473697956999881,6.47369795699936,6.473697956999616,6.473697956999741,6.473697956999822,6.47369795699988,6.473697956999916,6.473697956999933,6.473697956999917,6.473697956999844,6.4736979569996524,6.473697956999109,5.2515224535037595,4.901555700841784,0.8946551264844772,1.0255035811586903e-11,1.0773817768470073e-11,1.1318557714127672e-11,1.1890538729283339e-11,1.24911203273877e-11,1.3121731602755925e-11,1.3783872768826265e-11,1.4479121835784997e-11,1.5209133095653307e-11,1.5975645726559448e-11,1.6780484000041854e-11,1.7625563200105468e-11,1.8512896492395707e-11,1.9444596247555505e-11,2.0422880733983337e-11,2.1450079693224875e-11,2.2528637788197917e-11,2.3661124560394404e-11,2.4850235071846317e-11,2.609880183261078e-11,2.7409796127057725e-11,2.878634091542356e-11,3.023171103927705e-11,3.174934782489206e-11,3.3342866603795084e-11,3.5016061816792516e-11,3.677291148716155e-11,10.43146978,12.34930716,11.72355631,12.01640999,11.99917158,11.61071855,11.29302111,13.42613,12.96287922,13.00504605,13.18438416,12.77826274,14.56551898,13.89960075,14.30236414,14.3574117,13.88117685,13.51010105,16.05942041,15.31974985,15.54958083,15.74559502,15.24186154,14.80501854,16.50096061,16.92096986,16.9427212,17.11382634,15.81331188,18.72182687,
4.655947292880064,6.840642790713337,10.10008925246263,14.963005502139724,22.121042395035204,32.931143790576975,49.080514530762194,73.16226335288576,109.04189577495268,156.5755968478224,209.06386855240538,266.846358157031,330.3248090371646,400.0826791599309,476.8992355316365,561.4271417752753,654.0520514274772,756.1077646753804,868.3985396322325,992.3233072906472,1127.3137562265604,1275.2293139062008,1417.4410468100375,1417.4410468231313,1417.4410468378646,1417.4410468022304,1417.441046718597,1417.4410465590686,1417.4410461893804,1417.4410466003192,0.4738818910500176,0.49851651543166475,0.5324878619451574,0.5793346238872399,0.6300532398204615,0.7171011812887506,0.8399525578791416,1.007618034147749,1.231628374634092,1.5119504286384375,1.938939246195806,2.5390673753255184,3.3583860449157426,4.4855806224295485,6.06240004147543,7.864051049999874,7.864051049999867,7.864051049999862,7.864051049999855,7.864051049999222,7.864051049999533,7.864051049999685,7.864051049999783,7.864051049999853,7.8640510499998975,7.864051049999918,7.864051049999899,7.86405104999981,7.864051049999578,7.864051049998917,5.334272936078757,4.9991435238642845,1.1317804356019725,1.0255040497666346e-11,1.0773818548210368e-11,1.1318558096942727e-11,1.1890539055256238e-11,1.2491120564024679e-11,1.3121731711601124e-11,1.3783872663730367e-11,1.447912153536333e-11,1.5209132618235347e-11,1.5975645250676703e-11,1.678048361695587e-11,1.762556271523835e-11,1.8512895970636297e-11,1.9444595686568066e-11,2.0422880190563133e-11,2.14500790960109e-11,2.2528637225137602e-11,2.3661123898986628e-11,2.4850234281257932e-11,2.6098800881522758e-11,2.7409795054989452e-11,2.8786339582208284e-11,3.0231709663284655e-11,3.174934646918086e-11,3.3342865342603157e-11,3.5016060727702547e-11,3.6772910299480585e-11,10.46410212,12.33830283,11.76435755,12.09280405,11.94332606,11.47028708,11.3283486,13.41416613,13.04529044,13.00367378,13.12302253,12.62370985,14.55253981,13.94797523,14.39329111,14.35589673,13.71328423,13.55236414,16.04511003,15.37306684,15.54794006,15.67231322,15.05751146,14.85133247,16.55838855,17.02854455,16.94093343,17.03417663,15.86278001,18.70514405,
4.2851819207640585,6.295904349689746,9.295792486513255,13.771461879758435,20.359485401524704,30.308749890115468,45.17210361265093,67.33615921326988,100.35860180273365,144.10706879589543,192.415560883979,245.59667832685145,304.0201726146046,368.2230394164272,438.9224906500702,516.7192166115492,601.9681602284554,695.8969076585139,799.2456718186075,913.3019831339867,1037.5427863193202,1173.6794377238182,1304.5664749744235,1304.5664749864745,1304.5664750000346,1304.566474967238,1304.5664748902645,1304.5664747434398,1304.566474403191,1304.5664747814055,0.5061417183960188,0.5324533613434622,0.5687373300396853,0.6187732166993679,0.6729445364056932,0.7659183248321126,0.8971328912233275,1.0762123071643825,1.31547230171916,1.614877467431824,2.070933834927749,2.7119160886755296,3.5870104258350937,4.790939529699699,6.475101987538496,8.399401595999866,8.399401595999858,8.399401595999853,8.399401595999844,8.39940159599917,8.399401595999501,8.399401595999663,8.399401595999768,8.399401595999844,8.39940159599989,8.399401595999914,8.399401595999892,8.399401595999798,8.39940159599955,8.399401595998842,5.68849034084876,5.523394858976079,1.898591333456816,1.0255061939718495e-11,1.0773821385337898e-11,1.1318559333397238e-11,1.189053981182744e-11,1.2491121119041636e-11,1.3121732010358092e-11,1.3783872771437301e-11,1.4479121441041605e-11,1.520913235869642e-11,1.5975645058391002e-11,1.6780483502513938e-11,1.762556250033394e-11,1.8512895726438334e-11,1.9444595422907264e-11,2.0422879927298576e-11,2.145007891074664e-11,2.2528636991278958e-11,2.3661123542559588e-11,2.4850233887449585e-11,2.609880042539744e-11,2.7409794602227613e-11,2.878633919822265e-11,3.0231709287297436e-11,3.174934607265986e-11,3.334286492127986e-11,3.501606028464705e-11,3.677291025726165e-11,10.47981398,12.35175257,11.76312115,12.06650446,11.79609696,11.4393664,11.34535813,13.42878864,13.01691936,12.95015507,12.96125094,12.58967986,14.56840324,13.94650933,14.36198838,14.29681273,13.67631705,13.57271303,16.06260049,15.37145117,15.48395002,15.47911573,15.01692062,14.87363177,16.55664831,16.99151064,16.87121029,16.82419103,15.886598,18.72553416,
3.4429436941200473,5.058465330144565,7.46873545046199,11.064726939124865,16.357896391528286,24.351666099680692,36.29367717849034,54.10146151000618,80.63345305205104,115.78330464450545,154.5969235952406,197.32546962475158,244.2660207999075,295.85002808059517,352.65373777215893,415.1597764946646,483.6533243260924,559.120689455658,642.1565984181065,733.7955218241541,833.6172091617792,942.9966553926554,1048.1582816378436,1048.158281647526,1048.1582816584212,1048.1582816320704,1048.1582815702259,1048.158281452259,1048.1582811788849,1048.1582814827627,0.4790733324120178,0.5039778324955384,0.5383213397873681,0.5856813144565354,0.6369555598104037,0.724957123462512,0.8491543537980142,1.0186566284438536,1.2451210330526719,1.5285140537542559,1.960180592597127,2.5668832080089814,3.395177626430934,4.534720775737094,6.1288144686200745,7.9502028119998736,7.9502028119998664,7.950202811999861,7.950202811999854,7.950202811999215,7.950202811999529,7.950202811999683,7.950202811999781,7.950202811999852,7.9502028119998975,7.950202811999918,7.950202811999898,7.95020281199981,7.950202811999573,7.950202811998905,6.718541423476775,6.389485297369184,3.3369243397603983,0.019097566428857928,1.0773833305861192e-11,1.1318563977229546e-11,1.1890542480959372e-11,1.2491123000829345e-11,1.3121733091893914e-11,1.378387388051293e-11,1.4479122007796239e-11,1.5209132545813888e-11,1.597564548706646e-11,1.6780484107088244e-11,1.7625562958318006e-11,1.8512896157794318e-11,1.9444595889160253e-11,2.0422880441982642e-11,2.145007956321167e-11,2.2528637422806934e-11,2.3661123870422323e-11,2.4850234309299852e-11,2.6098801027889827e-11,2.740979561714576e-11,2.878634029603676e-11,3.0231710746656545e-11,3.174934746757041e-11,3.3342866095914757e-11,3.5016061488385683e-11,3.677291237369191e-11,10.64055845,11.95192846,11.34398113,11.66950582,11.31760239,11.39298536,11.51937873,12.99410107,12.58865123,12.54670635,12.43549329,12.53863487,14.09682654,13.44957149,13.88946629,13.85141028,13.62086627,13.78089788,15.54265688,14.82374023,15.00156353,14.85122391,14.95603435,15.10177074,15.96670677,16.43247495,16.34560514,16.14173783,16.13027433,18.11939185,
2.2736865180600314,3.3405612885468114,4.932280225690016,7.307038018213566,10.802595625586166,16.081603366823153,23.967991295497274,35.72807881021237,53.249547886066146,76.46216789320236,102.09430421774395,130.31182029548995,161.31090359143002,195.3764801217445,232.889097339992,274.16747717043023,319.39994976194606,369.23786344657924,424.0739698415844,484.59142327357233,550.5126943931599,622.7458164952561,692.1935313153682,692.1935313217624,692.1935313289573,692.1935313115556,692.1935312707141,692.1935311928099,692.1935310122764,692.1935312129542,0.403898962344015,0.4248955427439013,0.4538499971456637,0.49377842423887597,0.5370069095088282,0.611199601606264,0.7159082736710412,0.8588128943472042,1.0497413636252455,1.288665426504339,1.6525964894993503,2.164097631887089,2.8624192321139312,3.8231495930248385,5.167104150447044,6.702687143999893,6.702687143999887,6.702687143999882,6.702687143999876,6.702687143999338,6.7026871439996025,6.702687143999731,6.702687143999815,6.702687143999875,6.7026871439999125,6.70268714399993,6.702687143999914,6.702687143999839,6.70268714399964,6.702687143999077,8.636165949604793,8.113109408718575,5.779809137174078,3.9388216275578087,1.0860649416702701e-11,1.1318590716567392e-11,1.1890553350625053e-11,1.2491128985906003e-11,1.3121736562186622e-11,1.3783876554251466e-11,1.4479124471677775e-11,1.5209134619636602e-11,1.5975649047871415e-11,1.6780488451982673e-11,1.762556694527953e-11,1.8512899988998077e-11,1.944460017453895e-11,2.042288513581246e-11,2.145008432187121e-11,2.2528641439644954e-11,2.3661128106864537e-11,2.4850238445348728e-11,2.6098805166803592e-11,2.7409800565848996e-11,2.8786344445648542e-11,3.0231736303924454e-11,3.1749361689344114e-11,3.3342876757843746e-11,3.5016074711693676e-11,3.6772930086615766e-11,11.31375143,11.87856624,11.16593936,11.73963807,11.33790985,11.86967931,12.24817178,12.91434188,12.66430743,12.52063313,12.45780661,13.06326394,14.0102987,13.23848285,13.97294023,13.82262576,14.190777,14.65276977,15.44725438,14.59108425,14.97038889,14.87787184,15.58180985,16.05720989,15.71611213,16.53123204,16.31163746,16.17070136,17.15078351,18.00817307,
0.9079972612080126,1.3340539589802543,1.969707301716396,2.918067400840157,4.314019177251821,6.422192196208222,9.571623123990575,14.268016918874272,21.265219834424155,30.53518525161168,40.771385095665856,52.04005696981115,64.41954838566757,78.0236446167474,93.00431738071985,109.48884835516634,127.5524472306198,147.45523012110334,169.3540424800115,193.52170215299623,219.84737772722067,248.6936925187462,276.4276542381568,276.4276542407103,276.4276542435836,276.4276542366342,276.42765422032414,276.4276541892131,276.427654117117,276.42765419725777,0.26727391514400994,0.28116807871290217,0.30032824278934855,0.3267502642097834,0.35535604828209927,0.40445191913275513,0.4737412695432339,0.5683062004324496,0.6946501731929707,0.8527544905133471,1.093580264079832,1.4320582639568487,1.8941618233200135,2.529910336928892,3.4192515579442637,4.435399943999929,4.435399943999926,4.435399943999922,4.4353999439999185,4.435399943999562,4.435399943999737,4.435399943999823,4.435399943999878,4.435399943999918,4.4353999439999425,4.435399943999954,4.435399943999943,4.435399943999894,4.435399943999762,4.435399943999389,10.670266453656815,10.665613712316128,9.407773915504015,8.939408784960312,6.96299282447685,5.52230586467034,2.778514636478077,1.2491542554625984e-11,1.3121829831535946e-11,1.37841541397678e-11,1.447947110007491e-11,1.5209460645593546e-11,1.5975808326591194e-11,1.678057926162073e-11,1.762573535559528e-11,1.8513145281388006e-11,1.9444813479873774e-11,2.0422945784486893e-11,2.1450307273505916e-11,2.2528759724738898e-11,2.3661228200832302e-11,2.485034810882076e-11,2.609906634417103e-11,2.7410113397117976e-11,2.878664564001409e-11,3.023271520137155e-11,3.1749762690814536e-11,3.334305484139099e-11,3.5016802374533424e-11,3.677358202766565e-11,11.84553763,12.28083575,11.67780946,12.18422645,11.63236805,12.34894998,12.82387903,13.3516881,13.1439137,13.03249154,12.78134978,13.59072885,14.48475967,13.84536269,14.50210534,14.38771119,14.76376832,15.34150161,15.97037808,15.25997018,15.58239624,15.26426681,16.21096791,16.81195536,16.43657171,17.15728148,16.97847665,16.59067256,17.9569308,18.61802268,
1.6924440000000233e-05,2.4865841726753487e-05,3.671397973283593e-05,5.439075507317186e-05,8.041032924164566e-05,0.00011970521403180266,0.0001784084249869583,0.0002659459522391177,0.0003963689677826867,0.0005691547020662242,0.0007599503767780874,0.0009699906149611088,0.001200735759962358,0.0014543066904636494,0.0017335360540150075,0.002040796292921445,0.0023774892637184655,0.002748463350594981,0.0031566420441590123,0.0036071104800788336,0.00409780283758955,0.004635478164121675,0.005152419999891087,0.005152419999938682,0.005152419999992238,0.0051524199998627075,0.005152419999558698,0.00515241999897881,0.005152419997634989,0.005152419999128756,0.2578019002350096,0.27120366362185744,0.28968480385980755,0.3151704459082209,0.34276245947071865,0.39011840437155937,0.4569521849604587,0.5481657957825118,0.6700322197593995,0.8225334222003122,1.0548244859113134,1.381307044110169,1.8270339518220435,2.4402519487658987,3.2980754913721846,4.278212234999932,4.278212234999928,4.278212234999925,4.278212234999922,4.278212234999578,4.278212234999747,4.278212234999829,4.278212234999883,4.278212234999921,4.278212234999945,4.278212234999956,4.278212234999946,4.278212234999898,4.278212234999771,4.278212234999411,11.660235105333827,11.9680353005457,11.384378742170213,11.820159513346955,11.144834510210806,11.95742351042572,12.445253966626435,12.75805947827773,12.42079597128593,12.085884253111397,11.566782923726377,12.207033895290067,12.607492542433958,11.399258754560408,11.144162682591418,9.971110468725652,10.481638295755785,11.154458881669889,11.634947782977356,10.973303834542858,11.152416872186313,10.791552596860885,11.925911975026311,12.631510545027535,12.147986335028833,12.8051395650304,12.53421245503223,12.100942745034457,13.7834953150376,14.27163405503822,11.91805393,12.23926383,11.67410026,12.13538435,11.48767738,12.34766162,12.90238456,13.30649122,13.09122456,12.90898683,12.62236736,13.58931093,14.43572723,13.84096501,14.44397171,14.2513635,14.76222802,15.43541958,15.91631666,15.25512318,15.43472691,15.07440031,16.20927663,16.9148752,16.43135099,17.08850422,16.81757711,16.3843074,18.06685997,18.55499871,
1.301880000000018e-05,1.9127570559041143e-05,2.824152287141225e-05,4.183904236397835e-05,6.185409941665051e-05,9.208093387061743e-05,0.00013723724998996792,0.00020457380941470594,0.00030489920598668205,0.0004378113092817109,0.000584577212906221,0.0007461466268931607,0.0009236428922787369,0.0011186974542028072,0.0013334892723192364,0.0015698433022472652,0.0018288378951680502,0.0021142025773807547,0.0024281861878146247,0.0027747003692914106,0.0031521560289150385,0.0035657524339397497,0.00396339999991622,0.003963399999952833,0.00396339999999403,0.00396339999989439,0.003963399999660537,0.003963399999214469,0.0039633999981807605,0.003963399999329813,0.24562259962800911,0.2583912253040661,0.27599926351168624,0.30028089078989395,0.32656937855516616,0.3716880929004907,0.43536445415403024,0.5222688725898401,0.638377977438507,0.7836745860197012,1.0049915541531402,1.3160501406294383,1.740719631802866,2.3249674531367135,3.1422649531357107,4.076097227999934,4.076097227999931,4.076097227999928,4.076097227999925,4.076097227999597,4.076097227999758,4.076097227999837,4.076097227999887,4.076097227999924,4.076097227999947,4.076097227999957,4.076097227999948,4.0760972279999015,4.076097227999781,4.076097227999439,11.539471761580826,11.81089766713466,11.169338524975197,11.726106160177991,10.992240367356185,11.73238102617695,12.322956058607865,12.599242323613234,12.335004373368625,11.9011936826848,11.431311738648432,12.004528442758879,12.493627805320829,11.243688589425865,11.17069054760959,9.926755608716329,10.39318539412434,11.185025199443109,11.616775465833705,10.877352951653636,11.088031955994985,10.773226419591074,11.809563112026291,12.646128202027532,12.029345862028844,12.855017392030378,12.446109552032139,12.06348742203422,13.785262522037044,14.217281252037996,11.78510738,12.06930802,11.44536603,12.02642889,11.3188716,12.1041612,12.75845775,13.12171577,12.97368725,12.68530608,12.43688787,13.32132473,14.23527108,13.56977474,14.31428899,14.00442268,14.47111146,15.26323663,15.69530088,14.95622488,15.16728134,14.8528894,15.88962374,16.72618883,16.10940649,16.93507802,16.52617018,16.14354805,17.86532315,18.29734188,
4.070088000000057e-06,5.979882585300232e-06,8.82919188716783e-06,1.3080205875896392e-05,1.933754476499495e-05,2.8787407746919346e-05,4.290469815475839e-05,6.395623304859755e-05,9.532112018741535e-05,0.00013687364090175593,0.00018275729708752385,0.00023326899809186183,0.0002887599357966157,0.000349740151471825,0.00041689085671454024,0.0004907825902815135,0.0005717524788051694,0.0006609664899811412,0.0007591276818746774,0.00086745895755742,0.0009854635164081753,0.001114766813558006,0.001239083999973808,0.001239083999985254,0.0012390839999981335,0.0012390839999669831,0.0012390839998938732,0.0012390839997544183,0.0012390839994312482,0.0012390839997904783,0.22902319232700852,0.24092890221847615,0.25734697257125505,0.27998762454127657,0.3044995114709417,0.3465690604811146,0.40594211309166306,0.48697344883859445,0.5952357907034946,0.7307131172278016,0.9370732755960426,1.2271102289684916,1.6230801547803753,2.1678439564607768,2.9299077193805343,3.8006307269999393,3.8006307269999358,3.800630726999933,3.80063072699993,3.8006307269996245,3.8006307269997746,3.800630726999848,3.8006307269998953,3.800630726999929,3.8006307269999504,3.8006307269999606,3.8006307269999513,3.8006307269999087,3.800630726999796,3.8006307269994766,10.975949717593828,11.287938107908225,10.674903728246614,11.1465469552631,10.634857060995063,11.394245262122451,11.724428452222067,12.047119014940842,11.731225428189438,11.341049359145078,11.082651637121344,11.694128802048617,11.974480445299799,10.793235303404524,10.669964129780368,9.526107650428285,10.235544590540696,10.710601116530503,11.191112625339642,10.484225094065339,10.632240789507472,10.55316073621144,11.610811529026225,12.10096031902749,11.585336869028831,12.288482349030293,11.9251659990319,11.800422259033672,13.184019939035782,13.6761604390375,11.20497698,11.52887299,10.93225953,11.42654766,10.93937591,11.74084311,12.13041347,12.53415642,12.32655654,12.07189935,12.01990767,12.9214723,13.59784936,12.961429,13.60028874,13.32722916,14.03674707,14.51189281,14.99250248,14.28572328,14.43385698,14.35490623,15.41268134,15.90283013,15.38720668,16.09035216,15.72703581,15.60229207,16.98588975,17.47803025,
0.0,0.0,0.0,0.0,0.0,0.0,0.0,0.0,0.0,0.0,0.0,0.0,0.0,0.0,0.0,0.0,0.0,0.0,0.0,0.0,0.0,0.0,0.0,0.0,0.0,0.0,0.0,0.0,0.0,0.0,0.1985492154990074,0.20887074379005682,0.22310421488715557,0.24273228679270864,0.26398260590159756,0.30045435300937656,0.3519271881306931,0.4221764409680119,0.516033324312251,0.633483948530678,0.8123856882975519,1.063830133607691,1.4071120402667054,1.8793892116610416,2.5400522683173166,3.2949162989999476,3.2949162989999445,3.2949162989999423,3.2949162989999397,3.294916298999675,3.2949162989998046,3.2949162989998686,3.2949162989999095,3.2949162989999388,3.2949162989999574,3.2949162989999663,3.294916298999958,3.294916298999921,3.2949162989998233,3.2949162989995466,10.449260864509828,10.918955436219228,10.383981795122601,10.89326746321754,10.637316814109173,10.948234467001937,11.175302101881192,11.675963079044475,11.497090385700865,11.277859271483099,11.165684501716923,11.315998096407517,11.717718479749268,10.69650983835574,10.714415891700305,9.855060861018561,10.153436461019494,10.495373381020473,11.176052531021508,10.565886691022852,10.94697054102385,11.010025061024981,11.471694121026188,11.817146421027468,11.634607121028827,12.38629933103026,12.222950111031787,12.25306915103342,12.84635095103519,13.575117991037224,10.64781008,11.12782618,10.60708601,11.13599975,10.90129942,11.24868882,11.52722929,12.09813952,12.01312371,11.91134322,11.97807019,12.37982823,13.12483052,12.57589905,13.25446816,13.14997716,13.44835276,13.79028968,14.47096883,13.86080299,14.24188684,14.30494136,14.76661042,15.11206272,14.92952342,15.68121563,15.51786641,15.54798545,16.14126725,16.87003429,
0.0,0.0,0.0,0.0,0.0,0.0,0.0,0.0,0.0,0.0,0.0,0.0,0.0,0.0,0.0,0.0,0.0,0.0,0.0,0.0,0.0,0.0,0.0,0.0,0.0,0.0,0.0,0.0,0.0,0.0,0.17581080366300655,0.18495028164744073,0.19755369579947307,0.21493390597757783,0.23375057906913072,0.2660454796251322,0.3116235016120151,0.3738276134087524,0.4569357437963954,0.5609355938218248,0.7193490056606714,0.941997329379661,1.2459656313495686,1.6641562993199732,2.2491583737390424,2.917573262999954,2.917573262999951,2.917573262999949,2.9175732629999462,2.9175732629997118,2.917573262999827,2.9175732629998836,2.9175732629999196,2.917573262999946,2.9175732629999622,2.9175732629999698,2.9175732629999627,2.91757326299993,2.9175732629998437,2.9175732629995985,9.95713353634583,10.475803098361844,10.018829534210282,10.531581374032672,10.47589717094164,10.489200680386183,10.658216488399871,11.216511746603734,11.13602586621672,11.012828086191957,11.048139204353802,10.894768910635541,11.327970998666402,10.448520450696801,10.541731326278574,9.85972021701855,9.940844877019485,10.205898777020463,10.945999667021495,10.432679107022807,10.920684067023824,11.135878267024959,11.201274957026172,11.463758617027455,11.462034147028817,12.215187797030252,12.160501087031777,12.357068857033402,12.443196847035166,13.244368167037166,10.13294434,10.66075338,10.21638323,10.74651528,10.70964775,10.75524616,10.96983999,11.59033936,11.59296161,11.57376368,11.76748821,11.83676624,12.57393663,12.11267675,12.7908897,12.77729348,12.85841814,13.12347204,13.86357293,13.35025237,13.83825733,14.05345153,14.11884822,14.38133188,14.37960741,15.13276106,15.07807435,15.27464212,15.36077011,16.16194143,
0.0,0.0,0.0,0.0,0.0,0.0,0.0,0.0,0.0,0.0,0.0,0.0,0.0,0.0,0.0,0.0,0.0,0.0,0.0,0.0,0.0,0.0,0.0,0.0,0.0,0.0,0.0,0.0,0.0,0.0,0.16266083811000603,0.17111671862395667,0.18277744632841944,0.19885768426145065,0.2162669432588715,0.24614631063374373,0.28831527352633884,0.34586675925949256,0.4227587241498969,0.518979789158377,0.6655444928097162,0.871539586315675,1.152772239412888,1.5396838689862102,2.080930059427921,2.6993501099999566,2.6993501099999544,2.699350109999952,2.69935010999995,2.6993501099997332,2.69935010999984,2.699350109999892,2.6993501099999255,2.6993501099999495,2.6993501099999646,2.6993501099999717,2.699350109999965,2.699350109999935,2.699350109999855,2.699350109999628,9.550897570898831,9.93697460138533,9.595919751681338,10.0103944557488,10.0872315667519,10.065903319377574,10.22750104648555,10.643620050752997,10.590622355863223,10.563509600855404,10.655677277204758,10.47746341369953,10.76932137060308,10.05406664103056,10.070489690589696,9.535582560018547,9.629205090019482,9.880962960020462,10.445524000021495,10.07895632002279,10.551511430023817,10.821142850024954,10.837696020026168,11.086762050027453,11.064212160028813,11.676861070030254,11.738701640031778,11.9960214000334,12.025662930035157,12.624743230037136,9.713558409,10.10809132,9.778697198,10.20925214,10.30349851,10.31204963,10.51581632,10.98948681,11.01338108,11.08248939,11.32122177,11.349003,11.92209361,11.59375051,12.15141975,12.23493267,12.3285552,12.58031307,13.14487411,12.77830643,13.25086154,13.52049296,13.53704613,13.78611216,13.76356227,14.37621118,14.43805175,14.69537151,14.72501304,15.32409334,
0.0,0.0,0.0,0.0,0.0,0.0,0.0,0.0,0.0,0.0,0.0,0.0,0.0,0.0,0.0,0.0,0.0,0.0,0.0,0.0,0.0,0.0,0.0,0.0,0.0,0.0,0.0,0.0,0.0,0.0,0.1482506959770055,0.15595746907529598,0.1665851715872912,0.18124085941447127,0.19710783017891625,0.2243401810025467,0.26277339068039096,0.31522638375227346,0.38530648073500684,0.47300331065978984,0.6065838305589921,0.7943297953219028,1.0506480157218558,1.4032831000625032,1.8965802289855749,2.4602143769999607,2.4602143769999585,2.4602143769999567,2.4602143769999545,2.460214376999757,2.460214376999854,2.4602143769999016,2.4602143769999323,2.460214376999954,2.460214376999968,2.4602143769999745,2.4602143769999683,2.4602143769999407,2.460214376999868,2.460214376999661,9.303040427031833,9.53396918893399,9.345049364422467,9.734958652595779,9.785278934831853,9.687028857008768,9.969114579331496,10.21963304626021,10.31193975927811,10.210154179353983,10.361808539455478,10.1137011946933,10.378236924294113,9.873834439954273,9.906037731032045,9.333860763018544,9.389307763019481,9.78042867302046,10.140865503021487,9.969108083022768,10.313182983023799,10.638908203024938,10.55084208302616,10.95367103302745,10.92745594302881,11.50333323303025,11.457595533031773,11.777171293033396,11.867221483035138,12.2299319530371,9.451291123,9.689926658,9.511634536,9.916199512,9.982386765,9.911369038,10.23188797,10.53485943,10.69724624,10.68315749,10.96839237,10.90803099,11.42888494,11.27711754,11.80261796,11.79407514,11.84952214,12.24064305,12.60107988,12.42932246,12.77339736,13.09912258,13.01105646,13.41388541,13.38767032,13.96354761,13.91780991,14.23738567,14.32743586,14.69014633,
0.0,0.0,0.0,0.0,0.0,0.0,0.0,0.0,0.0,0.0,0.0,0.0,0.0,0.0,0.0,0.0,0.0,0.0,0.0,0.0,0.0,0.0,0.0,0.0,0.0,0.0,0.0,0.0,0.0,0.0,0.5469333238590203,0.5753655075941245,0.6145737192086722,0.6686421605332448,0.7271793228890818,0.827646170982485,0.9694357455753383,1.1629477534488701,1.4214904882841515,1.7450256890234472,2.237837120833647,2.93047821686482,3.876099249704486,5.177056911432098,6.996951493335813,9.076336658999855,9.076336658999846,9.07633665899984,9.076336658999832,9.076336658999104,9.07633665899946,9.076336658999637,9.07633665899975,9.07633665899983,9.076336658999882,9.076336658999905,9.076336658999884,9.07633665899978,9.076336658999512,9.07633665899875,8.924904084149818,8.46530549641516,8.416100744801085,8.420998665477006,8.417524637121687,8.944579768028829,9.284695454436548,8.66604286556362,8.384093398728966,8.499003940990331,7.810130709180828,7.824417803150385,6.787014350311486,5.52982811858468,3.821866526681811,2.232946691018654,2.606833161019594,3.1909164910205785,2.68043111102161,2.7244915310234217,3.172014181024196,2.9235588510252097,3.752061011026343,4.366709371027575,3.634380101028902,3.723288071030323,4.269386011031864,3.96630336103356,5.282245801035501,4.629523521038021,9.471837408,9.040671004,9.030674464,9.089640826,9.14470396,9.772225939,10.2541312,9.828990619,9.805583887,10.24402963,10.04796783,10.75489602,10.6631136,10.70688503,10.81881802,11.30928335,11.68316982,12.26725315,11.75676777,11.80082819,12.24835084,11.99989551,12.82839767,13.44304603,12.71071676,12.79962473,13.34572267,13.04264002,14.35858246,13.70586018,
0.0,0.0,0.0,0.0,0.0,0.0,0.0,0.0,0.0,0.0,0.0,0.0,0.0,0.0,0.0,0.0,0.0,0.0,0.0,0.0,0.0,0.0,0.0,0.0,0.0,0.0,0.0,0.0,0.0,0.0,0.5675110585440211,0.5970129703572904,0.6376963456542863,0.693799049642831,0.7545386051307452,0.8587854023596618,1.0059096459510763,1.2067023196437743,1.4749724262995125,1.8106802653324436,2.3220331581419,3.040734075515631,4.021933007666743,5.3718376990076955,7.260203712852789,9.41782334399985,9.41782334399984,9.417823343999835,9.417823343999826,9.41782334399907,9.41782334399944,9.417823343999624,9.417823343999741,9.417823343999824,9.417823343999878,9.417823343999903,9.41782334399988,9.417823343999773,9.417823343999494,9.417823343998702,8.860816569464816,8.305492518651995,8.29159321935547,8.25808199536742,8.446010874880024,8.888961658651652,9.20111823406081,8.472075161368712,8.182001068713605,8.287888254681336,7.787296311872574,7.687221524499573,6.478219832349226,5.21484407100908,3.3946476571648296,1.7308727360186595,2.2360807860195995,2.7930790160205836,2.159269726021619,2.2505201860234565,2.6566058360242133,2.6553539660252214,3.378439906026355,3.96347078602758,3.150193686028905,3.187814236030326,3.738395426031868,3.704466386033568,4.874801606035519,4.078574816038065,9.428327628,8.902505489,8.929289565,8.951881045,9.20054948,9.747747061,10.20702788,9.678777481,9.656973495,10.09856852,10.10932947,10.7279556,10.50015284,10.58668177,10.65485137,11.14869608,11.65390413,12.21090236,11.57709307,11.66834353,12.07442918,12.07317731,12.79626325,13.38129413,12.56801703,12.60563758,13.15621877,13.12228973,14.29262495,13.49639816,
0.0,0.0,0.0,0.0,0.0,0.0,0.0,0.0,0.0,0.0,0.0,0.0,0.0,0.0,0.0,0.0,0.0,0.0,0.0,0.0,0.0,0.0,0.0,0.0,0.0,0.0,0.0,0.0,0.0,0.0,0.5905879530870219,0.6212895111406278,0.6636272083177837,0.7220112355757681,0.785220664197396,0.893706484278606,1.0468132908579355,1.2557708651037636,1.5349497300420576,1.8843085707285905,2.4164547795518296,3.164380475947034,4.1854782328735585,5.590274556256181,7.555427837422357,9.800783486999844,9.800783486999835,9.800783486999828,9.80078348699982,9.800783486999032,9.80078348699942,9.800783486999608,9.80078348699973,9.800783486999817,9.800783486999872,9.800783486999899,9.800783486999874,9.800783486999764,9.800783486999475,9.80078348699865,8.878832244921815,8.21274457186866,8.138313031691974,8.191046598434484,8.426751762813375,8.99576039973271,9.204701059153953,8.348564706908725,8.080142653971063,8.19642037928519,7.705425930462646,7.719545934068174,6.233915297142415,4.845420203760595,3.053214742595266,1.3282179230186668,2.022553563019604,2.4633390630205905,1.687267253021626,1.7011463930234925,2.2523156830242383,2.2873832830252363,3.181521123026363,3.638831883027589,2.587988773028906,2.750184983030328,3.3321942430318696,3.3377982330335767,4.554134663035536,3.5918104830381163,9.469420198,8.834034083,8.80194024,8.913057834,9.211972427,9.889466884,10.25151435,9.604335572,9.615092384,10.08072895,10.12188071,10.88392641,10.41939353,10.43569476,10.60864258,11.12900141,11.82333705,12.26412255,11.48805074,11.50192988,12.05309917,12.08816677,12.98230461,13.43961537,12.38877226,12.55096847,13.13297773,13.13858172,14.35491815,13.39259397,
0.0,0.0,0.0,0.0,0.0,0.0,0.0,0.0,0.0,0.0,0.0,0.0,0.0,0.0,0.0,0.0,0.0,0.0,0.0,0.0,0.0,0.0,0.0,0.0,0.0,0.0,0.0,0.0,0.0,0.0,0.6114125297040227,0.6431966478481396,0.6870272041566823,0.747469896246023,0.8129081369901596,0.925219248901876,1.0837247169464959,1.3000502928453201,1.5890732151037237,1.9507507119813883,2.50166079744512,3.2759589179424307,4.333061351837756,5.787391853008208,7.821837920886146,10.146366503999838,10.146366503999829,10.146366503999822,10.146366503999813,10.146366503998998,10.146366503999397,10.146366503999593,10.146366503999719,10.146366503999811,10.146366503999868,10.146366503999895,10.14636650399987,10.146366503999754,10.146366503999454,10.146366503998602,9.255638714304817,8.283762914161146,8.216297934853074,8.209420594764227,8.372410747020611,9.483457531109439,9.598261653065391,8.40531358416717,8.073304293909395,8.221920638032392,7.590933682569357,8.179387812072775,6.195934098178217,4.768506157008567,2.8389758691314744,1.0841381860186703,2.2977111460196102,2.6327396160205954,1.462527396021632,1.4880480360235269,2.0166642760242555,1.9068248660252525,3.517526016026371,3.857592636027593,2.3851054760289094,2.46632515603033,3.1063919860318725,2.954200576033579,4.8113299560355545,3.387104586038165,9.867051244,8.926959562,8.903325139,8.956890491,9.185318884,10.40867678,10.68198637,9.705363877,9.662377509,10.17267135,10.09259448,11.45534673,10.52899545,10.55589801,10.66081379,11.23050469,12.44407765,12.77910612,11.6088939,11.63441454,12.16303078,12.05319137,13.66389252,14.00395914,12.53147198,12.61269166,13.25275849,13.10056708,14.95769646,13.53347109,
0.0,0.0,0.0,0.0,0.0,0.0,0.0,0.0,0.0,0.0,0.0,0.0,0.0,0.0,0.0,0.0,0.0,0.0,0.0,0.0,0.0,0.0,0.0,0.0,0.0,0.0,0.0,0.0,0.0,0.0,0.5521529432340205,0.5808564674975282,0.6204388598980598,0.6750232995566204,0.7341191071685816,0.8355447534993158,0.9786874868382772,1.174046262830572,1.4350563819138822,1.7616792178887823,2.2591937606367996,2.958445027829709,3.913090527910815,5.226463786788911,7.063726403525719,9.162956033999855,9.162956033999846,9.162956033999839,9.162956033999832,9.162956033999095,9.162956033999457,9.162956033999635,9.162956033999748,9.16295603399983,9.162956033999881,9.162956033999906,9.162956033999883,9.16295603399978,9.162956033999508,9.16295603399874,9.801966116774818,8.34610309451176,8.211175009111697,8.323195125453628,8.282393998842187,10.167066916511997,10.230594383173607,8.531317614181914,8.271904245099233,8.415108952124994,7.647921226377673,9.150561162185491,6.6159049221051545,5.244412413227861,3.6462773864919016,2.0720935760186543,3.9911995660195907,4.246965836020573,2.4459378660216133,2.377749846023429,3.0049970560242008,2.668724426025213,5.280618926026346,5.532281346027572,3.2675819960289005,3.507931766030322,4.095165776031863,3.696851696033562,6.533098056035504,4.370515056038032,10.35411906,8.926959562,8.831613869,8.998218425,9.016513106,11.00261167,11.20928187,9.705363877,9.706960627,10.17678817,9.907114987,12.10900619,10.52899545,10.4708762,10.71000379,11.23504961,13.1541556,13.40992187,11.6088939,11.54070588,12.16795309,11.83168046,14.44357496,14.69523738,12.43053803,12.6708878,13.25812181,12.85980773,15.69605409,13.53347109,
0.0,0.0,0.0,0.0,0.0,0.0,0.0,0.0,0.0,0.0,0.0,0.0,0.0,0.0,0.0,0.0,0.0,0.0,0.0,0.0,0.0,0.0,0.0,0.0,0.0,0.0,0.0,0.0,0.0,0.0,0.5511270204870206,0.5797772124287106,0.6192860591255709,0.6737690786631956,0.7327550838480859,0.8339922771804705,0.9768690454675389,1.1718648368654878,1.4323899884743945,1.758405945863891,2.254996086247268,2.952948115992162,3.905819845697042,5.21675280335408,7.050601711020203,9.145930886999855,9.145930886999846,9.14593088699984,9.145930886999832,9.145930886999096,9.145930886999459,9.145930886999635,9.145930886999748,9.14593088699983,9.145930886999881,9.145930886999906,9.145930886999883,9.14593088699978,9.14593088699951,9.145930886998741,10.371036389521814,8.430326199580575,8.295166690884185,8.450937873347055,8.474140478162683,10.902985742830843,10.847372844544344,8.623892787146998,8.411021998538722,8.605011564149889,7.861306293767206,9.964270434023039,6.721240494318929,5.352338246662696,3.809953278997421,2.2951552330186535,4.8861952830195925,4.999681803020575,2.571085843021613,2.5030246530234272,3.245166973024197,2.9355739030252104,6.2616765930263405,6.355511883027573,3.4012032630288958,3.70307238303032,4.355328003031861,3.985409953033556,7.411235083035502,4.513588143038029,10.92216341,9.010103412,8.91445275,9.124706952,9.206895562,11.73697802,11.82424189,9.795757624,9.843411987,10.36341751,10.11630238,12.91721855,10.62706034,10.56909105,10.86055499,11.44108612,14.03212617,14.14561269,11.71701673,11.64895554,12.39109786,12.08150479,15.40760748,15.50144277,12.54713415,12.84900327,13.50125889,13.13134084,16.55716597,13.65951903,
0.794245592136011,1.1669269521606258,1.7229472037228633,2.5524990764725763,3.773569439365886,5.617635715004793,8.372513663425073,12.480554766499242,18.601165268741248,26.7098121627408,35.66364600530879,45.52060631525467,56.34922542017184,68.24903385368424,81.35296468954095,95.7723540690473,111.57298959723661,128.98240067957377,148.13778355587942,169.27777812147312,192.30543765098835,217.53795690116291,241.7974759428888,241.79747594512241,241.79747594763577,241.797475941557,241.79747592729018,241.79747590007668,241.79747583701257,241.7974759071135,0.5569366795470208,0.5858888850735968,0.6258142109497209,0.6808715586481989,0.7404793598378157,0.8427837365155801,0.9871666282197311,1.1842179513264248,1.4474894068746031,1.7769420340156188,2.278766937531523,2.984076369803097,3.9469927165775704,5.271744763575891,7.12492503502033,9.242341946999852,9.242341946999845,9.242341946999838,9.24234194699983,9.242341946999087,9.242341946999453,9.24234194699963,9.242341946999746,9.242341946999828,9.24234194699988,9.242341946999904,9.242341946999883,9.242341946999778,9.242341946999504,9.242341946998728,10.062883378325804,7.681565751775063,7.002140964337175,6.412318760889475,5.097726785807069,5.798345188490939,2.9970908083670826,1.2491293689295823e-11,1.3121947795926656e-11,1.3784051543364725e-11,1.4479165481536005e-11,1.5209262996198035e-11,1.59756748215133e-11,1.6780499461173043e-11,1.7625570373587206e-11,1.8512904548818428e-11,1.9444627024834684e-11,2.0422915432497553e-11,2.1450090245020728e-11,2.2528648361906882e-11,2.366114185362732e-11,2.4850249651841844e-11,2.6098867029154744e-11,2.7409872272064207e-11,2.8786371230669014e-11,3.0231763122898785e-11,3.174942155280241e-11,3.3342912208849604e-11,3.501623515946352e-11,3.6772967546756226e-11,11.41406565,9.434381589,9.350902379,9.645689396,9.611775585,12.25876464,12.3567711,10.2570316,10.40542947,11.00289746,10.56117424,13.4914747,11.12747965,11.08655141,11.48064707,12.14706416,14.65594737,14.78268964,12.26876118,12.21928581,13.15569686,12.61279788,16.09257796,16.19958233,13.16143905,13.5826274,14.33436093,13.70880123,17.30285221,14.30273427,
2.0587006875960285,3.0246983333286486,4.465914105304219,6.616129388505885,9.781168540855512,14.561025737696403,21.70172526793031,32.34985114651029,48.214597736523864,69.23237498506492,92.440893950517,117.99033504104726,146.05833544008618,176.90288030995285,210.86853487460456,248.24388467096972,289.19945250592116,334.32499921428973,383.9761402329768,438.77143501191375,498.4595956722023,563.8627974582046,626.7439629647517,626.7439629705412,626.743962977056,626.7439629612996,626.7439629243198,626.7439628537818,626.7439626903184,626.7439628720214,0.5945235082680221,0.6254296551135785,0.6680494818915944,0.7268225681538504,0.7904532112499687,0.8996619582535007,1.0537890367207514,1.264139060744185,1.5451783155238066,1.8968652108012014,2.432557531187057,3.185467248732821,4.213369388557057,5.627526982212531,7.605775635772823,9.866093867999842,9.866093867999833,9.866093867999826,9.866093867999817,9.866093867999025,9.866093867999414,9.866093867999606,9.866093867999728,9.866093867999817,9.866093867999872,9.866093867999897,9.866093867999874,9.866093867999762,9.86609386799947,9.866093867998641,8.921585914144787,6.100933853567058,4.4530914228139435,2.7886537533505154,1.0774128895409294e-11,1.1318609752912128e-11,1.1890555032552791e-11,1.2491127195662856e-11,1.3121735398387997e-11,1.3783874879426418e-11,1.4479122497626469e-11,1.5209132669750107e-11,1.597564672477991e-11,1.6780485865959035e-11,1.7625563966650595e-11,1.8512897300769964e-11,1.9444598387628707e-11,2.0422883028110605e-11,2.1450080091695936e-11,2.2528638131532465e-11,2.3661124759063063e-11,2.485023477934111e-11,2.6098803107203147e-11,2.7409797911847228e-11,2.8786339068237555e-11,3.023171169667095e-11,3.17493500267322e-11,3.334286863055038e-11,3.501606831910639e-11,3.67729143028552e-11,11.57481011,9.751061842,9.58705501,10.13160571,10.05853975,12.35410343,12.5307917,10.60132542,10.92961885,11.42967485,11.05206732,13.59640051,11.50099147,11.36653704,12.05900218,12.61822117,14.76992951,14.99087449,12.68058196,12.52787812,13.66597644,13.19905231,16.21773305,16.4277213,13.49382499,14.26687297,14.89035822,14.34599891,17.54652854,14.78282864,
3.1387369164480434,4.6115165634026445,6.808823425600836,10.08708535476777,14.912568383621045,22.20003582824177,33.086891484262395,49.32124064801172,73.50895578901913,105.55308622000022,140.93726600478064,179.89046324643712,222.68350720573903,269.70972730533896,321.4944546898153,378.47767273497766,440.91936397847854,509.71868977743605,585.4178286557055,668.95984892439,759.9616319752789,859.6766828986543,955.5465860438014,955.5465860526283,955.5465860625607,955.5465860385383,955.546585982158,955.5465858746144,955.5465856253948,955.5465859024227,0.7616455510920283,0.801239492995,0.8558398595109604,0.9311342070902571,1.0126515828597529,1.1525591813631186,1.3500117664751474,1.619491707539686,1.9795317986518093,2.4300787584276025,3.116355527809975,4.080910047131295,5.397758045347306,7.2094388700273795,9.743778160205174,12.639477491999799,12.639477491999786,12.639477491999777,12.639477491999767,12.63947749199875,12.63947749199925,12.639477491999495,12.639477491999651,12.639477491999765,12.639477491999836,12.63947749199987,12.639477491999838,12.639477491999696,12.63947749199932,12.639477491998258,7.485885262468766,4.432453968611643,2.112797511897963,1.0255201060643941e-11,1.0773833197885208e-11,1.1318568040914004e-11,1.189054412189164e-11,1.2491122698268597e-11,1.3121732658676974e-11,1.378387322007967e-11,1.447912100090608e-11,1.520913145727005e-11,1.5975644262399712e-11,1.678048297631998e-11,1.7625561525654275e-11,1.8512894765956173e-11,1.9444594920378725e-11,2.0422879334757296e-11,2.145007747883046e-11,2.252863577629727e-11,2.3661121946453572e-11,2.4850232109708814e-11,2.609879930609174e-11,2.7409793115469656e-11,2.8786335254687472e-11,3.0231705406283947e-11,3.1749343050521196e-11,3.33428613122623e-11,3.5016057707741585e-11,3.677290687309056e-11,11.38626773,9.845210025,9.777460797,10.27687967,10.21973023,12.50870687,12.32667731,10.70368305,11.08633527,11.62453784,11.22917932,13.76655048,11.61203553,11.59228461,12.23191247,12.83334753,14.95476542,14.74668775,12.80301516,12.77669076,13.89896584,13.41057025,16.42068727,16.16012973,13.76182203,14.47144124,15.14422193,14.57589694,17.26071269,14.9255594,
4.075930645584056,5.988466757087142,8.841866266441656,13.098982621533983,19.365303973279044,28.828732313058296,42.96628821011021,64.04804275949093,95.45795445781071,137.07012416540542,183.01964672585407,233.60385770216644,289.1744531150909,350.2422064032035,417.48930704853626,491.4871128210292,572.5732343012255,661.9153129412001,760.2174160519721,868.7042021928366,986.8781575811265,1116.3670707024276,1240.8627154857702,1240.8627154972328,1240.8627155101308,1240.8627154789356,1240.8627154057208,1240.8627152660658,1240.8627149424317,1240.8627153021775,0.9594362738340356,1.0093123139833182,1.0780917772453784,1.1729392140598771,1.2756257289996378,1.4518657461528641,1.7005945311463087,2.0400553606059906,2.4935937853393924,3.0611426873906953,3.9256377605793062,5.140676163417175,6.79949467132115,9.081648485934057,12.274126984250106,15.921806633999745,15.921806633999731,15.92180663399972,15.921806633999706,15.921806633998427,15.921806633999056,15.921806633999363,15.92180663399956,15.921806633999704,15.921806633999793,15.921806633999834,15.921806633999795,15.921806633999617,15.921806633999145,15.921806633997807,6.051166770590748,2.7386103269388293,9.762483457035951e-12,1.025503476236319e-11,1.0773819783465287e-11,1.131856089465416e-11,1.189054074966208e-11,1.2491121011519486e-11,1.312173166742587e-11,1.378387234452775e-11,1.4479120321801469e-11,1.5209130842100912e-11,1.597564353906127e-11,1.6780482096824563e-11,1.7625560759185915e-11,1.851289394824296e-11,1.9444593768573562e-11,2.0422878204663366e-11,2.1450076646873705e-11,2.2528635064628063e-11,2.3661121259394366e-11,2.485023112336414e-11,2.609879719812392e-11,2.7409790407345523e-11,2.8786332884436326e-11,3.0231702612219315e-11,3.174934001302868e-11,3.334285880544136e-11,3.501605530956102e-11,3.677290419932779e-11,11.08653369,9.736389398,9.835571654,10.27813203,10.3491903,12.41079136,12.00218777,10.58537359,11.08768627,11.62728239,11.37142675,13.65878884,11.48368591,11.6611816,12.23340308,12.83637748,14.83770268,14.35849344,12.66150146,12.85262708,13.90224738,13.5804508,16.2921496,15.73472773,13.84361333,14.47320476,15.14779748,14.76053945,16.80633876,14.76058489,
4.627652623524064,6.799071502687434,10.038709973899588,14.872073782637125,21.986610550986036,32.73101785133059,48.7822472087515,72.71764877271812,108.3792369876374,155.6240708825688,207.7933659751914,265.22470546254016,328.3173912843728,397.6513356738901,474.0010699518561,558.0152914374702,650.0773100112558,751.5128202197784,863.1211926172218,986.2928567490404,1120.4629548779974,1267.4796145388493,1408.8271121522198,1408.8271121652338,1408.8271121798778,1408.82711214446,1408.8271120613347,1408.8271119027759,1408.8271115353343,1408.8271119437757,1.1229833355900416,1.18136132635439,1.2618650483634266,1.372880332933057,1.4930709575863799,1.6993531336148961,1.9904806302989682,2.387806502756796,2.9186558222119316,3.582950029673059,4.594808333728005,6.0169641513689935,7.958547549816502,10.629721001308143,14.366394557032594,18.6358635899997,18.635863589999683,18.635863589999673,18.635863589999655,18.63586358999816,18.635863589998895,18.635863589999254,18.635863589999484,18.63586358999965,18.635863589999758,18.635863589999808,18.63586358999976,18.635863589999552,18.635863589998998,18.63586358999743,5.192073740894734,1.7119392359674648,9.7609930337427e-12,1.0255022128378046e-11,1.0773816418818273e-11,1.1318558959661799e-11,1.1890539869191576e-11,1.2491120703538636e-11,1.3121731490424344e-11,1.378387213909039e-11,1.4479120129700389e-11,1.5209130638887777e-11,1.5975643357071796e-11,1.6780481882921037e-11,1.762556054452635e-11,1.851289370832697e-11,1.9444593399840892e-11,2.0422877836624323e-11,2.1450076339422203e-11,2.2528634781819015e-11,2.3661121285995e-11,2.4850230667625686e-11,2.609879663813879e-11,2.7409789627751764e-11,2.8786332139633975e-11,3.023170171961311e-11,3.174933905226998e-11,3.3342857859290064e-11,3.501605446821942e-11,3.677290283246743e-11,10.9427097,9.692372065,9.893682511,10.26310369,10.45961212,12.28710861,11.84648512,10.53751807,11.07147423,11.70687431,11.49275543,13.52266886,11.43176921,11.73007859,12.2155158,12.92424599,14.68983395,14.17222279,12.60425996,12.92856341,13.99741206,13.72534891,16.12978623,15.53060339,13.92540464,14.45204252,15.25148829,14.91802865,16.58831257,14.69385362,
4.853873308380067,7.13144100767236,10.529447725869606,15.599088316795296,23.061415965554648,34.33105870935062,51.16694508263271,76.27241781974209,113.67730648638981,163.2316825075581,217.9512497628567,278.1900940497191,344.3670370008499,417.0903395940996,497.17239576008626,585.293614090171,681.8560423933127,788.2501811884848,905.3144778943062,1034.5073325694923,1175.2362746643164,1329.4397765839533,1477.696982058764,1477.6969820724144,1477.6969820877741,1477.696982050625,1477.6969819634362,1477.6969817971262,1477.6969814117226,1477.6969818401303,1.269238722696047,1.3352197609563983,1.4262081470319052,1.5516818682540114,1.687525909817522,1.9206739159540764,2.2497173490330185,2.6987902487546287,3.2987764558654273,4.049587179988359,5.1932281412438455,6.800603047220507,8.995054874378342,12.014117288060081,16.23744867748614,21.062965895999664,21.062965895999646,21.062965895999632,21.06296589599961,21.06296589599792,21.06296589599875,21.062965895999156,21.06296589599942,21.062965895999607,21.062965895999728,21.06296589599978,21.06296589599973,21.062965895999493,21.062965895998868,21.0629658959971,4.618969238932725,1.0863230773805308,9.760955490352894e-12,1.02550185112353e-11,1.0773815403673179e-11,1.1318558489307292e-11,1.1890539685404838e-11,1.2491120729003475e-11,1.3121731498953815e-11,1.3783872135195797e-11,1.4479120129903115e-11,1.520913058987519e-11,1.597564334228733e-11,1.6780481890071273e-11,1.7625560525745448e-11,1.8512893670067328e-11,1.9444593350102234e-11,2.0422877769534905e-11,2.1450076229556433e-11,2.2528634499270736e-11,2.36611213889374e-11,2.4850230249609382e-11,2.6098796099298185e-11,2.7409789127075735e-11,2.8786331719259114e-11,3.023170120753303e-11,3.174933881829824e-11,3.334285718437453e-11,3.501605367874574e-11,3.6772902024301204e-11,10.74208127,9.552983846,9.676075898,10.15915767,10.44945839,12.24588102,11.62928648,10.38597562,10.95934093,11.58748643,11.48159877,13.47729554,11.26736632,11.47208136,12.09179551,12.79244322,14.64054438,13.91238305,12.42299521,12.64420611,13.85466504,13.71202495,16.0756651,15.24585851,13.61912231,14.3056704,15.09595207,14.90354688,16.28417518,14.48253795,
4.7705812871400655,7.009066133392606,10.348763367644914,15.331409390531602,22.66568418056734,33.74194088745071,50.288924993140306,74.96359011834737,111.72661432266489,160.4306417916853,214.21122628651437,273.41637752474446,338.4577301982371,409.93310758219417,488.6409630018193,575.2500292993875,670.1554551802934,774.7238803020083,889.7793644022692,1016.7552815284089,1155.0693278710492,1306.626711826503,1452.3398372392999,1452.3398372527158,1452.339837267812,1452.3398372313004,1452.3398371456078,1452.3398369821518,1452.3398366033616,1452.3398370244179,1.3670193954540508,1.4380835360457462,1.5360815613991423,1.671221631949519,1.8175309402408137,2.06864039719396,2.423032953079934,2.90670190590564,3.5529103515345,4.361562659282237,5.5933083880535115,7.324513584479301,9.68802342425334,12.93967088961168,17.488362809845437,22.68563225399964,22.685632253999618,22.685632253999604,22.685632253999582,22.68563225399776,22.685632253998655,22.685632253999092,22.685632253999376,22.68563225399958,22.685632253999707,22.685632253999767,22.68563225399971,22.685632253999454,22.685632253998783,22.685632253996875,4.357925167414722,0.9053107735709373,9.760951562717938e-12,1.025501876685454e-11,1.0773815582860424e-11,1.1318558750439029e-11,1.1890539809279802e-11,1.249112083507767e-11,1.3121731509373826e-11,1.3783872174115548e-11,1.4479120109641036e-11,1.520913048752874e-11,1.5975643372062064e-11,1.6780481953749378e-11,1.7625560519682486e-11,1.8512893651680838e-11,1.944459331108274e-11,2.0422877732436146e-11,2.1450076211015606e-11,2.2528634485446926e-11,2.3661121400288728e-11,2.4850230131922503e-11,2.609879518111409e-11,2.7409787994124093e-11,2.8786330464306872e-11,3.023169981930031e-11,3.174933743366472e-11,3.3342857395676146e-11,3.501605288893266e-11,3.677290149989582e-11,10.49552585,9.352460443,9.447341673,10.08151125,10.30096007,12.27680171,11.36236766,10.16796717,10.87557871,11.39948481,11.31843261,13.51132553,11.0308569,11.20089109,11.99937794,12.58489174,14.67751156,13.59306193,12.16222839,12.3453078,13.6298795,13.51716196,16.11625595,14.89593106,13.29717781,14.19633219,14.85102722,14.69175106,15.91041598,14.17853997,
4.35783012742806,6.402641045771832,9.45338734856417,14.004934350053865,20.70464696767799,30.822584860592528,45.93792228251837,68.47773296694928,102.06001672025369,146.55016696750374,195.67765003000446,249.76036579053326,309.17433426713785,374.46565500675933,446.36369907478485,525.4793404825477,612.1735396307907,707.6946943801103,812.7955667391092,928.7855150923054,1055.13261661288,1193.5772408802932,1326.683252425956,1326.6832524382114,1326.6832524520014,1326.6832524186486,1326.6832523403702,1326.6832521910565,1326.6832518450392,1326.6832522296656,1.397138865252052,1.4697687584902646,1.5699259694226735,1.7080435743715945,1.8575765083165563,2.1142186473441815,2.4764195166448295,2.9707451232570943,3.631191447167752,4.457660750666454,5.716545471320299,7.485894225036707,9.901479158604648,13.224770009530372,17.873683030772273,23.18546365199963,23.18546365199961,23.185463651999594,23.185463651999573,23.18546365199771,23.185463651998624,23.185463651999072,23.185463651999363,23.18546365199957,23.1854636519997,23.18546365199976,23.185463651999704,23.185463651999445,23.185463651998756,23.18546365199681,4.556848897328727,1.3345489007471916,9.760976415992256e-12,1.0255023337958013e-11,1.0773817310658945e-11,1.1318559726399145e-11,1.1890540293207134e-11,1.2491121025947563e-11,1.3121731510025987e-11,1.3783872143591337e-11,1.4479119979543488e-11,1.5209130276476735e-11,1.5975643316074354e-11,1.678048194772882e-11,1.7625560420979327e-11,1.8512893532783067e-11,1.9444593188380327e-11,2.042287761051553e-11,2.1450076096555523e-11,2.2528634379932025e-11,2.366112117612767e-11,2.4850229933936494e-11,2.6098794926442397e-11,2.7409787606521304e-11,2.8786329960369873e-11,3.0231699334603664e-11,3.1749336679399146e-11,3.3342856105981655e-11,3.5016052088855516e-11,3.6772901199400857e-11,10.31181789,9.206958705,9.329883558,9.986331764,10.1867306,12.07195215,11.16348698,10.00977811,10.77290244,11.24030096,11.19292017,13.28587682,10.85924336,11.06163122,11.88609189,12.40915472,14.43260398,13.35513638,11.97301343,12.19181948,13.43955013,13.36726736,15.84734161,14.63520081,13.13185496,14.06230471,14.6436456,14.5288312,15.63192874,13.95795607,
3.5006079608880483,5.14318721936172,7.593825835811769,11.250044917755316,16.631867209841502,24.759520858564912,36.90154314109275,55.007581791432706,81.98394535175358,117.722505502685,157.18619575177718,200.63038237717197,248.35711906846745,300.8050829575296,358.56017163175295,422.11309500057484,491.75380949080795,568.4851425099854,652.911781391692,746.0855226150172,847.5790770870656,958.7904689222702,1065.7133984614727,1065.713398471317,1065.7133984823947,1065.7133984556028,1065.7133983927222,1065.7133982727798,1065.7133979948271,1065.7133983037943,1.35179113914905,1.422063642876906,1.5189699945843917,1.6526046383366846,1.797284097297475,2.0455962573111575,2.396040968205639,2.874321969108428,3.513331813262271,4.312975935284945,5.531000322777014,7.242920323590077,9.580101251178114,12.795526171940052,17.29354679471881,22.43291994899964,22.43291994899962,22.432919948999604,22.432919948999583,22.43291994899778,22.432919948998666,22.4329199489991,22.43291994899938,22.43291994899958,22.432919948999707,22.432919948999764,22.43291994899971,22.43291994899946,22.432919948998794,22.432919948996908,5.01102632897174,2.4754201417706616,0.11693922961359939,1.0255046446701059e-11,1.0773823748099653e-11,1.1318562663280398e-11,1.1890541737467509e-11,1.2491121815743388e-11,1.3121731934334781e-11,1.3783872163467175e-11,1.4479119792008463e-11,1.5209129967535452e-11,1.5975643275155932e-11,1.67804819697501e-11,1.762556026483392e-11,1.8512893327880393e-11,1.9444592984772427e-11,2.042287739510351e-11,2.1450075860729577e-11,2.252863414675616e-11,2.3661120622348016e-11,2.485022961997024e-11,2.6098794701072425e-11,2.7409787410874904e-11,2.8786329739136366e-11,3.0231699184745375e-11,3.174933658448408e-11,3.3342855633138773e-11,3.501605273585904e-11,3.67729011991809e-11,9.863425429,9.040671004,9.22973506,9.844814898,10.02807855,11.30795347,10.67806109,9.828990619,10.62023904,11.00152519,11.01859734,12.44505238,10.6631136,10.94289386,11.71765342,12.14554918,13.51920652,12.77441022,11.75676777,12.0609505,13.15405609,13.15908042,14.84440953,13.99881315,12.99089548,13.863027,14.33257316,14.30255362,14.95220001,13.70586018,
2.3963526254280327,3.520785627493898,5.198378305142843,7.701255032285067,11.385399079068344,16.94921095897595,25.261072012779852,37.65561997148261,56.12237785027023,80.58732605457476,107.60232424748867,137.34218424967523,170.01367790196198,205.91710306929338,245.45353786080707,288.9588993494635,336.6316781552965,389.1583630590389,446.9528947520188,510.735283953015,580.2130285163955,656.3431504207607,729.5375914385787,729.5375914453178,729.537591452901,729.5375914345605,729.5375913915154,729.5375913094084,729.537591119135,729.5375913306394,1.1884475858070442,1.2502287182507437,1.3354254001942485,1.4529123145171017,1.5801094448563782,1.7984168287030884,2.1065155863880745,2.5270035481734356,3.0887986987686897,3.7918178995905523,4.862662426416115,6.367722737243281,8.422490630406699,11.249379987610855,15.203882717534647,19.722240206999686,19.72224020699967,19.722240206999654,19.722240206999636,19.722240206998052,19.72224020699883,19.72224020699921,19.722240206999455,19.722240206999633,19.722240206999743,19.722240206999796,19.722240206999746,19.722240206999526,19.72224020699894,19.722240206997284,6.092500047773765,4.333237250264647,2.7639334206726676,0.6918999132080859,1.0773861734245256e-11,1.1318573563984243e-11,1.1890546388028825e-11,1.24911242501758e-11,1.3121733478262196e-11,1.3783872681603756e-11,1.4479120086490844e-11,1.5209130271376252e-11,1.5975644036783864e-11,1.6780482808667796e-11,1.762556073976483e-11,1.8512893705236763e-11,1.9444593384081525e-11,2.0422877755141132e-11,2.145007613709739e-11,2.2528634365499824e-11,2.366112046643732e-11,2.485022996918393e-11,2.6098795321124776e-11,2.7409788265900203e-11,2.8786330666983328e-11,3.023170045980821e-11,3.1749338048410266e-11,3.3342857146205304e-11,3.501605271481618e-11,3.677290289402422e-11,9.677300259,9.104251596,9.297737126,9.84606726,10.06107818,10.73334401,10.47656355,9.898115249,10.62159004,10.91918871,11.05485649,11.81266166,10.73810439,11.02351799,11.71914402,12.05465072,12.83223306,12.53335408,11.83944994,12.14981215,13.05560986,13.2023833,14.09009637,13.73465224,13.08660871,13.86479052,14.2253068,14.34961936,14.67004846,13.80224979,
1.0586701854120146,1.5554266653010416,2.296560224797619,3.4022910511670417,5.029886848090275,7.487889769695875,11.15993677545644,16.63564942571557,24.793967104025892,35.602189139762444,47.536982392775,60.67557592385786,75.10931821851526,90.9708760608365,108.43743933166796,127.65741081035875,148.7184804717832,171.92392805744092,197.45662593085123,225.63466328851217,256.32881737019056,289.9618851485763,322.29801615918717,322.2980161621644,322.29801616551447,322.29801615741195,322.2980161383953,322.2980161021218,322.298016018062,322.2980161115013,0.8256990214740307,0.868622766040922,0.9278149573951713,1.0094414686110673,1.0978143571672963,1.2494880156234889,1.4635461245177932,1.755689002953623,2.146008030612173,2.634445445209533,3.3784372615169005,4.424109650228505,5.851702973655688,7.815743966236573,10.56321812791542,13.702442273999782,13.70244227399977,13.70244227399976,13.702442273999749,13.702442273998647,13.702442273999187,13.702442273999452,13.702442273999623,13.702442273999745,13.702442273999823,13.702442273999859,13.702442273999825,13.70244227399967,13.702442273999266,13.702442273998113,8.098708118122794,7.099589526667322,6.473955937816968,5.803781430232142,4.446140384753201,2.4314325846919527,1.1890698181805685e-11,1.2491165081013346e-11,1.3121766267065037e-11,1.3783896204917103e-11,1.4479137770789519e-11,1.5209143996864254e-11,1.59756530126507e-11,1.6780490263849656e-11,1.7625565951412927e-11,1.851289849362812e-11,1.9444598535916904e-11,2.0422882732289847e-11,2.145008099200701e-11,2.2528639279992383e-11,2.3661125386111184e-11,2.485023594905242e-11,2.6098802432880102e-11,2.7409796347585808e-11,2.8786339361693784e-11,3.023171603205253e-11,3.174935415808175e-11,3.3342875002006724e-11,3.501606988453974e-11,3.6772920375426757e-11,9.983077325,9.523638958,9.69833112,10.21551395,10.57384159,11.16881037,10.80759522,10.35407194,11.02013609,11.24167323,11.61826787,12.29191741,11.23275518,11.49846744,12.15887278,12.41066969,13.3528542,12.92937489,12.38483421,12.6732881,13.4411909,13.87524351,14.66175074,14.16863088,13.65044664,14.38502878,14.64543337,15.08094851,15.13358314,14.43805044,
0.019068787104000263,0.02801637407496035,0.04136568555686446,0.06128212980258857,0.09059841562092966,0.13487201004058028,0.20101298912320062,0.29964162739909195,0.44658939742055204,0.6412672940990294,0.8562370125325229,1.0928896040029343,1.352870439133103,1.6385691145097951,1.9531771775680862,2.299367661934543,2.6787200410703766,3.096696995329961,3.55659242513215,4.064135759010668,4.616999434200612,5.222798877651313,5.805237871877287,5.805237871930913,5.805237871991255,5.8052378718453115,5.805237871502785,5.8052378708494246,5.805237869335338,5.8052378710183685,0.7057096474050262,0.7423957761950637,0.7929862448808158,0.862750910880101,0.9382815805323982,1.067914244791425,1.250865742399246,1.5005548450516744,1.834153282521848,2.2516116864564673,2.887487700238337,3.7812045069041265,5.001342056679887,6.679971484978012,9.028186720151064,11.711223404999812,11.711223404999801,11.711223404999794,11.711223404999783,11.711223404998842,11.711223404999304,11.711223404999531,11.711223404999677,11.711223404999782,11.711223404999847,11.711223404999878,11.71122340499985,11.711223404999718,11.71122340499937,11.711223404998385,9.985879105499812,9.441608979739263,9.683713189572076,10.184414759327561,10.524796633857441,10.803459435179311,10.143388688489443,9.302282517561721,9.70265896007072,9.262729109458284,8.951160947243618,8.339468969108145,5.690462214202981,4.151814130528968,2.2403109222984683,1.8513575188048628e-11,1.9509071380102157e-11,2.0447178811699175e-11,2.14520689013217e-11,2.2528876682077733e-11,2.366771130245343e-11,2.486618932645391e-11,2.6120865346560825e-11,2.7420643964405524e-11,2.8842295665620326e-11,3.02533082390197e-11,3.177320185331576e-11,3.339051062741237e-11,3.502972413036076e-11,3.67939017226007e-11,10.71065754,10.21202113,10.51806512,11.1084478,11.55367663,12.00624569,11.59526742,11.10247899,11.98340164,12.15560809,12.69488566,13.21356308,12.04467471,12.47035473,13.22167482,13.41964259,14.35404872,13.87168526,13.28002765,13.744475,14.53394397,15.16100608,15.76108607,15.20125991,14.8042261,15.6424182,15.83608994,16.47843888,16.2365392,15.48165327,
1.4046600000000193e-05,2.0637641918965444e-05,3.0471116782313214e-05,4.5142124655871375e-05,6.673731779164922e-05,9.935048128145564e-05,0.000148071769726018,0.0002207243733158669,0.00032897019593299904,0.0004723753600144775,0.0006307280455040805,0.0008050529395426207,0.000996562067984953,0.0012070156742714497,0.0014387647411865444,0.001693778299793102,0.0019732198342602646,0.002281113307173972,0.002619885097378937,0.00299375566160389,0.0034010104522504358,0.003847259205040256,0.0042762999999096055,0.004276299999949108,0.004276299999993558,0.004276299999886052,0.004276299999633737,0.004276299999152453,0.0042762999980371355,0.0042762999992769024,0.6486715651080242,0.6823925843225033,0.7288941428921015,0.7930201687292149,0.8624461683271677,0.981601437811198,1.1497661139333186,1.3792744132792845,1.6859101824615266,2.069628043260943,2.654110189128231,3.4755934746054398,4.597114962898013,6.140071308322033,8.298495041667982,10.76467870799983,10.76467870799982,10.764678707999812,10.764678707999803,10.764678707998938,10.764678707999362,10.76467870799957,10.764678707999705,10.764678707999801,10.764678707999861,10.76467870799989,10.764678707999863,10.764678707999742,10.764678707999423,10.764678707998518,10.005167488300811,9.678777758044863,9.878161396000872,10.36547694915638,10.715278834365812,10.997489291718832,10.38385722430884,9.885160872359886,10.35120262735566,10.209012391392825,10.06664181284074,9.707388312470224,7.622503115049976,6.434620726020471,4.9813652536084545,2.7896177937188846,3.555050502185357,3.0311563587134325,2.70671413692426,3.09313052636198,3.913533591572041,4.424124532820234,4.956614072026476,4.351684362027655,4.160568412028928,4.944003972030454,5.22803447203225,5.743878062034444,5.381473012037554,4.938843102038974,10.6538531,10.36119098,10.60708601,11.15854226,11.57779174,11.97919008,11.53377141,11.26465601,12.03744178,12.27911281,12.72138273,13.18378684,12.22061464,12.57589905,13.28129906,13.55599028,14.32170243,13.79811618,13.47401273,13.86080299,14.68161331,15.1926505,15.72556908,15.12063937,14.92952342,15.71295898,15.99698948,16.51283307,16.15042802,15.70779811,
4.858068000000067e-06,7.137603961242195e-06,1.0538547218858571e-05,1.5612568966347712e-05,2.3081345519160637e-05,3.4360727428561976e-05,5.121116328573013e-05,7.633833203948763e-05,0.00011377554581292505,0.00016337274646354368,0.00021813960207921616,0.00027843050445644783,0.0003446646371713813,0.00041745078685778437,0.0004976020495128099,0.0005857994217333217,0.0006824452987758672,0.0007889313828226079,0.0009060968458739836,0.001035401348330321,0.0011762519076319801,0.0013305886714017276,0.001478973999968737,0.001478973999982399,0.001478973999997772,0.0014789739999605909,0.0014789739998733267,0.001478973999706873,0.0014789739993211362,0.0014789739997499143,0.6468010438830241,0.6804248245478856,0.7267922903701232,0.7907334012227432,0.8599592027346381,0.9787708738976855,1.1464506272747659,1.375297112278417,1.6810486609314237,2.06366002586815,2.6464567482973127,3.46557118950244,4.583858637857105,6.122365686057986,8.27456534913026,10.733637482999828,10.73363748299982,10.73363748299981,10.733637482999802,10.73363748299894,10.733637482999363,10.73363748299957,10.733637482999704,10.7336374829998,10.73363748299986,10.733637482999889,10.733637482999862,10.733637482999741,10.733637482999423,10.733637482998521,9.744779918057816,9.559711347857442,9.676276981092416,10.111059116218541,10.334506115930614,10.6770059853862,10.103341221573837,9.757679899402032,10.079323613535882,9.874965311399167,9.653543892115083,9.362040200008307,7.493640407521693,6.211243513171928,4.700661888837845,2.4460533675969454,3.200767391720844,2.7240197456377806,2.582055030175766,2.8595451256752535,3.5398885151166612,3.9547027683538705,4.565940063026414,4.01329617302762,3.907267273028918,4.616321023030377,4.81850541303201,5.231029973033884,5.017734373036267,4.789170673038495,10.39158582,10.24014331,10.40307981,10.90180813,11.1944884,11.65581122,11.24984306,11.13305335,11.76048605,11.93878871,12.30021878,12.82788982,12.07784371,12.33402665,12.97572484,13.18027665,13.93508732,13.45844616,13.31659861,13.59421801,14.27470225,14.68967084,15.30105652,14.74841263,14.64238373,15.35143748,15.55362187,15.96614643,15.75285083,15.52428713,
0.0,0.0,0.0,0.0,0.0,0.0,0.0,0.0,0.0,0.0,0.0,0.0,0.0,0.0,0.0,0.0,0.0,0.0,0.0,0.0,0.0,0.0,0.0,0.0,0.0,0.0,0.0,0.0,0.0,0.0,0.6271245419190233,0.6597254448496168,0.7046823539930344,0.766678295762873,0.8337981612496327,0.9489954318128433,1.111574156012791,1.3334588428650411,1.6299090445204458,2.00088089009519,2.565948202589195,3.360144151371436,4.444411887819379,5.936115614903436,8.022842654983126,10.407106718999835,10.407106718999826,10.407106718999819,10.40710671899981,10.407106718998973,10.407106718999383,10.407106718999584,10.407106718999714,10.407106718999808,10.407106718999865,10.407106718999893,10.407106718999868,10.407106718999751,10.407106718999442,10.407106718998568,9.638766358089816,9.363999315159669,9.437516806016722,9.890919314247377,9.741312648761136,10.54705889819847,10.002192643999095,9.564304897147448,9.867131305492672,9.512502709918586,9.05371424742528,9.291924028643768,7.378174712196595,6.088607535113337,4.662214025034498,2.303527891018675,3.3369834910196134,2.888548281020599,2.628054521021637,2.8462056610235513,3.3589567210242706,3.4698022910252595,4.684230441026378,4.1629115310275955,3.868086261028911,4.600444451030332,4.59230563103188,4.675652011033588,5.155200211035568,4.7890850310382,10.2658909,10.02372476,10.14219916,10.65759761,10.57511081,11.49605433,11.1137668,10.89776374,11.49704035,11.5133836,11.61966245,12.65206818,11.8225866,12.02472315,12.68505668,12.71063461,13.74409021,13.295655,13.03516124,13.25331238,13.76606344,13.87690901,15.09133716,14.57001825,14.27519298,15.00755117,14.99941235,15.08275873,15.56230693,15.19619175,
0.0,0.0,0.0,0.0,0.0,0.0,0.0,0.0,0.0,0.0,0.0,0.0,0.0,0.0,0.0,0.0,0.0,0.0,0.0,0.0,0.0,0.0,0.0,0.0,0.0,0.0,0.0,0.0,0.0,0.0,0.6139046316360228,0.6458183010379005,0.6898275095800016,0.7505165645461451,0.8162215298964394,0.9289904190459166,1.0881419513498636,1.3053492647981286,1.5955502371421282,1.9587019223050184,2.511857503275699,3.2893116432333396,4.350722799782923,5.810981115114278,7.85371953345936,10.187722835999837,10.187722835999828,10.187722835999821,10.187722835999812,10.187722835998994,10.187722835999397,10.187722835999592,10.18772283599972,10.18772283599981,10.187722835999867,10.187722835999894,10.18772283599987,10.187722835999756,10.187722835999454,10.187722835998597,9.383675953372814,9.096684614971384,9.101233701429756,9.538886715464105,9.284202360114328,10.1625182309654,9.735154378662022,9.286670925214356,9.50429506287099,9.145743857708759,8.586231046738773,8.91753078678186,7.140173760233045,5.797428324902497,4.393098996558259,2.07144942401867,3.0727134140196055,2.760435644020596,2.481728834021634,2.6067402540235283,3.0893910340242594,3.066290834025252,4.372550794026371,4.001492014027595,3.593241844028911,4.301353594030331,4.278933274031877,4.21801336403358,4.967846144035557,4.582130284038169,9.997580585,9.742502916,9.791061211,10.28940328,10.10042389,11.09150865,10.82329633,10.59202019,11.0998453,11.10444578,11.09808855,12.20684243,11.49089656,11.60840944,12.24681853,12.25917226,13.26043625,12.94815848,12.66945167,12.79446309,13.27711387,13.25401367,14.56027363,14.18921485,13.78096468,14.48907643,14.46665611,14.4057362,15.15556898,14.76985312,
0.0,0.0,0.0,0.0,0.0,0.0,0.0,0.0,0.0,0.0,0.0,0.0,0.0,0.0,0.0,0.0,0.0,0.0,0.0,0.0,0.0,0.0,0.0,0.0,0.0,0.0,0.0,0.0,0.0,0.0,0.6065545680240225,0.63808614631906,0.6815684481306544,0.7415308944485384,0.8064491974248057,0.9178679444414659,1.0751140115866569,1.2897207784865405,1.5764472769512532,1.9352510750821803,2.4817839193964644,3.249929875167787,4.298633130331554,5.741408287930356,7.759689719727706,10.06574882399984,10.065748823999831,10.065748823999824,10.065748823999815,10.065748823999005,10.065748823999403,10.065748823999597,10.065748823999723,10.065748823999813,10.06574882399987,10.065748823999895,10.065748823999872,10.065748823999758,10.06574882399946,10.065748823998614,8.903958199984817,8.751055406690227,8.701480361879105,9.054441899561715,8.896709965585966,9.65056572556985,9.220886808425231,8.918125981525948,8.991102623061865,8.725950014931602,8.179800270618008,8.381238484847419,6.775487689684417,5.38325634208642,3.899830060289914,1.7040867260186683,2.5693259260196073,2.2515939060205916,2.144180816021627,2.195544316023514,2.6813962060242513,2.666964736025244,3.807863046026366,3.432187786027591,3.1409364760289074,3.7285009160303297,3.8234567260318704,3.7733882960335783,4.351462526035548,4.168400536038152,9.510512768,9.389141553,9.38304881,9.795972794,9.703159163,10.56843367,10.29600082,10.20784676,10.5675499,10.66120109,10.66158419,11.63116836,11.07412082,11.12466463,11.65951978,11.76983555,12.63507475,12.31734273,12.20992964,12.26129314,12.74714503,12.73271356,13.87361187,13.49793661,13.2066853,13.79424974,13.88920555,13.83913712,14.41721135,14.23414936,
0.0,0.0,0.0,0.0,0.0,0.0,0.0,0.0,0.0,0.0,0.0,0.0,0.0,0.0,0.0,0.0,0.0,0.0,0.0,0.0,0.0,0.0,0.0,0.0,0.0,0.0,0.0,0.0,0.0,0.0,0.6094209694410226,0.641101556853244,0.684789343444111,0.7450351549366276,0.8102602430324046,0.9222055228148955,1.0801946893833603,1.2958156257795574,1.5838971107282862,1.9443965118100541,2.4935121122389,3.265288103578595,4.318947226944636,5.768540522554707,7.796359768525734,10.113316640999837,10.113316640999829,10.113316640999821,10.113316640999813,10.113316640999,10.1133166409994,10.113316640999596,10.113316640999722,10.11331664099981,10.113316640999868,10.113316640999894,10.11331664099987,10.113316640999756,10.113316640999457,10.113316640998606,8.551804953567816,8.431359743156042,8.439851612565647,8.784184608073623,8.650478592978368,9.31511910719642,8.837671142628528,8.567737308232932,8.695889029284833,8.454700138203725,7.901706797775575,8.00147573643661,6.381661773071339,5.0497523974620675,3.5456609514918886,1.3671588090186713,2.125901209019611,1.7516544990205984,1.6847922090216312,1.8103021990235233,2.320441249024259,2.3012872590252504,3.325634959026378,2.8888894190276,2.729658399028914,3.305303439030338,3.434424339031881,3.380068329033589,3.774402519035563,3.640738349038167,9.161225923,9.0724613,9.124640956,9.529219763,9.460738836,10.23732463,9.917865832,9.863552934,10.27978614,10.39909665,10.39521891,11.26676384,10.700609,10.81829292,11.34202072,11.48047545,12.23921785,11.86497114,11.79810885,11.92361884,12.43375789,12.4146039,13.4389516,13.00220606,12.84297504,13.41862008,13.54774098,13.49338497,13.88771916,13.75405499,
0.0,0.0,0.0,0.0,0.0,0.0,0.0,0.0,0.0,0.0,0.0,0.0,0.0,0.0,0.0,0.0,0.0,0.0,0.0,0.0,0.0,0.0,0.0,0.0,0.0,0.0,0.0,0.0,0.0,0.0,0.23546939235900877,0.24771020624891243,0.26459038772920696,0.28786829468624864,0.31307010530750556,0.35632376464912646,0.4173679605607062,0.5006800443566782,0.6119895916355939,0.7512801299909949,0.963448603429692,1.2616490803261744,1.668764171492295,2.228861164541415,3.0123743510021095,3.9076051589999374,3.9076051589999343,3.9076051589999317,3.907605158999928,3.907605158999614,3.9076051589997682,3.9076051589998437,3.9076051589998926,3.907605158999927,3.9076051589999494,3.9076051589999596,3.90760515899995,3.907605158999906,3.9076051589997904,3.907605158999462,8.76863787964983,8.813746760760374,9.024491930280549,8.424811675324003,8.091680709703263,9.413325450362187,9.330402547451179,9.350909011655808,8.786942221377524,8.356506157022785,8.271477556584781,9.49041109968903,9.018865648523674,8.784395575475358,7.35777127901551,6.147279451018568,7.772484061019503,7.753877031020484,7.876193321021516,8.230897331022911,6.982187811023888,7.121306441025001,8.9174099410262,8.871607921027474,9.16682187102883,8.361200191030267,7.957841771031794,8.079676201033434,9.741934121035223,9.829767011037307,9.004107272,9.061456967,9.289082318,8.71267997,8.404750815,9.769649215,9.747770508,9.851589056,9.398931813,9.107786287,9.23492616,10.75206018,10.68762982,11.01325674,10.37014563,10.05488461,11.68008922,11.66148219,11.78379848,12.13850249,10.88979297,11.0289116,12.8250151,12.77921308,13.07442703,12.26880535,11.86544693,11.98728136,13.64953928,13.73737217,
0.0,0.0,0.0,0.0,0.0,0.0,0.0,0.0,0.0,0.0,0.0,0.0,0.0,0.0,0.0,0.0,0.0,0.0,0.0,0.0,0.0,0.0,0.0,0.0,0.0,0.0,0.0,0.0,0.0,0.0,0.24121649652300897,0.25375607209812634,0.27104824836170277,0.2948942994612242,0.32071121096379196,0.3650205628657924,0.4275546651681636,0.5129001479502993,0.6269264286281965,0.7696166327531836,0.9869635045601494,1.2924421639214918,1.7094937177939877,2.2832610045859516,3.0858974063883324,4.002978122999936,4.002978122999933,4.00297812299993,4.002978122999926,4.002978122999605,4.002978122999763,4.00297812299984,4.00297812299989,4.0029781229999255,4.002978122999948,4.002978122999958,4.002978122999949,4.002978122999904,4.002978122999785,4.0029781229994486,8.68674866048583,8.761238154911162,8.974760026648054,8.308830207549029,8.047232329046977,9.499967442145524,9.237785031843725,9.28817475506219,8.654468074384923,8.199569922260597,8.207519759454328,9.564543836093714,8.923335142221987,8.678689465430825,7.15456550362929,5.8988940820185745,7.791093237019506,7.559890197020488,7.72039877702152,8.078976037022919,6.721097037023894,6.977634107025005,8.947192077026203,8.668169137027482,9.010540487028836,8.11240102703027,7.681903777031796,7.931806837033436,9.531135517035228,9.663955487037319,8.927965157,9.014994227,9.245808275,8.603724507,8.36794354,9.864988005,9.665339697,9.801074903,9.281394503,8.969186555,9.194483264,10.856986,10.63282886,10.96195047,10.24046291,9.901872205,11.79407136,11.56286832,11.7233769,12.08195416,10.72407516,10.98061223,12.9501702,12.67114726,13.01351861,12.11537915,11.6848819,11.93478496,13.53411364,13.66693361,
0.0,0.0,0.0,0.0,0.0,0.0,0.0,0.0,0.0,0.0,0.0,0.0,0.0,0.0,0.0,0.0,0.0,0.0,0.0,0.0,0.0,0.0,0.0,0.0,0.0,0.0,0.0,0.0,0.0,0.0,0.24352425772800906,0.25618380165710114,0.2736414152523126,0.29771560577187023,0.323779512267141,0.36851277963434415,0.4316451568364968,0.5178071550602612,0.6329243454839344,0.7769796922179876,0.9964059602769273,1.3048071884061248,1.7258487488096215,2.305105369474861,3.1154207367563864,4.041275327999935,4.041275327999932,4.041275327999929,4.041275327999926,4.0412753279996005,4.04127532799976,4.041275327999839,4.041275327999888,4.041275327999925,4.041275327999948,4.0412753279999585,4.041275327999948,4.0412753279999025,4.041275327999783,4.041275327999443,8.835516524280829,8.901866756352184,8.922710811757444,8.290980561238381,8.04162559474363,9.59310237737697,9.39724773717539,9.438798164952228,8.632258114529183,8.362368908795792,8.195288138737547,9.658522541609079,9.075709391206349,8.598209370541916,7.107154903261235,6.048453692018572,7.868318482019509,7.717255442020491,7.86813644202152,7.976052172022925,6.886255362023897,6.936005912025009,9.035741252026206,8.844288252027479,8.902633662028835,8.05294159203027,7.865290372031798,7.889889192033436,9.72185743203523,9.84253489203733,9.079040782,9.158050558,9.196352227,8.588696167,8.365405107,9.961615157,9.828892894,9.95660532,9.26518246,9.139348601,9.191694099,10.96332973,10.80155814,10.90331474,10.22257564,10.08972902,11.90959381,11.75853077,11.90941177,12.0173275,10.92753069,10.97728124,13.07701658,12.88556358,12.94390899,12.09421692,11.9065657,11.93116452,13.76313276,13.88381022,
0.0,0.0,0.0,0.0,0.0,0.0,0.0,0.0,0.0,0.0,0.0,0.0,0.0,0.0,0.0,0.0,0.0,0.0,0.0,0.0,0.0,0.0,0.0,0.0,0.0,0.0,0.0,0.0,0.0,0.0,0.24158618346300897,0.2541449771156214,0.27146365526369154,0.29534625267654196,0.32120273102114255,0.36557999116720646,0.4282099328556025,0.5136862156071736,0.6278872522714608,0.7707961425381145,0.9884761188429695,1.2944229529454363,1.712113677500683,2.2867603165574533,3.0906268340426006,4.009113062999936,4.0091130629999325,4.00911306299993,4.009113062999926,4.009113062999604,4.009113062999762,4.009113062999839,4.009113062999889,4.009113062999925,4.009113062999948,4.009113062999958,4.0091130629999485,4.009113062999903,4.009113062999784,4.009113062999448,9.376492430545829,9.448008717893662,8.922415768746065,8.220712939333708,8.331045275989627,10.152607558844105,9.984240767156283,10.034466414405312,8.558937000741654,8.411092970475666,8.518393653171504,10.281446667069767,9.731192572515289,8.613622633459322,7.045493665975021,6.127580167018573,8.565890017019507,8.447541337020485,8.607867227021515,8.004983107022918,6.969281507023894,7.344570167025003,9.798538687026202,9.641487977027476,8.931315447028833,7.982819717030266,7.952873597031793,8.331161337033432,10.571159897035226,10.699569727037318,9.618078614,9.702153695,9.193879424,8.516059192,8.652248007,10.51818755,10.4124507,10.54815263,9.186824253,9.181889113,9.506869772,11.57586962,11.44330625,10.90038295,10.1361205,10.13669323,12.57500308,12.4566544,12.61698029,12.01409617,10.97839457,11.35368323,13.80765175,13.65060104,12.94042851,11.99193278,11.96198666,12.3402744,14.58027296,14.70868279,
2.5078320000000347e-05,3.684574118215294e-05,5.44020914259836e-05,8.059520792218988e-05,0.00011915052834996887,0.00017737695682445252,0.0002643622815596224,0.0003940737591883283,0.0005873321546901349,0.0008433628378795063,0.0011260803153877732,0.0014373140286468252,0.0017792278872316722,0.0021549645696748816,0.0025687214403623186,0.0030240139401184166,0.0035229193138500334,0.004072621806954506,0.004677453393369224,0.005344949132424507,0.006072047929383706,0.00686876521485236,0.007634759999838614,0.00763475999990914,0.0076347599999885,0.007634759999796562,0.007634759999346087,0.00763475999848682,0.00763475999649557,0.0076347599987090075,0.1585381746750059,0.16677973962406303,0.17814492442901014,0.1938176063103027,0.210785625016987,0.23990769532657535,0.2810078795049503,0.3371007141662244,0.4120438406282628,0.5058261682553521,0.6486761674232656,0.8494502842660394,1.1235550534231253,1.5006603494846313,2.0281885737299667,2.630934674999958,2.630934674999956,2.630934674999954,2.6309346749999514,2.63093467499974,2.630934674999844,2.630934674999895,2.6309346749999274,2.630934674999951,2.630934674999966,2.6309346749999727,2.6309346749999665,2.6309346749999367,2.630934674999859,2.630934674999638,9.841434542013834,9.902148214644043,9.071318152489322,8.115521318492029,8.811954412465434,10.595039537727914,10.544640938225378,10.609453782087074,8.551277492230165,8.941440847920544,9.264285652275822,11.07378946172052,10.750611148705614,9.463532835962468,7.859413218847292,7.796639551078432,10.319459105705633,10.31628178321351,10.458380651628122,9.450521535890356,8.659697297094425,9.202204499810092,11.585138455026321,11.554076075027542,10.380169895028823,9.062382625030457,9.67024511503243,10.230289405034908,12.520663855038652,12.626207225038415,9.999997795,10.0689648,9.249517479,8.30941952,9.022859188,10.83512461,10.82591318,10.94694857,8.963908665,9.448110379,9.9140879,11.92467706,11.87594543,10.96634815,9.890170514,10.43059824,12.9539167,12.95128908,13.09399278,12.08680116,11.29670402,11.84000794,14.22370789,14.19264551,13.01873933,11.70095206,12.30881455,12.86885884,15.15923329,15.26477666,
0.13805344506000192,0.20283182868650415,0.29947764203607435,0.4436679214949533,0.6559107994248579,0.976441004177096,1.4552858290837498,2.169333514513474,3.233200124629001,4.642621403859752,6.19895060568385,7.912258607744129,9.79445749871433,11.862847384747374,14.140534303793213,16.64687037819168,19.39329061697149,22.419343515696102,25.74887612336906,29.423368128393818,33.42596853460918,37.81181120659834,42.02852982911159,42.028529829499824,42.02852982993669,42.028529828880096,42.02852982640028,42.028529821670105,42.02852981070849,42.028529822893226,0.17227532452800642,0.18123101156759802,0.19358097651835324,0.21061167819546514,0.22904995613882895,0.26069542022844866,0.30535688792861043,0.36631010197170283,0.4477469638433473,0.5496554219170464,0.7048832086373481,0.9230541709738138,1.2209098020103928,1.630690836725863,2.203928772736209,2.8589021279999547,2.858902127999952,2.85890212799995,2.8589021279999476,2.858902127999718,2.858902127999831,2.858902127999886,2.8589021279999214,2.858902127999947,2.858902127999963,2.8589021279999707,2.8589021279999636,2.8589021279999316,2.8589021279998468,2.8589021279996065,10.217829410420828,10.222891579755183,9.213927309455329,7.739048151319832,8.823275273447083,9.98449678560577,9.637052432999527,8.996205673527312,5.373478815540772,4.965299504236984,3.7633287056932776,3.5147392112972624,1.495115589291252,1.6788820844985237e-11,1.7626832546394294e-11,1.8515597302095952e-11,1.9453007842407572e-11,2.0428164380176773e-11,2.1459986706079908e-11,2.253649301975741e-11,2.3663070961302553e-11,2.485236747361686e-11,2.6127088075667003e-11,2.740961459163511e-11,2.8798178459573042e-11,3.0234892684769426e-11,3.175581573722661e-11,3.334788926849544e-11,3.504030904898313e-11,3.67986127167734e-11,10.52815818,10.60695442,9.706985928,8.393327751,9.708236029,11.22163321,11.39769515,11.53184929,9.054425904,10.15757633,10.66716252,12.35005199,12.51048289,11.50872869,9.990041113,11.21383997,13.41600647,13.63532502,13.79361109,12.68459777,12.14498231,12.73937554,14.73109343,14.94224499,13.66262832,11.81910787,13.23309299,13.84637801,15.95988411,16.080381,
1.2642099651600174,1.8574112291486806,2.7424351434336054,4.0628425269066915,6.006434453907189,8.941656235634124,13.326627571548187,19.86544447052062,29.607691536680417,42.51431929622436,56.7662409716336,72.45567957022568,89.69171879650841,108.63278256078222,129.49046198573873,152.44197210500772,177.59202781621104,205.30279032566025,235.79263648716622,269.44141220322405,306.09480624124836,346.2577011921341,384.87186037186444,384.8718603754197,384.87186037942024,384.8718603697446,384.8718603470359,384.87186030371987,384.87186020333996,384.8718603149204,0.20731483256400768,0.2180920391325941,0.23295389426449928,0.25344851284270453,0.27563699813547604,0.3137189121131408,0.36746418714709767,0.440814827456166,0.5388153358267861,0.6614512094220818,0.8482511629346885,1.1107964615781973,1.46923369248039,1.9623611141392754,2.652191344028075,3.4403813639999448,3.4403813639999417,3.4403813639999394,3.4403813639999363,3.44038136399966,3.4403813639997955,3.440381363999862,3.440381363999905,3.440381363999936,3.440381363999955,3.4403813639999643,3.440381363999956,3.4403813639999172,3.440381363999815,3.440381363999526,9.529197942284814,8.96428825172801,7.297868642311654,4.512858563260855,4.089964737968103,2.4558356322640478,1.1890702366456623e-11,1.2491294581134478e-11,1.3121750942271975e-11,1.378391747969504e-11,1.4479170565193575e-11,1.5209239701481896e-11,1.5975733060597796e-11,1.6780521762915674e-11,1.7625571234235042e-11,1.85129197277098e-11,1.9444668077331793e-11,2.0422967303673198e-11,2.1450170423985536e-11,2.252869138729128e-11,2.3661173851638173e-11,2.485030300311862e-11,2.6098893325525556e-11,2.7409906149072858e-11,2.8786436010863414e-11,3.0231821922202656e-11,3.174947157966539e-11,3.3343037262422455e-11,3.501631605535369e-11,3.677312516484948e-11,11.00072274,11.03979152,10.27325768,8.829149603,10.37203619,11.71121078,11.90928955,12.0024285,9.524575145,10.95898467,11.39652923,12.88886022,13.02099712,12.18010785,10.50877199,12.09858498,14.00132019,14.24735717,14.35648583,13.42457303,13.10319221,13.61042972,15.37378178,15.61293926,14.45965848,12.43281266,14.27715221,14.79312342,16.67625591,16.73657176,
2.5633348513320353,3.7661203978325246,5.560610796001229,8.237892542933427,12.178754472951008,18.130262922370022,27.021309629170656,40.279532318068185,60.0330876001718,86.2027980604282,115.1002506480661,146.91243839056236,181.86054136811185,220.26578274913507,262.55718849765316,309.0940830015462,360.08878806963173,416.27562827419024,478.09738844964335,546.3242509761609,620.6433316245889,702.078339412209,780.3731027095042,780.3731027167129,780.3731027248244,780.373102705206,780.3731026591614,780.373102571333,780.373102367801,780.3731025940435,0.375812536428014,0.39534905142820637,0.42229006382018053,0.45944193807704065,0.4996643902491378,0.5686978525777967,0.6661252671131095,0.799092550940517,0.9767441891108177,1.1990538914264195,1.5376778261732655,2.0136100756422177,2.6633716157577667,3.5572944712708403,4.807792784357958,6.2365940279999,6.236594027999895,6.236594027999891,6.236594027999885,6.236594027999384,6.23659402799963,6.23659402799975,6.236594027999828,6.236594027999884,6.236594027999919,6.236594027999936,6.23659402799992,6.23659402799985,6.236594027999665,6.236594027999141,8.21627679224879,7.045832470748557,4.64273117018835,0.5363279339997855,1.0773893349630748e-11,1.1318579280878066e-11,1.1890549463295141e-11,1.2491126634125741e-11,1.312173438232289e-11,1.3783875713313116e-11,1.4479123938357137e-11,1.5209134508971387e-11,1.597564773950983e-11,1.678048670559102e-11,1.762556418009775e-11,1.8512898252938155e-11,1.9444599292966395e-11,2.0422884050169567e-11,2.1450082636171923e-11,2.252863999951685e-11,2.3661126302241472e-11,2.4850236963551687e-11,2.609880491709902e-11,2.7409800418765965e-11,2.878634364856948e-11,3.023171271448125e-11,3.174935256831446e-11,3.3342871853587237e-11,3.501606985774252e-11,3.677292029407964e-11,11.15542418,11.20730192,10.62563203,9.233662415,10.78706995,11.87483276,12.07676803,12.18454531,9.960949297,11.36655022,11.85255775,13.06893561,13.21856901,12.59788745,10.99023771,12.54853235,14.19693819,14.44771552,14.57432153,13.88503798,13.59050101,14.15504676,15.58857499,15.83250158,14.95562703,13.00242947,14.80812068,15.38506559,16.91077148,16.99052129,
3.6912867461760515,5.423337611080502,8.007462981770242,11.862837016533742,17.537808198400366,26.108176696171604,38.91157725517029,58.00385529443874,86.44962653840798,124.13487289746682,165.74815790374225,211.55875768539752,261.88517885428524,317.18999336956216,378.09101277228905,445.105676034542,518.5397335651702,599.4506369724337,688.476011024653,786.7249437563398,893.7468715559694,1011.0159691789268,1123.7630111442456,1123.7630111546264,1123.7630111663073,1123.763011138056,1123.7630110717505,1123.7630109452746,1123.7630106521817,1123.7630109779784,0.564004250403021,0.5933238617254641,0.6337558431693414,0.6895118729986479,0.749876101936605,0.8534787293089316,0.999693851417342,1.1992457715209113,1.4658581628249505,1.7994915700645373,2.307684671605734,3.021944536791942,3.997080368759534,5.33864362482817,7.21534090163133,9.359628002999852,9.359628002999843,9.359628002999836,9.359628002999829,9.359628002999075,9.359628002999445,9.359628002999626,9.359628002999743,9.359628002999827,9.359628002999878,9.359628002999903,9.35962800299988,9.359628002999775,9.359628002999498,9.359628002998711,6.895298763429768,5.250552927203322,2.0153232350701757,1.0255045748707096e-11,1.0773826286261621e-11,1.1318562557662171e-11,1.1890541791888941e-11,1.2491121965247792e-11,1.3121731971276758e-11,1.3783873113561098e-11,1.4479121410559267e-11,1.5209132070785653e-11,1.5975644650167472e-11,1.6780483134583963e-11,1.7625561674701914e-11,1.8512895113825865e-11,1.9444595199408924e-11,2.0422879819052542e-11,2.1450078380265258e-11,2.2528636360629793e-11,2.3661122874795068e-11,2.4850233106989178e-11,2.609879996777134e-11,2.740979437951526e-11,2.8786337672110055e-11,3.023170667301254e-11,3.174934456137571e-11,3.3342863861231874e-11,3.501606009111381e-11,3.6772909492934245e-11,11.15058976,11.2672144,10.65654206,9.456582788,10.92414531,11.78980087,12.07153432,12.24968198,10.20142793,11.51063905,12.00317268,12.97535312,13.28923341,12.63453478,11.25556557,12.70760466,14.09527844,14.44145432,14.65223357,13.92542965,13.7627819,14.33492028,15.47695017,15.82564026,14.99913304,13.31633595,14.99583681,15.58056942,16.90344287,17.08134996,
4.548349055556063,6.682556571058433,9.8666777183497,14.61721270943316,21.609828453005598,32.17011004125859,47.946271267626294,71.47149451891656,106.5219540656051,152.95715850026158,204.2324341891395,260.67957920359805,322.6910526904942,390.83682899163057,465.8781663707298,548.45264549323,638.9370075008928,738.6342286603847,848.3299808016693,969.3908658338304,1101.2617059238075,1245.7589574504846,1384.68419872873,1384.6841987415212,1384.6841987559142,1384.6841987211033,1384.6841986394027,1384.684198483561,1384.6841981224163,1384.6841985238582,0.726686794320027,0.7644634145270389,0.816557679707599,0.8883960932509688,0.9661719043147667,1.099657886228078,1.2880475983448696,1.5451586839738303,1.8886733007950427,2.3185406129859665,2.9733179760832043,3.8936004231972587,5.150006436543371,6.878532952493245,9.29654864477695,12.059338319999807,12.059338319999796,12.059338319999789,12.059338319999778,12.059338319998808,12.059338319999284,12.059338319999517,12.059338319999668,12.059338319999775,12.059338319999844,12.059338319999874,12.059338319999846,12.059338319999709,12.059338319999352,12.05933831999834,5.846547390132749,3.8605436444238164,9.762389465741388e-12,1.0255022159628474e-11,1.0773817755692856e-11,1.131855873889376e-11,1.1890539683769023e-11,1.2491120680167173e-11,1.3121731382861726e-11,1.3783872385583665e-11,1.447912070587117e-11,1.520913139339305e-11,1.5975643917527112e-11,1.6780482357702106e-11,1.762556114367752e-11,1.8512894426716263e-11,1.9444594279009192e-11,2.0422878793144802e-11,2.145007733284652e-11,2.2528635585567158e-11,2.366112213973093e-11,2.4850232105274768e-11,2.6098798560278202e-11,2.740979235386379e-11,2.8786335432890465e-11,3.023170479538642e-11,3.174934232903236e-11,3.334286167566801e-11,3.501605798627309e-11,3.6772906569750894e-11,11.12158324,11.30756363,10.5934856,9.571800059,11.02441341,11.7885125,12.04013211,12.29354953,10.32572026,11.49828858,12.1133447,12.97393521,13.33682372,12.55977422,11.39270132,12.69396989,14.09373814,14.40388713,14.70470494,13.84303066,13.74801496,14.46649443,15.47525889,15.78447232,14.91038077,13.47857974,14.97974685,15.72357685,16.8594712,17.14252028,
5.0673865618200695,7.445140413183162,10.992619403011538,16.28526446635954,24.075846635435912,35.84122091865631,53.41768798816291,79.62750581684999,118.67776900532313,170.41195388722167,227.53853757851516,290.42718148106763,359.51513044626455,435.4374017704819,519.0421251483723,611.0396391350143,711.8496769073763,822.9239046290321,945.1376515292318,1080.0134700912745,1226.932828039755,1387.9194677330663,1542.69824397739,1542.6982439916405,1542.698244007676,1542.6982439688927,1542.6982438778687,1542.698243704243,1542.6982433018861,1542.6982437491388,0.8972918406480334,0.9439373189255479,1.0082618112053483,1.0969658069589538,1.1930011294841558,1.3578257600511408,1.5904439290693397,1.9079172629433885,2.332079178676876,2.862866905666106,3.671367059983544,4.807705214662309,6.359079029527739,8.493413589104929,11.47910944625239,14.890522247999764,14.89052224799975,14.890522247999739,14.890522247999726,14.890522247998529,14.890522247999117,14.890522247999405,14.890522247999591,14.890522247999725,14.890522247999808,14.890522247999847,14.89052224799981,14.890522247999643,14.8905222479992,14.89052224799795,5.063842247540737,2.738748447900578,9.760991621144548e-12,1.0255016349630605e-11,1.077381510891348e-11,1.1318557571140856e-11,1.1890539120265264e-11,1.2491120440611738e-11,1.3121731355719135e-11,1.3783872319858271e-11,1.4479120615248316e-11,1.5209131293803436e-11,1.5975643753030305e-11,1.6780482160634432e-11,1.762556094132955e-11,1.851289417960028e-11,1.9444593986085415e-11,2.0422878501291717e-11,2.145007702418089e-11,2.2528635149934993e-11,2.3661122192651073e-11,2.4850231468052945e-11,2.60987977168377e-11,2.7409791166873027e-11,2.8786334078285503e-11,3.023170351742356e-11,3.1749340963266726e-11,3.334286035083611e-11,3.5016056825155885e-11,3.677290524964085e-11,11.02852065,11.12782618,10.57370318,9.687017331,11.02187497,11.74341983,11.93938334,12.09813952,10.45001259,11.50926677,12.11055554,12.92430813,13.12483052,12.53631993,11.52983707,12.70608968,14.03982767,14.28335906,14.47096883,13.81717999,13.76114113,14.46316344,15.41606391,15.65239186,14.88253693,13.64082354,14.99404903,15.71995641,16.71839542,16.87003429,
5.195526368832072,7.633406858634658,11.270591511843977,16.69707252962859,24.684656384579508,36.74754355174582,54.76846952936272,81.64105917492523,121.6787925568982,174.72118797016552,233.29234063604858,297.7712596428602,368.6062465218324,446.44837635234535,532.1672256190423,626.491095320611,729.8503324933802,843.733311813246,969.037497098391,1107.323941858037,1257.958472893112,1423.0160072557264,1581.7086989425652,1581.7086989571762,1581.7086989736172,1581.7086989338532,1581.7086988405274,1581.7086986625113,1581.70869824998,1581.7086987085424,1.052344224768039,1.1070500600974167,1.1824898500245118,1.2865219312454212,1.3991521953968753,1.5924585871628176,1.8652732675745154,2.2376061188115517,2.735063380950829,3.3575714366035636,4.305780736607399,5.638478572794269,7.45793039501404,9.96107880865811,13.462704088025212,17.46361036799972,17.463610367999706,17.463610367999692,17.463610367999678,17.463610367998275,17.463610367998964,17.4636103679993,17.463610367999518,17.463610367999674,17.463610367999774,17.46361036799982,17.463610367999777,17.463610367999582,17.463610367999063,17.463610367997596,4.9558977864087295,2.4277184912772136,9.760966143688485e-12,1.025501496851629e-11,1.0773814652578792e-11,1.1318557474565397e-11,1.1890539210103938e-11,1.2491120570836351e-11,1.3121731414507901e-11,1.3783872307206397e-11,1.4479120588782925e-11,1.520913132333608e-11,1.597564386956928e-11,1.678048232331409e-11,1.7625561095566746e-11,1.8512894310716044e-11,1.9444594089108095e-11,2.0422878621177168e-11,2.1450077146875214e-11,2.2528635273723328e-11,2.366112215876636e-11,2.4850231306960913e-11,2.6098796810543647e-11,2.7409790060767797e-11,2.8786332795118123e-11,3.023170221921369e-11,3.1749339676337184e-11,3.3342859122063625e-11,3.5016055740017266e-11,3.677290500379906e-11,11.20376838,11.16817541,10.51435592,9.675746076,11.03583635,11.7614569,12.12910505,12.14200708,10.43785356,11.40634618,12.12589595,12.94415896,13.17242083,12.46595705,11.51642161,12.59246661,14.06139186,14.51032751,14.5234402,13.739628,13.63808335,14.48148389,15.4397419,15.9011148,14.79900538,13.62495186,14.85996609,15.73986884,16.9840576,16.93120462,
5.06253211852807,7.43800813474025,10.982088718827207,16.26966354626341,24.052782511400224,35.80688582849829,53.36651503461679,79.55122444246587,118.5640783498681,170.24870303664372,227.32056073503892,290.1489587195405,359.17072297071957,435.02026245254694,518.5448943703464,610.4542767907058,711.1677407955724,822.1355618847167,944.2322307415124,1078.978841277942,1225.7574537587225,1386.5898718422106,1541.2203734714212,1541.2203734856582,1541.2203735016783,1541.2203734629322,1541.2203733719953,1541.220373198536,1541.2203727965646,1541.2203732433888,1.180471436325044,1.2418379307540568,1.3264628235175697,1.4431612359308654,1.5695046951975733,1.7863469304358124,2.09237791350805,2.5100438115535924,3.0680685290620833,3.7663694854266914,4.830027144173303,6.32498639024848,8.365963910102707,11.17388087647414,15.101843348941454,19.589876324999686,19.589876324999672,19.589876324999658,19.58987632499964,19.589876324998066,19.589876324998837,19.589876324999217,19.589876324999462,19.589876324999636,19.589876324999747,19.589876324999796,19.58987632499975,19.58987632499953,19.589876324998947,19.589876324997302,4.934175515155723,2.5824775245149807,9.760964655278487e-12,1.02550153205379e-11,1.0773814806902763e-11,1.1318557836134142e-11,1.1890539477769689e-11,1.249112076597856e-11,1.3121731441835372e-11,1.3783872166906794e-11,1.4479120256324641e-11,1.520913083312555e-11,1.5975643472774292e-11,1.6780482006120616e-11,1.76255607215548e-11,1.8512893885997085e-11,1.9444593547916688e-11,2.0422877992395573e-11,2.1450076498668142e-11,2.2528634974584484e-11,2.366112149426506e-11,2.4850230917265273e-11,2.6098796280379058e-11,2.7409789270213333e-11,2.878633179902259e-11,3.0231701113968455e-11,3.174933842244787e-11,3.334285790954465e-11,3.501605460710341e-11,3.677290261468657e-11,11.17717907,11.26232359,10.32889574,9.539238656,10.64237928,11.79495431,12.10031969,12.2443647,10.29059417,11.10581805,11.69357533,12.98102479,13.28346489,12.24607305,11.35394556,12.26068723,14.10143964,14.47589092,14.6458734,13.49727802,13.27875464,13.96518027,15.48371531,15.86337753,14.5379693,13.43272824,14.46844388,15.17870043,16.94375023,17.07393537,
4.384177122636061,6.441350758637822,9.510541561530015,14.089606750633878,20.829825145461328,31.008935055959025,46.21565826185939,68.89174233619465,102.67706114209398,147.43619428704577,196.86069708711776,251.2703914152621,311.04357066809433,376.72963605455817,449.06236834289825,528.6563348262368,615.8746782349788,711.9733441154924,817.7096455984884,934.4008573153488,1061.511840488252,1200.7934867931212,1334.7042436697866,1334.704243682116,1334.7042436959896,1334.7042436624351,1334.7042435836834,1334.704243433467,1334.7042430853576,1334.7042434723096,1.2317031884040457,1.2957329518726992,1.3840305142090308,1.5057935677045227,1.637620257300044,1.8638733154469393,2.183185859572496,2.6189782070026473,3.2012208624481624,3.9298276613534204,5.039647424317888,6.599487004729291,8.72904172440252,11.658820602424608,15.757254289503893,20.440065203999673,20.440065203999655,20.44006520399964,20.440065203999623,20.440065203997978,20.440065203998785,20.440065203999183,20.440065203999435,20.44006520399962,20.440065203999733,20.440065203999787,20.440065203999737,20.440065203999506,20.440065203998902,20.440065203997182,5.518997578968733,3.4616592894987663,9.761101215247985e-12,1.0255021282689325e-11,1.077381730028113e-11,1.1318559375070288e-11,1.1890540359770593e-11,1.2491121186536249e-11,1.3121731441026355e-11,1.3783872059670291e-11,1.4479120021522444e-11,1.5209130430562983e-11,1.5975643297579613e-11,1.678048189061379e-11,1.7625560407259574e-11,1.8512893546287533e-11,1.94445932503654e-11,2.0422877697753047e-11,2.1450076171061745e-11,2.2528634401310476e-11,2.366112113490819e-11,2.4850230121481797e-11,2.6098795550691982e-11,2.740978857606347e-11,2.8786331103565304e-11,3.0231700523574284e-11,3.1749338214448156e-11,3.334285781533079e-11,3.501605333216128e-11,3.6772902086198586e-11,11.13487789,11.198743,10.22874724,9.403983599,10.20449963,11.65838794,12.05452479,12.17524007,10.14468578,10.73255937,11.21244433,12.83072565,13.2084741,12.12733569,11.19296012,11.84861422,13.93816792,14.42110543,14.56319124,13.36640904,12.83246509,13.3905843,15.30443909,15.80334096,14.39700982,13.24226813,13.98216973,14.55417429,16.87962488,16.97754577,
3.592975394460049,5.278895933145323,7.794197374494081,11.546889862471485,17.070717520086944,25.412828347929672,37.87523138978328,56.459018003040825,84.14718291244506,120.82874471268505,161.33372831090858,205.92423810846253,254.91029781741557,308.7421595535479,368.0211804635901,433.2510183835881,504.72928056309496,583.4852551258922,670.1395847532472,765.7718187439021,869.9433935071187,984.0892215781313,1093.833431506878,1093.8334315169825,1093.833431528352,1093.8334315008533,1093.8334314363137,1093.8334313132063,1093.8334310279195,1093.8334313450391,1.2032961344790447,1.2658491647860215,1.3521103001338153,1.4710651043211267,1.5998514446544636,1.8208863764832783,2.132834541962014,2.5585761102514604,3.127390369419048,3.8391931421421197,4.923416876655598,6.447281518062003,8.52772182743937,11.38993054135062,15.393841109668028,19.968651278999683,19.968651278999666,19.96865127899965,19.968651278999634,19.968651278998028,19.968651278998816,19.9686512789992,19.96865127899945,19.96865127899963,19.96865127899974,19.968651278999793,19.968651278999744,19.96865127899952,19.96865127899893,19.96865127899725,6.047332561069744,4.329981422077942,0.9142890053818632,1.0255037997678904e-11,1.0773822901316218e-11,1.1318562397274078e-11,1.1890541892679456e-11,1.2491122066161366e-11,1.3121731721718445e-11,1.378387216575918e-11,1.4479119935239817e-11,1.5209130187280192e-11,1.597564336073598e-11,1.678048200625423e-11,1.7625560307402505e-11,1.8512893410669042e-11,1.9444593157185327e-11,2.042287760757698e-11,2.1450076077944127e-11,2.2528634280732694e-11,2.366112072116818e-11,2.4850229908740453e-11,2.6098795239321305e-11,2.740978825048421e-11,2.878633065459839e-11,3.023169998951854e-11,3.1749337462069874e-11,3.334285664953416e-11,3.5016053029897204e-11,3.677290222475642e-11,10.84360409,10.87472652,10.06059668,9.335103708,9.941771841,11.4767289,11.73919423,11.82297032,10.07038059,10.4773163,10.92376572,12.63079944,12.82630949,11.92797419,11.11097679,11.56682899,13.72098572,14.04386822,14.14183021,13.14667839,12.5272818,13.04582672,15.06596789,15.38994628,14.16033711,13.14527455,13.64964402,14.17945861,16.43807603,16.48632952,
2.523992161068035,3.7083170608116656,5.47526518143509,8.11145535327936,11.991831970500096,17.85199521255871,26.60657995984334,39.661312204084616,59.11168508819884,84.87973643146496,113.33366384876342,144.65759035284876,179.06930129794662,216.88508964072062,258.5273965497607,304.3500314143547,354.5620572762666,409.8865281146332,470.75943279393675,537.9391327467973,611.1175459677385,691.3026693376555,768.3957454577575,768.3957454648555,768.3957454728426,768.3957454535251,768.3957454081874,768.395745321707,768.3957451212988,768.3957453440689,1.0663395404730396,1.1217729185762744,1.1982159958801606,1.3036316185182861,1.417759772873,1.6136369812186173,1.8900798732852628,2.2673644462857308,2.771437482303483,3.4022243848988007,4.363044091455583,5.71346571660601,7.557114756867831,10.093552992873155,13.641747018580034,17.695862072999716,17.695862072999702,17.695862072999688,17.695862072999674,17.695862072998253,17.69586207299895,17.69586207299929,17.69586207299951,17.69586207299967,17.69586207299977,17.695862072999816,17.695862072999773,17.695862072999574,17.69586207299905,17.695862072997564,6.992213708467763,5.7010568106213455,3.2251469386945057,1.0265642087180538e-11,1.0773849451216372e-11,1.1318573270205379e-11,1.1890546536352384e-11,1.2491124491858564e-11,1.3121733252488102e-11,1.3783872801507016e-11,1.4479120292525353e-11,1.520913046988546e-11,1.597564428885963e-11,1.67804829616521e-11,1.7625560840759962e-11,1.851289386230369e-11,1.944459376295773e-11,2.0422878203108984e-11,2.1450076642874803e-11,2.252863470649438e-11,2.3661120734130496e-11,2.485023037393621e-11,2.609879612907453e-11,2.740978942171537e-11,2.878633181307205e-11,3.0231701311791755e-11,3.1749338949245593e-11,3.3342858112913327e-11,3.501605462221053e-11,3.6772904411827115e-11,10.58254541,10.53114679,9.898628116,9.401478875,9.724735842,11.27960951,11.4565743,11.44943146,10.14198377,10.4128194,10.68529209,12.41385822,12.42107079,11.73594216,11.18997891,11.4956252,13.48531994,13.7057635,13.69502851,12.93502608,12.4501656,12.76102698,14.80720126,15.01943487,13.9323656,13.23874109,13.5656187,13.86991087,16.04233099,15.96545493,
1.2090559491480166,1.7763774677510087,2.6227902142040964,3.885591842322121,5.744390180269543,8.551556280100591,12.745223334338188,18.998769572673314,28.3159890995099,40.659536062565486,54.28968545492853,69.29463684685908,85.77871491979846,103.89343198302657,123.84114801845102,145.7913466534702,169.84417436171054,196.34599224861248,225.50564998435146,257.6864218357247,292.74072874631014,331.15142666327273,368.0809559062194,368.08095590961955,368.0809559134455,368.080955904192,368.0809558824741,368.08095584104774,368.0809557450472,368.0809558517597,0.7713782699730286,0.8114781646848623,0.8667762442214497,0.943032743706271,1.0255917926019917,1.1672872060851691,1.3672629471461386,1.6401864486787838,2.004827326846854,2.4611316194080883,3.1561780046063515,4.133058123372837,5.466733517688344,7.301564980015325,9.86828942865037,12.800991572999795,12.800991572999784,12.800991572999775,12.800991572999763,12.800991572998734,12.80099157299924,12.800991572999488,12.800991572999648,12.800991572999761,12.800991572999832,12.800991572999866,12.800991572999836,12.800991572999692,12.800991572999312,12.800991572998237,8.611780030887791,7.918837087573416,6.352187201584211,4.73816602698186,3.1730590851392373,1.6792953238255555,1.1890651295695213e-11,1.249116506525349e-11,1.3121743351835723e-11,1.3783881482471456e-11,1.4479127578151171e-11,1.5209140408865314e-11,1.5975653338061017e-11,1.678048957594688e-11,1.762556517441337e-11,1.8512897997665026e-11,1.9444598569385498e-11,2.042288301630608e-11,2.1450081407734807e-11,2.2528639107752406e-11,2.3661124882669725e-11,2.485023526899408e-11,2.6098802296433813e-11,2.7409796930236154e-11,2.8786339279588764e-11,3.023171326019958e-11,3.1749351936111433e-11,3.334287185494295e-11,3.5016072351465766e-11,3.677292477756053e-11,10.59221425,10.50669272,9.84175366,9.566790613,9.943041058,11.39813881,11.46704171,11.42284506,10.32031625,10.71060298,10.9251603,12.54430653,12.39222818,11.66851107,11.38673889,11.82437463,13.62702747,13.7182859,13.66322768,12.86070542,12.80621277,13.04749222,14.96279949,15.03315751,13.85231454,13.47152567,13.95356536,14.18126883,16.05698822,15.92838201,
0.0943246251480013,0.13858427220431044,0.20461725031912534,0.30313485018078085,0.44814919511342705,0.6671505492536767,0.9943199190129727,1.4821909767521222,2.2090748235333995,3.172057918821433,4.235415435942013,5.406028273507696,6.692035332350631,8.1052568609781,9.661479994345965,11.373927015206606,13.250410861076569,15.317952929484678,17.592846649089438,20.10343289945536,22.838198285204413,25.834812863085347,28.715873913392993,28.715873913658257,28.71587391395674,28.715873913234827,28.7158739115405,28.715873908308623,28.71587390081913,28.715873909144314,0.6089003522190226,0.6405538754830822,0.6842043403944685,0.7443986849887503,0.8095680524810827,0.9214176994522677,1.0792718987565104,1.2947086341183807,1.5825440163074007,1.9427354493241775,2.4913819503081616,3.262498627491033,4.315257629080422,5.763612563569965,7.789699480534455,10.104677018999839,10.10467701899983,10.104677018999823,10.104677018999814,10.104677018999002,10.104677018999402,10.104677018999595,10.104677018999721,10.104677018999812,10.104677018999869,10.104677018999896,10.10467701899987,10.104677018999757,10.104677018999459,10.104677018998608,10.553722022641814,10.367028592321894,9.644080349296164,9.31826380484072,9.543314082416261,10.600624841305374,10.113083952242407,9.341179709141985,7.390637680172319,6.297041911868171,5.141100773764304,4.746380309016477,2.139169518584922,1.678337550495231e-11,1.7627428295997056e-11,1.851326104202401e-11,1.9446495886078794e-11,2.0424750200581674e-11,2.1451544273916618e-11,2.2529505493762232e-11,2.366193487041415e-11,2.485136699933185e-11,2.6103099144156253e-11,2.7411832481632077e-11,2.8788127615378153e-11,3.023351367159368e-11,3.1751407446949684e-11,3.3345772983467085e-11,3.502421180292717e-11,3.677964221018008e-11,11.256947,11.14616674,10.53290194,10.36579734,10.80103133,12.18919309,12.18667577,12.11807932,11.18225652,11.41183528,11.86789816,13.41490721,13.14646248,12.48794545,12.33774549,12.59852651,14.57277121,14.57920069,14.49481945,13.763863,13.64464643,14.17336722,16.00124856,15.97658935,14.82510899,14.59665112,14.86711718,15.40497801,17.06467233,16.89783898,
1.7130000000000237e-05,2.5167855998738347e-05,3.715989851501612e-05,5.505137153155047e-05,8.138697291664541e-05,0.00012115912351397032,0.00018057532893416833,0.0002691760650193499,0.00040118316577195015,0.0005760675122127775,0.0007691805432976593,0.0009817718774910009,0.0012153195951036012,0.001471970334477378,0.0017545911477884692,0.0020655832924306125,0.0024063656515369083,0.002781845496553625,0.003194981826071875,0.0036509215385413297,0.004147573722256629,0.004691779518341776,0.005214999999889764,0.005214999999937938,0.005214999999992144,0.00521499999986104,0.005214999999553338,0.0052149999989664075,0.005214999997606264,0.005214999999118175,0.5202569993190194,0.54730242140035,0.5845982774643474,0.6360295649984552,0.6917116145415694,0.7872782561046032,0.9221521344997192,1.1062257174332628,1.3521581950378052,1.6599131724143341,2.1286880405000312,2.7875460082019594,3.68704497741256,4.924549257744102,6.655679640471014,8.633644118999861,8.633644118999854,8.633644118999849,8.63364411899984,8.633644118999147,8.633644118999488,8.633644118999655,8.633644118999761,8.63364411899984,8.633644118999888,8.63364411899991,8.63364411899989,8.633644118999792,8.633644118999536,8.633644118998811,10.821275220689818,10.633074850752939,9.883973642646893,9.813620953640262,10.157468548496286,11.504862644783202,11.355932850183233,11.048805376514204,9.920214381809537,9.88720122008723,9.791435078971139,10.739812749935751,9.498581843008306,7.4856977719381925,5.780181858398816,4.112799267726216,6.059944665368046,6.052345695524016,5.902501519195527,5.042553299484836,5.169291007301909,5.598320151506847,7.4976922510264385,7.457803371027627,6.095757361028897,6.075947811030456,6.405247551032302,6.83490728103458,8.554063911037867,8.310881961038836,11.34154935,11.18040244,10.46860908,10.44970557,10.84926155,12.29226206,12.27826556,12.15530027,11.27277376,11.54769046,11.9208923,13.52834053,13.18684214,12.411719,12.43761609,12.74850897,14.69599515,14.68877166,14.53934062,13.67984834,13.8070827,14.23665605,16.13655137,16.09666249,14.73461648,14.71480693,15.04410667,15.4737664,17.19292303,16.94974108,
4.700472000000065e-06,6.906059686053802e-06,1.0196676152520423e-05,1.5106096348257447e-05,2.2332585368327496e-05,3.324606349223345e-05,4.9549870259535783e-05,7.386191224130961e-05,0.00011008466068782311,0.00015807292535118613,0.0002110631410808777,0.0002693982031835306,0.0003334836968964282,0.0004039086597805925,0.00048145981095315586,0.00056679605544296,0.0006603067347817276,0.0007633384042543145,0.0008767030130741223,0.0010018128701757409,0.0011380942293872192,0.0012874242998329832,0.0014309959999697511,0.00143099599998297,0.0014309959999978443,0.0014309959999618692,0.0014309959998774358,0.001430995999716382,0.0014309959993431586,0.001430995999758027,0.4789589559390178,0.5038575101919345,0.538192818135212,0.5855414858363275,0.6368034897086887,0.7247840434072302,0.8489516222463934,1.0184134290326634,1.2448237663450852,1.528149128314722,1.959712608830434,2.566270376886746,3.3943670439671503,4.533638132781876,6.1273512433992865,7.948304738999873,7.948304738999866,7.948304738999861,7.948304738999854,7.948304738999215,7.9483047389995285,7.948304738999682,7.948304738999782,7.948304738999853,7.948304738999897,7.9483047389999175,7.948304738999898,7.948304738999809,7.948304738999574,7.948304738998906,10.521759083597821,10.362303183757664,9.678180215198394,9.414551148077576,9.857055137716713,11.085597370540588,11.060288377895231,10.79517778906758,9.542829629007349,9.633774108773709,9.570485498042961,10.431500014925271,9.421514042351923,7.57863470857512,5.774655846807384,4.373929644963188,6.170958184284789,6.298289092616302,6.181518478008516,5.400945818153133,5.39658338679474,5.820725126725332,7.554274995026341,7.663203525027572,6.429871675028887,6.131967685030349,6.592006825031971,7.017168875033812,8.726520175036093,8.523618265038106,11.00072274,10.8661676,10.21638323,10.00010774,10.49388096,11.81041466,11.90928955,11.81366508,10.78776348,11.16208131,11.53040917,12.99803979,12.81621457,12.11267675,11.90248855,12.32280118,14.11992323,14.24735717,14.13069992,13.35025237,13.34602622,13.77031729,15.50401073,15.61293926,14.37960741,14.08170342,14.54174256,14.96690461,16.67625591,16.473354,
0.0,0.0,0.0,0.0,0.0,0.0,0.0,0.0,0.0,0.0,0.0,0.0,0.0,0.0,0.0,0.0,0.0,0.0,0.0,0.0,0.0,0.0,0.0,0.0,0.0,0.0,0.0,0.0,0.0,0.0,0.48210183672001794,0.5071637727965039,0.5417243855975497,0.5893837505220463,0.6409821305384764,0.7295400038338062,0.8545223579106342,1.025096156129694,1.252992175438319,1.5381766901054112,1.972572047031149,2.583109986515831,3.4166405411298233,4.563387412921329,6.167558309625998,8.000460719999873,8.000460719999866,8.00046071999986,8.000460719999852,8.00046071999921,8.000460719999525,8.00046071999968,8.00046071999978,8.000460719999852,8.000460719999896,8.000460719999918,8.000460719999898,8.000460719999808,8.000460719999571,8.000460719998898,9.909483983288819,9.99463812721278,9.254282429412207,8.897255716488205,9.293174412472293,10.418656576177508,10.395320702101253,10.392431623882796,8.980859844574798,8.976191029908367,8.942826182983325,9.686120763499375,8.969819118886148,7.050885597095448,5.123781800391624,3.6072725800186336,5.327748700019574,5.457985440020558,5.656406790021591,4.8004650400233135,4.57112188002413,5.035373030025163,6.634229460026313,6.747951910027553,5.787464920028884,5.358199700030311,5.6974531600318485,6.16813657003353,7.752390110035441,7.920506700037869,10.39158582,10.5018019,9.796006815,9.486639467,9.934156543,11.14819658,11.24984306,11.41752778,10.23385202,10.51436772,10.91539823,12.26923075,12.38645966,11.61427301,11.29134011,11.6077333,13.32820942,13.45844616,13.65686751,12.80092576,12.5715826,13.03583375,14.63469018,14.74841263,13.78792564,13.35866042,13.69791388,14.16859729,15.75285083,15.92096742,
0.0,0.0,0.0,0.0,0.0,0.0,0.0,0.0,0.0,0.0,0.0,0.0,0.0,0.0,0.0,0.0,0.0,0.0,0.0,0.0,0.0,0.0,0.0,0.0,0.0,0.0,0.0,0.0,0.0,0.0,0.5210843141760194,0.548172744000698,0.5855279080910492,0.637040981873775,0.6928115772450385,0.7885301892813235,0.923618544682157,1.1079848421974199,1.3543084026567962,1.6625527732859533,2.132073089128169,2.791978775526907,3.692908131761725,4.932380296577397,6.6662635300817294,8.647373375999862,8.647373375999853,8.647373375999848,8.647373375999841,8.647373375999146,8.647373375999488,8.647373375999654,8.647373375999761,8.64737337599984,8.647373375999887,8.64737337599991,8.647373375999889,8.647373375999791,8.647373375999535,8.647373375998809,9.29399691483282,9.50978772600859,8.870468573918709,8.341139657136477,8.623236592765734,9.730945720729991,9.70210552532973,9.826999847815069,8.331036166356322,8.300160566727827,8.104163400886305,8.785308764488297,8.170058118254246,6.27877204343938,4.019890559935891,2.3513402440186475,3.929170004019585,4.0644248640205705,4.432309024021601,3.7092440940233784,3.2646195340241677,3.577364034025188,5.161969664026328,5.282826554027568,4.661986124028889,3.9952981140303176,4.331855904031852,4.639646434033546,6.231540514035475,6.600720464037959,9.815081229,10.05796047,9.455996482,8.978180639,9.31604817,10.51947591,10.62572407,10.93498469,9.685344569,9.96271334,10.23623649,11.57728754,11.86296625,11.21115234,10.68615409,10.99871362,12.57654338,12.71179824,13.0796824,12.35661747,11.91199291,12.22473741,13.80934304,13.93019993,13.3093595,12.64267149,12.97922928,13.28701981,14.87891389,15.24809384,
0.0,0.0,0.0,0.0,0.0,0.0,0.0,0.0,0.0,0.0,0.0,0.0,0.0,0.0,0.0,0.0,0.0,0.0,0.0,0.0,0.0,0.0,0.0,0.0,0.0,0.0,0.0,0.0,0.0,0.0,0.5576732224470207,0.5866637169608426,0.6266418436604431,0.6817720041220761,0.7414586360017212,0.84389830914145,0.9884721457010426,1.1857840671096613,1.4494036963883155,1.779292021163045,2.281780582834897,2.9880227794111405,3.952212572924815,5.278716590569549,7.134347673428425,9.254564846999852,9.254564846999845,9.254564846999838,9.254564846999829,9.254564846999086,9.25456484699945,9.25456484699963,9.254564846999745,9.254564846999827,9.25456484699988,9.254564846999903,9.254564846999882,9.254564846999777,9.254564846999504,9.254564846998726,8.835604860561817,9.143612163048445,8.359522177349316,7.950756820888174,8.233170330009049,9.213055640869866,9.180611394310844,9.392942922902826,7.863063888624802,7.7017529468507355,7.579313177179576,8.080232760604062,7.524262677091155,5.3753962794472265,3.1403991765891948,1.2123927830186563,2.7690111030195945,2.9109438230205806,3.398986403021614,2.4880993430234346,2.0815176630242047,2.5221542530252132,3.947606833026346,4.0769846930275735,3.3935032530288973,2.9013752530303196,3.0971562430318613,3.545505603033557,4.984927673035508,5.496751813038039,9.393278083,9.73027588,8.986164021,8.632528825,8.974628966,10.05695395,10.16908354,10.57872699,9.312467585,9.481044968,9.86109376,11.06825554,11.47647525,10.65411287,10.27474685,10.46695763,12.02357595,12.16550867,12.65355125,11.74266419,11.33608251,11.7767191,13.20217168,13.33154954,12.6480681,12.1559401,12.35172109,12.80007045,14.23949252,14.75131666,
0.0,0.0,0.0,0.0,0.0,0.0,0.0,0.0,0.0,0.0,0.0,0.0,0.0,0.0,0.0,0.0,0.0,0.0,0.0,0.0,0.0,0.0,0.0,0.0,0.0,0.0,0.0,0.0,0.0,0.0,0.5751462799380214,0.6050451067097736,0.646275830948735,0.703133333560682,0.7646900712806274,0.8703393916224861,1.0194430260210636,1.2229371387339458,1.4948165171860146,1.8350409266648045,2.353273496069602,3.081643723913331,4.076043581342888,5.444109718216955,7.357881567545861,9.544529537999848,9.54452953799984,9.544529537999832,9.544529537999825,9.544529537999058,9.544529537999434,9.544529537999619,9.544529537999738,9.544529537999823,9.544529537999876,9.544529537999901,9.544529537999878,9.54452953799977,9.544529537999487,9.544529537998686,8.503894502070818,8.702175300299512,8.04686110206102,7.618809803449568,7.9916336787301425,8.878696031388829,8.809449867990823,8.89584520127854,7.482602183827103,7.379782776348976,7.2679520519448735,7.647729796101871,6.90145448867308,4.862586421799821,2.5471950064717617,0.628523072018662,2.1109148920195975,2.214001232020587,2.5588673120216217,1.8152216920234683,1.4732435220242244,1.9457243320252273,3.2534249920263556,3.3410340420275824,2.6911015520289063,2.174057722030325,2.4603636620318676,2.9441829520335676,4.218603222035524,4.565425522038084,9.079040782,9.307220407,8.693136933,8.321943137,8.75632375,9.749035423,9.828892894,10.11878234,8.977418701,9.214823703,9.621225548,10.72937352,10.97749807,10.30669614,9.905076574,10.17305261,11.65544443,11.75853077,12.10339685,11.35975123,11.01777306,11.49025387,12.79795453,12.88556358,12.23563109,11.71858726,12.0048932,12.48871249,13.76313276,14.10995506,
0.0,0.0,0.0,0.0,0.0,0.0,0.0,0.0,0.0,0.0,0.0,0.0,0.0,0.0,0.0,0.0,0.0,0.0,0.0,0.0,0.0,0.0,0.0,0.0,0.0,0.0,0.0,0.0,0.0,0.0,0.6229290930120231,0.6553118966442717,0.6999680450891035,0.7615492354200322,0.8282200705348776,0.9426466739808439,1.1041377502175034,1.3245380335666062,1.6190049901225458,1.9874950424967215,2.5487820675356536,3.337664863502879,4.414678873480708,5.896403136593841,7.96917002028622,10.337483411999834,10.337483411999825,10.337483411999818,10.33748341199981,10.337483411998978,10.337483411999386,10.337483411999585,10.337483411999715,10.337483411999807,10.337483411999866,10.337483411999893,10.337483411999868,10.33748341199975,10.337483411999445,10.337483411998576,8.685746639996816,8.720379916365015,9.283971754920655,9.15214555359022,9.080552145475892,9.433821056030471,8.973355999794384,8.86868620644588,9.075539239890574,8.92757684751706,8.33872450247882,8.082233956512324,6.643578506535264,5.940685663422935,3.830466719731401,1.7126223880186733,2.0680867480196117,1.7184542880205966,1.8549557680216342,2.7090236580235465,2.7132041380242704,2.6650404280252604,3.2841269780263818,2.8739929880275996,3.7149587880289174,3.622537158030338,3.882460078031882,3.794909458033594,3.77375839803557,3.876275838038197,9.308675733,9.375691813,9.9839398,9.913694789,9.908772216,10.37646773,10.07749375,10.19322424,10.69454423,10.91507189,10.88750657,11.41989882,11.05825738,11.8370888,11.79963674,12.0501058,12.40557016,12.0559377,12.19243918,13.04650707,13.05068755,13.00252384,13.62161039,13.2114764,14.0524422,13.96002057,14.21994349,14.13239287,14.11124181,14.21375925,
0.0,0.0,0.0,0.0,0.0,0.0,0.0,0.0,0.0,0.0,0.0,0.0,0.0,0.0,0.0,0.0,0.0,0.0,0.0,0.0,0.0,0.0,0.0,0.0,0.0,0.0,0.0,0.0,0.0,0.0,0.593211251418022,0.6240491809393832,0.66657493547491,0.7252182953529764,0.7887084902647732,0.897676187209994,1.0514630700219403,1.2613488007818046,1.5417677341072284,1.8926783715395343,2.4271882897038752,3.178436153814845,4.204069465568609,5.615105672157894,7.5889878535593285,9.844317017999842,9.844317017999835,9.844317017999828,9.844317017999819,9.844317017999026,9.844317017999415,9.844317017999606,9.844317017999728,9.844317017999817,9.844317017999872,9.844317017999899,9.844317017999874,9.844317017999764,9.84431701799947,9.844317017998645,8.613941661590816,8.699066373069902,9.282745630534848,9.194738301657274,9.092140964745997,9.402778182801322,8.916122933989946,8.874714689230684,9.159531515905886,8.924962018474245,8.4296374703106,8.15780559620036,6.792176304447365,6.180938117858882,4.218101916458291,2.0982256020186645,2.4703754920196057,2.0801355120205915,2.2797503720216254,3.1569513820234962,3.0898758420242367,3.1215659120252366,3.677507552026363,3.2230716120275864,4.1593984420289045,4.124521152030327,4.248694612031867,4.248251002033572,4.1130239520355385,4.289735442038119,9.207152913,9.323115554,9.949320566,9.919956597,9.880849455,10.30045437,9.967586004,10.13606349,10.70129925,10.81764039,10.85682576,11.33624175,10.99624577,11.79604379,11.80708977,11.94254262,12.31469251,11.92445253,12.12406739,13.0012684,12.93419286,12.96588293,13.52182457,13.06738863,14.00371546,13.96883817,14.09301163,14.09256802,13.95734097,14.13405246,
0.0,0.0,0.0,0.0,0.0,0.0,0.0,0.0,0.0,0.0,0.0,0.0,0.0,0.0,0.0,0.0,0.0,0.0,0.0,0.0,0.0,0.0,0.0,0.0,0.0,0.0,0.0,0.0,0.0,0.0,0.565060015584021,0.5944345105792956,0.6349421770524555,0.6908025771500401,0.7512798024901434,0.8550763646538507,1.001565188307502,1.2014906516403936,1.4686021173385722,1.8028600562804118,2.3120044495564636,3.027601344907445,4.0045625433636785,5.3486370850704175,7.228847370221848,9.37714838399985,9.377148383999842,9.377148383999835,9.377148383999828,9.377148383999073,9.377148383999444,9.377148383999625,9.37714838399974,9.377148383999826,9.377148383999877,9.377148383999902,9.377148383999879,9.377148383999774,9.377148383999495,9.377148383998708,8.549030311424817,8.87296007842999,9.412054082957303,9.293024463860212,9.267914237520626,9.380959905357464,8.865272046704385,9.091432578372093,9.301598312674546,9.147890973733366,8.696830810458009,8.23774458510776,7.161854636652293,6.563212274946356,4.6542633097957715,2.712346746018656,2.860529166019597,2.4267760760205825,2.934543916021618,3.751757676023447,3.7161991960242107,3.770273566025217,4.060111926026349,3.55815978602758,4.7640460760289,4.681629286030324,4.889277186031864,4.912733686033565,4.439116806035516,4.975634336038062,9.114090327,9.467394589,10.04699626,9.983827041,10.01919404,10.23603627,9.866837235,10.29292323,10.77020043,10.95075103,11.00883526,11.26534593,11.16641718,11.91184936,11.88311068,12.08949513,12.23767755,11.80392446,12.3116923,13.12890606,13.09334758,13.14742195,13.43726031,12.93530817,14.14119446,14.05877767,14.26642557,14.28988207,13.81626519,14.35278272,
5.049924000000069e-05,7.419483948428065e-05,0.00010954738082226752,0.00016229144327501075,0.00023992879615827064,0.00035717709611918447,0.0005323360696979281,0.0007935310396770435,0.001182687972695709,0.0016982470260032678,0.002267544241641499,0.0028942634948434702,0.0035827621663654164,0.00433936854603931,0.005172534703680406,0.006089339546085444,0.007093965940730805,0.008200880523840085,0.009418806423259886,0.010762916695619839,0.012227047333212544,0.013831366020071555,0.015373819999675022,0.015373819999817039,0.015373819999976841,0.015373819999590343,0.01537381999868324,0.015373819996952967,0.015373819992943264,0.015373819997400378,0.5402779436910201,0.5683641492538155,0.6070952541670178,0.6605057614868249,0.7183306120261407,0.8175749252342593,0.9576391276809866,1.1487963768969467,1.404193024055832,1.723791273681128,2.210605909745383,2.89481857471746,3.8289327799533517,5.114059686004607,6.911808807429167,8.965890890999857,8.96589089099985,8.965890890999843,8.965890890999836,8.965890890999114,8.965890890999468,8.965890890999642,8.965890890999754,8.965890890999834,8.965890890999884,8.965890890999908,8.965890890999885,8.965890890999784,8.96589089099952,8.965890890998766,8.40576578907782,9.279217088915987,9.768674178461918,9.596173827080152,9.583658749188471,9.382030027680937,8.726794617261204,9.556751782075864,9.65934349798459,9.492855049306648,9.106953736027453,8.327931431802902,7.782404247896257,7.183377935466131,5.291081437884776,3.412934899472568,3.221564313078861,2.6122560384967364,3.830885552598352,4.582019542327787,4.435179871690975,4.539105203005132,4.408639619026665,3.715612499027754,5.622833729028919,5.46196020903073,5.633776529033177,5.712296579036599,4.5803312290425495,5.948001979040599,8.946094232,9.847655433,10.37587898,10.25684188,10.30222929,10.19996213,9.684966081,10.70634169,11.06471921,11.21834457,11.31982719,11.22564427,11.61491979,12.30177699,12.20806278,12.38491513,12.19454917,11.58634781,12.80619525,13.55867335,13.41329781,13.51882746,13.38990433,12.69687721,14.60409844,14.44322492,14.61504124,14.69356129,13.56159594,14.92926669,
0.014808240912000205,0.02175666519952375,0.03212333505404727,0.04758984075745579,0.07035597793625828,0.1047375066947832,0.15610058223122059,0.23269258718918326,0.34680776232281785,0.49798870416948693,0.6649276584923984,0.8487048734683765,1.0505980939502875,1.2724630080711168,1.5167780746359745,1.7856190903744689,2.0802126264051592,2.404800834379938,2.7619416573224753,3.15608439541913,3.5854215341188995,4.055866982696576,4.508171415904704,4.508171415946349,4.508171415993209,4.508171415879874,4.5081714156138775,4.5081714151064975,4.508171413930705,4.508171415237695,0.43844967727801626,0.46124236742717056,0.49267367171807125,0.5360176948659364,0.5829440729527527,0.6634834279382731,0.7771491903075967,0.9322782959962472,1.1395393527029045,1.3989016884101857,1.7939644937107366,2.349220960589758,3.107279061256388,4.150193146125468,5.609113561662943,7.276054877999884,7.276054877999877,7.276054877999872,7.276054877999865,7.276054877999281,7.276054877999568,7.276054877999709,7.276054877999799,7.276054877999864,7.276054877999905,7.276054877999925,7.276054877999906,7.276054877999824,7.276054877999609,7.276054877998997,8.333300453818822,9.880637357382593,10.317205233237638,10.065223534386858,10.113462429121759,9.509042915378261,8.579004132473072,10.102343766827055,10.001236214987395,9.78939979743411,9.371352277811344,8.112793415957075,8.065621744809297,7.431762635820194,5.548730803718705,3.8398474016441546,2.9306996156144045,1.6988725476406092,3.4391962746991056,3.7356403466041126,3.111324087905188,2.796476979328561,1.7071551361215906,0.6862272760811945,3.4759428260356655,3.210980246150426,3.440445406417959,3.571875766927012,1.5355254581046998,3.9272791068000727,8.786558372,10.36363639,10.84200224,10.64883107,10.76676248,10.27726385,9.512253905,11.26731465,11.48758333,11.68629019,11.83024443,11.31071925,12.2234989,12.85441879,12.67462244,12.90152137,12.28696712,11.37972826,13.47719281,14.16777962,13.9728005,14.12839884,13.49138143,12.47045357,15.26016912,14.99520654,15.2246717,15.35610206,13.31975175,15.7115054,
0.33722029609200466,0.49545311452979357,0.731527844715844,1.0837384593193313,1.6021797492692789,2.385132253685246,3.554796607711064,5.298986126485968,7.8976711003352555,11.340435320337107,15.142048485641686,19.327110520858966,23.924718838718388,28.977132050852404,34.54079079846058,40.662966110691144,47.37159004768795,54.76326690192703,62.896247366988696,71.87185302017322,81.64892228153994,92.36212950225305,102.66222090382989,102.66222090477824,102.66222090584536,102.66222090326443,102.66222089720704,102.66222088565274,102.66222085887702,102.66222088864043,0.4341307634760161,0.45669893603701517,0.48782062875570625,0.5307376950382597,0.5772018285563146,0.6569478370077226,0.7694939437920326,0.9230949625179784,1.1283144106095153,1.3851219181815373,1.7762931886244002,2.3260801456765665,3.0766710550933074,4.109311997412928,5.5538614330062455,7.204382675999884,7.204382675999878,7.204382675999874,7.204382675999867,7.204382675999288,7.204382675999573,7.204382675999711,7.204382675999801,7.204382675999866,7.204382675999907,7.204382675999925,7.2043826759999074,7.204382675999827,7.204382675999613,7.204382675999008,8.214627137440818,10.132879509442473,10.326166056538204,9.655526295652658,9.324795622185178,7.853597529318346,5.403853573508789,5.829532241008539,3.131695589068341,1.378674880440617e-11,1.4480914211629013e-11,1.5210736850190968e-11,1.5975855875881247e-11,1.678222240240274e-11,1.762606983055698e-11,1.8513281925888663e-11,1.9444832899887453e-11,2.0422998950828567e-11,2.1450538546236706e-11,2.2529339421047583e-11,2.3661774012961237e-11,2.4850982923266224e-11,2.6099269965610655e-11,2.7410040276524982e-11,2.878687388926844e-11,3.023246280440958e-11,3.175125818846301e-11,3.334472268669534e-11,3.5016960377414514e-11,3.677379677522913e-11,8.985978197,11.08503156,11.54551453,11.27000245,11.5041772,10.89567762,9.728144125,12.05161333,12.1576811,12.54670635,12.64049694,11.99131913,13.07435595,13.6885121,13.41396299,13.85141028,13.02631076,11.6380027,14.41531737,15.08709387,15.00156353,15.09605176,14.30319829,12.75348312,16.25036597,15.86991222,16.34560514,16.40784027,13.62205698,16.80515667,
1.522686823728021,2.2371723707392053,3.3031458166891254,4.893520026809493,7.234493361546033,10.769842437195322,16.0513528346998,23.92707807751988,35.661197923084316,51.20667895062259,68.37250895197256,87.26976659441023,108.02983853372456,130.84353959294808,155.9657222280963,183.6098343664211,213.9020006227025,247.27842867771625,284.0021441103367,324.5306550613917,368.678100252228,417.05258916613684,463.5616920942011,463.56169209848326,463.5616921033017,463.5616920916478,463.5616920642962,463.56169201212384,463.5616918912206,463.5616920256145,0.49129319412901823,0.5168329404818718,0.5520524575233363,0.6006204567311771,0.6532025690554595,0.7434488139827586,0.8708139789070912,1.0446397969788623,1.2768806944978779,1.5675023027459674,2.0101794845439747,2.6323574386192203,3.4817794017598898,4.650389206968116,6.285143907619776,8.15299092899987,8.152990928999863,8.152990928999856,8.152990928999849,8.152990928999195,8.152990928999516,8.152990928999673,8.152990928999776,8.152990928999849,8.152990928999893,8.152990928999914,8.152990928999895,8.152990928999804,8.152990928999563,8.152990928998877,7.4916983301518,8.975391088788212,8.278843235797297,6.320639286469582,4.238397289409276,0.13092470883323548,1.18905643204331e-11,1.2491159798101953e-11,1.312175143175314e-11,1.3783893390075885e-11,1.4479133763863916e-11,1.52091371391977e-11,1.597565540152258e-11,1.678049459759729e-11,1.762556813490695e-11,1.851290108773113e-11,1.944460051842462e-11,2.0422884135979768e-11,2.1450084862671034e-11,2.2528643960418714e-11,2.3661130512881356e-11,2.485024209581717e-11,2.6098807523567644e-11,2.740979905405979e-11,2.8786381684680858e-11,3.023178556523182e-11,3.174941265980221e-11,3.334291853166351e-11,3.501607818572056e-11,3.677296735204114e-11,9.505678348,11.7293964,12.13404151,11.81477977,12.12609322,11.64421596,10.29076712,12.75216486,12.74536765,13.2342159,13.32384242,12.81512857,13.83435877,14.38627734,14.06237658,14.61041241,13.92122463,12.31108154,15.25326931,15.85615113,15.82358949,15.91214458,15.28583495,13.49107529,17.07872046,16.63704322,17.24127923,17.29484841,14.40988274,17.78202823,
2.7547397704680376,4.04733764489995,5.975823135193793,8.853018247330526,13.088145422737016,19.48405464675882,29.03899825921158,43.287216086799965,64.51577478075,92.6395847266257,123.69481805558932,157.88243061596597,195.44011806543824,236.71308939485797,282.1624060551075,332.17422328504614,386.9767170214163,447.3590440544992,513.7970520842188,587.1184332211336,666.9869400845496,754.5027223259361,838.6437771562724,838.6437771640194,838.6437771727367,838.6437771516532,838.6437771021706,838.643777007784,838.6437767890542,838.6437770321903,0.5528509555200206,0.5815907657670277,0.6212231968326493,0.6758766402155818,0.7350471546642442,0.8366010197215501,0.9799247090578428,1.1755304507278388,1.4368705296024042,1.7639062706522342,2.2620497537465036,2.962184989740961,3.918037319009517,5.233070898061642,7.072656117430212,9.174539519999854,9.174539519999845,9.17453951999984,9.174539519999831,9.174539519999094,9.174539519999456,9.174539519999634,9.174539519999747,9.17453951999983,9.17453951999988,9.174539519999906,9.174539519999882,9.17453951999978,9.174539519999508,9.174539519998737,6.57396377802078,7.467279089342307,5.877005507983314,2.6954071424641435,1.0773909590602965e-11,1.1318573973583285e-11,1.1890545435410659e-11,1.2491125554218622e-11,1.3121734583571906e-11,1.3783875077405018e-11,1.447912291261698e-11,1.5209133006228863e-11,1.597564646830856e-11,1.678048616810515e-11,1.7625564189738592e-11,1.8512897517532573e-11,1.9444597183223518e-11,2.0422881045982406e-11,2.1450080862442167e-11,2.2528639233331076e-11,2.366112525382125e-11,2.485023590430099e-11,2.6098801626290606e-11,2.7409794659843196e-11,2.8786341858245406e-11,3.0231712250819755e-11,3.1749349212422604e-11,3.334286745473961e-11,3.501606089581681e-11,3.6772915152981176e-11,9.881554504,12.0962075,12.47405184,12.22430203,12.22382288,12.10287284,10.69768747,13.15096081,13.18714581,13.44417391,13.43122529,13.31990681,14.26699795,14.78939801,14.54980473,14.84220349,14.46957116,12.79788972,15.73028179,16.30045942,16.07462735,16.04038774,15.88793246,14.02454311,17.5572866,17.2137141,17.51480844,17.4342354,14.9796823,18.3381221,
3.8027914114800527,5.587163259624495,8.249348682099924,12.221184054312591,18.06758211405572,26.896840298970858,40.08699999976832,59.75600865333135,89.06105646397718,127.8846811369177,170.755000813185,217.94942578840474,269.7960839733407,326.7715204847587,389.5122094260844,458.55122032409304,534.2035395531249,617.5585617255365,709.2731726807247,810.4899632663349,920.7447594557879,1041.5562671866828,1157.709119115528,1157.7091191262225,1157.7091191382563,1157.7091191091515,1157.709119040843,1157.7091189105465,1157.7091186086002,1157.7091189442383,0.618590396517023,0.6507476541630692,0.6950927728664564,0.7562450506652142,0.8224515239098621,0.9360811469147556,1.0964474390077594,1.3153126360242586,1.6077286324201503,1.9736521543230199,2.5310298194114473,3.3144180525781475,4.38393066799506,5.855334732647337,7.913664810426952,10.265482916999835,10.265482916999826,10.265482916999819,10.26548291699981,10.265482916998986,10.26548291699939,10.26548291699959,10.265482916999716,10.265482916999808,10.265482916999867,10.265482916999893,10.265482916999868,10.265482916999753,10.265482916999447,10.265482916998586,5.681347412011764,6.060042696221724,3.689106145043375,1.0255270873568939e-11,1.0773829823558816e-11,1.1318562239785455e-11,1.1890540910550808e-11,1.2491122103894126e-11,1.3121732554786591e-11,1.3783873449015812e-11,1.4479121544241409e-11,1.5209131923590562e-11,1.597564466489297e-11,1.6780483533765804e-11,1.7625562153734827e-11,1.8512895402790187e-11,1.944459505577546e-11,2.042287922432919e-11,2.1450078448722005e-11,2.25286366188493e-11,2.3661123271318182e-11,2.4850233058842157e-11,2.6098799459471786e-11,2.7409792961341584e-11,2.87863382830721e-11,3.023170788748224e-11,3.174934495553906e-11,3.3342863883103486e-11,3.5016058629018057e-11,3.677290955356359e-11,10.10272922,12.29795361,12.6335476,12.42718461,12.46751242,12.20980689,10.93712935,13.37029857,13.40600839,13.644526,13.69898515,13.43759388,14.5049495,14.97849825,14.7912829,15.06338974,14.597416,13.08433955,15.99263866,16.5088804,16.31417983,16.36016289,16.02830912,14.33844861,17.78177763,17.49940426,17.77582324,17.78179777,15.31496628,18.64397373,
4.580986474548063,6.73050834346714,9.937477670336552,14.722100898502596,21.764893294545065,32.400951902252686,48.29031754141746,71.98434986139492,107.28631968579401,154.0547274882223,205.69793726398478,262.5501279555091,325.0065748641418,393.64134227535106,469.2211509854423,552.3881567236988,643.5218039992681,743.9344187971055,854.4173106632766,976.3468877813079,1109.1639885492307,1254.6981036243435,1394.62022558452,1394.6202255974029,1394.620225611899,1394.6202255768385,1394.6202254945515,1394.6202253375916,1394.6202249738556,1394.620225378178,0.7363830911790273,0.7746637708057508,0.8274531380079663,0.9002501028681354,0.9790636888831484,1.11433079537071,1.305234221219668,1.5657759807393397,1.9138741674370638,2.349477267179878,3.012991428219185,3.945553349614446,5.218723787160996,6.970314305867363,9.420593964065079,12.220247978999804,12.220247978999794,12.220247978999787,12.220247978999776,12.220247978998794,12.220247978999275,12.220247978999511,12.220247978999664,12.220247978999772,12.220247978999842,12.220247978999874,12.220247978999843,12.220247978999707,12.220247978999344,12.220247978998318,4.9751106442817505,4.8759253457363965,1.939091661665241,1.0255043379023692e-11,1.0773819602548836e-11,1.1318558956000437e-11,1.1890539394561476e-11,1.2491120875539348e-11,1.3121731770070559e-11,1.3783872659910662e-11,1.4479120858041817e-11,1.520913143108196e-11,1.5975643978828272e-11,1.678048259663282e-11,1.762556135249767e-11,1.8512894578115134e-11,1.9444594309579914e-11,2.0422878670859694e-11,2.145007744881582e-11,2.2528635758487475e-11,2.3661122418232703e-11,2.485023224708415e-11,2.609879861989199e-11,2.7409792052056927e-11,2.8786336227022588e-11,3.023170573952113e-11,3.174934286429849e-11,3.3342861988907316e-11,3.501605770720987e-11,3.6772906768656696e-11,10.29248021,12.38109746,12.70402247,12.37583778,12.42308985,12.40434955,11.14255217,13.46069232,13.35061725,13.5690509,13.65017476,13.65169926,14.60301438,15.06205417,14.73016805,14.98006615,14.83000118,13.33009159,16.10076149,16.60097339,16.22393746,16.30187054,16.28369317,14.60775552,17.88097134,17.42709996,17.67749575,17.71844005,15.60261429,18.77002167,
4.997507700588069,7.34247251377611,10.841032047977912,16.060691953114677,23.743842608200957,35.34697330750492,52.68106228165308,78.52944878856843,117.04121192595404,168.06198647646977,224.40079908187468,286.42221354244106,354.55744513752114,429.4327543250315,511.88457515799246,602.6134506788032,702.0333259770086,811.5758488542199,932.1042778186167,1065.1201694747742,1210.013521058607,1368.7801676809154,1521.4245568018396,1521.4245568158938,1521.424556831708,1521.4245567934595,1521.4245567036908,1521.4245565324595,1521.424556135651,1521.424556576736,0.8456272561320314,0.8895869646905017,0.9502077587783753,1.0338043247327648,1.12431009175288,1.2796443918939282,1.4988687903363034,1.798062533171536,2.197801905256287,2.6980277502147088,3.4599757988941784,4.5308854764915525,5.9929337453716975,8.004376840607629,10.818161253827029,14.033150531999775,14.033150531999762,14.033150531999754,14.033150531999741,14.033150531998613,14.033150531999167,14.033150531999437,14.033150531999613,14.03315053199974,14.033150531999818,14.033150531999855,14.03315053199982,14.033150531999663,14.033150531999246,14.033150531998066,4.61854995328874,4.135588241542678,0.9177282632534713,1.0255029757132517e-11,1.0773816876390849e-11,1.1318557924625878e-11,1.189053901073186e-11,1.2491120608484675e-11,1.3121731637514593e-11,1.3783872511135448e-11,1.4479120721284166e-11,1.5209131323080528e-11,1.5975643832896723e-11,1.6780482390944288e-11,1.762556117807195e-11,1.851289436380627e-11,1.9444594056368826e-11,2.042287842770567e-11,2.1450077176759993e-11,2.2528635412329753e-11,2.3661122314307272e-11,2.485023181544554e-11,2.6098798097400175e-11,2.7409791454224647e-11,2.8786335097356553e-11,3.0231704638966944e-11,3.174934177783082e-11,3.33428609991696e-11,3.501605712984633e-11,3.6772905705445045e-11,10.46168491,12.36764772,12.70896807,12.51359757,12.46370477,12.41465645,11.32573175,13.4460698,13.49922764,13.63492008,13.6948014,13.66304259,14.58715094,15.06791775,14.89413471,15.05278492,14.84232358,13.54923354,16.08327103,16.60743605,16.30269443,16.3551664,16.29722346,14.84790181,17.8879323,17.62108711,17.76330883,17.77636711,15.8591157,18.74963156,
5.152127959212071,7.569644749826112,11.176447875113544,16.557601311189064,24.478464604756486,36.44059006246039,54.31098662846656,80.9591086127764,120.66240543717727,173.26173590572978,231.34364172829808,295.2839661173055,365.52726592594695,442.71917778117563,527.7220145654901,621.2579937544036,723.7538676807184,836.6855785757103,960.9430937115654,1098.0744270641026,1247.4507027046916,1411.129505832275,1568.4966320328444,1568.4966320473336,1568.4966320636372,1568.4966320242054,1568.496631931659,1568.49663175513,1568.4966313460445,1568.4966318007764,0.9447458744430351,0.9938582380774549,1.0615845852412664,1.1549797664281456,1.2560939977700527,1.4296355175751316,1.6745558941403744,2.0088190723350743,2.455413147787336,3.0142720302172843,3.8655303953065205,5.0619647491836774,6.695384273264669,8.942594911428364,12.086191805549868,15.67802004299975,15.678020042999735,15.678020042999725,15.67802004299971,15.678020042998451,15.678020042999071,15.678020042999373,15.678020042999568,15.678020042999709,15.678020042999796,15.678020042999838,15.6780200429998,15.678020042999623,15.678020042999158,15.67802004299784,4.362393866353733,4.045017352105723,0.6477409896549466,1.0255026903587095e-11,1.077381639095188e-11,1.131855764383831e-11,1.1890538971269319e-11,1.2491120653230595e-11,1.3121731656549967e-11,1.3783872544218937e-11,1.4479120752221664e-11,1.5209131318756774e-11,1.5975643855943286e-11,1.6780482421863873e-11,1.7625561194493735e-11,1.851289437848765e-11,1.9444594046235123e-11,2.042287845619631e-11,2.1450077193214334e-11,2.2528635347919816e-11,2.3661122421647598e-11,2.4850231405666657e-11,2.6098797525274358e-11,2.7409790788512294e-11,2.8786334199266212e-11,3.0231703702320164e-11,3.174934086917866e-11,3.334286017738484e-11,3.501605649052031e-11,3.6772905466897246e-11,10.4592677,12.60852034,12.88577345,12.69268528,12.76577827,12.2974155,11.3231149,13.7079458,13.69242115,13.81057122,14.02671207,13.53401219,14.87125067,15.2775405,15.10729136,15.24670163,14.70215635,13.54610294,16.39650923,16.83847636,16.51271304,16.75155434,16.14331651,14.84447115,18.1367867,17.8732704,17.99214373,18.20719963,15.8554514,19.11479987,
4.989977756856069,7.331409318240467,10.824697433564316,16.036492669401778,23.70806681563936,35.29371461616349,52.60168562863138,78.41112534294106,116.8648612742034,167.8087607932943,224.06268546770187,285.9906497949123,354.02321932505606,428.7857109044952,511.11329829777577,601.7054690112165,700.9755444268224,810.3530152254887,930.6998392094465,1063.5153105281797,1208.190345533043,1366.717772130649,1519.1321658758882,1519.132165889921,1519.1321659057116,1519.1321658675208,1519.1321657778872,1519.1321656069138,1519.1321652107033,1519.1321656511238,1.0529087514660391,1.1076439335660389,1.183124192927472,1.2872120818260553,1.399902766122952,1.5933128564853016,1.866273887460887,2.2388064754666717,2.7365305969652556,3.3593725950760422,4.308090558930113,5.64150331661433,7.461931177952474,9.966422397567536,13.469926112630933,17.47297866599972,17.472978665999705,17.472978665999694,17.472978665999676,17.472978665998273,17.472978665998962,17.4729786659993,17.47297866599952,17.472978665999676,17.472978665999772,17.47297866599982,17.472978665999776,17.47297866599958,17.47297866599906,17.472978665997594,4.313649761686731,4.325973158202782,0.9150438535179716,1.0255030190358467e-11,1.0773817242734532e-11,1.1318557979969526e-11,1.1890539235778258e-11,1.2491120879096111e-11,1.312173170975667e-11,1.3783872416928121e-11,1.4479120535440527e-11,1.5209131158511626e-11,1.5975643756992817e-11,1.6780482371367078e-11,1.762556107645634e-11,1.851289427690323e-11,1.9444593980322238e-11,2.0422878450501577e-11,2.1450077039561874e-11,2.2528635477760703e-11,2.3661121827195078e-11,2.4850231611758047e-11,2.609879658452147e-11,2.740978972825201e-11,2.8786332948096893e-11,3.0231702410936215e-11,3.174933964816086e-11,3.334285901358921e-11,3.5016055442863695e-11,3.677290448623926e-11,10.35653627,12.76502641,12.92286548,12.78536004,12.81147006,12.09127758,11.21189872,13.87809874,13.79239541,13.89427997,14.07691704,13.30714557,15.05584338,15.3215173,15.2175962,15.33911507,14.45570847,13.41305247,16.60003456,16.88694636,16.61280004,16.81151218,15.87271089,14.69866804,18.18899391,18.00377085,18.10119786,18.27236758,15.6997184,19.35206658,
4.547213548968062,6.680888254287131,9.864214477860896,14.613563486137624,21.604433505899685,32.16207869374274,47.93430136245203,71.45365148358897,106.49536059638567,152.918972367439,204.18144705695758,260.61449990209167,322.61049207130173,390.7392556108868,465.7618587345616,548.3157229341746,638.77749529713,738.4498267988473,848.1181931243754,969.1488550072521,1100.986773215936,1245.4479506464845,1384.3385088947373,1384.3385089075252,1384.3385089219146,1384.3385088871123,1384.338508805432,1384.3385086496294,1384.3385082885748,1384.3385086899166,1.1140721329380414,1.1719868771967377,1.2518517785231094,1.361986124198175,1.4812230009380494,1.6858682673029688,1.9746855817801443,2.3688585567228064,2.8954954308874195,3.554518268671342,4.558347179843262,5.969217773303198,7.8953941371305225,10.54537104260897,14.252392995995141,18.487982537999706,18.487982537999688,18.487982537999674,18.48798253799966,18.487982537998175,18.487982537998903,18.48798253799926,18.48798253799949,18.487982537999656,18.48798253799976,18.48798253799981,18.487982537999763,18.487982537999557,18.487982537999006,18.487982537997453,4.565929858102735,4.890142618525419,1.7017051236257537,1.025504239198979e-11,1.077381975185468e-11,1.1318559006880604e-11,1.1890539781467054e-11,1.2491121263813593e-11,1.3121731775929796e-11,1.3783872282157909e-11,1.4479120218710721e-11,1.52091306197695e-11,1.5975643386808668e-11,1.6780482076075994e-11,1.7625560612029792e-11,1.851289375587346e-11,1.944459337873309e-11,2.042287779445943e-11,2.145007642540936e-11,2.2528634742896274e-11,2.3661121313975284e-11,2.485023064382099e-11,2.609879664802881e-11,2.7409789567828203e-11,2.8786333006463203e-11,3.023170246387724e-11,3.1749339592525086e-11,3.3342858012610976e-11,3.501605440070043e-11,3.677290310172481e-11,10.22721554,12.74301775,12.81777138,12.6463479,12.62616447,11.94311595,11.07189719,13.85417098,13.64243402,13.81468804,13.87330798,13.14408518,15.02988503,15.19691636,15.05213894,15.25124655,14.27857405,13.24556541,16.57141381,16.74961471,16.51763535,16.56834983,15.6782131,14.51512767,18.04107347,17.80802018,17.99750705,18.00807536,15.50367804,19.31870095,
3.7459654320960514,5.503673004742778,8.126076783271795,12.038560113640505,17.797594113758727,26.494914679882218,39.487970815922885,58.86306098716346,87.73019678462137,125.97367117936979,168.20336989105965,214.6925578099987,265.7644595567424,321.8884991256885,383.69163964257143,451.69898485464773,526.2208142230254,608.3302432879048,698.6743418937651,798.378626892619,906.9858605162328,1025.9920543330013,1140.4092077038936,1140.409207714428,1140.409207726282,1140.4092076976121,1140.4092076303245,1140.409207501975,1140.4092072045407,1140.4092075351634,1.1267191846560418,1.185291382542936,1.266062917746653,1.3774475188804987,1.4980379838686,1.7050064025600529,1.9971023983768414,2.3957500620335916,2.928365367564764,3.5948694946354185,4.610093966094925,6.03698089533362,7.985023394549388,10.665083087294677,14.414187502828607,18.697859855999702,18.697859855999685,18.69785985599967,18.697859855999656,18.697859855998153,18.697859855998892,18.69785985599925,18.697859855999486,18.697859855999653,18.697859855999756,18.697859855999805,18.69785985599976,18.69785985599955,18.697859855998995,18.697859855997425,5.371451393256747,5.770386102723572,3.1387865989913117,1.0255138550466212e-11,1.0773828006019607e-11,1.1318561863265723e-11,1.1890541241012648e-11,1.2491122243961244e-11,1.3121732113140847e-11,1.3783872475116414e-11,1.4479120157317156e-11,1.520913035629397e-11,1.5975643475371688e-11,1.6780482299613884e-11,1.762556057112765e-11,1.8512893687268943e-11,1.9444593285866212e-11,2.0422877681260943e-11,2.1450076357914963e-11,2.2528634572744256e-11,2.3661120980234322e-11,2.4850230326810265e-11,2.609879561001939e-11,2.7409788578199558e-11,2.878633185104448e-11,3.0231701257974816e-11,3.17493385646647e-11,3.3342858332620944e-11,3.5016053382989375e-11,3.677290302677175e-11,10.24413601,12.45935049,12.5309263,12.3457811,12.33932157,11.73568966,11.09021514,13.54576879,13.31819316,13.57728454,13.55813231,12.91580064,14.69531074,14.8568291,14.69439351,14.989156,14.03058587,13.26747961,16.20252416,16.37478008,16.23378208,16.19194783,15.4059162,14.5391423,17.63733767,17.3847755,17.68822238,17.59896548,15.52932818,18.88865503,
2.688850808280037,3.9505318123106976,5.832891019130407,8.641268233481147,12.775097951569437,19.018027273265346,28.3444319416267,42.25185522457144,62.97266080293271,90.4237942695374,120.73623616807708,154.10613580491832,190.76550353840284,231.05129151334967,275.4135333293612,324.229148010608,377.7208538909658,436.65893239452953,501.50784970655405,573.0755008682846,651.0336809977015,736.456225929062,818.5847615226965,818.5847615302582,818.5847615387669,818.5847615181877,818.5847614698887,818.5847613777596,818.5847611642615,818.5847614015822,1.0787970629610402,1.134878042065735,1.212214166394908,1.3188613081127991,1.4343227657873516,1.6324883116045117,1.9121607505592344,2.2938529544072312,2.803814828776603,3.4419709057539674,4.4140153982696715,5.780213337741268,7.645400826599728,10.21147102800178,13.801116866371842,17.902594160999715,17.902594160999698,17.902594160999687,17.90259416099967,17.90259416099823,17.902594160998937,17.902594160999282,17.902594160999506,17.902594160999666,17.90259416099977,17.902594160999815,17.90259416099977,17.90259416099957,17.902594160999037,17.902594160997534,6.523623728767762,6.998570605632853,4.985078624484443,1.9448202684163085,1.0773877531270154e-11,1.1318571091107718e-11,1.1890545234794529e-11,1.249112455417487e-11,1.3121733508139085e-11,1.3783872916301809e-11,1.4479120313099572e-11,1.5209130373543675e-11,1.5975644322217004e-11,1.678048327680261e-11,1.7625561060855165e-11,1.8512894096813444e-11,1.944459365188506e-11,2.04228780091133e-11,2.1450076826942193e-11,2.2528634958364445e-11,2.366112103997547e-11,2.4850230670025518e-11,2.6098796021660634e-11,2.7409789091445266e-11,2.878633256206165e-11,3.023170215680077e-11,3.174933966204185e-11,3.3342858638616203e-11,3.5016054585345807e-11,3.677290459215883e-11,10.2912716,12.08398046,12.03018381,11.90494981,11.92048017,11.55918406,11.14124374,13.13766761,12.8426399,13.10384982,13.09792004,12.72154609,14.25257664,14.2631423,14.16970021,14.46648985,13.81956488,13.32852629,15.71438138,15.72043514,15.6677163,15.6423343,15.17421013,14.60604019,16.93254026,16.76401662,17.07144083,17.00159266,15.60078214,18.31958564,
1.4677197302760203,2.156413240986191,3.183906376272212,4.716870062791075,6.973337182556854,10.381064570017575,15.471919035479129,23.06334042889406,34.3738731966187,49.35818176565698,65.90434673335595,84.1194369657708,104.13009622443637,126.12025115548224,150.33555435941324,176.98174855977058,206.18040543019157,238.35198609872685,273.75002124920803,312.8155035497209,355.369281081747,401.9975113353796,446.8276937085548,446.8276937126824,446.8276937173269,446.82769370609367,446.82769367972946,446.8276936294405,446.82769351290165,446.8276936424441,0.8717631026610324,0.9170814762672674,0.9795758804584789,1.0657561699178666,1.159059203487368,1.3191944290949698,1.5451944076662427,1.8536353474058738,2.265729485499698,2.781415837222618,3.5669134547209165,4.670921794615591,6.1781576670129486,8.25176854085073,11.152518738411066,14.466873860999769,14.466873860999756,14.466873860999746,14.466873860999733,14.466873860998572,14.466873860999142,14.466873860999423,14.466873860999602,14.466873860999732,14.466873860999813,14.46687386099985,14.466873860999815,14.466873860999653,14.466873860999224,14.466873860998009,7.9493715570717844,8.728041192755825,7.480944373279065,5.894393757301309,3.576124643966549,1.1319148049755194e-11,1.1890567321517583e-11,1.249114394764981e-11,1.3121740366647215e-11,1.3783878517667534e-11,1.4479124768176543e-11,1.520913413174598e-11,1.597565059795791e-11,1.678048856872686e-11,1.762556450985205e-11,1.8512897321302668e-11,1.944459674034108e-11,2.042288102945514e-11,2.1450080411775235e-11,2.252863835277642e-11,2.3661124185652677e-11,2.4850234317685544e-11,2.6098799815375628e-11,2.7409793412457682e-11,2.8786337915513692e-11,3.0231712408880535e-11,3.174934993286956e-11,3.334286887747134e-11,3.50160620362877e-11,3.677291813488522e-11,10.28885439,11.80153591,11.64442663,11.67701999,11.70852103,11.39813881,11.13862689,12.83059473,12.59675726,12.834884,12.86502474,12.54430653,13.91944448,13.80578357,13.89840993,14.16955489,13.62702747,13.32539569,15.34708176,15.21634719,15.34612531,15.36419654,14.96279949,14.60260953,16.38958522,16.44305607,16.72103739,16.6992858,15.59711783,17.89139336,
0.2739300850920038,0.402465436971255,0.5942331676724139,0.8803401569217119,1.3014793004341492,1.93748564003818,2.8876249398979925,4.304461319058975,6.4154196577576315,9.212038682964558,12.300157132319823,15.699757965092962,19.43447753068911,23.538643256058833,28.058102884726516,33.03125552014776,38.480790874954536,44.48518234581035,51.09174801420094,58.382793211724575,66.32488164991837,75.02741171583568,83.39436040423718,83.39436040500753,83.39436040587438,83.39436040377784,83.39436039885732,83.39436038947156,83.39436036772116,83.3943603918985,0.7512382487250279,0.7902911697755902,0.8441454641548909,0.9184109722160413,0.9988144755594706,1.1368103440212471,1.3315648909796225,1.5973625953075596,1.952483014681203,2.3968735957658893,3.073772919384717,4.025147540894462,5.324001821075669,7.110927416623361,9.610636903928109,12.4667687249998,12.46676872499979,12.466768724999781,12.46676872499977,12.466768724998769,12.46676872499926,12.4667687249995,12.466768724999657,12.466768724999769,12.466768724999838,12.46676872499987,12.46676872499984,12.4667687249997,12.46676872499933,12.466768724998284,9.664942916191807,10.767730783262445,10.396453788182454,10.062366020872501,9.601148144017154,8.62918462595189,7.3538343491342735,7.101582395645952,4.427452107574283,1.3467318912833326,1.4479925638460868e-11,1.5210502920875248e-11,1.5975557407801622e-11,1.6781084821198108e-11,1.762562125364268e-11,1.8512932517341808e-11,1.9444629386953158e-11,2.0422913949648347e-11,2.1450161842396487e-11,2.2528714849636294e-11,2.3661207439615752e-11,2.485033013186393e-11,2.6098888004626922e-11,2.7409881614480415e-11,2.8786547671350767e-11,3.0231954450171734e-11,3.174966945519754e-11,3.334326223885293e-11,3.5016299530412606e-11,3.6773485848283924e-11,10.69011125,11.96048739,11.83483242,11.86111715,11.90144192,11.70348061,11.57302418,13.00340631,12.79535478,12.95564417,13.0770013,12.88035272,14.10692145,14.03153115,14.117529,14.30287263,13.99207839,13.84507517,15.55378717,15.46515983,15.4905131,15.61735187,15.36363407,15.17209929,16.65758226,16.70229344,16.87836138,16.97443935,16.2053926,18.13236737,
0.020659396680000282,0.0303533403772944,0.04481617536545598,0.06639393591642499,0.09815561926849935,0.1461222646862947,0.21778034740644858,0.32463602475167663,0.4838413405149396,0.6947581581590493,0.9276594257165357,1.1840522280417367,1.4657191832003666,1.7752492143117589,2.1161000895142137,2.4911678116698455,2.902163604916966,3.355005815281547,3.853263101588419,4.403142808656231,5.002123221695496,5.658455003182842,6.28947773986705,6.289477739925149,6.2894777399905255,6.289477739832408,6.289477739461309,6.289477738753449,6.289477737113067,6.289477738936486,0.6762764950170251,0.711432549189019,0.7599130325859437,0.8267680117852745,0.8991485109417899,1.0233745636069005,1.1986956719625628,1.4379709487093715,1.7576559393638984,2.157703334587158,2.7670587592254097,3.6235011669099215,4.792750232209203,6.401368777210269,8.651646599864137,11.22278141699982,11.222781416999812,11.222781416999803,11.222781416999794,11.222781416998892,11.222781416999334,11.22278141699955,11.222781416999691,11.22278141699979,11.222781416999855,11.222781416999885,11.222781416999856,11.22278141699973,11.222781416999398,11.222781416998455,10.539464818311814,11.563503940442972,11.418333192058359,11.349925502308553,11.305210159800483,10.968161781718122,10.747956520642877,11.61566751655144,10.965913590134281,10.494280927267575,9.822971225072534,8.550637165063547,8.255132864606406,6.315203668494748,3.8044171306392705,1.02069108134884,0.3862142181026618,1.3659878430197097e-09,0.9261343914332301,0.3465548943674011,2.3691285638338413e-11,2.4897071393851423e-11,2.6117680966499365e-11,2.7454293557043638e-11,2.8973948353725655e-11,3.029521579600688e-11,3.182266784785592e-11,0.034209924280608935,3.5045030533846526e-11,1.1428364441018295,11.23640071,12.30528983,12.2230624,12.24308745,12.30251429,12.13765861,12.16443254,13.37827449,13.20741087,13.34674242,13.51768941,13.35819056,14.51360228,14.49182166,14.57216382,14.73464031,14.51115924,14.5525906,16.00217891,15.97247912,15.95813266,16.14364846,15.93359715,15.94742873,17.20401778,17.24016689,17.38787658,17.54646908,17.03352573,18.6550956,
6.55051200000009e-06,9.624188133917544e-06,1.4209945192142164e-05,2.1051644473664897e-05,3.1122378443325205e-05,4.633124883174225e-05,6.905200578442596e-05,0.0001029329272633994,0.00015341244259119372,0.00022028821667016612,0.0002941346397570249,0.00037542956595255873,0.00046473821316761715,0.0005628814559041494,0.0006709556549143106,0.0007898790510254661,0.0009201942251477137,0.001063777717882106,0.001221761050289885,0.0013961123963382046,0.0015860321913909352,0.0017941364878138952,0.001994215999957846,0.0019942159999762673,0.001994215999996996,0.0019942159999468616,0.0019942159998291966,0.001994215999604754,0.001994215999084635,0.00199421599966279,0.617552300556023,0.6496555930589516,0.69392629339297,0.754975947657728,0.8210713156009449,0.93451024949499,1.0946074206946859,1.3131053260779726,1.6050306005575534,1.9703400428816564,2.5267823369941715,3.3088559164492652,4.3765737145968595,5.845508522330317,7.900384385249536,10.248255755999836,10.248255755999827,10.24825575599982,10.24825575599981,10.248255755998988,10.248255755999391,10.24825575599959,10.248255755999718,10.248255755999809,10.248255755999867,10.248255755999894,10.24825575599987,10.248255755999754,10.24825575599945,10.248255755998589,10.366243418940815,11.2594686227622,11.181693156671592,11.046006790708045,11.08414713203138,10.875858079267488,10.796295117311411,11.63436662100725,11.12532259701297,11.00155112891545,10.554108578380541,9.688808443999985,9.669313517205945,8.233834226230554,6.144924579113174,4.0720066849676435,3.8707472797944633,3.9761234463027173,5.237527902971343,5.268824961627201,5.260360551832875,5.3722984575374415,5.253760758026417,5.338674658027619,6.4647602180289185,6.367394528030387,6.649564678032048,6.729620038033981,6.40035578803648,7.8042642580385175,10.98380227,11.90913384,11.87563366,11.80100379,11.90524957,11.81041466,11.89097159,12.94757488,12.73050661,12.97211146,13.08118505,12.99803979,14.04635197,14.07990563,14.04597992,14.32105232,14.11992323,14.22544298,15.48700542,15.51847683,15.51020234,15.62234835,15.50401073,15.58892463,16.71501019,16.6176445,16.89981465,16.97987001,16.65060576,18.05451423,
3.487668000000048e-07,5.124175481343127e-07,7.565755337657281e-07,1.1208459243823675e-06,1.6570387685829003e-06,2.4667997547444352e-06,3.6765136970996665e-06,5.480424683793964e-06,8.168089255116904e-06,1.1728734548652149e-05,1.5660515861540343e-05,1.9988875425716776e-05,2.474390695630932e-05,2.9969316009959415e-05,3.5723475768973226e-05,4.205527583388726e-05,4.8993604665291446e-05,5.6638374309831796e-05,6.504982997882336e-05,7.433276252470147e-05,8.444460098514497e-05,9.552463099343856e-05,0.00010617739999775559,0.0001061773999987364,0.00010617739999984005,0.00010617739999717076,0.00010617739999090597,0.00010617739997895604,0.00010617739995126352,0.00010617739998204603,0.5885423796780219,0.6191375991406676,0.6613286545397594,0.7195104615982884,0.7825009566542879,0.8906110228657284,1.0431875253461704,1.2514213495472302,1.5296332444356144,1.877782038166445,2.408085093690029,3.1534202582119417,4.170981318514973,5.570911958489812,7.5292586915786845,9.766837277999844,9.766837277999835,9.766837277999828,9.766837277999821,9.766837277999036,9.766837277999421,9.76683727799961,9.76683727799973,9.76683727799982,9.766837277999873,9.7668372779999,9.766837277999874,9.766837277999766,9.766837277999477,9.766837277998656,9.855013101564015,10.662748738451072,10.537992778894466,10.723316777566042,10.677252006317714,10.431511960345834,10.262914158152023,11.014206990040574,10.81447817748825,10.485027783112786,10.183585785808583,9.307209222927836,9.135532917594043,7.707120042210956,6.09037219496317,3.881524386742826,3.769263538414935,3.7588601236462758,4.904411742191644,4.867795639260959,5.0147785774232485,5.270826607394239,5.096070214626362,5.0552283946275836,5.996155174628903,6.346334464630327,6.339100154631874,6.577539094633585,6.064689954635582,7.3366502546381245,10.44355583,11.28188685,11.19932219,11.44282836,11.45975462,11.32212545,11.30610536,12.26563382,12.34411959,12.36282155,12.59168654,12.46064947,13.30653898,13.27806197,13.61966661,13.64840372,13.53614981,13.52575404,14.67131407,14.63470725,14.7817003,15.03775941,14.86301367,14.82217185,15.76309863,16.11327792,16.10604361,16.34448255,15.83163341,17.10359371,
0.0,0.0,0.0,0.0,0.0,0.0,0.0,0.0,0.0,0.0,0.0,0.0,0.0,0.0,0.0,0.0,0.0,0.0,0.0,0.0,0.0,0.0,0.0,0.0,0.0,0.0,0.0,0.0,0.0,0.0,0.565359474696021,0.5947495369937842,0.6352786709031396,0.6911686747690813,0.7516779506094803,0.8555295207820308,1.0020959776283331,1.2021273934265642,1.4693804174727358,1.8038154996963753,2.3132297190505167,3.0292058520132947,4.006684800663985,5.351471647891589,7.232678368973429,9.38211789599985,9.382117895999842,9.382117895999835,9.382117895999826,9.382117895999073,9.382117895999443,9.382117895999624,9.382117895999741,9.382117895999825,9.382117895999878,9.382117895999903,9.38211789599988,9.382117895999775,9.382117895999496,9.382117895998707,9.441889945312818,10.240850473015504,10.026208989106616,10.407260235241168,10.22958209940129,10.027264479229284,9.83166775238355,10.578304696585924,10.503213192540382,9.985395290317404,9.75269917096396,8.947934118001907,8.773476509351985,7.288926712125187,5.97707161104419,3.63302655401866,3.6287898740195974,3.5785629840205817,4.708830984021619,4.549774414023452,4.713740384024211,5.027749684025223,4.904167544026354,4.8208195940275855,5.623976104028902,6.246192154030324,5.976636754031867,6.279911454033563,5.788108304035518,7.044894944038063,10.00724942,10.83560001,10.66148766,11.09842891,10.98126005,10.882794,10.83376373,11.78043209,11.97259361,11.78921079,12.06592889,11.97713997,12.78016131,12.64039836,13.20974998,13.01514445,13.01090777,12.96068088,14.09094888,13.93189231,14.09585828,14.40986758,14.28628544,14.20293749,15.006094,15.62831005,15.35875465,15.66202935,15.1702262,16.42701284,
0.0,0.0,0.0,0.0,0.0,0.0,0.0,0.0,0.0,0.0,0.0,0.0,0.0,0.0,0.0,0.0,0.0,0.0,0.0,0.0,0.0,0.0,0.0,0.0,0.0,0.0,0.0,0.0,0.0,0.0,0.5440414582650203,0.572323309134455,0.6113242105098489,0.66510676933583,0.7233344211930329,0.8232700589749323,0.9643099326911598,1.1567987615167468,1.413974472609219,1.735799007213081,2.226004738544242,2.914983550952851,3.855604689270572,5.149683642868543,6.959955679762601,9.028346264999856,9.028346264999847,9.028346264999842,9.028346264999833,9.028346264999108,9.028346264999465,9.028346264999639,9.028346264999751,9.028346264999833,9.028346264999882,9.028346264999906,9.028346264999884,9.028346264999783,9.028346264999515,9.028346264998756,9.049865055743819,9.73629141087483,9.619895829499908,9.753289760674422,9.745162218817738,9.564792931036381,9.421972257320727,10.05069648849574,9.8250241974039,9.534691992800697,9.27651277147023,8.517676509062353,8.3029983307454,6.980583827148234,5.440395260255022,3.4141378850186492,3.3910865950195923,3.397002145020574,4.37729467502161,4.341294105023417,4.4473008150241915,4.708661115025204,4.608485695026342,4.587948155027572,5.372144035028899,5.642372675030326,5.654630335031864,5.902353925033557,5.5152836350355,6.599745055038013,9.593906514,10.30861472,10.23122004,10.41839653,10.46849664,10.38806299,10.38628219,11.20749525,11.23899867,11.270491,11.50251751,11.43266006,12.15860302,12.13026747,12.40035094,12.44248415,12.41943286,12.42534841,13.40564094,13.36964037,13.47564708,13.73700738,13.63683196,13.61629442,14.4004903,14.67071894,14.6829766,14.93070019,14.5436299,15.62809132,
0.0,0.0,0.0,0.0,0.0,0.0,0.0,0.0,0.0,0.0,0.0,0.0,0.0,0.0,0.0,0.0,0.0,0.0,0.0,0.0,0.0,0.0,0.0,0.0,0.0,0.0,0.0,0.0,0.0,0.0,0.5252621524350195,0.552567766073179,0.5902224284010748,0.6421485126787116,0.6983662535900165,0.7948522978221754,0.9310237357188453,1.1168682058646688,1.3651666866334535,1.6758824329876163,2.149167168301958,2.814363705238632,3.722516339992371,4.9719260793814035,6.7197108706807125,8.71670443499986,8.716704434999853,8.716704434999848,8.716704434999839,8.716704434999139,8.716704434999484,8.71670443499965,8.71670443499976,8.716704434999837,8.716704434999887,8.71670443499991,8.716704434999889,8.71670443499979,8.716704434999532,8.7167044349988,8.865598720573818,9.469934293936108,9.283677663608682,9.455643437331538,9.589901656420754,9.265966732189138,9.235442954293042,9.779566214147819,9.527975073379666,9.259773577026163,9.155319611712516,8.258145584776573,8.098628130023599,6.734698210635373,5.299044949336908,3.356125985018648,3.3114924150195852,3.4456736350205706,4.3168667650216035,4.18600831502338,4.35859467502417,4.78380257502519,4.4905410950263285,4.611414445027563,5.180856355028888,5.5025535050303125,5.530055635031854,5.95694442503354,5.519123775035472,6.477633665037962,9.390860873,10.02250206,9.873900092,10.09779195,10.28826791,10.06081903,10.16646669,10.89643442,10.89314176,10.93565601,11.30448678,11.07250929,11.82114447,11.70662429,12.01875582,12.07283042,12.02819685,12.16237807,13.0335712,12.90271275,13.07529911,13.50050701,13.20724553,13.32811888,13.89756079,14.21925794,14.24676007,14.67364886,14.23582821,15.1943381,
0.0,0.0,0.0,0.0,0.0,0.0,0.0,0.0,0.0,0.0,0.0,0.0,0.0,0.0,0.0,0.0,0.0,0.0,0.0,0.0,0.0,0.0,0.0,0.0,0.0,0.0,0.0,0.0,0.0,0.0,0.49849882895101855,0.5244131583183822,0.5601492283702297,0.6094295583624352,0.6627828751408111,0.7543527319006652,0.8835859195830083,1.0599611834493239,1.2956082814169785,1.590492340693177,2.0396621223362192,2.6709653547278345,3.5328455089228887,4.718594927719021,6.377326034999573,8.272568150999868,8.272568150999861,8.272568150999854,8.272568150999847,8.272568150999183,8.27256815099951,8.27256815099967,8.272568150999772,8.272568150999847,8.272568150999893,8.272568150999914,8.272568150999895,8.2725681509998,8.272568150999556,8.272568150998861,9.43381708505782,9.461407790690904,9.441100191639528,9.617355641647816,9.391949224869958,9.28971759811065,9.869055430428878,9.796593646563162,9.736686848596136,9.936613999320603,9.008221457678259,8.383111025287372,8.245035041093084,7.139016382297756,5.794962195018048,4.45321619901864,3.735604809019578,4.591064149020563,4.713301799021597,4.796558249023341,5.509902989024147,4.921487679025176,4.91269067902632,5.824018849027559,5.804237409028887,6.128332309030314,6.744721929031849,6.068000099033536,6.784064569035454,6.866160569037904,9.932315914,9.985820949,10.00124942,10.2267852,10.0547321,10.04407033,10.75264135,10.85655483,11.03229513,11.52710634,11.04788358,11.05407638,11.77788055,11.85761131,12.17228823,12.72578435,12.00817296,12.8636323,12.98586995,13.0691264,13.78247114,13.19405583,13.18525883,14.096587,14.07680556,14.40090046,15.01729008,14.34056825,15.05663272,15.13872872,
0.0,0.0,0.0,0.0,0.0,0.0,0.0,0.0,0.0,0.0,0.0,0.0,0.0,0.0,0.0,0.0,0.0,0.0,0.0,0.0,0.0,0.0,0.0,0.0,0.0,0.0,0.0,0.0,0.0,0.0,0.48591618690901806,0.5111764109681021,0.5460104645028868,0.5940469064135327,0.6460535285804321,0.7353120645055491,0.8612832687164859,1.03320663283619,1.2629057467570164,1.5503466179126484,1.988178875272252,2.6035473408563767,3.4436727208503344,4.599492559832573,6.216355525094093,8.063759708999871,8.063759708999864,8.063759708999859,8.063759708999852,8.063759708999203,8.063759708999521,8.063759708999678,8.063759708999777,8.06375970899985,8.063759708999894,8.063759708999916,8.063759708999896,8.063759708999806,8.063759708999568,8.063759708998889,9.36421458709982,9.425736390041184,9.38847328650687,9.538811173596718,9.313487342430337,9.317776795505766,9.802385141295398,9.770175397176295,9.668064113256099,9.847765922101132,8.955111004742223,8.460454459158827,8.276522599165636,7.178960510184202,5.844137264923528,4.519617051018637,3.955195341019576,4.693432221020557,4.858508571021591,4.91812070102332,5.564479021024134,5.005383951025168,5.133338111026314,5.916184801027554,5.919072871028883,6.204876781030312,6.785479741031847,6.141041991033529,6.86828661103544,7.000823161037879,9.850130774,9.936912801,9.934483751,10.13285808,9.959540871,10.05308886,10.66366841,10.80338203,10.93096986,11.39811254,10.94328988,11.0640018,11.72019532,11.77845307,12.06049279,12.58337676,12.01895505,12.75719193,12.92226828,12.98188041,13.62823873,13.06914366,13.19709782,13.97994451,13.98283258,14.26863649,14.84923945,14.2048017,14.93204632,15.06458287,
0.0,0.0,0.0,0.0,0.0,0.0,0.0,0.0,0.0,0.0,0.0,0.0,0.0,0.0,0.0,0.0,0.0,0.0,0.0,0.0,0.0,0.0,0.0,0.0,0.0,0.0,0.0,0.0,0.0,0.0,0.45689525937601694,0.480646838216778,0.5134004577784855,0.5585679643929028,0.6074685356526642,0.6913961820693204,0.809843864143846,0.9714992527859564,1.1874797841218008,1.4577534957619336,1.8694365970432638,2.4480527087710335,3.2380023209509323,4.324791811301075,5.84508902261204,7.582158575999879,7.5821585759998715,7.582158575999866,7.58215857599986,7.582158575999251,7.58215857599955,7.582158575999697,7.582158575999791,7.582158575999858,7.582158575999901,7.582158575999921,7.582158575999903,7.582158575999817,7.582158575999593,7.582158575998955,9.419824824632821,9.450152444792508,9.516286182231271,9.748368385617349,9.294957598358108,9.477645257941996,9.88260990586804,9.82523618722653,9.931279565891316,9.800387034251845,9.011097062971212,8.743561561244174,8.474982349065039,7.566535048715697,6.422597987405578,4.846690804018629,4.575423414019566,5.209469944020552,5.33215950402158,5.524128154023273,5.878721574024106,5.41203778402515,5.767154904026302,6.435523214027545,6.534672524028878,6.931607134030306,7.084728064031843,6.541183194033519,7.390195114035415,7.473156064037813,9.876720084,9.930799283,10.02968664,10.30693635,9.902426134,10.16904144,10.69245377,10.79673544,11.11875935,11.25814053,10.88053366,11.19161427,11.71298467,11.89132686,12.26768701,12.42884938,12.15758199,12.79162852,12.91431808,13.10628673,13.46088015,12.99419636,13.34931348,14.01768179,14.1168311,14.51376571,14.66688664,14.12334177,14.97235369,15.05531464,
0.00015005880000000207,0.00022047041854894792,0.0003255207109915412,0.0004822500146163821,0.0007129498827498137,0.0010613539219823799,0.0015818398814633145,0.002357982329569505,0.003514364532162283,0.005046351406983931,0.006738021559287495,0.008600321646821167,0.010646199653107547,0.012894460130021832,0.015370218454626989,0.018094509641692163,0.021079763107463314,0.024368966549809752,0.027988040796389623,0.03198207267762205,0.036332745806968075,0.04109998858067396,0.04568339999903433,0.04568339999945633,0.045683399999931186,0.04568339999878271,0.04568339999608724,0.04568339999094573,0.04568339997903087,0.045683399992275206,0.43144174736101604,0.4538701321326939,0.4847990563579095,0.527450293326921,0.5736266269139154,0.652878686721565,0.7647276802849636,0.9173772907040495,1.1213256047284885,1.3765424405849542,1.7652907870186458,2.311672350784483,3.0576140825317273,4.083858822673292,5.519460685235566,7.159758560999886,7.1597585609998795,7.159758560999874,7.159758560999868,7.159758560999292,7.159758560999575,7.159758560999713,7.159758560999802,7.159758560999867,7.159758560999907,7.159758560999926,7.159758560999908,7.159758560999828,7.159758560999616,7.1597585609990135,9.587743663847823,9.661336937458044,9.785660302940856,10.057028086668716,9.137704101214107,9.772773809367768,10.08053846984546,10.07772745697887,10.293842180752465,9.883413108021843,8.89931746143654,9.1549248875839,8.862486107831137,8.080422777213466,7.063770636327431,5.258571179376933,5.284803515912098,5.792206352470735,5.966667758225189,6.2296010663456105,6.272992693217113,5.543513470444459,6.482128549027257,7.014648839028082,7.2507360390289435,7.69982507903152,7.470383549035751,6.646366709042568,7.983105769056369,8.129773259045484,10.01933547,10.11542754,10.27078488,10.58496063,9.712043678,10.42671385,10.84684799,10.99746273,11.41868215,11.2650019,10.67134627,11.47519756,11.93074639,12.17717606,12.59860154,12.43642425,12.46564184,12.97633388,13.15441436,13.4213417,13.469084,12.74437202,13.68757051,14.2200908,14.456178,14.90526704,14.67582551,13.85180867,15.18854773,15.33521522,
0.01308495606000018,0.01922476881890827,0.02838503439947724,0.0420516507608332,0.06216841590605458,0.09254885040562838,0.13793463191031166,0.20561336737781064,0.30644857537289333,0.4400360820138766,0.5875477881644365,0.7499382298840308,0.9283364565550271,1.1243822036345588,1.3402655033319955,1.5778205849226323,1.8381312793142857,2.1249460646884444,2.440525207626914,2.788800228273257,3.168173958630393,3.583872086439585,3.9835403299157943,3.9835403299525924,3.983540329993999,3.983540329893853,3.983540329658812,3.983540329210477,3.9835403281715154,3.9835403293264067,0.30425932168801134,0.3200761618035746,0.341887712407716,0.3719660173207714,0.4045302743059956,0.46042003951055765,0.539297661162248,0.6469485021069158,0.7907759737506491,0.9707587914450901,1.244910073551497,1.6302267124513552,2.156276235262797,2.879999728483508,3.8924081279695857,5.049171287999919,5.049171287999915,5.049171287999911,5.049171287999907,5.049171287999501,5.049171287999701,5.0491712879997985,5.049171287999861,5.049171287999906,5.049171287999934,5.049171287999948,5.049171287999935,5.0491712879998785,5.049171287999729,5.049171287999305,10.098413642260827,10.108702009386803,10.299869723202562,10.579212861928644,9.128577081798722,10.315653130095127,10.598779286939328,10.50647584052776,10.761884760889572,9.948893976554812,8.710586798298543,9.581377947679815,9.238393218198148,8.646277677898713,7.851865448716045,5.913965607095962,6.106661912705243,6.315634797332066,6.09720918439463,6.105230463749773,5.364951903393568,3.9581030555854655,5.234969692110442,5.7500076220749134,5.98556407203485,6.447462792136428,5.766470202372999,4.652556742822987,6.75678227386377,6.80669537271106,10.41575792,10.44800294,10.67014247,10.99323053,9.595275772,10.86862202,11.27601158,11.35903771,11.85910931,11.35968885,10.54304466,11.96154289,12.32300591,12.65065961,13.08453908,12.54095748,12.99396448,13.48975215,13.58690568,13.94320198,13.58229715,12.59114643,14.26768131,14.78271924,15.01827569,15.48017441,14.79918182,13.68526836,15.78949389,15.83940699,
0.217825025184003,0.3200343763428177,0.4725251506052698,0.7000330642308069,1.0349164871697496,1.5406590268944513,2.2961953048858317,3.422841981422646,5.101443852169988,7.32527264188164,9.780897327195298,12.48420805250556,15.45400008231469,18.71757006290927,22.3113754205865,26.26595053668113,30.59933792457324,35.3739384322703,40.62737867638812,46.42510660114263,52.74053417997939,59.660653341539565,66.31392331059824,66.31392331121081,66.31392331190011,66.31392331023298,66.31392330632025,66.31392329885684,66.31392328156126,66.31392330078671,0.2897203992510108,0.3047814373409769,0.3255507308313346,0.3541917547442839,0.3851999404022598,0.43841903324476184,0.5135275160682754,0.6160343002324009,0.7529890277875165,0.9243714311645433,1.1854224926945158,1.552326914359514,2.053239349611091,2.7423799755743756,3.7064108032147196,4.807898450999923,4.807898450999919,4.807898450999915,4.807898450999912,4.8078984509995255,4.807898450999715,4.807898450999808,4.8078984509998675,4.807898450999911,4.807898450999938,4.80789845099995,4.8078984509999385,4.807898450999884,4.807898450999742,4.807898450999338,10.644252935573826,10.479779006325494,10.579288088573154,10.666627821035163,8.333811390438761,9.783667199872104,9.26311992905778,8.034006168357443,6.789609500055616,3.6273922869676,1.4482431527907689e-11,1.5213940058503698e-11,1.597896110179091e-11,1.678206483171455e-11,1.7630423017150117e-11,1.8513769554220446e-11,1.944614775777073e-11,2.042627104478362e-11,2.145312069460878e-11,2.2529478405561363e-11,2.366256599129472e-11,2.4851905751025975e-11,2.610303246189248e-11,2.7414286741450788e-11,2.8790964565598446e-11,3.023913961731048e-11,3.1750183376952806e-11,3.334523932622918e-11,3.502223147955216e-11,3.678042575149198e-11,11.15179836,11.10459482,11.37736397,11.72085264,9.753927818,11.76274526,12.07284275,12.07288245,12.64404238,11.87703636,10.71736749,12.94557688,13.09743004,13.48915061,13.95058114,13.1121028,14.06293216,14.44301962,14.44075804,14.86736322,14.20086759,12.79933338,15.44143318,15.82735559,16.01369326,16.50477925,15.4731721,13.91154595,16.90527502,16.83481501,
1.3541435683320187,1.9895440939519833,2.937527003734904,4.351865772755658,6.433721303040633,9.577749436730022,14.274659677503754,21.278636146810793,31.713928993179028,45.53871083408922,60.8044883591733,77.61004515316235,96.07222493738423,116.36072161167799,138.70217850729813,163.28641741383245,190.22560245672776,219.90765833341678,252.56649683087318,288.6089853999131,327.8698353868434,370.88984581402946,412.2509462172857,412.25094622109384,412.250946225379,412.250946215015,412.2509461906909,412.25094614429344,412.2509460367727,412.2509461562908,0.3199267654920119,0.3365580735170302,0.35949278196387174,0.3911199306373432,0.4253610422987182,0.4841287793291004,0.5670681030110355,0.6802622860350741,0.831495968988778,1.020746771198102,1.3090151221994473,1.7141731475627255,2.267310916318595,3.028301623233082,4.09284269565633,5.309171891999915,5.3091718919999105,5.309171891999907,5.309171891999902,5.309171891999475,5.309171891999685,5.309171891999788,5.309171891999854,5.309171891999901,5.309171891999931,5.309171891999945,5.309171891999932,5.309171891999872,5.309171891999715,5.309171891999268,10.06752726618481,9.421634782540275,8.57614106431098,7.4750545166172495,3.4203010546714205,2.455847193952194,1.1890739264581553e-11,1.2491271473431735e-11,1.3121872472169747e-11,1.3783928037051861e-11,1.4479138222047798e-11,1.5209199953822777e-11,1.5975696530669036e-11,1.6780514400311717e-11,1.7625583897960126e-11,1.8512910192628333e-11,1.9444629460901224e-11,2.0422920630556745e-11,2.1450122130494026e-11,2.252868255302213e-11,2.3661163189544445e-11,2.4850254188635564e-11,2.60988907236694e-11,2.7409908599878864e-11,2.8786448519393026e-11,3.0231996033367384e-11,3.174958226458685e-11,3.3342940432090086e-11,3.50162325447824e-11,3.677308658775998e-11,11.7415976,11.74773695,11.87316085,12.21804022,10.2793834,12.51772541,12.71135443,12.77210466,13.1803908,12.6084587,11.2947247,13.7764759,13.85599073,14.07697384,14.5423517,13.91958412,14.96554752,15.20688584,15.27711993,15.51524549,15.07539819,13.48884854,16.43252627,16.66443693,16.71152971,17.2048965,16.42605491,14.66097731,17.79936565,17.80983293,
2.5635707177280356,3.7664669390753422,5.561122458075862,8.23865055627832,12.179875106458491,18.13193118657351,27.023796006989816,40.283238657142654,60.03861157141794,86.21073004921736,115.11084164880288,146.9259566038979,181.87727534668076,220.28605060306458,262.5813478140853,309.12252443101636,360.1219217995609,416.3139320612014,478.1413807934029,546.3745212450094,620.7004403966854,702.1429414627529,780.4449090875027,780.4449090947121,780.4449091028243,780.444909083204,780.4449090371553,780.4449089493188,780.4449087457681,780.4449089720314,0.3727075175640138,0.3920826189823471,0.41880104073781016,0.4556459607043825,0.4955360890164569,0.5639991866499541,0.660621641449548,0.7924903298748354,0.9686741838860917,1.1891471304992332,1.5249733041197888,1.996973330819823,2.6413664448090466,3.527903577228073,4.768070087953191,6.185066363999901,6.185066363999895,6.1850663639998915,6.185066363999885,6.185066363999389,6.185066363999633,6.185066363999752,6.185066363999829,6.185066363999884,6.185066363999919,6.185066363999936,6.185066363999921,6.185066363999851,6.185066363999668,6.185066363999148,9.169109474716787,7.897308721951596,6.134335591196082,3.77797311302755,1.0773893796687491e-11,1.1318584360119298e-11,1.1890551283685018e-11,1.2491127571623954e-11,1.3121736370203353e-11,1.3783876526051057e-11,1.4479123962447037e-11,1.5209134873769553e-11,1.5975648356283483e-11,1.6780488253183422e-11,1.7625566802882736e-11,1.8512899554385722e-11,1.944460031404899e-11,2.042288519107221e-11,2.1450083637926788e-11,2.2528641550391054e-11,2.3661127762009818e-11,2.485023700181273e-11,2.6098806186332974e-11,2.740980190895428e-11,2.8786346530159105e-11,3.023173710450702e-11,3.1749359117495376e-11,3.33428719950648e-11,3.501607463907418e-11,3.6772923910857157e-11,12.10538771,12.05585828,12.11425909,12.47226963,10.79341603,12.8166254,13.10519052,13.10709325,13.45464452,12.97760056,11.85953067,14.10543251,14.21940764,14.36282304,14.84494471,14.32711222,15.32289695,15.67804103,15.67781042,15.83030046,15.51676543,14.16337424,16.82490441,17.18075144,17.05087661,17.56289097,16.90696575,15.39411669,18.35084368,18.27695177,
3.543374342028049,5.206020734955339,7.686598420926591,11.387484960790813,16.835056135911795,25.062004060829175,37.35236353465256,55.67960083348658,82.98553041739018,119.16070298019015,159.10651497420216,203.0814524475347,251.39125923257203,304.4799717112384,362.9406452903164,427.2699848056247,497.7614890363906,575.4302367760803,660.8883027290628,755.2003330078657,857.9338183954295,970.5038624486128,1078.7330527311974,1078.7330527411623,1078.733052752375,1078.733052725256,1078.7330526616072,1078.7330525401994,1078.7330522588509,1078.7330525715927,0.41511774072301544,0.436697526340504,0.4664562254601362,0.5074937125320648,0.551922920856835,0.6281764040123908,0.7357934850996543,0.8826674531081223,1.078899189744518,1.3244596551914591,1.6984993401974813,2.2242080406431826,2.9419263613387967,3.9293421609507235,5.310626669021144,6.8888623229998895,6.888862322999884,6.888862322999879,6.888862322999873,6.888862322999319,6.888862322999591,6.888862322999724,6.8888623229998105,6.888862322999872,6.888862322999911,6.888862322999929,6.888862322999912,6.8888623229998345,6.88886232299963,6.888862322999051,8.288302417257775,6.644231008713444,4.041570523623032,0.7876877166873761,1.0773829926317024e-11,1.1318565509425898e-11,1.189054325968513e-11,1.2491122935899589e-11,1.3121733448404168e-11,1.37838740103313e-11,1.4479122114726272e-11,1.5209133377102308e-11,1.5975646030168285e-11,1.678048482730178e-11,1.762556385461693e-11,1.8512896862734406e-11,1.9444597150453746e-11,2.0422881786420446e-11,2.1450080326727975e-11,2.2528638371620514e-11,2.3661124729683465e-11,2.4850234860425835e-11,2.6098803136027967e-11,2.7409798506275224e-11,2.8786342862433897e-11,3.023171377269161e-11,3.17493494897663e-11,3.334286693229258e-11,3.5016064607833176e-11,3.677291400551339e-11,12.2467945,12.28694927,12.19462517,12.68266639,11.01552889,13.05368401,13.25827632,13.35833469,13.68161312,13.11757256,12.10358263,14.36632913,14.49197032,14.45810611,15.09536651,14.4816396,15.60631201,15.86118108,15.97832829,15.93531879,15.684124,14.45483596,17.13610088,17.38144513,17.16399225,17.85916225,17.08931855,15.71090531,18.56520557,18.62729091,
4.216821181800058,6.195466916285583,9.147498375461666,13.551768217243636,20.034694180822722,29.82523983666272,44.45148114186242,66.26195753690418,98.75759901977466,141.80815456191885,189.3459899361355,241.67871854638685,299.17019330352974,362.3488432811114,431.92043884373555,508.47608758281314,592.3650700850433,684.79538904625,786.4954488993534,898.7322403275494,1020.9910522527042,1154.955940062989,1283.7549598728635,1283.7549598847222,1283.754959898066,1283.7549598657924,1283.754959790047,1283.7549596455647,1283.7549593107437,1283.7549596829244,0.48925178421301824,0.5146854084129906,0.5497585821462547,0.598124772746999,0.6504883971158492,0.7403596529704766,0.867195593159485,1.0402991342835821,1.2715750298918005,1.560989054074059,2.0018268340661622,2.621419528951694,3.467311993945137,4.631066019197941,6.259028025596927,8.11911381299987,8.119113812999863,8.119113812999858,8.119113812999851,8.119113812999199,8.119113812999519,8.119113812999675,8.119113812999776,8.11911381299985,8.119113812999895,8.119113812999917,8.119113812999897,8.119113812999805,8.119113812999565,8.119113812998883,7.596317363995762,5.675835945310715,2.5987531124018397,1.025510915739509e-11,1.0773821094656112e-11,1.1318560835712459e-11,1.1890540729127672e-11,1.2491121249261379e-11,1.3121732285409021e-11,1.3783872909488325e-11,1.4479121450436225e-11,1.5209132646665383e-11,1.5975645170885617e-11,1.6780483741650544e-11,1.7625562785207102e-11,1.851289589760645e-11,1.944459594222712e-11,2.042288051799836e-11,2.1450079073288006e-11,2.2528637256626617e-11,2.366112373018361e-11,2.4850233906935253e-11,2.6098801350274188e-11,2.7409796036443633e-11,2.8786340041655244e-11,3.023171038623373e-11,3.174934662802112e-11,3.334286494050878e-11,3.5016061719859156e-11,3.6772910677326995e-11,12.30239033,12.38598827,12.29601007,12.80038838,11.31760239,13.15288789,13.31846389,13.4660096,13.80860745,13.22049316,12.43549329,14.47550869,14.6087829,14.57830937,15.23548347,14.59526267,15.72491505,15.93318486,16.10712166,16.06780344,15.80718178,14.85122391,17.26632983,17.46035033,17.30669197,18.02493308,17.2234015,16.14173783,18.6494846,18.77743625,
4.641637952940064,6.819619124219063,10.069048177156892,14.917018999547302,22.053056763852958,32.82993497065906,48.92967309664099,72.93741035708463,108.70677223162306,156.0943857643056,208.4213428157282,266.02624680043135,329.30960639722997,398.8530864046692,475.4335588714252,559.7016815589429,652.0419227568536,753.7839834219803,865.7296499036053,989.2735537944852,1123.849130288558,1271.3100921869084,1413.0847591401298,1413.084759153183,1413.0847591678714,1413.0847591323466,1413.08475904897,1413.084758889932,1413.08475852138,1413.0847589310556,0.5776929416880214,0.6077241559951981,0.6491374437175841,0.7062467028515726,0.7680760046041378,0.8741931243431466,1.0239569673456115,1.2283521215696236,1.5014353412667272,1.8431662135711644,2.3636934393236473,3.0952887816535357,4.094091693000775,5.468215422219216,7.390461167210696,9.586791287999848,9.586791287999839,9.586791287999832,9.586791287999823,9.586791287999054,9.586791287999432,9.586791287999617,9.586791287999736,9.586791287999821,9.586791287999876,9.586791287999901,9.586791287999878,9.58679128799977,9.586791287999485,9.586791287998679,7.176122015380751,4.987989879795026,1.684154949135283,1.0255052484787553e-11,1.077381786297653e-11,1.131855912003201e-11,1.1890539793159137e-11,1.2491120682647448e-11,1.3121731867995988e-11,1.3783872511817388e-11,1.4479121102711913e-11,1.5209132229945943e-11,1.59756447236841e-11,1.6780483247001084e-11,1.7625562258975395e-11,1.8512895403779543e-11,1.9444595346593035e-11,2.0422879885746855e-11,2.1450078409320982e-11,2.2528636667702287e-11,2.3661123199251797e-11,2.485023332293994e-11,2.6098800367685415e-11,2.740979465289278e-11,2.8786338365866377e-11,3.023170847036136e-11,3.1749344958789794e-11,3.334286367812395e-11,3.501606027013897e-11,3.677290882578227e-11,12.39545291,12.41533316,12.40234057,12.90934385,11.4661007,13.24822668,13.41921266,13.49791327,13.92614477,13.23009908,12.59865946,14.58043451,14.64339403,14.7043762,15.36516619,14.60586749,15.83889719,16.05371294,16.14528266,16.20675076,15.81866717,15.04608689,17.39148493,17.59243079,17.45635265,18.17835928,17.23591591,16.35353365,18.79056038,18.82192376,
4.771925608428066,7.011041246328533,10.351679587296616,15.335729690046108,22.672071234873105,33.75144916468219,50.30309611157428,74.98471440990754,111.75809821467509,160.47585018748177,214.2715897295191,273.4934246254375,338.5531055632938,410.04862428131514,488.77865910407894,575.4121313187776,670.3443009813485,774.9421928601487,890.030098908023,1017.041797088542,1155.394819502595,1306.9949114228318,1452.7490979232914,1452.749097936711,1452.7490979518116,1452.7490979152897,1452.7490978295727,1452.7490976660706,1452.7490972871738,1452.7490977083487,0.6774432150900251,0.7126599208954739,0.76122404338609,0.8281943615729304,0.9006997324082369,1.0251401013039156,1.200763675674361,1.440451752910925,1.7606882678286515,2.161425829469933,2.7718325211724038,3.629752473257433,4.8010187406402896,6.4124124930603354,8.666572521180255,11.242143089999821,11.24214308999981,11.242143089999804,11.242143089999793,11.242143089998889,11.242143089999333,11.24214308999955,11.24214308999969,11.242143089999791,11.242143089999853,11.242143089999884,11.242143089999857,11.242143089999729,11.242143089999397,11.242143089998452,7.093533896490749,4.882373762785281,1.4575875093270527,1.0255046572638989e-11,1.0773817083760866e-11,1.1318558872515731e-11,1.1890539691814174e-11,1.2491120675830111e-11,1.3121731807363079e-11,1.378387245491486e-11,1.4479120794789514e-11,1.5209131818643405e-11,1.5975644324376078e-11,1.6780482858908543e-11,1.7625561801651187e-11,1.851289492637031e-11,1.9444594836521264e-11,2.0422879340032585e-11,2.1450077860729643e-11,2.2528636144909054e-11,2.3661122644365626e-11,2.4850232669820928e-11,2.609879951611299e-11,2.740979351303373e-11,2.878633701876981e-11,3.023170701226667e-11,3.174934356850844e-11,3.3342862503608627e-11,3.501605910361518e-11,3.6772907515626554e-11,12.54290272,12.60607493,12.57049114,13.12850713,11.52575387,13.49430382,13.57884058,13.70528716,14.16257039,13.18893084,12.66420484,14.85125654,14.86836641,14.90373769,15.62602223,14.56041826,16.13309435,16.24467949,16.39332915,16.4264814,15.76944406,15.12436518,17.71452039,17.80170113,17.69302536,18.4869752,17.18228273,16.43861402,19.01408304,19.11109258,
4.694987686608065,6.898001985545816,10.184779098867693,15.0884711892301,22.30652864529766,33.20727338110382,49.49205755114475,73.77573326301473,109.95621852736262,157.88849249818412,210.8168814688244,269.08388067006814,333.0946021193712,403.43739611345876,480.8980638586258,566.1347416009887,659.5363166049166,762.4477730510907,875.6801128046582,1000.6439969774359,1136.7663488204194,1285.9221872092382,1429.3263739137865,1429.3263739269898,1429.326373941847,1429.3263739059137,1429.326373821579,1429.326373660713,1429.326373287925,1429.3263737023094,0.7604718951180283,0.8000048248265716,0.8545210550323389,0.929699377958543,1.0110911397138564,1.1507831479225556,1.3479314689241118,1.6169961554883778,1.9764814436436566,2.4263341341098603,3.1115533868704284,4.074621578106162,5.389440382404162,7.198329501651415,9.728763507482974,12.620000717999798,12.620000717999787,12.620000717999778,12.620000717999767,12.620000717998753,12.62000071799925,12.620000717999496,12.620000717999652,12.620000717999766,12.620000717999835,12.620000717999869,12.620000717999838,12.620000717999696,12.620000717999321,12.620000717998261,7.207095038282744,4.971648709636899,1.5583918161097259,1.0255049374561722e-11,1.0773817417027588e-11,1.1318559244806212e-11,1.1890539941959081e-11,1.2491120838184201e-11,1.3121731837097442e-11,1.3783872532118687e-11,1.4479120695174832e-11,1.52091314901588e-11,1.597564395801694e-11,1.6780482503099135e-11,1.7625561387726935e-11,1.851289447497825e-11,1.9444594385381188e-11,2.0422878901447954e-11,2.145007740895131e-11,2.2528635663985593e-11,2.3661122301468133e-11,2.485023203258124e-11,2.609879874589829e-11,2.7409792577104308e-11,2.8786335900849582e-11,3.02317058022892e-11,3.174934245343466e-11,3.334286149204845e-11,3.501605815838404e-11,3.677290655318608e-11,12.66255462,12.66965552,12.59769197,13.14103075,11.4661007,13.62958183,13.70837471,13.77441179,14.17608043,13.11482802,12.59865946,15.00013777,14.9433572,14.93598734,15.64092829,14.47860965,16.29482577,16.39964415,16.47601131,16.46202607,15.68084246,15.04608689,17.89210533,17.97151886,17.73131066,18.5046104,17.08574301,16.35353365,19.19546618,19.20748218,
4.292920590120059,6.307274210517163,9.312579886858279,13.796331953423175,20.3962528780739,30.36348488114509,45.253680539940625,67.45776251541432,100.53984079112259,144.3673137464937,192.76304680923582,246.04020476835305,304.56920685327214,368.88801850109513,439.7151468525045,517.6523669984376,603.0552628628326,697.1536375182517,800.6890406423321,914.9513278293441,1039.4164992011754,1175.7990016691597,1306.922409632374,1306.9224096444466,1306.9224096580313,1306.9224096251753,1306.922409548063,1306.922409400973,1306.9224090601097,1306.9224094390072,0.832976773071031,0.8762788496238476,0.9359927638504207,1.018338735132163,1.1074905466543823,1.2605010641613241,1.4764458917065424,1.77116373177463,2.164923050450857,2.6576655763317145,3.4082149729298035,4.463103969265939,5.903280170133004,7.88463231617125,10.65632284961251,13.82321627099978,13.823216270999767,13.823216270999758,13.823216270999746,13.823216270998635,13.82321627099918,13.823216270999447,13.82321627099962,13.823216270999744,13.82321627099982,13.823216270999858,13.823216270999824,13.823216270999668,13.823216270999259,13.823216270998097,7.507650736817747,5.464093799868274,2.2403160093010595,1.0255086910861582e-11,1.0773820014531607e-11,1.1318560758966259e-11,1.1890540796893564e-11,1.2491121365764135e-11,1.3121732056970273e-11,1.3783872666331475e-11,1.4479120826077888e-11,1.5209131535145167e-11,1.5975644144072217e-11,1.6780482795819003e-11,1.762556160999945e-11,1.8512894614110602e-11,1.9444594631044753e-11,2.042287918044489e-11,2.1450077714903617e-11,2.2528635802285464e-11,2.366112236050332e-11,2.4850231764251734e-11,2.6098797828057614e-11,2.740979155525495e-11,2.8786334729747627e-11,3.0231704652328884e-11,3.174934130612453e-11,3.334286044764568e-11,3.501605713719884e-11,3.677290729787085e-11,12.6335481,12.64764686,12.48888866,13.13101186,11.38106321,13.54454994,13.6769725,13.75048404,14.1652724,12.93917687,12.50522242,14.90655528,14.91739885,14.80698873,15.62900344,14.28469293,16.19316602,16.36207696,16.44739057,16.31984741,15.47082385,14.93449869,17.78048051,17.93035092,17.57816949,18.49050224,16.85690811,16.23224887,19.1514945,19.17411655,
3.6260628117000495,5.327508855063974,7.865973502150963,11.653224229050508,17.227920364850142,25.646853010634835,38.22402130523541,56.97894449307682,84.92208745392554,121.94144676376462,162.8194374509541,207.82057761488653,257.25774595069873,311.585340909167,371.4102574859186,437.2407916609158,509.37729132458975,588.8585232310693,676.3108455094326,772.8237489398285,877.954631235196,993.1516189232253,1103.9064543266652,1103.9064543368625,1103.906454348337,1103.9064543205848,1103.9064542554509,1103.9064541312098,1103.9064538432958,1103.9064541633359,0.8417216410050313,0.8854783171973148,0.9458191280080608,1.0290295947559864,1.1191173517247566,1.273734224668451,1.491946113023722,1.7897579992555308,2.187651134564976,2.6855666357959236,3.4439955502429864,4.509959123033371,5.965254773908438,7.967407815491431,10.768196480420201,13.968337004999777,13.968337004999766,13.968337004999755,13.968337004999743,13.96833700499862,13.968337004999173,13.96833700499944,13.968337004999615,13.968337004999741,13.96833700499982,13.968337004999857,13.968337004999821,13.968337004999665,13.96833700499925,13.968337004998077,7.982055687303758,6.1962324677480005,3.3951965498507373,0.1707337462037608,1.0773827564073053e-11,1.131856449727633e-11,1.18905426627248e-11,1.2491122493335964e-11,1.3121732597744528e-11,1.3783872874280284e-11,1.4479120714800904e-11,1.5209131175271624e-11,1.597564405723161e-11,1.6780482869968707e-11,1.7625561440131473e-11,1.8512894463491714e-11,1.9444594443780442e-11,2.0422878934935456e-11,2.1450077432643242e-11,2.2528635710491054e-11,2.3661121676952002e-11,2.4850231791391736e-11,2.609879839484428e-11,2.7409792125675258e-11,2.878633521653875e-11,3.0231705388553795e-11,3.174934181576609e-11,3.334286014860673e-11,3.50160568389269e-11,3.677290629687407e-11,12.44984014,12.40921964,12.20698918,12.85298757,11.30998709,13.3796396,13.47809181,13.49126667,13.8653496,12.89526409,12.42712579,14.72506198,14.63618338,14.47276505,15.29808892,14.23621376,15.99600772,16.12415142,16.13733245,15.95147545,15.4183192,14.84123093,17.56399601,17.66962067,17.18139465,18.0990009,16.79969939,16.13087651,18.87300726,18.81265553,
2.688702469332037,3.9503138687448907,5.832569229273226,8.640791510624233,12.774393172938767,19.016978083719366,28.34286823150826,42.2495242675188,62.96918671719039,90.41880575530863,120.72957537224434,154.09763405316798,190.75497935683708,231.0385448390412,275.3983392718578,324.2112608855289,377.70001572696975,436.63484272526756,501.480182441933,573.0438853481295,650.9977646682962,736.415596995145,818.5396017086974,818.5396017162587,818.539601724767,818.539601704189,818.5396016558925,818.5396015637685,818.5396013502822,818.5396015875898,0.8025927579540298,0.8443153295421071,0.9018510936314724,0.9811933782353449,1.0670932503559256,1.214522491136686,1.4225904232909536,1.7065580100538211,2.0859543963195684,2.5607234362171902,3.283895473746531,4.300305890309948,5.687949611433357,7.59702911373944,10.267618284225232,13.318994753999787,13.318994753999776,13.318994753999768,13.318994753999755,13.318994753998684,13.31899475399921,13.318994753999467,13.318994753999634,13.318994753999753,13.318994753999828,13.318994753999862,13.31899475399983,13.31899475399968,13.318994753999286,13.318994753998165,8.59838061272277,7.26734260172229,5.188196577105059,2.897874481150677,1.0773870316646966e-11,1.1318576878888965e-11,1.189054752572123e-11,1.2491125046617698e-11,1.312173412871541e-11,1.3783873667499502e-11,1.4479121184219019e-11,1.5209131335220954e-11,1.597564505397444e-11,1.678048418205036e-11,1.7625562347116365e-11,1.8512895208036864e-11,1.9444595349023133e-11,2.0422879855778198e-11,2.145007830931792e-11,2.2528636316773055e-11,2.3661122444420798e-11,2.4850232277002788e-11,2.6098799001457535e-11,2.74097930185141e-11,2.8786336158495095e-11,3.0231706849421636e-11,3.174934352834928e-11,3.3342862800988574e-11,3.501605863863556e-11,3.677290877247879e-11,12.08967584,12.0619718,11.9226169,12.51985937,11.30110258,12.98024738,13.08818099,13.11373985,13.50598266,12.84174538,12.41736372,14.28550789,14.22661829,14.13560958,14.90158774,14.17712976,15.51851495,15.65769213,15.68576063,15.57987215,15.35432916,14.82957247,17.03969763,17.15845215,16.78113933,17.62990471,16.72997626,16.11820496,18.32702569,18.28622001,
1.5650809836720214,2.2994590089562554,3.3951109469371348,5.0297638475827045,7.435913813804425,11.069692948632923,16.49824947082213,24.59324813902174,36.65406559947523,52.63235894194137,70.27611449653612,89.69950354729258,111.03757077528319,134.486443608865,160.3080700246912,188.72184069899305,219.85739176776983,254.1630756666474,291.9092410486125,333.5661338499449,378.9427181016663,428.6640340769696,476.46802858592827,476.4680285903296,476.46802859528225,476.46802858330386,476.46802855519076,476.46802850156587,476.46802837729643,476.4680285154321,0.7045226467770263,0.7411470696543377,0.7916524453867462,0.8612997675142878,0.9367033949011998,1.066118017569821,1.2487617915361238,1.4980309181789524,1.8310682444949382,2.2478244851681417,2.8826309581970055,3.774844536991861,4.992929820593911,6.668735801327028,9.013001348453333,11.691525176999814,11.691525176999804,11.691525176999795,11.691525176999786,11.691525176998846,11.691525176999308,11.691525176999534,11.69152517699968,11.691525176999784,11.69152517699985,11.69152517699988,11.691525176999852,11.69152517699972,11.691525176999374,11.69152517699839,9.550553299559791,8.705908171398695,7.4304624076858765,6.420903724913258,2.924677721305144,0.5932058138085727,1.189058862041297e-11,1.2491137119903065e-11,1.3121742532483577e-11,1.3783876920092797e-11,1.4479123563947977e-11,1.5209135771950768e-11,1.597565116382697e-11,1.6780489719000456e-11,1.762556615505135e-11,1.8512898540722036e-11,1.9444599006164116e-11,2.0422883470310045e-11,2.1450081842370204e-11,2.252863976111854e-11,2.3661125651266886e-11,2.4850235727473092e-11,2.6098802935033325e-11,2.7409797571519007e-11,2.8786340943243835e-11,3.02317310148572e-11,3.174935770228696e-11,3.334287342176494e-11,3.501607489724787e-11,3.67729271058251e-11,11.82015693,11.74651425,11.6172258,12.31196734,11.29729493,12.72901678,12.79640209,12.77077534,13.28171606,12.72098522,12.41317997,14.00901419,13.8545486,13.77353392,14.65414715,14.04381202,15.2181566,15.30863031,15.27552989,15.18080253,15.20994137,14.82457598,16.70989703,16.77593342,16.35129992,17.33716047,16.57265226,16.1127743,17.91845559,17.80797928,
0.42849981706800594,0.6295634379132019,0.9295393879713866,1.377087135470629,2.035861237974362,3.030745024042936,4.517016661721252,6.733327181545564,10.035429839115105,14.410088943490544,19.240731003812716,24.5586147056276,30.400713612437187,36.82072498850433,43.89036695017462,51.669705951268796,60.19423476253846,69.58670673582415,79.92113998875557,91.32628204288271,103.74982961255164,117.36291099432809,130.4510534712425,130.45105347244754,130.45105347380348,130.45105347052396,130.45105346282693,130.4510534481451,130.45105341412167,130.4510534519415,0.5538158755290206,0.5826058468866948,0.6223074505301308,0.6770562834580292,0.7363300713346639,0.8380611837231116,0.9816350234737671,1.1775821661888877,1.4393783757235197,1.766984909546784,2.265997828805342,2.9673550478523234,3.9248756767393416,5.242204453439702,7.0850003981741345,9.190552328999853,9.190552328999846,9.19055232899984,9.190552328999832,9.190552328999093,9.190552328999456,9.190552328999633,9.190552328999747,9.19055232899983,9.190552328999882,9.190552328999905,9.190552328999884,9.190552328999779,9.190552328999507,9.190552328998734,10.784662617411811,10.561244445209386,10.172945871508235,10.247805031081588,8.626640930701745,8.858922212245268,7.24017967481687,4.889111032278036,1.796099825174492,1.3785599632355641e-11,1.448012778367042e-11,1.5210102996888518e-11,1.5976018790667505e-11,1.6780742960807176e-11,1.7625701691474115e-11,1.8512979361130677e-11,1.9444753971856957e-11,2.0423043475451882e-11,2.1450253672024395e-11,2.2528810492219003e-11,2.3661323917761756e-11,2.4850392325784164e-11,2.6099117478945885e-11,2.741013103214122e-11,2.8786689764575758e-11,3.0232292320342003e-11,3.174993141008892e-11,3.334340986759098e-11,3.501685506697321e-11,3.677366265051227e-11,11.76697831,11.77341373,11.72479271,12.30194845,11.39883224,12.72772842,12.73883136,12.80002038,13.27090804,12.92270958,12.52474658,14.00759628,13.88627547,13.90106664,14.6422223,14.26651324,15.2166163,15.23975713,15.3105108,15.32136551,15.45113461,14.95781562,16.70820574,16.70045887,16.50270085,17.32305231,16.83545484,16.25759196,17.83784086,17.8487595,
0.04596712164000063,0.06753612948698244,0.09971591215235266,0.1477263918061654,0.21839608195976792,0.3251217844928463,0.48456089377115735,0.722314589802744,1.0765461401610925,1.545835692162109,2.064040606940151,2.6345141456719214,3.2612226304496663,3.9499264107059613,4.708319014527715,5.542844043240493,6.457308967572382,7.464882097125899,8.573503691572398,9.796985082324882,11.129715458367663,12.590052529344835,13.994077019704187,13.994077019833458,13.994077019978919,13.994077019627108,13.994077018801415,13.994077017226427,13.994077013576579,13.994077017633684,0.43455195472801617,0.4571420228045051,0.4882939096163666,0.5312526137979139,0.5777618265598649,0.6575852041451088,0.7702405025362163,0.9239905441161698,1.1294090949747724,1.3864657557622246,1.7780165383958964,2.3283368956957666,3.079656024237883,4.1132988290559815,5.559249758476831,7.211372327999885,7.211372327999879,7.211372327999873,7.211372327999867,7.211372327999287,7.211372327999572,7.211372327999712,7.211372327999801,7.211372327999865,7.211372327999906,7.211372327999925,7.211372327999907,7.211372327999826,7.211372327999613,7.2113723279990065,11.810993803640821,11.814847377717795,11.714182258241033,12.181522734406169,11.373088661491131,12.331226151373354,12.051886663704508,11.769190316093567,11.667500394877248,10.421302342089442,9.529201084678423,9.689897198647511,8.213103285328419,6.522413590254826,5.039463787013074,1.987998808778136,2.2487711644471764,1.2428427448946455,0.2618240604491784,2.2575726844357208e-11,2.3715680989859025e-11,2.4875657215513772e-11,2.6182229614626222e-11,2.744326987615755e-11,2.884341783766804e-11,3.028954347919227e-11,3.1788635598648725e-11,3.3401550438843845e-11,3.509843759051468e-11,3.682393806774667e-11,12.29151288,12.33952553,12.30219208,12.86050174,12.16924657,13.31393314,13.30668806,13.41549545,13.87345563,13.35360379,13.37125823,14.65274824,14.55398194,14.58563883,15.30703256,14.74221518,15.91745246,15.91909717,16.04670008,16.07588177,15.96633651,15.96877143,17.47774047,17.44491236,17.31539317,18.10958202,17.39681545,17.35639591,18.63299523,18.7069977,
0.0027082667040000375,0.0039790581676853315,0.0058750096831428605,0.008703665880235354,0.012867345527699971,0.019155354354857518,0.028549103964755157,0.04255695122041124,0.06342737945507793,0.09107673453484989,0.12160805923979456,0.15521891924882925,0.19214300024155545,0.23271968745714106,0.2774022641382752,0.32657037099991376,0.3804483346005064,0.4398119984815253,0.5051291826874242,0.577213615980615,0.655734723547751,0.7417740952734495,0.8244956719825716,0.8244956719901878,0.8244956719987581,0.8244956719780303,0.8244956719293824,0.8244956718365881,0.8244956716215484,0.8244956718605827,0.3708503995650138,0.39012895919687707,0.41671424904700255,0.4533755790380121,0.4930669437840738,0.5611889051514889,0.6573299119215699,0.7885415282373925,0.963847497604529,1.1832218769547296,1.5173747040443584,1.9870228604337474,2.628205108008892,3.51032482465869,4.744311863706184,6.154247564999903,6.1542475649998964,6.154247564999893,6.154247564999887,6.154247564999393,6.154247564999635,6.154247564999754,6.154247564999831,6.154247564999886,6.15424756499992,6.154247564999936,6.154247564999921,6.154247564999853,6.15424756499967,6.154247564999153,11.729411833739823,11.753453032644721,11.752253491279609,12.215577695092003,11.613812850698997,12.500395350504968,12.416694654125562,12.375693760554684,12.64893423295351,11.843273948524198,11.677886746730321,12.253863590332628,11.507219331765521,10.69160730790094,10.067689962173159,8.000821664018693,9.103962390419037,9.080850866539002,9.137686792334135,9.178006939042515,8.87414171147627,9.007795439751641,10.192874623043688,10.198577543037326,10.157405163030095,10.873364933052255,10.110575313102437,10.307054063196889,11.368436133413784,11.437232003177026,12.1029705,12.14756105,12.17484275,12.67765694,12.11974714,13.08073961,13.10257367,13.20679224,13.67620911,13.11757256,13.31686951,14.39610537,14.32756744,14.43465182,15.08940409,14.4816396,15.63865829,15.67491043,15.79706354,15.90946812,15.684124,15.9038171,17.17161786,17.17732078,17.1361484,17.85210817,17.08931855,17.2857973,18.34717937,18.41597524,
8.770560000000122e-07,1.2885942271354035e-06,1.9025868039688254e-06,2.818630222415384e-06,4.167013013332245e-06,6.2033471239152796e-06,9.245456841429417e-06,1.3781814528990716e-05,2.0540578087523848e-05,2.949465662529421e-05,3.9382043816840154e-05,5.026672012753925e-05,6.222436326930439e-05,7.536488112524176e-05,8.983506676676961e-05,0.00010575786457244735,0.0001232059213586897,0.00014243048942354559,0.00016358306949487998,0.00018692718277331608,0.00021235577457953943,0.00024021911133909892,0.0002670079999943559,0.0002670079999968224,0.0002670079999995978,0.00026700799999288525,0.0002670079999771309,0.00026700799994708004,0.0002670079998774407,0.00026700799995485057,0.36042468606601336,0.37916126774765474,0.4049991656154866,0.4406298360105327,0.479205357824479,0.5454122071870542,0.6388504028147823,0.7663732682999356,0.9367508627389876,1.1499579724009017,1.4747167644720869,1.9311617070329545,2.55431840462432,3.4116390986806477,4.610935072690382,5.981233265999904,5.981233265999899,5.981233265999895,5.981233265999889,5.981233265999409,5.981233265999645,5.9812332659997605,5.981233265999835,5.981233265999888,5.981233265999922,5.981233265999938,5.981233265999923,5.9812332659998555,5.981233265999679,5.981233265999176,11.204715706886823,11.282985133667399,11.160295881807466,11.724808375369491,11.164581475173275,11.952981569477133,11.881464641740259,11.91266522989802,12.18687724669604,11.555902732956252,11.319144883498572,11.82399517626212,11.200660961028378,10.300251936455,9.868721342260477,8.045808276154034,8.961086558098183,8.9969763935311,9.18442017095206,9.131524336840343,9.210447268249432,9.297782784913743,10.425656716026266,10.432498386027524,10.296709546028865,11.149328406030302,10.57148648603185,10.625464276033538,11.550371046035458,11.698577416037638,11.56514127,11.66214769,11.56529695,12.16544103,11.643791,12.49839998,12.52032429,12.67905228,13.12364865,12.7058902,12.79390103,13.75520715,13.75504159,13.7119664,14.47974625,14.0271473,14.94244303,14.97835209,15.16581702,15.11294453,15.19189289,15.27925627,16.40715699,16.41399866,16.27820982,17.13082868,16.55298676,16.60696455,17.53187132,17.68007769,
0.0,0.0,0.0,0.0,0.0,0.0,0.0,0.0,0.0,0.0,0.0,0.0,0.0,0.0,0.0,0.0,0.0,0.0,0.0,0.0,0.0,0.0,0.0,0.0,0.0,0.0,0.0,0.0,0.0,0.0,0.3649528532190136,0.38392483046874537,0.41008734073120734,0.4461656542471596,0.4852258165908497,0.5522644504903262,0.6468765495287647,0.7760015384895573,0.9485196584158253,1.164405378805808,1.4932442523801661,1.9554237050230612,2.5864093826990167,3.4545009577645938,4.6688641922761285,6.0563780189999035,6.056378018999898,6.056378018999895,6.056378018999889,6.0563780189994025,6.0563780189996415,6.056378018999759,6.056378018999833,6.0563780189998875,6.056378018999922,6.056378018999938,6.056378018999923,6.056378018999855,6.056378018999675,6.056378018999166,10.565670796789822,10.619185579540542,10.538245409278549,11.19954528576309,10.701647283419922,11.273610549520988,11.186524320483121,11.18654736152293,11.614462511597294,10.945917651207973,10.798607027634308,11.05963107499214,10.39132381731695,9.525984662252176,9.192280587741488,7.313270421018603,8.08202880101954,8.100191771020523,8.252406561021553,8.25034892102312,8.423420531024014,8.623299851025084,9.467928131026255,9.457072061027514,9.353451781028857,10.342590061030286,9.72071542103182,9.89890708103348,10.513613021035333,10.6245843510376,10.93062365,11.00311041,10.94833275,11.64571094,11.1868731,11.825875,11.83340087,11.9625489,12.56298217,12.11032303,12.29185128,13.01505478,12.9777332,12.98048562,13.86114478,13.36964844,14.13840682,14.15656979,14.30878458,14.30672694,14.47979855,14.67967787,15.52430615,15.51345008,15.4098298,16.39896808,15.77709344,15.9552851,16.56999104,16.68096237,
0.0,0.0,0.0,0.0,0.0,0.0,0.0,0.0,0.0,0.0,0.0,0.0,0.0,0.0,0.0,0.0,0.0,0.0,0.0,0.0,0.0,0.0,0.0,0.0,0.0,0.0,0.0,0.0,0.0,0.0,0.3709535741430138,0.3902374972779413,0.4168301834422261,0.45350171301035674,0.49320412032186456,0.5613450339531167,0.657512788187441,0.7887609089890562,0.964115650366231,1.1835510620330747,1.5177968540405327,1.9875756716086632,2.6289363029954265,3.5113014348574434,4.7456317823984975,6.155959742999902,6.155959742999896,6.155959742999892,6.155959742999887,6.155959742999392,6.155959742999634,6.1559597429997535,6.15595974299983,6.155959742999885,6.1559597429999195,6.1559597429999355,6.15595974299992,6.155959742999852,6.155959742999669,6.155959742999152,9.958993385865822,10.074883292731345,9.99119523656753,10.693769296999893,10.151713589688905,10.624214046058198,10.525600571824446,10.58888728102343,11.061167099646884,10.3819789679807,10.17856764597394,10.32277465840654,9.714259437020546,8.828588785159333,8.522251827619122,6.612243887018608,7.2169183470195435,7.222656137020526,7.453206527021559,7.444720937023134,7.6724529670240225,7.812551517025094,8.527777707026269,8.504971027027523,8.493384957028864,9.541127567030296,8.911387967031828,9.026361127033491,9.503451287035343,9.70939829703762,10.32994696,10.46512079,10.40802542,11.14727101,10.64491771,11.18555908,11.18311336,11.37764819,12.02528275,11.56553003,11.6963645,12.31035033,12.34319574,12.33989022,13.26788361,12.76820363,13.37287809,13.37861588,13.60916627,13.60068068,13.82841271,13.96851126,14.68373745,14.66093077,14.6493447,15.69708731,15.06734771,15.18232087,15.65941103,15.86535804,
0.0,0.0,0.0,0.0,0.0,0.0,0.0,0.0,0.0,0.0,0.0,0.0,0.0,0.0,0.0,0.0,0.0,0.0,0.0,0.0,0.0,0.0,0.0,0.0,0.0,0.0,0.0,0.0,0.0,0.0,0.38408909193601426,0.4040558614784549,0.4315901983683908,0.46956027191268224,0.5106685470039252,0.5812223398896836,0.6807954077128476,0.8166910427757025,0.9982551199997369,1.2254607701958173,1.571542252311647,2.0579560033244726,2.7220273041117764,3.6356371083462675,4.913675265631501,6.373943135999898,6.373943135999893,6.373943135999888,6.373943135999882,6.373943135999371,6.373943135999622,6.3739431359997445,6.373943135999824,6.373943135999881,6.373943135999917,6.373943135999934,6.373943135999919,6.373943135999847,6.3739431359996574,6.373943135999122,9.579650553072826,9.694253828530833,9.645079691641367,10.264431398097571,9.757291903006845,10.179177270121631,10.105865002299039,10.162161207236787,10.581196450013381,9.946226459817963,9.710631207702827,9.784481906690731,9.188529255904195,8.31139369167051,7.862308374386121,5.959462864018612,6.490636204019548,6.53038695402053,6.758210644021562,6.793738914023153,6.983568474024033,7.099915944025101,7.751670224026267,7.767242454027523,7.809017104028863,8.741182724030292,8.180313834031827,8.270742194033488,8.730325564035354,8.935321034037644,9.963739645,10.09830969,10.07666989,10.73399167,10.26796045,10.76039961,10.78666041,10.97885225,11.57945157,11.17168723,11.28217346,11.84243791,11.91055656,11.9470308,12.77598364,12.333406,12.86457934,12.90433009,13.13215378,13.16768205,13.35751161,13.47385908,14.12561336,14.14118559,14.18296024,15.11512586,14.55425697,14.64468533,15.1042687,15.30926417,
