RE_PV_MY_y1,RE_PV_MY_y2,RE_PV_MY_y3,RE_PV_MY_y4,RE_PV_MY_y5,RE_PV_MY_y6,RE_PV_MY_y7,RE_PV_MY_y8,RE_PV_MY_y9,RE_PV_MY_y10,RE_PV_MY_y11,RE_PV_MY_y12,RE_PV_MY_y13,RE_PV_MY_y14,RE_PV_MY_y15,RE_PV_MY_y16,RE_PV_MY_y17,RE_PV_MY_y18,RE_PV_MY_y19,RE_PV_MY_y20,RE_PV_MY_y21,RE_PV_MY_y22,RE_PV_MY_y23,RE_PV_MY_y24,RE_PV_MY_y25,RE_PV_MY_y26,RE_PV_MY_y27,RE_PV_MY_y28,RE_PV_MY_y29,RE_PV_MY_y30,RE_WIND_MY_y1,RE_WIND_MY_y2,RE_WIND_MY_y3,RE_WIND_MY_y4,RE_WIND_MY_y5,RE_WIND_MY_y6,RE_WIND_MY_y7,RE_WIND_MY_y8,RE_WIND_MY_y9,RE_WIND_MY_y10,RE_WIND_MY_y11,RE_WIND_MY_y12,RE_WIND_MY_y13,RE_WIND_MY_y14,RE_WIND_MY_y15,RE_WIND_MY_y16,RE_WIND_MY_y17,RE_WIND_MY_y18,RE_WIND_MY_y19,RE_WIND_MY_y20,RE_WIND_MY_y21,RE_WIND_MY_y22,RE_WIND_MY_y23,RE_WIND_MY_y24,RE_WIND_MY_y25,RE_WIND_MY_y26,RE_WIND_MY_y27,RE_WIND_MY_y28,RE_WIND_MY_y29,RE_WIND_MY_y30,PP_CO2_MY_y1,PP_CO2_MY_y2,PP_CO2_MY_y3,PP_CO2_MY_y4,PP_CO2_MY_y5,PP_CO2_MY_y6,PP_CO2_MY_y7,PP_CO2_MY_y8,PP_CO2_MY_y9,PP_CO2_MY_y10,PP_CO2_MY_y11,PP_CO2_MY_y12,PP_CO2_MY_y13,PP_CO2_MY_y14,PP_CO2_MY_y15,PP_CO2_MY_y16,PP_CO2_MY_y17,PP_CO2_MY_y18,PP_CO2_MY_y19,PP_CO2_MY_y20,PP_CO2_MY_y21,PP_CO2_MY_y22,PP_CO2_MY_y23,PP_CO2_MY_y24,PP_CO2_MY_y25,PP_CO2_MY_y26,PP_CO2_MY_y27,PP_CO2_MY_y28,PP_CO2_MY_y29,PP_CO2_MY_y30,EL_Demand_MY_y1,EL_Demand_MY_y2,EL_Demand_MY_y3,EL_Demand_MY_y4,EL_Demand_MY_y5,EL_Demand_MY_y6,EL_Demand_MY_y7,EL_Demand_MY_y8,EL_Demand_MY_y9,EL_Demand_MY_y10,EL_Demand_MY_y11,EL_Demand_MY_y12,EL_Demand_MY_y13,EL_Demand_MY_y14,EL_Demand_MY_y15,EL_Demand_MY_y16,EL_Demand_MY_y17,EL_Demand_MY_y18,EL_Demand_MY_y19,EL_Demand_MY_y20,EL_Demand_MY_y21,EL_Demand_MY_y22,EL_Demand_MY_y23,EL_Demand_MY_y24,EL_Demand_MY_y25,EL_Demand_MY_y26,EL_Demand_MY_y27,EL_Demand_MY_y28,EL_Demand_MY_y29,EL_Demand_MY_y30
0.0,0.0,0.0,0.0,0.0,0.0,0.0,0.0,0.0,0.0,0.0,0.0,0.0,0.0,0.0,0.0,0.0,0.0,0.0,0.0,0.0,0.0,0.0,0.0,0.0,0.0,0.0,0.0,0.0,0.0,0.680519152956128,0.7110342877579843,0.7473321641606593,0.7905086351118248,0.8219298652618473,0.8800932488747496,0.9527615347882753,1.0366911577483797,1.1257081747971398,1.1879218315188815,1.3085864849749782,1.4636522070863893,1.6328292683969299,1.8233081997753013,2.0717599008967165,2.3772179540615888,2.67122892516174,3.0660605917135753,3.550300902628804,4.2182358260281445,5.0176085946977205,5.968465739690257,7.099514163678338,8.444900843625081,10.045243746891316,11.293188155997935,11.293188155999317,11.293188155999644,11.293188155999326,11.293188155997651,8.92184759606299,8.95810640826207,9.153768754860383,8.592184815910281,9.220110064761347,9.111154234149595,9.442679635237267,9.475569842278457,8.996010545231123,9.388198238510908,9.725351265056375,9.532289602946657,9.771539451637713,9.915565750261104,9.095859919141724,9.298689185978791,9.273791764880661,9.370244918330771,9.02374826741774,8.720021584020861,7.627808675353982,7.208935130363544,6.016401976377753,5.183400896434036,3.890602333171284,1.9191001440683055,2.4851754940699395,3.029277894072789,3.26326681407652,3.3654461840821,9.602366749,9.669140696,9.901100919,9.382693451,10.04203993,9.991247483,10.39544117,10.512261,10.12171872,10.57612007,11.03393775,10.99594181,11.40436872,11.73887395,11.16761982,11.67590714,11.94502069,12.43630551,12.57404917,12.93825741,12.64541727,13.17740087,13.11591614,13.62830174,13.93584608,13.2122883,13.77836365,14.32246605,14.55645497,14.65863434
0.0,0.0,0.0,0.0,0.0,0.0,0.0,0.0,0.0,0.0,0.0,0.0,0.0,0.0,0.0,0.0,0.0,0.0,0.0,0.0,0.0,0.0,0.0,0.0,0.0,0.0,0.0,0.0,0.0,0.0,0.6868486433971293,0.7176475986516432,0.7542830806319443,0.7978611347846617,0.8295746129559415,0.888278972644234,0.9616231443415112,1.0463333944800504,1.1361783564235999,1.1989706607025918,1.3207576128732792,1.4772655971187798,1.6480161697518896,1.8402667405766076,2.0910292843252543,2.399328394673066,2.6960739539520278,3.0945779392745965,3.5833221563705275,4.2574695246283305,5.064277238039891,6.023978279907105,7.165546555036545,8.523446640510793,10.138674290318761,11.398225796997917,11.398225796999311,11.398225796999641,11.398225796999322,11.398225796997629,8.681048734621994,8.931929838368411,9.0676881603891,8.432044195237447,9.202311587067253,9.092661614380111,9.179983465684039,9.444658485546784,8.820717929604669,9.323630699327202,9.702023477158079,9.50733288291427,9.733278460282754,9.804790029459813,8.894736605713218,9.21749474536733,9.236624336090383,9.038059440769805,8.965286343676036,8.57738522542072,7.517149992011862,7.140098630146717,5.936839305019543,4.772080959548319,3.6857963997439067,1.5989131130685241,2.310414713070032,2.9097584830728427,2.8027915130767154,3.230750203082182,9.367897378,9.649577437,9.821971241,9.22990533,10.0318862,9.980940587,10.14160661,10.49099188,9.956896286,10.52260136,11.02278109,10.98459848,11.38129463,11.64505677,10.98576589,11.61682314,11.93269829,12.13263738,12.5486085,12.83485475,12.58142723,13.16407691,13.10238586,13.2955276,13.82447069,12.99713891,13.70864051,14.30798428,14.20101731,14.628976
0.0,0.0,0.0,0.0,0.0,0.0,0.0,0.0,0.0,0.0,0.0,0.0,0.0,0.0,0.0,0.0,0.0,0.0,0.0,0.0,0.0,0.0,0.0,0.0,0.0,0.0,0.0,0.0,0.0,0.0,0.6803000985571279,0.7108054107485766,0.7470916031163999,0.7902541758608007,0.8216652917346027,0.8798099529574213,0.9524548474533387,1.0363574540494864,1.1253458171373907,1.1875394477142054,1.3081652600546205,1.4631810675847667,1.6323036719717527,1.8227212895022273,2.0710930157429455,2.3764527440774805,2.6703690750836766,3.065073648058429,3.549158085373601,4.216878005150221,5.015993461265613,5.966544531933089,7.097228879272217,8.442182488570886,10.042010252547733,11.289552956997937,11.289552956999318,11.289552956999644,11.289552956999326,11.289552956997651,8.842298719461994,9.028029394271478,9.046442409904646,8.280601225161313,9.267335648288592,9.19002761706692,9.356630232572206,9.551674775977347,8.65997301589089,9.469544822315582,9.77737204997673,9.619253642448271,9.85426649806288,9.78861994053419,8.725365924295543,9.388837885962886,9.368609864958707,9.267922081985931,9.115523454672928,8.580816414898814,7.726229258786062,7.272479678120703,6.121855650783877,5.072907431488232,3.7424349075149093,1.4836189730685816,2.594289273069894,3.0998912530727614,3.1459799230765593,3.4747392230820555,9.522598818,9.738834805,9.793534013,9.070855401,10.08900094,10.06983757,10.30908508,10.58803223,9.785318833,10.65708427,11.08553731,11.08243471,11.48657017,11.61134123,10.79645894,11.76529063,12.03897894,12.33299573,12.66468154,12.79769442,12.74222272,13.23902421,13.21908453,13.51508992,13.78444516,12.77317193,13.88384223,14.38944421,14.43553288,14.76429218
0.0,0.0,0.0,0.0,0.0,0.0,0.0,0.0,0.0,0.0,0.0,0.0,0.0,0.0,0.0,0.0,0.0,0.0,0.0,0.0,0.0,0.0,0.0,0.0,0.0,0.0,0.0,0.0,0.0,0.0,0.6637284787891249,0.6934907035760397,0.728892990467407,0.7710041540686281,0.8016501178134604,0.8583784170228564,0.9292537342803958,1.0111125338904727,1.0979332046320178,1.1586118432220658,1.2762992977692784,1.4275390320254857,1.5925419317409306,1.7783211134376655,2.020642683553001,2.31856406913093,2.605320810286454,2.9904106645247217,3.462703154068889,4.114157898159767,4.893807478086745,5.821203810210777,6.924345502298969,8.236537011656491,9.797394125099625,11.014547588997987,11.014547588999335,11.014547588999653,11.014547588999344,11.01454758899771,9.099382735229991,9.271544282444008,8.99540255455364,8.318636671953486,9.523425072209728,9.474285003001476,9.640208035745141,9.822843856136348,8.707650682396258,9.788022356807696,10.068630382262041,9.944150628007511,10.160822398293659,9.750930086598736,8.798175336485448,9.76638614090936,9.747879179755847,9.654079695519558,9.496136085977549,8.593059201889226,8.19461779196476,7.727602569842918,6.639761197757136,5.619903698402606,3.8895975649629513,1.7850771410683115,3.246514671069613,3.711597671072529,3.785583721076309,4.0926691410817675,9.763111214,9.965034986,9.724295545,9.089640826,10.32507519,10.33266342,10.56946177,10.83395639,9.805583887,10.9466342,11.34492968,11.37168966,11.75336433,11.5292512,10.81881802,12.08495021,12.35319999,12.64449036,12.95883924,12.7072171,13.08842527,13.54880638,13.5641067,13.85644071,13.68699169,12.79962473,14.26106226,14.72614526,14.80013131,15.10721673
0.0062402397360004636,0.00868558240791171,0.011732412653493505,0.015528680003678765,0.020128492863058952,0.026002875455628446,0.03334602520290727,0.042478996498831925,0.05378869358530385,0.06760008634868157,0.08513566560456179,0.10706901816004344,0.1343042382780337,0.16818183331637934,0.21055534653733385,0.26343219875641705,0.32887754623126036,0.4107588484514454,0.5129111729063704,0.6408271331263146,0.7984531221906136,0.9948508035643485,1.2130967962116763,1.4527226337459471,1.715756904162235,1.8997577419502203,1.899757743142019,1.8997577441390452,1.8997577426352845,1.8997577392668883,0.5815777295881094,0.6076562355920143,0.6386767240756036,0.6755757207288611,0.702428583888017,0.7521355295923574,0.8142384939998447,0.8859654973535188,0.9620402330094328,1.0152085781888918,1.118329665808092,1.250850213114876,1.395430436592753,1.5582154279691005,1.7705444647387847,2.0315916377277325,2.282856032423534,2.6202826914752735,3.0341187743742872,3.604941909293812,4.288092997515108,5.100703983032868,6.067308040567166,7.217087480782209,8.584754780374029,9.651259187998235,9.651259187999417,9.651259187999695,9.651259187999425,9.651259187997992,9.206716974695004,9.600570122020118,9.03555797029195,8.133035756289582,9.796708213272103,9.843118104976336,9.75589631082278,10.179351776174453,8.503342204433531,10.168470495492132,10.354835488618585,10.331383708757963,10.520708555163694,9.757411238750816,8.521709748762207,10.12625067355594,10.086493441387285,9.654146610117389,9.739357872765567,8.411362397628613,8.366130180345403,7.708072413456245,6.662549723277176,5.231229195530796,3.332532545525963,0.8747416601173488,3.1069308489269925,3.4520920879329764,3.2967503594405203,3.9380509228140776,9.794534944,10.21691194,9.685967107,8.824140157,10.51926529,10.62125651,10.60348083,11.10779627,9.519171131,11.25127916,11.55830082,11.68930294,12.05044323,11.4838085,10.50280956,12.42127451,12.69822702,12.68518815,13.28638782,12.65713144,13.4526763,13.8036272,13.94295456,13.90103931,13.63304423,12.42575859,14.65794778,15.00310902,14.84776729,15.48906785
0.13373177902800992,0.1861368210909282,0.2514320735773579,0.3327881765291991,0.4313647028975739,0.557255961572036,0.7146237103954293,0.9103483220909667,1.1527213679398705,1.4487071318273472,1.824504266134008,2.2945481076183847,2.8782138949415934,3.6042294400706614,4.5123171973428,5.645497301925026,7.048027191349843,8.802788655378741,10.991969305345137,13.733278878373373,17.111290754585173,21.320201379534897,25.997333364397946,31.132647216149707,36.76961669428871,40.712856124349884,40.71285614989079,40.712856171257606,40.71285613903119,40.7128560668446,0.5351744774731007,0.5591722169219674,0.5877176251633092,0.6216725038468077,0.6463828156051961,0.6921237154724321,0.7492715735065529,0.8152755822358767,0.8852804239487675,0.9342065431962818,1.0290997472777876,1.1510466703650701,1.2840910453749532,1.4338876559879485,1.6292752637391275,1.8694938575617175,2.100710226926749,2.4112140972716505,2.7920307932305026,3.3173087697040358,3.94595221334646,4.6937261349362185,5.583206242402964,6.641246431737924,7.899789520955733,8.881199072998376,8.881199072999463,8.881199072999719,8.88119907299947,8.881199072998152,9.954731723517988,10.159985082007136,9.273375831280372,8.068804977646115,10.083741251520397,10.14360568297984,10.03716548612354,10.130579415699954,7.6959789061396355,9.676635205006042,9.410355616619407,9.093040092049362,8.700057809717881,6.951424613977651,4.598223448956381,5.79860323055326,4.472128851765406,2.5449809373936385,0.39758115147061934,2.034741506519398e-10,3.1216715825879126e-10,2.393976936398271e-10,2.3560444060016443e-10,2.096347035178654e-10,1.089773370130239e-10,8.033129829641458e-11,1.0469199387515365e-10,2.1951005441226771e-10,1.9354095391807136e-10,1.876638511074139e-10,10.62363798,10.90529412,10.11252553,9.023265658,11.16148877,11.39298536,11.50106077,11.85620332,9.733980698,12.05954888,12.26395963,12.53863487,12.86236275,11.98954171,10.73981591,13.31359439,13.62086627,13.75898369,14.18158125,13.21453638,14.41909005,14.64636795,14.95603435,15.07775611,14.23342721,12.70615819,15.71094586,15.91908069,16.10462419,16.53267068
1.0392318905040772,1.4464723484627307,1.9538828471161653,2.586102483235549,3.3521423176093545,4.330445393371152,5.553352800292376,7.074332029828589,8.95781702102153,11.25792734036941,14.178253153501139,17.830971703691777,22.366648294484794,28.008527232936668,35.06529237576688,43.87125391255269,54.770337130238325,68.4066178026468,85.41877723143159,106.7215397516129,132.9721265139825,165.6796413434462,202.02571218834436,241.93232198054622,285.7373060318928,316.38028556448677,316.38028576296557,316.38028592900747,316.3802856785755,316.38028511761223,0.5324708866921002,0.556347394524233,0.5847485972666026,0.6185319429251852,0.6431174232988988,0.6886272495996605,0.7454864084737158,0.8111569786011985,0.8808081703314257,0.9294871249428903,1.0239009481821972,1.1452318206338312,1.2776040829760122,1.4266439520915604,1.6210445020564037,1.8600495612225016,2.090097873307254,2.39903314231434,2.777926031081738,3.3005504118506295,3.926018078825241,4.670014401209917,5.555001039126723,6.60769622823798,7.8598814180477925,8.836333091998386,8.836333091999466,8.836333091999721,8.836333091999473,8.836333091998162,9.472529742822934,9.462472657033077,8.193331085638299,6.206863342861459,7.744991699114988,6.907294597053626,5.657553661259619,4.579542781597226,0.31416660867634016,0.6913823247178984,3.766792283115407e-11,3.7445479777770244e-11,3.94818329558448e-11,3.8830186701580145e-11,3.860223351917156e-11,4.340673289432179e-11,4.495335379428358e-11,4.641483315917252e-11,4.892136253788598e-11,4.951690946855038e-11,5.284965621639948e-11,5.503138041851599e-11,5.7622445712585544e-11,6.009101578796826e-11,6.26975534897382e-11,6.53399490505183e-11,7.072017942695631e-11,7.488145518033402e-11,7.95150076333894e-11,8.681662361538647e-11,11.04423252,11.4652924,10.73196253,9.411497769,11.74025144,11.92636724,11.95639287,12.46503179,10.1527918,12.87879679,12.89988931,13.12565226,13.52285856,12.72395428,11.20190376,14.21803406,14.25855016,14.30370796,14.90982031,14.0239853,15.39862996,15.40583393,15.65622639,15.67469116,15.10528771,13.25284924,16.77824612,16.74454132,16.74221341,17.38164065
2.356062591348175,3.279325260101043,4.429685353222137,5.863002640525678,7.599706271103492,9.817635975594394,12.590112860163586,16.038354102250242,20.308439123373855,25.523063432834636,32.143790207809516,40.424938632395836,50.707858199883,63.49867036919976,79.4971982443283,99.46136288097013,124.17088390685427,155.08595788692833,193.65455147461105,241.95045378937576,301.4636635329291,375.61549898929377,458.0163747155176,548.4894167170772,647.8005379221055,717.2718257298474,717.2718261798225,717.2718265562593,717.2718259885,717.2718247167296,0.542673826470102,0.5670078439569574,0.5959532562860771,0.630383941451605,0.6554405164559087,0.7018223791978336,0.7597710447253396,0.8266999613445155,0.8976857742389238,0.947297490537027,1.043520424052214,1.1671761777617264,1.302084890931004,1.4539805871858613,1.6521061428809216,1.8956908969866972,2.1301472793207235,2.4450022108366114,2.8311552548970487,3.363793901641357,4.001246466004207,4.759498872359039,5.6614431798812115,6.734309585649625,8.010488519346364,9.005650469998354,9.005650469999456,9.005650469999715,9.005650469999463,9.005650469998127,8.58784553220086,8.02978773596207,6.084662700512928,3.30133385004512,3.870946432464088,1.7058088752327514,2.6171533221092215e-11,2.7263931152265994e-11,2.8392776640944518e-11,2.9922318157985324e-11,3.134803015461177e-11,3.2862068837432264e-11,3.450039847012036e-11,3.6141649356882396e-11,3.7828198811619575e-11,3.978617067106689e-11,4.1751175319085216e-11,4.385087657694235e-11,4.6048252955799176e-11,4.821654685990383e-11,5.070926484979615e-11,5.3267518473895084e-11,5.5940333837656785e-11,5.873702575782487e-11,6.161658633079375e-11,6.458465562554331e-11,6.818095002522473e-11,7.151518217445649e-11,7.504895382141944e-11,7.883019343185459e-11,11.48658195,11.87612084,11.11030131,9.794720432,12.12609322,12.22526723,12.43527663,12.91168324,10.56619889,13.32204147,13.32384242,13.45460887,14.00741444,13.17251764,11.65802918,14.70737077,14.61589959,14.87660762,15.4440743,14.51837926,15.92859879,15.91214458,16.04860454,16.30250217,15.63780131,13.79248622,17.35569668,17.29484841,17.41278138,18.00446578
3.4977543564122597,4.868408104577444,6.576205275133389,8.704073950692736,11.282342758982153,14.575028324546901,18.69098141368158,23.81015815828898,30.149424585136927,37.89093152236681,47.71990465950766,60.01390019449847,75.27967744756972,94.26861227110437,118.01964536203482,147.6579682514059,184.34113411063348,230.23691595008614,287.49493054502835,359.1938757847074,447.54576822126467,557.6298154175881,679.9601911478279,814.2743124962533,961.7092355372008,1064.8446532750015,1064.844653943024,1064.844654501873,1064.844653658991,1064.844651770951,0.5918419649641112,0.6183807291764386,0.649948696662533,0.6874989218060141,0.7148257097631163,0.7654099307903837,0.8286089472160205,0.9016018567551994,0.9790192314999457,1.0331259420632737,1.1380670084431845,1.272926404059509,1.4200583164501352,1.5857162917496301,1.8017927127461957,2.067447093837311,2.323146040885371,2.666527925652335,3.087667780250046,3.6685653432585394,4.363773329827441,5.190726044748056,6.174389647476695,7.344461485774473,8.736266675049608,9.821593763998203,9.821593763999406,9.82159376399969,9.821593763999413,9.821593763997956,7.598822658642797,6.536056446266232,4.068371118225352,0.7237521375241555,0.40180627127907165,2.4620515073476743e-11,2.5730604317171993e-11,2.6966748147359953e-11,2.8253450751025923e-11,2.9678005915265635e-11,3.113383591713659e-11,3.2658231709037495e-11,3.4289851891563676e-11,3.596672651977841e-11,3.7704124350318213e-11,3.959901073123668e-11,4.156358539035264e-11,4.3641365899853674e-11,4.580714860538097e-11,4.8021537888783604e-11,5.045742796266556e-11,5.297287944653066e-11,5.563062143745749e-11,5.840514348715595e-11,6.12945878794433e-11,6.432575137726954e-11,6.769969950535674e-11,7.10222881980339e-11,7.457959948693336e-11,7.813139183478283e-11,11.68841898,12.02284528,11.29452509,10.11532501,12.39897474,12.41465645,12.6537837,13.07120162,10.91205581,13.63080325,13.62367769,13.66304259,14.18047011,13.39093575,12.0396243,15.04824,14.84232358,15.13801266,15.6348793,14.75911357,16.29777212,16.27022613,16.29722346,16.58896238,15.89709715,14.24394722,17.75794552,17.68404585,17.71875092,18.22690333
4.361324805024323,6.070383126976938,8.199823162764892,10.853047343456161,14.067872217306679,18.173498218720052,23.305650587010547,29.688715331574453,37.59310114482771,47.24593058715608,59.501606653242185,74.83090145672611,93.86568955719397,117.54285611265769,147.15784882205978,184.11366093040982,229.8536371798494,287.080758179766,358.4753656602957,447.8762659249559,558.0416065378521,695.3046149577052,847.8374825394894,1015.312796530033,1199.1483439882286,1327.7471562037883,1327.7471570367406,1327.7471577335655,1327.747156682582,1327.7471543283984,0.6409217036671204,0.6696612506730788,0.7038470582031731,0.7445112146786323,0.7741041339544362,0.8288831578133413,0.897323085489071,0.9763690854466904,1.0602064586850812,1.1188000819273511,1.2324436067709053,1.3784865011762963,1.5378196366002435,1.7172151476323756,1.9512101599255822,2.238894488842469,2.5157978084268944,2.8876553576066235,3.343719119674012,3.972788833853639,4.7256484036912525,5.621177910341242,6.686413884499323,7.953516388898795,9.460739948378988,10.636070066998055,10.636070066999356,10.636070066999663,10.636070066999364,10.636070066997787,6.79494692132775,5.479656192370139,2.4403109090533754,2.2493479438093658e-11,2.3501523323373452e-11,2.449088868583262e-11,2.564980515132703e-11,2.6900280423715917e-11,2.822446356140853e-11,2.9616784164002375e-11,3.107509210703208e-11,3.26043261091788e-11,3.423494735092676e-11,3.592370619588205e-11,3.7676017895352154e-11,3.954850990771112e-11,4.1512788962727986e-11,4.3581333608521034e-11,4.5739441912235196e-11,4.797608926453218e-11,5.0375752868600365e-11,5.290672338879469e-11,5.5575869605067487e-11,5.833983601199855e-11,6.12296216431469e-11,6.42674080171558e-11,6.755594876888668e-11,7.089445839347549e-11,7.446416738851307e-11,7.791750278160968e-11,11.79719343,12.21970057,11.34398113,10.24682299,12.58935719,12.46619093,12.771542,13.28522211,11.05391118,13.69392788,13.83286508,13.71975924,14.41265314,13.44957149,12.19613793,15.11792881,14.90393555,15.27888962,15.890876,14.82374023,16.37324756,16.52005046,16.36487486,16.74334214,15.96670677,14.42911677,17.84018306,17.95557896,17.88364468,18.52534037
4.923167145852365,6.852392818585941,9.256155365960689,12.251177910925088,15.880148672372783,20.51467692856461,26.307972556986687,33.51332782061748,42.4359864813803,53.3323298860817,67.16682845157612,84.47090093401452,105.95782236131289,132.6851709775972,166.11527894929014,207.8318784124909,259.46425123276117,324.0635861949129,404.6555167785396,505.57337882026485,629.9306348751761,784.8763826935866,957.0591106289579,1146.109227380112,1353.627164692035,1498.7925618130942,1498.7925627533505,1498.7925635399429,1498.792562353568,1498.7925596961095,0.728961237819137,0.7616485624017754,0.8005302673438929,0.8467802128046531,0.8804381322393424,0.9427418189615059,1.0205829251516996,1.1104869955616554,1.2058406011919363,1.272482875720335,1.4017369235487935,1.5678408461829005,1.749060609782245,1.9530985960650433,2.2192360865397798,2.5464378700158785,2.861377722178114,3.284315091581402,3.803025571533824,4.518506783824118,5.374782114793166,6.393325088039379,7.604886078795049,9.04604278290707,10.760304517690653,12.097082618997788,12.097082618999268,12.097082618999618,12.097082618999279,12.097082618997483,6.203078086347712,4.638672189032483,1.3614795767170387,2.2372137650812237e-11,2.340534049314911e-11,2.4454088238170432e-11,2.5628346918204292e-11,2.6880373138084246e-11,2.821736798428007e-11,2.959573002822026e-11,3.1054855159954665e-11,3.259017803326366e-11,3.421879121156949e-11,3.591104182176646e-11,3.766704007506484e-11,3.9531875449198585e-11,4.1495199318674465e-11,4.355970137554315e-11,4.5714249027962304e-11,4.795751069851324e-11,5.0350961703587374e-11,5.287521518778755e-11,5.5543186957574844e-11,5.829723394041213e-11,6.118447657875837e-11,6.422128112427244e-11,6.746621591280358e-11,7.081170686917575e-11,7.439708361372872e-11,7.781605981137613e-11,11.85520647,12.25271357,11.41816521,10.38708749,12.63124133,12.57827842,12.83434643,13.32111374,11.20522358,13.67471604,13.87888631,13.84311797,14.45159067,13.53752509,12.36308579,15.09671917,15.03794158,15.354024,15.93380712,14.92068022,16.35027678,16.57501181,16.51201667,16.82567801,16.0711212,14.62663096,17.81515424,18.01531624,17.97158802,18.57538882
5.107873200336379,7.10947904048314,9.603425301489484,12.710814292886054,16.475935798626384,21.28434103344508,27.294987961606555,34.77067179675905,44.02808835379309,55.33323782559723,69.68677536947573,87.640057366856,109.93311930538763,137.66321736394747,172.34754709198035,215.62925865986136,269.19876088986825,336.22171624305275,419.83727309821325,524.5413442148006,653.5642021946255,814.3231627053423,992.9657956947253,1189.1086436350422,1404.4121828369675,1555.0238560960256,1555.023857071558,1555.0238578876617,1555.0238566567766,1555.0238538996164,0.8251637368471552,0.8621648742201656,0.9061778769430712,0.9585315218907149,0.9966313454949428,1.0671573766304563,1.1552713321219457,1.2570402257865703,1.364977840932102,1.4404150321418372,1.5867269998780615,1.774751995439948,1.979887700281492,2.2108529951215665,2.5121131921826128,2.8824964613451085,3.238999567147778,3.7177528424703703,4.304918600775777,5.1148233256740205,6.084103055809358,7.237065219418647,8.608518381374338,10.239867470531882,12.180363817415929,13.693559246997497,13.693559246999172,13.693559246999568,13.693559246999182,13.69355924699715,6.072036552835683,4.4485800553169055,0.7898675115892232,2.234449506761717e-11,2.338454549055924e-11,2.4446854885147126e-11,2.562499679313416e-11,2.687761691416231e-11,2.8216163152823297e-11,2.959414095030213e-11,3.105291239664021e-11,3.257671239350936e-11,3.4204849815000833e-11,3.5895375798461567e-11,3.7651537032687725e-11,3.951289634969511e-11,4.1474716586419163e-11,4.3537926541662174e-11,4.56910402505116e-11,4.793512800679557e-11,5.033283537724452e-11,5.284380764959846e-11,5.550758218137045e-11,5.825596949351988e-11,6.113616400482165e-11,6.41719307612411e-11,6.740172133966916e-11,7.074752188184399e-11,7.434243469813385e-11,7.774374552480694e-11,12.00507349,12.42022397,11.29947069,10.45095793,12.68074077,12.63754308,12.9965912,13.50323055,11.27412476,13.84625036,13.93327503,13.90834213,14.64916256,13.39679933,12.4391067,15.28609096,15.10879535,15.54812116,16.15164282,14.76557623,16.55537307,16.63996614,16.58981578,17.038379,15.90405811,14.71657045,18.03862582,18.08591485,18.19877498,18.82933835
5.054330206008375,7.0349543252034845,9.502757934411303,12.577573894995306,16.303227725732892,21.06122912237532,27.008869781242367,34.40619017989508,43.56656638710747,54.753210263665785,68.95628765531339,86.72137538113432,108.78075154828659,136.22017040929575,170.54092359635723,213.36893705034757,266.376899977878,332.6972909608104,415.4363524311336,519.0428689949679,646.7132521027578,805.7870658266994,982.5570874356238,1176.643878973825,1389.690510902185,1538.7234057439343,1538.7234067092409,1538.7234075167898,1538.7234062988073,1538.7234035705487,0.9249947371081739,0.9664723927645215,1.0158102321108915,1.0744977917824219,1.1172070563137455,1.1962655567257199,1.2950398259475249,1.4091210522999813,1.5301173121781806,1.614681140828534,1.7786944076367155,1.989467280429292,2.21942097191895,2.4783292014516776,2.8160368397519004,3.2312302848701617,3.630864299193394,4.16753870727966,4.825741694141206,5.733631334265666,6.820177687582802,8.11262897427936,9.650005012938653,11.478720035756545,13.65398395986408,15.350250707997194,15.350250707999072,15.350250707999516,15.350250707999084,15.350250707996807,6.030582966902672,4.462814592052205,0.6597352034996309,2.2339523765848727e-11,2.338504997462463e-11,2.4450683135989152e-11,2.562694864662465e-11,2.6880109295989215e-11,2.8215390794145473e-11,2.9595682103407155e-11,3.1057574051869435e-11,3.2579985320416666e-11,3.4207325634851786e-11,3.5892137050957916e-11,3.764527917977258e-11,3.951074301585996e-11,4.147036709727501e-11,4.353573789887018e-11,4.569053836992557e-11,4.791936370583398e-11,5.0337369284126915e-11,5.28149945357979e-11,5.546486419914674e-11,5.82065065475379e-11,6.108133378074382e-11,6.411302122252159e-11,6.733591087172381e-11,7.067999950515716e-11,7.427887598461413e-11,7.772594609695984e-11,12.00990791,12.46424131,11.17830337,10.32196469,12.64266428,12.70582626,13.0018249,13.55108607,11.1349714,14.03425197,13.89143755,13.9834917,14.70107926,13.25314178,12.28557428,15.49364245,15.19043121,15.55438236,16.20888432,14.60724091,16.78015861,16.59000127,16.67945389,17.04524032,15.73351454,14.53492794,18.28355067,18.03160823,18.2061036,18.89606961
4.751083318164352,6.6128750548964526,8.932616758015724,11.822951623630548,15.325075751458678,19.79760923107144,25.388406659222785,32.34190674977416,40.95268380871258,51.4681576582408,64.81908672532803,81.51831461501733,102.25418462055842,128.0473085157266,160.30890427376474,200.56734643678055,250.3949671362515,312.73630424924374,390.5112336048539,487.9016241089,607.9121106983999,757.441902369346,923.6061747034598,1106.0482550521099,1306.3126338500504,1446.4039360959257,1446.4039370033163,1446.4039377624142,1446.4039366175077,1446.4039340529378,1.022107537755192,1.0679398250039889,1.122457516261493,1.1873065307545494,1.23449973030282,1.3218583778204556,1.431002701628712,1.5570610203341144,1.6907603640172242,1.784202329919844,1.965434924626911,2.198336295189428,2.452432228903616,2.7385225625844063,3.1116852507779447,3.570468779869844,4.012059333844395,4.605077797430668,5.3323838103788175,6.335590431339882,7.536210470885021,8.964352869234107,10.663134034617231,12.683841109202172,15.087480356262276,16.9618337549969,16.961833754998974,16.961833754999464,16.961833754998988,16.96183375499647,6.1339856340996715,4.63792469011976,0.9723881457444964,2.2364902421771223e-11,2.3410040543814468e-11,2.4464006971664416e-11,2.5636281689036116e-11,2.6890007318645017e-11,2.8214793515359965e-11,2.959959095663755e-11,3.106103933682845e-11,3.2585323493072465e-11,3.421362873201746e-11,3.5897036128131616e-11,3.764949689945496e-11,3.9512019442272494e-11,4.147215037827709e-11,4.3538209999128946e-11,4.5692589435912125e-11,4.792808213275245e-11,5.033290366718931e-11,5.2824928751347434e-11,5.542825196995657e-11,5.816141475097411e-11,6.102627612265613e-11,6.40502833209586e-11,6.727227511166418e-11,7.060593163999734e-11,7.420374458958503e-11,7.77102911073388e-11,11.90717649,12.31873957,11.02746242,10.18670963,12.59062641,12.60533403,12.89060873,13.39289701,10.98906301,14.00406193,13.83425967,13.87289422,14.52946572,13.07430279,12.12458884,15.46031301,15.07028787,15.42133189,16.01966937,14.4101296,16.74406166,16.52171595,16.54753365,16.89943722,15.5212052,14.34446783,18.24421967,17.95738918,18.0503706,18.67548571
4.062754927932302,5.654813632580411,7.638475337658484,10.110063695992753,13.104806390604486,16.9293672786799,21.710180049412156,27.65626957624879,35.01953277051431,44.01154371639269,55.428214237073064,69.70808808018481,87.43978260296679,109.4960451844343,137.08363908071865,171.50951068422145,214.11819548037266,267.4276320043264,333.9346697363389,417.2153159503983,519.8388994878524,647.7050843769324,789.795776344114,945.8059768314165,1117.0564132824002,1236.8515400872454,1236.851540863175,1236.8515415122963,1236.8515405332616,1236.8515383402419,1.1028761976392074,1.1523302294537812,1.2111560005367308,1.28112949342558,1.3320519791226684,1.426313854166417,1.5440829463501236,1.6801026058078197,1.8243670969120842,1.9251930044099865,2.1207469041276212,2.372052533430661,2.646227555978443,2.9549252298887336,3.3575758624822356,3.8526132390929533,4.329099022722396,4.96897880453702,5.753757764138536,6.83623946269051,8.131734520804567,9.672731137890297,11.505752853407262,13.686139605916138,16.27971847640965,18.302186438996653,18.30218643899889,18.30218643899942,18.30218643899891,18.30218643899619,6.588052524447688,5.251159817985975,2.0554273618262777,2.251378559849681e-11,2.350533753170057e-11,2.4507918134180675e-11,2.566678733163399e-11,2.6915196742556813e-11,2.8218526555209355e-11,2.96176891993699e-11,3.1074716945539564e-11,3.259673443032357e-11,3.42268031999022e-11,3.5904146354207355e-11,3.7651434364058235e-11,3.95136254121372e-11,4.147448570744657e-11,4.3543826608708866e-11,4.56996207768358e-11,4.79282419328114e-11,5.034327006879331e-11,5.2828426455082735e-11,5.544210568086362e-11,5.817403313453512e-11,6.103673676140733e-11,6.406463049313952e-11,6.728657296803919e-11,7.06116518017949e-11,7.411603110810798e-11,7.772036710595679e-11,11.75368365,12.05830368,10.9050587,10.23054228,12.34312922,12.47134438,12.72443868,13.10975189,11.03634814,13.77214753,13.56231605,13.72543091,14.2222919,12.92917935,12.17676005,15.20428235,14.91009675,15.22253884,15.6809905,14.25017862,16.46677147,16.19694432,16.37164,16.68159023,15.34892138,14.40619101,17.9420861,17.60439614,17.81768718,18.28065907
3.1350758585882326,4.363607950465548,5.894325415218289,7.801557609143674,10.112488416220197,13.063758852807506,16.752933062875133,21.341307714869522,27.023262223634756,33.96206038809401,42.7718775613531,53.791121533326994,67.47400627935006,84.49399827405155,105.78231153807482,132.34746766722597,165.22699435297517,206.36389048523782,257.6848813198893,321.94943777596995,401.1402147185082,499.80976198050695,609.4558287549856,729.8430590746291,861.9906088564267,954.4320227946106,954.4320233933664,954.432023894269,954.4320231387846,954.4320214465134,1.111460973654209,1.1612999551005507,1.2205836253291507,1.2911017911057852,1.3424206568632762,1.4374162652904607,1.556102070773494,1.693180505742513,1.83856795003563,1.9401786852723406,2.137254774363116,2.390516563880234,2.666825761743903,2.977926334903034,3.38371119552731,3.8826019375532517,4.362796681205177,5.00765728010078,5.798544950366183,6.889452674379854,8.19503185156934,9.748023569125888,11.59531350522104,13.792672363879664,16.406439623358345,18.444650453996626,18.444650453998882,18.44465045399942,18.4446504539989,18.44465045399616,7.2895979177767325,6.319422634454025,3.7419300194738554,1.29693280977331,0.5798005669408087,2.464471634350214e-11,2.5749956183150973e-11,2.698010851343884e-11,2.8263412389330252e-11,2.966773523825505e-11,3.111898729864513e-11,3.2637709809884614e-11,3.427041112149706e-11,3.593999493597517e-11,3.767568661535096e-11,3.9536896970008446e-11,4.149893201983186e-11,4.3575827963550844e-11,4.57364004498749e-11,4.7957670959314916e-11,5.037947897546997e-11,5.287471786651042e-11,5.548631003090143e-11,5.82196037138731e-11,6.107471877293244e-11,6.410708704638169e-11,6.734236883979104e-11,7.065894132902712e-11,7.41768182886148e-11,7.780540339946695e-11,11.53613475,11.84433054,10.85683906,10.38959221,12.03470964,12.1415237,12.48892208,12.87712093,11.20792559,13.35085924,13.22343248,13.36244431,13.96991905,12.87200951,12.36606701,14.73918523,14.51578014,14.9407849,15.40273322,14.18716762,15.96305497,15.7922289,15.93867101,16.37283072,15.281052,14.63015799,17.3932399,17.16451252,17.48789965,17.95627098
1.969084057944146,2.74070269363411,3.7021184593178784,4.900016270169405,6.3514698287048255,8.20510904813438,10.52221219067016,13.404086756597156,16.972818916785364,21.330951690351323,26.864237432623202,33.785223914137475,42.37919466169504,53.069141704378524,66.43994361141296,83.12503443223419,103.77606641677197,129.61340178632787,161.84718158900114,202.2105792598644,251.9488642160638,313.9214101070774,382.78810802459736,458.40113517131783,541.400604820162,599.4613735830148,599.4613739590825,599.4613742736902,599.4613737991843,599.4613727362996,0.9672873330481819,1.0106614294742324,1.0622550927948584,1.1236259642176023,1.1682879811217288,1.2509611931416846,1.3542516180667397,1.4735488645941313,1.6000773137097297,1.6885075685058475,1.8600198475177145,2.08042967453989,2.320897305373127,2.5916433332174464,2.9447916352528356,3.378968549040576,3.7968746239643862,4.358086851545166,5.046384185815508,5.995784342884036,7.13200975279191,8.483554478453634,10.091222402031255,12.003549906571207,14.278271216234003,16.052094647997066,16.05209464799903,16.052094647999493,16.052094647999045,16.05209464799666,8.519995429026812,7.897333826911731,6.057846267908404,4.383483045635316,4.3359923201969215,2.552752168748827,0.5261021812898069,2.732383316198472e-11,2.8446640329229492e-11,2.991576945482343e-11,3.131396944264902e-11,3.281184251988821e-11,3.4431283545004776e-11,3.606904678435411e-11,3.778098493186871e-11,3.965853534449928e-11,4.1618147055992545e-11,4.3718954084007716e-11,4.5900547050078616e-11,4.809086815004893e-11,5.056646242666691e-11,5.30815701018244e-11,5.5707541304129673e-11,5.845561727653115e-11,6.128001492314442e-11,6.431646507889077e-11,6.764760257066501e-11,7.096160733563784e-11,7.449453694451399e-11,7.818877243725229e-11,11.45636682,11.64869795,10.82221982,10.40712528,11.85575013,12.00882241,12.40256599,12.66442976,11.22683964,13.20814269,13.02679632,13.21639892,13.73917815,12.83096449,12.38693549,14.5816279,14.35712932,14.83747513,15.14832656,14.14192896,15.79241485,15.55739403,15.76446864,16.2596189,15.23232527,14.65484727,17.20731155,16.9092714,17.36697756,17.65968758
0.7353822048120546,1.0235540638540674,1.382608337163132,1.8299801645513747,2.372045960956475,3.0643136630948,3.9296685019907813,5.005945192024951,6.338738535079549,7.966344667463115,10.032828245241602,12.617568230168523,15.827107777722183,19.819419225198068,24.812933720849482,31.04421614162917,38.75663520833436,48.405952399175916,60.44411195111746,75.51839192060525,94.09385572932077,117.23837678279553,142.9576161156184,171.19636721988755,202.1936894227417,223.8773021530626,223.87730229351035,223.87730241100505,223.87730223379413,223.87730183684485,0.8436195007111587,0.8814482123261796,0.9264456179608072,0.9799702141577937,1.0189221854222987,1.0910256147380517,1.1811103431598782,1.2851554186128007,1.395507186305536,1.4726316196047629,1.6222160277142577,1.8144464248996806,2.024170232634715,2.2603013397275613,2.5682995777498183,2.9469669072140414,3.31144362703254,3.800904786141,4.401203201760843,5.229222404656114,6.220181223460439,7.398930750820112,8.80105808636989,10.468894229217272,12.45279207420143,13.999831910997441,13.999831910999154,13.999831910999559,13.999831910999166,13.999831910997088,9.862861854495891,9.707014563839786,8.629387584897108,7.865180291312957,8.543473403644441,7.912747782191546,7.276086044874975,6.3334495493892105,3.7817086786434433,3.777400042962141,1.4582161770759317,4.2391220480470226e-11,4.45102480096339e-11,4.4771904440605144e-11,4.182129996433683e-11,4.7928108476809494e-11,4.790709581287805e-11,4.8282141903307365e-11,5.01981959622787e-11,4.971354332083736e-11,5.2925230316174865e-11,5.457417534708298e-11,5.6936356591065005e-11,5.95206390379555e-11,6.200947292842639e-11,6.503110386218833e-11,6.88950339618841e-11,7.233399461948762e-11,7.617391942809913e-11,8.014651964515168e-11,11.44186356,11.61201684,10.93844154,10.67513067,11.93444155,12.06808706,12.38686489,12.62455016,11.5159544,13.21637633,13.11326045,13.28162307,13.69591424,12.96875847,12.70592516,14.59071775,14.42798308,14.81869153,15.10062531,14.29380161,15.80225947,15.66065475,15.84226776,16.23903494,15.39590788,15.03224045,17.21803818,17.02150508,17.34499172,17.60407819
0.06432984440400477,0.08953857359608978,0.12094796232404843,0.16008320364250841,0.20750209427011776,0.2680603635252978,0.3437599681338408,0.4379106173506662,0.5545008582082189,0.6968807642789654,0.8776528391973358,1.103761004403284,1.384525453626522,1.7337653081509985,2.1705885116938375,2.715689312261369,3.3903571452509165,4.234461162767047,5.287536591869801,6.60620609270086,8.23115253378627,10.25579146090821,12.505661873386721,14.975934410325971,17.68752152951665,19.58436295963358,19.584362971919685,19.584362982197902,19.584362966695824,19.58436293197145,0.7546277176261419,0.7884659519044113,0.8287166685895186,0.8765950590616969,0.9114380625100448,0.9759354410695692,1.0565173064065219,1.149586868872884,1.2482978428603038,1.3172865694423033,1.4510916087864256,1.6230439946240183,1.810644445099071,2.0218665401973905,2.297374642126849,2.636097090259316,2.9621258686038634,3.3999547204183336,3.9369288217660596,4.677601886702016,5.564026383842513,6.618431912323627,7.8726515577386555,9.364550904292795,11.139171217718197,12.523016825997711,12.523016825999242,12.523016825999605,12.523016825999253,12.523016825997393,10.967358427988934,11.153399674519507,10.493228599107438,10.200762787317855,11.398071703242973,11.258269255429408,11.359488895485118,11.49300937380321,10.31975629895968,11.73053470630842,11.424629422047515,11.032655901005667,10.99539513130893,9.81121111168798,8.907244086217686,9.822196457519484,8.594580916187455,7.6303860468588205,6.421544176410492,3.6691855706461136,2.6387771424225246,3.768295854646813e-09,8.4994690812024e-11,7.921072210754604e-10,7.567609113368301e-11,1.0594434885350118e-10,5.662663839511766e-11,6.967940841145219e-11,3.0844310903680657e-10,3.854370042762715e-10,11.78631599,12.0314042,11.44289323,11.23744105,12.51701186,12.50226506,12.75976617,13.08050686,12.122555,13.74470204,13.75337387,13.7594609,14.19056503,13.56684296,13.37520724,15.17398286,14.94706393,15.26480193,15.64600959,14.95299355,16.43395606,16.42511721,16.41223084,16.72790416,16.10592601,15.82406071,17.90633064,17.85239638,17.86715531,18.23987885
0.002814493260000209,0.003917399680210311,0.005291590985887756,0.007003795856578075,0.009078418441236233,0.011727901620234432,0.015039832947432878,0.019159015421763605,0.024259951855164257,0.03048921122471797,0.03839816532164927,0.048290617462626896,0.060574335188163325,0.0758539184949341,0.0949653585049846,0.11881404869585543,0.14833142257232354,0.18526179431577441,0.23133486856211935,0.2890279417638603,0.3601209289872447,0.44870085121637426,0.5471348699904109,0.6552116960731165,0.7738462698323287,0.8568349272714086,0.8568349278089376,0.8568349282586195,0.8568349275803886,0.8568349260611635,0.7168561821031348,0.7490007043188548,0.7872367436477149,0.8327186672472037,0.8658176667161888,0.9270867447925749,1.0036352295393478,1.0920463621565293,1.1858165355698522,1.2513521553073585,1.3784598236449634,1.5418054415382751,1.7200158882886556,1.920665640651742,2.1823836791951905,2.5041519833395167,2.8138619765465367,3.229776091275375,3.7398729180806374,4.443472922579364,5.2855290330304205,6.287158185896864,7.478600118826758,8.895825122192992,10.581620002040022,11.896199702997826,11.896199702999281,11.896199702999626,11.896199702999292,11.896199702997526,11.047307634655946,11.200233066020946,10.40184825538741,10.481626816918274,11.497425104865707,11.46166982361146,11.720156297538688,11.884225012448454,11.002995752603159,12.281720433497584,12.177533461064622,12.05734945103201,12.317678446557647,11.275678830889635,11.197728802338077,12.351040218004702,11.863186890923252,11.824719244452924,11.57303913340347,9.895743715705597,10.571724408033443,9.499391682940235,8.252884331238857,7.1494220517928255,4.400671398189996,3.1891818897962936,4.917310029260176,4.892996588813512,5.084806229495502,5.368210861020333,11.76697831,11.95315117,11.19437659,11.32134928,12.37232119,12.40048447,12.73883136,12.99543039,12.21307224,13.5635618,13.59439145,13.64744551,14.09826867,13.27219839,13.47507784,14.97400625,14.82538029,15.23975713,15.54424692,14.62824458,16.21737437,16.23525072,16.27861932,16.70045887,15.75613767,15.94221652,17.67034466,17.64603122,17.83784086,18.12124549
1.699296000000126e-06,2.3651936572705313e-06,3.1948839685461245e-06,4.228655457465795e-06,5.481242525170931e-06,7.080911009770153e-06,9.080543318920898e-06,1.1567566614155334e-05,1.4647339801294533e-05,1.8408356279850654e-05,2.3183515720487923e-05,2.9156244307997393e-05,3.6572738315211026e-05,4.579803480601248e-05,5.7336876992942705e-05,7.173591088744421e-05,8.955750459017234e-05,0.00011185481610768477,0.00013967218269626808,0.00017450531230888815,0.00021742885756433075,0.0002709104237359517,0.000330341560681238,0.0003955946990934569,0.0004672222490740649,0.0005173279983525686,0.0005173279986771105,0.0005173279989486132,0.0005173279985391202,0.0005173279976218635,0.6929787986791304,0.7240526360056242,0.7610150913235436,0.8049820815852738,0.8369786039870274,0.8962069027470198,0.9702056745019024,1.0556719674634396,1.1463187997656397,1.2096715282071386,1.3325454344474088,1.4904502595479086,1.6627247887830938,1.8566912046684936,2.1096918154889273,2.4207425093739614,2.7201365362230514,3.122197187681614,3.6153034690733405,4.2954676331566874,5.109476141988717,6.077742559164597,7.229499382904889,8.59951878820516,10.2291624180173,11.499955478997897,11.499955478999304,11.499955478999638,11.499955478999315,11.499955478997608,10.58692999204396,10.718006028820739,9.959816633813512,10.049232069781336,10.7306539247936,10.778922666366263,11.241321104980264,11.38409117499671,10.56281446292275,11.658128653466264,11.377657452068135,11.35867914424072,11.832696718513079,10.85402423733303,10.809332667672345,11.785100024755257,11.237965716314521,11.486632337546377,11.264166378790218,9.713802171579854,10.275810229204888,9.101313060465214,8.096596065590491,7.409266247154706,4.859995909796008,3.783950933069306,5.263471133070485,4.997878503073292,5.599010423077366,5.845948563083836,11.27991049,11.44206103,10.72083492,10.85421838,11.56763801,11.67513665,12.21153586,12.43977471,11.70914791,12.86781859,12.71022607,12.84915856,13.49545808,12.71076124,12.91908182,14.20591427,13.95819181,14.60894138,14.87960952,14.00944431,15.3855038,15.17932653,15.32642579,16.00918063,15.08962555,15.28442374,16.76394394,16.49835131,17.09948323,17.34642137
0.0,0.0,0.0,0.0,0.0,0.0,0.0,0.0,0.0,0.0,0.0,0.0,0.0,0.0,0.0,0.0,0.0,0.0,0.0,0.0,0.0,0.0,0.0,0.0,0.0,0.0,0.0,0.0,0.0,0.0,0.6684372380611256,0.6984106081527839,0.7340640532390712,0.7764739705300899,0.8073373491825907,0.8644681019756786,0.9358462375059872,1.0182857766714348,1.1057223884964502,1.166831505981414,1.28535388310692,1.4376665734343705,1.6038400707040437,1.790937245333604,2.0349779430388364,2.335012903868541,2.6238040137559717,3.0116258517491117,3.487268975943301,4.143345404449654,4.928526134998782,5.862501793183488,6.973469620260534,8.294970348875305,9.866900816317958,11.092689260997972,11.092689260999327,11.092689260999649,11.092689260999338,11.092689260997691,9.98541586195797,10.246010021867244,9.530538826781962,9.644427289491986,10.298305900840573,10.17937115804863,10.597925172519513,10.880455773355344,10.135978291531751,11.075229884048282,10.917244106924349,10.716712946598577,11.304670859330454,10.378909344702734,10.368354216999434,11.180073076171588,10.579641166286223,10.786490328295026,10.745193604102974,9.269917955599213,9.70878636505242,8.710584356870072,7.5242264597955435,6.82566902118369,4.580575983744454,3.5815567190676174,4.856030359069193,4.746741719072262,5.057738759075976,5.499298099081423,10.6538531,10.94442063,10.26460288,10.42090126,11.10564325,11.04383926,11.53377141,11.89874155,11.24170068,12.24206139,12.20259799,12.15437952,12.90851093,12.16984659,12.40333216,13.51508598,13.20344518,13.79811618,14.23246258,13.41326336,14.6373125,14.57308615,14.49769608,15.12063937,14.4474768,14.67424598,15.94871962,15.83943098,16.15042802,16.59198736
0.0,0.0,0.0,0.0,0.0,0.0,0.0,0.0,0.0,0.0,0.0,0.0,0.0,0.0,0.0,0.0,0.0,0.0,0.0,0.0,0.0,0.0,0.0,0.0,0.0,0.0,0.0,0.0,0.0,0.0,0.6513293623471225,0.6805355988007068,0.715276535318379,0.7566010199722807,0.786674486250012,0.8423430436976302,0.9118943386484226,0.9922239334396562,1.0774227066123925,1.1369678071225426,1.2524567414927155,1.4008711651955452,1.562791644565592,1.745100284045184,1.9828950431824064,2.2752509572333603,2.5566507936639233,2.9345467815910076,3.3980163717724343,4.03730128514667,4.802386225715234,5.712457860350212,6.794991754627494,8.082670205048004,9.614368935632209,10.808784746998025,10.808784746999347,10.80878474699966,10.808784746999356,10.808784746997752,9.498535447671983,9.700218641219333,9.132659130702661,9.165860300049808,9.64755330377317,9.794373816326692,10.076263611377097,10.293701186587148,9.626578553415833,10.38327716290718,10.212407038538586,10.305446764837415,10.680897085468942,9.93074024599118,9.827175946855897,10.442958522806823,10.160059816378295,10.21083945845318,10.101437018273895,8.831482464902244,8.971881064336067,7.979581139703426,7.168258225428598,6.322676305011029,4.246646804430262,3.163580463067674,4.199566463069317,4.073039493072411,4.57763550307606,4.928671703081478,10.14986481,10.38075424,9.847935666,9.92246132,10.43422779,10.63671686,10.98815795,11.28592512,10.70400126,11.52024497,11.46486378,11.70631793,12.24368873,11.67584053,11.81007099,12.71820948,12.71671061,13.14538624,13.49945339,12.86878375,13.77426729,13.692039,13.96324998,14.40534651,13.86101574,13.97236521,15.00835121,14.88182424,15.38642025,15.73745645
0.0,0.0,0.0,0.0,0.0,0.0,0.0,0.0,0.0,0.0,0.0,0.0,0.0,0.0,0.0,0.0,0.0,0.0,0.0,0.0,0.0,0.0,0.0,0.0,0.0,0.0,0.0,0.0,0.0,0.0,0.6395993773141203,0.6682796299317597,0.7023949065468655,0.742975166213366,0.7725070304542152,0.8271730362230388,0.8954717611286872,0.9743546762535648,1.0580190792720907,1.1164918142815428,1.2299008739370891,1.3756424579533395,1.534646863046153,1.7136722517833303,1.9471844940759961,2.234275283146603,2.510607305871171,2.8816976520773867,3.3368204799748455,3.9645923203952056,4.715898617744762,5.609580500481009,6.672618718512664,7.937106983101045,9.441220893740887,10.61412611399806,10.614126113999358,10.614126113999665,10.614126113999367,10.614126113997791,9.034075066704993,9.338327280088288,8.824076444474185,8.890190613808732,9.249225439568978,9.419170123801297,9.57716650889685,9.904798583773253,9.333900350756146,10.016771725748194,9.781723556094228,9.901046802079634,10.267749906988403,9.581036008253058,9.518556515962326,10.056711436893607,9.739392634171086,9.646960527966854,9.676080180071526,8.484118139653747,8.595671422306586,7.541172439572677,6.778171871543443,5.7923992669580295,3.9673323063216417,2.9508660860676965,3.8900732160693714,3.6793763960725023,4.05042588607618,4.556114586081518,9.673674444,10.00660691,9.526471351,9.63316578,10.02173247,10.24634316,10.47263827,10.87915326,10.39191943,11.13326354,11.01162443,11.27668926,11.80239677,11.29470826,11.46574101,12.29098672,12.24999994,12.52865818,13.01290066,12.44871046,13.31157004,13.15075294,13.45079059,13.72950625,13.4085532,13.5649922,14.50419933,14.29350251,14.664552,15.1702407
0.0,0.0,0.0,0.0,0.0,0.0,0.0,0.0,0.0,0.0,0.0,0.0,0.0,0.0,0.0,0.0,0.0,0.0,0.0,0.0,0.0,0.0,0.0,0.0,0.0,0.0,0.0,0.0,0.0,0.0,0.5647677949951062,0.5900925273280019,0.6202163989778938,0.6560488662770648,0.6821255737301555,0.7303957888590323,0.7907037279128823,0.8603575324943453,0.9342334024346453,0.9858649686774043,1.0860054422705725,1.2146956129671076,1.3550968867079887,1.5131767373635987,1.7193686113110038,1.9728704714717926,2.216872314963341,2.544545986959313,2.9464205432526165,3.500744594603439,4.164149869795972,4.953273130765229,5.891938444847314,7.00848463660203,8.336620852588894,9.372298994998287,9.372298994999433,9.372298994999705,9.372298994999442,9.37229899499805,9.276902744024005,8.66455162069206,9.06575070804315,9.632102053745012,9.41449066629303,9.660243921165291,9.863805702112641,9.201264047532494,10.16426089759354,10.15425995135229,10.007899357760675,10.220800287065767,9.560389563326552,9.970631762672665,10.525959308727106,10.325691118568267,10.205641145078726,10.201688843084746,9.088604516793714,9.156386845445237,9.155624020255106,8.295744049288249,7.748276085208695,6.959452563456871,5.296423377473246,5.115013915066849,5.140839205068926,5.02800653507204,5.546922255075672,4.657949275081141,9.841670539,9.254644148,9.685967107,10.28815092,10.09661624,10.39063971,10.65450943,10.06162158,11.0984943,11.14012492,11.0939048,11.4354959,10.91548645,11.4838085,12.24532792,12.29856159,12.42251346,12.74623483,12.03502506,12.65713144,13.31977389,13.24901718,13.64021453,13.9679372,13.63304423,14.48731291,14.5131382,14.40030553,14.91922125,14.03024827
0.0,0.0,0.0,0.0,0.0,0.0,0.0,0.0,0.0,0.0,0.0,0.0,0.0,0.0,0.0,0.0,0.0,0.0,0.0,0.0,0.0,0.0,0.0,0.0,0.0,0.0,0.0,0.0,0.0,0.0,0.5590932859441051,0.584163567821237,0.6139847696237275,0.6494572099139033,0.6752719114350443,0.7230571311816243,0.7827591257233386,0.8517130831321461,0.9248466846634791,0.9759594823210632,1.075093793684707,1.2024909488359794,1.341481539627735,1.4979730816877144,1.702093241090972,1.9530480392332186,2.1945982722016035,2.518979640291451,2.916816358685245,3.465570834584965,4.12231053983544,4.9035050783697285,5.832739145012031,6.938066829750021,8.252858586216766,9.278130743998304,9.278130743999439,9.278130743999707,9.278130743999446,9.27813074399807,9.168968383075008,8.594672952198827,9.033653900397319,9.50218629010818,9.342652908588146,9.598011028842702,9.748758304302191,9.127490673894695,10.02638822536471,9.925389657708644,9.932346886346542,10.156437461196894,9.484592820406807,9.940392728348549,10.380758628947145,10.081908020806857,10.14473902784046,10.080117029752612,9.019626121361084,9.141474945463699,8.911969310215659,8.242251371683746,7.716145985043976,6.868629290308882,5.326238193845362,5.016958536066846,4.9239350160689614,5.009941106072035,5.46886813607568,4.637191466081123,9.728061669,9.17883652,9.64763867,10.1516435,10.01792482,10.32106816,10.53151743,9.979203757,10.95123491,10.90134914,11.00744068,11.35892841,10.82607436,11.43836581,12.08285187,12.03495606,12.3393373,12.59909667,11.93644248,12.60704578,13.03427985,13.14575645,13.54888513,13.80669612,13.57909678,14.29508928,14.20206576,14.28807185,14.74699888,13.91532221
0.0,0.0,0.0,0.0,0.0,0.0,0.0,0.0,0.0,0.0,0.0,0.0,0.0,0.0,0.0,0.0,0.0,0.0,0.0,0.0,0.0,0.0,0.0,0.0,0.0,0.0,0.0,0.0,0.0,0.0,0.5558987983501045,0.5808258363242098,0.6104766489240552,0.6457464105677785,0.6714136148003177,0.7189258044542554,0.7782866801063402,0.8468466557467426,0.9195623943048118,0.9703831491099476,1.068951037417274,1.1956202842894217,1.3338167254658457,1.4894141228414859,1.6923680022458736,1.9418889216249962,2.1820590106318196,2.5045869630535855,2.9001505644322094,3.445769625528202,4.098756921487323,4.875487953976042,5.799412662104408,6.8984248433924895,8.205704282934098,9.225118349998313,9.225118349999441,9.22511834999971,9.22511834999945,9.22511834999808,9.147990770669006,8.558884165695856,9.05076243409699,9.6110954694543,9.38204926522287,9.676867355570069,9.727062229919193,9.0898188672801,10.145156815723372,9.984484700919754,9.977537952613972,10.245547275743444,9.446109454568699,9.96507651719477,10.515694777792229,10.15215113841507,10.24661563941023,10.06320370699048,8.98541057561412,9.179048484520456,8.99951296856376,8.316902376077424,7.84756700795159,6.8739646666664145,5.39253513712801,5.218106570066793,5.046670540068927,5.113639680072005,5.48523747007567,4.630887180081104,9.703889569,9.139710002,9.661239083,10.25684188,10.05346288,10.39579316,10.50534891,9.936665523,11.06471921,10.95486785,11.04648899,11.44116756,10.77992618,11.45449064,12.20806278,12.09404006,12.42867465,12.56779067,11.88556114,12.62481811,13.09826989,13.19239033,13.64697967,13.77238951,13.59823942,14.44322492,14.27178889,14.33875803,14.71035582,13.85600553
0.0,0.0,0.0,0.0,0.0,0.0,0.0,0.0,0.0,0.0,0.0,0.0,0.0,0.0,0.0,0.0,0.0,0.0,0.0,0.0,0.0,0.0,0.0,0.0,0.0,0.0,0.0,0.0,0.0,0.0,0.5518868555191038,0.5766339941093732,0.6060708156637326,0.6410860340924002,0.6665679971329848,0.7137372895019616,0.7726697554502996,0.840734931131464,0.9129258774308077,0.9633798569100899,1.0612363770078874,1.1869914470938914,1.3241905192832026,1.4786649643071264,1.6801541178227068,1.9278742352093465,2.166311007523147,2.486511263410298,2.879220067190032,3.4209013747108803,4.069176036448569,4.840301371449439,5.757558079718549,6.848638648175324,8.146483402139001,9.158540318998325,9.158540318999446,9.15854031899971,9.158540318999453,9.158540318998094,9.197929703500009,8.511722453910695,9.372923379357307,9.880004155929674,9.624238342890198,10.036355420522355,9.782399334575231,9.040099159895385,10.436855082597365,10.2728042831196,10.246039563023341,10.644103132938948,9.395166170751342,10.352560265729094,10.842426512215361,10.476735554830679,10.685945942518845,10.140760796633748,8.939559332856295,9.619143025337706,9.365451783602449,8.663536628603977,8.354525000337397,6.988933421883561,5.898997837923014,5.6567872310667004,5.479741961068837,5.5187289810719244,5.621437311075635,4.619612071081096,9.749816559,9.088356448,9.978994195,10.52109019,10.29080634,10.75009271,10.55506909,9.880834091,11.34978096,11.23618414,11.30727594,11.83109458,10.71935669,11.83122523,12.52258063,12.40460979,12.85225695,12.62727206,11.8187794,13.0400444,13.43462782,13.503838,14.11208308,13.83757207,14.04548124,14.81532755,14.63828228,14.6772693,14.77997763,13.77815239
0.0,0.0,0.0,0.0,0.0,0.0,0.0,0.0,0.0,0.0,0.0,0.0,0.0,0.0,0.0,0.0,0.0,0.0,0.0,0.0,0.0,0.0,0.0,0.0,0.0,0.0,0.0,0.0,0.0,0.0,0.5328884171941002,0.5567836474964193,0.5852071206928828,0.6190169571467834,0.6436217159227887,0.6891672281945513,0.7460709724792672,0.811793037377257,0.8814988452335014,0.9302159708489848,1.0247038275274865,1.1461298400916577,1.2786059005165658,1.427762637413856,1.6223156241808692,1.8615080962268602,2.091736797868356,2.4009143146699743,2.780104307639696,3.3031384978939764,3.929096617652963,4.673676335610496,5.559356924923383,6.612877572030087,7.8660446474677626,8.843261993998382,8.843261993999464,8.84326199399972,8.843261993999473,8.84326199399816,9.184295806825013,8.38362565552365,9.696705369328148,10.14878847287528,9.901027904100385,10.272216861829756,9.773670627546263,8.908193357649592,10.734429824794656,10.54886075918068,10.561488642503713,10.917503029941146,9.266252989517971,10.762606462622315,11.193914375857146,10.811252153813106,11.013129222173578,10.184094655374047,8.846280052406614,10.132744192154515,9.795947562397961,9.16326077444284,8.830096915132506,7.178380578028762,6.605795512594118,6.319478896066519,6.111456046068686,6.196051446071767,5.887247506075547,4.710599196080979,9.717184224,8.940409303,10.28191249,10.76780543,10.54464962,10.96138409,10.5197416,9.719986395,11.61592867,11.47907673,11.58619247,12.06363287,10.54485889,12.1903691,12.81623,12.67276025,13.10486602,12.58500897,11.62638436,13.43588269,13.72504418,13.83693711,14.38945384,13.79125815,14.47184016,15.16274089,14.95471804,15.03931344,14.7305095,13.55386119
0.014760194688001096,0.020544224700191016,0.027750968272337997,0.036730374120029025,0.047610426202184725,0.06150524986383193,0.07887418510965138,0.1004766299051735,0.12722773850370891,0.15989617028267183,0.20137351325884978,0.25325301910728526,0.3176731645374272,0.39780468503694744,0.4980318127140548,0.6231027500916235,0.777902262773759,0.9715781491510989,1.2132015900083457,1.5157644011222484,1.888601084472007,2.35314541866233,2.869368108435987,3.4361610785644183,4.058322598828236,4.493544369690305,4.493544372509297,4.493544374867588,4.493544371310705,4.493544363343354,0.5330363163751002,0.5569381786192621,0.5853695405374003,0.6191887606576745,0.6438003482998256,0.6893585013867117,0.7462780388786058,0.8120183444424806,0.881743498622571,0.9304741453106593,1.0249882263846748,1.146447939827362,1.2789607679886417,1.4281589022188743,1.6227658857072937,1.8620247438288224,2.092317343718651,2.401580670419759,2.780875904726305,3.3040552591948518,3.9301871089323206,4.674973479402691,5.560899882716335,6.6147129265722375,7.868227809127,8.845716374998382,8.845716374999464,8.84571637499972,8.845716374999473,8.845716374998158,9.401439872956006,8.428952897700615,10.27957418121128,10.72303877524435,10.434539945521152,10.83795263877375,9.94580708603727,8.879274690679198,11.266247172901856,11.076215974436309,10.998549570387647,11.354457201098123,9.026100007508468,11.088556822780303,11.422848011616617,10.94663489611946,10.984772153549464,9.51238768047314,7.718169115311662,9.414202289731312,8.72828193664651,7.5716151819882445,6.78284169890351,4.0697276249221765,3.404968572106547,2.684077675376117,2.511131372559285,2.529133760204082,1.7430221137648252,0.31469735173768426,9.949236384,9.006435301,10.89269469,11.37895791,11.12595072,11.58881639,10.77095931,9.791769665,12.27521841,12.16658629,12.22491131,12.75415816,10.62273394,12.91452041,13.54364571,13.43176239,13.85499176,12.8855465,11.71224661,14.23402195,14.54707013,14.59973408,15.21310969,14.12060163,15.33151898,16.02333842,15.85039212,15.86839451,15.08228286,13.65395809
0.7333938160800544,1.0207864916258538,1.3788699235594368,1.8250321090842074,2.365632222046709,3.0560281120994923,3.9190431312397287,4.992409693140562,6.3215993165945585,7.944804589571154,10.005700633909166,12.583451779797626,15.784313102301097,19.76582979972068,24.745842407658113,30.960276158901998,38.65184173327578,48.27506828247791,60.28067803833999,75.3141988920398,93.8394367873633,116.9213777232215,142.57107519692627,170.7334719726108,201.6469809885439,223.27196372899027,223.27196386905828,223.2719639862353,223.27196380950352,223.27196341362753,0.5188029591810975,0.5420665839685013,0.5697387598476004,0.6026549251004915,0.6266093239034196,0.6709509642573752,0.7263506126093529,0.7903354932192644,0.858198817361955,0.9056282380748168,0.9976185648858249,1.1158350105942094,1.2448094261594518,1.3900236098183254,1.5794341167753245,1.8123041854563293,2.036447416658376,2.3374526655124117,2.7066198008770668,3.2158290028439627,3.825241619774818,4.5501403951255535,5.412410423519542,6.438084113623899,7.658127120954976,8.609514380998426,8.60951438099948,8.609514380999729,8.609514380999487,8.60951438099821,9.252997914757964,7.876419328425728,9.690872336613992,9.50982417583738,8.711202624073078,8.496999793667506,6.7274413261765735,4.479603683667218,5.697967866071773,4.02561941238385,1.8561272112364564,4.171032545084907e-11,3.745309471900699e-11,6.857052439211952e-11,7.138872082325177e-11,6.701490561019013e-11,6.896346657522123e-11,5.336059083500176e-11,4.980586355639527e-11,5.613079903362521e-11,5.861586689418587e-11,5.900297080317242e-11,6.225554871229973e-11,6.162992706103714e-11,6.635234057656097e-11,7.012773413196703e-11,7.478546575651333e-11,7.981605412941167e-11,8.3113761730237e-11,8.392967686395216e-11,10.50519469,9.439272404,11.63948102,11.93751121,11.70344417,12.22397887,11.37283507,10.26234887,12.877766,12.87605224,12.85944641,13.45319096,11.13324817,13.79992,14.20845597,14.21500411,14.61435929,13.60558432,12.27512134,15.20988452,15.39534842,15.35753456,16.04691326,14.90965371,16.38262425,16.80986813,16.77467057,16.69204492,15.92507321,14.31014885
2.049575865492152,2.8527365668820726,3.853452885771189,5.1003181135616895,6.611103888021137,8.540515784961238,10.952336986619693,13.95201622015457,17.66663026947257,22.202913885844488,27.96238812894659,35.16628925276112,44.111562544613214,55.23849101355253,69.15586177300416,86.5230022573998,108.01820282146619,134.9117113989302,168.46313693132944,210.47650115603236,262.2479773537688,326.7538240538538,398.4356404894888,477.1395611938822,563.531865856858,623.9660306189797,623.9660310104201,623.9660313378884,623.9660308439857,623.9660297376525,0.5220607826310982,0.5454704913623638,0.5733164346841809,0.60643929701377,0.6305441174763472,0.675164201183796,0.7309117316561989,0.7952984053569316,0.8635878772786094,0.9113151310633223,1.0038831111790285,1.122841897119266,1.252626207593631,1.3987522637937548,1.5893521741269703,1.8236845505244725,2.0492352892625627,2.3521307007321655,2.7236160213139193,3.2360228027274363,3.8492622265009073,4.5787130040856745,5.446397657568094,6.478512066138948,7.706216334164386,8.663577830998417,8.663577830999476,8.663577830999726,8.663577830999483,8.663577830998198,8.331189081895891,6.442112152775685,7.571268059565717,6.590181589446726,4.765138874525922,3.472109213879672,0.12005836175151662,2.7228832264491702e-11,2.871555326392433e-11,3.0072560099093075e-11,3.147556345863215e-11,3.303484769926063e-11,3.4474050874923626e-11,3.631160118495764e-11,3.806622649124837e-11,3.989213247784641e-11,4.1893746517710736e-11,4.391860127457356e-11,4.601454359434782e-11,4.840194911749815e-11,5.085617643884597e-11,5.3424256855250556e-11,5.619130166789785e-11,5.883628587756574e-11,6.194898491270678e-11,6.518556690989103e-11,6.844248637978365e-11,7.180632007640911e-11,7.524083559175032e-11,7.863752184690295e-11,10.90282573,9.840319211,11.99803738,12.296939,12.00678688,12.6877892,11.80330708,10.69836577,13.26550402,13.2561723,13.19275166,13.96364087,11.60626701,14.22502907,14.63625988,14.634652,15.16886702,14.1205679,12.796655,15.67842781,15.84984181,15.755588,16.6557759,15.47399748,16.887294,17.31599823,17.26988359,17.12468766,16.52785152,14.91814482
3.259964597160242,4.537436437283037,6.1291314929796865,8.112340101386643,10.515329042441762,13.584166153213546,17.420302138450214,22.191459073308216,28.099759662114646,35.31497147302242,44.47573612042454,55.933942191483574,70.16189770868937,87.85989732636465,109.99625086430554,137.61965533850062,171.80896934610334,214.58459299197696,267.9500044712031,334.7746008601942,417.12001797253834,519.7201608082503,633.7340832859123,758.9170538086553,896.3288273419836,992.4527332195337,992.4527338421415,992.452734362998,992.4527335774183,992.4527318177338,0.5314583037180999,0.5552894063536039,0.5836365994307376,0.6173557003738371,0.6418944273203564,0.6873177090298295,0.7440687406472952,0.8096144271372572,0.8791331654082858,0.9277195487978046,1.021953828268031,1.14305396965298,1.2751745038679947,1.4239309485979372,1.6179618132110545,1.856512364046913,2.0861232005628856,2.3944709771806534,2.772643337375083,3.2942738599575643,3.9185520949346806,4.661133583142327,5.544437270076894,6.595130582180511,7.844934531184139,8.819529317998388,8.819529317999466,8.819529317999722,8.819529317999473,8.819529317998164,7.220177279140832,5.016588176383536,5.584478377610755,3.8840906982619003,0.999330940261876,2.4770292219954055e-11,2.574973000894501e-11,2.695526205272323e-11,2.8324102080855e-11,2.970889100614718e-11,3.116096507981843e-11,3.270507647856123e-11,3.428152159573594e-11,3.60254685934189e-11,3.7783858989107126e-11,3.963189456881791e-11,4.161780908702045e-11,4.366350587898652e-11,4.57961565942687e-11,4.8093247181012624e-11,5.050483879146769e-11,5.302710057251378e-11,5.573370096760617e-11,5.845266960392151e-11,6.146021677296742e-11,6.462786276029631e-11,6.78271586405076e-11,7.114057415224458e-11,7.464655769830673e-11,7.80901806590878e-11,11.01160018,10.10931402,12.29724647,12.6137865,12.15655441,12.97122884,11.92106538,10.99081613,13.60730792,13.4126116,13.35731241,14.27558248,11.92353574,14.57977526,15.01338318,14.80735908,15.50773286,14.26144487,13.14646415,16.06941911,16.03688963,15.95211647,17.02785863,15.62837724,17.30843221,17.76216867,17.47368967,17.3382937,16.69274528,15.32594698
4.216165726332313,5.868341027061707,7.926906370515633,10.491822618445548,13.599647661348667,17.568625072147427,22.529962712621767,28.700578295755427,36.34188043293021,45.67343230679927,57.521199600658335,72.34028560059052,90.74153402509148,113.63064744604226,142.2599568483412,177.98575929729068,222.2033603262206,277.525776555932,346.54413922352956,432.969486669536,539.4681663337367,672.1626152604364,819.6186927570348,981.519883431994,1159.236785778243,1283.555411138517,1283.5554119437459,1283.5554126173781,1283.5554116013748,1283.5554093255462,0.5633359341211059,0.5885964604321757,0.6186439587591355,0.6543855796814428,0.680396174623417,0.7285440098414081,0.7886990496345566,0.8581762602983258,0.9318648320806259,0.9833654963487652,1.0832520828978907,1.2116159842463472,1.3516612973741924,1.5093403667615937,1.7150094805950928,1.9678686352081023,2.21125185862964,2.5380947766156834,2.9389504567292324,3.491869125323318,4.153592463150492,4.94071505281349,5.877000560276066,6.990715962421042,8.315484942705256,9.348537320998291,9.348537320999434,9.348537320999704,9.348537320999442,9.348537320998055,6.168042459565792,3.8027690825263667,3.9309743207465284,1.5452247218957273,2.3527786120416763e-11,2.452100371740791e-11,2.5648412819025643e-11,2.688865847454331e-11,2.824820464429272e-11,2.9624305456775655e-11,3.1083668623423444e-11,3.262665840657392e-11,3.423780751267249e-11,3.59541521692505e-11,3.77145786528039e-11,3.9573259485844855e-11,4.154540085026555e-11,4.359860384616689e-11,4.5744974746287807e-11,4.8017496334894697e-11,5.0409501092452407e-11,5.2942367705866585e-11,5.563559736448919e-11,5.837117325365079e-11,6.13313005665784e-11,6.444130601918002e-11,6.764714849300464e-11,7.097026122116646e-11,7.450236712827673e-11,7.792354927079117e-11,10.94754412,10.25970657,12.47652465,12.69143292,12.32028332,13.02147496,11.85171883,11.15432246,13.69107014,13.62394188,13.53721357,14.33088122,12.1009178,14.7923298,15.10580075,15.04066512,15.56780453,14.17848399,13.34203927,16.30369075,16.28956827,16.1669654,17.09381875,15.53746471,17.56076709,17.87150689,17.74900665,17.57181217,16.59564118,15.55394547
4.85854675609236,6.762449844559814,9.134661142891002,12.090371692454504,15.671709396139782,20.245405872016942,25.96265999902078,33.07343938259286,41.87898122337532,52.632301664015095,66.28521169860018,83.36215479966208,104.56704370678806,130.94357512884184,163.93488698761593,205.1039237057563,256.0585815598202,319.81000011372885,399.34409905940015,498.9373358374114,621.6623063903926,774.5742710121233,944.4969670088068,1131.0656542519407,1335.85975757773,1479.1197461957422,1479.119747123657,1479.1197478999247,1479.1197467291217,1479.1197441065444,0.6306200554261187,0.658897666594724,0.6925339995759076,0.7325445538506137,0.7616618208851853,0.8155603717759399,0.8829002523530599,0.9606757319307913,1.043165572196574,1.100817409738104,1.2126343220467612,1.3563298431027182,1.5131019887756834,1.6896140439346663,1.9198480128851347,2.202908340548836,2.475360943955602,2.8412415607807353,3.2899749290958065,3.908933494163978,4.649692218580125,5.53082772060496,6.578941967980112,7.825678109045453,9.308675796876306,10.465114625998087,10.465114625999368,10.46511462599967,10.465114625999377,10.465114625997824,5.403990078500761,3.0291008388657703,2.718567967554513,2.297212725260634e-11,2.340631605338014e-11,2.446328604413751e-11,2.5623308774952546e-11,2.6871478573735294e-11,2.822798406186749e-11,2.9595479040795534e-11,3.1066462137770823e-11,3.260903199155638e-11,3.422844610065773e-11,3.59367522140072e-11,3.769682110074919e-11,3.9557207490286487e-11,4.152510065983108e-11,4.3580522648989026e-11,4.573043940548129e-11,4.799342019591083e-11,5.0385292141169574e-11,5.291111596789304e-11,5.55953705532559e-11,5.833466121210903e-11,6.12688620749644e-11,6.434542420153048e-11,6.754858628395001e-11,7.088045989534336e-11,7.444070213693156e-11,7.785299735839433e-11,10.89315689,10.45044835,12.54576311,12.63632901,12.30124508,13.03435858,11.79283968,11.36169635,13.63162599,13.67334376,13.51629483,14.34506038,12.32589017,14.87441982,15.04021409,15.0952042,15.58320752,14.1080455,13.59008577,16.39416807,16.348636,16.14198297,17.1107316,15.46027484,17.65822055,17.79391203,17.81336647,17.54465886,16.5131943,15.84311428
5.1853516147683845,7.217318671948137,9.749094180941427,12.903617383120876,16.725849868904604,21.607191059438833,27.709010061659214,35.298088279879885,44.69592530712613,56.17255614145402,70.74381430735514,88.96941939664696,111.60063207308615,139.7513521685203,174.96178870609336,218.90001586366483,273.2820833105255,341.32167163552486,426.2055451682725,532.4978126038591,663.4777447062571,826.6751661727562,1008.0275273427576,1207.1455542400604,1425.7149099931614,1578.6111257969117,1578.6111267872416,1578.6111276157244,1578.6111263661687,1578.6111235671865,0.7164023467231346,0.7485265185229429,0.786738350949677,0.8321914803410733,0.8652695251229444,0.9264998142817971,1.0029998368522914,1.091354997154566,1.1850658054911187,1.2505599352008767,1.3775871327852103,1.5408293379962872,1.7189269612712759,1.9194496840308182,2.1810020311727825,2.502566626617611,2.8120805451363378,3.2277313482762993,3.737505237241295,4.440659798730138,5.2821828108214275,6.283177841030413,7.473865482491699,8.890193253101899,10.574920870952733,11.888668322997825,11.88866832299928,11.888668322999624,11.88866832299929,11.888668322997525,4.958770598527739,2.576305929549273,2.1174974881304047,2.255510356945491e-11,2.3376425667409096e-11,2.4447610679074318e-11,2.561630679622804e-11,2.6867275444555878e-11,2.8223483092851255e-11,2.958811909910654e-11,3.105669437801812e-11,3.259687472310831e-11,3.421887852945583e-11,3.5922750746228687e-11,3.768230603219458e-11,3.95410096220334e-11,4.150665966560291e-11,4.3562770266839656e-11,4.5713318247494177e-11,4.797221685249103e-11,5.036232123958799e-11,5.288513007334213e-11,5.5562726361658754e-11,5.82998591099528e-11,6.12203207720816e-11,6.428476049889864e-11,6.747919075350519e-11,7.08211709629774e-11,7.439264114793349e-11,7.779176921223267e-11,10.86052456,10.54215112,12.65333002,12.83670687,12.49543518,13.15804133,11.75751219,11.46139534,13.84778656,13.72137337,13.72966597,14.48118036,12.43404997,15.00195255,15.27871104,15.1482283,15.73107625,14.06578241,13.70933889,16.53473106,16.40606297,16.39680379,17.27309497,15.41396091,17.80962148,18.07607515,17.87593851,17.82162263,16.46372617,15.98213775
5.155351181124383,7.175562064876647,9.692689702558233,12.828962056765116,16.629080587588657,21.482180230902973,27.54869647456741,35.09386722914445,44.4373320156867,55.84756351446686,70.33451803112833,88.45467683698088,110.95495409290797,138.9428050382832,173.94952764411184,217.6335452579136,271.7009791510502,339.34691680269975,423.7396851598384,529.4169867545378,659.6391197617804,821.892344233107,1002.1954709670157,1200.1614781755777,1417.4662763941021,1569.4778939839966,1569.4778949685967,1569.4778957922863,1569.47789454996,1569.4778917671717,0.8013756464371506,0.8373101029057564,0.8800542843738784,0.930898661301497,0.9679001307148761,1.0363930143306976,1.1219667918599034,1.2208018585332088,1.3256278127645893,1.3988902759238282,1.5409843143435347,1.7235888637635963,1.9228108493332106,2.1471178010228433,2.4396931704737894,2.7993989094689327,3.1456246269987194,3.610576246130052,4.1808149976845375,4.967371523965882,5.9087085406451685,7.028432733458447,8.36034919457178,9.944669217993313,11.829224300763723,13.29879683699757,13.298796836999195,13.29879683699958,13.298796836999207,13.298796836997234,4.839741662457731,2.354432332237972,2.0830588330893995,2.2573681268157257e-11,2.3379258818680562e-11,2.4450024378537165e-11,2.561740624758601e-11,2.686804283434832e-11,2.822232212992933e-11,2.9592163153165906e-11,3.1050512639262636e-11,3.25823836525703e-11,3.420443401167365e-11,3.590509287813382e-11,3.766279418685011e-11,3.951971171999968e-11,4.1483670478335045e-11,4.35402809580967e-11,4.56900004456079e-11,4.794716475476016e-11,5.033398482668984e-11,5.28534250001657e-11,5.552432325238447e-11,5.825736156579793e-11,6.116871077053888e-11,6.422773459460931e-11,6.74195643748363e-11,7.076355316731302e-11,7.433848156377651e-11,7.772946194920577e-11,10.79646849,10.3673045,12.65580282,12.95192414,12.60839544,13.203134,11.68816563,11.2713026,13.97207889,13.84762263,13.85378382,14.53080743,12.22782529,15.00488433,15.41584679,15.28760594,15.78498672,13.98282153,13.48196294,16.53796239,16.55701384,16.54503289,17.33228995,15.32304839,17.81310196,18.23831895,18.04041359,17.98273227,16.36662206,15.71706634
4.664548697556346,6.492430390873026,8.769921105166121,11.607612391564004,15.045950017992526,19.437022289308814,24.925990828774573,31.752842226398776,40.206785511640454,50.530734085953355,63.63849385790998,80.03356767302094,100.39176157318914,125.71509825540099,157.3890922472362,196.9142807951182,245.83435810621214,307.0402312430953,383.3985944065548,479.015149360104,596.8398056387987,743.6461123852921,906.7839250044048,1085.9030671621908,1282.5198984683154,1420.059625235819,1420.059626126683,1420.059626871955,1420.0596257479015,1420.0596232300416,0.8624755212181622,0.9011497549688914,0.9471529126074651,1.001873854885438,1.041696454636284,1.115411491721484,1.2075097339194356,1.3138803555157783,1.4266986323312216,1.5055468995326462,1.658474718580915,1.8550017214141947,2.0694131358441012,2.3108220879771952,2.625704497225192,3.012835546320944,3.3854588067272657,3.885860075263911,4.499575960756971,5.346102496705619,6.3592105662008285,7.564306716939617,8.997773467676302,10.702887971781738,12.73112857842241,14.312746817997382,14.312746817999134,14.312746817999548,14.312746817999146,14.312746817997022,5.171547271244741,2.977392464178398,2.989421252247802,0.3224001135738414,2.3428102713214233e-11,2.4473554996220545e-11,2.562821081137861e-11,2.6878223495737746e-11,2.822677534643282e-11,2.9603998013111944e-11,3.106621081414095e-11,3.2590771582259555e-11,3.4205679660118645e-11,3.5910894516004256e-11,3.766659249860626e-11,3.952053682550198e-11,4.1483483608283066e-11,4.353886044172436e-11,4.5688504307483515e-11,4.7943869056568907e-11,5.03505352392681e-11,5.2834575553218424e-11,5.547883118341898e-11,5.8207380360604527e-11,6.11181661973221e-11,6.417583060267165e-11,6.73664341604404e-11,7.070820126627476e-11,7.427542512934525e-11,7.772831836548565e-11,10.69857149,10.37097261,12.70649527,12.93188636,12.56904973,12.94159651,11.58218316,11.27529056,13.95046283,13.87506812,13.81055176,14.2429704,12.23215168,15.06498596,15.3919971,15.31790543,15.47230597,13.85603226,13.48673306,16.60420472,16.58982925,16.49340253,16.98895907,15.18410661,17.88445182,18.21010263,18.07616904,17.92661543,16.21821768,15.72262728
3.9010382105042893,5.429725505299869,7.334428162853965,9.707635702449918,12.583173579959722,16.255498991518742,20.84601297198795,26.55542022365164,33.62559097831458,42.2596776784437,53.221911120513184,66.93337895239416,83.95926879743253,105.13758859212689,131.62706675025257,164.6826270627541,205.59528619125194,256.7827568975485,320.6425023319289,400.6081878924606,499.1468710717179,621.9233815755332,758.358197003368,908.1584591715672,1072.592324371707,1187.6190427900265,1187.6190435350702,1187.6190441583535,1187.619043218289,1187.619041112562,0.8622398958241622,0.9009035639050944,0.9468941536366643,1.0016001463383686,1.0414118666897119,1.115106765076213,1.2071798463460333,1.313521407848487,1.4263088630924523,1.50513558921408,1.6580216288996534,1.8544949412207563,2.068847779177754,2.3101907792019913,2.624987163641263,3.012012449844355,3.3845339108367956,3.884798471440107,4.498346691829907,5.344641959593364,6.357473251392086,7.56224017394023,8.995315306411099,10.699963979003687,12.727650477173672,14.308836623997385,14.308836623999134,14.308836623999548,14.308836623999147,14.308836623997024,5.831353353690768,4.033007320815271,4.150691883530642,2.053581681234344,2.359490770769858e-11,2.453947589634853e-11,2.566242927942356e-11,2.690613188387485e-11,2.8246071542072968e-11,2.962879141764332e-11,3.1087762489671813e-11,3.2614349782662897e-11,3.4227954357117325e-11,3.593341575204794e-11,3.7686517418031556e-11,3.9537378530910165e-11,4.1501953439372804e-11,4.3559636437125914e-11,4.571176346632532e-11,4.797125363059345e-11,5.0367448836152746e-11,5.287328983149532e-11,5.5499286101735374e-11,5.821439647892256e-11,6.114301791677278e-11,6.421676522104663e-11,6.739674372879067e-11,7.070390410682558e-11,7.424500259681603e-11,7.778776349122125e-11,10.59463146,10.36363639,12.4320142,12.76281753,12.3494753,12.68907756,11.46965856,11.26731465,13.76807735,13.60061321,13.56928897,13.96505878,12.2234989,14.73955764,15.19076529,15.01491056,15.17040732,13.7214165,13.47719281,16.24552676,16.26167518,16.2052718,16.65746719,15.03658817,17.49811843,17.9720275,17.71861452,17.61344725,16.06065252,15.7115054
2.9227570869002166,4.06808850469746,5.495140199760008,7.2732076732755875,9.427633817452044,12.179033455921717,15.618363332979365,19.895996518387815,25.193148344058972,31.6620257889818,39.87521001127151,50.14819059103721,62.90442047655158,78.77175653645148,98.61834758149071,123.38441444663228,154.0372196639111,192.38817515172866,240.23352130429842,300.1458476054205,373.9735363013379,465.96082194587325,568.181257166906,680.41542516164,803.6134608912045,889.7944051164491,889.794405674655,889.7944061416346,889.7944054373145,889.79440385965,0.7534808827471416,0.7872676918439504,0.8274572380674898,0.8752628660279534,0.9100529173110015,0.9744522768849936,1.0549116790634578,1.147839800368945,1.2464007597395348,1.3152846416729027,1.448886332687085,1.6205773963004872,1.8078927436248133,2.018793836909634,2.2938832392692787,2.6320909187168096,2.957624219402864,3.3947876869668416,3.930945729463082,4.670493166907543,5.555570532863779,6.608373643346683,7.860687206064651,9.350319259532913,11.122242618652393,12.503985146997714,12.503985146999243,12.503985146999604,12.503985146999254,12.503985146997397,6.981240950371822,5.5522975234787415,5.770642832193661,4.279966430718799,1.6868691752607816,2.4869007355657154e-11,2.5780057927783538e-11,2.6991118865144772e-11,2.834581094324728e-11,2.97180565638261e-11,3.116651570453204e-11,3.269361910664144e-11,3.429138713829108e-11,3.601369648586413e-11,3.7759730301937163e-11,3.959957567981654e-11,4.157019894687533e-11,4.362777296923056e-11,4.578045684822273e-11,4.805294781519935e-11,5.046194112320429e-11,5.298345493884208e-11,5.56363014006881e-11,5.83512773697636e-11,6.131554108402976e-11,6.443365660297117e-11,6.76215233366877e-11,7.094118638498669e-11,7.437200118535173e-11,7.79966965823637e-11,10.65747892,10.40765372,12.09324027,12.42843697,12.02455591,12.38888921,11.53769669,11.31517016,13.4073594,13.20951496,13.21227581,13.63468426,12.2754156,14.33790286,14.7927735,14.58314288,14.81151759,13.80281208,13.53443431,15.80283413,15.79405562,15.77890494,16.26339775,15.12578537,17.02129252,17.50116778,17.20909932,17.15003075,16.15592448,15.77823666
1.7335911781681288,2.412927976587423,3.259363091034129,4.313998147806309,5.591864917610362,7.223817898665214,9.263806770953172,11.801023150275391,14.942952295040552,18.779873577836117,23.651405247794976,29.744675395490397,37.31084902494718,46.722330375128436,58.49404938202011,73.18368446245921,91.36495342557326,114.1122691043151,142.4910455610556,178.02717711460525,221.81700501423555,276.37793572302917,337.0085113948619,403.57858812028127,476.6517247369564,527.7687078433203,527.768708174412,527.7687084513942,527.7687080336369,527.768707097868,0.5037765127020947,0.526366337144706,0.5532370247854551,0.5851998165336011,0.608460407629424,0.6515177505949806,0.7053128208770287,0.7674444634378208,0.8333422155072006,0.8793979053280935,0.9687238531143685,1.083516314701346,1.2087551556744334,1.349763401182556,1.5336878815181136,1.7598131744385483,1.9774643912685017,2.2697514183357077,2.6282261123732744,3.122686738441434,3.714448519134973,4.418351553313191,5.2556470625707385,6.2516134610405185,7.436319524687466,8.360151101998472,8.360151101999493,8.360151101999735,8.3601511019995,8.36015110199826,8.381435869148916,7.564952996287957,8.12238080420148,7.322599335682238,5.665578534783555,4.317722530764417,1.526707478195947,2.7579740155710503e-11,2.899057228206774e-11,3.027080101593537e-11,3.1676849748760095e-11,3.3199716066910074e-11,3.465477219166838e-11,3.649655846046629e-11,3.824701256464116e-11,4.0018561519389515e-11,4.201316185270552e-11,4.403838952522495e-11,4.621361095979772e-11,4.859775763514786e-11,5.103987257787777e-11,5.365579967140292e-11,5.639123143474438e-11,5.9016475048146e-11,6.223379697826836e-11,6.552232814590291e-11,6.873967780955767e-11,7.229262798794852e-11,7.566967454764655e-11,7.931888948462605e-11,10.61880356,10.50424731,11.93498092,12.2217973,11.86590386,12.19305818,11.49582707,11.42018642,13.18444381,12.87467997,13.03795299,13.41916096,12.38934392,14.15026851,14.54682352,14.21348914,14.57739211,13.75272249,13.6600476,15.59602882,15.39370765,15.57071799,16.00632241,15.07089479,16.79854174,17.21018706,16.7728828,16.92375317,16.09729558,15.92467472
0.5336676157320396,0.7427942276213289,1.0033602798066965,1.328018471024401,1.7213961720952782,2.2237755492830598,2.851764438072977,3.6328195292623304,4.600029017059582,5.781184446625596,7.280833685736994,9.156582127862753,11.485748249551008,14.382972737025115,18.00677129725645,22.528819302620363,28.125729681906456,35.12824900448741,43.86435366387121,54.80377400550132,68.28400702861009,85.08000955225643,103.74448775607314,124.23737822099453,146.7321665444389,162.4679864086206,162.46798651054365,162.4679865958097,162.46798646720754,162.46798617914104,0.3255683375550612,0.3401671356411298,0.357532465075083,0.37818859474902855,0.3932208794678942,0.4210469237859307,0.4558122833427802,0.49596519851062987,0.5385519826279959,0.5683157250651238,0.6260431093080352,0.7002283679304944,0.7811646565919749,0.8722920095235372,0.9911542148640543,1.137288927060912,1.2779472210534049,1.46683931723466,1.698505556629954,2.0180534512945876,2.4004827514135196,2.855383952361098,3.39649077278267,4.0401395266146185,4.805762325431005,5.402793554999012,5.402793554999673,5.402793554999829,5.402793554999677,5.402793554998875,9.992828366731999,9.75997486675758,10.809004405139232,10.68090197424863,9.986091838460004,9.687378806955344,8.440776488609822,7.659623282253906,8.224195280340593,6.667896348338928,5.3890739749861245,3.7154854442394893,0.5219011838916486,6.349279043117698e-11,7.423877839131595e-11,1.0397362014391555e-10,9.773962211920785e-11,5.42308370804998e-11,7.631197887636914e-11,6.921950860881706e-11,9.638603696951546e-11,9.747220759989745e-11,9.744050774024722e-11,6.409659080002927e-11,1.0765348903089671e-10,9.922971092191655e-11,9.932489438367115e-11,1.158441772049533e-10,1.1243040936347902e-10,1.1147849156545329e-10,10.85206432,10.84293623,12.16989715,12.38710904,12.10070889,12.33220128,11.74835321,11.78840801,13.36277628,13.01739652,13.29595077,13.57229594,12.78881409,14.42878825,14.74358351,14.37104647,14.74374443,14.05482532,14.10048913,15.90300546,15.56434777,15.87883467,16.18898121,15.40195359,17.12918744,17.44297164,16.95881115,17.25864399,16.4509011,16.43813472
0.012882685020000955,0.01793098135811424,0.024221020847590594,0.0320582384214615,0.041554338367186486,0.053681728311912126,0.06884131981015865,0.08769591474235863,0.11104425894075362,0.13955723763797181,0.17575862632717565,0.22103901367748663,0.2772648602914084,0.3472035813306544,0.43468173074647715,0.5438435355498585,0.6789524148896922,0.8479925592041205,1.0588812871518065,1.3229578441849654,1.6483693754706168,2.0538232642370704,2.504381976578304,2.9990783854035348,3.5421004163825285,3.921961597510511,3.921961599970924,3.921961602029238,3.9219615989247942,3.9219615919708963,0.2361572277600444,0.24674674549547695,0.2593430197187611,0.27432633890970043,0.2852302944748101,0.3054144485452724,0.3306321678010284,0.3597578536823218,0.3906489930108559,0.4122386935158302,0.4541123570637764,0.5079240549349767,0.5666327417164404,0.6327337121088371,0.7189526887742641,0.8249543005129524,0.9269834874424295,1.063999986389919,1.232043529174342,1.4638337134019344,1.7412361291544391,2.0712074258943334,2.463709619419829,2.9305925678590428,3.485951725436169,3.919019759999284,3.919019759999763,3.9190197599998764,3.9190197599997663,3.919019759999185,11.099761067239033,11.251968223166424,12.254780669454641,12.615482882690864,12.25368804718113,12.417590003167085,11.886642632414297,12.073409451602068,13.437961548076435,12.965108528875684,13.193232016640005,13.332514031420038,12.739530448026288,13.885687166596286,14.226437830516808,13.55369929397664,13.669211767709267,12.786170914449423,12.685677243719438,13.597682522460861,12.7719826754251,12.383361299921196,11.80438298405706,10.17728352679545,10.619726968242118,10.355013122553993,9.768579030096316,10.101926048041152,9.362934591149235,9.618512438107377,11.34880098,11.51664595,12.53834471,12.92186746,12.58047268,12.77668618,12.28611612,12.52086322,13.9396548,13.51690446,13.823103,14.0614771,13.58342805,14.86562446,15.38007225,14.92249713,15.27514767,14.69816346,14.97660206,16.38447408,16.16158818,16.50839199,16.77247458,16.10695448,17.64777911,18.19599448,17.60956039,17.94290741,17.20391595,17.45949379
2.0418960000001514e-06,2.8420472172041063e-06,3.839013800914294e-06,5.081206960987124e-06,6.586331743955393e-06,8.50851403593349e-06,1.091129802031624e-05,1.3899737302493104e-05,1.7600432503168432e-05,2.211971843304635e-05,2.785761163187662e-05,3.503451937009364e-05,4.3946274265858406e-05,5.503150956528919e-05,6.889673122539082e-05,8.619879614700958e-05,0.00010761345309625546,0.0001344061903229438,0.00016783189694954793,0.00020968783495180915,0.0002612653207829458,0.00032552946077949027,0.0003969426817863263,0.00047535169487842807,0.000561420283161578,0.0006216279980204252,0.0006216279984103989,0.0006216279987366401,0.0006216279982445881,0.0006216279971424005,0.2169933430590408,0.22672353373154194,0.23829763493405148,0.2520650751779986,0.2620841874155647,0.2806304208301043,0.30380175146238514,0.3305639217682252,0.358948281024899,0.37878600241354093,0.4172616668070559,0.4667066079062943,0.5206511529543087,0.5813881063854653,0.6606105132506505,0.7580102173333729,0.85175985426559,0.9776576234885211,1.1320646279835422,1.3450453080198193,1.5999368399781493,1.903131349298311,2.2637824457688547,2.692778385296171,3.203070792368128,3.600995858999342,3.600995858999782,3.6009958589998865,3.6009958589997852,3.600995858999251,10.853826445064039,11.075946434241262,11.913049656073147,12.299098253637075,12.035346656275825,12.149477860680134,11.681365577265085,11.957654428521224,13.180791868570651,12.847174137897515,13.094821555612269,13.213315937606838,12.810360100805559,13.825356712140755,14.278173480055678,13.843226153909928,14.008939702322698,13.36035252036461,13.56611232016508,14.533515464192988,14.213546754751212,14.233529601293494,14.053339491604541,13.01917470306696,13.89945161740951,14.072375213066408,13.628935103068779,13.937610713071608,13.180903293075737,13.533488213081014,11.07082183,11.30267281,12.15135113,12.55116841,12.29743743,12.43011679,11.98517824,12.28823225,13.53975775,13.22598226,13.51211108,13.68005758,13.3310552,14.40679985,14.93885289,14.60132257,14.86080717,14.33814455,14.69834478,15.87877046,15.81374486,16.13698648,16.31751888,15.71242844,17.10308383,17.6739927,17.23055259,17.5392282,16.78252078,17.1351057
6.550512000000486e-07,9.117440065929951e-07,1.2315762394879415e-06,1.630078474732782e-06,2.112930586315891e-06,2.7295769860243008e-06,3.5004029890678945e-06,4.459110356101814e-06,5.646313245982892e-06,7.0961244369101715e-06,8.936871382575183e-06,1.1239261918728028e-05,1.4098200737637798e-05,1.7654403739737068e-05,2.2102441292440814e-05,2.7653036616288978e-05,3.4522973543630944e-05,4.311822749957525e-05,5.384137365227108e-05,6.726898329326495e-05,8.381531767399201e-05,0.00010443159882724588,0.00012734134355292883,0.00015249537594086483,0.00018010664117532502,0.00019942159936494177,0.00019942159949004742,0.00019942159959470735,0.00019942159943685443,0.00019942159908326672,0.24237778892404557,0.2532462426183532,0.2661743122941318,0.28155230351925375,0.2927434775750514,0.3134592976297813,0.33934127080880244,0.36923414942938465,0.40093898488503493,0.42309737453739416,0.4660740222613126,0.5213031612208995,0.5815582795066886,0.6494003997814152,0.7378904499300972,0.8466842248202484,0.9514009382075352,1.0920265560469782,1.2644964936786853,1.502392207819035,1.787101614386928,2.1257646062877296,2.528605606399788,3.0077866071355266,3.577774347714173,4.0222497239992645,4.0222497239997566,4.022249723999873,4.02224972399976,4.022249723999163,10.36313045604384,10.627592885657666,11.401742706150634,11.639676576424314,11.453851929517509,11.717262532817518,11.142089618813714,11.460378311487021,12.459258318829795,12.30611438936768,12.440779260898296,12.719189089549715,12.251947762326738,13.184217495850671,13.451165537666224,13.206189982182636,13.43187893886036,12.64343451576904,12.885230084993305,13.744585373245513,13.432600560345627,13.28829237216613,13.264487542311937,12.044087047546652,12.844695335705579,12.764493234465297,12.560929754467859,12.731143274470925,12.054692754474726,12.473148604479327,10.6055089,10.88084004,11.66791825,11.92123051,11.74659752,12.03072456,11.48143439,11.82961692,12.86020295,12.72921886,12.90686222,13.24050349,12.83352014,13.83363555,14.18907809,14.05290186,14.3833144,13.73550419,14.14978042,15.24704485,15.21978599,15.41416141,15.79322049,15.05202615,16.42264979,16.78694238,16.5833789,16.75359242,16.0771419,16.49559775
0.0,0.0,0.0,0.0,0.0,0.0,0.0,0.0,0.0,0.0,0.0,0.0,0.0,0.0,0.0,0.0,0.0,0.0,0.0,0.0,0.0,0.0,0.0,0.0,0.0,0.0,0.0,0.0,0.0,0.0,0.26023708482604896,0.2719063665639884,0.28578702444022214,0.30229812318681726,0.31431390452136165,0.3365561431553369,0.36434519626764644,0.3964406932346438,0.43048165874759164,0.4542727608661801,0.5004160876492022,0.5597147147391607,0.6244096539831868,0.6972506337078003,0.7922609594848885,0.909071063869109,1.0215036937129771,1.1724911294877414,1.357669292836162,1.6130940469579034,1.9187819002743687,2.2823988395243204,2.7149226610466974,3.2294114980356965,3.8413980527989975,4.318624025999211,4.318624025999739,4.318624025999863,4.318624025999743,4.318624025999101,9.80744258519305,10.162646833456044,10.843060295580791,11.014041706835238,10.843367225501797,10.966243876868964,10.534839813757872,10.947974496792135,11.777186571280508,11.550385129163365,11.75935979238182,11.879666005293421,11.68273282605102,12.497255406328074,12.676854450552781,12.343924356170458,12.49154163632854,11.866454730555848,12.211745927209545,12.929520203090021,12.434677329775962,12.35897263052846,12.12272172900869,11.059292532022527,11.82250686726204,11.616538414064845,11.320810924067516,11.595026004070675,10.943209824074327,11.500392854078616,10.06767967,10.4345532,11.12884732,11.31633983,11.15768113,11.30280002,10.89918501,11.34441519,12.20766823,12.00465789,12.25977588,12.43938072,12.30714248,13.19450604,13.46911541,13.25299542,13.51304533,13.03894586,13.56941522,14.54261425,14.35345923,14.64137147,14.83764439,14.28870403,15.66390492,15.93516244,15.63943495,15.91365003,15.26183385,15.81901688
0.0,0.0,0.0,0.0,0.0,0.0,0.0,0.0,0.0,0.0,0.0,0.0,0.0,0.0,0.0,0.0,0.0,0.0,0.0,0.0,0.0,0.0,0.0,0.0,0.0,0.0,0.0,0.0,0.0,0.0,0.2941059094170553,0.307293901897353,0.32298107235088586,0.3416410251227519,0.35522061274806993,0.38035759053618595,0.41176327871048174,0.44803587732947087,0.48650713951069396,0.5133945592237552,0.5655432570010932,0.6325593652515088,0.7056740942831677,0.787995038659933,0.8953705815628952,1.0273830578092613,1.1544483485632102,1.3250862003465904,1.5343645673102053,1.82303184026562,2.1685037554520417,2.5794439973819605,3.068259079054154,3.6497065979145664,4.341340775879561,4.880675816999108,4.880675816999704,4.880675816999846,4.880675816999709,4.880675816998984,9.375942719602051,9.711540048122687,10.249485707670138,10.411136064899313,10.3100045572751,10.66219329948812,10.056949721315046,10.444410582697323,11.113209480517428,10.887462520805819,11.153134563029964,11.5204022347811,11.11114397575108,11.746859001375995,11.90297214847484,11.559023652230378,12.047456531478366,11.19887607969707,11.494436502735576,11.992532479782403,11.463016514598396,11.415715192670921,11.427745721001312,10.074653652143772,10.539455904181622,10.260902843065105,9.972139183067716,10.330608583070857,9.778379723074522,10.308101343078919,9.670048629,10.01883395,10.57246678,10.75277709,10.66522517,11.04255089,10.468713,10.89244646,11.59971662,11.40085708,11.71867782,12.1529616,11.81681807,12.53485404,12.79834273,12.58640671,13.20190488,12.52396228,13.02880107,13.81556432,13.63152027,13.99515919,14.4960048,13.72436025,14.88079668,15.14157866,14.852815,15.2112844,14.65905554,15.18877716
0.0,0.0,0.0,0.0,0.0,0.0,0.0,0.0,0.0,0.0,0.0,0.0,0.0,0.0,0.0,0.0,0.0,0.0,0.0,0.0,0.0,0.0,0.0,0.0,0.0,0.0,0.0,0.0,0.0,0.0,0.35116771825506604,0.366914417248128,0.38564517945880383,0.4079254969493013,0.42413976755229493,0.45415376880503233,0.49165272242435054,0.5349628541978321,0.5808982296051142,0.6130022898367392,0.6752687680749314,0.7552872004392428,0.8425874951384428,0.9408801756856989,1.0690884951729562,1.2267137538987134,1.378431984626971,1.5821766328643614,1.832058747618283,2.1767326366251076,2.589232284856209,3.0799022866380423,3.663556240479793,4.357814981788306,5.1836385656278665,5.8276142549989345,5.827614254999648,5.8276142549998164,5.827614254999653,5.827614254998788,8.986514534764048,9.347466314771923,9.846811260562228,9.965386013072772,9.85016676247088,10.23023248121928,9.617243247601188,10.026482975828973,10.60946431042303,10.442041600192871,10.613877601956174,11.00349363959342,10.615140064895865,11.190853194350295,11.277600634864864,10.977919426141021,11.395269705414702,10.511328257179409,10.800821962427605,11.19452339342304,10.628813845194367,10.40228427341498,10.362271289575814,8.8948293482702,9.218591974433506,8.779617985065489,8.57468203506799,8.82612217507112,8.327599225074819,8.899604995079367,9.337682253,9.714380732,10.23245644,10.37331151,10.27430653,10.68438625,10.10889597,10.56144583,11.19036254,11.05504389,11.28914637,11.75878084,11.45772756,12.13173337,12.34668913,12.20463318,12.77370169,12.09350489,12.63288071,13.37125603,13.21804613,13.48218656,14.02582753,13.25264433,14.40223054,14.60723224,14.40229629,14.65373643,14.15521348,14.72721925
0.0,0.0,0.0,0.0,0.0,0.0,0.0,0.0,0.0,0.0,0.0,0.0,0.0,0.0,0.0,0.0,0.0,0.0,0.0,0.0,0.0,0.0,0.0,0.0,0.0,0.0,0.0,0.0,0.0,0.0,0.537510773004101,0.5616132741966392,0.5902832969562586,0.6243864051138129,0.6492045893387721,0.6951451703650356,0.7525425064496827,0.8188346546122443,0.8891451013300943,0.9382848067603557,1.0335922655904524,1.156071545999357,1.2896967240778543,1.440147269373211,1.6363878385678374,1.8776551027789348,2.1098808434671135,2.4217402134391093,2.8042193585287567,3.331790427518141,3.9631782039525723,4.7142165205102255,5.607579639008813,6.670238685688454,7.934275924419509,8.919969803998368,8.919969803999459,8.919969803999718,8.919969803999468,8.919969803998145,8.977836415015014,8.948575942823418,9.185941099064785,9.106463582908278,8.792496001684434,8.99204887565931,9.548692013575854,9.520614765414578,9.608152608698107,9.758595423269348,9.340707904440814,9.505241984033532,9.927195025956635,10.150671450663008,9.945620431470285,9.93156977726112,9.471629226574988,9.901863716604943,9.56312440151747,9.443284662530445,8.8266268560985,7.675404949543295,7.109193211047235,6.83455924437044,5.825805865642502,4.78257691606681,5.015717836068902,4.546261856072113,5.504570156075634,5.497690526080813,9.515347188,9.510189217,9.776224396,9.730849988,9.441700591,9.687194046,10.30123452,10.33944942,10.49729771,10.69688023,10.37430017,10.66131353,11.21689175,11.59081872,11.58200827,11.80922488,11.58151007,12.32360393,12.36734376,12.77507509,12.78980506,12.38962147,12.71677285,13.50479793,13.76008179,13.70254672,13.93568764,13.46623166,14.42453996,14.41766033
0.0,0.0,0.0,0.0,0.0,0.0,0.0,0.0,0.0,0.0,0.0,0.0,0.0,0.0,0.0,0.0,0.0,0.0,0.0,0.0,0.0,0.0,0.0,0.0,0.0,0.0,0.0,0.0,0.0,0.0,0.5411414267581017,0.5654067299647213,0.5942704063792763,0.6286038663434805,0.6535896867131448,0.699840576576628,0.7576256069442392,0.8243655300141612,0.8951508935153437,0.9446225164902411,1.0405737361537288,1.1638803113472915,1.2984080699484235,1.4498748438749107,1.6474409335893432,1.890337854251101,2.124132179792924,2.438098025484432,2.82316065245703,3.354295236781043,3.9899477656927687,4.746059022590146,5.6454564241631635,6.715293274992639,7.9878685408228485,8.980220357998357,8.980220357999457,8.980220357999716,8.980220357999464,8.980220357998132,8.930695981261016,8.954564117055334,9.006385017641769,9.108507930678611,8.667535348310066,9.033734502447716,9.4965055930813,9.525718450012663,9.60890183651286,9.767352733539465,9.201241083877553,9.548478208685603,9.930020720086072,9.932787016161337,9.94202036644879,9.935551745788965,9.51282866024918,9.829155124559636,9.556903437589202,9.191355213267585,8.817905774358314,7.485340367463409,7.132202685892885,6.727752755066266,5.525099099239221,4.731143962066834,4.975132782068914,4.3140403420721745,5.378362102075666,5.452269142080838,9.471837408,9.519970847,9.600655424,9.737111797,9.321125035,9.733575079,10.2541312,10.35008398,10.50405273,10.71197525,10.24181482,10.71235852,11.22842879,11.38266186,11.5894613,11.8258896,11.63696084,12.26725315,12.38006409,12.54565045,12.80785354,12.23139939,12.77765911,13.44304603,13.51296764,13.71136432,13.95535314,13.2942607,14.35858246,14.4324895
0.0,0.0,0.0,0.0,0.0,0.0,0.0,0.0,0.0,0.0,0.0,0.0,0.0,0.0,0.0,0.0,0.0,0.0,0.0,0.0,0.0,0.0,0.0,0.0,0.0,0.0,0.0,0.0,0.0,0.0,0.5498573210761033,0.5745134533855882,0.6038420226004698,0.6387284744330145,0.6641167289151347,0.7111125587300436,0.7698283036815742,0.8376431733135324,0.9095686412625184,0.9598370789262715,1.0573337368964888,1.1826263494269829,1.3193208793541054,1.4732272528546648,1.673975440766768,1.9207845806488113,2.1583445144638334,2.4773672510071525,2.8686318891297957,3.408321192565479,4.054211858849455,4.822501421605339,5.736384967306996,6.82345314523186,8.11652514441166,9.124860275998332,9.124860275999447,9.124860275999712,9.124860275999454,9.1248602759981,9.034380352943014,9.090959131634467,9.193401194420575,9.259937974589075,8.624008681108078,9.155163808294299,9.605986476343965,9.670629866713291,9.768763548765685,9.835846921103435,9.148221933134804,9.675777570605915,10.080721450680386,10.142511657181572,10.107774029271363,9.99751844939126,9.637267145578273,9.935458759036914,9.700647150916433,9.394220227483135,8.853728671201635,7.365595088448239,7.215476512749047,6.779118634827047,5.673140735650394,4.813998064066852,4.939546994068945,4.12233468407224,5.40411240407568,5.528213134080867,9.584237674,9.665472585,9.797243217,9.898666449,9.28812541,9.866276367,10.37581478,10.50827304,10.67833219,10.795684,10.20555567,10.85840392,11.40004233,11.61573891,11.78174947,11.91830303,11.79561166,12.41282601,12.56927904,12.80254142,12.90794053,12.18809651,12.95186148,13.60257178,13.78966588,13.93885834,14.06440727,13.24719496,14.52897268,14.65307341
0.0,0.0,0.0,0.0,0.0,0.0,0.0,0.0,0.0,0.0,0.0,0.0,0.0,0.0,0.0,0.0,0.0,0.0,0.0,0.0,0.0,0.0,0.0,0.0,0.0,0.0,0.0,0.0,0.0,0.0,0.5685336426871068,0.5940272392605834,0.6243519756083781,0.6604233722790059,0.6866739581108701,0.735266036985956,0.7959761068183454,0.8660943600131087,0.940462831119365,0.9924386744549271,1.0932468804767121,1.222795151770688,1.3641326152471678,1.5232665356390815,1.7308332882525423,1.9860254880599335,2.2316543254900516,2.56151291162658,2.9660671504083367,3.5240874110117035,4.191916244428668,4.986301345816873,5.931225640382482,7.055216914764949,8.392209086682657,9.434793086998274,9.434793086999429,9.434793086999703,9.434793086999436,9.434793086998036,9.623632347331997,9.748823180759457,9.80592866441265,9.930799067743063,8.672527568912342,9.799670223038365,10.23797673320717,10.378621850013687,10.484974328908809,9.945961885574782,9.190405419554589,10.371507388262179,10.834850064787286,10.84300976439712,10.875221281785542,10.089834871980155,10.363372644552001,10.638658808417437,10.484094949637832,10.10567526903685,8.886664405622456,7.295062914236741,7.898412819673517,7.410166165293902,6.288459933379309,5.479291553066802,4.815542533069004,3.913774233072325,6.01575251307559,6.245200323080801,10.19216599,10.34285042,10.43028064,10.59122244,9.359201527,10.53493626,11.03395284,11.24471621,11.42543716,10.93840056,10.2836523,11.59430254,12.19898268,12.3662763,12.60605457,12.07586036,12.59502697,13.20017172,13.4501621,13.62976268,13.07858065,12.28136426,13.82963846,14.46538308,14.68066902,14.91408464,14.25033562,13.34856732,15.4505456,15.67999341
0.0,0.0,0.0,0.0,0.0,0.0,0.0,0.0,0.0,0.0,0.0,0.0,0.0,0.0,0.0,0.0,0.0,0.0,0.0,0.0,0.0,0.0,0.0,0.0,0.0,0.0,0.0,0.0,0.0,0.0,0.500003651013094,0.5224242967007379,0.5490937455274479,0.5808171628914781,0.6039035517551679,0.6466384314942561,0.7000306220179057,0.7616969509168222,0.8271011843367511,0.872811955839095,0.9614689275263674,1.075401690279462,1.1997025978372977,1.3396548103746548,1.5222018512940607,1.7466336562628684,1.962654848832386,2.2527528922951383,2.6085429128604223,3.099300445382585,3.6866304288503695,4.385261822284207,5.216286693531447,6.204794142698163,7.380627755947838,8.297540612998484,8.297540612999498,8.297540612999738,8.297540612999505,8.297540612998274,10.128468749006,10.436668783319288,10.512987914493564,10.517611747130578,8.72737521426804,10.54922753853004,10.806263858007592,11.152996439109945,11.145492425691387,10.226144724190572,9.291502552504884,11.246291969753296,11.726113902197048,11.77569298966142,11.687548128743883,10.506478703777082,11.422545641209467,11.512491997748715,11.643000167185555,11.356067814665728,9.583920351200526,7.859461537769244,9.48098103652436,8.879823287360477,8.189304174113795,7.330769437066248,6.161964407068615,5.011201847071945,7.814412197075163,8.31669049708013,10.6284724,10.95909308,11.06208166,11.09842891,9.331278766,11.19586597,11.50629448,11.91469339,11.97259361,11.09895668,10.25297148,12.32169366,12.9258165,13.1153478,13.20974998,12.25311236,13.38520049,13.76524489,14.25154308,14.45536826,13.27055078,12.24472336,14.69726773,15.08461743,15.56993193,15.62831005,14.45950502,13.30874246,16.11195281,16.61423111
0.0,0.0,0.0,0.0,0.0,0.0,0.0,0.0,0.0,0.0,0.0,0.0,0.0,0.0,0.0,0.0,0.0,0.0,0.0,0.0,0.0,0.0,0.0,0.0,0.0,0.0,0.0,0.0,0.0,0.0,0.5144662297290967,0.5375353913875024,0.5649762525872764,0.5976172680925167,0.6213714295125325,0.6653424133498472,0.7202789701130303,0.7837289942590124,0.8510250416132574,0.8980579947230403,0.9892793645485096,1.1065076263370806,1.2344039309612844,1.378404253719835,1.5662314579806904,1.797154940838568,2.019424534785818,2.317913648554632,2.6839948763308388,3.188947544088898,3.79326601574264,4.512105284660057,5.367167505616678,6.384267479589887,7.594112016867995,8.537546528998439,8.537546528999483,8.53754652899973,8.53754652899949,8.537546528998224,10.333972280289993,10.519373978632522,10.709766417433732,10.790107181929534,8.62106219051068,10.891264926674442,11.024148959912463,11.237309975767753,11.433650388414872,10.338126145306628,9.166071325482756,11.612202623695671,11.806783019073066,11.989077206316239,11.987848492057244,10.60745484920139,11.797059745256018,11.732215771489217,11.694751533715149,11.544315355959414,9.641361804308271,7.61603338539344,9.803660054439112,9.01254012046875,8.27514128319364,7.498136531066282,6.100735751068653,4.644480481072048,7.907858111075177,8.224976281080211,10.84843851,11.05690937,11.27474267,11.38772445,9.24243362,11.55660734,11.74442793,12.02103897,12.28467543,11.23618414,10.15535069,12.71871025,13.04118695,13.36748146,13.55407995,12.40460979,13.81648428,14.05012942,14.37874641,14.7332629,13.43462782,12.12813867,15.17082756,15.3968076,15.8692533,16.03568306,14.63828228,13.18202701,16.44540464,16.76252281
0.6652489082640494,0.9259378579906964,1.2507491761914729,1.6554552158680567,2.145824274170111,2.7720705037639894,3.554896574437936,4.528528909229428,5.734213940233499,7.206595506671819,9.075998838799052,11.414232538047361,14.317678754271826,17.929244025370785,22.446527751976344,28.08353365228651,35.060420406721555,43.78948358597194,54.67956556923708,68.31621359654598,85.12013805703054,106.05736942103051,129.32376854733928,154.8693939648818,182.91050594668167,202.52615560705533,202.52615573410858,202.52615584039785,202.5261556800875,202.5261553209952,0.4967644827450934,0.5190398810052188,0.5455365574287884,0.577054461319727,0.5999912898790501,0.6424493207069211,0.6954956211776624,0.7567624577621354,0.8217429836410143,0.8671576275445771,0.9552402537268827,1.0684349270899345,1.1919305774168896,1.3309761390428603,1.5123405874328606,1.7353184582563634,1.9499402030603117,2.2381589074920596,2.5916440173984885,3.0792222806825023,3.662747370643131,4.356852827844193,5.182494079617037,6.164597691620694,7.332813914635778,8.243786744998493,8.2437867449995,8.24378674499974,8.243786744999507,8.243786744998285,10.105811049009956,9.978742741024117,9.830831276400762,9.567241752834294,6.990343224974107,8.630376725553456,7.948059404410001,7.1345435430353294,6.173198686153755,3.819750515813452,0.6666042475058679,0.7734331148958139,4.657580170021647e-11,6.932104760637217e-11,8.185809230305216e-11,6.352767960072772e-11,5.3178257647721503e-11,5.157028321233178e-11,5.352329336485467e-11,6.271305495904605e-11,5.769236647519603e-11,5.604922110856739e-11,6.348447523351698e-11,6.621976945069495e-11,6.825201595719502e-11,7.305155337441371e-11,7.367613753916595e-11,7.480037694907406e-11,9.060172064335287e-11,9.248502579005788e-11,11.26782444,11.42372048,11.62711701,11.79975143,9.736158789,12.04489655,12.1984516,12.41983491,12.72915561,11.89350365,10.69784334,13.25610058,13.47382612,13.78526106,14.04448931,13.1302825,14.40025769,14.59328839,14.8557589,15.19372786,14.22055683,12.77601644,15.81182463,15.99202733,16.36522185,16.61588098,15.49462537,13.88620286,17.0811617,17.31861668
2.1066302151841563,2.9321486210569856,3.960722029679487,5.242296431169239,6.795138175030442,8.778259399310569,11.257218828224138,14.340400580907215,18.15841889669267,22.82097971807473,28.740781306478166,36.145218502552716,45.339502703967476,56.776173143698564,71.08096383303523,88.93155600274281,111.0251216775281,138.6672688726971,173.1526704521509,216.33556697598544,269.548213494269,335.849719089821,409.5269529629533,490.421766470879,579.2189866307282,641.3354662696668,641.3354666720038,641.3354670085878,641.3354665009363,641.335465363806,0.48674245723209153,0.5085684582075286,0.5345305747413505,0.5654126174790002,0.587886704660883,0.6294881616333982,0.6814642741274339,0.7414950766944235,0.8051646463539534,0.8496630679113648,0.9359686622052931,1.0468796781335146,1.1678838529196214,1.3041242257398535,1.481829718644808,1.7003090997657475,1.9106009363802372,2.1930049432853473,2.539358631938848,3.0171001980274124,3.5888529017925825,4.26895505794776,5.077939326427174,6.040229389359203,7.184877315528541,8.077471631998524,8.077471631999511,8.077471631999746,8.077471631999519,8.07747163199832,8.832779027602884,8.167631650755553,7.271577745600262,6.202439131373967,2.741514120332271,2.9218769890808036,0.43117224767507073,2.740978828007207e-11,2.8667964635494554e-11,2.997835718132801e-11,3.1324299665070074e-11,3.299809640007278e-11,3.460291634408542e-11,3.6296090047759785e-11,3.8050806495419427e-11,3.9842203511809875e-11,4.187822628949013e-11,4.397531392270265e-11,4.61709763790339e-11,4.839286715948799e-11,5.078211422051786e-11,5.324257269236311e-11,5.6157593382644416e-11,5.894364899675156e-11,6.194465396664267e-11,6.516999055809276e-11,6.828878427819141e-11,7.14108690263527e-11,7.55144969442408e-11,7.929223247112434e-11,11.4261517,11.60834873,11.76683035,12.01014818,10.124539,12.32962455,12.36985535,12.6205622,12.9561242,12.33400379,11.12458562,13.5694601,13.69158784,13.95090701,14.29491111,13.61658926,14.74066383,14.79834264,15.09585518,15.37629817,14.74724412,13.28565808,16.18559864,16.21673564,16.56186903,16.91215226,16.06850038,14.44013039,17.32117373,17.59851726
3.393868909548252,4.723813401826748,6.380887950340625,8.445557622853014,10.947250268269915,14.142141055669558,18.13584781691327,23.10298187655783,29.25396820753918,36.765547646830115,46.30259426125953,58.23145059842323,73.04382491633571,91.46877674432409,114.5143896042398,143.27243614944237,178.86608951312084,223.3987385194105,278.9561550086462,348.52559765697055,434.2533847700004,541.0678683348403,659.7649569748988,790.0898666478823,933.1458821662387,1033.2181148237162,1033.2181154718978,1033.2181160141488,1033.2181151963011,1033.218113364337,0.5865505607221103,0.6128520532676015,0.6441377851452808,0.6813522898897795,0.7084347607989595,0.7585667300807153,0.821200711305401,0.89354102266122,0.9702662419837774,1.0238892077389572,1.1278920412177313,1.2615457170299842,1.407362186326938,1.5715390849790984,1.7856836597086845,2.048962939333149,2.3023757921648804,2.6426876473137306,3.0600622717570896,3.6357662797102948,4.324758710933392,5.144317997603392,6.119187087491943,7.278797817157469,8.658159475357522,9.73378312199822,9.73378312199941,9.733783121999693,9.73378312199942,9.733783121997975,7.547255049748807,6.352381714925772,4.90006397453531,3.0535594572796714,2.361388323739974e-11,2.4662210888881787e-11,2.5741518215420864e-11,2.697190573114025e-11,2.8291696133012332e-11,2.967040058658242e-11,3.111144009245364e-11,3.267263228570434e-11,3.4294475298529674e-11,3.599011756638281e-11,3.7747321678759314e-11,3.959068486328315e-11,4.1578467736929696e-11,4.364934148877328e-11,4.581118061260622e-11,4.804813082741035e-11,5.04449353077176e-11,5.292768695900305e-11,5.565032613161957e-11,5.841184641704004e-11,6.134382295332427e-11,6.447352320563385e-11,6.764037421307156e-11,7.090224820537743e-11,7.458978169679405e-11,7.813970440023656e-11,11.52767452,11.68904717,11.92508971,12.18046937,10.38345914,12.59116204,12.4797631,12.70829731,13.13986069,12.54533407,11.40908048,13.85729714,13.78676846,14.13854136,14.49763352,13.8498953,15.05334458,14.92982781,15.20079793,15.58310349,14.99992276,13.62541918,16.52892952,16.36082341,16.78461981,17.15199092,16.34381737,14.80941541,17.47507458,17.72085791
4.267934902308316,5.940396823497735,8.02423874250413,10.620648913875785,13.766634112710117,17.78434553999716,22.806602123904383,29.052985052237116,36.78811270309002,46.23424421695529,58.227487089757524,73.22853269961269,91.85572515233733,115.02588790045834,144.00672896747872,180.17119902911534,224.93173620370166,280.93344164714733,350.7992624068685,438.28580367473444,546.0921522605607,680.4159209824054,829.6825723795922,993.5717046523946,1173.4707455075768,1299.3158461563278,1299.3158469714438,1299.3158476533474,1299.315846624869,1299.315844321096,0.6803477273551279,0.7108551752677905,0.7471439080846453,0.7903095027034552,0.8217228177151026,0.8798715497301053,0.9525215302005994,1.036430010940099,1.125424604232554,1.1876225890757783,1.3082568466045181,1.4632835070165018,1.6324179519226625,1.8228489008671118,2.071238015973131,2.3766191229857654,2.6705560315011936,3.0652882383163877,3.549406567086123,4.217173234904155,5.016344638253303,5.966962258381861,7.097725766574406,8.442773538028735,10.042713308271004,11.290343354997937,11.290343354999317,11.290343354999644,11.290343354999328,11.29034335499765,6.591477940355756,5.063471951254651,3.0993053994325934,0.7181641234437232,2.341407699120496e-11,2.4501293260414664e-11,2.565218896994386e-11,2.690012285182232e-11,2.8236558870031998e-11,2.961277794542684e-11,3.10643508948069e-11,3.2603202678724217e-11,3.4226553729917855e-11,3.5921000843448256e-11,3.7679094651056205e-11,3.953036098977887e-11,4.1503940969481726e-11,4.3569860375854625e-11,4.572600665698014e-11,4.7966396770437306e-11,5.036274580088815e-11,5.28637496212407e-11,5.555642682094682e-11,5.830891804364943e-11,6.121500663465803e-11,6.4295940841744e-11,6.747869154715768e-11,7.079053185933363e-11,7.442105265774002e-11,7.787179000279065e-11,11.53976057,11.71472395,11.87068805,12.12912254,10.60049514,12.59245041,12.49284736,12.73621303,13.08446954,12.59336368,11.64755411,13.85871505,13.81705321,14.07404205,14.43651868,13.9029194,15.05488488,14.9454808,15.23418881,15.51201416,15.05734972,13.91021892,16.5306208,16.37797672,16.70804923,17.07968662,16.40638941,15.11896315,17.49339611,17.75978448
4.791782252196356,6.669522549288342,9.009135723443617,11.924229899756343,15.456354073743512,19.96720036179446,25.605889919061852,32.61895538081918,41.30349444812866,51.909046401503424,65.37434277073623,82.21662030379203,103.13011880981115,129.14419287099204,161.68214929660755,202.28545505642867,252.53991126098668,315.41527941421106,393.8564477109666,492.0811079621505,613.1196335376603,763.9303337339882,931.5180095963766,1115.5229331316286,1317.5028252548134,1458.794183632469,1458.7941845476325,1458.7941853132334,1458.794184158519,1458.7941815719805,0.8102125700311523,0.8465432826720249,0.8897588124615007,0.9411638601258601,0.978573351868749,1.0478215197035718,1.1343389357586522,1.2342638757472786,1.3402457659648965,1.414316108415358,1.5579770451632837,1.7425952101184772,1.9440140548920755,2.17079448253833,2.4665961369366904,2.830268420393169,3.180312035591411,3.6503907657741435,4.226917649867008,5.022147686450312,5.973865007709085,7.1059366148495124,8.452540375299655,10.05433100075117,11.959667435374696,13.445445230997542,13.445445230999187,13.445445230999576,13.445445230999198,13.445445230997203,5.937765747791714,4.242675448059858,1.9717935141163991,2.2617363521638097e-11,2.3363623606890568e-11,2.4462799559453134e-11,2.5630130762586215e-11,2.688097752435405e-11,2.8223056883955576e-11,2.95967888419715e-11,3.105208810013236e-11,3.258421881043171e-11,3.420768222884681e-11,3.5900603685462375e-11,3.7658378580652313e-11,3.951078453573888e-11,4.1478624696763145e-11,4.354133296019926e-11,4.5695452394547076e-11,4.793324397856612e-11,5.0336068754929264e-11,5.282818209452514e-11,5.550374946269187e-11,5.82468266735796e-11,6.113964303012012e-11,6.419845450803062e-11,6.738079939388067e-11,7.07133373857571e-11,7.433046179533374e-11,7.77590073952198e-11,11.53976057,11.75874128,11.87068805,12.20175952,10.76676248,12.70324954,12.49284736,12.78406854,13.16282775,12.62080917,11.83024443,13.98065586,13.86896991,14.07404205,14.52297382,13.93321889,15.18735061,14.9454808,15.2914303,15.51201416,15.09016513,14.12839884,16.67607132,16.37797672,16.70804923,17.18197075,16.44214486,15.35610206,17.49339611,17.82651574
4.950878340000367,6.8909631092440975,9.308255794569192,12.320136522236382,15.969533791732381,20.63014857078377,26.456053114393953,33.70196540010026,42.67484732550951,53.632523339615695,67.54489260588689,84.94636509484668,106.55423066921028,133.4320203988318,167.05029752768462,209.00170859745313,260.9247062665567,325.88765364728664,406.93321470272184,508.419116460587,633.4763463258845,789.2942424124725,962.4461409775206,1152.5603703890397,1361.246370795243,1507.2288652002287,1507.2288661457774,1507.2288669367974,1507.2288657437446,1507.228863071328,0.9452175791641777,0.987602046552032,1.0380185421247126,1.0979891677449207,1.1416321702493328,1.2224190994867665,1.323352836612048,1.4399281816113776,1.5635697411380198,1.6499823597131609,1.817581392209178,2.0329623198859372,2.2679434099073195,2.5325120610865626,2.877602885427175,3.3018735621517097,3.710244637592859,4.258652173830922,4.931245226397819,5.858983745721223,6.969284888561114,8.289992593578122,9.860979756239795,11.729675347149893,13.952496318884398,15.685847963997134,15.685847963999052,15.685847963999505,15.685847963999064,15.685847963996737,5.675088380854688,3.9902194542241114,1.6653634533276653,2.252096098552194e-11,2.33488240244051e-11,2.445696884399562e-11,2.56269639872594e-11,2.6880325988679845e-11,2.822006961539691e-11,2.9592136597434173e-11,3.105317390151037e-11,3.2583925139179636e-11,3.420804583679426e-11,3.58992333799966e-11,3.765586366135849e-11,3.9507422045964804e-11,4.147391860300968e-11,4.353614548374705e-11,4.5689784967958944e-11,4.792748411442286e-11,5.0332766670543924e-11,5.280358307647618e-11,5.545339443330045e-11,5.818902487741311e-11,6.10738722236797e-11,6.412007295471497e-11,6.729745606747497e-11,7.063808015023487e-11,7.425478813749983e-11,7.771993930794935e-11,11.5711843,11.86878461,12.01163779,12.34202402,10.68172499,12.85914135,12.52686642,12.90370732,13.31414015,12.49730446,11.73680739,14.15222375,13.99876166,14.2411539,14.68992169,13.7968712,15.37372682,14.98617859,15.43453405,15.69620014,14.94249579,14.01681063,16.88071682,16.42257531,16.90643665,17.37948494,16.28124533,15.23481727,17.54103209,17.9933439
4.943843302524367,6.8811712742624955,9.295029065117587,12.302630007999683,15.946841602390663,20.600833799067747,26.41845992135928,33.65407600082156,42.61420775216513,53.55631326420781,67.44891350517749,84.82565906637008,106.40282056488034,133.24241782742138,166.81292447531342,208.70472395118304,260.5539407253862,325.4245778657932,406.3549758087193,507.6966693931814,632.576196992673,788.1726809048708,961.0785362404572,1150.922619500772,1359.312083871801,1505.087141889049,1505.0871428332541,1505.08714362315,1505.0871424317927,1505.0871397631734,1.0633832359172,1.1110663652591002,1.167785640680416,1.2352534484505453,1.2843524477193935,1.3752388934711546,1.4887907849757613,1.6199397080662188,1.7590382231187547,1.8562536494820339,2.0448049475543804,2.2871115580919095,2.551468630362237,2.849112130245099,3.2373442215241757,3.7146547742109575,4.174078049052706,4.791044336330059,5.547721097808048,6.591440142512567,7.840544738260434,9.326359712526614,11.093742640479318,13.196051789409179,15.696757034309297,17.646802316996773,17.64680231699893,17.64680231699944,17.646802316998947,17.64680231699633,5.557914731577669,3.9596908204986465,1.6600991942235714,2.2506249529265322e-11,2.3344975580422916e-11,2.4457459865682286e-11,2.562897304329208e-11,2.688398226403744e-11,2.8218781502979768e-11,2.959112283103371e-11,3.105215779889776e-11,3.258246419214941e-11,3.420837188650315e-11,3.589788715396814e-11,3.7652327815397754e-11,3.950477692880235e-11,4.146883912977428e-11,4.353181642742881e-11,4.5685240520888626e-11,4.792719903961407e-11,5.03230494110658e-11,5.280588366120987e-11,5.5419906624872984e-11,5.814514766488303e-11,6.102647184822227e-11,6.406563490895247e-11,6.722756038868198e-11,7.057179774386315e-11,7.418804709156765e-11,7.768099926491144e-11,11.56514127,11.95192846,12.1229139,12.37959487,10.56749551,12.83079738,12.52032429,12.99410107,13.35467026,12.39163932,11.61129496,14.12102959,14.09682654,14.3730843,14.73463987,13.68021818,15.33984024,14.97835209,15.54265688,15.84161013,14.81615648,13.86691603,16.84350855,16.41399866,17.0630583,17.43239052,16.14358683,15.07189741,17.53187132,18.11939185
4.568725827792339,6.359057721375027,8.589762409783395,11.369159584532403,14.736864144410553,19.03773151624769,24.413941297771547,31.100550083561625,39.38082574114226,49.49269155164889,62.33118129579252,78.38945446311955,98.3294341502497,123.13255870686815,154.1558803190205,192.86911100341067,240.78423317286746,300.7327665775145,375.52251550555224,469.17483912898433,584.5790475946898,728.3695424108085,888.1560483150024,1063.5955825741255,1256.173354532552,1390.8876308267174,1390.8876316992805,1390.8876324292426,1390.8876313282801,1390.8876288621443,1.1208422898212107,1.1711019385275574,1.230885994165216,1.3019993704119874,1.3537513944327146,1.4495488158414223,1.569236392049802,1.7074718412267909,1.8540864321439965,1.9565548155175403,2.1552943306255496,2.4106937830717303,2.6893351761329396,3.003061602026194,3.412271500653184,3.915373143371705,4.3996209836403475,5.049924545721597,5.847487724586234,6.947603284511902,8.264202237773237,9.83030202358632,11.693184059947171,13.90908978500423,16.544918617160096,18.6003330209966,18.600333020998875,18.60033302099941,18.600333020998892,18.60033302099613,6.065324142405668,4.4413320601176265,2.3158659060728595,2.274141509243862e-11,2.33658091333413e-11,2.4474393693345032e-11,2.5643188271742005e-11,2.689546030529414e-11,2.8220218767092178e-11,2.95965397848456e-11,3.1054574865407694e-11,3.258416905162171e-11,3.421180596757776e-11,3.589930440079199e-11,3.7650839448568866e-11,3.9500650038992415e-11,4.146556617241809e-11,4.3531456001707725e-11,4.568474819360558e-11,4.792433114355517e-11,5.032445513834041e-11,5.280267040223447e-11,5.543285141543595e-11,5.816295987541062e-11,6.104089239398561e-11,6.407928464220804e-11,6.724319567863263e-11,7.05443529090353e-11,7.41344064091635e-11,7.76781710166556e-11,11.75489226,11.97149172,12.13651431,12.29318192,10.52814981,12.66588704,12.72574711,13.01537019,13.26145101,12.25441186,11.5680629,13.93953629,14.11990063,14.38920912,14.63178806,13.52872074,15.14268193,15.22410413,15.56809755,15.85938246,14.65207944,13.81528567,16.62702405,16.68330556,17.08220094,17.31070768,15.96480957,15.01578057,17.81951933,18.14905018
3.8569839959642858,5.368407907420486,7.251600860382389,9.598007894970268,12.441072478003585,16.07192651635075,20.610600069520395,26.255531292396732,33.24585898927528,41.782441413024785,52.62087894286912,66.17750390653683,83.01112129396427,103.95027546312848,130.14060937019593,162.82287501928562,203.27350969034654,253.88292304509417,317.02150381149954,396.08414118910486,493.5100323230089,614.9000343020823,749.7940987028189,897.9026745732689,1060.4795969842653,1174.207324862736,1174.207325599366,1174.2073262156105,1174.2073252861624,1174.2073232042148,1.1204502869492108,1.1706923578689075,1.2304555046581735,1.3015440097451223,1.3532779340365368,1.449041851298708,1.5686875680286914,1.7068746708026388,1.8534379847995868,1.9558705309273945,2.1545405389678978,2.409850668125891,2.688394609273187,3.0020113126291235,3.4110780943725256,3.9140037825516396,4.398082262201158,5.0481583874107585,5.845442626892438,6.9451734329031805,8.261311919446193,9.826863978233401,11.68909449107923,13.904225226277152,16.53913220485764,18.593827748996603,18.593827748998876,18.593827748999413,18.59382774899889,18.59382774899613,6.617922117105701,5.2697718647307745,3.5246358249807628,1.1606907453074462,2.3438446405370302e-11,2.452919117108455e-11,2.567762032150283e-11,2.6923044028130818e-11,2.8237894067237583e-11,2.9615427266908404e-11,3.1071113902204813e-11,3.260419304696352e-11,3.4232693856059554e-11,3.59174084871068e-11,3.7664090511489825e-11,3.951006569196698e-11,4.147849532658041e-11,4.354776575964616e-11,4.5703573362873474e-11,4.793917966131833e-11,5.0339446425695107e-11,5.281956732411304e-11,5.54463966162096e-11,5.8174809423903744e-11,6.105294213347352e-11,6.409431183886575e-11,6.725688629041728e-11,7.057810477330251e-11,7.41020961860922e-11,7.772507350074793e-11,11.5953564,11.80887213,12.00669219,12.06024265,10.50530391,12.50484179,12.55303493,12.83857065,13.01016435,12.15835264,11.54296041,13.76229674,13.92809726,14.23529032,14.35453535,13.42267254,14.95014453,15.01748458,15.35662201,15.68973748,14.53722551,13.78530675,16.41561341,16.45688192,16.89947569,16.98269304,15.83966549,14.98319659,17.57767514,17.90251524
2.8121869110602087,3.914189549730194,5.287254768269236,6.998056565111519,9.070979091124297,11.718291139422604,15.027508489858555,19.143315481906786,24.24007193040451,30.46422670583887,38.36669977538339,48.25104550273637,60.52469728149716,75.79175966620213,94.88753872227717,118.71668599857657,148.20987173257544,185.1099807196947,231.14530018173767,288.7910965396804,359.82582630050325,448.33316132090084,546.6865179032436,654.6747799531917,773.212138086655,856.1327901036445,856.132790640733,856.1327910900465,856.1327904123713,856.1327888943912,1.0601092612381993,1.1076455823995606,1.164190228895698,1.231450314852255,1.280398146719793,1.3710047686864828,1.4842070533842662,1.6149521914244487,1.7536224459959213,1.8505385627278548,2.03850934367831,2.2800699337025763,2.5436130958682543,2.84034020244241,3.2273769936702057,3.703217988994473,4.161226778335632,4.776293532185978,5.530640615638593,6.571146228337664,7.816405045179326,9.29764544986502,11.059586908779306,13.155423408255471,15.648429410422667,17.592470837996785,17.592470837998935,17.592470837999443,17.59247083799895,17.592470837996338,7.513971557720758,6.662321227890356,5.280766122856256,3.634114990058639,0.2821175221804428,2.4818908145508024e-11,2.5807629438687745e-11,2.702263015468087e-11,2.8320692636158993e-11,2.968314899842236e-11,3.1127073719049996e-11,3.2667311515741316e-11,3.4296143064685224e-11,3.5976417139603473e-11,3.771052007275148e-11,3.954500292439999e-11,4.151952048160161e-11,4.35977029256915e-11,4.5761894143280116e-11,4.799117549129351e-11,5.039144434622858e-11,5.288466367410525e-11,5.5529717230174514e-11,5.826120149387418e-11,6.114047309345147e-11,6.420017923740661e-11,6.736101275910474e-11,7.066919312137407e-11,7.423016943184753e-11,7.78772293138153e-11,11.38626773,11.68415636,11.73221112,11.86362187,10.63349476,12.18790473,12.32667731,12.70298003,12.79805679,12.16109719,11.68381325,13.4134893,13.78099994,13.909862,14.12051022,13.42570249,14.57123091,14.74668775,15.19443777,15.33105951,14.54050705,13.9535218,15.99955727,16.16012973,16.51314229,16.70582048,15.84324103,15.16602888,17.26071269,17.71344332
1.5009886021801113,2.0891761773766886,2.822041846785574,3.7351724738964913,4.841582959099468,6.25457055081391,8.020846293583942,10.217634622105303,12.937999085503975,16.260105926762883,20.478005512231668,25.75371823901168,32.30470933942264,40.453416147668015,50.645678475676796,63.36434888863031,79.10616727723229,98.80138838470444,123.37247558324214,154.14058809972033,192.05496687397553,239.29524829071426,291.790787131195,349.42890139334503,412.69753506456584,456.9559565348235,456.9559568214914,456.95595706130985,456.9559566996046,456.9559558893914,0.8488995224611596,0.8869649953411033,0.9322440294590034,0.986103623877157,1.0252993866321487,1.0978540948416635,1.1885026430009538,1.2931989128144958,1.404241347013965,1.4818484845239563,1.6323691072747835,1.8258026306056958,2.036839051746893,2.2744480495004593,2.5843739781395745,2.965411299921306,3.3321691962730497,3.8246937809705286,4.428749327249742,5.261950913194504,6.259111916884587,7.445238968278514,8.856141898538624,10.534416646826312,12.53073125524762,14.087453660997426,14.087453660999147,14.087453660999556,14.08745366099916,14.087453660997069,9.070220545377854,8.747141707302262,7.975452433776493,7.103522562248514,4.958264094291792,4.844498624369022,3.153964293441062,1.234684735107691,2.89532407898155e-11,3.014629817742336e-11,3.1478526400150657e-11,3.3105353443352325e-11,3.4685354495619635e-11,3.6311260222361554e-11,3.801094658223854e-11,3.9780563691025016e-11,4.180291707170281e-11,4.391409804768557e-11,4.61383476980715e-11,4.834390875479587e-11,5.0745395318128394e-11,5.32491014366596e-11,5.600901178616675e-11,5.873862094528895e-11,6.162568388248037e-11,6.473320874105325e-11,6.787808177843627e-11,7.117722796036944e-11,7.493238607742903e-11,7.873297082957872e-11,11.42010867,11.72328288,11.72973831,11.82479866,10.82514644,12.19692327,12.36331323,12.74551827,12.75617568,12.24480594,11.89439523,13.42341471,13.82714812,13.90693021,14.07430143,13.51811592,14.58201301,14.79051614,15.2453191,15.32782818,14.64059405,14.20501163,16.01139627,16.20815898,16.50966181,16.65115137,15.95229516,15.43937221,17.31201297,17.77276
0.24233103188401797,0.33729251382446596,0.45561192920328847,0.6030346923017497,0.781662027763929,1.009785506278116,1.2949465146398647,1.6496127537492997,2.088809111775281,2.6251553423208907,3.306125176099264,4.157876420010998,5.215518317437686,6.531107607385854,8.176624064733739,10.230023085144099,12.771502139881767,15.951248639772183,19.918192097361032,24.885630520552365,31.00681659635727,38.63364742344174,47.10892703452218,56.41446318896642,66.62903328041813,73.7744499270652,73.77444997334706,73.77445001206517,73.77444995366874,73.77444982286174,0.7997235743671504,0.8355839503316299,0.8782400127401419,0.9289795716895599,0.9659047609034612,1.034256443347874,1.1196538066718205,1.2182851203936684,1.3228949711884561,1.396006400472754,1.5378075056179963,1.7200356075164829,1.9188468879697727,2.142691420753065,2.434663632872753,2.7936278222494937,3.13913977983363,3.603132880213758,4.172196058840786,4.957131063337282,5.896527471263822,7.013943302108186,8.343113957312939,9.924167833488452,11.804837820885096,13.271380766997574,13.271380766999195,13.271380766999581,13.271380766999208,13.271380766997238,10.973896333767916,11.189880435863914,11.023978188077566,10.925227026030734,9.952069731355785,10.896266200398296,10.593766708713817,10.572854645883815,10.026728397064458,8.941343797236156,8.01132997831417,8.36364045250557,7.447017214627168,5.977805001897522,4.215769742431942,1.286796592646992,1.3312396034114817e-10,2.410160713567907e-10,7.518559630981806e-11,1.4689399661375489e-10,1.2244514877011365e-10,6.891717453940619e-11,9.638512192038498e-11,7.1961968947754e-11,6.918873710966915e-11,7.195255010358306e-11,7.408836938594602e-11,7.742179141915811e-11,8.993625762515036e-11,1.0522530207883487e-10,12.01595094,12.3627569,12.35783013,12.45724129,11.69963652,12.94030815,13.00836703,13.44075252,13.43843248,12.96250554,12.85526266,14.24155248,14.58138242,14.65160403,14.82705744,14.3104475,15.47076567,15.56220885,16.07691087,16.14858676,15.49871695,15.35253807,16.98726779,17.05381698,17.393704,17.54172873,16.88730025,16.68661426,18.21526436,18.74221698
1.699296000000126e-05,2.3651936572705313e-05,3.1948839685461245e-05,4.2286554574657946e-05,5.481242525170931e-05,7.080911009770152e-05,9.080543318920899e-05,0.00011567566614155334,0.00014647339801294532,0.00018408356279850656,0.00023183515720487925,0.00029156244307997395,0.00036572738315211024,0.0004579803480601248,0.0005733687699294271,0.0007173591088744421,0.0008955750459017233,0.0011185481610768476,0.001396721826962681,0.0017450531230888814,0.0021742885756433072,0.0027091042373595165,0.00330341560681238,0.003955946990934569,0.004672222490740649,0.0051732799835256865,0.005173279986771105,0.005173279989486132,0.005173279985391203,0.005173279976218635,0.7486673918581408,0.7822383593835445,0.8221711611839542,0.8696713906135465,0.9042391912745638,0.968227145944112,1.0481725462305729,1.1405070112463276,1.2384383298512327,1.306882158233572,1.439630356429055,1.6102245994205286,1.796343312910658,2.0058970986336657,2.2792291367890707,2.6152762311164115,2.9387299149033543,3.3731006342818026,3.905833517743867,4.640656475863592,5.5200796680582345,6.566157115957975,7.810470475801071,9.290586255556866,11.051189968563982,12.42410545799773,12.424105457999248,12.424105457999609,12.424105457999259,12.424105457997415,11.244303055200938,11.482678598699886,11.449078939997348,11.46354381285391,10.852457246323334,11.905015374970048,11.935243598361701,12.19378425311427,12.066098316778893,11.573102828233342,11.47815668844504,12.557304668169307,12.669302929740661,12.542636421054516,12.399684944479185,11.603555449814927,12.45104462009286,12.158248977601223,12.042477300475412,11.393088581062013,9.878016773417492,8.858619149858326,9.08554706864814,7.726683497511165,6.216024969007453,4.937861562084089,4.350755152082695,4.338795452082994,5.751174722090586,6.164646542105431,11.99298744,12.26494061,12.27128205,12.33325749,11.75675125,12.87331333,12.98350695,13.33440694,13.30468312,12.88016907,12.91801888,14.16782083,14.46601197,14.5489915,14.67948745,14.21954904,15.39067011,15.53246816,15.94970754,16.03549011,15.40027073,15.42748537,16.89932096,17.0212257,17.27188716,17.3671403,16.78003389,16.76807419,18.18045346,18.59392528
6.742368000000501e-06,9.384478059492754e-06,1.267647510100559e-05,1.6778213589299768e-05,2.174815582567821e-05,2.8095227554894478e-05,3.6029252523460344e-05,4.58971191464873e-05,5.811686437287831e-05,7.303960717489131e-05,9.198620753612951e-05,0.00011568445322205418,0.00014511118750874054,0.00018171478326256565,0.0002274979312945791,0.0002846295819082464,0.00035534106659971604,0.0004438110445562976,0.0005541831765045476,0.0006923920456126853,0.0008627015961423446,0.0010749026490168405,0.0013107100633481378,0.0015696176770482323,0.0018538173108422575,0.0020526239934634174,0.002052623994751116,0.002052623995828369,0.0020526239942036065,0.002052623990564168,0.7324616372071378,0.7653059230725278,0.8043743340960153,0.8508463671965385,0.8846659086139591,0.9472687714453006,1.0254836628881707,1.115819443705642,1.2116309278697532,1.2785932119746173,1.4084679248898353,1.5753694620457686,1.7574594249323816,1.9624771813391033,2.229892637582731,2.558665611491478,2.875117773511318,3.3000860461124923,3.8212873222175427,4.540204204153481,5.4005912841278,6.424025199464254,7.641403985639684,9.089480980959753,10.81197443015556,12.155171606997778,12.155171606999264,12.155171606999616,12.155171606999275,12.15517160699747,10.721481230443949,10.964081092469426,10.966152539449883,11.089152784611912,10.496375553253372,11.347541913351415,11.374429447884783,11.636299519201966,11.668778955294023,11.089644398447929,11.096662508933935,11.955691213533946,12.07675423391461,11.992645793913905,11.98131704452418,11.09551336896686,11.823602635464242,11.5338146728871,11.431427804652245,10.840248573849653,9.386809394327491,8.509398587940415,8.497219244353015,7.16513764142221,5.753261502595838,4.656170939074143,3.955970469074784,4.075024639076695,5.206089019081856,5.624803999091119,11.45394961,11.7293964,11.77053955,11.94001593,11.38106321,12.29483878,12.39994914,12.75216486,12.880468,12.36831065,12.50522242,13.53117636,13.83435877,13.95530469,14.21143718,13.65446361,14.69907575,14.83434453,15.25326931,15.38114517,14.78826338,14.93449869,16.13993394,16.25618824,16.56708975,16.81339517,16.1131947,16.23224887,17.36331325,17.78202823
0.0,0.0,0.0,0.0,0.0,0.0,0.0,0.0,0.0,0.0,0.0,0.0,0.0,0.0,0.0,0.0,0.0,0.0,0.0,0.0,0.0,0.0,0.0,0.0,0.0,0.0,0.0,0.0,0.0,0.0,0.7148673015091344,0.7469226404018471,0.7850525958068865,0.8304083321494565,0.8634155001474043,0.9245145903190466,1.0008506952334153,1.0890165357120256,1.1825265486038188,1.2478803431362622,1.37463535778793,1.5375277816687554,1.7152437927038016,1.9153368526526644,2.17632876796393,2.4972043425038337,2.8060550612697095,3.2208152436865904,3.7294968330910705,4.431144735578512,5.270864604676076,6.2697147889931,7.457851127581421,8.871144113094006,10.552261841783386,11.86319430899783,11.863194308999281,11.863194308999624,11.863194308999292,11.863194308997532,10.056220488509961,10.328327289618178,10.341321924214126,10.469650797872598,9.93507738987577,10.621785849705248,10.659837994792086,10.951962234314754,11.007578631424353,10.578381856893483,10.490473642243401,11.169839138364212,11.347575117330736,11.276237407383647,11.273408772074314,10.558844407536444,10.998106818772516,10.729134996357628,10.673100206955286,10.108238184470316,8.86929447537542,7.90032143106065,7.699446152474664,6.41588232696506,5.108162598278966,4.04904238106768,3.543830201069623,3.5381632610726608,4.464952541076212,4.927133191081774,10.77108779,11.07524993,11.12637452,11.30005913,10.79849289,11.54630044,11.66068869,12.04097877,12.19010518,11.8262622,11.865109,12.70736692,13.06281891,13.19157426,13.44973754,13.05604875,13.80416188,13.94995024,14.40259704,14.53938292,14.14015908,14.17003622,15.15729728,15.28702644,15.66042444,15.91223669,15.40702451,15.40135757,16.32814685,16.7903275
0.0,0.0,0.0,0.0,0.0,0.0,0.0,0.0,0.0,0.0,0.0,0.0,0.0,0.0,0.0,0.0,0.0,0.0,0.0,0.0,0.0,0.0,0.0,0.0,0.0,0.0,0.0,0.0,0.0,0.0,0.6829435407751284,0.7135673874637661,0.7499945770959424,0.7933248666571892,0.8248580367097154,0.8832286306533341,0.9561558014291464,1.0403844283991657,1.1297185735858766,1.1921538699644545,1.3132483980460514,1.468866550528009,1.6386463146499457,1.8298038379518564,2.0791406622548783,2.3856869269419265,2.6807453286895346,3.0769836052960406,3.562949049598261,4.233263528789882,5.035484107979977,5.9897287351174535,7.1248065828328535,8.474986278618372,10.081030493631747,11.333420774997927,11.333420774999313,11.333420774999642,11.333420774999324,11.333420774997641,9.616788299243977,9.723431222556272,9.683995262925086,10.158577723364873,9.47737125331347,10.123248129370975,10.194246918596368,10.306689401627635,10.684807616442304,10.060497560065297,10.006578791985284,10.644393389504957,10.671380425384616,10.540870142084485,10.956208417783351,10.037102563098356,10.4780311713527,10.262499784748186,10.009646260448134,9.401346151258998,8.418832962071532,7.5290987249363015,7.32384223722324,6.143061221440698,4.604859256430678,4.088557485067544,3.326314775069628,3.360140515072674,4.280186435076197,4.489303395081742,10.29973184,10.43699861,10.43398984,10.95190259,10.30222929,11.00647676,11.15040272,11.34707383,11.81452619,11.25265143,11.31982719,12.11325994,12.31002674,12.37067398,13.03534908,12.42278949,13.1587765,13.33948339,13.57259531,13.63460968,13.45431707,13.51882746,14.44864882,14.6180475,14.68588975,15.42197826,14.65973555,14.69356129,15.61360721,15.82272417
0.0,0.0,0.0,0.0,0.0,0.0,0.0,0.0,0.0,0.0,0.0,0.0,0.0,0.0,0.0,0.0,0.0,0.0,0.0,0.0,0.0,0.0,0.0,0.0,0.0,0.0,0.0,0.0,0.0,0.0,0.6550353104071232,0.6844077251440494,0.7193463314026133,0.7609059450136708,0.7911505239579765,0.8471358255820474,0.9170828550129568,0.997869510890619,1.0835530499074992,1.143436951433656,1.2595829972700436,1.408841872608856,1.5716836506659964,1.7550295938322606,1.9941773627940782,2.2881967299229076,2.5711976813011312,2.9512438300904464,3.417350479688959,4.060272810353841,4.829710947960872,5.7449607280991986,6.83365404741902,8.12865915886713,9.66907298240931,10.870284806998011,10.870284806999342,10.870284806999656,10.87028480699935,10.870284806997738,9.162463128611991,9.407788444875997,9.286848688618427,9.522235525008409,9.101121879065222,9.718721124442277,9.711258065012576,9.974336139136193,10.009537240120705,9.649502498596108,9.609794002761298,10.21949065742411,10.331662259368567,10.108445286204093,10.245188137244186,9.627076360117382,10.060796468741108,9.763685009953802,9.706853090357434,9.01531624969505,8.074948042090634,7.235911661954556,7.036575252637081,5.804971431191952,4.414693547653123,3.6099740230675543,3.190546913069613,3.2385751930726694,4.012293383076221,4.4297111330816294,9.817498439,10.09219617,10.00619502,10.28314147,9.892272403,10.56585695,10.62834092,10.97220565,11.09309029,10.79293945,10.869377,11.62833253,11.90334591,11.86347488,12.2393655,11.91527309,12.63199415,12.71492884,13.12420357,13.07558906,12.90465899,12.98087239,13.8702293,13.93363059,14.08376653,14.48025883,14.06083172,14.10886,14.88257819,15.29999594
0.0,0.0,0.0,0.0,0.0,0.0,0.0,0.0,0.0,0.0,0.0,0.0,0.0,0.0,0.0,0.0,0.0,0.0,0.0,0.0,0.0,0.0,0.0,0.0,0.0,0.0,0.0,0.0,0.0,0.0,0.63862175206212,0.6672581670210824,0.701321298563693,0.741839531455325,0.7713262563523217,0.8259087053361308,0.8941030358966384,0.9728653787812781,1.0564019010732344,1.1147852607262894,1.2280209750590332,1.3735397936101277,1.5323011610654582,1.7110529101666596,1.944208229871822,2.2308602017469044,2.5067698520100006,2.8772929880123104,3.331720162372421,3.9585324558866115,4.708690384375398,5.601006277702012,6.662419645800021,7.924975144813316,9.426790022975826,10.597902461998062,10.597902461999357,10.597902461999665,10.597902461999366,10.597902461997794,8.922652426956997,9.10703504499897,9.06253908545735,9.214435553566762,8.98387077867088,9.554424104688199,9.456851664128903,9.653717121245547,9.684076458954983,9.233537229303488,9.490741104972303,10.050612776422835,9.996090798969119,9.865106879869698,9.906109120166454,9.193561198293413,9.903421208032233,9.505792332031946,9.37907258767399,8.80038597416228,7.664359005676159,7.199992592351722,6.964264594256078,5.645005355245771,4.315889357086611,3.4220777780675453,2.8836909280696887,3.3154537080726216,3.896259308076225,4.220145458081611,9.561274179,9.774293212,9.763860384,9.956275085,9.755197035,10.38033281,10.3509547,10.6265825,10.74047836,10.34832249,10.71876208,11.42415257,11.52839196,11.57615979,11.85031735,11.4244214,12.41019106,12.38308532,12.71079275,12.75891843,12.37304939,12.80099887,13.62668424,13.5699805,13.74267938,14.01998024,13.48159339,13.91335617,14.49416177,14.81804792
0.0,0.0,0.0,0.0,0.0,0.0,0.0,0.0,0.0,0.0,0.0,0.0,0.0,0.0,0.0,0.0,0.0,0.0,0.0,0.0,0.0,0.0,0.0,0.0,0.0,0.0,0.0,0.0,0.0,0.0,0.5307955273710998,0.5545969104763241,0.5829087520518557,0.6165858022406611,0.6410939271856839,0.6864605619738284,0.7431408199460979,0.8086047650645365,0.8780368072108138,0.9265625990064642,1.0206793598471526,1.1416284784542718,1.2735842464695335,1.4221551785217343,1.6159440691798792,1.854197126004351,2.0835216171374533,2.3914848563200874,2.769185601538003,3.2901656039012646,3.913665307721383,4.655320729965508,5.537522857686826,6.586905860646073,7.83515119161703,8.80853057099839,8.808530570999466,8.808530570999721,8.808530570999475,8.808530570998167,8.758542525648021,8.58022227754374,8.28085154796921,8.47305502378145,9.124256838837512,9.36662829805051,9.31341812007945,9.122743478962306,8.927547079817423,9.252970121023267,9.709239380184094,9.922373321578593,9.500573413564986,9.086834251514574,9.202873950858313,9.383882434035758,9.935433432904592,9.639408043723988,9.110015378508274,8.29254760614748,8.257569322329767,8.159002110087943,7.659574962369167,6.597125249412837,4.640633098445201,3.991094159066954,4.453166789069006,5.1193073690719695,5.273396799075666,5.0400603690808845,9.289338053,9.134819188,8.8637603,9.089640826,9.765350766,10.05308886,10.05655894,9.931348244,9.805583887,10.17953272,10.72991874,11.0640018,10.77415766,10.50898943,10.81881802,11.23807956,12.01895505,12.0308929,11.87920098,11.58271321,12.17123463,12.81432284,13.19709782,13.18403111,12.47578429,12.79962473,13.26169736,13.92783794,14.08192737,13.84859094
0.0,0.0,0.0,0.0,0.0,0.0,0.0,0.0,0.0,0.0,0.0,0.0,0.0,0.0,0.0,0.0,0.0,0.0,0.0,0.0,0.0,0.0,0.0,0.0,0.0,0.0,0.0,0.0,0.0,0.0,0.5305535469150997,0.554344079383421,0.5826430140824223,0.6163047114893349,0.6408016636061328,0.686147616533924,0.742802034961655,0.8082361362052407,0.8776365254901934,0.9261401952207152,1.020214049865833,1.1411080298718068,1.2730036415457477,1.4215068426921054,1.6152073883629414,1.8533518297595115,2.082571775842637,2.3903946199367563,2.767923177949154,3.288665674583678,3.9118811357249004,4.653198450151579,5.5349983972550465,6.583903004740932,7.8315792823593045,8.804514914998391,8.804514914999467,8.804514914999721,8.804514914999475,8.804514914998167,8.898982686104018,8.503444776636647,8.216824422938645,8.465821944532774,9.127087534417065,9.41718736349041,9.465534275063884,9.039364959821603,8.919841339538042,9.26848754480901,9.712493850165409,9.978192510161048,9.410299788488775,9.011256127344208,9.194667001675247,9.401392450280591,9.996454944199396,9.822073040107295,9.011105182097129,8.210032875465075,8.277401974326244,8.16445537990187,7.728059542800943,6.79910645531796,4.553712497702948,3.9845286950669565,4.476847945069001,5.126943465071968,5.489942195075621,4.9272963150809135,9.429536233,9.057788856,8.799467437,9.082126656,9.767889198,10.10333498,10.20833631,9.847601096,9.797477865,10.19462774,10.7327079,11.11930054,10.68330343,10.43276297,10.80987439,11.25474428,12.07902672,12.21246766,11.77902836,11.49869855,12.18928311,12.81765383,13.26305794,13.38300946,12.38529178,12.78904361,13.28136286,13.93145838,14.29445711,13.73181123
0.0,0.0,0.0,0.0,0.0,0.0,0.0,0.0,0.0,0.0,0.0,0.0,0.0,0.0,0.0,0.0,0.0,0.0,0.0,0.0,0.0,0.0,0.0,0.0,0.0,0.0,0.0,0.0,0.0,0.0,0.5311675181430999,0.5549855816731194,0.5833172646814841,0.6170179163349825,0.6415432170018199,0.6869416455196167,0.7436616260061748,0.809171449400196,0.8786521507337265,0.9272119502514113,1.0213946697611502,1.1424285516220711,1.2744767965431896,1.4231518496982651,1.617076550994073,1.855496579720095,2.0849817854600396,2.3931608506569937,2.7711262951509084,3.2924714093948886,3.916408072692256,4.658583260003816,5.541403650377377,6.591522079264812,7.840642202355087,8.814703742998388,8.814703742999466,8.814703742999722,8.814703742999475,8.814703742998166,9.098997145876014,8.441668090346951,8.213677370339585,8.483894163687129,9.301497841021373,9.533634274504713,9.681873324019358,8.971963656626652,8.939090768294509,9.506191569778306,9.903765630270085,10.10590237841078,9.33672010349134,9.006679340338048,9.215156929044113,9.66285323031998,10.13421217458198,10.079146549387032,8.92839997489539,8.202995810653869,8.558369077358844,8.388908960049607,7.875561239678596,7.076232260794047,4.541169097707169,4.000792657066958,4.777731547068935,5.36656508707192,5.783890747075563,4.82442517708094,9.630164664,8.996653672,8.796994635,9.10091208,9.943041058,10.22057592,10.42553495,9.781135106,9.817742919,10.43340352,10.9251603,11.24833093,10.6111969,10.42983119,10.83223348,11.51834981,12.21919396,12.4723074,11.69952627,11.49546722,12.47477715,13.04749222,13.41696489,13.66775434,12.3818113,12.8154964,13.59243529,14.18126883,14.59859449,13.63912892
0.0,0.0,0.0,0.0,0.0,0.0,0.0,0.0,0.0,0.0,0.0,0.0,0.0,0.0,0.0,0.0,0.0,0.0,0.0,0.0,0.0,0.0,0.0,0.0,0.0,0.0,0.0,0.0,0.0,0.0,0.5243104404120986,0.5478210259668116,0.5757869626785699,0.6090525576313474,0.6332612502841319,0.6780736102970244,0.7340613673289991,0.7987254952770199,0.8673092393351619,0.9152421588036701,1.008209031699043,1.1276804333486241,1.2580240087469678,1.404779749516924,1.596200990594767,1.8315431491315177,2.0580658282859234,2.362266472866138,2.735352593335143,3.249967431628617,3.8658494190406656,4.59844353677326,5.4698672060889,6.506429189132638,7.739423865001798,8.70091081199841,8.700910811999474,8.700910811999725,8.700910811999481,8.70091081199819,9.642474849607003,8.447609942053258,8.252117702342497,8.454288673390765,10.05100216973904,10.139013929727287,10.272414542696518,8.981080290749828,8.909903572693073,10.268795541226005,10.731387528332144,10.777145796684183,9.351730761287556,9.06169877051938,9.191314309443417,10.515497620908466,10.874286681756013,10.805033957177807,8.96258363671114,8.285891448420115,9.506429131010282,9.42169808328004,8.73016269396699,7.92293195092612,4.685893445060418,4.061680008066913,5.869436108068713,6.537526898071697,6.711159578075381,4.936364458080881,10.16678529,8.995430968,8.827904665,9.063341231,10.68426342,10.81708754,11.00647591,9.779805786,9.777212812,11.1840377,11.73959656,11.90482623,10.60975477,10.46647852,10.7875153,12.34704077,12.93235251,13.16730043,11.69793623,11.53585888,13.37227855,14.02014162,14.2000299,14.42936114,12.42531731,12.76259082,14.57034692,15.23843771,15.41207039,13.63727527
0.0,0.0,0.0,0.0,0.0,0.0,0.0,0.0,0.0,0.0,0.0,0.0,0.0,0.0,0.0,0.0,0.0,0.0,0.0,0.0,0.0,0.0,0.0,0.0,0.0,0.0,0.0,0.0,0.0,0.0,0.5137583675850966,0.5367957880226248,0.5641988929116449,0.5967949971323679,0.6205164748296047,0.6644269583015032,0.7192879269957184,0.7826506492596071,0.8498541029281831,0.8968223426610656,0.9879181995749153,1.104985165161847,1.2327054952571712,1.3765076857160408,1.5640764555844584,1.7946822072051238,2.016645976936467,2.3147243948581613,2.680301925738833,3.1845598212118276,3.7880468016144744,4.505897008322005,5.359782735775256,6.375483265962586,7.583663159191043,8.525799584998442,8.525799584999485,8.525799584999731,8.525799584999492,8.525799584998227,10.084498902434,8.387718366997447,8.215486125109425,8.142184567889753,10.727547105193551,10.568801511722796,10.754295913029782,8.920054588767243,8.577448785100064,10.88552706736858,11.481045070456227,11.257828064870923,9.293405694777347,9.032800994320251,8.837371904453743,11.212887372834782,11.413223193105404,11.411388005185717,8.92541189430744,8.28828806883688,10.299607628436355,10.38529879173118,9.386532264280564,8.666250904096087,4.773784770871143,3.7800396750669396,6.824016205068538,7.659383545071508,7.540349395075231,5.003964205080819,10.59825727,8.924514155,8.779685018,8.738979565,11.34806358,11.23322847,11.47358384,9.702705238,9.427302888,11.78234941,12.46896327,12.36281323,10.52611119,10.40930868,10.40144836,13.00756958,13.42986917,13.7261124,11.60571382,11.47284789,14.08765443,14.8911958,14.746315,15.04173417,12.35744793,12.30583926,15.34981579,16.18518313,16.06614898,13.52976379
0.0,0.0,0.0,0.0,0.0,0.0,0.0,0.0,0.0,0.0,0.0,0.0,0.0,0.0,0.0,0.0,0.0,0.0,0.0,0.0,0.0,0.0,0.0,0.0,0.0,0.0,0.0,0.0,0.0,0.0,0.5032272977010946,0.5257924948136479,0.5526338881455767,0.5845618341947683,0.6077970666935946,0.6508074687278779,0.7045438918542253,0.7666077987638491,0.8324337093855707,0.8784391894902636,0.9676677545100423,1.0823350698460223,1.2074373759699533,1.3482918948914944,1.532015861544686,1.7578946336372412,1.9753085680408509,2.267276945040387,2.62536083149864,3.1192823987055913,3.7103990432350167,4.4135346853338655,5.249917378605832,6.244797978764774,7.428212480924584,8.351036900998473,8.351036900999494,8.351036900999736,8.351036900999501,8.351036900998263,10.491452412317992,8.591908841206415,8.391492490875487,8.339767253827345,10.98522527332955,10.947027461296413,11.198203528171266,9.14612996826299,8.794817706642666,11.32382624053936,11.770449965521083,11.681748510186715,9.546530454064536,9.255980595144765,9.090042178493476,11.713257086402612,11.890465282000967,11.972253725003434,9.231579568547577,8.568449131343053,10.879331116815731,10.799101754719274,9.975031311449932,9.359564631293816,5.160687439137511,4.215803249066792,7.545837309068409,8.183518819071416,8.316058239075096,5.47160299908066,10.99467971,9.117701336,8.944126379,8.924329088,11.59302234,11.59783493,11.90274742,9.912737767,9.627251416,12.20226543,12.73811772,12.76408358,10.75396783,10.60427249,10.62205804,13.47115172,13.86577385,14.23953067,11.8569404,11.68773153,14.58973016,15.21263644,15.22494869,15.60436261,12.58889992,12.56684015,15.89687421,16.53455572,16.66709514,13.8226399
0.4290054878160318,0.5971184883131918,0.8065826998013579,1.0675693918751672,1.383798422022272,1.787651875793346,2.292480483781507,2.9203561699373064,3.6978779192448368,4.647386838860362,5.852927018575826,7.360806364656243,9.23317976484616,11.562204738296055,14.475309118719384,18.11049955051569,22.60975188801159,28.238947157438304,35.26173949208258,44.055736395282516,54.8922454385,68.39424002015024,83.39826750957648,99.87212166803913,117.95526434623979,130.6049977720883,130.60499785402237,130.60499792256616,130.60499781918526,130.60499758761395,0.4869092946930915,0.508742776821102,0.5347137922162013,0.5656064201853719,0.5880882106600083,0.6297039270860643,0.6816978550850191,0.7417492340092449,0.8054406272619031,0.8499543012460566,0.9362894779320861,1.047238510088437,1.1682841606673204,1.3045712316901632,1.4823376355199844,1.7008919033591166,1.9112558203018548,2.19375662494217,2.5402290309361537,3.01813434931038,3.5900830289309518,4.270418299159635,5.079679857773362,6.042299758442905,7.187340027936528,8.080240292998523,8.08024029299951,8.080240292999745,8.080240292999518,8.080240292998319,10.577918797509966,8.299175435885777,8.14684642100351,7.726975128961594,10.03236181734089,9.587601517144924,9.468948851159018,6.5630225160803795,5.594082113521595,7.183848109923286,6.400745993523308,4.804100295288155,0.6914045945213682,6.067126683556606e-11,5.5382175245938214e-11,7.090769456874517e-11,6.984767314375042e-11,1.1336114784441111e-10,4.9093348439254485e-11,6.063181449424742e-11,6.445191140501306e-11,6.653691533971187e-11,8.354309615838594e-11,8.838867866792011e-11,6.65800091493062e-11,6.941261164286746e-11,8.785676423001998e-11,9.672005756846772e-11,1.0942861448021442e-10,9.496403517134653e-11,11.49383358,9.405036701,9.488142913,9.360150941,12.00424845,12.00495732,12.44312719,10.22512792,10.09740066,12.68118925,13.18996249,13.21214517,11.09286852,11.24926557,11.14078891,13.99987776,14.35250842,14.88599942,12.23060018,12.3986248,15.16235902,15.75225701,15.75939479,16.31279415,13.35460575,13.18054494,16.52080686,17.12106722,17.4237743,14.25824676
1.5022489590601114,2.090930426252972,2.8244114716128896,3.738308840367645,4.845648361317532,6.25982241682656,8.027581273979434,10.22621421163356,12.948862922935627,16.27375928585206,20.495200576270484,25.775343237310118,32.33183510347788,40.48738425461244,50.688204867427125,63.4175549509232,79.17259150059645,98.88435038016753,123.47606954003709,154.27001756401913,192.21623245486418,239.49618080419003,292.03579933551634,349.7223114294388,413.044070792367,457.33965537360154,457.3396556605102,457.33965590053003,457.3396555385211,457.33965472762753,0.46116640771208667,0.4818455539731316,0.506443482180566,0.5357028173803762,0.5569959959356531,0.5964114900692494,0.6456564998882397,0.7025329633250249,0.762856993588239,0.8050172303080543,0.8867878675200231,0.9918710260391639,1.1065169949188953,1.2355985705762724,1.403966467348028,1.6109657743812766,1.8102077542450528,2.077772745654523,2.4059271608301924,2.8585656323140065,3.400275393970016,4.044641348842483,4.811117261200276,5.722843462409385,6.807345470326273,7.6530381119986,7.653038111999536,7.6530381119997575,7.653038111999543,7.6530381119984074,9.592057063246916,7.251648082793992,6.607338001227662,5.518204051274206,6.7691406527700995,5.285289793128725,3.8366191161581567,2.8050739511648874e-11,2.8820353758724865e-11,3.069257700004806e-11,3.2131640097137635e-11,3.35393398174224e-11,3.475375109123672e-11,3.643181189175129e-11,3.814374339567487e-11,4.031076784214193e-11,4.227414087917932e-11,4.443122715352536e-11,4.6319297698337845e-11,4.8546042962545856e-11,5.139770695130223e-11,5.411779188867545e-11,5.677828777255104e-11,5.961516100093826e-11,6.206914654389818e-11,6.519077122712736e-11,6.952953932908584e-11,7.373695531102066e-11,7.835093089890223e-11,7.968823187140594e-11,11.55547243,9.824424063,9.938192955,9.792215709,12.17178501,12.1415237,12.50985689,10.68108461,10.56349689,12.99544013,13.3740474,13.36244431,11.58751931,11.78285075,11.65504797,14.34680688,14.51578014,14.9658297,12.77598445,12.98672741,15.53809544,15.97210242,15.93867101,16.40027601,13.9880533,13.78895918,16.93020679,17.36001635,17.5172141,14.89404741
2.5620428587681903,3.5660223523231585,4.816953406708405,6.375579367567846,8.264115415318852,10.67594903192459,13.690811467792994,17.440517389036287,22.083917303315584,27.754433452705378,34.95398146809723,43.959114549672265,55.14102488682209,69.050081928253,86.44729125698413,108.15683565805726,135.02660224253657,168.64444618683362,210.58492354805347,263.10312577565446,327.8193156535284,408.45392238815833,498.0587469738302,596.4414520947894,704.4349111030285,779.979770340154,779.9797708294684,779.9797712388154,779.9797706214194,779.9797692384636,0.45366962124008525,0.4740126043692328,0.4982106651701499,0.5269943564708437,0.5479413900982385,0.586716140373942,0.6351606163351952,0.6911124879228395,0.7504558822020548,0.7919307561395601,0.8723721182859429,0.9757470300896955,1.088529297853747,1.2155125051261118,1.3811433895098666,1.5847776864757528,1.7807807604818626,2.043996177476468,2.366816067978882,2.8120963843304483,3.3450000353395835,3.978891085941656,4.732907057256939,5.629812108145703,6.696684297745717,7.528629239998623,7.528629239999543,7.528629239999762,7.5286292399995505,7.528629239998433,8.71259047001086,5.970240063327745,4.812198268142655,3.05495372198374,3.416842934606444,1.0102714477266292,2.6056229271172836e-11,2.7076099507897926e-11,2.836798390706131e-11,2.9866292862286333e-11,3.132322530406485e-11,3.284221569118097e-11,3.438856548799612e-11,3.6086767347346067e-11,3.783215200991094e-11,3.9781188673771436e-11,4.1761409418135094e-11,4.387342265451592e-11,4.5936493026437684e-11,4.817049813160551e-11,5.0701784710710305e-11,5.328127794897879e-11,5.595413430254066e-11,5.879309544994027e-11,6.153749571499472e-11,6.464449863860641e-11,6.821903024283273e-11,7.161286292437608e-11,7.525531659895155e-11,7.847188489907044e-11,11.72830295,10.01027502,10.12736234,9.957527446,12.22889974,12.27293662,12.69696175,10.88314122,10.74182936,13.11071119,13.43680362,13.50707178,11.80672316,12.00713243,11.85180795,14.47406472,14.67289066,15.18966754,13.01767078,13.23392438,15.67592015,16.04704972,16.11118209,16.64556829,14.2543101,14.02174376,17.08037969,17.44147628,17.77921197,15.17580164
3.467425931232257,4.826194976981816,6.519184132613878,8.62860242562956,11.18451550945171,14.448650765977908,18.528915135268846,23.60370438062336,29.888004120868427,37.56238578570866,47.30613359081911,59.49353000941893,74.62694033901383,93.45122538147173,116.9963173580053,146.37765145782254,182.74274390829638,228.24057133364227,285.0021115525567,356.07936759550864,443.665176000361,552.7947033966348,674.0643735227846,807.2138802742857,953.3704205082275,1055.6115688144043,1055.6115694766343,1055.6115700306377,1055.6115691950642,1055.611567323395,0.45218260018508505,0.4724589038567193,0.496577649172939,0.5252669943834366,0.5461453686195357,0.584793024491376,0.6330787109891514,0.6888471856570504,0.7479960664122455,0.7893349955830944,0.869512690087642,0.9725487635314649,1.0849613578614934,1.2115283443996387,1.3766163301609033,1.5795831623618342,1.774943784935787,2.0372964444329833,2.359058208158388,2.802879001599907,3.334035921260422,3.965849227850795,4.717393714251378,5.61135892382707,6.674734160281769,7.503952184998629,7.503952184999546,7.503952184999764,7.5039521849995525,7.503952184998439,7.616526218601825,4.767865509181653,3.200621448234522,0.8562572200098444,0.45508551195301933,2.4635229716895653e-11,2.5739065951878125e-11,2.6936654261539372e-11,2.8263798585240594e-11,2.968352151301278e-11,3.1144163989894614e-11,3.267946711941786e-11,3.4279734284973245e-11,3.5977115166752015e-11,3.773449142072379e-11,3.963072299366487e-11,4.16055282692577e-11,4.3683437747202055e-11,4.5803024882163276e-11,4.804975085455587e-11,5.0492529337201687e-11,5.3053081610003724e-11,5.5745674836814816e-11,5.854026813141223e-11,6.138622054734711e-11,6.448090772358593e-11,6.788623143893843e-11,7.123096823903938e-11,7.478237701234369e-11,7.812507160415448e-11,11.53613475,10.06651939,10.21638323,10.01012664,12.18574639,12.26907154,12.48892208,10.94428993,10.79857151,13.09012707,13.38938781,13.50281803,11.87306117,12.11267675,11.9144134,14.45134011,14.66826976,14.9407849,13.0908127,13.35025237,15.6513086,15.99042287,16.10610824,16.37283072,14.37960741,14.09581158,17.0535631,17.37992878,17.48789965,15.26106937
3.9968753803922965,5.56311807866546,7.514613744215895,9.946124094981277,12.892305579965686,16.654849352730178,21.358138918692212,27.207809711293326,34.451674010902146,43.297875125004445,54.529418779393986,68.57773752149664,86.02190399176256,107.72051354589618,134.86076118678392,168.7284005352924,210.64616477988727,263.09116285748905,328.5197566194044,410.44996664207537,511.4094588498016,637.2022313486231,776.9888536235653,930.4692728166366,1098.9428001334136,1216.7953906811142,1216.7953914444618,1216.7953920830573,1216.795391119898,1216.7953889624393,0.4884495186480919,0.5103520659029364,0.5364052345460495,0.5673955841363714,0.5899484905100423,0.6316958485458242,0.6838542472055189,0.7440955846566366,0.8079884507722784,0.8526429333787826,0.9392512112537609,1.0505512047882861,1.1719797550421238,1.3086979384175834,1.4870266647919879,1.7062722780674513,1.9173016321823164,2.200696062209036,2.548264452825361,3.0276815131761827,3.601439419005791,4.28392677113568,5.095748239884668,6.061413164025176,7.210075501266808,8.105800247998518,8.10580024799951,8.105800247999744,8.105800247999516,8.105800247998314,6.995214020978797,4.081083915451833,2.1752554612595163,2.279340481405351e-11,2.3592873979346122e-11,2.4528538377210842e-11,2.5673571946342442e-11,2.689863803774471e-11,2.8238264300427527e-11,2.9633419550635633e-11,3.110147108142884e-11,3.2641451143813e-11,3.4255447511764846e-11,3.595375156335155e-11,3.771498100522415e-11,3.9596784106126726e-11,4.156697505024872e-11,4.36386983670137e-11,4.57726907901496e-11,4.802108742415805e-11,5.044197708521044e-11,5.298556797850664e-11,5.5671080857877114e-11,5.8453058669972e-11,6.131891984114495e-11,6.440379332276934e-11,6.773030187509484e-11,7.106792736115595e-11,7.462939453221365e-11,7.801284551883145e-11,11.48053892,10.15455406,10.22627444,10.16166239,12.09943967,12.19305818,12.4287345,11.04000096,10.96204294,13.06405386,13.29455619,13.41916096,11.97689457,12.1244039,12.09477672,14.4225556,14.57739211,14.86878112,13.20529569,13.3631777,15.62013396,15.87716917,16.00632241,16.29392551,14.39352934,14.30919744,17.01959542,17.25683377,17.40362062,15.3945319
4.2104790048603125,5.860425868339366,7.916214639784506,10.477671354753019,13.581304594831044,17.544928689244987,22.49957452794462,28.6618672475075,36.29286287403776,45.61182844559977,57.443615591372044,72.2427137587518,90.61914276643675,113.47738358388595,142.06807806469598,177.745693914475,221.9036546926337,277.1514526097177,346.0767240113594,432.3855018272925,538.7405371549806,671.256009157881,818.5131993961253,980.196019390918,1157.673218985874,1281.82416464803,1281.8241654521728,1281.8241661248965,1281.8241651102637,1281.8241628375044,0.5486614711951031,0.57326398044319,0.6025287648094186,0.6373393443062257,0.6626723834807788,0.7095660050403141,0.7681540528349244,0.8358214361996803,0.9075904780013898,0.9577495900221187,1.0550342086825686,1.180054330241238,1.3164515718881449,1.4700232241594304,1.6703348175452375,1.916607187852257,2.153650467605045,2.4719793817931666,2.862393083221864,3.4009086505544657,4.045394610113972,4.81201326853344,5.723909266761444,6.808613248918819,8.098873027660566,9.105015194998336,9.10501519499945,9.105015194999712,9.105015194999456,9.105015194998105,6.763699623963777,3.6890739112376996,1.6160373454276227,2.2548368129268378e-11,2.3520117985297265e-11,2.4502993512836885e-11,2.565651321428829e-11,2.688786826350072e-11,2.822922942955885e-11,2.9619753810001057e-11,3.1085267376562943e-11,3.262373987137846e-11,3.4239914573398096e-11,3.5936824031474354e-11,3.769763528767713e-11,3.957364784992614e-11,4.154200411873692e-11,4.361133298441314e-11,4.574861250935661e-11,4.7996971114520485e-11,5.0409671905033825e-11,5.2947619370863685e-11,5.562616162881382e-11,5.839834911151064e-11,6.12647862761838e-11,6.433765262128987e-11,6.763618559849944e-11,7.097943230474133e-11,7.454603569272024e-11,7.793290908123697e-11,11.5228401,10.12276376,10.13478075,10.09528723,12.18447717,12.25232283,12.4745294,11.00543864,10.89043975,13.10522209,13.38799323,13.48438512,11.93939917,12.01592779,12.01577461,14.46800483,14.64824587,14.92356661,13.16395461,13.24361838,15.66935707,15.98875738,16.08412153,16.35396209,14.26475154,14.21573091,17.0732286,17.37811856,17.46774597,15.34633709
4.16900590446031,5.802700837495167,7.838240147057011,10.374466585045749,13.447529124540312,17.372111632515814,22.277954348321913,28.379548657001465,35.935379190105124,45.162553211506825,56.87779758491481,71.53112504938481,89.72654674546709,112.35963453037648,140.66871147044122,175.99490380226362,219.71790990217835,274.42151855546376,342.6678779621429,428.1265167312764,533.4339579365144,664.6441562476126,810.45086728187,970.5411160231642,1146.2701701674443,1269.1982324882374,1269.1982332844595,1269.1982339505569,1269.198232945918,1269.1982306955456,0.5935007679331116,0.6201139144695643,0.6517703600313802,0.68942583020418,0.716829209142794,0.7675552066255881,0.8309313560061197,0.9041288486303573,0.9817632072638459,1.036021567046794,1.1412567601746986,1.2764941370412364,1.4240384278496774,1.5901607060501708,1.8068427417714403,2.07324169371452,2.329657308720655,2.674001617451568,3.0963218345151504,3.678847525739023,4.376004027520533,5.205274509176085,6.191695104820567,7.365046397354797,8.7607525107227,9.849121532998199,9.849121532999403,9.849121532999689,9.849121532999412,9.84912153299795,6.716823647625772,3.5177661600555354,1.4778560769331799,2.2528357477720165e-11,2.352539539178535e-11,2.4506697907067827e-11,2.565839481749001e-11,2.6888043582652897e-11,2.8227885904611668e-11,2.962093260482198e-11,3.1081348121226854e-11,3.261486672723598e-11,3.4229700967197096e-11,3.592494156469401e-11,3.7684455890438506e-11,3.955794380943728e-11,4.152653704657372e-11,4.359473662256907e-11,4.5731336581913466e-11,4.79795871643859e-11,5.038856378780781e-11,5.292506413037865e-11,5.560034961445379e-11,5.836561916286566e-11,6.122843021232733e-11,6.429546714654522e-11,6.758471655941121e-11,7.093337731197507e-11,7.450109148406123e-11,7.788517268510267e-11,11.47933032,9.940580912,9.967866584,9.931227852,12.17940031,12.28195516,12.42742608,10.80736999,10.71345828,13.0132797,13.38241489,13.5169972,11.72452172,11.81803219,11.82050523,14.36650155,14.68367276,14.86721582,12.92703841,13.0255034,15.55942546,15.98209539,16.12302109,16.29221018,14.02981907,13.98470985,16.95344783,17.37087768,17.40178846,15.07014381
3.6942792201362744,5.141944534473096,6.945696015141321,9.193121142891279,11.91625259005185,15.393941022062137,19.741153095537367,25.14795595953442,31.843400477723343,40.01987180662599,50.4010957337008,63.385841833467104,79.50934221074834,99.56518952961532,124.65069842012348,155.9542804367297,194.6985270457343,243.17300977507944,303.6481237911831,379.37554673586504,472.69157954695197,588.9608101978495,718.164441728806,860.0251377375758,1015.743840943264,1124.674026366475,1124.6740270720306,1124.6740276622793,1124.6740267720393,1124.6740247779178,0.5728850346631077,0.5985737518472923,0.6291305849515683,0.6654780616537909,0.6919295618730854,0.7408935504580612,0.802068277596362,0.8727231956099051,0.9476608614728864,1.0000345128723076,1.1016142757305976,1.2321540720037272,1.3745732915247093,1.5349251768923282,1.744080585363581,2.001225952419495,2.248734761889995,2.5811179901886745,2.9887685700421254,3.5510597562374393,4.2239999582857095,5.024465053356781,5.976621525026049,7.109215503356388,8.456440626452434,9.507004262998262,9.507004262999425,9.5070042629997,9.507004262999432,9.507004262998022,7.125146505219799,3.986089482699846,2.2533266469285524,0.1427608954784724,2.3832516851121144e-11,2.4570406918683562e-11,2.5699114065470743e-11,2.691161345328663e-11,2.8244266758918694e-11,2.96536989244623e-11,3.1113109427740886e-11,3.263869730104345e-11,3.423891135877311e-11,3.593216451601121e-11,3.7691824316909935e-11,3.9576638636971353e-11,4.154611886387797e-11,4.361925206195319e-11,4.5742453117393533e-11,4.798515113861942e-11,5.042625294377195e-11,5.294975434295527e-11,5.5625613567449345e-11,5.839557680076516e-11,6.124481863017628e-11,6.432883735238454e-11,6.765682941178161e-11,7.100181541869485e-11,7.455496957123649e-11,7.792877842305177e-11,11.39231076,9.726607769,9.828153247,10.0013601,12.16670814,12.20078835,12.33321944,10.57473903,10.78911448,13.07503205,13.36846907,13.42766846,11.47214886,11.65238624,11.90397916,14.43467539,14.5866339,14.75451425,12.64878112,12.84293309,15.63326012,15.96544044,16.01647013,16.16870638,13.83317189,14.08346694,17.0338976,17.35277547,17.26987345,14.74575572
2.9835911779442217,4.152761455309412,5.609515718926504,7.424591782396766,9.623860023369375,12.432527129209255,15.94344301244205,20.31011059890296,25.717517025574352,32.32103729839442,40.70517024542741,51.19197202801689,64.21370931875208,80.41130716154872,100.67098396453835,125.95253026285916,157.24334113298536,196.39253111255292,245.23372743581348,306.3930653100821,381.75739909902677,475.65930260040403,580.0073478409848,694.5775510897745,820.3398233601058,908.3145325994718,908.3145331692962,908.3145336459954,908.3145329270156,908.3145313165138,0.49546816236009317,0.5176854323645731,0.5441129649926909,0.5755486220589764,0.5984255963423568,0.6407728317877459,0.6936807064993245,0.7547876656127873,0.8195986230477643,0.8648947562068706,0.9527475283882348,1.06564681718244,1.1888202022619019,1.3275029207252869,1.5083940936704263,1.7307900976950887,1.9448517812375792,2.232318371146508,2.584881052075661,3.0711869666633964,3.653189332082417,4.345483502275726,5.168970220818947,6.148511006822268,7.313678737933072,8.222274359998497,8.222274359999503,8.22227435999974,8.22227435999951,8.22227435999829,7.418931969714857,5.114850657346188,3.840202326102081,2.0738566755668235,1.448158920312117,2.4755808209933723e-11,2.5803543607104568e-11,2.6983610763291053e-11,2.8300398640967932e-11,2.973125233574423e-11,3.119215178039008e-11,3.2714367917412256e-11,3.4308478089491393e-11,3.600583718427713e-11,3.776141647531164e-11,3.96559406606519e-11,4.1627770778200607e-11,4.3711523976995704e-11,4.5832254142029607e-11,4.807231247498511e-11,5.05360150366338e-11,5.3080049987906964e-11,5.573619170855088e-11,5.85234790991364e-11,6.138067935639407e-11,6.449512708285365e-11,6.786400502410383e-11,7.122580687260185e-11,7.476476822860428e-11,7.818559186528527e-11,10.89799131,9.785297545,9.99383101,10.07399708,11.67044454,11.60427674,11.79807338,10.63854638,10.86747269,12.49181536,12.82318726,12.77117316,11.54137113,11.84881595,11.99043431,13.7908113,13.87347535,14.1143067,12.72510312,13.0594324,14.93593271,15.31423167,15.23340511,15.46713616,14.06636412,14.18575107,16.27409423,16.64497918,16.52052291,14.83473074
1.967567066256146,2.7385912432931514,3.699266329715732,4.896241274417993,6.346576626254754,8.198787793246892,10.514105828542947,13.39376018464968,16.95974297667259,21.314518224100432,26.843541096819084,33.75919561755553,42.34654552932989,53.02825698616142,66.3887579640542,83.06099451185106,103.69611684350086,129.51354700746762,161.72249375345334,202.05479527150428,251.75476161730737,313.67956356533307,382.4932062524786,458.0479807648215,540.9835072289866,598.9995457004856,598.9995460762634,598.9995463906289,598.9995459164885,598.9995448544227,0.40443924511507606,0.4225746907233839,0.4441468767049364,0.469807079275823,0.4884810262871005,0.5230480988809519,0.5662355779856989,0.6161157807769434,0.6690194720561767,0.7059936619097456,0.777705855672207,0.869862943862209,0.9704065401298558,1.0836100478964643,1.231267344553888,1.4128040785306994,1.5875376987245775,1.8221900527018158,2.1099788459343123,2.5069391592953103,2.9820142805786554,3.5471180609242023,4.219311295749772,5.018887870283918,5.969987443177191,6.711653114998773,6.711653114999594,6.7116531149997884,6.7116531149996,6.711653114998604,8.626299218647912,7.169457456003561,6.42410796360046,5.48817002632842,4.877271027481539,2.6685727478969388,0.8263312934977037,2.7371453754437897e-11,2.8662164463244045e-11,3.011050644615764e-11,3.156717348643449e-11,3.303551945224394e-11,3.460571964719816e-11,3.63123369317286e-11,3.808168726091803e-11,3.998331767826835e-11,4.193959440069523e-11,4.408555836973467e-11,4.619293867970953e-11,4.843051731306386e-11,5.096785855326403e-11,5.3612127383191874e-11,5.624400727482699e-11,5.912367258161241e-11,6.198727466056158e-11,6.522617589272059e-11,6.871597958913055e-11,7.2347019836859e-11,7.610458942483731e-11,7.933248910152694e-11,10.99830553,10.33062339,10.56752117,10.85421838,11.71232868,11.39040864,11.9066727,11.23142301,11.70914791,12.47397579,12.86920849,12.53579904,12.18456137,12.52899046,12.91908182,13.77111664,13.61778567,14.24422657,13.43426169,13.80910166,14.9146027,15.36919303,14.95265178,15.6095086,14.87383572,15.28442374,16.25085319,16.70471646,16.6725916,15.66145695
0.7835133456480581,1.090546200022517,1.473100758874695,1.9497533008208685,2.5272975804125757,3.264874557170011,4.186867312174751,5.333586861184251,6.7536122091474295,8.48774599405057,10.689481977267349,13.443394514133791,16.863000064061698,21.11661033449287,26.436952903878062,33.07607594117105,41.293276774224175,51.57414670273683,64.40020994477224,80.46110923611076,100.2523466368727,124.911688412303,152.3142650932731,182.40125687774716,215.42736964790345,238.53018590440047,238.53018605404057,238.53018617922538,238.5301859904159,238.5301855674861,0.2881511723940542,0.3010721487261992,0.3164417023903553,0.33472384870522653,0.34802849158921023,0.3726565231525532,0.4034263430626751,0.4389645335007981,0.4766568713493338,0.5029999037906953,0.5540927513745723,0.6197519902518862,0.6913863716606278,0.7720405709651149,0.8772420904968485,1.0065817215040271,1.1310743322574597,1.2982572941491206,1.503298420037432,1.7861210715739726,2.1245982466416216,2.527218216878559,3.0061363016831817,3.5758113026966964,4.253442023015892,4.781857193999126,4.78185719399971,4.781857193999849,4.7818571939997145,4.781857193999005,10.188908291976984,9.307038841271334,9.190936718755996,9.214707480496,9.135268458021413,8.15098141970182,7.6003073947881825,5.858996875341881,5.174645669531503,3.9154963821884547,1.9533606813893505,4.508874741316864e-11,4.101800092042347e-11,4.3163511149113335e-11,5.88580405636569e-11,7.677838164971133e-11,6.25311180711851e-11,7.764875751971716e-11,5.418779463207021e-11,5.6686038071072296e-11,7.760966382991334e-11,7.812993878256104e-11,6.727913085990315e-11,7.552523656494652e-11,7.226434019949906e-11,8.761826570536844e-11,9.498917494809452e-11,9.246268314217145e-11,8.187975524439823e-11,1.0350351777543108e-10,11.26057281,10.69865719,10.98047918,11.49918463,12.01059453,11.7885125,12.19060105,11.63154827,12.40491475,12.90624228,13.19693541,12.97393521,12.61864268,13.01859884,13.68674388,14.24833355,14.09373814,14.58389659,13.91286422,14.34873427,15.43144537,15.76058448,15.47525889,15.98173534,15.45507606,16.1926363,16.81400157,17.13011832,17.07016878,16.21940446
9.181680000000682e-06,1.2779675406219807e-05,1.7262679507466965e-05,2.2848380294371635e-05,2.9616391063423583e-05,3.8259761101177444e-05,4.906422599739518e-05,6.250217444745222e-05,7.914288441022047e-05,9.946450570564467e-05,0.00012526577042521703,0.0001575377716641795,0.00019761076347734992,0.00024745712354861586,0.0003098040934296098,0.0003876053249563518,0.000483899419963028,0.0006043768289689419,0.0007546803419879002,0.0009428916068302828,0.001174817214258884,0.0014637901927668357,0.0017849100456163666,0.002137487487037227,0.0025245073135453508,0.0027952399910985567,0.0027952399928521296,0.0027952399943191202,0.0027952399921065373,0.0027952399871503915,0.25530594719404803,0.26675411196722115,0.2803717503185621,0.2965699862753306,0.3083580849505943,0.3301788635147211,0.3574413519921271,0.388928683089846,0.42232461875940025,0.4456649119587213,0.49093388566743973,0.5491088846943005,0.6125779431238398,0.6840386856831316,0.7772486954399984,0.8918454077478667,1.0021475926843209,1.1502740225920467,1.3319433124433537,1.5825281160329248,1.8824236016776497,2.2391504961287714,2.6634785814651565,3.1682185570763983,3.768608801757725,4.236791993999225,4.236791993999744,4.236791993999867,4.236791993999748,4.236791993999119,10.826384141145033,10.438003818377402,10.69019895702295,11.19132054536643,11.657784248681486,11.267617806748474,11.639463653807367,11.24920368476248,11.970351958384287,12.36990778356509,12.657065858593128,12.214817157566602,12.013077786146875,12.322585557229202,12.895769930504231,13.256112226966689,12.863142357937209,13.201353840622485,12.588116427260333,12.75233793240818,13.439556101158338,13.461677853731153,12.559685198544573,12.557510365494654,11.670020820989777,11.937177386073698,12.456421346074539,12.82717336607621,12.559422916082024,11.989085466091382,11.08169927,10.70477071,10.97058797,11.48791338,11.96617195,11.59783493,11.99695407,11.63819487,12.39275572,12.81567216,13.14812501,12.76408358,12.62585334,13.0068717,13.67332843,14.14834524,13.86577385,14.35223224,13.92081442,14.33580894,15.32315452,15.70229214,15.22494869,15.72786641,15.44115413,16.17676462,16.69600858,17.0667606,16.79901015,16.2286727
5.488452000000408e-06,7.63919403013587e-06,1.0318959914538089e-05,1.3657875086411701e-05,1.770352928492708e-05,2.2870200479136665e-05,2.9328690316353387e-05,3.736137442717106e-05,4.730854508401985e-05,5.945602169419506e-05,7.487901650044688e-05,9.416996649478191e-05,0.0001181240459293711,0.0001479202656436129,0.00018518886480381897,0.00023169542185823717,0.0002892562950674518,0.0003612730149284496,0.0004511186223375433,0.0005636240127395944,0.0007022601407622134,0.0008749969734374891,0.0010669499601035147,0.001277707072475238,0.0015090525060819596,0.0016708859946790626,0.0016708859957272804,0.0016708859966041904,0.0016708859952815943,0.0016708859923190028,0.24472359264304602,0.2556972344373403,0.26875042578395997,0.2842772497431653,0.29557673528177913,0.3164930491521439,0.34262551570024785,0.3728077064156019,0.40481939061862426,0.4271922357006015,0.47058482409510893,0.5263484869487527,0.5871867720386912,0.6556854883602411,0.745031971310191,0.8548786844372752,0.9606088770579351,1.1025955110976615,1.276734663647568,1.516932802665387,1.8043977108315337,2.1463383830404825,2.5530781971504064,3.0368968529228964,3.61240110294562,4.061178242999258,4.0611782429997545,4.061178242999872,4.061178242999758,4.061178242999155,10.635133158924036,10.35614035638866,10.559641085277148,11.1234713224038,11.437041701212081,11.085487980671674,11.43579215563493,11.164321502236742,11.901424790864384,12.081030968307225,12.420862106919381,12.022117623117317,11.928946513949564,12.182460551409992,12.832712489862654,12.953880620180385,12.67075023668849,12.987870425930913,12.522785477775761,12.632510863369802,13.150521989077962,13.24862758003877,12.413728202944839,12.403231640062721,11.62711631460934,12.00105024107007,12.232698381071662,12.67083087107393,12.430191481078847,12.024946451086159,10.87986224,10.61184523,10.82840183,11.40776223,11.73263614,11.4020039,11.778447,11.53716657,12.30629149,12.50828266,12.89152181,12.54856028,12.51625141,12.83829396,13.57792965,13.808991,13.63164837,14.09082721,13.79997126,14.15000729,14.95562196,15.39584096,14.96787335,15.4414062,15.24102647,16.06389937,16.29554751,16.73368,16.49304061,16.08779558
6.310692000000468e-07,8.78364257397645e-07,1.1864871512221696e-06,1.5703998694862891e-06,2.0355743410009788e-06,2.629644774192867e-06,3.372250159970221e-06,4.29585840791817e-06,5.43959675685172e-06,6.8363290861864725e-06,8.609684668777975e-06,1.082778266438129e-05,1.3582053221092482e-05,1.70080605065877e-05,2.1293251496169448e-05,2.6640634648119403e-05,3.325905714820513e-05,4.153963130450712e-05,5.1870193654541496e-05,6.480620670826047e-05,8.074676524868895e-05,0.00010060826623419818,0.00012267926507557265,0.00014691238623591686,0.0001735127787891991,0.00019212059938819183,0.00019212059950871724,0.00019212059960954547,0.0001921205994574717,0.00019212059911682914,0.25599443664904814,0.26747347395304977,0.28112783530481406,0.29736975341927774,0.30918964133298893,0.331069264495553,0.3584052723564284,0.3899775160684641,0.42346351133044485,0.44686674683847805,0.4922577984360184,0.5505896793287928,0.6142298962367294,0.6858833486339208,0.7793447199807676,0.8942504678942251,1.0048501072849405,1.1533759931635088,1.3355351947921743,1.5867957562195507,1.8874999769593166,2.245188865080558,2.6706612457826613,3.176762365364675,3.7787716963105056,4.248217448999224,4.248217448999743,4.248217448999866,4.248217448999747,4.2482174489991165,10.041319562300846,10.140179367702729,10.386540648229058,10.65327890620292,10.857373963115828,10.580066075883986,10.789377225418924,10.925188348099907,11.389706239100914,11.202365196861992,11.777271551910335,11.457733622921138,11.661172121744258,11.96182746334147,12.254492456805428,11.966339961510714,12.039910983699457,12.182935257248753,12.198847245059877,12.353110087621706,12.040918976325793,12.407740466705981,11.652709795007688,11.437707562307276,11.235849990971795,11.171805170465484,10.927992270468039,11.677912000471052,11.361533330474819,11.529827090479477,10.29731463,10.40765372,10.66766967,10.95065023,11.16656564,10.91113797,11.14778587,11.31517016,11.81317519,11.64923878,12.26953796,12.00833413,12.2754156,12.64772782,13.03385847,12.86061707,13.04479435,13.33635279,13.53443431,13.93997065,13.9284997,14.65302994,14.32349372,14.61461684,15.0147952,15.42021474,15.17640184,15.92632157,15.6099429,15.77823666
0.0,0.0,0.0,0.0,0.0,0.0,0.0,0.0,0.0,0.0,0.0,0.0,0.0,0.0,0.0,0.0,0.0,0.0,0.0,0.0,0.0,0.0,0.0,0.0,0.0,0.0,0.0,0.0,0.0,0.0,0.2828159074860532,0.2954976453968194,0.31058262399006836,0.3285262671058505,0.3415845677879176,0.3657565988725488,0.395956699981848,0.43083688282360044,0.467831327945367,0.49368660579809703,0.543833443429978,0.6082769682424914,0.6785850027960005,0.7577458487482976,0.8609995088603983,0.9879443510878084,1.1101319180965294,1.274219402769113,1.4754640883564532,1.7530501352476127,2.085260233977192,2.4804254915346062,2.950476165422813,3.5096033452471205,4.174687389553635,4.6933186859991425,4.693318685999716,4.693318685999852,4.693318685999721,4.6933186859990235,10.09064083253304,9.733117934623223,10.06900556603096,10.106150962916223,10.652367642235244,10.513172321151762,10.834259980043662,10.472244137203193,10.788730392082767,11.166530374231467,11.536041276601063,11.364609251790121,11.149770117238242,11.548428821287636,11.55872931117735,11.884792508951804,11.896154951945046,12.160747267274475,11.566057321689314,11.810470214800414,11.856365636073203,11.946097048518226,11.330735424632657,11.213079324811106,10.434631770507549,10.000326014065088,10.497385334067639,10.986812874070763,11.032049854074348,10.510287644078836,10.37345674,10.02861558,10.37958819,10.43467723,10.99395221,10.87892892,11.23021668,10.90308102,11.25656172,11.66021698,12.07987472,11.97288622,11.82835512,12.30617467,12.41972882,12.87273686,13.00628687,13.43496667,13.04152141,13.56352035,13.94162587,14.42652254,14.28121159,14.72268267,14.60931916,14.6936447,15.19070402,15.68013156,15.72536854,15.20360633
0.0,0.0,0.0,0.0,0.0,0.0,0.0,0.0,0.0,0.0,0.0,0.0,0.0,0.0,0.0,0.0,0.0,0.0,0.0,0.0,0.0,0.0,0.0,0.0,0.0,0.0,0.0,0.0,0.0,0.0,0.31668814389605954,0.3308887455384367,0.34778041869032045,0.367873132298909,0.3824953968037598,0.40956245864775176,0.44337955914535704,0.4824372644247339,0.5238624525063295,0.552814359865012,0.6089671734498724,0.6811289568530955,0.7598576293724404,0.8484993949531516,0.9641195178169559,1.1062682633367218,1.2430899652951786,1.4268298454859565,1.6521771624530677,1.963009076905196,2.3350072452026613,2.777500572612956,3.3038481772224633,3.929940784085924,4.67468047499847,5.255427095999039,5.255427095999681,5.255427095999834,5.2554270959996865,5.255427095998906,9.532234025123044,9.306461654481616,9.590412536330717,9.484455935723176,10.314460183219408,10.30574448137656,10.218980420880165,9.995261415602071,10.104482607521826,10.85215955016457,11.144575216581194,11.111681873179542,10.607015700661847,10.934351355082832,10.762477532220865,11.484683376702947,11.56757890474645,11.328796784557719,10.880530927592778,11.023718333142927,11.301435334847815,11.259296007439959,10.76257020283308,10.048288395972438,9.313372825062858,8.618181024065366,9.6027512140678,10.001112824070924,9.674787074074576,9.355012444079145,9.848922169,9.6373504,9.938192955,9.852329068,10.69695558,10.71530694,10.66235998,10.47769868,10.62834506,11.40497391,11.75354239,11.79281083,11.36687333,11.78285075,11.72659705,12.59095164,12.81066887,12.75562663,12.53270809,12.98672741,13.63644258,14.03679658,14.06641838,13.97822918,13.9880533,13.87360812,14.85817831,15.25653992,14.93021417,14.61043954
0.0,0.0,0.0,0.0,0.0,0.0,0.0,0.0,0.0,0.0,0.0,0.0,0.0,0.0,0.0,0.0,0.0,0.0,0.0,0.0,0.0,0.0,0.0,0.0,0.0,0.0,0.0,0.0,0.0,0.0,0.35285902380306633,0.36868156256722684,0.3875025364926998,0.4098901611832159,0.4261825234911188,0.4563410791667077,0.49402063648335803,0.5375393599420807,0.5836959708195872,0.615954651685059,0.6785210197896147,0.7589248395673037,0.8466455928254524,0.9454116738229646,1.0742374744475147,1.2326218931436488,1.3850708342191973,1.5897967641519881,1.840882369389401,2.1872162881496005,2.6017026307928988,3.094735813622166,3.6812007808883562,4.378803234047028,5.20860417667104,5.855681402998929,5.855681402999646,5.8556814029998145,5.85568140299965,5.855681402998782,9.126230014216045,8.931202621452833,9.077148753528352,8.97530801283888,9.789740056532061,9.860861990857618,9.767961123542179,9.573267060084737,9.540724759208594,10.337540928344557,10.546474550241497,10.595749820465382,10.122199697208885,10.276001926213086,10.096363555590385,10.859903186896098,10.949645565822514,10.68684817589177,10.252974230656536,10.180710841898637,10.494926489257688,10.310837946430864,9.862610489167295,9.07453478601146,8.112937003390456,7.36013392706566,8.41431971706801,8.714784877071136,8.513893977074797,8.243151777079468,9.479089038,9.299884184,9.46465129,9.385198174,10.21592258,10.31720307,10.26198176,10.11080642,10.12442073,10.95349558,11.22499557,11.35467466,10.96884529,11.2214136,11.17060103,12.09252508,12.3347164,12.27664494,12.0938566,12.36792713,13.09662912,13.40557376,13.54381127,13.45333802,13.32154118,13.21581533,14.27000112,14.57046628,14.36957538,14.09883318
0.0,0.0,0.0,0.0,0.0,0.0,0.0,0.0,0.0,0.0,0.0,0.0,0.0,0.0,0.0,0.0,0.0,0.0,0.0,0.0,0.0,0.0,0.0,0.0,0.0,0.0,0.0,0.0,0.0,0.0,0.3880422772890729,0.4054424670542811,0.4261400632334137,0.45075993769310563,0.46867679668182666,0.5018424346127309,0.5432789864424423,0.5911369223785259,0.6418957670973431,0.6773709317975813,0.7461757357652651,0.8345965475472749,0.9310638576161326,1.039677815043452,1.1813487195002932,1.35552550504923,1.5231749918830408,1.7483139587571905,2.024435082147274,2.405301642083012,2.86111604232431,3.403309117003689,4.048249974673931,4.815409736236993,5.72794937884551,6.4395460889988225,6.4395460889996095,6.439546088999796,6.439546088999616,6.439546088998659,8.832405290730044,8.536189538965786,8.719519713787644,8.848025282328996,9.45278758234136,9.534497715411598,9.438699698583102,9.130178792648309,9.389305712930849,10.014020198232055,10.15527666426588,10.210972332485449,9.615237162418257,9.803535294992656,9.886400500537656,10.447639484990582,10.475756168158743,10.193356871286644,9.603539317898754,9.54578352796533,9.922125937726376,9.61586967304944,9.126861145381815,8.270847523821608,7.14460974121614,6.6545864010658935,7.488990461068193,7.710948991071316,7.537948561074995,7.116168751079807,9.220447568,8.941632006,9.145659777,9.29878522,9.921464379,10.03634015,9.981978685,9.721315715,10.03120148,10.69139113,10.9014524,11.04556888,10.54630102,10.84321311,11.06774922,11.80316499,11.99893116,11.94167083,11.6279744,11.95108517,12.78324198,13.01917879,13.17511112,13.08625726,12.87255912,13.09413249,13.92853655,14.15049508,13.97749465,13.55571484
0.0,0.0,0.0,0.0,0.0,0.0,0.0,0.0,0.0,0.0,0.0,0.0,0.0,0.0,0.0,0.0,0.0,0.0,0.0,0.0,0.0,0.0,0.0,0.0,0.0,0.0,0.0,0.0,0.0,0.0,0.6149963502631156,0.6425733794318134,0.6753763672874481,0.7143956541610977,0.7427915365974691,0.7953547429165049,0.8610262679905037,0.9368748485560993,1.017320990826288,1.0735444955640894,1.1825911273288345,1.3227265705932512,1.475614663165319,1.6477536060456952,1.872283494356103,2.148330960527836,2.414033510380337,2.7708493807976335,3.208465313530009,3.8120890885839205,4.534495406019639,5.393800645632366,6.415947707477608,7.631795776214036,9.078051976943867,10.205839862998133,10.205839862999381,10.205839862999676,10.20583986299939,10.205839862997875,8.687636357756006,8.409101958588256,8.637197573733609,8.988902377860997,9.389362763425721,9.06190309010784,9.209925352035048,8.904079648470757,9.450254639201939,9.619218914465657,9.950361992702454,9.525751929439721,9.200478116869302,9.393355103990679,9.676931445682163,9.656348999512378,9.370796059661917,9.277261819246615,8.562612836516482,8.357111061464998,8.250387344031715,7.901850414421232,6.524074772578505,5.571103973845045,4.029439613118618,3.45790942706744,3.7244844570693703,4.245151847072306,3.8962411870761846,3.516703137081737,9.302632708,9.051675338,9.312573941,9.703298032,10.1321543,9.857257833,10.07095162,9.840954497,10.46757563,10.69276341,11.13295312,10.8484785,10.67609278,11.04110871,11.54921494,11.80467996,11.78482957,12.0481112,11.77107815,12.16920015,12.78488275,13.29565106,12.94002248,13.20289975,13.10749159,13.66374929,13.93032432,14.45099171,14.10208105,13.722543
0.0,0.0,0.0,0.0,0.0,0.0,0.0,0.0,0.0,0.0,0.0,0.0,0.0,0.0,0.0,0.0,0.0,0.0,0.0,0.0,0.0,0.0,0.0,0.0,0.0,0.0,0.0,0.0,0.0,0.0,0.6316074719641187,0.6599293598421038,0.6936183601483707,0.7336915624195138,0.7628544208855089,0.8168373654140266,0.8842826858850681,0.9621799452795451,1.0447989470456553,1.1025410550715202,1.2145330488218342,1.3584535664231854,1.5154711838473314,1.6922596192465567,1.9228540854989982,2.2063576252781116,2.479236831366017,2.845690339219398,3.2951263283046375,3.915054050503519,4.656972645128142,5.539487817462274,6.589243188256618,7.837931452273993,9.323251198260435,10.481500763998083,10.481500763999366,10.48150076399967,10.481500763999374,10.481500763997818,8.545330316055006,8.264584795177969,8.627610388872682,8.861903368602583,9.403568719137677,8.98373253861032,9.050592679140486,8.740525292747318,9.306590382982579,9.535331374958236,9.956073801209465,9.42763661360981,9.010640006187323,9.359110350789837,9.498168744539308,9.537723364762144,9.237819568676288,9.039629700824905,8.310587491741929,8.265455769545456,8.062279294923297,7.8011316225913605,6.2763627517995,5.186573907785119,3.7964220818021275,3.030585846067635,3.377312646069505,4.018366906072392,3.43003637607636,3.048263026081995,9.176937788,8.924514155,9.321228749,9.595594931,10.16642314,9.800569904,9.934875365,9.702705238,10.35138933,10.63787243,11.17060685,10.78609018,10.52611119,11.05136997,11.42102283,11.74408099,11.7170564,11.88532004,11.60571382,12.18050982,12.71925194,13.34061944,12.86560594,13.02450536,13.11967328,13.51208661,13.85881341,14.49986767,13.91153714,13.52976379
0.0,0.0,0.0,0.0,0.0,0.0,0.0,0.0,0.0,0.0,0.0,0.0,0.0,0.0,0.0,0.0,0.0,0.0,0.0,0.0,0.0,0.0,0.0,0.0,0.0,0.0,0.0,0.0,0.0,0.0,0.643397005197121,0.67224754710974,0.706565383530726,0.747386588906486,0.777093798895089,0.8320843846355689,0.9007886339230018,0.9801399171679807,1.0643010784401683,1.1231209959153063,1.23720342302931,1.3838103492000462,1.5437588445839356,1.7238471984085528,1.9587459220422052,2.2475413156265085,2.525514062578907,2.8988077615335,3.3566328859039034,3.9881321280852755,4.743899314304784,5.642887442413976,6.71223746080173,7.984233637470159,9.49727823992875,10.677147596998047,10.677147596999353,10.677147596999662,10.677147596999362,10.677147596997777,8.579467772822003,8.241262274910332,8.750667499490325,8.824413470115612,9.560673551128094,9.150144564388773,9.083806903102554,8.710601442858886,9.261419181588073,9.771366774114444,10.12167207700199,9.602206040832948,8.969373175450736,9.488771041627844,9.433955397996131,9.779839874413737,9.408724527463395,9.045993658510822,8.234770554142703,8.370101001963706,8.282176685746638,7.922573897639656,6.39183967925438,5.10545429258896,3.813821500133825,2.8014321430677676,3.5159793030694892,4.067099863072399,3.3040113630764316,2.8359333830821463,9.222864778,8.913509822,9.457232883,9.571800059,10.33776735,9.982228949,9.984595537,9.69074136,10.32572026,10.89448777,11.3588755,10.98601639,10.51313202,11.21261824,11.39270132,12.02738119,11.93423859,11.94480142,11.59140344,12.35823313,13.026076,13.56546134,13.10407714,13.08968793,13.31109974,13.47857974,14.1931269,14.74424746,13.98115896,13.51308098
0.0,0.0,0.0,0.0,0.0,0.0,0.0,0.0,0.0,0.0,0.0,0.0,0.0,0.0,0.0,0.0,0.0,0.0,0.0,0.0,0.0,0.0,0.0,0.0,0.0,0.0,0.0,0.0,0.0,0.0,0.6514178451151226,0.6806280492213165,0.715373705277833,0.7567038038422994,0.786781355585378,0.8424574755786733,0.9120182190380867,0.9923587265645819,1.077569073948027,1.1371222636302896,1.2526268871144148,1.4010614728424495,1.5630039490286063,1.7453373550456581,1.9831644184819355,2.275560048937541,2.5569981133950925,2.9349454383030666,3.3984779905964353,4.037849750506305,4.803038627481255,5.713233894892468,6.795914850857672,8.083768231751417,9.61567504284183,10.810253114998025,10.810253114999346,10.810253114999659,10.810253114999357,10.810253114997751,8.739443027903999,8.247554216798756,9.163471991743208,8.857676551179798,10.356938394437783,9.822603344445648,9.25444847098746,8.714334470462285,9.294085306080213,10.623270756399421,10.991808582916839,10.336450617190506,8.967433641006075,9.967150514990703,9.460217501556407,10.707769941102613,10.193599086647124,9.227432631741248,8.212005949450194,8.8713256595426,9.258363472569995,8.909817125161046,7.204543409198419,5.244350648307698,4.288846707220634,2.728286295067819,4.510958305069242,5.083484485072162,3.4255750950763995,2.7250716150822303,9.390860873,8.928182266,9.878845697,9.614380355,11.14371975,10.66506082,10.16646669,9.706693197,10.37165438,11.76039302,12.24443547,11.73751209,10.53043759,11.71248787,11.44338192,12.98332999,12.7505972,12.16237807,11.61048394,12.90917541,14.0614021,14.62305102,14.00045826,13.32811888,13.90452175,13.53853941,15.32121142,15.8937376,14.23582821,13.53532473
0.0,0.0,0.0,0.0,0.0,0.0,0.0,0.0,0.0,0.0,0.0,0.0,0.0,0.0,0.0,0.0,0.0,0.0,0.0,0.0,0.0,0.0,0.0,0.0,0.0,0.0,0.0,0.0,0.0,0.0,0.6346575746971194,0.6631162321217846,0.696967920357608,0.7372346405796822,0.7665383297328645,0.820781963904793,0.8885529853300316,0.9668264192542898,1.0498443973692722,1.1078653484571914,1.2203981640016963,1.3650136897901826,1.52278956275324,1.7004317291703985,1.9321397617483682,2.217012371653911,2.491209341779154,2.8594324943809504,3.3110388598462452,3.933960281967425,4.6794616840057905,5.566238620265357,6.62106337650488,7.875781695035229,9.36827421528054,10.532117096998075,10.532117096999364,10.532117096999668,10.532117096999373,10.53211709699781,8.822676573322,8.17336325789829,9.834697619663418,8.924735457442413,11.251671500290273,10.588952106119505,9.349877114695515,8.640167792772578,9.37314812265896,11.737996851572461,11.984904736029492,11.192054090242705,8.899488227281434,10.786047830865874,9.56788518828994,11.964662308386094,11.149680818262922,9.389037055663314,8.180191960200355,9.828287048081286,10.679789786045198,10.204338839787987,8.356957683551126,5.54668036502386,5.45509453478165,3.073436053067633,6.203222473068877,6.608862553071848,3.8044795230762456,2.8641841630820903,9.457334148,8.83647949,10.53166554,9.661970098,12.01820983,11.40973407,10.2384301,9.606994212,10.42299252,12.8458622,13.2053029,12.55706778,10.42227779,12.48647956,11.50002495,14.18167468,13.64089016,12.24846955,11.49123082,13.76224733,15.35925147,15.77057746,14.97802106,13.42246206,14.82336875,13.60555315,16.73533957,17.14097965,14.33659662,13.39630126
0.0,0.0,0.0,0.0,0.0,0.0,0.0,0.0,0.0,0.0,0.0,0.0,0.0,0.0,0.0,0.0,0.0,0.0,0.0,0.0,0.0,0.0,0.0,0.0,0.0,0.0,0.0,0.0,0.0,0.0,0.6508469633551225,0.6800315685728991,0.7147467746479934,0.7560406528362659,0.7860918455752055,0.8417191727980693,0.9112189554472272,0.9914890551230934,1.0766247268840492,1.1361257260560358,1.2515291249832394,1.3998336273889016,1.561634182369618,1.743807797222651,1.98142643662884,2.273565820907921,2.554757242049245,2.9323733460125543,3.395499673205928,4.034311108159505,4.798829398081775,5.708226999478616,6.7899591284899765,8.076683875880326,9.607248172848612,10.800779354998026,10.800779354999348,10.80077935499966,10.800779354999356,10.800779354997754,9.071171680663992,8.27871828944717,10.436355775373018,9.03241797118583,11.593844644447925,11.12072220722621,9.613756344578308,8.748437136903771,9.482819153144181,12.124163393973605,12.35122982504794,11.765520292643961,9.004856667665058,11.47708432281358,9.66914971340948,12.36563110913207,11.74692129799279,9.658896824031698,8.254735306840693,10.53738514188913,11.055934721969189,10.537016690574706,8.913623251565992,5.721435594178757,6.087981077213482,2.9828892650677266,6.474467555068861,6.856113185071834,3.9370587550762344,2.7808865350822014,9.722018644,8.958749858,11.15110255,9.788458624,12.37993649,11.96244138,10.5249753,9.739926192,10.55944388,13.26028912,13.60275895,13.16535392,10.56649085,13.22089212,11.65057615,14.63919693,14.30167854,12.59127017,11.65023498,14.57169625,15.85476412,16.24524369,15.70358238,13.79811947,15.69522925,13.78366862,17.27524691,17.65689254,14.73783811,13.58166589
0.3530387753280262,0.4913829445701878,0.663756004586949,0.878528133996542,1.138760491616587,1.4711010624963554,1.8865364790034735,2.403230250048525,3.04307131027325,3.824444685822819,4.816512248459651,6.057381870880277,7.598202282117725,9.514812087090045,11.912074667815773,14.903558960146935,18.60610025678056,23.23849835060853,29.01772047158303,36.2545087764345,45.17212869063275,56.28323977654859,68.63040931235315,82.18713402150225,97.06818036357507,107.4779455617364,107.4779456291619,107.47794568556819,107.47794560049361,107.4779454099281,0.6525908470351227,0.6818536496781192,0.716661871907134,0.7580663931871178,0.788198105291642,0.8439744807448392,0.9136604815736145,0.994145657488133,1.079509442333929,1.1391698688786192,1.2548824804400311,1.4035843509152663,1.5658184353785378,1.7484801674261738,1.9867354837943145,2.279657628281576,2.5616024755858753,2.9402303666482776,3.404597597601281,4.045120668160056,4.811687413470339,5.723521660845418,6.808152190113868,8.098324596345643,9.632989897465373,10.82971903499802,10.829719034999345,10.829719034999657,10.829719034999354,10.829719034997746,9.311022687655962,8.305162327771763,10.360448043526928,8.562638712838446,10.80708926311492,10.004242116783121,8.368523719448495,6.907511202490276,6.87999229742113,8.81127752532827,7.92045277113158,6.097150548237423,2.015375632538636,2.6568309955201777,5.833732270533142e-11,9.86651379236591e-11,5.454419621185879e-11,8.72205642292178e-11,6.910379490352311e-11,8.326343431638186e-11,6.208119417499371e-11,7.042582749818878e-11,6.983836106377391e-11,6.439680745941246e-11,6.966456246424406e-11,6.745625943208459e-11,8.876102388027001e-11,9.220476720021234e-11,8.315058864019767e-11,8.48935660521702e-11,10.31665231,9.478398922,11.74086592,10.19923324,12.73404786,12.31931766,11.16872068,10.30488711,11.00257305,13.77489208,13.9918475,13.55811677,11.17939635,13.92012325,12.1394949,15.2073123,14.72834143,13.36139758,12.32600267,15.34236918,16.47005301,16.70991695,16.17206836,14.64206213,16.52532398,14.36210303,17.94566164,18.16194411,15.63925735,14.36946553
1.3561602284161007,1.8875943746657902,2.5497468201809035,3.3747706998011986,4.374425123662565,5.651075440890381,7.246925610093326,9.231748784008316,11.689628934929738,14.691190150065305,18.502110270949164,23.268776564228038,29.187671334102582,36.550120369568226,45.75894499805171,57.25040798939453,71.47331946957745,89.26817515137296,111.46843115545038,139.26776982975724,173.52384113107587,216.20597125752286,263.6362860789207,315.7129761281974,372.8769043329244,412.8648901732315,412.8648904322392,412.8648906489179,412.8648903221131,412.8648895900763,0.6397936655191203,0.6684826302071551,0.7026082698652716,0.7432008564133931,0.7727416914148421,0.8274243028285616,0.8957437745284321,0.9746506515590406,1.0583404689342113,1.1168309659414535,1.2302744753532266,1.376060330630139,1.535113035770683,1.7141928062390828,1.9477759814876108,2.234953978826485,2.511369941677613,2.8825730123169886,3.337834090813843,3.9657966266419087,4.7173311449014514,5.611284497334193,6.674645629669009,7.93951800212848,9.444088810636236,10.61735031899806,10.617350318999359,10.617350318999666,10.617350318999367,10.617350318997792,8.705034806083908,7.313587094147146,8.717245059974871,6.443194203807591,7.65922637494584,6.013458426305555,3.4421306254041344,0.5238700144604356,2.903942818320201e-11,3.163088738153896e-11,3.291399546998092e-11,3.382554485721649e-11,3.470834201974684e-11,3.690760009705737e-11,3.8147102028385e-11,4.058311671579416e-11,4.2248360586886454e-11,4.412710794920444e-11,4.621495596345633e-11,4.8767813723700435e-11,5.147667032398348e-11,5.4059089860806354e-11,5.657811542662196e-11,5.906129818659583e-11,6.222153313825912e-11,6.501838370897374e-11,6.918139848622361e-11,7.290415963517739e-11,7.565889405267837e-11,7.900785741636863e-11,10.7009887,9.869664099,11.96960015,10.56116576,12.80639319,12.49195817,11.58480001,10.73026945,11.39301308,13.95603232,14.07133871,13.74811757,11.64087814,14.19131352,12.57028002,15.40728891,14.93474153,13.85916286,12.83481599,15.64126748,16.6866347,16.8048502,16.39870056,15.18753727,16.84726847,14.87176017,18.18164763,18.26512669,16.22188198,14.96263232
2.4834047159281845,3.4565685334095013,4.669104096243509,6.1798903222894825,8.01046052962791,10.348266455479031,13.270592116615735,16.905206321561778,21.40608389493928,26.90255187905105,33.88112034163009,42.6098540885341,53.44855211004776,66.93069107294203,83.79391861150592,104.83712043061934,130.88215899171038,163.4681525885329,204.1213285924697,255.02756173284777,317.75738320698474,395.91702911082893,482.7715652027675,578.1345576784792,682.8133160656057,756.0394367963919,756.0394372706876,756.0394376674703,756.0394370690244,756.0394357285164,0.6305337544651185,0.6588074958154433,0.692439225632113,0.7324443044239919,0.76155758673257,0.8154487615548055,0.8827794266045134,0.9605442625330743,1.0430228139848932,1.1006667618170165,1.2124683718736993,1.3561442280594196,1.5128949193134946,1.689382818627992,1.9195852798384125,2.2026068704240775,2.475022188430072,2.840852734140956,3.2895246928630635,3.9083985528564043,4.649055903728788,5.530070821512857,6.578041633445371,7.824607157470924,9.307401895642121,10.463682464998087,10.463682464999366,10.46368246499967,10.463682464999374,10.463682464997822,7.7586721396258564,6.096645100795187,6.616711638145496,3.941883753308878,4.005183103663007,1.3720472629912448,2.594783997277365e-11,2.7079125509286076e-11,2.8394088241972866e-11,2.988862073901172e-11,3.131316455448082e-11,3.2807533402366743e-11,3.4362184988305126e-11,3.611728062900798e-11,3.781089111498797e-11,3.9735329284006125e-11,4.168530740930444e-11,4.3737141999947364e-11,4.587393090446677e-11,4.817613260447818e-11,5.0646606511414004e-11,5.319606524781412e-11,5.5832483378408197e-11,5.853691372616006e-11,6.154757980863502e-11,6.454443838220099e-11,6.804506126936181e-11,7.13681451131744e-11,7.467309523669897e-11,7.824775320538984e-11,10.87261061,10.21202113,11.97825496,10.85421838,12.77720122,12.53576248,11.77059644,11.10247899,11.70914791,14.03974107,14.03926331,13.79632673,12.04467471,14.20157478,12.91908182,15.49970234,14.98711171,14.08143541,13.28002765,15.65257715,16.78672169,16.7665438,16.45620426,15.43111422,16.85945016,15.28442374,18.29070176,18.22349162,16.4820477,15.48165327
3.474367096308258,4.835856154087996,6.532234370491414,8.645875340754294,11.20690490434748,14.477574374464764,18.56600670151534,23.650954765133463,29.947834546812494,37.63757894788657,47.40083198924878,59.61262539052852,74.77633009449329,93.63829798079811,117.2305230103168,146.6706732735315,183.10856211957625,228.6974680386007,285.5726346848539,356.7921746517101,444.55331414265055,553.9012992880865,675.4137295526652,808.8297777457082,955.2788971703294,1057.724713925675,1057.7247145892306,1057.724715144343,1057.724714307097,1057.724712431681,0.6505845754381223,0.6797574149287732,0.7144586256238116,0.7557358562508405,0.7857749338992749,0.8413798350537384,0.9108515989761786,0.9910893378891663,1.0761906873396045,1.1356676987785121,1.2510245730091831,1.3992692866908305,1.5610046120354248,1.743104783885686,1.9806276277157342,2.272649236467186,2.5537272957347894,2.931191164367025,3.3941307829189786,4.032684682059668,4.79689475765062,5.7059257368523975,6.787221767278277,8.073427773635435,9.603375026044358,10.796425037998025,10.796425037999347,10.79642503799966,10.796425037999356,10.796425037997754,6.816549418272806,4.7966692610034185,4.7501079839059965,1.529001253017551,0.5789083217774552,2.461081901111825e-11,2.5710658901423804e-11,2.6934463008309797e-11,2.8260308172173148e-11,2.9678133291227374e-11,3.113464470885302e-11,3.265303109148005e-11,3.4259614504616476e-11,3.597642638599335e-11,3.7711665328605347e-11,3.9595449156278e-11,4.1552238125369524e-11,4.361689854050659e-11,4.5761003761722485e-11,4.802797357831533e-11,5.0450473401040244e-11,5.296518716935162e-11,5.558291644673281e-11,5.832733293985838e-11,6.127151691354056e-11,6.430643782169027e-11,6.763640902919781e-11,7.09581310271336e-11,7.445686127796653e-11,7.796585611338032e-11,10.94150109,10.31228283,11.99680098,10.93061245,12.57158816,12.24072757,11.8451767,11.21148321,11.79155913,13.86957903,13.81334093,13.47162387,12.16292942,14.22356318,13.01000878,15.31184553,14.63438318,14.17065749,13.41041106,15.67681214,16.58326617,16.49673352,16.06889996,15.52888806,16.88555376,15.39199843,18.06901795,17.93023587,16.58648041,15.63365226
4.076006839824303,5.673258528557137,7.663390550109016,10.143040746220592,13.147551705724542,16.984587563325174,21.780994410179105,27.746478917985385,35.13375963652173,44.1551007632504,55.60901023004586,69.93546222846223,87.72499407042294,109.85319986618254,137.53077909756854,172.06894116047326,214.81660715208636,268.29992863054986,335.02389931073577,418.57619070288604,521.534512296463,649.8177716697721,792.3719356809297,948.8910109263174,1120.7000328040797,1240.885907880398,1240.8859086588586,1240.885909310097,1240.8859083278692,1240.8859061276962,0.712491865239134,0.744440687279709,0.7824439404578436,0.8276489639884927,0.8605464522964242,0.9214425159839186,0.9975249632586927,1.0853978370079453,1.1785971249921052,1.2437337550611764,1.3700675748161517,1.5324187226154191,1.7095442001941423,1.9089723698745953,2.169097033794591,2.4889063692208713,2.7967308063288456,3.210112779980848,3.7171040686892383,4.416420461716364,5.253350021298465,6.248881121148885,7.433069395325208,8.841666142234018,10.517197676089141,11.823774038997838,11.823774038999284,11.823774038999627,11.823774038999295,11.82377403899754,6.094989344955776,3.958164204183393,3.5633304994544615,0.048840409815168656,2.3556852782404627e-11,2.4509723687977473e-11,2.5655760077576685e-11,2.6897038891925734e-11,2.8233079595682e-11,2.962880265415589e-11,3.108757835162441e-11,3.260895942606141e-11,3.422407616530193e-11,3.593136091110097e-11,3.767659468916301e-11,3.954643384364284e-11,4.150593504598792e-11,4.3569366099961003e-11,4.571707905884838e-11,4.7974207093483367e-11,5.038576881672028e-11,5.2883108534721634e-11,5.5530660422547923e-11,5.827468985515145e-11,6.11965379722798e-11,6.423421339188686e-11,6.749434034922094e-11,7.082798164783137e-11,7.437131537403298e-11,7.783458574641556e-11,10.88348805,10.37586342,12.00916499,11.01953012,12.39009022,12.1415237,11.78237227,11.28060784,11.88748038,13.64315372,13.61391561,13.36244431,12.23792021,14.23822211,13.1158418,15.06187476,14.51578014,14.09552311,13.49309323,15.69296881,16.31253906,16.25856766,15.93867101,15.44655219,16.90295617,15.51720832,17.77403547,17.67137431,16.49853707,15.73004186
4.2953383662843185,5.978538794751287,8.075760600814604,10.688841746375585,13.85502661883162,17.898534880626165,22.953038260823767,29.239527829364228,37.02432102029256,46.531104050776044,58.60135287763876,73.69871687621857,92.44551040277314,115.76444362999467,144.93136425360456,181.32803836127977,226.3759730234301,282.73725300417345,353.0516667125142,441.09993966956836,549.598488923277,684.7847207898382,835.009780269156,999.9512083325682,1181.0053410526066,1307.6584651977607,1307.6584660181106,1307.6584667043926,1307.6584656693105,1307.6584633507455,0.7788674567281465,0.8137926242735346,0.8553362524808756,0.9047525664437525,0.9407147778053414,1.0072839059077585,1.0904541778808536,1.1865132699653687,1.2883949839084934,1.3595997286598065,1.4977027803462768,1.6751785267407573,1.8688049763524952,2.0868118321456217,2.371169654745647,2.720772360227462,3.0572736567981846,3.5091662076942343,4.063388697640974,4.82785325795217,5.742750998312386,6.831025564891509,8.125532568259816,9.665353890222814,11.496977587433094,12.925274327997638,12.925274327999219,12.925274327999592,12.92527432799923,12.925274327997311,5.708968017006761,3.5994271509954423,3.316693566725868,2.265559744006449e-11,2.3486923528765253e-11,2.448962409151417e-11,2.5642679418823594e-11,2.68887323817222e-11,2.822600550964197e-11,2.9615722626107994e-11,3.1077021766834986e-11,3.259916485810296e-11,3.4215633694967106e-11,3.5921563754520416e-11,3.76666675837872e-11,3.9532587346461884e-11,4.1493588959696853e-11,4.355465125068164e-11,4.570403255877824e-11,4.796005373305459e-11,5.036686230954002e-11,5.285893579851414e-11,5.550013312693941e-11,5.823831105543779e-11,6.115515756425699e-11,6.418503842673332e-11,6.742226001797846e-11,7.076344197529849e-11,7.431932717290401e-11,7.778631072756209e-11,10.78317384,10.39175857,12.24779042,11.0170254,12.36089825,12.23042068,11.67377295,11.297889,11.88477838,13.52102129,13.58184021,13.46028054,12.2566679,14.52113953,13.11286059,14.92704205,14.62206079,13.96560324,13.51376377,16.00479245,16.16651049,16.22026126,16.05536968,15.30417975,17.23882259,15.51368128,17.61492371,17.62973923,16.34646838,15.75413926
4.206071914944312,5.85429178627459,7.907928772625065,10.466704422079232,13.567089102850936,17.52656448930145,22.47602432192247,28.63186699671076,36.254875293572375,45.56408674472419,57.383489610760556,72.16709762696651,90.52429210696984,113.35860730396404,141.9193760302002,177.55964827587695,221.67138911007393,276.8613593992798,345.71448702150803,431.9329258180717,538.1766397965338,670.5534084358255,817.6564652186106,979.1700525145187,1156.461487502704,1280.4824849143026,1280.4824857176036,1280.4824863896233,1280.4824853760524,1280.4824831056721,0.8513602151581601,0.8895360278706106,0.9349463116660439,0.9889620281070536,1.028271407049371,1.101036428536135,1.1919477383233297,1.2969474896911863,1.4083118009793592,1.4861438971699166,1.6371008318603204,1.8310950581314764,2.042743207476734,2.2810409589756424,2.591865265395678,2.9740070945191914,3.341828106649942,3.8357803651964346,4.441586878500582,5.277203653762118,6.2772551135481125,7.466820374171582,8.881813068231537,10.564952607118586,12.567053903655369,14.128288757997417,14.128288757999144,14.128288757999554,14.128288757999156,14.12828875799706,5.53115629991676,3.6271447958750613,3.4716810057302254,2.268762955042235e-11,2.350283578071198e-11,2.449586749937741e-11,2.5645517629756233e-11,2.6893008355017125e-11,2.822546471423586e-11,2.961585961368809e-11,3.107804778626256e-11,3.260221731288578e-11,3.4220602225194756e-11,3.592373717097655e-11,3.766849718331764e-11,3.95322006144716e-11,4.149372506308327e-11,4.3554660182970364e-11,4.570623073523088e-11,4.796151605585942e-11,5.0359740475778274e-11,5.28603591328783e-11,5.546703035723111e-11,5.8195231599070944e-11,6.111086901063997e-11,6.413199069142408e-11,6.73609623239114e-11,7.070626580469279e-11,7.426130049530785e-11,7.777363670400944e-11,10.58858843,10.37097261,12.31455609,10.95691204,12.40659004,12.22526723,11.46311643,11.27529056,11.8199302,13.48534215,13.63204518,13.45460887,12.23215168,14.60029777,13.0413115,14.88765272,14.61589959,13.71359,13.48673306,16.09203844,16.12385046,16.2802191,16.04860454,15.02801152,17.33279558,15.42903234,17.56844162,17.69490718,16.05149176,15.72262728
3.738672170148277,5.203733607004255,7.029160181660754,9.303591885093489,12.059446315820379,15.57892499689415,19.97837610179328,25.450150754592297,32.226052248578824,40.50077757003301,51.006749283454354,64.14752884744381,80.46478007668169,100.76163197977769,126.14858525925678,157.82833222411196,197.03815582404658,246.0951406222478,307.29696438428886,383.93437910300815,478.37176028357436,596.0381604056059,726.7943898898139,870.3597796727465,1027.9497038109685,1138.1888677894367,1138.188868503471,1138.1888691008123,1138.1888681998746,1138.1888661817904,0.8742147801511644,0.9134154135884539,0.9600447257855852,1.0155104814462634,1.055875111432588,1.130593492828797,1.223945295372333,1.3317637404014153,1.4461176004668514,1.526039080997031,1.6810484191396984,1.8802503748462238,2.0975801690449023,2.342274967707104,2.6614432796209395,3.0538436163828746,3.43153869718381,3.938750988082525,4.56082023493351,5.41886894624213,6.4457665525558685,7.667265413174127,9.120243253726995,10.84856627816915,12.904413513721623,14.507559350997347,14.507559350999122,14.507559350999541,14.507559350999134,14.507559350996981,5.911645419719774,4.253823589427513,4.199238252574921,0.6052482734832481,2.3707317054348423e-11,2.4543451804248053e-11,2.5672476749072317e-11,2.6914486998625852e-11,2.8236053696428167e-11,2.963594073085748e-11,3.109462467592593e-11,3.261508535227713e-11,3.423229154786226e-11,3.593571678553848e-11,3.7674751978264014e-11,3.9539508212866633e-11,4.149955361965937e-11,4.3561411285593874e-11,4.571455463659146e-11,4.7971839801072885e-11,5.037134227174074e-11,5.2879147025215517e-11,5.550105079340692e-11,5.822525718883639e-11,6.115050297994513e-11,6.416991826509434e-11,6.741362498613086e-11,7.072497828843316e-11,7.423080059863226e-11,7.779390356477658e-11,10.52453237,10.37097261,12.18844316,10.92435064,12.40659004,12.11962154,11.39376988,11.27529056,11.78480411,13.56630635,13.63204518,13.33833973,12.23215168,14.45077665,13.00255575,14.9770362,14.48959505,13.63062912,13.48673306,15.92724045,16.22065592,16.2802191,15.90991916,14.937099,17.15529104,15.38318083,17.6739202,17.69490718,15.95438765,15.72262728
2.8773592910882133,4.004900820675015,5.409786800442237,7.160236397513548,9.28119886500482,11.989862321413963,15.375770723184255,19.586961466701037,24.80183515230889,31.17023460037946,39.25584733820985,49.369262596303365,61.927356029674954,77.54823230482013,97.08655568989363,121.46794301678366,151.64463278863045,189.3999011239869,236.50208826928773,295.48382489936563,368.1647832180953,458.72327410246805,559.3559679176968,669.8468559578318,791.131315189521,875.9736517944614,875.9736523439968,875.9736528037231,875.9736521103428,875.9736505571835,0.8568840672631611,0.8953075748286917,0.9410124926547809,0.9953786774682296,1.0349431061436103,1.1081802464937576,1.1996814131018316,1.305362430856455,1.4174493034933715,1.495786395079208,1.6477227786170063,1.8429756911599269,2.05599707013756,2.2958409609941657,2.608681978400614,2.9933032456158175,3.3635107785587306,3.8606679310790804,4.470405078589709,5.3114435583199535,6.317983618657034,7.515267095908362,8.939440639898207,10.633500836950102,12.648592300591703,14.219956862997401,14.21995686299914,14.21995686299955,14.219956862999153,14.21995686299704,6.8289643716678095,5.710414134516441,5.549562386924152,3.1294157150406767,1.935603668875366,2.4764802572011685e-11,2.5776461771752593e-11,2.699614784192081e-11,2.8312189409541406e-11,2.9717527352281375e-11,3.116617555192329e-11,3.2673759443090805e-11,3.4288595166085254e-11,3.5997782209684234e-11,3.772302271641745e-11,3.9585315180791024e-11,4.15414203137953e-11,4.360914090758384e-11,4.576765118925507e-11,4.8024740444288344e-11,5.0443543203548255e-11,5.296168767250223e-11,5.5573670833983334e-11,5.830040752489749e-11,6.123867744977285e-11,6.428009942760681e-11,6.754162553191705e-11,7.086666502542993e-11,7.430297036262113e-11,7.794103372766262e-11,10.56320773,10.61062253,11.90036168,11.28503079,12.25174564,11.83231681,11.4356395,11.53583725,12.17389314,13.3961443,13.4619061,13.02214437,12.51480928,14.1092235,13.43185026,14.78917939,14.14610832,13.68071871,13.79838122,15.55079016,16.01720039,16.07702864,15.53276258,14.99198958,16.749815,15.89107446,17.4522364,17.47406025,16.01301655,16.08594194
1.7318307280681284,2.4104776645697044,3.2560532298905054,4.309617311905465,5.586186416659638,7.216482160515273,9.254399437920052,11.789039291193365,14.927777828191973,18.76080274341192,23.627387405954305,29.714469879083815,37.27296011046477,46.67488416507789,58.43464907104667,73.10936692655292,91.27217293417475,113.99638886790999,142.3463468693651,177.84639172200457,221.59175134798667,276.0972758011809,336.6662815340634,403.16875679744015,476.16768813879764,527.2327622950269,527.2327626257825,527.2327629024834,527.2327624851503,527.2327615503317,0.7840585613011475,0.8192165029795303,0.8610370169605717,0.9107826876723761,0.9469845850013807,1.0139973923233208,1.0977219891375012,1.194421309270949,1.2969820586861385,1.3686613787620527,1.5076848789496924,1.686343490478345,1.881260448686059,2.1007203070103313,2.3869733573291634,2.738906143734867,3.0776502011301172,3.5325545885937335,4.090470937973384,4.860030608422573,5.781026086983025,6.87655393784107,8.179688752227692,9.729772890330969,11.573604248894242,13.011420500997621,13.011420500999213,13.01142050099959,13.011420500999225,13.011420500997293,8.698756530649856,8.157345192470832,8.042915693169986,6.947545750444324,5.966071828362318,3.7358269071861008,1.788759452968596,2.7675683890259517e-11,2.8790563030645242e-11,3.017685073345124e-11,3.155747099971644e-11,3.2963163607593084e-11,3.455750017382401e-11,3.627312356718253e-11,3.798032269915402e-11,3.9819520011473634e-11,4.174705350885742e-11,4.385311042851626e-11,4.605039127112897e-11,4.832051088845961e-11,5.079854651864151e-11,5.3360471345937043e-11,5.593368224985858e-11,5.86812440996235e-11,6.166980666209615e-11,6.47823127279109e-11,6.80848261361134e-11,7.145935184893593e-11,7.486652868331309e-11,7.861530789783619e-11,11.21464582,11.38703936,12.16000594,12.16794575,12.49924283,11.96630646,12.14088088,12.37995532,13.12635065,13.61296368,13.73384972,13.16960767,13.43056221,14.4170611,14.48272746,15.02854533,14.30629944,14.5244152,14.80805765,15.89008012,16.27644211,16.40180027,15.70865623,15.91655278,17.11526551,17.13435572,17.73470447,17.82705329,17.00054697,17.26300729
0.5573242622160414,0.7757211280649526,1.0478376637358617,1.3868874422100599,1.7977029583826796,2.322352023624667,2.978178672660924,3.7938567082300874,4.803941072175494,6.037455265166891,7.603581597610993,9.56247901951402,11.994893413945434,15.02054730853459,18.804983162357434,23.52748644717434,29.372499065273992,36.68542906151828,45.80879150736303,57.233139156052715,71.31092971825296,88.85147263058536,108.34331781276067,129.74462589732536,153.2365728255133,169.669936847686,169.66993695412714,169.6699370431729,169.66993690887,169.66993660803396,0.6688566038191258,0.6988487786756185,0.7345245921058169,0.7769611166324873,0.8078438584255285,0.8650104540473609,0.936433370963575,1.0189246312448772,1.1064160992611805,1.1675635555308732,1.2861602915096761,1.4385685401381836,1.604846291735225,1.7920608478390518,2.0362546523826657,2.3364778498658816,2.625450142212645,3.0135152928008924,3.48945682711941,4.145944866429411,4.931618205548925,5.866179823622676,6.977844652360293,8.300174467272472,9.87309113622286,11.099648618997971,11.099648618999328,11.09964861899965,11.099648618999339,11.09964861899769,10.110534063983934,10.111770153279457,10.46171896417933,10.348496641179509,10.075193953214958,8.947719412352324,8.358419816401083,7.783853110551913,7.587519458591567,6.632997889332011,5.043533140910685,2.3543071603809183,0.0658897843551972,5.942963732002382e-11,5.745348612766932e-11,7.700346194178303e-11,6.849046075366294e-11,5.537405752497589e-11,5.259914964807114e-11,6.053265906295115e-11,5.904311786837133e-11,6.382112799055538e-11,6.076591586205161e-11,6.2646906391264e-11,6.591838732836223e-11,7.026858280331471e-11,7.621820883207769e-11,8.216896101847963e-11,8.420600664339326e-11,8.93289624683367e-11,11.33671493,11.58634006,12.24408122,12.5123452,12.68074077,12.13508189,12.27303186,12.59663445,13.49787663,13.83801671,13.93327503,13.35535472,13.66562949,14.51674185,14.8926441,15.27700112,14.50807864,14.68251047,15.06723444,15.99994545,16.54552845,16.63996614,15.93021458,16.08980117,17.23360187,17.61932359,18.02789918,18.08591485,17.18559442,17.56515162
3.7000800000002747e-06,5.1500184472826095e-06,6.956602189576239e-06,9.207556238030359e-06,1.193496356287219e-05,1.5418112682564045e-05,1.97721507750697e-05,2.5187443434047905e-05,3.18934011802381e-05,4.0082711254513524e-05,5.04802358429979e-05,6.348537067063949e-05,7.963418826699175e-05,9.972152740018848e-05,0.00012484642571043976,0.00015619916080330596,0.00019500424386569782,0.00024355484152479748,0.0003041249139354225,0.0003799712445435468,0.00047343380276104274,0.0005898856000702173,0.0007192921079349537,0.0008613755544776884,0.0010173387681451415,0.0011264399964128512,0.001126439997119515,0.0011264399977106902,0.0011264399968190523,0.0011264399948217995,0.63830398431912,0.6669261502661755,0.7009723325514287,0.7414704042328063,0.7709424570175726,0.8254977466671358,0.8936581448436656,0.9723812968741712,1.0558762527583734,1.1142305618061745,1.227409931898757,1.3728563426648275,1.5315387130593014,1.7102015182125623,1.9432408236424954,2.2297501621828455,2.5055225243148174,2.8758612940623345,3.3300623528899127,3.956562754854604,4.7063474170225055,5.598219308549072,6.6591045347081605,7.921031806746664,9.42209940637897,10.592629118998063,10.59262911899936,10.592629118999666,10.592629118999369,10.592629118997797,10.571503715619967,10.956089879735394,11.391024580867374,11.808436438232981,11.867902238041987,11.113737695244465,11.241969263031043,11.66410755570915,12.482498593868552,12.760797475512183,12.659793397896557,11.766911601997354,12.177275062786846,12.62613572029617,12.993996609969791,13.087999068696258,11.76823563148333,11.64204915114015,11.784569202242272,11.844275743949304,11.883008399225572,10.98619559590412,9.013315413239855,7.987798277757703,7.596435534914732,7.078473621070408,7.482413481071566,7.432422001074013,6.399462801078833,7.027005451086148,11.2098114,11.62302118,12.09200387,12.54991605,12.63885663,11.93925086,12.13564718,12.63651404,13.53840674,13.87506812,13.88725381,13.13983143,13.70889341,14.33643696,14.93736228,15.31790543,14.27395316,14.518154,15.11493568,15.80121847,16.58982925,16.58500479,15.67313924,15.90969146,17.01955228,17.67222918,18.07616904,18.02617756,16.99321836,17.62076101
9.387240000000696e-07,1.3065787542179953e-06,1.7649157406887864e-06,2.335991119648443e-06,3.0279444594694255e-06,3.911632291687544e-06,5.0162678818232385e-06,6.390147686045487e-06,8.09147400313448e-06,1.0169132299756208e-05,1.2807022797205023e-05,1.610647367014372e-05,2.0203488504773833e-05,2.5299720840418185e-05,3.167400059690786e-05,3.9628305611209103e-05,4.947329890666778e-05,6.179076534980972e-05,7.71576170539868e-05,9.640011204160353e-05,0.00012011190921900529,0.00014965616149929586,0.00018248707182794195,0.00021853416845082094,0.00025810261339978584,0.00028578199908992703,0.0002857819992692102,0.0002857819994191936,0.00028578199919298175,0.00028578199868627136,0.6211252218421168,0.6489770755203145,0.6821069682427647,0.7215151097791298,0.7501939771742745,0.8032810128480244,0.8696070009011996,0.9462114659684465,1.0274593106792904,1.0842431222223468,1.1943764804398957,1.335908472049789,1.4903202020953668,1.6641746307248981,1.890942117438147,2.1697405909437473,2.4380910537563207,2.798462845515592,3.2404399290929997,3.8500792400078225,4.579684844960497,5.447553666224556,6.479887143117989,7.707851993799015,9.168521155712787,10.307548241998116,10.307548241999376,10.307548241999674,10.307548241999386,10.307548241997855,10.409811699452973,10.790637237920949,11.192288526862491,11.725704954251777,11.698277174904392,10.960748705543969,11.072388172856407,11.490898213910626,12.400157047874812,12.575367728674966,12.483677122568462,11.61107022150939,12.002233414450549,12.414239799590398,12.924158798599242,12.910274240790548,11.626331932986778,11.487965023763063,11.635912353336067,11.666685519928585,11.75242334318111,10.887477127667204,8.963054839866135,7.9477520020913754,7.544490691735657,7.2197865560676515,7.487654716069385,7.446810436072281,6.414225706076421,7.03488005608221,11.03093786,11.43961562,11.87439726,12.4472224,12.44847418,11.76403363,11.94200019,12.43711607,13.42762445,13.65962102,13.67806641,12.9469948,13.49257382,14.07843973,14.81513259,15.08005446,14.06447246,14.28648966,14.87642944,15.51686116,16.3322283,16.33518045,15.44312447,15.65582253,16.71326995,17.52762058,17.79548874,17.75464446,16.72205973,17.34271408
0.0,0.0,0.0,0.0,0.0,0.0,0.0,0.0,0.0,0.0,0.0,0.0,0.0,0.0,0.0,0.0,0.0,0.0,0.0,0.0,0.0,0.0,0.0,0.0,0.0,0.0,0.0,0.0,0.0,0.0,0.6042142554301135,0.6313078050731489,0.6635356920753982,0.7018708941553612,0.7297689409587816,0.7814106109548522,0.8459307851129102,0.920449590976173,0.9994853542505591,1.0547231504395742,1.1618579804116682,1.2995365739108866,1.4497442377092822,1.6188652465713589,1.8394586846124759,2.1106664961140633,2.371710758013059,2.7222709448785536,3.1522146101492856,3.7452556739671037,4.454996788724434,5.299236718469816,6.303463533228429,7.497995395496266,8.918895882322406,10.026911429998167,10.026911429999393,10.026911429999682,10.026911429999402,10.026911429997913,10.120946544588982,10.424378864946878,10.634698597945611,11.152984445866682,11.090443129064361,10.500775619069445,10.765037734912589,11.099260059050597,11.789114405777566,12.028542549590052,11.825890029619508,11.117157486121974,11.590000582325148,11.776468183464807,12.270617285425537,12.333098743925866,11.11668978202897,11.168197915165461,11.22494175989685,11.018704896081394,11.188107951326433,10.211523431583492,8.507120296827544,7.723848484562584,6.983421987739496,6.666564410066757,7.017712810068691,6.83167379007177,6.23161361007562,6.733757730080875,10.7251608,11.05568667,11.29823429,11.85485534,11.82021207,11.28218623,11.61096852,12.01970965,12.78859976,13.0832657,12.98774801,12.41669406,13.03974482,13.39533343,14.11007597,14.44376524,13.48840054,13.89046886,14.37715637,14.76396057,15.64310474,15.51076015,14.81058383,15.22184388,15.90231787,16.69347584,17.04462424,16.85858522,16.25852504,16.76066916
0.0,0.0,0.0,0.0,0.0,0.0,0.0,0.0,0.0,0.0,0.0,0.0,0.0,0.0,0.0,0.0,0.0,0.0,0.0,0.0,0.0,0.0,0.0,0.0,0.0,0.0,0.0,0.0,0.0,0.0,0.5892727529941107,0.6156963112651233,0.6471272408175545,0.6845144587840762,0.7117226199541691,0.7620872526557516,0.8250119193747015,0.8976879634869338,0.974769266006906,1.0286410969627273,1.133126609563338,1.2674005746188108,1.4138937809141268,1.578832627665359,1.7939710514259684,2.058472215178357,2.3130611618642227,2.654952410784372,3.0742640787722637,3.652639939940442,4.3448299980986045,5.168192874955054,6.147586350771119,7.312578855816653,8.69834215762203,9.778957793998213,9.778957793999409,9.778957793999691,9.778957793999417,9.778957793997964,9.608936267024992,9.949686178754911,10.42484562920346,10.472775441237982,10.84956931006898,10.388686047368552,10.21548305065081,10.588964446539853,11.061321514021245,11.65803725306691,11.570126540467841,11.004666005414041,11.047556669120326,11.548242322370806,11.48583740861209,11.947465444861583,11.018228848177797,10.553045809259684,10.665285601273911,10.815653650108056,10.824092111952282,10.002806185098256,8.490486399284839,7.1613808742422425,6.885511692439868,5.932237666066804,6.749000156068696,6.710342406071761,5.68074856607569,6.238399236080892,10.19820902,10.56538249,11.07197287,11.1572899,11.56129193,11.1507733,11.04049497,11.48665241,12.03609078,12.68667835,12.70325315,12.27206658,12.46145045,13.12707495,13.27980846,14.00593766,13.33129001,13.20799822,13.73954968,14.46829359,15.16892211,15.17099906,14.63807275,14.47395973,15.58385385,15.71119546,16.52795795,16.4893002,15.45970636,16.01735703
0.0,0.0,0.0,0.0,0.0,0.0,0.0,0.0,0.0,0.0,0.0,0.0,0.0,0.0,0.0,0.0,0.0,0.0,0.0,0.0,0.0,0.0,0.0,0.0,0.0,0.0,0.0,0.0,0.0,0.0,0.5801676770221091,0.606182954909741,0.6371282332930125,0.6739377672274163,0.7007255248182608,0.7503119545489444,0.8122643484653969,0.8838174475583249,0.9597077377467425,1.0127471746861914,1.1156182421502023,1.2478174894341847,1.392047173844391,1.554437488149869,1.7662517268316944,2.026665983157239,2.2773211798276347,2.6139297378720165,3.0267624628346654,3.596201620023998,4.277696388039232,5.088337173965441,6.052597671108256,7.199589436748555,8.563940786146425,9.62785942199824,9.627859421999418,9.627859421999696,9.627859421999426,9.627859421997996,9.348522421997,9.559375435110303,10.05897866672801,9.909770502794656,10.481070715204899,10.27420187547536,9.936451721560127,10.168147392468478,10.457623402281431,11.129138175343467,11.170654707880992,10.885293280598669,10.597826566190088,11.127005881886321,10.830859203206408,11.37782686688274,10.90301951021438,10.24500666217206,10.19284360721155,10.380929360024538,10.239839882011717,9.584678706087901,8.419729138947705,6.891851563310361,6.490879953915521,5.2756440980668815,6.1903527880687665,6.320184798071815,5.423276838075731,5.783355288080947,9.928690099,10.16555839,10.6961069,10.58370827,11.18179624,11.02451383,10.74871607,11.05196484,11.41733114,12.14188535,12.28627295,12.13311077,11.98987374,12.68144337,12.59711093,13.40449285,13.18034069,12.8589364,13.21960607,13.97713098,14.51753627,14.67301588,14.47232681,14.091441,15.05482074,14.90350352,15.81821221,15.94804422,15.05113626,15.41121471
0.0,0.0,0.0,0.0,0.0,0.0,0.0,0.0,0.0,0.0,0.0,0.0,0.0,0.0,0.0,0.0,0.0,0.0,0.0,0.0,0.0,0.0,0.0,0.0,0.0,0.0,0.0,0.0,0.0,0.0,0.5775653523481086,0.6034639394888593,0.6342704137562347,0.6709148396327618,0.6975824415422391,0.746946452833057,0.8086209611490401,0.8798531109670509,0.9554029975402789,1.0082045276798333,1.1106141700632943,1.2422204415978222,1.3858031880945092,1.5474651055270268,1.758329257808907,2.0175754338164036,2.2671063241374516,2.6022050346140153,3.0131860107996222,3.580070965768138,4.2585089094888655,5.0655135905396795,6.025448926210626,7.16729589476757,8.525527487203508,9.584673947998247,9.58467394799942,9.584673947999697,9.584673947999427,9.584673947998006,8.895480660671007,9.140261680531191,9.552439186264799,9.446914900389318,9.923220158480934,9.766087647191265,9.4468186688765,9.713496399059768,9.959354822487917,10.453032642349854,10.55925325996793,10.32797751843506,10.106535501940003,10.530030204509206,10.284276252229246,10.635490146223647,10.301735565904627,9.666613415430124,9.657855699246655,9.73140540428048,9.445205250562193,8.871353259513743,7.775437683845389,6.277465465291412,5.81231415285855,4.662800312066994,5.346803042068915,5.563252732071951,4.775740662075873,5.187032812081075,9.473046013,9.74372562,10.1867096,10.11782974,10.6208026,10.5130341,10.25543963,10.59334951,10.91475782,11.46123717,11.66986743,11.57019796,11.49233869,12.07749531,12.04260551,12.65306558,12.56884189,12.26881845,12.67104171,13.31147637,13.70371416,13.93686685,13.80088661,13.44476136,14.33784164,14.24747426,14.93147699,15.14792668,14.36041461,14.77170676
0.0,0.0,0.0,0.0,0.0,0.0,0.0,0.0,0.0,0.0,0.0,0.0,0.0,0.0,0.0,0.0,0.0,0.0,0.0,0.0,0.0,0.0,0.0,0.0,0.0,0.0,0.0,0.0,0.0,0.0,0.5662868744581064,0.5916797237784327,0.6218846208606793,0.6578134682397082,0.6839603152990329,0.7323603648361864,0.7928305166657726,0.8626716719867735,0.9367462489316727,0.9885166907488128,1.0889265163450494,1.2179628303541592,1.358741747249287,1.5172467918638535,1.7239932686833181,1.978176983356732,2.222835128770357,2.551390158290795,2.9543456533178176,3.5101606931593374,4.175350357153997,4.966596155828373,5.907786237104851,7.027335649660073,8.359044208949179,9.397508057998282,9.397508057999431,9.397508057999703,9.39750805799944,9.397508057998046,8.592521838561018,8.850038087241625,9.235942255160364,9.19827268478238,9.58526935472415,9.413490565188145,9.122418464359775,9.402335838040056,9.695651821096531,10.102206339280885,10.194641523686185,9.948128949678733,9.777390682785237,10.170320888172395,10.00707560135484,10.265845526683336,9.907021471271742,9.310450381753364,9.323955776728482,9.371548386889307,9.085355802897089,8.508928424225076,7.411084112951186,5.971439750398934,5.515893451112918,4.481390622066982,5.051270322068946,5.248987492071996,4.486546792075923,4.91634809208108,9.158808713,9.441717811,9.857826876,9.856086153,10.26922967,10.14585093,9.915248981,10.26500751,10.63239807,11.09072303,11.28356804,11.16609178,11.13613243,11.68756768,11.73106887,12.24402251,12.1298566,11.86184054,12.27830143,12.88170908,13.26070616,13.47552458,13.31887035,12.9987754,13.87493766,13.87889868,14.44877838,14.64649555,13.88405485,14.31385615
0.0,0.0,0.0,0.0,0.0,0.0,0.0,0.0,0.0,0.0,0.0,0.0,0.0,0.0,0.0,0.0,0.0,0.0,0.0,0.0,0.0,0.0,0.0,0.0,0.0,0.0,0.0,0.0,0.0,0.0,0.3128099014170588,0.3268365989282636,0.34352141241197953,0.3633680656077071,0.3778112621921608,0.4045468540046774,0.437949821803619,0.47652921662311176,0.5174471014563377,0.546044456492394,0.6015096086312619,0.6727876807268502,0.7505522221665671,0.8381084584424568,0.9523126682682761,1.0927206245799927,1.2278667736426057,1.4093565291533885,1.6319441863288862,1.93896957515733,2.3064121605376298,2.7434866036224026,3.2633884233856456,3.881813743075504,4.617433164850211,5.191067816999051,5.191067816999685,5.191067816999835,5.1910678169996896,5.1910678169989195,9.001908856602055,9.051300621091793,9.233642388609065,9.497727533414379,9.154003690831034,9.238842883019664,9.646086058221922,9.719353663403702,10.12035497857182,10.320997823537207,9.87180592139986,9.940316699305841,10.310589417867732,10.516701431593548,10.784718621769539,10.904361075459708,10.301273116399106,10.654407670890329,10.563675073716983,10.575983204890827,10.686848429512892,9.764385056430637,9.395880726670015,9.33823930698292,8.86246990521116,8.694884933065342,8.966303623067866,8.403689513071114,8.929334763074666,9.026398723079172,9.314718758,9.37813722,9.577163801,9.861095599,9.531814953,9.643389737,10.08403588,10.19588288,10.63780208,10.86704228,10.47331553,10.61310438,11.06114164,11.35480989,11.73703129,11.9970817,11.52913989,12.0637642,12.19561926,12.51495278,12.99326059,12.50787166,12.65926915,13.22005305,13.47990307,13.88595275,14.15737144,13.59475733,14.12040258,14.21746654
0.0,0.0,0.0,0.0,0.0,0.0,0.0,0.0,0.0,0.0,0.0,0.0,0.0,0.0,0.0,0.0,0.0,0.0,0.0,0.0,0.0,0.0,0.0,0.0,0.0,0.0,0.0,0.0,0.0,0.0,0.3067753454010577,0.32053144760352253,0.3368943868718511,0.356358169385106,0.3705227357905143,0.3967425593179392,0.4295011354931814,0.4673362779151413,0.5074647974918206,0.5355104681339599,0.5899056171623068,0.6598086320208164,0.7360729828359696,0.8219401325133738,0.9339411777387919,1.0716404612315955,1.2041794453573869,1.3821680006472088,1.6004616195598154,1.9015640439973414,2.2619181297678246,2.6905607738653874,3.200432934593,3.806927934249906,4.52835619203956,5.090924600999069,5.090924600999692,5.0909246009998395,5.0909246009996965,5.090924600998941,8.981354102618056,9.002584106416535,9.182158557149195,9.50098034563698,9.030562931232685,9.211861403706404,9.62574938453236,9.668727212111676,10.126284272536337,10.198421181895647,9.739767902868822,9.915011998011877,10.26017278719833,10.463972767522634,10.79861830229902,10.77848872880811,10.28337236468432,10.647159599396506,10.523605770486054,10.537452416050813,10.572187730282705,9.645764836187658,9.413171525462655,9.375387845808511,8.869755568021805,8.789737599065308,8.893032899067864,8.317379999071115,8.989170609074646,9.043127859079142,9.288129448,9.323115554,9.519052944,9.857338515,9.401085667,9.608603963,10.05525052,10.13606349,10.63374907,10.73393165,10.32967352,10.57482063,10.99624577,11.2859129,11.73255948,11.85012919,11.48755181,12.0293276,12.12406739,12.43901646,12.83410586,12.33632561,12.61360446,13.18231578,13.39811176,13.8806622,13.9839575,13.4083046,14.08009521,14.13405246
0.0,0.0,0.0,0.0,0.0,0.0,0.0,0.0,0.0,0.0,0.0,0.0,0.0,0.0,0.0,0.0,0.0,0.0,0.0,0.0,0.0,0.0,0.0,0.0,0.0,0.0,0.0,0.0,0.0,0.0,0.30604671460205757,0.31977014429713496,0.336094219485635,0.35551177301857323,0.3696426967617136,0.3958002448447364,0.4284810151992356,0.4662262943043857,0.5062595034993145,0.5342385620759315,0.588504515647432,0.6582415018783729,0.734324715077017,0.8199879192587508,0.9317229476340705,1.0690951776642759,1.201319364700438,1.3788851743387667,1.5966603179033723,1.8970475854569187,2.2565457840468506,2.684170346877661,3.192831495816262,3.7978859920467536,4.5176007651780905,5.0788330019990715,5.078833001999692,5.07883300199984,5.078833001999697,5.078833001998944,9.170625113417055,9.10849792672292,9.374600912535406,9.672147927003506,8.997174128261486,9.448573968179598,9.830883894826298,9.784158705722424,10.311226056528833,10.209299007953671,9.70351527438369,10.176057838154302,10.385944284957274,10.693138450777237,11.003558942403723,10.79163883237542,10.568107205341244,10.894629175704925,10.664150652142476,10.792397184591207,10.58904547600367,9.60718688317538,9.73027813423936,9.652021358011632,9.15024827488324,9.041667848065275,8.917638908067854,8.280595638071118,9.287078068074605,9.214633038079114,9.476671828,9.428268071,9.710695132,10.0276597,9.366816825,9.844374213,10.25936491,10.250385,10.81748556,10.74353757,10.29201979,10.83429934,11.120269,11.51312637,11.93528189,11.86073401,11.76942657,12.27351435,12.26081097,12.68944477,12.84559126,12.29135723,12.92310963,13.44990735,13.66784904,14.12050085,13.99647191,13.35942864,14.36591107,14.29346604
0.0,0.0,0.0,0.0,0.0,0.0,0.0,0.0,0.0,0.0,0.0,0.0,0.0,0.0,0.0,0.0,0.0,0.0,0.0,0.0,0.0,0.0,0.0,0.0,0.0,0.0,0.0,0.0,0.0,0.0,0.3264052777440614,0.34104160503496944,0.358451575610035,0.3791608061020857,0.3942317343920928,0.4221293112644482,0.4569840423087607,0.49724017878081295,0.539936440961727,0.5697766972036302,0.6276524815282005,0.7020284485740856,0.7831728005664109,0.8745344150498133,0.9937021800689827,1.1402125615172298,1.2812324465048504,1.4706101285629936,1.7028719135437105,2.0232412716140415,2.4066536846889948,2.862724302478385,3.4052221489682593,4.050525533940715,4.818116523198336,5.41668254399901,5.416682543999673,5.416682543999829,5.416682543999677,5.416682543998873,9.921356542275035,9.91744226498507,10.117575904410993,10.363597393919981,8.971315873631108,10.303484528759864,10.637156377716751,10.655752961245971,11.0489721490664,10.287659662825977,9.662972728502938,11.10212571145856,11.316302869467847,11.545979944986147,11.792715709968787,10.846264318522488,11.541758813536791,11.80156537148066,11.637577316502092,11.666301068434043,10.575121515361557,9.426967437574701,10.6747265110873,10.493762756117619,9.926941396862942,9.710787956065289,8.728174486067921,7.940935876071194,10.118142086074545,10.135409276079088,10.24776182,10.25848387,10.47602748,10.7427582,9.365547608,10.72561384,11.09414042,11.15299314,11.58890859,10.85743636,10.29062521,11.80415416,12.09947567,12.42051436,12.78641789,11.98647688,12.82299126,13.2721755,13.34044923,13.68954234,12.9817752,12.28969174,14.07994866,14.54428829,14.74505792,15.1274705,14.14485703,13.35761842,15.53482463,15.55209182
0.0,0.0,0.0,0.0,0.0,0.0,0.0,0.0,0.0,0.0,0.0,0.0,0.0,0.0,0.0,0.0,0.0,0.0,0.0,0.0,0.0,0.0,0.0,0.0,0.0,0.0,0.0,0.0,0.0,0.0,0.36351015652506835,0.3798103023475938,0.3991993918028241,0.42226279221628765,0.43904694331685373,0.47011584209701307,0.5089327657237565,0.5537651120975322,0.601314971142977,0.6345473878863971,0.6990023365448319,0.7818331645553784,0.872201789406427,0.97394914781552,1.1066635855668225,1.2698288752364342,1.4268795234958422,1.6377851538309287,1.896449837186124,2.2532379268361256,2.6802356373321414,3.1881511428807405,3.792318693280083,4.510978440753365,5.365827120225573,6.032436524998897,6.032436524999635,6.0324365249998095,6.03243652499964,6.032436524998745,10.851135663494013,10.850722987672427,11.011547408218183,11.268533167805757,9.038191705706344,11.291341057927275,11.631948114301725,11.656037277929224,12.01030331888512,10.511066632143214,9.714346143486322,12.16232579547724,12.373767700627802,12.554780582220411,12.80814300447092,11.034792614803312,12.634512336545763,12.886630046212682,12.708082482859632,12.657748293211915,10.646101342718445,9.248104207172398,11.647423206775422,11.405574339304913,10.69485263983566,10.430018255065361,8.48785276506802,7.484481315071313,10.968110445074508,10.993304045079142,11.21464582,11.23053329,11.4107468,11.69079596,9.477238649,11.7614569,12.14088088,12.20980239,12.61161829,11.14561402,10.41334848,12.94415896,13.24596949,13.52872973,13.91480659,12.30462149,14.06139186,14.5244152,14.60453232,14.91098622,13.32633698,12.43625535,15.4397419,15.91655278,16.06067976,16.46245478,14.52028929,13.51691784,17.00054697,17.02574057
0.0,0.0,0.0,0.0,0.0,0.0,0.0,0.0,0.0,0.0,0.0,0.0,0.0,0.0,0.0,0.0,0.0,0.0,0.0,0.0,0.0,0.0,0.0,0.0,0.0,0.0,0.0,0.0,0.0,0.0,0.42274644110107945,0.44170279902453696,0.4642514635288363,0.4910731912562939,0.5105924261863302,0.5467241989923433,0.5918665864143754,0.6440046478564566,0.6993030578884568,0.737950907626047,0.812909198797829,0.9092378353609709,1.014332600547662,1.1326603360642178,1.287001432825911,1.4767555408773547,1.6593985879353912,1.9046726278264583,2.2054883612086025,2.620417332020975,3.116997026508965,3.707680583753447,4.410301066772786,5.246070976233292,6.240222667568252,7.0154603009987175,7.0154603009995755,7.015460300999778,7.015460300999582,7.01546030099854,11.202825078917996,11.213108670995476,11.328543316492162,11.54537458876574,8.873993427836872,11.746826221031931,11.993878983611095,12.027071712170288,12.285192222139637,10.739753552403576,9.498634751233366,12.620520604671665,12.732056209486585,12.849030433971741,13.039212407211872,11.194489739162446,13.03813686210625,13.15194445221719,12.950788408837191,12.789809838027123,10.606406383541703,8.606993586299822,11.72794158328276,11.253694213825051,10.35819141249307,9.933725869065642,7.937469959068203,6.369311429071572,10.608018669074658,10.653495509079454,11.62557152,11.65481147,11.79279478,12.03644778,9.384585854,12.29355042,12.58574557,12.67107636,12.98449528,11.47770446,10.31154395,13.52975844,13.74638881,13.98169077,14.32621384,12.67124528,14.69753545,15.05661708,15.15627677,15.41022717,13.72340341,12.31467417,16.13824265,16.49976519,16.59841408,16.94918617,14.95293026,13.38477173,17.62347897,17.66895581
0.19924214080801478,0.27731851760969467,0.3745995527125873,0.4958090680404812,0.6426746693942104,0.8302355025007664,1.06469201984915,1.3562950399126796,1.7173978748564982,2.158376359359308,2.718262918058971,3.418564237099637,4.288146783805418,5.369811086208185,6.722738192356638,8.411022245698396,10.500600801725081,13.11495644136176,16.37653751420032,20.460715500296303,25.493493219871617,31.76419693352625,38.73248671684374,46.3834050922717,54.78172204174275,60.65661185083898,60.65661188889145,60.6566119207251,60.656611872712126,60.65661176516394,0.45127654015508484,0.4715122152215815,0.49558263264748464,0.5242144916367711,0.5450510308699775,0.5836212465744511,0.6318101807192195,0.6874669094114662,0.7464972707087042,0.7877533670784029,0.8677704056792108,0.9706000207857217,1.0827873685924443,1.2091007467706643,1.373857937792657,1.5764180755873949,1.7713872446833108,2.0332142155351733,2.354331249734996,2.7972627381009647,3.3273553530881776,3.95790266496029,4.707941245517491,5.60011517399507,6.661359674330667,7.488916154998631,7.488916154999547,7.488916154999764,7.488916154999553,7.488916154998442,11.413776459055974,11.458642797188732,11.210694074660926,11.504845260344785,8.784507333759018,11.594734590949063,11.364201859457122,11.22816696070262,11.047491524462918,9.279464373591942,7.371202386293068,9.927537792147321,9.027297677636444,7.744332087057199,6.810954029888581,3.509465958754115,3.2804134836333647,0.4766501831469551,2.0022367245431314e-10,2.2660170548445186e-10,2.627636897091129e-10,1.3804092323580913e-10,5.005989870702416e-10,1.3960266635846517e-10,2.1534836142898935e-10,2.475076604360315e-10,1.5415134736127241e-10,1.2334372482483684e-10,2.5088467234083266e-10,2.6985548821680235e-10,12.06429514,12.20747353,12.08087626,12.52486882,9.972233034,13.00859134,13.06070406,13.27192891,13.51138667,12.2255941,10.95723571,14.31670205,14.39823183,14.32324392,14.90755016,13.49690628,15.55240153,15.62482084,15.87497558,15.78667747,14.61762326,13.08579861,17.0769059,17.1224302,17.00389012,17.63695879,15.92726635,14.22290391,18.28855048,18.50680391
1.21342382506809,1.6889243160884158,2.2813849533934465,3.0195747415946474,3.9140151398098357,5.056297503461089,6.484183807730183,8.26010355328163,10.459290840887975,13.144936544493085,16.554755807156944,20.819728577497564,26.115657319062933,32.703205665704544,40.94279783994663,51.2247797816153,63.950724172452524,79.87266421721972,99.73633444844344,124.60978167225545,155.2603878464232,193.4502068035652,235.8884621282935,282.4840598404321,333.6314618691068,369.4106962976114,369.41069652935846,369.41069672323164,369.4106964308232,369.4106957758335,0.4599917853000865,0.48061826035990546,0.5051535359602157,0.5343383456301712,0.5555772890019319,0.5948923891735763,0.644011968581233,0.7007435637718691,0.7609139446002059,0.8029667963107964,0.8845291581117498,0.9893446626321254,1.1036986203804309,1.2324514164276545,1.400390468639828,1.606862534266843,1.8055970311677547,2.0724805162265447,2.3997990996412355,2.8512846699504473,3.391614659757945,4.034339370429912,4.7988630161658135,5.708266988323459,6.790006695380928,7.633545299998604,7.633545299999538,7.633545299999759,7.633545299999545,7.633545299998412,10.499653979650919,10.162646733571705,9.421687090667373,9.086173002797276,5.992558121211549,7.7065475573897455,6.05026658371427,4.446672412973503,2.4154742145402524,3.1832782312437476e-11,3.226780151014317e-11,3.626458500887085e-11,3.803612810445203e-11,3.984098363337166e-11,4.1629726801740356e-11,4.127478182286989e-11,4.5675769694276054e-11,4.707168803860185e-11,4.905043275920397e-11,5.035282711933858e-11,5.199377240383502e-11,5.408069978552016e-11,5.872725249745209e-11,6.087187572678733e-11,6.376626033823651e-11,6.791684470970076e-11,7.042037436180798e-11,7.312656715384202e-11,8.270276768379409e-11,9.778865438958804e-11,12.17306959,12.33218931,12.20822558,12.64008609,10.46215055,13.35773745,13.17846236,13.40751953,13.635679,12.60571415,11.4955446,14.7009574,14.54532915,14.47423094,15.04468591,13.91655417,15.96982263,15.7656978,16.03715983,15.95309112,15.07211665,13.7286799,17.53524417,17.27680996,17.18313489,17.79920258,16.42247936,14.92164909,18.45344424,18.69587582
2.2878452167801697,3.1843757624008884,4.30142835951203,5.693245415615503,7.379664574755336,9.533376400666796,12.225579062127354,15.57398001759511,19.720429108844495,24.784069322612655,31.213099747932223,39.25447601790444,49.23966420152944,61.66013153026878,77.19543844827929,96.58156118486454,120.57564338607204,150.59560312374836,188.0474826627493,234.9450266866925,292.73509251389635,364.73993766838737,444.7549805967945,532.6084685095998,629.044138112073,696.5039560719827,696.5039565089293,696.5039568744667,696.5039563231463,696.5039550881986,0.45713199275708594,0.4776302319625929,0.5020129704949717,0.5310163367049999,0.5521232364755121,0.5911939126511391,0.6400081131120529,0.6963870050630585,0.7561833035449245,0.7979747105176368,0.8790299949282502,0.9831938560762932,1.0968368693988892,1.2247892027035314,1.3916841692069097,1.5968725874026282,1.7943715417342232,2.059595798465874,2.3848794254444967,2.8335580867859753,3.3705288173088683,4.009257675460159,4.769028238443513,5.672778399421781,6.747792875189104,7.586087156998613,7.5860871569995405,7.586087156999761,7.586087156999548,7.586087156998421,9.422049350481867,8.633502205656574,7.403547850014097,6.3845152977017,2.961896308792726,3.4547654067067732,0.30633305478740436,2.7386100613830534e-11,2.864586345211452e-11,2.994357775143479e-11,3.132594899653501e-11,3.304995783784702e-11,3.46083753102336e-11,3.6284323942179976e-11,3.80554654923152e-11,3.983424710438197e-11,4.194473560305559e-11,4.400232774229349e-11,4.619185343441142e-11,4.8388376688373024e-11,5.0769384896238907e-11,5.3267723214619756e-11,5.628441362604574e-11,5.901180190962396e-11,6.19763957000916e-11,6.525607415539698e-11,6.831941874176133e-11,7.150907174250917e-11,7.576040318410583e-11,7.947761503494884e-11,12.16702656,12.2955082,12.20698918,12.60877705,10.89368412,13.57933572,13.17192023,13.36763993,13.60190391,12.73333569,11.96970269,14.94483903,14.50206524,14.47276505,15.00742076,14.05744678,16.2347541,15.75787131,15.98945858,15.95147545,15.2247083,14.29494839,17.82614521,17.2682333,17.18139465,17.7551146,16.58874222,15.53712412,18.44428348,18.64026643
3.1461936602642333,4.379082449320878,5.915228239882225,7.829223979647835,10.148349953782168,13.11008636978632,16.812343359686334,21.416989592241148,27.119093802707365,34.08249876628152,42.92355786303851,53.981878965718586,67.71328681160387,84.79363616416826,106.15744337333409,132.8168065171343,165.81293263249268,207.09571099325447,258.5986995286482,323.0911549657112,402.5627631838959,501.5822185525564,611.6171190522583,732.4312740816661,865.0474537520894,957.8166892018321,957.8166898027112,957.8166903053901,957.8166895472267,957.8166878489542,0.47665047722708964,0.49802394409098477,0.5234477694668156,0.5536895126924929,0.5756976285273105,0.6164365326945228,0.6673349872192695,0.7261211281583513,0.7884705910255028,0.8320463949358627,0.9165625535251534,1.0251739719178588,1.143669280476418,1.2770848840620235,1.451105881697397,1.6650553733192448,1.8709870786593907,2.14753580101171,2.4867082905554656,2.954544498562179,3.514442643990655,4.180443755005232,4.972654773194785,5.914992986992168,7.035908107830822,7.909995626998554,7.909995626999521,7.90999562699975,7.909995626999528,7.909995626998354,8.401567032527824,7.282681696608227,5.649618660672136,4.054290007682034,0.1785210477151774,2.5373653117882085e-11,2.5823766498948124e-11,2.703688640028453e-11,2.834486808469466e-11,2.9710082262930326e-11,3.115205563532804e-11,3.2754318628528466e-11,3.43569045193048e-11,3.6048311572037665e-11,3.7811007186172774e-11,3.963866720367495e-11,4.167869263238222e-11,4.3736076646711787e-11,4.590339728039704e-11,4.812575145031942e-11,5.0513670170980696e-11,5.301876603454911e-11,5.585439916684944e-11,5.860268329073518e-11,6.154773011397863e-11,6.473986726587184e-11,6.78601643706265e-11,7.113017556021114e-11,7.490792304151215e-11,7.845092160514336e-11,12.02441117,12.15978809,12.08829467,12.4372035,10.90256863,13.57160554,13.01752601,13.22008544,13.41681642,12.51788858,11.97946477,14.93633153,14.34198874,14.33203928,14.80320774,13.81959582,16.22551231,15.57316595,15.81296396,15.79637147,14.96710735,14.30660686,17.8159975,17.06582429,17.01433156,17.51351242,16.30806191,15.54979567,18.22808943,18.4345117
3.6270203238842686,5.048329110903424,6.819241077698036,9.025749067220442,11.699302557607517,15.113675395016713,19.381741126699037,24.690106495527218,31.263652212522302,39.29126082584552,49.48348180499095,62.231824633985916,78.06177685898245,97.75248281367936,122.38127916586639,153.11494097619934,191.15380092984958,238.7457460894865,298.1198362854991,372.46854836947887,464.0856480476073,578.2380543721182,705.0893749025536,844.367322486926,997.2509752052766,1104.1979526456807,1104.197953338391,1104.1979539178935,1104.1979530438614,1104.1979510860451,0.5250123721410987,0.5485544329911639,0.5765578096941872,0.609867939668169,0.6341090422219986,0.6789813957328648,0.7350441075627363,0.7997948059843474,0.8684703679853292,0.9164674586670066,1.0095587929364083,1.1291901394603654,1.2597082150864207,1.4066604282187782,1.598337938545449,1.833995166391364,2.0608211075897445,2.365429007238627,2.7390146046690305,3.2543183944984087,3.8710249069913316,4.604599800646128,5.4771901068923885,6.51513980928881,7.7497851829468605,8.712559340998407,8.712559340999473,8.712559340999725,8.71255934099948,8.712559340998187,7.610111193993802,6.346485996125533,4.619548102629013,2.635022403133907,2.3613044026194686e-11,2.466065419593172e-11,2.5718426961744796e-11,2.6953753777510097e-11,2.8279716230316195e-11,2.965142536498549e-11,3.110482611272695e-11,3.267130332769003e-11,3.42807870159053e-11,3.5976197748408465e-11,3.7736463797404486e-11,3.958115259366162e-11,4.158850478413711e-11,4.364336052030721e-11,4.5805049533915526e-11,4.8042926206269744e-11,5.042694566697407e-11,5.295447146788119e-11,5.5717649352606476e-11,5.845887624986091e-11,6.139254049229823e-11,6.453138248066924e-11,6.768049074163839e-11,7.099450971622943e-11,7.465710993225748e-11,7.814438394094145e-11,11.76214389,11.94336954,12.01534699,12.27063941,11.06502833,13.48013184,12.73359766,12.98479583,13.23713295,12.36282155,12.15797135,14.83565946,14.08673163,14.24555158,14.60495715,13.64840372,16.11615106,15.23349593,15.53152659,15.70104714,14.7817003,14.51979029,17.69591625,16.69359755,16.91165737,17.27896432,16.10604361,15.78150392,17.83051225,18.10641632
3.809398610076282,5.302175389435939,7.162134524611192,9.479592856194852,12.287581243571225,15.873639765344157,20.356317614960652,25.931604724500538,32.83568953281963,41.26695221212013,51.971670952148294,65.36104159717998,81.98697490292341,102.6677930944557,128.53500480376255,160.81405430670452,200.76563088930794,250.75065262963068,313.1102636794559,391.1974689285191,487.42137202463493,607.3137297062044,740.5435439790622,886.8248362145548,1047.3959723434443,1159.720588924869,1159.720589652411,1159.7205902610526,1159.7205893430712,1159.7205872868099,0.5626723865761057,0.5879031587756341,0.617915264466441,0.6536147857047394,0.6795947430371234,0.7276858654201597,0.7877700492168122,0.8571654233958534,0.9307671981749107,0.9822072003455855,1.0819761315220129,1.210188834364485,1.3500691895727548,1.507562530422258,1.7129893887430148,1.965550703184447,2.2086472480353243,2.535105181143439,2.935488697515377,3.487756088953314,4.148699989734689,4.9348954358757675,5.870078102365016,6.982481670706819,8.305690219370545,9.337525775998293,9.337525775999435,9.337525775999705,9.337525775999442,9.337525775998056,7.247457503366788,5.979928771808562,4.185841160943634,2.0372428281230186,2.3546754394637917e-11,2.460294020689645e-11,2.5692147049086638e-11,2.6933761891434475e-11,2.826283004575164e-11,2.9635091875953046e-11,3.1091934812567114e-11,3.264773110609147e-11,3.4260834571072295e-11,3.595633763313874e-11,3.771509589553969e-11,3.9562945151491044e-11,4.1561233901101476e-11,4.361563137682771e-11,4.577659875909582e-11,4.8017721680423193e-11,5.0401014132178485e-11,5.2928933878391807e-11,5.566685523295922e-11,5.840651901199029e-11,6.133313345765956e-11,6.444890860685088e-11,6.760663633033253e-11,7.093808836108659e-11,7.457058036355306e-11,7.80493963111336e-11,11.6195285,11.87000732,11.96589095,12.17045047,11.16148877,13.41184865,12.57920344,12.90503664,13.12905266,12.24755049,12.26395963,14.76050989,14.00020379,14.18691584,14.48570868,13.52114587,16.0345152,15.04879058,15.43612409,15.63642048,14.64387559,14.64636795,17.60627814,16.49118854,16.84204775,17.13788276,15.95587071,15.91908069,17.6143182,17.99519755
3.704850321288275,5.156658099028697,6.965570976066553,9.21942706285921,11.950350692543838,15.437990455787979,19.797641983841363,25.21991629885184,31.934519688647867,40.13438781577116,50.54531739357657,63.56721906721111,79.73685649674425,99.85009319471968,125.00738373358986,156.40054028211392,195.2556527259827,243.86884415320586,304.5170064175194,380.4611217669241,474.0441764145232,590.6461089877271,720.2194539530865,862.4860813161589,1018.6503702680118,1127.8922570922264,1127.8922577998012,1127.8922583917388,1127.8922574989513,1127.8922554991236,0.5933414520931115,0.6199474547537269,0.6515954026463088,0.6892407648071474,0.7166367877446064,0.7673491686403032,0.8307083057016937,0.9038861496234302,0.9814996685483172,1.0357434635376999,1.140950407952045,1.2761514824960603,1.423656167386704,1.589733852704215,1.8063577235798787,2.072685164962068,2.3290319492753024,2.673283824254216,3.0954906761736134,3.677859997642242,4.374829358850911,5.203877236037336,6.190033042764465,7.363069367809375,8.75840082607343,9.8464776929982,9.846477692999404,9.84647769299969,9.846477692999413,9.84647769299795,7.246403216637793,6.05916606623771,4.342542561308395,2.2880822423562153,2.3575174848738416e-11,2.4627294831075866e-11,2.570064920663463e-11,2.694137983484789e-11,2.8267205121292988e-11,2.963993108833923e-11,3.1097773284985346e-11,3.265576305082865e-11,3.426693032175701e-11,3.596094131002427e-11,3.7719342494008497e-11,3.9560488751361827e-11,4.15655673189352e-11,4.361834673106254e-11,4.5780610675897537e-11,4.8015813327415715e-11,5.040351533987275e-11,5.291444213746761e-11,5.565141935532202e-11,5.838391772480467e-11,6.13099025267959e-11,6.442437519906548e-11,6.757226990250611e-11,7.091091712276508e-11,7.453992799076851e-11,7.805156462421873e-11,11.54459499,11.83577162,11.95970894,12.19675007,11.1322968,13.44663443,12.49808106,12.86781569,13.15742374,12.10895076,12.23188423,14.79879364,13.95982413,14.17958638,14.5170114,13.36813347,16.07610328,14.951742,15.39160293,15.62834215,14.47815778,14.60806156,17.65194284,16.38483804,16.83334655,17.17491667,15.77530567,15.87744561,17.50072472,17.94329545
3.2961954721802442,4.587864988750624,6.197249961903167,8.202499724773082,10.632195211069108,13.735139027758489,17.613909391160465,22.438092420460794,28.412057188688102,35.70745804140067,44.97003438311285,56.55558565064292,70.94166904401739,88.83636221254001,111.21873666099334,139.14914450448984,173.71843465168257,216.96946170395094,270.9279702847159,338.4952476224942,421.75584231635753,525.4962714470046,640.7773316658024,767.3515714568045,906.29052378143,1003.4827397944085,1003.4827404239359,1003.4827409505812,1003.4827401562706,1003.4827383770291,0.5805379252771091,0.6065698054533943,0.6375348323262416,0.6743678571689575,0.7011727100253541,0.7507907845542686,0.812782714912769,0.8843814773735961,0.960320198814954,1.0133934841740078,1.1163302013367646,1.248613814817896,1.3929355429442332,1.5554294906179285,1.7673789037594179,2.0279593498397532,2.2787745082812876,2.6155978813458263,3.0286940656532098,3.5984966244290635,4.28042630507153,5.091584421328794,6.056460284995068,7.204184031606641,8.56940607533363,9.634003676998239,9.634003676999416,9.634003676999695,9.634003676999425,9.634003676997995,7.717414392561809,6.70980822581609,5.18303500579179,3.2046652180804047,2.4199020628136104e-11,2.4822448299161474e-11,2.5760609556923112e-11,2.6991236499702873e-11,2.830020650809148e-11,2.967443459529607e-11,3.1132833726350004e-11,3.270620372051901e-11,3.431093657288572e-11,3.6004675254893156e-11,3.77561790994082e-11,3.959427778850677e-11,4.161446624759231e-11,4.366388659428787e-11,4.58310760983771e-11,4.8064155398842317e-11,5.04503198169571e-11,5.29665934333254e-11,5.5709550746641164e-11,5.843087817037322e-11,6.136929242525611e-11,6.448973535795981e-11,6.763709257714262e-11,7.097291979442065e-11,7.46222254476203e-11,7.820246112625013e-11,11.59414779,11.90424302,12.0178198,12.0815328,11.18179624,13.51620598,12.55172651,12.9422576,13.03313141,12.19265951,12.28627295,14.87536112,14.04058345,14.24848336,14.37987565,13.4605469,16.15927944,15.01591929,15.48064526,15.70427847,14.57824477,14.67301588,17.74327224,16.45516659,16.91513785,17.01267288,15.8843598,15.94804422,17.57584299,18.04709964
2.6202188123401946,3.6469955296825822,4.92633130286191,6.520348768287623,8.451767543412613,10.918366333060975,14.001686834138868,17.836536810188413,22.58537376542308,28.384649542352754,35.74767670082351,44.957288096362156,56.39310452817158,70.61799260806593,88.41023796780138,110.61273799716304,138.0926326628177,172.47383234950644,215.3666463413973,269.0773721382359,335.2630636073137,417.7286292275986,509.3680981975686,609.984765824587,720.4304174008943,797.6906633297536,797.6906638301789,797.6906642488209,797.6906636174058,797.6906622030474,0.5318775230461,0.5557274238803761,0.5840969774910632,0.6178426763793622,0.6424007597053913,0.6878598717283634,0.7446556690954119,0.8102530586417593,0.8798266339499319,0.9284513427374208,1.022759955097053,1.1439556214169535,1.2761803735568384,1.425054158774942,1.6192380767661045,1.8579767985288558,2.0877687542406567,2.3963597584960397,2.774830424618892,3.29687241428282,3.921643085826119,4.664810329323115,5.5488107745460855,6.600332883454933,7.851122689614178,8.826486245998387,8.826486245999465,8.826486245999721,8.826486245999474,8.826486245998163,8.35019747463285,7.609817296457123,6.482663489668155,4.701635555355314,2.4861618769056526,1.7399159852356474,2.596835207691225e-11,2.7148927671556147e-11,2.8426103803618843e-11,2.9792419904041255e-11,3.1248336646024166e-11,3.285282227407963e-11,3.443137605012971e-11,3.6129677050328534e-11,3.7865736993918674e-11,3.969952118898432e-11,4.175427883444279e-11,4.379406724550415e-11,4.597693683012012e-11,4.820755665055423e-11,5.0590498965984233e-11,5.314928651283471e-11,5.5952373363169736e-11,5.864359856283834e-11,6.162959825332326e-11,6.475342916718505e-11,6.792731855164129e-11,7.128256580500332e-11,7.492620913762857e-11,7.861569813392653e-11,11.50229381,11.81254025,11.99309177,11.839827,11.58033018,13.34614219,12.45228616,12.84255861,12.77238772,12.42869073,12.72417189,14.68819616,13.93242365,14.2191655,14.0921887,13.72112248,15.95595994,14.89695651,15.36139214,15.67196514,14.86045728,15.19598149,17.5200226,16.32480147,16.88033304,16.67231361,16.19185669,16.51645351,17.43659937,17.90807618
1.6354645563721213,2.2763487911592906,3.074873060537012,4.069812511648549,5.275348070492733,6.814927466023197,8.73944665949646,11.133048745435234,14.097134984225294,17.716874656777673,22.31266256905864,28.061034783023448,35.19893958674407,44.07770198760229,55.183105294792064,69.04126160214305,86.19341451657013,107.65316178207111,134.42561173030538,167.95028834282732,209.2614765637764,260.73408986537294,317.9327874547901,380.73479197031907,449.6717630766174,497.8953668604519,497.8953671728028,497.895367434107,497.895367039996,497.89536615719453,0.4852746770790912,0.5070348613776079,0.532918688707741,0.5637076061206097,0.5861139223106009,0.6275899293825107,0.6794093070258769,0.7392590856873752,0.8027366586773979,0.8471008944882582,0.9331462327956471,1.04372279467017,1.1643620793104876,1.3001916169707872,1.4773612359414063,1.6951817887750567,1.904839486781881,2.186391899604116,2.5317011528224684,3.0080020810982653,3.578030654867086,4.256081951410604,5.06262671407802,6.0220149749691245,7.163211195861387,8.053113878998527,8.053113878999513,8.053113878999746,8.05311387899952,8.053113878998325,9.616023946567903,9.08173284748315,8.511412950776306,7.490592972252988,6.298900067219977,5.818592904618802,3.2872647635035506,1.027411528904822,2.9125140663085705e-11,3.045073391917487e-11,3.1853639965822396e-11,3.3589585704800886e-11,3.496112289997051e-11,3.664998005122503e-11,3.834480039407091e-11,4.0144421189046264e-11,4.2296811175511466e-11,4.427431548219366e-11,4.650506571409562e-11,4.8740734298256644e-11,5.120785548757743e-11,5.385671578719863e-11,5.6844729793183416e-11,5.941406166212843e-11,6.245883253705028e-11,6.569288496223856e-11,6.910922173364307e-11,7.287758681613714e-11,7.729075393281667e-11,8.122778020979933e-11,11.73676318,11.8651165,12.1192047,12.12411309,12.16036206,13.2611103,12.70612073,12.89971936,13.07906553,13.15050715,13.36149616,14.59461367,13.99443527,14.36868662,14.43055625,14.51799898,15.85430019,15.20062464,15.42976393,15.83676313,15.72350249,15.95711296,17.40839778,16.65757561,17.05783757,17.07263254,17.1322251,17.34372437,17.79203704,17.98778296
0.5276237680200391,0.7343819967481134,0.9919971081383098,1.3129785076446006,1.701901160575995,2.198591032986149,2.8194678746950976,3.591677426288881,4.5479331543347,5.715711861517612,7.198377398872676,9.052882772099306,11.355670817021323,14.220083900779743,17.802842521559324,22.273677808210138,27.80720252759682,34.73041750579112,43.367584765563386,54.183114901654825,67.51068272059491,84.11646856548691,102.56956938652374,122.83037548751236,145.070407721337,160.62801759847997,160.62801769924874,160.62801778354913,160.62801765640342,160.6280173715993,0.38812977409507293,0.4055338873014043,0.42623615042963897,0.45086157624418427,0.46878247517398086,0.5019555913812425,0.5434014864350017,0.591270213505921,0.6420405034642109,0.6775236671990525,0.7463439854571551,0.8347847345992611,0.9312737963740758,1.0399122443657436,1.1816150931553768,1.3558311525497344,1.52351844143627,1.7487081732441923,2.02489155716046,2.405843995902341,2.8617611743883926,3.404076504206055,4.0491627848582965,4.8164955276472625,5.729240932124395,6.440998094998822,6.4409980949996095,6.440998094999796,6.440998094999616,6.440998094998659,11.053061797903972,10.736204955970504,10.84686678145306,10.45795721613328,10.195291474273198,10.585042545656922,9.594469078895447,8.728735600232033,7.994470152229274,6.958995991312997,5.642697155701339,4.733886573334155,1.7204698266390572,6.350174481442041e-11,5.3814370494583627e-11,7.420429262144816e-11,5.040130798041561e-11,7.482687372839034e-11,9.255650419169016e-11,7.383036811414089e-11,9.721189005740447e-11,9.226175799816903e-11,8.711504325400653e-11,8.642761774436574e-11,8.202968294007693e-11,8.602809543156346e-11,1.0937422211456586e-10,1.0182135062455313e-10,1.3150001956946216e-10,1.2231871384092833e-10,11.96881534,11.87612084,12.26510004,12.2217973,12.36597511,13.28558917,12.95733844,12.91168324,13.18444381,13.35223152,13.58741854,14.62155408,14.00741444,14.54166203,14.54682352,14.74070021,15.88356587,15.50116217,15.4440743,16.02741178,15.96469574,16.22692324,17.4405322,16.98691908,17.26318596,17.21018706,17.39502767,17.63698012,18.1438104,18.00446578
1.6102200000001196e-05,2.241211731687802e-05,3.0274102121304003e-05,4.0069920665502486e-05,5.193919328286971e-05,6.709734222967685e-05,8.604547096558109e-05,0.00010961202235187515,0.0001387953569880732,0.00017443402120019774,0.00021968250783526864,0.0002762789279185237,0.00034655618968042705,0.0004339733136860054,0.0005433131489250619,0.0006797556071995722,0.0008486295797859072,0.0010599145881171742,0.0013235065699041533,0.0016535785642172868,0.0020603137712749083,0.002567094741046316,0.00313025269193915,0.003748578801893644,0.004427307602113115,0.004902099984389259,0.004902099987464555,0.004902099990037262,0.004902099986156987,0.004902099977465239,0.42316350302707956,0.4421385624093238,0.4647094723745722,0.4915576611679008,0.5110961528649314,0.5472635715931597,0.5924504943896197,0.6446399928119066,0.6999929576766634,0.7386789355806441,0.8137111771071691,0.9101348470113119,1.0153332937927364,1.1337777659354957,1.2882711284262838,1.4782124390324414,1.6610356732040066,1.90655168902563,2.2076641931832035,2.62300251356992,3.120072110428835,3.7113384085271477,4.414652064151635,5.251246505232619,6.246378980268667,7.022381426998717,7.0223814269995755,7.022381426999778,7.022381426999582,7.022381426998539,11.539592714791992,11.50243126549337,11.7298854235443,11.573654368933472,11.861173097964915,12.534697301088867,12.358259770164876,12.341375545192479,12.315436606994442,12.476150690427712,12.780460590416041,13.487112164093366,13.072493910051815,13.323894370786752,13.071683328462576,13.110310575400035,13.978314287257787,13.585724066429874,13.324128930292668,13.31066269791392,12.678486275850377,12.52134521678472,12.755526833211894,11.723347346023795,10.913185962190491,9.962463593081257,10.188966883080482,10.618747693080978,11.107366103088442,11.08098644310194,11.96277232,11.94459224,12.19462517,12.0652521,12.37232119,13.08202797,12.95079631,12.98612515,13.01556836,13.21500406,13.59439145,14.39752329,14.08817376,14.45810611,14.36049777,14.58920277,15.64019859,15.49333567,15.53311663,15.93531879,15.8006187,16.23525072,17.17330915,16.97834243,17.16399225,16.98974712,17.21625041,17.64603122,18.13464963,18.10826997
8.49648000000063e-06,1.1825968286352657e-05,1.5974419842730622e-05,2.1143277287328973e-05,2.7406212625854655e-05,3.540455504885076e-05,4.540271659460449e-05,5.783783307077667e-05,7.323669900647266e-05,9.204178139925328e-05,0.00011591757860243962,0.00014578122153998698,0.00018286369157605512,0.0002289901740300624,0.00028668438496471353,0.00035867955443722105,0.00044778752295086165,0.0005592740805384238,0.0006983609134813405,0.0008725265615444407,0.0010871442878216536,0.0013545521186797583,0.00165170780340619,0.0019779734954672844,0.0023361112453703244,0.0025866399917628432,0.0025866399933855526,0.002586639994743066,0.0025866399926956015,0.0025866399881093174,0.446869875735084,0.466907951721204,0.4907433242409198,0.519095596362599,0.539728669144739,0.577922251051324,0.6256406256995571,0.6807538727253793,0.7392078092150283,0.7800610444656492,0.8592967257265102,0.9611222212613356,1.0722140722939866,1.19729401460781,1.3604423702771684,1.5610245312157998,1.7540898484071679,2.013360108475321,2.3313414711226668,2.7699477835563577,3.2948641040591147,3.9192541926831512,4.661968731256176,5.545430682138546,6.596312249849852,7.415787734998644,7.415787734999551,7.415787734999766,7.415787734999558,7.415787734998458,11.430082987803988,11.31749828233052,11.650700621360231,11.496040890382151,11.696758964665767,12.397136274417887,12.232212061609317,12.13117254946829,12.222247174114065,12.235871163782521,12.585758466725952,13.318568227549747,12.826857714048696,13.19754969525412,12.940144485375678,12.80814828926948,13.757816114111497,13.368280017487798,12.99278134800967,13.095024819930195,12.26675575170361,12.136433945251135,12.369312040995927,11.309145304424348,10.490513538966116,9.500831965074017,9.538649005074674,10.03396323507637,10.586192405082011,10.447067935091479,11.87696136,11.78441806,12.14145992,12.01515763,12.23651504,12.97509393,12.85789809,12.81198426,12.96152822,13.01602425,13.44517111,14.27983623,13.89925465,14.3950727,14.30087354,14.3695315,15.51235375,15.3821994,15.32482118,15.86584513,15.562707,16.05704269,17.03293248,16.85655396,17.0891619,16.91920634,16.95702338,17.45233761,18.00456678,17.86544231
0.0,0.0,0.0,0.0,0.0,0.0,0.0,0.0,0.0,0.0,0.0,0.0,0.0,0.0,0.0,0.0,0.0,0.0,0.0,0.0,0.0,0.0,0.0,0.0,0.0,0.0,0.0,0.0,0.0,0.0,0.47142397564208866,0.4925630811368502,0.5177081327151668,0.5476182733799452,0.5693850688809141,0.6096772684765925,0.6600176183398371,0.7181591656542956,0.7798249628543216,0.8229229554142553,0.9065123891644252,1.0139328767231135,1.1311288769885197,1.2630815703350322,1.4351944171063684,1.6467979394897567,1.8504715911075533,2.1239879398344166,2.4594413823219274,2.922147737743802,3.475906565822708,4.134604933991877,4.9181293099980214,5.850134727746041,6.958758945846495,7.82326204199857,7.823262041999526,7.823262041999753,7.823262041999533,7.823262041998372,10.786731624376994,10.76731509888317,11.016678787305837,11.007922636642103,11.12644380114223,11.557613671547687,11.527966581685646,11.523546894372464,11.685884947173797,11.74025068461534,11.944566520866676,12.376869753309567,12.149451753045785,12.412237489700983,12.318626732931504,12.222792030550021,12.696114528934164,12.456778050209332,12.183251937723975,12.150405132304405,11.545346204227933,11.21293664606119,11.05436740005762,10.128169952312449,9.275944864214983,8.448732628065997,8.543796368068222,8.857921558071286,9.243242438074917,9.246966038079865,11.2581556,11.25987818,11.53438692,11.55554091,11.69582887,12.16729094,12.1879842,12.24170606,12.46570991,12.56317364,12.85107891,13.39080263,13.28058063,13.67531906,13.75382115,13.86958997,14.54658612,14.58076599,14.64269332,15.07255287,15.02125277,15.34754158,15.97249671,15.97830468,16.23470381,16.27199467,16.36705841,16.6811836,17.06650448,17.07022808
0.0,0.0,0.0,0.0,0.0,0.0,0.0,0.0,0.0,0.0,0.0,0.0,0.0,0.0,0.0,0.0,0.0,0.0,0.0,0.0,0.0,0.0,0.0,0.0,0.0,0.0,0.0,0.0,0.0,0.0,0.5007476423190941,0.5232016492940661,0.5499107815071327,0.5816814024199123,0.6048021431779667,0.6476006112107092,0.7010722478053573,0.7628303344594037,0.828331887530782,0.8741106753696455,0.9628995661259446,1.0770018576110498,1.2014877214074322,1.341648178882946,1.5244668446417,1.7492325977953829,1.9655752237961521,2.2561049249513765,2.612424351015052,3.103912116880133,3.692116030769361,4.3917869679780495,5.224048380754586,6.214026701077156,7.391609921522274,8.30988711899848,8.309887118999496,8.309887118999738,8.309887118999503,8.30988711899827,10.410538327699996,10.448118460725961,10.693921858513882,10.833594997602138,10.523687006845192,11.00434551881358,11.111393812220134,11.165156255567364,11.48606562249734,11.226606434659978,11.264800913905201,11.74663421242168,11.738750088626912,11.989185951153116,12.062406435396218,11.609811022244473,11.964891196245652,11.875420075092446,11.655019149030922,11.588959123168156,10.77619712928139,10.211278102075138,10.071934279301164,9.27197809898144,8.434137368539327,7.764593371066192,7.454691921068417,7.5621278310715,8.230789471075102,8.322880451080124,10.91128597,10.97132011,11.24383264,11.4152764,11.12848915,11.65194613,11.81246606,11.92798659,12.31439751,12.10071711,12.22770048,12.82363607,12.94023781,13.33083413,13.58687328,13.35904362,13.93046642,14.131525,14.2674435,14.69287124,14.46831316,14.60306507,15.29598266,15.4860048,15.82574729,16.07448049,15.76457904,15.87201495,16.54067659,16.63276757
0.0,0.0,0.0,0.0,0.0,0.0,0.0,0.0,0.0,0.0,0.0,0.0,0.0,0.0,0.0,0.0,0.0,0.0,0.0,0.0,0.0,0.0,0.0,0.0,0.0,0.0,0.0,0.0,0.0,0.0,0.5229035263290983,0.5463510245001412,0.5742419185135829,0.6074182498728647,0.6315619818687579,0.6762540941514219,0.7320916158308792,0.7965822265927774,0.8649819357205747,0.9127862338719361,1.0055036431048534,1.1246544598784887,1.254648276436035,1.4010102186039872,1.5919178074271731,1.8266284580410437,2.052543295117823,2.355927659612939,2.728012655411134,3.241246596420268,3.855475950249672,4.586104253644198,5.455189578845126,6.488970092096462,7.718656198385391,8.677563128998413,8.677563128999475,8.677563128999726,8.677563128999482,8.677563128998194,9.846927403690001,9.967677915519893,10.200994661507435,10.51605789014919,9.958779428154415,10.399794215872879,10.494199784194628,10.634238753434008,11.134631744307566,10.628042856157723,10.630893796926335,11.065172970154297,11.146232683598361,11.374250331432131,11.647644292610797,10.9143056319989,11.18940936492408,11.074343110430977,10.94475527463493,10.839287033628127,9.943402889801217,9.310790696409112,9.084788631210733,8.228566587962266,7.447539931676359,6.986017311066387,6.3576046710686285,6.426918251071714,7.042308951075325,7.261940761080404,10.36983093,10.51402894,10.77523658,11.12347614,10.59034141,11.07604831,11.2262914,11.43082098,11.99961368,11.54082909,11.63639744,12.18982743,12.40088096,12.77526055,13.2395621,12.74093409,13.24195266,13.43027077,13.67276793,14.08053363,13.79887884,13.89689495,14.53997821,14.71753668,15.16619613,15.66358044,15.0351678,15.10448138,15.71987208,15.93950389
0.0,0.0,0.0,0.0,0.0,0.0,0.0,0.0,0.0,0.0,0.0,0.0,0.0,0.0,0.0,0.0,0.0,0.0,0.0,0.0,0.0,0.0,0.0,0.0,0.0,0.0,0.0,0.0,0.0,0.0,0.5420830741591018,0.5663906017428789,0.5953045042250295,0.629697708300004,0.6547270068283336,0.7010583784810134,0.7589439613492682,0.8258000194478431,0.8967085575024302,0.9462662667070895,1.042384452365327,1.1659055949719832,1.3006674471168453,1.4523977903931424,1.6503076674905146,1.8936272563176395,2.1278284104778775,2.4423405923173487,2.8280732718935386,3.36013209057881,3.9968907269186342,4.754317703080362,5.655280158045673,6.726978646222179,8.001768337214447,8.995846958998355,8.995846958999454,8.995846958999715,8.995846958999463,8.995846958998127,9.19564743486001,9.32528216327717,9.668061965796001,9.982814881722065,9.459658263194852,9.702464951543309,9.783040868676261,9.928397180578969,10.551695662525738,10.071726213322604,10.071044507665903,10.283769465060866,10.366169042917619,10.71598290964304,10.981087202547528,10.270101623722391,10.310088039564139,10.169278467726684,10.035363468152639,10.051515609469702,9.17685460313239,8.518016416973058,8.001847222010298,7.093440123836686,6.443968212847464,5.948217511066613,5.358179471068841,5.4298016610719255,5.7658091410755885,6.000151001080728,9.737730509,9.891672765,10.26336647,10.61251259,10.11438527,10.40352333,10.54198483,10.7541972,11.44840422,11.01799248,11.11342896,11.44967506,11.66683649,12.1683807,12.63139487,12.16372888,12.43791645,12.61161906,12.86343674,13.4116477,13.17374533,13.27233412,13.65712738,13.82041877,14.44573655,14.94406447,14.35402643,14.42564862,14.7616561,14.99599796
0.0,0.0,0.0,0.0,0.0,0.0,0.0,0.0,0.0,0.0,0.0,0.0,0.0,0.0,0.0,0.0,0.0,0.0,0.0,0.0,0.0,0.0,0.0,0.0,0.0,0.0,0.0,0.0,0.0,0.0,0.5641557956911061,0.5894530853852764,0.6195443139052894,0.6553379520692972,0.681386402020892,0.7296043100984025,0.7898468976625718,0.8594252232944514,0.9332210391286451,0.9847966558592594,1.0848286142348738,1.2133793324066795,1.353628463120689,1.5115370137138042,1.7175054519687627,1.9707326099185616,2.2144700457018183,2.54178864068919,2.9432277136724916,3.496951082872838,4.159637472232492,4.947905615592773,5.88555376381661,7.000890032664436,8.327587040454578,9.362142890998289,9.362142890999433,9.362142890999705,9.362142890999442,9.362142890998053,8.847251362328011,8.991652945634778,9.29762982011575,9.543895287952783,9.053503171002307,9.326061269925933,9.398863032362971,9.557124746732374,10.069352010899545,9.55838882417047,9.6116201357964,9.85345829762622,9.946906856913824,10.246393546322437,10.421989448069361,9.668815150121567,9.807565604340292,9.647199529354932,9.51633845637378,9.462309987175793,8.446401307818698,7.826445324460764,7.314926626239436,6.356389467394529,5.630882169607499,4.999960139066868,4.373314209069095,4.522249749072156,4.904831919075815,5.163028929081011,9.411407158,9.581106031,9.917174134,10.19923324,9.734889573,10.05566558,10.18870993,10.41654997,11.00257305,10.54318548,10.69644875,11.06683763,11.30053532,11.75793056,12.1394949,11.63954776,12.02203565,12.18898817,12.45956617,12.95926107,12.60603878,12.77435094,13.20048039,13.3572795,13.95846921,14.36210303,13.7354571,13.88439264,14.26697481,14.52517182
0.0,0.0,0.0,0.0,0.0,0.0,0.0,0.0,0.0,0.0,0.0,0.0,0.0,0.0,0.0,0.0,0.0,0.0,0.0,0.0,0.0,0.0,0.0,0.0,0.0,0.0,0.0,0.0,0.0,0.0,0.27157680462305106,0.2837545703275588,0.2982400719408784,0.31547063476175097,0.3280099986347597,0.3512214333152397,0.3802213825453268,0.4137154270813402,0.44923971312408206,0.4740675023538369,0.5222215048888208,0.5841040443216206,0.6516180379052758,0.72763303220344,0.8267833923374848,0.9486834471185177,1.0660152807761765,1.223581929562407,1.4168291522699048,1.6833839309340546,2.0023920018677472,2.3818533939069475,2.8332242561763064,3.3701317244454727,4.008785331889552,4.506806222999176,4.506806222999727,4.506806222999858,4.506806222999731,4.506806222999062,9.188174553396058,9.402503976692492,9.63253447608016,9.111055473260345,9.783836841388421,9.68511871670909,9.860825567480207,10.11715604294546,9.719764136904082,10.036183387675763,10.588418285142252,10.461464835711023,10.772940512128974,11.046422357832508,10.393007637700318,10.654504922921157,10.932915879265446,11.028018220481243,11.179480597775877,11.293649479113999,10.56426828818274,10.887149736145956,10.341886863879235,10.055761005612847,9.968826518171667,8.767205257065173,9.185744337067762,9.915221957070875,9.83345470707448,10.177779167078835,9.459751358,9.686258547,9.930774548,9.426526108,10.11184684,10.03634015,10.24104695,10.53087147,10.16900385,10.51025089,11.11063979,11.04556888,11.42455855,11.77405539,11.21979103,11.60318837,11.99893116,12.25160015,12.59630975,12.97703341,12.56666029,13.26900313,13.17511112,13.42589273,13.97761185,13.27401148,13.69255056,14.42202818,14.34026093,14.68458539
0.0,0.0,0.0,0.0,0.0,0.0,0.0,0.0,0.0,0.0,0.0,0.0,0.0,0.0,0.0,0.0,0.0,0.0,0.0,0.0,0.0,0.0,0.0,0.0,0.0,0.0,0.0,0.0,0.0,0.0,0.27619859423705195,0.2885836054430043,0.30331562641942994,0.3208394250208745,0.3335921882001859,0.35719864324288425,0.3866921238124545,0.420756181783092,0.4568850326247497,0.4821353499071486,0.5311088542000153,0.594044532461941,0.6627075029428604,0.740016147159482,0.840853883007841,0.9648284758110556,1.084157103896513,1.2444052773508165,1.440941249287409,1.7120323509608164,2.0364694134870356,2.4223886130075316,2.8814410634235466,3.4274858118958957,4.077008251138502,4.583504636999162,4.583504636999723,4.583504636999855,4.583504636999727,4.583504636999047,9.167840898782057,9.367107349577047,9.399961097601613,8.954150924001224,9.750331881822994,9.619876857781449,9.837345296213082,10.076882298243712,9.548647377403425,10.029487820122457,10.548850125831066,10.386300197570712,10.7257977870914,10.764314862876487,10.19857382702998,10.639874874228626,10.843920296145123,10.986845982692845,11.115617460758388,10.967718419087271,10.531831646563464,10.80997360704539,10.215870936632015,9.976107618162443,9.580399348922764,8.477120983065227,9.110833693067786,9.798698693070897,9.732938303074501,10.054739603078872,9.444039493,9.655690955,9.703276724,9.274990349,10.08392407,9.977075501,10.22403742,10.49763848,10.00553241,10.51162317,11.07995898,10.98034473,11.38850529,11.50433101,11.03942771,11.60470335,11.9280774,12.23125126,12.55655871,12.67975077,12.56830106,13.23236222,13.097312,13.40359343,13.6574076,13.06062562,13.69433833,14.38220333,14.31644294,14.63824424
0.0,0.0,0.0,0.0,0.0,0.0,0.0,0.0,0.0,0.0,0.0,0.0,0.0,0.0,0.0,0.0,0.0,0.0,0.0,0.0,0.0,0.0,0.0,0.0,0.0,0.0,0.0,0.0,0.0,0.0,0.292485095271055,0.3056004088826697,0.32120112752762725,0.3397582455231493,0.353262996203628,0.3782614444080732,0.4094940562108038,0.4455667569730298,0.48382600448891894,0.5105652479538159,0.5624265548819847,0.6290733381620947,0.7017851327973305,0.7836524074351148,0.8904362050065515,1.02172116207667,1.1480861975343966,1.317783666159336,1.5259087025479252,1.812985133617773,2.1565531572153116,2.5652287123913973,3.0513499400001924,3.6295931085447823,4.3174156988346954,4.853778470999113,4.853778470999706,4.853778470999846,4.8537784709997105,4.85377847099899,9.253077217748054,9.474806321137375,9.362293177493417,8.851323873498952,9.90327450381955,9.757282585616252,9.924451103814729,10.187662343053768,9.43118917153926,10.146519022075788,10.707195655149093,10.525675111870557,10.833817477236932,10.697224312600866,10.04912090503129,10.743569467963018,10.969448002507246,11.044952753884333,11.192834257497877,10.840914966430336,10.585669562835196,10.893640907661526,10.253990130055373,9.91808809151357,9.31214805122661,8.088691339065333,9.03006375906782,9.774614869070918,9.616565319074539,9.973537679078952,9.545562313,9.78040673,9.683494305,9.191082119,10.2565375,10.13554403,10.33394516,10.6332291,9.915015176,10.65708427,11.26962221,11.15474845,11.53560261,11.48087672,10.93955711,11.76529063,12.1175342,12.36273642,12.71874296,12.6539001,12.74222272,13.45886962,13.30534007,13.5476812,13.62956375,12.94246981,13.88384223,14.62839334,14.47034379,14.82731615
0.0,0.0,0.0,0.0,0.0,0.0,0.0,0.0,0.0,0.0,0.0,0.0,0.0,0.0,0.0,0.0,0.0,0.0,0.0,0.0,0.0,0.0,0.0,0.0,0.0,0.0,0.0,0.0,0.0,0.0,0.3108303191280584,0.32476825026121525,0.34134747577882774,0.36106853166134945,0.37542032610020093,0.4019867247260624,0.4351783055990939,0.4735135550563105,0.5141724956561464,0.542588875546323,0.5977030227063413,0.6685300195371272,0.7458024368201314,0.8328045832995085,0.9462860646244833,1.0858054649720494,1.2200963568260543,1.400437574825663,1.6216166110403196,1.926699024217274,2.291816290510971,2.726124757127014,3.242736436681267,3.8572481212707608,4.588212258247279,5.158216727999057,5.158216727999688,5.158216727999837,5.158216727999692,5.158216727998926,9.71696539089104,9.960615099758822,9.447240932242215,8.92143598736075,10.50557163392296,10.196079275298255,10.420828664426425,10.708724624970474,9.499465944372032,10.703201184483264,11.358053847324717,10.995250420495518,11.385400103214113,10.772673066736484,10.102085275413375,11.329409145067622,11.450405283215575,11.586853395217988,11.75381353900546,10.864532735830858,11.154296919539515,11.552168682925874,10.669774993374281,10.374849998787568,9.189271941814058,7.912990002065426,9.492579962067802,10.360805192070881,10.043156072074524,10.434655312078975,10.02779571,10.28538335,9.788588408,9.282504519,10.88099196,10.598066,10.85600697,11.18223818,10.01363844,11.24579006,11.95575687,11.66378044,12.13120254,11.60547765,11.04837134,12.41521461,12.67050164,12.98729097,13.37543015,12.79123176,13.44611321,14.27829344,13.91251143,14.23209812,13.7774842,13.07120673,14.65079669,15.51902192,15.2013728,15.59287204
0.0,0.0,0.0,0.0,0.0,0.0,0.0,0.0,0.0,0.0,0.0,0.0,0.0,0.0,0.0,0.0,0.0,0.0,0.0,0.0,0.0,0.0,0.0,0.0,0.0,0.0,0.0,0.0,0.0,0.0,0.2795154143340525,0.29204915495038786,0.30695809016266984,0.32469232896399164,0.3375982378221298,0.36148817861073085,0.3913358411751583,0.4258089683967618,0.4623716842219983,0.4879252281013654,0.5374868465506702,0.6011783082482581,0.6706658402047344,0.7489028702645856,0.8509515486585494,0.9764149304328411,1.0971765549203063,1.259349120363965,1.4582452580476115,1.7325918448426294,2.0609250147048446,2.4514786496768455,2.9160437798272487,3.4686458831644833,4.1259683225695944,4.638547133999152,4.638547133999719,4.638547133999853,4.638547133999723,4.638547133999035,10.361043035685036,10.718397475069636,9.711600939858366,9.004149571058106,11.299846672201015,11.01861356141357,11.128042888850342,11.544715851629999,9.601253885806175,11.730807491928177,12.24944126348034,11.923277391784328,12.31572013982945,11.129230949771364,10.252572211379269,12.512916479606732,12.508286725121225,12.521548759679595,12.860079571998062,11.359153885205428,12.548494395345493,12.819450140375908,12.023077720228162,11.633124856893705,9.975200607491635,8.497909826065236,11.279780346067554,11.959366306070661,11.491727196074303,12.053537116078635,10.64055845,11.01044663,10.01855903,9.3288419,11.63744491,11.38010174,11.51937873,11.97052482,10.06362557,12.21873272,12.78692811,12.5244557,12.98638598,11.87813382,11.10352376,13.48933141,13.60546328,13.78089788,14.31832483,13.09174573,14.60941941,15.27092879,14.9391215,15.10177074,14.10116893,13.13645696,15.91832748,16.59791344,16.13027433,16.69208425
0.0,0.0,0.0,0.0,0.0,0.0,0.0,0.0,0.0,0.0,0.0,0.0,0.0,0.0,0.0,0.0,0.0,0.0,0.0,0.0,0.0,0.0,0.0,0.0,0.0,0.0,0.0,0.0,0.0,0.0,0.3054907003680574,0.31918919784891486,0.33548361606764976,0.3548658925149711,0.3689711437239332,0.39508116975111696,0.4277025669033296,0.4653792717959578,0.5053397501524782,0.5332679774210619,0.5874353426360543,0.6570456333165101,0.7329906213766751,0.81849819585032,0.9300302282016704,1.0671528854980126,1.1991368525724384,1.3763800672835218,1.593759565105644,1.8936011002970923,2.252446175994418,2.67929384649998,3.1870308788720605,3.790986134704931,4.509393356932474,5.069605967999073,5.069605967999693,5.0696059679998395,5.069605967999697,5.069605967998945,10.936953039651023,11.322172532171097,9.908100433953383,8.88255360750713,12.116310306299196,11.653680460273165,11.743272103122157,12.191074568230784,9.459662557875705,12.584304582608457,13.131073967394933,12.603308686716062,12.997534748657493,11.326428214185638,10.064679301836186,13.41448671454153,13.205741737469072,13.184037022760018,13.545026744940001,11.49219592975098,13.431677824055871,13.704185973552724,12.629867601183317,12.165019245353228,9.908499353128782,7.938114062065397,12.019712582067523,12.737534892070608,11.973080522074282,12.578959732078678,11.24244374,11.64136173,10.24358405,9.2374195,12.48528145,12.04876163,12.17097467,12.65645384,9.965002308,13.11757256,13.71850931,13.26035432,13.73052537,12.14492641,10.99470953,14.4816396,14.40487859,14.56041709,15.13878631,13.38579703,15.684124,16.38347982,15.81689848,15.95600538,14.41789271,13.00772003,17.08931855,17.80714086,17.04268649,17.6485657
0.17177234947201275,0.23908422750693906,0.32295299086656776,0.4274511815695997,0.5540682179999534,0.7157697779259006,0.917901448819579,1.1693007545403096,1.4806178389068765,1.8607980058257023,2.343492225209297,2.947242026441738,3.6969340168095686,4.629467755958465,5.795864918451424,7.2513828989477505,9.052868350365873,11.306779138287574,14.11868148787521,17.639768169078746,21.978669817876302,27.384822880521988,33.39238485023416,39.98846045771423,47.22888975731368,52.29380032947036,52.293800362276485,52.293800389721184,52.29380034832782,52.29380025560745,0.35513251550706676,0.37105699983075646,0.38999923841206735,0.41253110790170344,0.4289284428702071,0.4592813119160312,0.4972036408643846,0.5410027580500006,0.5874567587201326,0.6199232841875056,0.6828927711277427,0.763814637504508,0.852100580799889,0.9515030175390354,1.0811588504689078,1.2405637494068895,1.3939949280885033,1.6000399193797923,1.8527432841245255,2.201308652948348,2.618465555780995,3.1146753807685905,3.7049189767443322,4.407016124052676,5.2421635235667345,5.893409906998922,5.893409906999643,5.893409906999813,5.893409906999648,5.893409906998773,11.225570185039995,11.531306312682311,10.06599355074239,8.960999950550793,12.074701369152967,11.476663970182356,11.308025170341528,11.489842127436445,8.504879312401197,11.419047780016337,11.321081073693986,10.212882546086378,9.771322182424774,7.198687456538537,4.788458441117631,6.853228311684997,4.678875361587258,2.3141544823763187,2.5183779679284587e-10,2.6368139201928824e-10,2.0223424794137875e-10,1.846450598210388e-10,1.6537915587521428e-10,1.5755877137337472e-10,2.1243122326270633e-10,1.20599837026314e-10,2.6301062037883815e-10,3.2428207650340545e-10,2.2848175753224967e-10,3.5633794475970804e-10,11.75247505,12.14144754,10.77894578,9.80098224,13.05769803,12.65171506,12.72313026,13.20014564,10.57295391,13.89976907,14.34746607,13.92393921,14.32035678,12.77965823,11.66548221,15.34517496,15.12573864,15.22097354,15.78911333,14.08538063,16.61936312,17.13461832,16.60841992,16.6798749,15.17141685,13.80130382,18.10834895,18.62355039,17.81585502,18.40670701
1.1697266613960868,1.6281036854521247,2.199228950150569,2.9108354462409367,3.773065739735734,4.874212847614906,6.250678881197329,7.962645163674693,10.082636506000723,12.671568186482988,15.958594878789818,20.06997975234445,25.175194367291727,31.525515479430766,39.468387908773984,49.38010066790664,61.64776521996122,76.99633295594506,96.1446834190146,120.12240149034778,149.66923458295142,186.4837823981404,227.3937741841378,272.311396388001,321.61690578883037,356.1076777439749,356.10767796737633,356.1076781542679,356.1076778723895,356.10767724098696,0.42001056738607895,0.43884424609492295,0.46124698317671103,0.4878951296442311,0.5072880426077407,0.5431859826528231,0.5880362236268364,0.6398368649560978,0.694777402155168,0.7331751359226203,0.8076483220796703,0.9033535518931576,1.0077681788747592,1.1253301368237685,1.278672389577042,1.4671984724435092,1.6486595147273075,1.892346222985346,2.191215177452273,2.60345886660531,3.0968248632322037,3.68368571385865,4.381759071877701,5.212120157739063,6.199838031502521,6.970058585998726,6.9700585859995785,6.97005858599978,6.970058585999585,6.97005858599855,10.385121141236931,10.416856638472975,8.619212336693774,6.916972304136996,8.942342377679731,7.668494229756679,6.125165455201515,4.969873151396181,0.35080247187324803,0.9561099976243813,4.4498331340502554e-11,3.906180630300872e-11,4.048024375777977e-11,3.883743732068128e-11,3.89286697358108e-11,4.685987646541102e-11,4.616234792720265e-11,4.7715451885947105e-11,5.064374407074233e-11,4.992361459788534e-11,5.573222982461779e-11,5.7797477205667293e-11,5.946813103896419e-11,6.1446533898207e-11,6.350980837369435e-11,6.612119709936869e-11,7.660821167708977e-11,7.978169174103391e-11,8.670768849036046e-11,9.222753209497326e-11,11.97485837,12.48380457,11.27968827,10.31570288,13.22269616,13.08589306,12.96388056,13.57235518,11.12821638,14.36085332,14.52876181,14.40177704,14.72415335,13.37334503,12.27812126,15.85420634,15.64481949,15.50898867,16.23432499,14.73972557,17.17066196,17.35113274,17.17838301,16.99549574,15.87621426,14.52611034,18.70904055,18.85887908,18.15297116,18.92572795
2.2726308030121687,3.1631993252509374,4.272823403907939,5.6553847287121055,7.330589021266887,9.469978434710878,12.144277662434593,15.47041139579134,19.589286160036643,24.61925262838728,31.005529318314053,38.99342958171982,48.91221520302865,61.250085104395986,76.68208058082385,95.93928354149578,119.77380254676892,149.59412636266268,186.79694692358396,233.38261729705027,290.7883730464891,362.3143783304127,441.79731272199734,529.0665656060236,624.8609277596515,691.8721307627328,691.8721311967736,691.8721315598801,691.8721310122261,691.872129785491,0.46663606607408775,0.4875604770885368,0.5124501487132231,0.5420565138891241,0.5636022399200861,0.6034852210247084,0.653314300661532,0.7108653466755294,0.7719048493388163,0.8145651270144821,0.8973056038377347,1.0036350998330834,1.1196408257806891,1.2502533718380513,1.4206181939258529,1.6300726136292976,1.8316777004822191,2.102416143097518,2.4344626295753837,2.892469613941126,3.440604317392699,4.092612766545577,4.868179456794368,5.790719175113362,6.888083905416381,7.743806873998585,7.743806873999532,7.743806873999756,7.743806873999539,7.743806873998389,9.327445480932866,8.855053427680575,6.7800233973999555,4.534045697421071,5.332312548836402,2.9712018242891833,0.2657289469307682,2.742206481411308e-11,2.8487848132011106e-11,3.011250879139371e-11,3.1518563422856244e-11,3.299906394733697e-11,3.4627423284997254e-11,3.6234036682271065e-11,3.792491376125358e-11,3.996021435142902e-11,4.1893793467096486e-11,4.398917452838263e-11,4.621040333479626e-11,4.833113086926276e-11,5.0944295979403783e-11,5.353248979599644e-11,5.6190800419433147e-11,5.898567065053545e-11,6.184833649327267e-11,6.48633501245677e-11,6.877769832618206e-11,7.220298962694895e-11,7.567215928939475e-11,7.957945408546826e-11,12.06671235,12.50581323,11.56529695,10.73148694,13.22650381,13.04466548,13.06332091,13.59628294,11.57674956,14.55708858,14.53294556,14.35640371,14.7501117,13.7119664,12.77300243,16.07084767,15.59552991,15.62795144,16.26294574,15.11294453,17.40529213,17.35612923,17.12426188,17.12586086,16.27820982,15.11159883,18.96469204,18.86430974,18.29221478,18.95909358
3.1735366279322355,4.417140217772817,5.966636357746899,7.897266268603143,10.236547323249415,13.224023624272961,16.958456221940544,21.603120554668113,27.35478066280061,34.37870324777326,43.29659829906371,54.45102515651401,68.30177004306151,85.5305614467316,107.08003742039955,133.97109199301954,167.2539811328339,208.89554022862166,260.8461313919511,325.8990784306969,406.061359203937,505.9413737304279,616.9325665158573,738.7966942715238,872.56541580826,966.1408909493238,966.140891555425,966.1408920624726,966.14089129772,966.1408895846882,0.5232353708760984,0.5466977492765088,0.5746063433830332,0.6078037290747047,0.6319627831432244,0.6766832578924012,0.7325562151276624,0.797087752860668,0.8655308697479229,0.9133655054182835,1.0061417548867637,1.125368187040342,1.2554445001522168,1.4018993263990693,1.5929280688177887,1.8277876712853136,2.053845878224784,2.357422776221652,2.7297439042520066,3.2433035533049455,3.8579227087926147,4.589014682837953,5.4586515461554255,6.4930881162295675,7.723554604765598,8.683070075998414,8.683070075999474,8.683070075999726,8.683070075999483,8.683070075998193,8.19469262121082,7.433154632970762,4.983253008891278,2.6547246323446534,2.2082261736310858,2.4845960672112783e-11,2.580409862410041e-11,2.7034951230164738e-11,2.8300300509317838e-11,2.975319792953944e-11,3.11997211011736e-11,3.272039902151885e-11,3.435080379856825e-11,3.601704548218663e-11,3.775904623327012e-11,3.9674809810969405e-11,4.1634467500957015e-11,4.370795396565303e-11,4.588883680267862e-11,4.808347597450296e-11,5.056495544272859e-11,5.3096022882970036e-11,5.575749814399968e-11,5.852797168778769e-11,6.142538197003119e-11,6.451542948760492e-11,6.799207668839383e-11,7.129435803978256e-11,7.478313484025795e-11,7.83963646926785e-11,11.89146462,12.3969926,11.52449571,11.15979463,13.07673628,13.00601462,12.8735992,13.47797348,12.03879278,14.45142344,14.36838481,14.31386622,14.62176208,13.66359192,13.28278967,15.95419464,15.54932093,15.40098299,16.12143203,15.05962754,17.27895281,17.15960075,17.07352333,16.87713792,16.22078188,15.7147225,18.82703355,18.6507037,18.02655261,18.79411907
3.737000056032277,5.20140624690843,7.0260164029531085,9.299430871072312,12.054052751073828,15.571957351908477,19.96944081055237,25.438768222400554,32.2116392071525,40.48266367322639,50.983936610503484,64.11883898547924,80.42879235470882,100.71656652885909,126.09216554109865,157.75774379854101,196.95003087841087,245.98507503217039,307.1595263933214,383.76266517204573,478.1578094110018,595.771583456269,726.4693324620812,869.9705128936987,1027.489955233919,1137.6798149530578,1137.6798156667728,1137.679816263847,1137.6798153633122,1137.6798133461305,0.6204688591291168,0.6482912808705656,0.6813861641850832,0.7207526618889594,0.7494012234157423,0.8024321603359164,0.8686880596148313,0.9452115743153062,1.026373561852903,1.083097368142126,1.193114344948569,1.3344967752160428,1.488745333491279,1.6624160446344973,1.8889438989554925,2.167447757275595,2.4355146456467955,2.7955056211091107,3.237015653490625,3.8460107392186544,4.574845346798422,5.441797063565639,6.473039640946724,7.699706862240762,9.158832488744611,10.296655928998119,10.296655928999378,10.296655928999675,10.296655928999387,10.296655928997858,7.346661934857782,6.368780342241125,3.663779392883116,1.3825692570614598,0.013092945537150975,2.4588981571752893e-11,2.5699732898875516e-11,2.694425035570925e-11,2.825370200800583e-11,2.9663523454015336e-11,3.1116989559284224e-11,3.264236369536298e-11,3.4268857352458396e-11,3.5947572512907346e-11,3.7703058038232124e-11,3.9584549704981896e-11,4.154805096435374e-11,4.3614812415554935e-11,4.578155715869239e-11,4.7997851448467436e-11,5.0438269764642344e-11,5.2944690849525766e-11,5.5611254461310365e-11,5.836619513879405e-11,6.125759234341981e-11,6.434511281694348e-11,6.766981328230972e-11,7.098097955779087e-11,7.451568700872194e-11,7.80516777745091e-11,11.70413085,12.21847787,11.37118196,11.40275279,12.81654692,12.90552238,12.67079324,13.28389279,12.30088747,14.25518818,14.08249537,14.20326874,14.41121101,13.48182114,13.57196722,15.73755331,15.42917759,15.15836155,15.88928596,14.85928489,17.04432264,16.81817416,16.94160309,16.61126168,16.00499206,16.05684529,18.57138206,18.27960846,17.74256891,18.52348672
3.9580998781322934,5.509147745066821,7.441711065375482,9.849632230557582,12.767231471674739,16.49327309946871,21.150933918512816,26.943854399570185,34.11744268359478,42.87782278536953,54.00040413673342,67.91243376214109,85.18736645551468,106.67546794929376,133.55241572877003,167.09148973532623,208.60259072237392,260.5387960686686,325.33263734424673,406.46800521109725,506.44804355907235,631.0204432741316,769.4509320767793,921.4423680579939,1088.2814572155853,1204.9907062887062,1204.9907070446482,1204.9907076770482,1204.9907067232332,1204.9907045867049,0.7094932228891334,0.741307582916207,0.7791508929848444,0.8241656635391368,0.8569246972113572,0.9175644695298821,0.9933267109754806,1.080829756894415,1.1736367999343533,1.2384992914946347,1.3643014140322287,1.5259692796059527,1.7023492946969696,1.9009381372432297,2.1599680225817908,2.478431386406258,2.784960292381162,3.196602478179581,3.701460008421982,4.3978332102991615,5.231240410477921,6.222581649556031,7.401786067378953,8.804454496975767,10.472934273384519,11.774011688997849,11.774011688999288,11.774011688999629,11.774011688999298,11.77401168899755,6.97006446899776,5.953350092037109,3.063771921661037,0.8291438259261866,2.3677268466603745e-11,2.454925953071579e-11,2.567528877874104e-11,2.692383768206084e-11,2.824038290644976e-11,2.96400690540376e-11,3.109828944478546e-11,3.262427482101911e-11,3.424940414402817e-11,3.592965494261104e-11,3.768659248958992e-11,3.955835222634722e-11,4.15236852806708e-11,4.3586954786369435e-11,4.575107186613462e-11,4.7972037013390493e-11,5.0402235071851215e-11,5.290235758674847e-11,5.555015739280205e-11,5.829371324235941e-11,6.117956972311887e-11,6.425496331969097e-11,6.752857860085444e-11,7.085483446716035e-11,7.440654147305287e-11,7.794107619326979e-11,11.63765757,12.20380542,11.28463388,11.50294172,12.78862416,13.02405168,12.59882983,13.26794095,12.40896776,14.15226759,14.05181456,14.33371705,14.39390544,13.37920861,13.6912157,15.62393024,15.57088512,15.07227007,15.87020546,14.74618823,16.92126487,16.78153326,17.09720132,16.51691849,15.88317522,16.19792685,18.43729912,18.2397836,17.6418005,18.50124297
3.8998894521482894,5.428126586702198,7.332268356878245,9.704777046105521,12.579468149503784,16.250712152915835,20.83987434162889,26.547600315403404,33.61568908129963,42.24723325846231,53.20623859647654,66.91366874341445,83.93454488897785,105.10662819725054,131.58830586541993,164.63413214070567,205.53474351255414,256.7071407867223,320.54808112045475,400.4902187830875,498.99988478035806,621.740240667184,758.1348794482353,907.8910291792805,1072.2764727115295,1187.26931863314,1187.2693193779646,1187.2693200010642,1187.2693190612767,1187.2693169561696,0.7754376512431458,0.8102090230044413,0.8515697105038845,0.9007684157539897,0.9365722646256386,1.00284825021873,1.0856522752103417,1.1812883633574478,1.2827214329795333,1.3536126219107947,1.4911075257024236,1.6678017433744234,1.8605755433431668,2.0776223884139196,2.3607280184730555,2.7087912203249846,3.043810706373624,3.493713312078993,4.045495238718702,4.806593417857602,5.717462332438803,6.8009445944410745,8.089751132111179,9.622791727044993,11.446349721998896,12.868356842997647,12.868356842999221,12.868356842999594,12.868356842999232,12.868356842997322,6.932115346627754,5.972806030313494,2.973446482639239,0.7596364781634193,2.3678276302057127e-11,2.4550118590620204e-11,2.567843908105434e-11,2.6927043719751432e-11,2.823839319486359e-11,2.963844340106621e-11,3.1096785972829424e-11,3.262392008973045e-11,3.4251328861758225e-11,3.592960179715219e-11,3.768545775892773e-11,3.9554668591205876e-11,4.15185896764841e-11,4.358399433068668e-11,4.574755749922643e-11,4.796912932328574e-11,5.039111992794495e-11,5.2896363807283294e-11,5.5517663603938686e-11,5.825324659525748e-11,6.112951318501526e-11,6.41964022818509e-11,6.74605456813251e-11,7.078710061377259e-11,7.434727340578113e-11,7.791144424883155e-11,11.60744245,12.21114164,11.15728455,11.36518194,12.69216372,12.89263876,12.56611919,13.27591687,12.26035737,14.09188751,13.94582628,14.18908958,14.40255823,13.22822159,13.52724905,15.55727137,15.4137746,15.03313758,15.87974571,14.57977458,16.84907097,16.6549556,16.92469024,16.47403523,15.70393045,16.00393971,18.35863712,18.10220683,17.59599667,18.51236484
3.5120657725082607,4.8883276892624075,6.603112484855711,8.739687550547272,11.328505606714867,14.6346635286547,18.76745745659278,23.907579831166085,30.272784008448593,38.045966105137765,47.91515548105026,60.25945314353641,75.58769186989468,94.65432184288464,118.50253469049271,148.2621257788383,185.09538452534014,231.17895360312517,288.67124516214204,360.6635538957692,449.3769470458373,559.9114142672464,682.7423171157059,817.605998290899,965.6441662472171,1069.2015729891268,1069.2015736598826,1069.201574221018,1069.2015733746875,1069.2015714789225,0.8197828638751542,0.8565427177172324,0.9002687127031364,0.9522809607855217,0.9901323363522082,1.0601984689272135,1.1477378354245573,1.2488430965701347,1.3560768531115328,1.4310221202034983,1.5763799911010998,1.7631788801686008,1.9669768999902097,2.1964360756723775,2.4957317622011272,2.86369977093309,3.217878128518178,3.69350946519465,4.276846329648006,5.081469685225837,6.04442876544735,7.189872490391836,8.552382439113595,10.173093539918323,12.100935956583488,13.604263874997514,13.604263874999177,13.604263874999571,13.604263874999189,13.60426387499717,7.195825883635762,6.275529463040483,3.580955682462461,1.7308220586898717,0.5182164469572137,2.4617566600995075e-11,2.5713645204734903e-11,2.695518143507762e-11,2.8253628248809957e-11,2.966028247225302e-11,3.1117005028812033e-11,3.263898108312778e-11,3.4264831680850647e-11,3.5939490936754867e-11,3.769250731139717e-11,3.956021221728252e-11,4.1523963058186317e-11,4.359097106109186e-11,4.5754854689053904e-11,4.797767905836098e-11,5.040094714159023e-11,5.291662910853736e-11,5.5550103885273965e-11,5.828424951514783e-11,6.115779987982499e-11,6.423350853788557e-11,6.750063496730192e-11,7.081257000333935e-11,7.431305573661809e-11,7.792596135641103e-11,11.52767452,12.02039987,11.08433688,11.42279057,12.83685439,12.82950902,12.4797631,13.06854298,12.32250353,14.00817876,14.1048087,14.11961167,14.17758585,13.14173388,13.59581692,15.46485794,15.33829994,14.92982781,15.63169921,14.48445026,16.74898398,16.84482209,16.84181727,16.36082341,15.60125626,16.0850616,18.24958299,18.30857199,17.47507458,18.22319603
2.8284429316082096,3.936815764758411,5.317818071802677,7.038509264351073,9.123414447364617,11.786029446858967,15.114375933069967,19.25397460225431,24.380193166953873,30.640327054418606,38.58848085880095,48.52996365859227,60.87456404134871,76.22987862538555,95.43604201455553,119.40293515199997,149.0666080721216,186.18002042380706,232.48144990014728,290.4604713529139,361.90582176703407,450.924778917199,549.8466731665364,658.4591680510528,777.6817387221128,861.0817187018847,861.0817192420778,861.0817196939886,861.081719012396,861.0817174856411,0.8433142088041585,0.8811292308357849,0.9261103526555353,0.9796155791887924,1.0185534543808634,1.0906307906612864,1.1806829189138326,1.2846903421793978,1.3950021753974424,1.4720986986432643,1.6216289746361228,1.8137898068286897,2.023437718995695,2.259483374156805,2.567370152724463,2.9459004487618468,3.310245270499804,3.7995293017318454,4.399610479310227,5.227330035787567,6.2179302430291,7.396253200482814,8.797873129402275,10.465105710008404,12.448285615262767,13.994765603997442,13.994765603999152,13.994765603999557,13.994765603999165,13.994765603997088,7.619030799606795,6.923678434425907,4.9665213755629924,3.4998452164825484,2.514657758278217,2.497071775168247e-11,2.5821747477339008e-11,2.7040610330818935e-11,2.8325579781874726e-11,2.973785051381689e-11,3.118506155848876e-11,3.2692907491784785e-11,3.4318734005567065e-11,3.5990203158503817e-11,3.7733538691350986e-11,3.9598981612844394e-11,4.155795495296827e-11,4.363121543463134e-11,4.5801836804668575e-11,4.8018277136462965e-11,5.0463885318146995e-11,5.2987645166873e-11,5.5605996989189194e-11,5.834133266286039e-11,6.122160170203527e-11,6.431028010629744e-11,6.759220827983745e-11,7.091968374406296e-11,7.436982400842554e-11,7.804544316487734e-11,11.29078794,11.74162343,11.2104498,11.51797006,12.65662566,12.39275429,12.22331169,12.76545806,12.4251798,13.784498,13.90677796,13.63893801,13.84878008,13.29125501,13.70910297,15.21791712,14.81613849,14.62302908,15.26916972,14.64924824,16.48153841,16.60832172,16.26847161,16.02461861,15.77876079,16.21908909,17.95817605,18.05152065,17.11597261,17.80056469
1.8298290804241357,2.5468783160249973,3.4403020981783836,4.5534837527803065,5.902289518373755,7.624838098584294,9.778074114816562,12.456140531327808,15.772489501099649,19.822412130480203,24.964380103181416,31.395909665367512,39.38210889680796,49.316055539654165,61.74126514885008,77.24637488262789,96.43695169605719,120.44705295564776,150.4012377030989,187.91010815730496,234.13086742661676,291.72067229136803,355.7170700143934,425.9826919281804,503.1123820551742,557.0670533580196,557.0670537074914,557.0670539998499,557.0670535589014,557.0670525711846,0.7966503259321498,0.8323728944743604,0.8748650343961004,0.925409606883781,0.9621928967169451,1.0302819112748094,1.1153511020631441,1.213603386655111,1.3178112334693421,1.3906417036912457,1.531897883016571,1.7134257026588846,1.9114729735517497,2.134457296780004,2.425307492277048,2.7828922223398673,3.127076416035387,3.5892864427194295,4.156162775067084,4.938081361951963,5.873867774333743,6.986989500860743,8.31105230159317,9.886030364192157,11.759473146738559,13.220380331997584,13.2203803319992,13.220380331999582,13.22038033199921,13.22038033199725,8.857685333662845,8.575122659520696,7.492464457446599,6.761689370358088,5.996487084932641,3.800764020165593,1.5392345631465074,2.765424358662288e-11,2.8714409167675322e-11,3.014267885835594e-11,3.152682765006526e-11,3.295105595434509e-11,3.455547737934873e-11,3.620512742181202e-11,3.794476258168672e-11,3.980157209278513e-11,4.173905187024046e-11,4.383284857172863e-11,4.604784804134364e-11,4.824779913588342e-11,5.077126532598304e-11,5.333322593207259e-11,5.5923828984729974e-11,5.8653497202545e-11,6.156344588170138e-11,6.472426054509922e-11,6.806542522655703e-11,7.143582356440007e-11,7.482799465244114e-11,7.863787427485066e-11,11.48416474,11.95437387,11.80763159,12.24058273,12.8609695,12.45588403,12.43265978,12.99675971,13.20470886,14.00268966,14.13130577,13.70841591,14.0997108,13.99928149,14.56918261,15.45879804,14.89161315,14.87347702,15.54583696,15.42961517,16.74242089,16.87646651,16.35134458,16.29907151,16.61929696,17.23663986,18.2424319,18.34296618,17.40911708,18.12309914
0.6853958027520508,0.953979651213723,1.2886277978181355,1.7055902572779515,2.2108100181592434,2.8560219560081874,3.6625557157176263,4.6656742588673366,5.907873155288771,7.424845424089187,9.350863162072665,11.759909675955987,14.751286024561281,18.472226634047843,23.12631515278718,28.934036347314276,36.12221634785646,45.115636991909554,56.33552234644974,70.38515280118287,87.69797985268883,109.2692899591284,133.2403060829106,159.5595742881733,188.44990423546787,208.65960887152332,208.65960900242436,208.65960911193258,208.65960894676726,208.65960857679994,0.6508607521801224,0.6800459757021038,0.7147619172525529,0.7560566702917381,0.7861084996943807,0.841737005436195,0.9112382605057444,0.9915100607816278,1.076647536224471,1.1361497959829105,1.2515556398431962,1.3998632842237704,1.5616672671063796,1.743844741484364,1.9814684150721966,2.2736139886078495,2.5548113670625145,2.9324354711897147,3.3955716101641027,4.034396578958322,4.798931065943039,5.708347933811243,6.7901029803682995,8.076854988272048,9.607451711731398,10.801008179998025,10.801008179999346,10.80100817999966,10.801008179999355,10.801008179997753,10.517741315086921,10.423055353104195,9.90439037495033,9.955518792452374,10.180085852169539,9.095675918579964,8.259244033802213,7.451238250377917,6.410679668515032,5.705171159957683,3.876138038115496,0.9201370498534458,4.773636918044598e-11,4.521265306251908e-11,5.93011356213063e-11,7.154351982153765e-11,4.943807068364593e-11,5.8058953562557974e-11,6.640130799021824e-11,5.603607678911954e-11,6.835838225247214e-11,6.13061332694831e-11,6.099659704387511e-11,6.230837927900439e-11,6.413688395229039e-11,6.85085856644083e-11,7.518056547837535e-11,8.170325643153475e-11,8.484527358311845e-11,9.340898063469997e-11,11.85399787,12.05708098,11.90778009,12.41716572,13.17700437,12.79343488,12.83303801,13.10842257,13.39520036,14.26616638,14.47855684,14.07991001,14.22084977,14.11801886,14.77935805,15.74967311,15.29517156,15.3524587,15.67940046,15.56048416,17.05744881,17.2911749,16.79446128,16.82396268,16.76025645,17.48529611,18.58568424,18.79371113,17.96975587,18.27880542
2.2200480000001647e-05,3.0900110683695654e-05,4.173961313745743e-05,5.5245337428182154e-05,7.160978137723312e-05,9.250867609538426e-05,0.00011863290465041819,0.00015112466060428743,0.00019136040708142858,0.00024049626752708112,0.0003028814150579874,0.00038091222402383693,0.00047780512960195047,0.0005983291644011308,0.0007490785542626385,0.0009371949648198357,0.0011700254631941869,0.0014613290491487848,0.0018247494836125346,0.0022798274672612808,0.0028406028165662562,0.003539313600421304,0.004315752647609722,0.005168253326866131,0.0061040326088708475,0.006758639978477106,0.006758639982717089,0.006758639986264141,0.006758639980914314,0.006758639968930797,0.5864955079231102,0.6127945318480265,0.6440773272915362,0.6812883391357006,0.7083682681227904,0.7584955320894153,0.8211236345779616,0.8934571561753398,0.970175174178249,1.0237931069583484,1.1277861788795172,1.261427310148396,1.4072300933195276,1.571391582562155,1.7855160579874032,2.048770626594212,2.302159694457033,2.642439608420565,3.0597750586769976,3.6354250318731745,4.324352795249426,5.143835159253761,6.118612749320044,7.2781146395765,8.657346832858773,9.73286952299822,9.73286952299941,9.732869522999692,9.732869522999419,9.732869522997975,11.240890851615967,11.3770068480613,11.238932993116325,11.742083945548902,12.544717482118942,11.987177449258752,11.983010372542854,12.141701699190795,12.431588845442773,13.2105704568037,13.434142739736515,12.765638887660335,12.73382469158522,12.516711078309545,13.000545943496277,13.665120878480769,12.93485077012161,12.674121172574145,12.530348361885386,11.890465970707941,12.692517691984685,12.243730167198905,10.608955228088123,9.502942507155286,8.06200077459409,7.754485547088054,8.804937307085693,9.162696207085151,8.189820347094354,8.437226717111573,11.82740856,11.98983228,11.88305206,12.42342753,13.25315736,12.74576549,12.80425264,13.03530998,13.40195538,14.23460406,14.5622318,14.02744711,14.14153259,14.08870099,14.78681108,15.7148287,15.23818049,15.31802211,15.59194817,15.52817083,17.01971109,17.39110464,16.73188373,16.7862254,16.72545164,17.49411371,18.54456547,18.90232437,17.92944851,18.17685488
1.0209480000000757e-05,1.4210236086020531e-05,1.919506900457147e-05,2.540603480493562e-05,3.293165871977696e-05,4.254257017966745e-05,5.45564901015812e-05,6.949868651246552e-05,8.800216251584215e-05,0.00011059859216523175,0.0001392880581593831,0.00017517259685046821,0.00021973137132929202,0.00027515754782644593,0.0003444836561269541,0.00043099398073504787,0.0005380672654812773,0.0006720309516147189,0.0008391594847477397,0.0010484391747590457,0.001306326603914729,0.0016276473038974513,0.0019847134089316315,0.0023767584743921402,0.00280710141580789,0.003108139990102126,0.003108139992051994,0.0031081399936832006,0.0031081399912229403,0.0031081399857120023,0.5240032790820985,0.5475000912266875,0.5754496444113348,0.6086957510922768,0.632890261356805,0.6776763685564001,0.733631325795374,0.798257570996814,0.8668011360456944,0.9147059745565106,1.0076183838629036,1.1270197945456848,1.2572870096374422,1.4039567752197126,1.5952658743326662,1.830470160332749,2.0568601337425396,2.3608825658223456,2.733750118015507,3.2480634750376107,3.863584654966543,4.595749590737062,5.466662746371056,6.502617471323406,7.734889811234073,8.69581348199841,8.695813481999474,8.695813481999725,8.695813481999481,8.69581348199819,11.233295981456978,11.304152458557237,11.240817560540659,11.809696922894943,12.521235287007585,11.955959078897683,11.994678077739989,12.086769770343412,12.529662231819879,13.182560026880878,13.445696678109996,12.776893412890162,12.721065089025533,12.605310817268501,13.18523829204907,13.732430115726244,13.046776249033725,12.865680133269805,12.677684192545655,12.191812915835891,12.990743068480105,12.663818742012028,11.116094470275694,10.18174200026073,8.89378173741169,8.788138008076059,9.66686658807614,10.06220553807753,9.124262018083805,9.268471228094386,11.75730947,11.85166676,11.8162864,12.41841808,13.15415848,12.63367799,12.72836396,12.88509684,13.39655137,14.0973766,14.45345435,13.90408838,13.97857183,14.00954275,14.78084865,15.56333127,15.10417445,15.22723473,15.41227347,15.44092483,16.85563405,17.26119598,16.58474193,16.68673623,16.63147865,17.48705963,18.36578821,18.76112716,17.82318364,17.96739285
2.2406040000001663e-06,3.1186222819655798e-06,4.212609103687834e-06,5.575686833029495e-06,7.227283490850381e-06,9.336523791108226e-06,1.197313574712554e-05,1.525239630172901e-05,1.9313226270255292e-05,2.4272308481899856e-05,3.056858726048206e-05,3.8443918906109466e-05,4.822292511723389e-05,6.0386924925669685e-05,7.560144668021075e-05,9.458726959755749e-05,0.00011808590322978368,0.00014748598736779404,0.00018416453121645026,0.00023009369808470333,0.00028669046944974257,0.0003572085022647427,0.0004355713320272775,0.0005216107524337113,0.0006160551429323356,0.000682121997827782,0.0006821219982557061,0.0006821219986136957,0.0006821219980737594,0.000682121996864312,0.5072818419000954,0.530028848682891,0.5570865053537211,0.5892716975201864,0.6126941382200999,0.656051078641433,0.7102204605990229,0.7727844215694604,0.8391406970288497,0.8855168471137541,0.975464334104457,1.0910555335388044,1.2171657993499256,1.3591551948475296,1.5443594407832921,1.7720581369325294,1.991223793491406,2.285544583992084,2.6465135821110666,3.1444147164723217,3.740294036979299,4.44909490143752,5.292216399644438,6.295112835558914,7.488062206806043,8.418321899998462,8.41832189999949,8.418321899999734,8.418321899999498,8.418321899998249,10.843934107514988,10.914474472714844,10.90187573205818,11.407094936815016,12.04011664451953,11.57049517485905,11.578500536290706,11.66963367606099,12.102103159772982,12.614896050607333,12.927099307339358,12.364932812574994,12.281128317759274,12.226683988263595,12.7340794078079,13.13216470583762,12.626098010647123,12.415601990064333,12.236091863403649,11.829352399877868,12.401318212601849,12.15387313011323,10.757643859079229,9.814750693747206,8.63987087811261,8.473749528068307,9.169103098069966,9.627085968072635,8.788576228076971,8.931124638083213,11.35121819,11.44450644,11.45896645,11.99637221,12.65281801,12.22655559,12.28873297,12.44243335,12.94126317,13.50043717,13.90259421,13.45602679,13.49834234,13.58589957,14.27851445,14.90431743,14.61743989,14.70129406,14.88278961,14.97399721,16.14189894,16.60332524,16.05029583,16.11038514,16.12854914,16.89275355,17.58810712,18.04608999,17.20758025,17.35012866
0.0,0.0,0.0,0.0,0.0,0.0,0.0,0.0,0.0,0.0,0.0,0.0,0.0,0.0,0.0,0.0,0.0,0.0,0.0,0.0,0.0,0.0,0.0,0.0,0.0,0.0,0.0,0.0,0.0,0.0,0.504704546994095,0.5273359853889339,0.5542561729943528,0.5862778451508991,0.6095812858549209,0.6527179471090181,0.7066121162349057,0.7688582148956963,0.8348773608215663,0.8810178923498788,0.9705083923544905,1.085512319418976,1.2109818697168986,1.3522498742332063,1.5365131719224634,1.7630550226236352,1.9811071866748682,2.2739326516751377,2.6330677115703676,3.1284392106257846,3.7212911080900186,4.426490840580861,5.265328777731605,6.2631299004256284,7.450018375966112,8.375551793998468,8.375551793999493,8.375551793999735,8.3755517939995,8.375551793998257,10.145522743025,10.847476344631083,10.497934277026658,10.786418264871154,11.648510434168212,11.215673002915265,10.823234023790596,11.597803905131064,11.433586029206564,12.085604467679714,12.498370627676604,11.976333710613751,12.205159030317429,11.751370785802877,11.999679508115463,12.55193739741616,12.208129513366927,11.519487628368724,12.159089518475573,11.314003719422542,11.78234815196064,11.658865279472202,10.314789782324134,8.852363479633024,8.105991634095542,7.638969026066229,8.517111766068291,9.107559566071306,7.7693797660751835,8.868919036080074,10.65022729,11.37481233,11.05219045,11.37269611,12.25809172,11.86839095,11.52984614,12.36666212,12.26846339,12.96662236,13.46887902,13.06184603,13.4161409,13.10362066,13.53619268,14.31499242,14.1892367,13.79342028,14.79215723,14.44244293,15.50363926,16.08535612,15.58011856,15.11549338,15.55601001,16.01452082,16.89266356,17.48311136,16.14493156,17.24447083
0.0,0.0,0.0,0.0,0.0,0.0,0.0,0.0,0.0,0.0,0.0,0.0,0.0,0.0,0.0,0.0,0.0,0.0,0.0,0.0,0.0,0.0,0.0,0.0,0.0,0.0,0.0,0.0,0.0,0.0,0.5230496390640984,0.5465036890710233,0.5744023765197752,0.6075879782019141,0.6317384565793813,0.6764430569911739,0.7322961811146719,0.7968048122169307,0.865223633988018,0.9130412898935273,1.0057846067624865,1.124968717348153,1.254998857531596,1.4014016970020013,1.592362630330494,1.827138865155157,2.053116828665514,2.3565859665787094,2.7287749325236925,3.242152284336235,3.8565532696928453,4.587385729483919,5.45671389954517,6.490783277741137,7.7208129900513205,8.679987863998413,8.679987863999475,8.679987863999726,8.679987863999482,8.679987863998194,10.169478820954996,10.477392680949002,10.046284043501249,10.141432031820154,10.928284263443768,10.662431103033125,10.84334484891083,11.188342527809837,10.730439976040143,11.467619830136096,11.696073963268654,11.35411366268462,11.747250562502767,11.190622183034131,11.20150828970751,11.840959514884712,11.503056871376364,11.491619803465174,11.607040357522314,10.636423035712188,10.946477040357927,10.581947830569264,9.42828648051066,8.684746672317544,7.227853070010465,6.456300236066465,7.449296786068466,7.807502116071507,7.5290690460752545,8.032486496080285,10.69252846,11.02389637,10.62068642,10.74902001,11.56002272,11.33887416,11.57564103,11.98514734,11.59566361,12.38066112,12.70185857,12.47908238,13.00224942,12.59202388,12.79387092,13.66809838,13.5561737,13.84820577,14.33581529,13.87857532,14.80303031,15.16933356,14.88500038,15.17552995,14.94866606,15.1362881,16.12928465,16.48748998,16.20905691,16.71247436
0.0,0.0,0.0,0.0,0.0,0.0,0.0,0.0,0.0,0.0,0.0,0.0,0.0,0.0,0.0,0.0,0.0,0.0,0.0,0.0,0.0,0.0,0.0,0.0,0.0,0.0,0.0,0.0,0.0,0.0,0.5654974508041063,0.5908549016068259,0.6210176920090507,0.6568964533217035,0.6830068507642754,0.7313394289442727,0.791725283273125,0.8614690775876822,0.9354403919887403,0.987138664004333,1.0874085148015855,1.2162649476884262,1.356847613863302,1.5151316969173223,1.7215899619371782,1.9754193356468943,2.2197364190726034,2.5478334314225175,2.9502271924351535,3.505267406725366,4.169529773127871,4.959672547561752,5.899550577038016,7.017539298664389,8.347391409774392,9.384407603998284,9.384407603999431,9.384407603999703,9.38440760399944,9.384407603998048,9.545691999214998,9.885270218413213,9.476671018011986,9.542336786700377,10.19290823925889,10.031636901080041,10.154563046752392,10.528142992439108,10.067132658039448,10.766392986025334,10.862770025229615,10.629008792344425,10.999327306171137,10.456819293118905,10.417904938100943,11.000335784393103,10.647923520969416,10.547463218621505,10.67324944761099,9.689880973323234,9.883668476923098,9.311958902491604,8.229445353017951,7.332916631394472,5.865152920287644,4.97769542606688,5.927864956068782,6.127373426071826,5.943383746075595,6.497633246080738,10.11118945,10.47612512,10.09768871,10.19923324,10.87591509,10.76297633,10.94628833,11.38961207,11.00257305,11.75353165,11.95017854,11.84527374,12.35617492,11.97195099,12.1394949,12.97575512,12.86765994,13.09529665,13.62347664,13.19514838,14.05319825,14.27163145,14.12899593,14.35045593,14.21254433,14.36210303,15.31227256,15.51178103,15.32779135,15.88204085
0.0,0.0,0.0,0.0,0.0,0.0,0.0,0.0,0.0,0.0,0.0,0.0,0.0,0.0,0.0,0.0,0.0,0.0,0.0,0.0,0.0,0.0,0.0,0.0,0.0,0.0,0.0,0.0,0.0,0.0,0.6354112889551194,0.6639037436536528,0.6977956338835876,0.7381101745404353,0.7674486645204056,0.8217567179982891,0.8896082237463562,0.9679746145744998,1.051091184176089,1.1091810404813116,1.2218474990972148,1.3666347691271008,1.5245980154545704,1.7024511482873028,1.9344343554709338,2.219645277808818,2.494167882062011,2.8628283335337916,3.3149710231055423,3.9386322217238203,4.685018975262707,5.572849040716932,6.62892649839762,7.88513491036442,9.379399902785776,10.544624954998072,10.544624954999362,10.544624954999668,10.544624954999371,10.544624954997806,9.086607355063993,9.384275096366393,8.88060456813746,9.040329556481657,9.655356185502775,9.472255842026042,9.635367076279177,9.956375525452312,9.497544665852137,10.07348438954842,10.230465040934071,9.962517400905861,10.326831194579976,9.653824631749073,9.704216944567358,10.125880512231376,9.812823127980225,9.728441836510427,9.751991046940814,8.5779362283251,8.685618804788609,8.104200499336665,6.884441641658481,5.912984559694641,4.102243407276712,3.2249355150675902,4.023934195069326,4.320907295072313,4.1932131550761325,4.6886397150814645,9.722018644,10.04817884,9.578400202,9.778439731,10.42280485,10.29401256,10.5249753,10.92435014,10.54863585,11.18266543,11.45231254,11.32915217,11.85142921,11.35627578,11.6386513,12.34552579,12.30699101,12.59127017,13.06696207,12.51656845,13.37063778,13.67704954,13.51336814,13.79811947,13.48164331,13.76956047,14.56855915,14.86553225,14.73783811,15.23326467
0.0,0.0,0.0,0.0,0.0,0.0,0.0,0.0,0.0,0.0,0.0,0.0,0.0,0.0,0.0,0.0,0.0,0.0,0.0,0.0,0.0,0.0,0.0,0.0,0.0,0.0,0.0,0.0,0.0,0.0,0.18358156554603453,0.1918135399077234,0.2016055067422397,0.2132530909395927,0.22172949986543417,0.23742005754441775,0.2570235582476697,0.2796649953207828,0.30367884310017507,0.32046203053833555,0.35301336416548484,0.3948449686164098,0.4404833457803053,0.491868263124772,0.5588923168289377,0.6412947993528443,0.7206092376428058,0.8271217658470028,0.9577537899306031,1.1379405464500434,1.3535848875237027,1.6100947043746856,1.9152141701268761,2.2781550100672443,2.7098746087234806,3.0465287459994435,3.046528745999816,3.046528745999904,3.0465287459998187,3.046528745999366,8.79877081647308,9.226672901112332,9.509089625278802,9.381089478082501,9.562659511157754,10.113280432479906,9.467195289777878,9.960085444706024,10.046359476927973,10.423075539491228,10.397824115865562,10.99669552141617,10.6682486042539,11.021258106911125,10.860639903208767,11.219439210686714,11.654154942398687,10.806185034196579,11.290336840115094,11.551504223597904,11.492006372526621,11.229210565678116,11.672570519928485,10.47018211999096,10.957974431337565,10.463794354064657,10.949943164067406,10.908462504070638,10.570031774074229,11.2321081240783,8.982352382,9.418486441,9.710695132,9.594342569,9.784389011,10.35070049,9.724218848,10.23975044,10.35003832,10.74353757,10.75083748,11.39154049,11.10873195,11.51312637,11.41953222,11.86073401,12.37476418,11.6333068,12.24809063,12.68944477,12.84559126,12.83930527,13.58778469,12.74833713,13.66784904,13.5103231,13.99647191,13.95499125,13.61656052,14.27863687
0.0,0.0,0.0,0.0,0.0,0.0,0.0,0.0,0.0,0.0,0.0,0.0,0.0,0.0,0.0,0.0,0.0,0.0,0.0,0.0,0.0,0.0,0.0,0.0,0.0,0.0,0.0,0.0,0.0,0.0,0.18044444434503393,0.18853574716805638,0.19816038463774954,0.20960892987812843,0.2179404902617401,0.23336292090409091,0.25263142850775205,0.2748859589105144,0.2984894476717653,0.3149858367433468,0.3469809191012641,0.38809768700090164,0.43295617583475554,0.4834630054848858,0.5493417231678287,0.6303360764268392,0.7082951552875202,0.8129875513373381,0.9413872788879867,1.1184949261715114,1.3304542434670703,1.582580709613343,1.882486161954099,2.2392249118300356,2.663567099242372,2.9944683449994525,2.9944683449998184,2.994468344999905,2.994468344999821,2.9944683449993765,8.754772342674082,9.234841508851998,9.489043124383295,9.401014340143965,9.51187221676145,9.951138869120237,9.420558822517798,9.970181761116292,10.069111922356381,10.370916203286217,10.343889500929782,10.82053158303168,10.68154430419945,11.001811394551007,10.889568376869871,11.16676901361272,11.46777042475398,10.759272558706249,11.313063521157709,11.540252173876436,11.446224656583254,11.18510825043946,11.487122748101276,10.442214328228172,10.97121737081867,10.538780505064636,10.926917115067402,10.882683415070634,10.550638215074226,11.291583105078283,8.935216787,9.423377256,9.687203509,9.61062327,9.729812707,10.18450179,9.673190251,10.24506772,10.36760137,10.68590204,10.69087042,11.20862927,11.11450048,11.4852744,11.4389101,11.79710509,12.17606558,11.57226011,12.2544508,12.6587471,12.7766789,12.76768896,13.36960891,12.68143924,13.63478447,13.53324885,13.92138546,13.87715176,13.54510656,14.28605145
0.0,0.0,0.0,0.0,0.0,0.0,0.0,0.0,0.0,0.0,0.0,0.0,0.0,0.0,0.0,0.0,0.0,0.0,0.0,0.0,0.0,0.0,0.0,0.0,0.0,0.0,0.0,0.0,0.0,0.0,0.17404414035603272,0.1818484473786448,0.19113170218170303,0.20217417135786048,0.210210214085878,0.22508561628011772,0.24367067637435041,0.265135846039368,0.28790212696182216,0.30381339463960183,0.3346736221451734,0.374331992062218,0.41759936532548175,0.46631473464855744,0.5298567562857625,0.6079782669691434,0.6831721634202358,0.7841511552558764,0.907996587486367,1.0788222858547791,1.2832634771757931,1.5264471020344552,1.815715008454044,2.1598003543853492,2.5690912665719248,2.888255555999472,2.8882555559998253,2.888255555999909,2.8882555559998275,2.888255555999399,8.692282161663083,9.395589472641404,9.649385556839338,9.575013197664228,9.66556237593731,9.937514013744211,9.354939316651203,10.147426163987435,10.25938271306632,10.534411115389956,10.516573807885866,10.810192697970361,10.87860956470871,11.200730435387321,11.107303933751922,11.3572889730704,11.46670832662126,10.698886884787708,11.546799462559306,11.780267464193146,11.67554093287451,11.432773848018325,11.525142051601323,10.423865035672856,11.281483033489083,10.879541394064578,11.23157266406736,11.197071584070594,10.552418284074216,11.631355324078209,8.866326302,9.57743792,9.840517259,9.777187369,9.87577259,10.16259963,9.598609993,10.41256201,10.54728484,10.83822451,10.85124743,11.18452469,11.29620893,11.66704517,11.63716069,11.96526724,12.14988049,11.48303804,12.45479605,12.85908975,12.95880441,12.95922095,13.34085706,12.58366539,13.8505743,13.76779695,14.11982822,14.08532714,13.44067384,14.51961088
0.0,0.0,0.0,0.0,0.0,0.0,0.0,0.0,0.0,0.0,0.0,0.0,0.0,0.0,0.0,0.0,0.0,0.0,0.0,0.0,0.0,0.0,0.0,0.0,0.0,0.0,0.0,0.0,0.0,0.0,0.164862208158031,0.17225478849000342,0.18104829272746326,0.19150820162284024,0.19912029213208177,0.21321092252023763,0.23081550282737753,0.25114824865968455,0.2727134638789038,0.2877853112768466,0.31701746606482234,0.35458360545392925,0.3955683503743127,0.44171367501096526,0.5019034520210126,0.5759035575664044,0.6471304990972959,0.742782208701195,0.8600940089493253,1.021907568346058,1.215563190251473,1.4459173366195128,1.7199245264279637,2.045857188159707,2.433555408990701,2.7358817579994996,2.7358817579998345,2.7358817579999135,2.7358817579998367,2.735881757999431,8.661580128861088,10.165704821530033,10.322180017293565,10.325824898399233,10.35314462789109,10.046015857504088,9.324616446198178,10.988250681367093,11.07301448614921,11.393015788752678,11.277542503966185,10.93628481457864,11.797645809659835,12.01105033502487,12.016205358016618,12.31955792247308,11.618272430944183,10.68860094134238,12.583707931096273,12.703179431701793,12.75067422979874,12.401012753433182,11.747778913627377,10.481202291898484,12.349787811070204,12.074155232064431,12.481638852067215,12.314293002070462,10.644331042074187,12.936697072078006,8.826442337,10.33795961,10.50322831,10.5173331,10.55226492,10.25922678,9.555431949,11.23939893,11.34572795,11.6808011,11.59455997,11.29086842,12.19321416,12.45276401,12.51810881,12.89546148,12.26540293,11.43138315,13.44380194,13.725087,13.96623742,13.84693009,13.46770344,12.52705948,14.78334322,14.81003699,15.21752061,15.05017476,13.3802128,15.67257883
0.0,0.0,0.0,0.0,0.0,0.0,0.0,0.0,0.0,0.0,0.0,0.0,0.0,0.0,0.0,0.0,0.0,0.0,0.0,0.0,0.0,0.0,0.0,0.0,0.0,0.0,0.0,0.0,0.0,0.0,0.14710637969402768,0.1537027715620251,0.16154920639781734,0.17088257240522461,0.17767483297985187,0.19024788806122825,0.2059564370607278,0.22409932536756386,0.24334194484759022,0.256790538863066,0.28287436067741717,0.31639458842612894,0.3529652343933448,0.39414066036238554,0.447847936817469,0.5138781552973992,0.5774338823639921,0.6627838049968742,0.7674610043544683,0.911847077877397,1.0846457912040648,1.2901905603680692,1.5346868955391806,1.8255162761904145,2.171459002042985,2.4412244939995538,2.441224493999852,2.441224493999923,2.4412244939998544,2.441224493999492,8.67571014232509,10.961896378458,11.053846203623198,11.077829727616836,10.971121777043306,10.088304321963099,9.34555023496483,11.860746994659191,11.891372095180499,12.174644741166428,11.967139439353558,10.99574258160643,12.757443985640757,12.902977919673402,12.940774753220104,13.210274274742027,11.711073537677468,10.763903445046683,13.68760740569105,13.74386383217037,13.779093028846056,13.339522439684542,11.958385824516133,10.696397213867742,13.61426274801779,13.39870789606423,13.754207746067049,13.459753986070309,10.933491846074121,14.410273336077735,8.822816522,11.11559915,11.21539541,11.2487123,11.14879661,10.27855221,9.551506672,12.08484632,12.13471404,12.43143528,12.2500138,11.31213717,13.11040922,13.29711858,13.38862269,13.72415243,12.28850742,11.42668725,14.45506841,14.65571091,14.86373882,14.629713,13.49307272,12.52191349,15.78572175,15.83993239,16.19543224,15.90097848,13.37471634,16.85149783
0.0,0.0,0.0,0.0,0.0,0.0,0.0,0.0,0.0,0.0,0.0,0.0,0.0,0.0,0.0,0.0,0.0,0.0,0.0,0.0,0.0,0.0,0.0,0.0,0.0,0.0,0.0,0.0,0.0,0.0,0.1510704252720284,0.15784456876486688,0.16590243987812434,0.1754873101936825,0.18246260042719661,0.19537445905673284,0.21150630311881086,0.23013808413250617,0.24989923055077684,0.2637102210833055,0.29049691831839364,0.32492040880021894,0.36247651649745966,0.4047614882630482,0.4599160037310218,0.5277255250265349,0.5929938752938276,0.6806437048654794,0.7881416193415751,0.9364184349075336,1.1138735198808392,1.3249570619721662,1.5760417899668133,1.8747080905580327,2.2299728644108985,2.5070076719995416,2.507007671999848,2.507007671999921,2.50700767199985,2.507007671999478,8.68141493674709,11.363692201255153,11.364775280142888,11.42263388982837,11.273484369595954,10.308641110967589,9.350467773906743,12.29604241589424,12.261744799477302,12.535494648946178,12.297005881712568,11.235352131232332,13.226720053536623,13.266159891772725,13.344585746306535,13.60244002501287,11.965065914747617,10.758565945178077,14.194820610703905,14.131287435140203,14.189591760169252,13.707805858080414,12.21300583008848,10.660928049500129,13.999510225649843,13.824946668064207,14.167547628067016,13.832044218070275,10.882365888074135,14.959900698077668,8.832485362,11.52153677,11.53067772,11.5981212,11.45594697,10.50401557,9.561974077,12.5261805,12.51164403,12.79920487,12.5875028,11.56027254,13.58919657,13.67092138,13.80450175,14.13016555,12.55805979,11.43920965,14.98296223,15.06770587,15.30346528,15.03276292,13.78904762,12.53563614,16.22948309,16.33195434,16.6745553,16.33905189,13.38937356,17.46690837
0.31458721507202336,0.4378634950866094,0.5914623762682337,0.7828423911214871,1.0147312893855691,1.3108746650002447,1.681062530624436,2.1414800989980387,2.711632250239222,3.4079015875582477,4.2919171504471425,5.3976362557269315,6.770636719052635,8.478497110211517,10.61465951437282,13.28032339670913,16.579598820817665,20.70745478816359,25.857227332640438,32.305813827916225,40.25216252933531,50.15309618634333,61.15546178961685,73.23564269265417,86.49590545489804,95.77188099101438,95.77188105109616,95.77188110135891,95.77188102555031,95.77188085574042,0.16409277219903085,0.17145085028090748,0.1802033139521786,0.19061440492790083,0.19819096870104913,0.21221583606305874,0.2297382532275187,0.24997610317092925,0.2714406703869546,0.28644217527592514,0.31553789933605714,0.3529287120762629,0.3937221752173682,0.4396521328969002,0.4995609954432074,0.5732157317083221,0.6441102467196625,0.739315535850784,0.8560798248255034,1.0171381767514351,1.2098899796384022,1.4391690296244353,1.7118973879334252,2.0363088744185736,2.4221976511345047,2.723112998999502,2.7231129989998353,2.723112998999914,2.7231129989998375,2.7231129989994334,8.765939680748065,11.571259704652498,11.1398235998006,10.980335113972671,10.621251191936544,9.587743578961035,8.097346416173636,10.851227667857804,9.912256119401944,9.50968209719536,8.395633370247822,6.477546202229419,7.202146065764152,5.204267296927457,3.1136133302216593,0.7235438516221836,1.3165144765199146e-10,6.088486406493177e-11,2.5874699572843263e-10,1.2596611593510875e-10,2.1205773171816858e-10,7.875632818896625e-11,2.867268577843845e-10,1.2335629376187315e-10,1.1342015849120251e-10,1.630220897139112e-10,3.015990667560721e-10,3.3440667472139896e-10,2.5046577810096747e-10,2.78808693494102e-10,9.244619668,12.18057405,11.91148929,11.95379191,11.83417345,11.11083408,10.0081472,13.24268387,12.89532904,13.20402586,13.00308842,12.22811117,14.36650496,14.12241654,14.22783384,14.57708298,13.28354074,11.97297682,15.83999466,15.56533115,15.78749254,15.5290806,14.58564291,13.12056388,16.76547717,16.83279388,17.20194823,16.87849765,14.01413771,18.46602369
1.5315147281161134,2.1316644780876115,2.8794346908661494,3.8111359723302862,4.940047911414501,6.3817719219851785,8.18396902730466,10.425434202188333,13.201123661447012,16.590793342065147,20.89447381470684,26.277480541498537,32.961701420634206,41.27613130624524,51.67567720918967,64.65301163478154,80.71497684521425,100.81074649715293,125.88154442042074,157.2753987154354,195.9608553643441,244.1618787731839,297.725037599183,356.5353581873002,421.0907080110896,466.249228353229,466.24922864572693,466.24922889042267,466.2492285213613,466.24922769467054,0.16842626554803167,0.17597866164892845,0.18496226739061825,0.19564830279499826,0.20342495453228548,0.21782020182401055,0.23580536501453253,0.25657767230760303,0.2786090930054929,0.29400676965017314,0.32387087689384975,0.36224913616294274,0.40411990574988144,0.4512628185368006,0.5127538023058252,0.5883536718357991,0.6611204259784869,0.758839972634242,0.8786878664679189,1.0439995763420333,1.241841723213228,1.4771757579793012,1.7571065452007748,2.0900853500399434,2.486164986627047,2.795027147999489,2.7950271479998308,2.7950271479999116,2.795027147999833,2.795027147999418,7.973733450354999,10.1871657602835,9.125282611764291,8.09854339489685,6.826506734076496,4.9054807362153605,2.052863877706804,2.902307185531134,2.9885684744066683e-11,3.119748507805234e-11,3.249992385173841e-11,3.380702139691696e-11,3.6339946163140285e-11,3.778056418428481e-11,3.946797629027234e-11,4.136596131856816e-11,4.292409202310218e-11,4.464539065784291e-11,4.867015030351294e-11,5.0346984926047834e-11,5.275824869167001e-11,5.542224153088932e-11,5.786904430478913e-11,6.010920851922527e-11,6.64133416771997e-11,7.016132165058059e-11,7.651424743095904e-11,8.364552339646913e-11,8.247900180066701e-11,9.324882905453006e-11,9.673674444,12.4948089,12.18967957,12.10532767,11.9699796,11.50507286,10.47263827,13.58431906,13.05880048,13.24931092,13.15230876,12.6619936,14.73713252,14.45224254,14.40819717,14.62707713,13.75487231,12.52865818,16.24863536,15.92885612,15.84163796,15.70728863,15.10317616,13.72950625,17.15703128,17.04617975,17.26094473,17.07219126,14.664552,18.94241077
2.814350340984209,3.9172007559792497,5.291322280686885,7.003440206192866,9.077957442217725,11.727306081356039,15.039069229801644,19.15804253343926,24.258719943012746,30.487662992882143,38.39621547579887,48.288165281401994,60.571259243906155,75.85006665860352,94.96053619619299,118.80801535864056,148.32389035284476,185.2523867845068,231.32312145572146,289.01326502271456,360.1026421682484,448.67806633888125,547.1070866667308,655.1784246447548,773.8069741804288,856.7914174835472,856.7914180210489,856.791418470708,856.7914177925114,856.7914162733636,0.16558877917503115,0.17301393965178066,0.18184619810336988,0.19235220529336974,0.19999784335971724,0.2141505731444885,0.2318327393214316,0.25225509443401484,0.27391535060002664,0.2890536217564181,0.31841460677583805,0.3561463054426331,0.39731167591772065,0.44366036951215715,0.5041154113635761,0.5784416458171328,0.6499824945310234,0.7460557547176861,0.8638845646247596,1.0264112592131707,1.2209203487733482,1.4522896983724185,1.7275044765347365,2.054873569502928,2.4442804311057857,2.7479391749994977,2.747939174999834,2.7479391749999134,2.747939174999836,2.7479391749994284,7.053899609859933,8.525641864389044,6.479122051230891,4.9721533385360495,2.702178044446158,2.517905179777472e-11,2.584681109869377e-11,2.723772112732772e-11,2.8497724868294982e-11,2.989543970893769e-11,3.136791209719652e-11,3.2896038188934706e-11,3.4661612810712215e-11,3.631050079375626e-11,3.810545959895047e-11,3.998062795360275e-11,4.191481009855672e-11,4.3937661234301745e-11,4.6375316495698577e-11,4.852020421559886e-11,5.0977429138021415e-11,5.3568425242924074e-11,5.62662420566342e-11,5.901057957173732e-11,6.241108503706165e-11,6.576098698265278e-11,6.911313330375156e-11,7.252374630744454e-11,7.561211379249209e-11,8.092841989941387e-11,10.03383873,12.61585656,11.95229053,12.16794575,11.98013333,11.64035087,10.8625491,13.71592172,13.12635065,13.23284363,13.16346542,12.81087482,14.87990345,14.17079102,14.48272746,14.60889744,13.91660373,12.99511747,16.40604948,15.61864815,15.82194871,15.72061259,15.2807611,14.24067477,16.8229051,17.13435572,17.23949145,17.08667303,15.21053357,19.12592175
3.853406354352286,5.363428306898452,7.244874457312305,9.589105023588566,12.429532451225723,16.057018600437676,20.59148219386051,26.231177320123283,33.21502096436484,41.743685068376585,52.572069135422936,66.11611931380789,82.93412225997531,103.85385379493776,130.0198942051911,162.67184460441638,203.08495828135796,253.64742761368643,316.72744261624393,395.71674347450346,493.0522647954729,614.3296684534707,749.0986085035445,897.0698025739448,1059.4959227095424,1173.1181596002043,1173.1181603361513,1173.1181609518242,1173.118160023238,1173.1181579432218,0.2254974898350424,0.23560901464651254,0.2476367143513488,0.2619437118504348,0.27235548129965703,0.29162855678628874,0.3157079908373853,0.34351899250881845,0.3730157580442223,0.3936309359760567,0.43361449315878775,0.4849972219823448,0.5410558979174442,0.6041731822814497,0.6865003801343765,0.7877172583653088,0.8851410203256448,1.0159728262021874,1.1764311676228354,1.397758734885917,1.6626396746720427,1.9777166250504765,2.3525019332718244,2.7983105749061195,3.3286017592089436,3.742121834999316,3.7421218349997734,3.7421218349998817,3.742121834999777,3.7421218349992214,6.206324735831876,7.051054948475149,4.315120418357617,2.3006163145835603,2.3708194735412574e-11,2.4543933143171583e-11,2.567282344589785e-11,2.6965345312004445e-11,2.8289850118841437e-11,2.967682576228989e-11,3.116781618333147e-11,3.271544845639806e-11,3.438835148558766e-11,3.607412174891873e-11,3.7857028941661585e-11,3.972667782237889e-11,4.168758643353243e-11,4.374487190828762e-11,4.598724748590393e-11,4.8198770433168876e-11,5.0624076003343144e-11,5.318168542303892e-11,5.587811958952915e-11,5.866221706031415e-11,6.175584441822223e-11,6.499697941972755e-11,6.823871022652683e-11,7.151990602870672e-11,7.49232097869402e-11,7.876608605002923e-11,10.28522858,12.65009227,11.80763159,12.15166505,11.88494211,11.5952582,11.13470161,13.75314268,13.10878761,13.14501806,13.05887172,12.76124775,14.92028311,13.99928149,14.46334959,14.51193908,13.86269326,13.32069979,16.45057065,15.42961517,15.71693941,15.59570042,15.22156612,14.59746354,16.61929696,17.11142997,17.12507401,16.95090648,15.59162138,19.17782384
4.483113739908333,6.2398971000065755,8.428801231098602,11.15611605200145,14.460714128887389,18.680988738257728,23.956455213737968,30.517765489485555,38.642879354912175,48.56526171268584,61.1631745533989,76.92053618751386,96.48686611807614,120.82521179336584,151.2671959743778,189.25499015140215,236.27224411760835,295.0974185587704,368.4857030962115,460.38310176620973,573.6247827330558,714.7208272925631,871.5131381187919,1043.6651595370363,1232.634269965126,1364.8241727477166,1364.8241736039288,1364.8241743202125,1364.8241732398806,1364.8241708199569,0.30929553748805816,0.3231646475330317,0.33966201008759334,0.35928568964410273,0.3735666194688857,0.4000018416349788,0.43302953299726554,0.47117549513786255,0.511633674770398,0.5399097435794256,0.5947517545417823,0.6652290301013062,0.7421199006688641,0.8286924581125521,0.9416136038354331,1.0804441015859878,1.2140719075614497,1.3935226577614643,1.6136095819682335,1.9171855948437484,2.280500027751286,2.712664016754821,3.2267248315060075,3.8382022520838075,4.565557119732683,5.1327470879990615,5.1327470879996895,5.132747087999838,5.132747087999694,5.132747087998932,5.604010962622836,5.8058086724805475,2.9278922388351982,0.48973699837751433,2.3465858400086377e-11,2.4472192828358136e-11,2.5633126942789066e-11,2.6902009531022406e-11,2.8249427549951158e-11,2.962796773810456e-11,3.1118549091567453e-11,3.2668651580975446e-11,3.431805198290853e-11,3.601425649550526e-11,3.7789584572707704e-11,3.9658277460883216e-11,4.162373462932256e-11,4.368311014374854e-11,4.587671562801071e-11,4.811230371665876e-11,5.052479680114932e-11,5.306923507700649e-11,5.5761356330515036e-11,5.853649162039072e-11,6.152722707399939e-11,6.468190735564196e-11,6.791479428430088e-11,7.122670796808374e-11,7.471593334130931e-11,7.832660176169038e-11,10.39642024,12.36887042,11.69635548,12.00513874,11.90271114,11.69188535,11.25507677,13.44739912,12.95072019,13.0832657,13.07839588,12.86759148,14.58859307,13.86735109,14.28894869,14.44376524,13.9782157,13.46470736,16.08486108,15.28420518,15.64310474,15.61901736,15.3484125,14.75527395,16.46267532,16.90509818,17.04462424,16.97624957,15.76017944,18.75148521
4.789847082948356,6.666829051492129,9.005497368968081,11.919414279639732,15.450111999392993,19.959136574653236,25.595548937746113,32.605782161329515,41.28681396306398,51.88808284660834,65.34794123346268,82.18341698466928,103.08846953946464,129.09203777348378,161.61685369117265,202.20376173829771,252.43792259696903,315.28789842798363,393.6973881282012,491.88238018665237,612.8720241518993,763.6218191956285,931.1418144958369,1115.0724273360772,1316.9707495432308,1458.205047170345,1458.2050480851392,1458.2050488504306,1458.2050476961829,1458.2050451106886,0.39010024355707335,0.4075927145135058,0.4284000795432464,0.45315052449519094,0.4711624048091266,0.5045039353375986,0.546160244216783,0.5942719927490112,0.6453000349144667,0.6809633406925661,0.7501330481100263,0.8390227960329841,0.936001716515721,1.0451917036019245,1.1876139538774895,1.3627144788494416,1.5312530878458217,1.7575860699769592,2.0351715903956062,2.418058060477303,2.876289853655058,3.4213584270203765,4.069719702020434,4.840948063846574,5.758327322941784,6.473697956998817,6.473697956999608,6.4736979569997954,6.473697956999614,6.473697956998653,5.251522453513815,5.27488539401454,2.289658861510144,2.2778469894386678e-11,2.3416726752226186e-11,2.4450077932641103e-11,2.5621966415169383e-11,2.6886974365399153e-11,2.823774515863402e-11,2.960922835070749e-11,3.110013001365115e-11,3.2647776246165474e-11,3.4290726967495445e-11,3.59887281472593e-11,3.7759925121620446e-11,3.9626215891248396e-11,4.159079063313385e-11,4.3651562920516154e-11,4.583167061433014e-11,4.807277938340041e-11,5.047846885389028e-11,5.301881687685612e-11,5.5701212147077993e-11,5.847162754903996e-11,6.143178733691192e-11,6.455051740929568e-11,6.776627924446306e-11,7.109997070951466e-11,7.461880791967261e-11,7.81641179305181e-11,10.43146978,12.34930716,11.72355631,12.01640999,11.99917158,11.61071855,11.29302111,13.42613,12.96287922,13.00504605,13.18438416,12.77826274,14.56551898,13.89960075,14.30236414,14.3574117,13.88117685,13.51010105,16.05942041,15.31974985,15.54958083,15.74559502,15.24186154,14.80501854,16.50096061,16.92096986,16.9427212,17.11382634,15.81331188,18.72182687
4.655947292880345,6.480458381415408,8.753749414120929,11.586208011853206,15.018205360742526,19.40118051655717,24.880027425245117,31.694290142732985,40.1326443984631,50.43755566278106,63.52114479069372,79.88598617096042,100.20663966249283,125.48328023739114,157.09886754131423,196.5511718374414,245.3810407684718,306.4740505786897,382.69160929898624,478.13184779917486,595.7392359957516,742.2748326403274,905.111819941649,1083.9006672891944,1280.1549381330253,1417.441042326158,1417.441043215379,1417.4410439592768,1417.441042837296,1417.441040324079,0.47388189105008904,0.4951312118410416,0.5204073649604395,0.5504734514391644,0.5723537348932476,0.6128560103936858,0.6634588253159135,0.7219035116567539,0.7838908226552203,0.8272135199935282,0.9112387732348064,1.019219330889942,1.137026368925364,1.2696670386474136,1.442677249235297,1.6553840323456033,1.8601195998446047,2.135062011060038,2.472264444323493,2.9373832631310535,3.4940292849594874,4.156161981783967,4.943771505631195,5.880636223276939,6.995040598281039,7.864051049998562,7.8640510499995235,7.864051049999751,7.864051049999531,7.864051049998364,5.334272936088805,5.362713236763715,2.4902007709400764,2.3682247685918886e-11,2.342742206297206e-11,2.4455138150420668e-11,2.5625994825330078e-11,2.6890833254509015e-11,2.8235783489850494e-11,2.9599980051402924e-11,3.108859528821506e-11,3.263086183615804e-11,3.4269905348238306e-11,3.596757737352494e-11,3.7734701825727684e-11,3.9598295859083995e-11,4.156091749957731e-11,4.362364856295705e-11,4.5800377540465664e-11,4.804125600010456e-11,5.044108404204112e-11,5.297664393459329e-11,5.5650944552372626e-11,5.841709435935581e-11,6.136637915382605e-11,6.447480497451893e-11,6.768256523472145e-11,7.101701253217518e-11,7.454972540334886e-11,7.807985955919316e-11,10.46410212,12.33830283,11.76435755,12.09280405,11.94332606,11.47028708,11.3283486,13.41416613,13.04529044,13.00367378,13.12302253,12.62370985,14.55253981,13.94797523,14.39329111,14.35589673,13.71328423,13.55236414,16.04511003,15.37306684,15.54794006,15.67231322,15.05751146,14.85133247,16.55838855,17.02854455,16.94093343,17.03417663,15.86278001,18.70514405
4.285181920764318,5.964402375596344,8.056665243108082,10.663567686543395,13.822266027922907,17.856213303394945,22.89876517154996,29.170390162874316,36.93677599652697,46.42107997747212,58.46278836952646,73.52445423634771,92.22692045480899,115.49071542406095,144.58867006291277,180.89928323518288,225.84070081877755,282.06871300528724,352.2168663515328,440.0569467493144,548.2989482038685,683.165528512875,833.0353767137714,997.5867962411235,1178.2128214924753,1304.5664708476072,1304.5664716660172,1304.5664723506763,1304.5664713180417,1304.5664690049591,0.5061417183960951,0.5288376009419546,0.5558344451259468,0.5879473005930888,0.6113170990082656,0.6545765940594851,0.7086242295233789,0.7710475770586133,0.8372547157994366,0.8835266347954874,0.9732719634679273,1.0886033699579087,1.214430201066127,1.3561004732800763,1.5408884699114263,1.7680754098457405,1.9867484883234139,2.280407788458679,2.6405655033718025,3.137347597509131,3.7318876703578185,4.43909549430389,5.280322064371388,6.280964475591462,7.471232675338057,8.399401595998464,8.39940159599949,8.399401595999734,8.399401595999498,8.399401595998253,5.688490340858813,5.85851259348184,3.150621461787335,0.8149894728864288,2.3480304234299843e-11,2.4480541854673677e-11,2.5640405210536206e-11,2.690680942740393e-11,2.8242729768740344e-11,2.9614439946086e-11,3.108805165734938e-11,3.262612933807524e-11,3.426769243640115e-11,3.5961328188326325e-11,3.772562046186389e-11,3.958653462764683e-11,4.1548530791847896e-11,4.361289427496541e-11,4.579417584071549e-11,4.803073319773482e-11,5.042683015652182e-11,5.296130655582112e-11,5.5632755927729037e-11,5.839722397516205e-11,6.135055304413214e-11,6.446378093550201e-11,6.767069372270308e-11,7.099937798321152e-11,7.453179106174723e-11,7.808613253205056e-11,10.47981398,12.35175257,11.76312115,12.06650446,11.79609696,11.4393664,11.34535813,13.42878864,13.01691936,12.95015507,12.96125094,12.58967986,14.56840324,13.94650933,14.36198838,14.29681273,13.67631705,13.57271303,16.06260049,15.37145117,15.48395002,15.47911573,15.01692062,14.87363177,16.55664831,16.99151064,16.87121029,16.82419103,15.886598,18.72553416
3.4429436941202556,4.792118964366535,6.473154537497269,8.567678992881747,11.105545701266667,14.346634082415912,18.398089184616573,23.43704718337426,29.676975762021392,37.29717140087784,46.97212213609976,59.073467768088534,74.10002657515625,92.79140016715684,116.17024878737206,145.34413194162778,181.45246366133787,226.62904742605494,282.9898149928516,353.5652203055428,440.53261707838317,548.891620455219,669.3050494164805,801.5144357846522,946.6390176885698,1048.1582783221393,1048.1582789796935,1048.1582795297852,1048.1582787001116,1048.1582768416574,0.4790733324120901,0.5005554424379808,0.5261084992949018,0.5565039638905943,0.5786239488624633,0.6195699323674893,0.6707271080943444,0.7298120640208967,0.792478454545959,0.8362757579984132,0.9212215194578104,1.0303850189891604,1.1494826493463035,1.2835764158675422,1.458481977133005,1.6735189923384228,1.8804974661680118,2.158451909353245,2.4993484417001914,2.969562701206809,3.5323068568451457,4.201693308527847,4.997931203149375,5.945059402767406,7.07167223113437,7.950202811998547,7.950202811999519,7.950202811999749,7.950202811999526,7.950202811998346,6.718541423486845,6.659254053215595,4.3447180932290825,2.545322863250179,2.3895502460748688e-11,2.459094387427311e-11,2.5714661389575967e-11,2.697931211936816e-11,2.8289097223891615e-11,2.9673907065008964e-11,3.112754023772543e-11,3.265749249609382e-11,3.430832219937135e-11,3.5989162260522095e-11,3.775261598505682e-11,3.960939258385962e-11,4.1574880787649914e-11,4.364780534357783e-11,4.584108274563102e-11,4.8061709722414554e-11,5.046511817536207e-11,5.300312596794096e-11,5.568636399431e-11,5.846515883116377e-11,6.142759074606488e-11,6.457933413214199e-11,6.779291186581298e-11,7.110431340774368e-11,7.465417512255277e-11,7.827097965280366e-11,10.64055845,11.95192846,11.34398113,11.66950582,11.31760239,11.39298536,11.51937873,12.99410107,12.58865123,12.54670635,12.43549329,12.53863487,14.09682654,13.44957149,13.88946629,13.85141028,13.62086627,13.78089788,15.54265688,14.82374023,15.00156353,14.85122391,14.95603435,15.10177074,15.96670677,16.43247495,16.34560514,16.14173783,16.13027433,18.11939185
2.2736865180601686,3.1646687399588016,4.2748082771037845,5.658011849119176,7.333994331592787,9.47437756488394,12.149919096431848,15.477597933124038,19.598386056135613,24.630689116635107,31.01993245138308,39.011543368758176,48.93493660658985,61.2785378721972,76.71770204044405,95.98385063316543,119.82944159097144,149.6636179712795,186.88372051986116,233.49103153692397,290.923454231168,362.4826858006816,442.0025427446603,529.3123351933951,625.1511971177315,692.1935291257092,692.1935295599517,692.193529923227,692.1935293753186,692.1935281480136,0.4038989623440759,0.422010181152129,0.4435535492566841,0.46917947284619865,0.4878284736833384,0.5223493687758917,0.565479154540625,0.6152927233083232,0.6681257415426785,0.7050505382723334,0.776666933065658,0.8687009103370833,0.9691101923079503,1.0821624736404236,1.2296225176959794,1.410916740168638,1.585416937009947,1.8197558233265667,2.1071601649299287,2.503590186484011,2.9780306638596237,3.54237953270725,4.213674797249407,5.012183232495554,5.962012249380857,6.702687143998775,6.702687143999594,6.702687143999788,6.7026871439996,6.702687143998605,8.636165949614892,8.291887318909135,6.447577533660665,5.612446748056862,3.5160870447473873,1.87295237636509,2.6368928791363133e-11,2.736486486021522e-11,2.859151968010307e-11,2.9957302107668464e-11,3.1385020447019074e-11,3.2939076028736915e-11,3.461457857103931e-11,3.624441809970379e-11,3.803500940762364e-11,3.9867545067221335e-11,4.186038242808367e-11,4.398173034143384e-11,4.621413698614189e-11,4.835625706411876e-11,5.0812795901012707e-11,5.3373897318131725e-11,5.6118741376067435e-11,5.897179306607793e-11,6.190383424558571e-11,6.520647480386267e-11,6.843225473628508e-11,7.178188695355626e-11,7.566452198735786e-11,7.959223451120794e-11,11.31375143,11.87856624,11.16593936,11.73963807,11.33790985,11.86967931,12.24817178,12.91434188,12.66430743,12.52063313,12.45780661,13.06326394,14.0102987,13.23848285,13.97294023,13.82262576,14.190777,14.65276977,15.44725438,14.59108425,14.97038889,14.87787184,15.58180985,16.05720989,15.71611213,16.53123204,16.31163746,16.17070136,17.15078351,18.00817307
0.9079972612080675,1.2638112271365176,1.7071457199435691,2.259528401156246,2.928832411111441,3.783594973288275,4.852073131379571,6.180982480094193,7.8266202142289325,9.83627165923152,12.387817531127979,15.579269284911502,19.542178775851,24.47159892836092,30.63723287515063,38.331173977965285,47.853916497478586,59.76820205467573,74.63205901453004,93.2446999479297,116.18035184923443,144.757548293495,176.5138224074796,211.38100915041392,249.65428185242183,276.427653363716,276.42765353713077,276.42765368220483,276.42765346339746,276.4276529732729,0.26727391514405024,0.2792587351365691,0.29351472704424025,0.31047228714095854,0.32281297610519727,0.3456566465422701,0.3741971177377477,0.4071604793531662,0.442121915130126,0.4665563304367586,0.5139473762414462,0.5748494426613578,0.6412937379212567,0.7161043432081211,0.8136837553296798,0.9336524137091129,1.0491252303078658,1.204195377685426,1.3943807724780237,1.6567122311341067,1.970665906961994,2.3441150755575952,2.788334373697307,3.3167350274775886,3.9452697446430554,4.435399943999189,4.435399943999732,4.43539994399986,4.435399943999736,4.435399943999077,10.670266453666972,10.737765787746936,9.67714901303323,9.614225761724883,8.380722662806583,8.21969836019384,7.597608780908293,6.763545140579528,4.875171570669204,2.7296635503614857,3.674311674986771e-11,4.509931578429337e-11,4.0268387742205324e-11,6.116395845249073e-11,5.5312815656903813e-11,6.159736171867241e-11,6.003162739130436e-11,5.451666356847742e-11,5.4162212337803574e-11,6.282040983107589e-11,6.452779051677769e-11,6.012160336834078e-11,6.84499749994664e-11,7.025006638186511e-11,7.525557081561843e-11,8.444927214676853e-11,9.54598648345873e-11,8.543516998719676e-11,1.0123947482845206e-10,1.4820411073731997e-10,11.84553763,12.28083575,11.67780946,12.18422645,11.63236805,12.34894998,12.82387903,13.3516881,13.1439137,13.03249154,12.78134978,13.59072885,14.48475967,13.84536269,14.50210534,14.38771119,14.76376832,15.34150161,15.97037808,15.25997018,15.58239624,15.26426681,16.21096791,16.81195536,16.43657171,17.15728148,16.97847665,16.59067256,17.9569308,18.61802268
1.6924440000001257e-05,2.35565658607186e-05,3.182001371898761e-05,4.211604427395368e-05,5.459140740795242e-05,7.052358949246887e-05,9.043928224892992e-05,0.00011520923200388579,0.00014588277947257057,0.00018334129036786742,0.0002309003380226015,0.0002903867880675547,0.0003642526759619808,0.0004561336531082695,0.0005710567990829374,0.000714466531822529,0.0008919638562005067,0.0011140378862337958,0.001391089884112025,0.0017380166185602974,0.0021655212829995844,0.002698180429950809,0.0032900953825913625,0.003939995591777575,0.004653382883923147,0.005152419983592115,0.005152419986824448,0.005152419989528527,0.00515241998545011,0.005152419976314528,0.2578019002350485,0.26936198594854255,0.2831127547115634,0.2994693498320705,0.31137269275079776,0.33340679826328873,0.36093581359511506,0.3927309749673344,0.426453400043452,0.45002187545485606,0.49573341320813774,0.5544771497333888,0.6185667020885014,0.690726067847383,0.7848473286340878,0.9005643752534638,1.0119449098208095,1.1615194713417787,1.3449648185918432,1.5979994198043133,1.9008267801570264,2.26104115144446,2.689517604598428,3.199192080525418,3.8054519333121144,4.278212234999218,4.278212234999741,4.278212234999865,4.278212234999745,4.27821223499911,11.660235105344018,11.9698782875056,11.39095568529572,11.835872884145694,11.176250095864942,12.014184298171493,12.5413583071481,12.91364503582738,12.664625277205145,12.458781613284286,12.126403046484844,13.03454339351107,13.81679627526964,13.149782808535345,13.658553324604444,13.350084658254218,13.749391146364426,14.272786070815412,14.569960751569576,13.65538574362499,13.531734608610211,12.810660978178328,13.516468930074245,13.711743123940787,12.62124567386492,12.805139565081124,12.534212455080558,12.100942745081088,13.783495315088537,14.271634055101929,11.91805393,12.23926383,11.67410026,12.13538435,11.48767738,12.34766162,12.90238456,13.30649122,13.09122456,12.90898683,12.62236736,13.58931093,14.43572723,13.84096501,14.44397171,14.2513635,14.76222802,15.43541958,15.91631666,15.25512318,15.43472691,15.07440031,16.20927663,16.9148752,16.43135099,17.08850422,16.81757711,16.3843074,18.06685997,18.55499871
1.3018800000000965e-05,1.8120435277475846e-05,2.447693362999047e-05,3.239695713381052e-05,4.1993390313809555e-05,5.424891499420682e-05,6.956867865302302e-05,8.862248615683523e-05,0.00011221752267120813,0.00014103176182143646,0.0001776156446327704,0.00022337445235965747,0.0002801943661246006,0.000350872040852515,0.00043927446083302877,0.0005495896398634839,0.000686126043231159,0.000856952220179843,0.0010700691416246344,0.001336935860430998,0.0016657856023073725,0.0020755234076544685,0.0025308426019933555,0.003030765839828904,0.003579525295325497,0.00396339998737855,0.003963399989864959,0.003963399991945021,0.003963399988807776,0.0039633999817804055,0.24562259962804617,0.2566365537621415,0.2697376968001793,0.285321559490483,0.2966625543756883,0.31765570559576184,0.3438841713473275,0.37417723817390025,0.4063065192436134,0.42876155233119234,0.4723135460353497,0.5282820600922354,0.5893438383184938,0.6580941888358789,0.747768891518915,0.8580191332200693,0.9641377321266325,1.1066459626924632,1.2814248259985481,1.522505347472545,1.8110262754428823,2.1542230874847403,2.562457085012018,3.0480530780093957,3.625671477857561,4.076097227999255,4.076097227999753,4.076097227999871,4.076097227999757,4.076097227999152,11.539471761591024,11.812653345822588,11.1756038562872,11.741074933574426,11.022167052257151,11.786451245513526,12.414504009999488,12.747449909366667,12.567268513261785,12.2564034959365,11.964396708351025,12.792819295487938,13.645647047349488,12.91132967915911,13.566080824057861,13.145853957179572,13.506287601871575,14.155733715130783,14.412805984905365,13.432382596714893,13.354589279005049,12.696590789160341,13.324635812441253,13.67510498620875,12.480155486908078,12.855017392077285,12.446109552077507,12.063487422078657,13.785262522085155,14.217281252096416,11.78510738,12.06930802,11.44536603,12.02642889,11.3188716,12.1041612,12.75845775,13.12171577,12.97368725,12.68530608,12.43688787,13.32132473,14.23527108,13.56977474,14.31428899,14.00442268,14.47111146,15.26323663,15.69530088,14.95622488,15.16728134,14.8528894,15.88962374,16.72618883,16.10940649,16.93507802,16.52617018,16.14354805,17.86532315,18.29734188
4.070088000000302e-06,5.66502029201087e-06,7.652262408533862e-06,1.0128311861833396e-05,1.3128459919159408e-05,1.695992395082045e-05,2.174936585257667e-05,2.7706187777452698e-05,3.508274129826191e-05,4.409098237996488e-05,5.552825942729769e-05,6.983390773770344e-05,8.759760709369093e-05,0.00010969368014020733,0.00013733106828148374,0.00017181907688363656,0.00021450466825226764,0.00026791032567727725,0.0003345374053289647,0.00041796836899790147,0.000520777183037147,0.0006488741600772391,0.0007912213187284492,0.0009475131099254574,0.0011190726449596556,0.0012390839960541363,0.0012390839968314663,0.0012390839974817593,0.0012390839965009577,0.0012390839943039796,0.22902319232704305,0.23929281303683922,0.25150856845286496,0.2660392589818488,0.2766138187198682,0.2961882329500994,0.32064415421044173,0.34888998696566975,0.3788479408709762,0.3997854416111951,0.44039415044107455,0.49258025944944667,0.5495154250234651,0.6136195619104554,0.6972339634783408,0.8000333897015918,0.8989803934531109,1.0318577831822688,1.1948249258078567,1.4196129979130043,1.688635409030676,2.0086386563268,2.3892838146783104,2.842062771768956,3.3806451745299113,3.800630726999305,3.8006307269997697,3.80063072699988,3.8006307269997732,3.8006307269992092,10.975949717604035,11.289574511962885,10.680743309305745,11.160498272728343,10.662748962843377,11.444637917150242,11.809747566449193,12.1852387268733,11.947673516415819,11.672069817435956,11.579457991330516,12.428822206675354,13.048246337403567,12.347699744445263,12.90291744549101,12.52702395126105,13.137552171920083,13.479767116535509,13.797343016832382,12.86569231376589,12.744700793836559,12.345618699565875,13.022606304058245,13.059819845179138,12.00544243288612,12.288482349068598,11.925165999070563,11.800422259073125,13.184019939077507,13.676160439083892,11.20497698,11.52887299,10.93225953,11.42654766,10.93937591,11.74084311,12.13041347,12.53415642,12.32655654,12.07189935,12.01990767,12.9214723,13.59784936,12.961429,13.60028874,13.32722916,14.03674707,14.51189281,14.99250248,14.28572328,14.43385698,14.35490623,15.41268134,15.90283013,15.38720668,16.09035216,15.72703581,15.60229207,16.98588975,17.47803025
0.0,0.0,0.0,0.0,0.0,0.0,0.0,0.0,0.0,0.0,0.0,0.0,0.0,0.0,0.0,0.0,0.0,0.0,0.0,0.0,0.0,0.0,0.0,0.0,0.0,0.0,0.0,0.0,0.0,0.0,0.19854921549903734,0.2074523537126161,0.21804267266649974,0.23063989994236975,0.2398074017962138,0.2567772315753557,0.2779790318437464,0.30246645548710865,0.32843818431255023,0.3465897274127994,0.38179501469692634,0.42703720566579284,0.47639654060548975,0.5319709388130723,0.6044595530317503,0.693580419888026,0.7793614701442391,0.8945581068700511,1.0358407341518536,1.2307183573153835,1.4639444692053891,1.7413678736310003,2.0713641364823028,2.4638960272981687,2.930814300784951,3.294916298999398,3.2949162989998007,3.294916298999896,3.2949162989998038,3.294916298999315,10.449260864520049,10.920373826307406,10.389043337354526,10.90535985007969,10.661492018226951,10.991911588448945,11.249250258181753,11.795673064539645,11.684685525715546,11.564753492616724,11.596275175334078,11.95279102436675,12.648433979428637,12.043928111222781,12.650008607005871,12.456396740151478,12.668991289897205,12.895731573173414,13.435128095893713,12.6300846327325,12.777942370844848,12.563573486421708,12.695246283572983,12.64816669275986,11.998709119276011,12.386299331064526,12.222950111067302,12.25306915107051,12.84635095107399,13.575117991078068,10.64781008,11.12782618,10.60708601,11.13599975,10.90129942,11.24868882,11.52722929,12.09813952,12.01312371,11.91134322,11.97807019,12.37982823,13.12483052,12.57589905,13.25446816,13.14997716,13.44835276,13.79028968,14.47096883,13.86080299,14.24188684,14.30494136,14.76661042,15.11206272,14.92952342,15.68121563,15.51786641,15.54798545,16.14126725,16.87003429
0.0,0.0,0.0,0.0,0.0,0.0,0.0,0.0,0.0,0.0,0.0,0.0,0.0,0.0,0.0,0.0,0.0,0.0,0.0,0.0,0.0,0.0,0.0,0.0,0.0,0.0,0.0,0.0,0.0,0.0,0.17581080366303306,0.183694329571298,0.1930718155595978,0.20422637311214237,0.2123439869967184,0.22737038437631557,0.24614409514077312,0.26782715049586997,0.2908245242494891,0.306897301833415,0.3380707810891934,0.3781317097295859,0.42183827549067304,0.4710481380801924,0.5352351533256248,0.6141496490881325,0.690106813394717,0.7921108088833906,0.9172133542830672,1.0897730466404916,1.2962894514700296,1.5419415511996195,1.8341457184730292,2.1817237585788685,2.595169244627969,2.9175732629994666,2.9175732629998237,2.917573262999908,2.917573262999826,2.917573262999393,9.957133536356062,10.477059050448734,10.023311414461435,10.542288906909928,10.497303763026451,10.527875775648,10.723695894884743,11.3225122095309,11.302137085778622,11.26686637819612,11.429417428941814,11.45863453030297,12.15209835454347,11.641628611955671,12.255654546712002,12.163143830951373,12.168311326646743,12.331361231160097,12.94635957576252,12.260479323407404,12.54196787858021,12.511509978853079,12.28470250158228,12.199608121479187,11.784438165432999,12.21518779706446,12.16050108706727,12.357068857070475,12.44319684707401,13.244368167078017,10.13294434,10.66075338,10.21638323,10.74651528,10.70964775,10.75524616,10.96983999,11.59033936,11.59296161,11.57376368,11.76748821,11.83676624,12.57393663,12.11267675,12.7908897,12.77729348,12.85841814,13.12347204,13.86357293,13.35025237,13.83825733,14.05345153,14.11884822,14.38133188,14.37960741,15.13276106,15.07807435,15.27464212,15.36077011,16.16194143
0.0,0.0,0.0,0.0,0.0,0.0,0.0,0.0,0.0,0.0,0.0,0.0,0.0,0.0,0.0,0.0,0.0,0.0,0.0,0.0,0.0,0.0,0.0,0.0,0.0,0.0,0.0,0.0,0.0,0.0,0.16266083811003057,0.16995470688705014,0.17863079333021017,0.18895103328384266,0.19646148116535928,0.21036396235886043,0.22773347244445746,0.24779471944043965,0.2690719789213931,0.28394257514236476,0.31278439917650835,0.349848925885583,0.3902864102124034,0.43581556613067385,0.49520164183290705,0.5682136396869331,0.6384895029965109,0.7328639956389569,0.84860935633597,1.008262253644064,1.1993320331635708,1.4266103095434979,1.6969587395468944,2.0185392916762144,2.401060660513437,2.6993501099995063,2.6993501099998363,2.6993501099999144,2.699350109999839,2.699350109999438,9.550897570909072,9.938136613132992,9.600066404690834,10.020301106738238,10.107037028857821,10.101685667665466,10.288082847581071,10.74169209058635,10.744309101106735,10.798546814887182,11.008437370854509,10.999154074146986,11.531807199821756,11.157934943905202,11.656218108204744,11.666719030352589,11.690065697044966,11.84744907440455,12.296264753709648,11.770044176403852,12.051529506886695,12.093882650509222,11.840087390508444,11.767572868381869,11.362501609547557,11.676861070064463,11.73870164006729,11.996021400070497,12.025662930074033,12.624743230078035,9.713558409,10.10809132,9.778697198,10.20925214,10.30349851,10.31204963,10.51581632,10.98948681,11.01338108,11.08248939,11.32122177,11.349003,11.92209361,11.59375051,12.15141975,12.23493267,12.3285552,12.58031307,13.14487411,12.77830643,13.25086154,13.52049296,13.53704613,13.78611216,13.76356227,14.37621118,14.43805175,14.69537151,14.72501304,15.32409334
0.0,0.0,0.0,0.0,0.0,0.0,0.0,0.0,0.0,0.0,0.0,0.0,0.0,0.0,0.0,0.0,0.0,0.0,0.0,0.0,0.0,0.0,0.0,0.0,0.0,0.0,0.0,0.0,0.0,0.0,0.14825069597702786,0.15489840009021347,0.1628058710494204,0.17221183977276489,0.17905693622296798,0.191727795027654,0.20755853824089074,0.22584255708573167,0.24523486173131218,0.2587880701431682,0.2850747937085319,0.3188557697844237,0.3557108927794011,0.39720661560092263,0.4513316721080403,0.5178755287750689,0.5819256453678774,0.6679394909823784,0.7734309570218995,0.9189401860144578,1.0930830720530942,1.3002267401005398,1.5466249719674445,1.8397166664391005,2.18835042374117,2.46021437699955,2.460214376999851,2.460214376999922,2.4602143769998532,2.460214376999488,9.30304042704208,9.535028257929834,9.348828664971629,9.743987672249322,9.803329828800218,9.719641242996682,10.024329431784647,10.309016872941067,10.452011378296824,10.424369419886386,10.683317576322493,10.589175220248155,11.073174047254772,10.87991092443496,11.351286287929614,11.276199611264463,11.26759649467361,11.57270355906113,11.827648923023737,11.510382274033464,11.680314287997183,11.798895839952191,11.464431488087913,11.574168743618987,11.199319896319826,11.503333233064426,11.457595533067293,11.7771712930705,11.867221483074022,12.229931953078026,9.451291123,9.689926658,9.511634536,9.916199512,9.982386765,9.911369038,10.23188797,10.53485943,10.69724624,10.68315749,10.96839237,10.90803099,11.42888494,11.27711754,11.80261796,11.79407514,11.84952214,12.24064305,12.60107988,12.42932246,12.77339736,13.09912258,13.01105646,13.41388541,13.38767032,13.96354761,13.91780991,14.23738567,14.32743586,14.69014633
0.0,0.0,0.0,0.0,0.0,0.0,0.0,0.0,0.0,0.0,0.0,0.0,0.0,0.0,0.0,0.0,0.0,0.0,0.0,0.0,0.0,0.0,0.0,0.0,0.0,0.0,0.0,0.0,0.0,0.0,0.5469333238591028,0.5714583413148038,0.6006309488802248,0.6353318836992473,0.6605851300936241,0.7073310483945415,0.7657345583930184,0.8331888063100797,0.9047317934589506,0.9547329167373207,1.0517111130163965,1.176337452249605,1.3123050764690725,1.4653930161859123,1.6650736778138804,1.910570351333317,2.146867003641081,2.464193260828652,2.853377256084265,3.390196633157592,4.032652622047431,4.79685662213598,5.7058803745024065,6.787167808577717,8.073363589542248,9.07633665899834,9.07633665899945,9.076336658999713,9.076336658999459,9.07633665899811,8.924904084160014,8.469212662705264,8.430043515140836,8.45430894232286,8.484118829929592,9.064894890629803,9.48839664163252,8.995801812716769,8.900852093569286,9.289296713292412,8.996256717014901,9.578558567783295,9.35080852356547,9.241492013850397,9.153744342224336,9.398712998706813,9.536302816401031,9.803059889215426,8.903390513962057,8.410631556891163,8.215698218003759,7.203038887917616,7.122517295553644,6.655878221481202,4.637353170520004,3.7232880710670884,4.269386011069086,3.9663033610722755,5.282245801075696,4.629523521081068,9.471837408,9.040671004,9.030674464,9.089640826,9.14470396,9.772225939,10.2541312,9.828990619,9.805583887,10.24402963,10.04796783,10.75489602,10.6631136,10.70688503,10.81881802,11.30928335,11.68316982,12.26725315,11.75676777,11.80082819,12.24835084,11.99989551,12.82839767,13.44304603,12.71071676,12.79962473,13.34572267,13.04264002,14.35858246,13.70586018
0.0,0.0,0.0,0.0,0.0,0.0,0.0,0.0,0.0,0.0,0.0,0.0,0.0,0.0,0.0,0.0,0.0,0.0,0.0,0.0,0.0,0.0,0.0,0.0,0.0,0.0,0.0,0.0,0.0,0.0,0.5675110585441067,0.5929588014588958,0.6232289946940203,0.6592355121112816,0.6854388827375701,0.7339435622301004,0.7945444368450568,0.8645365729405524,0.9387712823595795,0.9906536401575701,1.0912805290765097,1.2205957903988118,1.3616790394575133,1.5205267361128032,1.7277201520335868,1.9824533543826974,2.227640395346678,2.556905686497141,2.960732280125646,3.5177488663162393,4.184376519848646,4.977332812900591,5.920557534164977,7.042527159224069,8.377114571085967,9.417823343998277,9.41782334399943,9.417823343999702,9.417823343999437,9.41782334399804,8.860816569475011,8.309546687561175,8.306060570327046,8.292645532910836,8.515110597285647,9.013803498794248,9.412483443180488,8.814240908086305,8.718202212668675,9.107914879872185,9.018048940954802,9.507359809634108,9.138473800577067,9.066155033923547,8.927131218004684,9.166242725657492,9.426263734695482,9.653996673546983,8.61636078992075,8.150594663732603,7.890052660202656,7.0958444971530525,6.875705715891105,6.338766970834904,4.190902458976416,3.1878142360673265,3.738395426069269,3.704466386072383,4.874801606075829,4.078574816081322,9.428327628,8.902505489,8.929289565,8.951881045,9.20054948,9.747747061,10.20702788,9.678777481,9.656973495,10.09856852,10.10932947,10.7279556,10.50015284,10.58668177,10.65485137,11.14869608,11.65390413,12.21090236,11.57709307,11.66834353,12.07442918,12.07317731,12.79626325,13.38129413,12.56801703,12.60563758,13.15621877,13.12228973,14.29262495,13.49639816
0.0,0.0,0.0,0.0,0.0,0.0,0.0,0.0,0.0,0.0,0.0,0.0,0.0,0.0,0.0,0.0,0.0,0.0,0.0,0.0,0.0,0.0,0.0,0.0,0.0,0.0,0.0,0.0,0.0,0.0,0.5905879530871111,0.6170704861980747,0.6485715665614171,0.6860422292015588,0.7133111163697897,0.7637881580861732,0.8268532666074978,0.8996915166583037,0.9769448572298026,1.0309369249295142,1.1356556391420969,1.2702292907695878,1.4170494558078026,1.5823564301968467,1.7979750222216428,2.06306652712488,2.318223691846717,2.660878009142404,3.0811255404328692,3.660792280879841,4.354527240654848,5.179727784239842,6.16130717207022,7.3288998283075335,8.717756020483542,9.800783486998208,9.800783486999407,9.800783486999691,9.800783486999416,9.800783486997961,8.878832244932006,8.216963596822,8.153368673459653,8.227015604820558,8.498661310653427,9.12567872593817,9.424661083418044,8.704644055368558,8.63814752679846,9.04979202510025,8.986225070889232,9.613697119263355,9.002344074226814,8.853338329839552,8.81066755781668,9.065934882915364,9.505113358195475,9.60324454090176,8.406925199613603,7.841137599169118,7.698571929396555,6.908438985813863,6.820997437985871,6.110715541751478,3.6710162395790062,2.7501849830675678,3.332194243069435,3.337798233072536,4.554134663075949,3.591810483081591,9.469420198,8.834034083,8.80194024,8.913057834,9.211972427,9.889466884,10.25151435,9.604335572,9.615092384,10.08072895,10.12188071,10.88392641,10.41939353,10.43569476,10.60864258,11.12900141,11.82333705,12.26412255,11.48805074,11.50192988,12.05309917,12.08816677,12.98230461,13.43961537,12.38877226,12.55096847,13.13297773,13.13858172,14.35491815,13.39259397
0.0,0.0,0.0,0.0,0.0,0.0,0.0,0.0,0.0,0.0,0.0,0.0,0.0,0.0,0.0,0.0,0.0,0.0,0.0,0.0,0.0,0.0,0.0,0.0,0.0,0.0,0.0,0.0,0.0,0.0,0.6114125297041149,0.6388288569043398,0.6714406891177933,0.7102325955810788,0.7384630042756581,0.790719904550158,0.8560087363584156,0.9314153180368865,1.0113926696574447,1.0672885383822972,1.1756997134315006,1.3150185335039246,1.4670156882856273,1.6381515112576732,1.8613729774457501,2.1358118087302955,2.3999660075066758,2.7547025744425255,3.1897683506154326,3.7898745774854983,4.508071155121509,5.362368892197248,6.37855950949937,7.587322363334124,9.025150672250385,10.146366503998145,10.146366503999385,10.146366503999678,10.146366503999394,10.146366503997887,9.255638714314996,8.288130705115732,8.231884449903271,8.246657895441038,8.446855879747561,9.617956875474169,9.825977633667113,8.773948558989975,8.65098483937082,9.105382811647477,8.916894766599848,10.140328196529001,9.061979761749,8.917746498778744,8.799440812592605,9.09469288130998,10.044111642535487,10.02440354560162,8.419125549431072,7.844539962563507,7.654959624929959,6.690822477856523,7.285333010556699,6.416636776724871,3.506321307812235,2.4663251560677635,3.106391986069554,2.954200576072708,4.8113299560759275,3.387104586081766,9.867051244,8.926959562,8.903325139,8.956890491,9.185318884,10.40867678,10.68198637,9.705363877,9.662377509,10.17267135,10.09259448,11.45534673,10.52899545,10.55589801,10.66081379,11.23050469,12.44407765,12.77910612,11.6088939,11.63441454,12.16303078,12.05319137,13.66389252,14.00395914,12.53147198,12.61269166,13.25275849,13.10056708,14.95769646,13.53347109
0.0,0.0,0.0,0.0,0.0,0.0,0.0,0.0,0.0,0.0,0.0,0.0,0.0,0.0,0.0,0.0,0.0,0.0,0.0,0.0,0.0,0.0,0.0,0.0,0.0,0.0,0.0,0.0,0.0,0.0,0.5521529432341038,0.5769120134540079,0.6063630277301288,0.6413951284587982,0.6668893774185914,0.7140814120745046,0.7730422918273149,0.8411402845739465,0.913366037145178,0.9638443425963111,1.061748043411624,1.1875637452719023,1.324828966867118,1.4793778904760837,1.6809641903322956,1.928803743939124,2.1673554765845253,2.4877101143953984,2.880608259499741,3.4225507342144352,4.071137956256305,4.842635083004554,5.760334039062555,6.851940663054878,8.150411162208087,9.162956033998325,9.162956033999446,9.162956033999711,9.162956033999453,9.162956033998094,9.801966116784996,8.350047548566064,8.225250841290938,8.356823296563315,8.349623728604628,10.2885302579498,10.436239578198194,8.864223592452904,8.793594589883067,9.212943827433428,8.845366943619684,10.921442444760919,9.204166483167443,8.991498309560253,9.029039599705943,9.306245866101026,10.986800123457439,10.92221175564857,8.728285640546616,8.11815514583438,8.09681513379492,6.989045377049081,8.68324092099336,7.8432967170039145,4.2801268678542534,3.5079317660671663,4.0951657760691385,3.69685169607236,6.533098056075465,4.370515056081165,10.35411906,8.926959562,8.831613869,8.998218425,9.016513106,11.00261167,11.20928187,9.705363877,9.706960627,10.17678817,9.907114987,12.10900619,10.52899545,10.4708762,10.71000379,11.23504961,13.1541556,13.40992187,11.6088939,11.54070588,12.16795309,11.83168046,14.44357496,14.69523738,12.43053803,12.6708878,13.25812181,12.85980773,15.69605409,13.53347109
0.0,0.0,0.0,0.0,0.0,0.0,0.0,0.0,0.0,0.0,0.0,0.0,0.0,0.0,0.0,0.0,0.0,0.0,0.0,0.0,0.0,0.0,0.0,0.0,0.0,0.0,0.0,0.0,0.0,0.0,0.5511270204871036,0.5758400873420987,0.6052363804293927,0.6402033900823861,0.6656502696851089,0.712754619610869,0.771605947638088,0.8395774115295539,0.9116689656990743,0.9620534803945358,1.0597752721302853,1.1853572032716895,1.3223673804721734,1.4766291458613057,1.6778408901291786,1.9252199477108254,2.1633284414821867,2.4830878472761615,2.875255971560628,3.416191494996355,4.0635736154578375,4.833637268996762,5.749631102868139,6.8392094771154355,8.135267364984555,9.145930886998329,9.145930886999446,9.145930886999711,9.145930886999455,9.145930886998098,10.371036389531985,8.43426332467797,8.309216369591672,8.484503561939722,8.541245292338106,11.024223400413417,11.052635942387404,8.956180212497294,8.931743021329162,9.401364029635193,9.05652710790101,11.731861346761086,9.304692959562377,9.092461904175021,9.18271409990904,9.515866172329297,11.868797728559692,11.662524842767734,8.841760758485709,8.232764045052436,8.327524244593343,7.247867521056836,9.657976377187689,8.662233292943272,4.411866785077756,3.7030723830671137,4.355328003069075,3.985409953072278,7.41123508307532,4.5135881430811216,10.92216341,9.010103412,8.91445275,9.124706952,9.206895562,11.73697802,11.82424189,9.795757624,9.843411987,10.36341751,10.11630238,12.91721855,10.62706034,10.56909105,10.86055499,11.44108612,14.03212617,14.14561269,11.71701673,11.64895554,12.39109786,12.08150479,15.40760748,15.50144277,12.54713415,12.84900327,13.50125889,13.13134084,16.55716597,13.65951903
0.7942455921360589,1.1054840574185691,1.4932786927078805,1.9764602269139975,2.5619154726695115,3.3095954782552406,4.244217314260099,5.406644160306638,6.846120436755208,8.604007679498121,10.835902144896002,13.627536653336012,17.093982566427364,21.405857056785,26.799075510381225,33.529138549265966,41.85889525041192,52.28058834523914,65.28233777430478,81.56323271852018,101.62556242328345,126.62267781244445,154.40060382087657,184.89971495686768,218.37820595996482,241.79747517799578,241.79747532968562,241.79747545658518,241.79747526518943,241.7974748364665,0.5569366795471047,0.5819102571145444,0.6116164287490997,0.6469520401887595,0.6726671659291912,0.720268062391664,0.779739766735697,0.8484277460879174,0.9212792473027857,0.9721948861155613,1.070946803886894,1.1978525463765122,1.3363070048183359,1.4921949076124401,1.6955277085326095,1.9455144916107552,2.1861329860111534,2.5092631086450496,2.9055652401757572,3.452202989863841,4.1064094344132585,4.884590649086467,5.81024035479507,6.9113044276893545,8.22102460060465,9.24234194699831,9.24234194699944,9.242341946999709,9.24234194699945,9.242341946998078,10.062883378335938,7.746987274486966,7.2460072575641155,7.0222771289194,6.377192946424596,8.228901099377476,7.332814019029832,4.0019596936325295,2.6380297859705406,1.4266948944164282,3.614384927813652e-11,4.484062126151325e-11,4.1655179212649314e-11,4.069260935231534e-11,4.257637734304913e-11,4.5415715508606344e-11,5.1240558632601755e-11,5.482328847292341e-11,4.804331520885515e-11,4.9665776469064954e-11,5.2569443044924535e-11,5.44533453539791e-11,6.023862224718359e-11,6.193511356881506e-11,6.243748318802206e-11,6.576406270808932e-11,6.958097669843198e-11,7.28335158812266e-11,8.432282046409817e-11,8.13316649002605e-11,11.41406565,9.434381589,9.350902379,9.645689396,9.611775585,12.25876464,12.3567711,10.2570316,10.40542947,11.00289746,10.56117424,13.4914747,11.12747965,11.08655141,11.48064707,12.14706416,14.65594737,14.78268964,12.26876118,12.21928581,13.15569686,12.61279788,16.09257796,16.19958233,13.16143905,13.5826274,14.33436093,13.70880123,17.30285221,14.30273427
2.058700687596153,2.865437103671486,3.8706086654916767,5.123025004408538,6.640536878477812,8.578538621064196,11.001097380566847,14.014131347554589,17.74528305861799,22.301762453887193,28.086878186414356,35.322851465895994,44.307949596064205,55.48441574963011,69.46374739302536,86.90820732191848,108.49910567621517,135.5123456018344,169.2131438871399,211.41355387140484,263.415519468592,328.20854967123296,400.2094974130466,479.263812209899,566.0407400646662,626.7439609821334,626.7439613753166,626.7439617042428,626.7439612081412,626.7439600968827,0.5945235082681117,0.6211825154670518,0.6528935124725862,0.690613871808568,0.7180644731645236,0.7688778833794686,0.8323632446561772,0.9056868736431163,0.9834550143949211,1.03780687399465,1.1432234119202171,1.2786938343489416,1.4264923784044916,1.5929009240601213,1.8099563534984267,2.07681437300818,2.3336718519615243,2.6786095462998283,3.10165751965896,3.6851870385992878,4.383544903736507,5.214244411967993,6.2023648405106755,7.377738091159936,8.775849331892577,9.866093867998195,9.866093867999403,9.866093867999687,9.866093867999412,9.866093867997947,8.921585914154864,6.264442222881589,5.063552832056926,4.317966833805206,2.6999383983812746,3.0066869255811097,0.6973310748034446,2.7197318107746113e-11,2.8487428259827012e-11,2.9888077403146635e-11,3.129673181785302e-11,3.2952791960217694e-11,3.443692323486385e-11,3.611240836855209e-11,3.787569373508108e-11,3.9735762542762636e-11,4.1802171761834217e-11,4.390750756023276e-11,4.595804222161396e-11,4.817558237908678e-11,5.064623200464768e-11,5.3163187113401135e-11,5.603090666945166e-11,5.881463624946456e-11,6.149102342204813e-11,6.465420943511069e-11,6.793456530033598e-11,7.122384351639423e-11,7.519664900524327e-11,7.845620066779128e-11,11.57481011,9.751061842,9.58705501,10.13160571,10.05853975,12.35410343,12.5307917,10.60132542,10.92961885,11.42967485,11.05206732,13.59640051,11.50099147,11.36653704,12.05900218,12.61822117,14.76992951,14.99087449,12.68058196,12.52787812,13.66597644,13.19905231,16.21773305,16.4277213,13.49382499,14.26687297,14.89035822,14.34599891,17.54652854,14.78282864
3.138736916448233,4.368703655292354,5.901208651019959,7.810668059765454,10.12429751012105,13.079014361505392,16.772496690689717,21.36622952406217,27.05481926755625,34.00172037519928,42.82182541767179,53.85393736846806,67.55280062187228,84.59266810867665,105.90584129638819,132.5020195053982,165.41994202430604,206.6048767252395,257.9857988423713,322.32540173118446,401.6086555481087,500.39342647225794,610.1675349952268,730.695350307287,862.9972184684893,955.5465830210613,955.5465836205163,955.5465841220039,955.5465833656373,955.54658167139,0.7616455510921432,0.7957984717878364,0.8364235092406355,0.8847471557816086,0.9199141897286308,0.9850113764467373,1.0663426313145878,1.1602777155142323,1.259906674834724,1.3295369778959272,1.4645863678795712,1.6381378643510613,1.827482948224583,2.040669351621043,2.318739604307377,2.660612079501754,2.9896728372158683,3.4315733788144223,3.973541193924304,4.721102317834326,5.615770322807645,6.679981537233862,7.945865085783801,9.451638692344039,11.24276249422356,12.639477491997688,12.639477491999235,12.639477491999601,12.639477491999246,12.63947749199737,7.485885262478792,4.680707897940005,3.0398286367607525,1.5814644544756085,2.369363588306654e-11,2.472757857455254e-11,2.5767023970598333e-11,2.6953721025437743e-11,2.8269668724967968e-11,2.9662389446767274e-11,3.1113259520390804e-11,3.267145835349366e-11,3.426500989155853e-11,3.5950868737364624e-11,3.770509239432552e-11,3.956232667880941e-11,4.1553380818030516e-11,4.3623952798514365e-11,4.57524334925717e-11,4.79896807740411e-11,5.0400622975548424e-11,5.290787661656629e-11,5.560573710476599e-11,5.834811841514785e-11,6.117907711658164e-11,6.426394280958158e-11,6.748026197319902e-11,7.077685723118998e-11,7.438966475235241e-11,7.791299300148765e-11,11.38626773,9.845210025,9.777460797,10.27687967,10.21973023,12.50870687,12.32667731,10.70368305,11.08633527,11.62453784,11.22917932,13.76655048,11.61203553,11.59228461,12.23191247,12.83334753,14.95476542,14.74668775,12.80301516,12.77669076,13.89896584,13.41057025,16.42068727,16.16012973,13.76182203,14.47144124,15.14422193,14.57589694,17.26071269,14.9255594
4.075930645584302,5.6731524763254075,7.663247295634297,10.142851138766208,13.147305933882283,16.984270064412154,21.780587250333515,27.7459602432243,35.13310286870483,44.15427535630753,55.60797071111517,69.93415490008842,87.72335419602751,109.85114634139606,137.52820818598724,172.06572461479152,214.8125915091386,268.2949132049244,335.01763659028586,418.5683661098502,521.5247630670432,649.8056243959336,792.3571235915958,948.8732729704549,1120.6790831612984,1240.862711560472,1240.8627123389178,1240.8627129901442,1240.8627120079345,1240.8627098078027,0.9594362738341804,1.0024583211970828,1.0536332207316461,1.1145059709352934,1.1588054852744105,1.240807674051526,1.3432597345996067,1.4615886961980493,1.587090167793812,1.674802671883399,1.8449228587914575,2.0635437131431793,2.302059570657135,2.570608068332355,2.92089001604274,3.3515429007824022,3.7660570101257487,4.322714117133954,5.005424835159497,5.94711911560144,7.0741222678937525,8.414697080780847,10.009316248695885,11.906122205540806,14.162380571373628,15.92180663399709,15.921806633999037,15.921806633999497,15.92180663399905,15.921806633996686,6.051166770600731,3.0607786004978172,1.118691137655712,2.2547593898557177e-11,2.341295975617436e-11,2.4509029599286324e-11,2.5658012809740238e-11,2.6894849725976394e-11,2.822168449788601e-11,2.960566574914849e-11,3.106515440766904e-11,3.2599725759554945e-11,3.4214677481015675e-11,3.590198042542281e-11,3.7657426621244114e-11,3.951324955340854e-11,4.1483701136096814e-11,4.35482477031478e-11,4.569274285755442e-11,4.793508752967514e-11,5.03344863958939e-11,5.2827321532893194e-11,5.5469991575204045e-11,5.8198110557824876e-11,6.105592374320948e-11,6.410509677998338e-11,6.729356842910021e-11,7.060053606658726e-11,7.419522084041674e-11,7.771652708316733e-11,11.08653369,9.736389398,9.835571654,10.27813203,10.3491903,12.41079136,12.00218777,10.58537359,11.08768627,11.62728239,11.37142675,13.65878884,11.48368591,11.6611816,12.23340308,12.83637748,14.83770268,14.35849344,12.66150146,12.85262708,13.90224738,13.5804508,16.2921496,15.73472773,13.84361333,14.47320476,15.14779748,14.76053945,16.80633876,14.76058489
4.627652623524344,6.4410759709964,8.700551980877517,11.515797437127295,14.926938186036201,19.28327755217621,24.728828946121,31.501680689994306,39.88875420121518,50.131041462591206,63.1351202771182,79.40051083743552,99.59767363298862,124.72070546996352,156.14416160637356,195.35671020185129,243.88983500989448,304.61157633191743,380.36595312865353,475.22619150818997,592.1188675412649,737.7639523318334,899.6113625557547,1077.3136917358854,1272.3753052419238,1408.8271076955891,1408.8271085794063,1408.8271093187834,1408.8271082036208,1408.827105705677,1.122983335590211,1.173338990852691,1.2332372466776007,1.3044864645095045,1.356337345838769,1.452317760578163,1.5722339653643274,1.7107334734783086,1.8576281292649501,1.960292248917068,2.1594113985212235,2.415298717924273,2.6944723749632957,3.0087980846655946,3.4187896607239634,3.92285233395793,4.408025189992814,5.059570969380462,5.858657662556726,6.9608746758147495,8.279988611463839,9.849079979010318,11.715520513955955,13.935659087487972,16.5765229100436,18.635863589996593,18.63586358999887,18.63586358999941,18.635863589998888,18.63586358999612,5.192073740904694,2.077957103171321,2.2639048777184432e-11,2.2379798166053346e-11,2.336027618943529e-11,2.4466386469536808e-11,2.5635520306681326e-11,2.688262288548449e-11,2.8214281820453038e-11,2.95936633556406e-11,3.105364067145238e-11,3.25819959216763e-11,3.4202974389971586e-11,3.589016952920634e-11,3.764457798639046e-11,3.9499549365011835e-11,4.1463662873130475e-11,4.3526960247663537e-11,4.56749225439883e-11,4.791784456577365e-11,5.032185511069868e-11,5.280180200188563e-11,5.542909024629042e-11,5.815353512662605e-11,6.10165539574636e-11,6.405217933477994e-11,6.723185954155684e-11,7.053929487068807e-11,7.412810820331563e-11,7.764222145787909e-11,10.9427097,9.692372065,9.893682511,10.26310369,10.45961212,12.28710861,11.84648512,10.53751807,11.07147423,11.70687431,11.49275543,13.52266886,11.43176921,11.73007859,12.2155158,12.92424599,14.68983395,14.17222279,12.60425996,12.92856341,13.99741206,13.72534891,16.12978623,15.53060339,13.92540464,14.45204252,15.25148829,14.91802865,16.58831257,14.69385362
4.8538733083803605,6.755945027926334,9.12587449055209,12.07874193508879,15.656634741495639,20.225931767824687,25.93768645444848,33.04162596237276,41.83869773145794,52.5816745275199,66.22145179538143,83.28196854414702,104.46646041806098,130.8176201916336,163.7771976288486,204.90663375238435,255.8122781995349,319.50237411189363,398.9599690181055,498.4574068241366,621.064327935252,773.829206173528,943.5884531236778,1129.9776795015985,1334.5747908909784,1477.6969773842732,1477.6969783112952,1477.6969790868163,1477.6969779171397,1477.6969752970851,1.2692387226962387,1.3261526104987595,1.3938519104843503,1.4743805019318295,1.5329843514310224,1.641465087651081,1.7769989693835098,1.9335364113930626,2.099562370436836,2.215597285617036,2.4406493652857972,2.729863001980231,3.045395748229236,3.4006586890487935,3.8640468514733457,4.433757766371367,4.982118687290067,5.718520650346332,6.621678997961124,7.867446828795774,9.358359858145498,11.131806943263355,13.241329431696204,15.75061497313963,18.735420284781718,21.06296589599615,21.062965895998726,21.062965895999334,21.062965895998744,21.062965895995617,4.6189692389426735,1.4708862075954052,2.1523810986078893e-11,2.2335929640691176e-11,2.334426035211702e-11,2.445642058350272e-11,2.5631765217587373e-11,2.6882284608682113e-11,2.8213049435553164e-11,2.95936684970379e-11,3.1054113757480385e-11,3.2580043458181924e-11,3.4202999774319643e-11,3.588893777050839e-11,3.7642694497214954e-11,3.949656548603099e-11,4.145925061340078e-11,4.3522398682835105e-11,4.567091697582517e-11,4.791030846906157e-11,5.03235161556252e-11,5.279194418979845e-11,5.540596830013167e-11,5.8127325628712445e-11,6.099171344265376e-11,6.401979735414343e-11,6.719765376601406e-11,7.051683326487521e-11,7.407097538718747e-11,7.760627145878946e-11,10.74208127,9.552983846,9.676075898,10.15915767,10.44945839,12.24588102,11.62928648,10.38597562,10.95934093,11.58748643,11.48159877,13.47729554,11.26736632,11.47208136,12.09179551,12.79244322,14.64054438,13.91238305,12.42299521,12.64420611,13.85466504,13.71202495,16.0756651,15.24585851,13.61912231,14.3056704,15.09595207,14.90354688,16.28417518,14.48253795
4.770581287140354,6.640013630254538,8.969275320444302,11.871471830186593,15.387968323856729,19.878856631871724,25.49259813140747,32.47463468826787,41.120749511819376,51.67937781037655,65.08509775005396,81.85285759456534,102.67382552893304,128.5728018151926,160.9667959234768,201.3904546915805,251.42256294420204,314.0197426462528,392.1138525041051,489.9039233937485,610.4069209723466,760.5503678969991,927.3965617235235,1110.5873660545453,1311.6736097585106,1452.3398326450229,1452.3398335561374,1452.3398343183505,1452.3398331687454,1452.3398305936507,1.367019395454257,1.4283178628784767,1.5012326380772536,1.5879650584082883,1.651083680209785,1.7679216459873768,1.9138969000954844,2.0824938042990353,2.2613102098366795,2.38628431972222,2.6286741494628165,2.9401684678454836,3.280009489325701,3.662641473287541,4.161728519980075,4.775329300149444,5.36593530767229,6.15906882018444,7.131805434879829,8.473545768302916,10.079317000783904,11.989388383587226,14.261426027308557,16.964024003991188,20.178775240072202,22.685632253995852,22.685632253998627,22.685632253999284,22.685632253998648,22.68563225399528,4.357925167424675,1.284128949887517,2.1487571393278206e-11,2.2336496455953593e-11,2.3344512753362973e-11,2.4460562509934226e-11,2.5634812006710204e-11,2.6886030297096738e-11,2.8212422406569063e-11,2.959757332336963e-11,3.1058399288804883e-11,3.2584143416373865e-11,3.4208353739495277e-11,3.5893126154960765e-11,3.7645638906135696e-11,3.949849774234049e-11,4.146100306053356e-11,4.3524914982133004e-11,4.5674893770608034e-11,4.791374355960393e-11,5.0330191122729294e-11,5.279477751274884e-11,5.539696625057702e-11,5.811302264863181e-11,6.097477129368421e-11,6.400023009283416e-11,6.717256978101732e-11,7.050268169449097e-11,7.401788390398619e-11,7.759436358112228e-11,10.49552585,9.352460443,9.447341673,10.08151125,10.30096007,12.27680171,11.36236766,10.16796717,10.87557871,11.39948481,11.31843261,13.51132553,11.0308569,11.20089109,11.99937794,12.58489174,14.67751156,13.59306193,12.16222839,12.3453078,13.6298795,13.51716196,16.11625595,14.89593106,13.29717781,14.19633219,14.85102722,14.69175106,15.91041598,14.17853997
4.357830127428323,6.065519001312977,8.193252742175014,10.844350925946552,14.056599798934036,18.15893601115579,23.28697604690915,29.66492611775489,37.56297824084596,47.20807298596689,59.4539287248619,74.7709403470862,93.79047609867084,117.44867042271467,147.03993299135587,183.966132847835,229.66945819935103,286.8507237891382,358.1881236214437,447.5173880100377,557.594454448249,694.747475655104,847.1581204677018,1014.4992384848082,1198.1874807094403,1326.6832482291763,1326.683249061461,1326.6832497577277,1326.6832487075865,1326.6832463552892,1.3971388652522627,1.4597879187357492,1.5343092215205505,1.6229526129199954,1.6874619241508915,1.8068741749702322,1.956065694532938,2.1283772858733956,2.3111335443084373,2.438861202490913,2.6865915951968136,3.004949052278153,3.352277773945093,3.743340269224485,4.2534236757926855,4.880543891185724,5.484162691259471,6.29477127468527,7.288940146439452,8.660242977354299,10.30139408688754,12.253549976697629,14.575647311903627,17.337791494298862,20.623373183177566,23.18546365199576,23.185463651998596,23.185463651999267,23.185463651998617,23.185463651995175,4.556848897338688,1.681651784971738,2.1686546751120245e-11,2.238329303195331e-11,2.3365747935214643e-11,2.447742841475904e-11,2.564474905557928e-11,2.6893870049512926e-11,2.8215550193300862e-11,2.960405035250285e-11,3.106489625875433e-11,3.2591540825991273e-11,3.421558140661181e-11,3.5899115779231195e-11,3.7649764060158435e-11,3.950143692138919e-11,4.146496354443494e-11,4.353053968006048e-11,4.5681653842678586e-11,4.792026518313979e-11,5.0336949533331034e-11,5.280315256301635e-11,5.540484354977576e-11,5.811850716049104e-11,6.097832455099519e-11,6.400410319580947e-11,6.717589398544589e-11,7.04949438505177e-11,7.400715109648285e-11,7.760257255050651e-11,10.31181789,9.206958705,9.329883558,9.986331764,10.1867306,12.07195215,11.16348698,10.00977811,10.77290244,11.24030096,11.19292017,13.28587682,10.85924336,11.06163122,11.88609189,12.40915472,14.43260398,13.35513638,11.97301343,12.19181948,13.43955013,13.36726736,15.84734161,14.63520081,13.13185496,14.06230471,14.6436456,14.5288312,15.63192874,13.95795607
3.50060796088826,4.872379941860057,6.581570399980939,8.711175073828956,11.291547334408605,14.5869192013286,18.706230245585726,23.829583414316524,30.174021662054933,37.92184442269494,47.758836419618554,60.06286187584218,75.34109354562202,94.34552028307782,118.11593039349899,147.77843338308298,184.49152680028723,230.42475220928233,287.7294801265696,359.4869201632562,447.9108935208929,558.0847515780733,680.5149292018036,814.9386292509652,962.4938354546046,1065.713395090235,1065.7133957588023,1065.7133963181072,1065.713395474538,1065.7133935849574,1.351791139149254,1.41240675688155,1.4845092796069228,1.5702755223320317,1.6326910183742247,1.7482274382520782,1.892576564310256,2.059295340904221,2.236119776127383,2.359701705489988,2.5993913727710827,2.9074157218660743,3.2434709988314268,3.621840557591665,4.1153678986276345,4.722133318610863,5.306160121999707,6.0904583243086625,7.0523588948812685,8.379152574467497,9.967035914518624,11.855829576848553,14.10255728591332,16.775048992842088,19.953988699150624,22.432919948995895,22.43291994899864,22.432919948999288,22.43291994899866,22.43291994899533,5.011026328981735,2.755884305278729,1.1636553804337895,2.2714656823431272e-11,2.3455274609172837e-11,2.4530276885125476e-11,2.5677179310772243e-11,2.691773013219876e-11,2.823960905690409e-11,2.962323830333201e-11,3.1082602050836744e-11,3.2609662993662165e-11,3.423088133164483e-11,3.591389810722523e-11,3.765923115556244e-11,3.950805842001103e-11,4.1473534885937e-11,4.354225715258068e-11,4.569517264771731e-11,4.793333793921993e-11,5.034771084146636e-11,5.282389611697081e-11,5.542939072773063e-11,5.814230076377095e-11,6.099909919215523e-11,6.40299818185035e-11,6.720410189925191e-11,7.052531098744403e-11,7.40354210114236e-11,7.763929643503053e-11,9.863425429,9.040671004,9.22973506,9.844814898,10.02807855,11.30795347,10.67806109,9.828990619,10.62023904,11.00152519,11.01859734,12.44505238,10.6631136,10.94289386,11.71765342,12.14554918,13.51920652,12.77441022,11.75676777,12.0609505,13.15405609,13.15908042,14.84440953,13.99881315,12.99089548,13.863027,14.33257316,14.30255362,14.95220001,13.70586018
2.3963526254281775,3.335403620232079,4.505435536812499,5.963263379380989,7.729665647303919,9.985523233553621,12.805411077651438,16.312619240935312,20.655725187588384,25.959522591140168,32.69346762626555,41.116228482318405,51.574991926507884,64.5845343876705,80.85664634994758,101.16220975780321,126.29427789592845,157.73801753574216,196.96615639856816,246.08794659820134,306.6188666766088,382.0387414408435,465.8487198383728,557.8689032269864,658.8783020892242,729.5375891307871,729.537589588457,729.537589971331,729.5375893938627,729.5375881003442,1.1884475858072234,1.2417387211533966,1.3051287424236269,1.3805314293909052,1.4354049549231025,1.5369805425268648,1.6638872557083029,1.8104605848370383,1.9659184562985628,2.0745673750160054,2.285294164216909,2.556098420473663,2.8515464901056347,3.1841957993284704,3.618087811191477,4.151534789534746,4.664990769850612,5.354518373703406,6.2001877805934775,7.366658472479286,8.762670080614935,10.423231540942828,12.398476121614252,14.748037548084469,17.542850378243113,19.722240206996393,19.722240206998805,19.722240206999377,19.722240206998823,19.722240206995895,6.092500047783804,4.527109254634728,3.4871728467851844,2.5022724512506467,0.8960075777970744,2.484804321288455e-11,2.5811044087671633e-11,2.7006757732374073e-11,2.8321148097298343e-11,2.9699556886393174e-11,3.114893987302875e-11,3.2672791184191923e-11,3.428107607788309e-11,3.5962488185268805e-11,3.7701351636208534e-11,3.954188579188162e-11,4.1511294842355355e-11,4.358605113199647e-11,4.5741326208891285e-11,4.797795217459629e-11,5.039724655797173e-11,5.2896264288649794e-11,5.551387410710748e-11,5.822707575231745e-11,6.107653478457842e-11,6.412572248744733e-11,6.73101864559892e-11,7.063912324525779e-11,7.41467033812699e-11,7.776434165398152e-11,9.677300259,9.104251596,9.297737126,9.84606726,10.06107818,10.73334401,10.47656355,9.898115249,10.62159004,10.91918871,11.05485649,11.81266166,10.73810439,11.02351799,11.71914402,12.05465072,12.83223306,12.53335408,11.83944994,12.14981215,13.05560986,13.2023833,14.09009637,13.73465224,13.08660871,13.86479052,14.2253068,14.34961936,14.67004846,13.80224979
1.0586701854120786,1.4735278654677466,1.9904292150105407,2.63447419237071,3.414842405567275,4.411444134276335,5.657225391623169,7.2066537508318085,9.125368354441516,11.468501047445322,14.443450044201226,18.164490805289468,22.785004880367524,28.53241224576911,35.72117053006874,44.691843021998096,55.794787953078085,69.686128201295,87.01649127165419,108.71771094466743,135.45930135276572,168.77859332722693,205.804498625134,246.45754090945564,291.0818745267758,322.29801513964173,322.298015341833,322.29801551098063,322.2980152558644,322.29801468440866,0.8256990214741553,0.8627241615258257,0.906765715532184,0.9591533223470989,0.9972778613489578,1.0678496427987232,1.1560207579104098,1.2578556691686986,1.3658633035643288,1.4413494309632777,1.587756311434488,1.7759032790185583,1.9811720556182846,2.212287177900087,2.5137428027835313,2.884366339981603,3.2411007097425544,3.7201645528433493,4.307711206224348,5.118141317211696,6.08804982017797,7.24175991161556,8.614102736751375,10.24651008386392,12.188265232870325,13.702442273997496,13.702442273999171,13.702442273999567,13.702442273999184,13.70244227399715,8.098708118132908,7.1873869310265235,6.801136189478383,6.621886435304368,6.161721323107093,5.689516592949464,3.9943490704922926,1.8895625200268782,0.528904432023341,3.0891700769741936e-11,3.249045830151846e-11,3.4242467309063614e-11,3.488631745305722e-11,3.6515090523263065e-11,3.829445911666819e-11,4.005313866799574e-11,4.217268437251626e-11,4.410607884870469e-11,4.621008163589858e-11,4.8434081563832554e-11,5.0968427226162866e-11,5.353216184231432e-11,5.621966448856349e-11,5.883661891637997e-11,6.161358539859274e-11,6.475852830388108e-11,6.801120213537606e-11,7.144638051290524e-11,7.500982764434977e-11,7.862191237416343e-11,9.983077325,9.523638958,9.69833112,10.21551395,10.57384159,11.16881037,10.80759522,10.35407194,11.02013609,11.24167323,11.61826787,12.29191741,11.23275518,11.49846744,12.15887278,12.41066969,13.3528542,12.92937489,12.38483421,12.6732881,13.4411909,13.87524351,14.66175074,14.16863088,13.65044664,14.38502878,14.64543337,15.08094851,15.13358314,14.43805044
0.019068787104001415,0.026541211366485244,0.03585164810497328,0.047452198236553826,0.061508205031893116,0.07945901393734624,0.10189804915515142,0.12980638162901942,0.16436630481730735,0.2065708545392054,0.2601556912958198,0.3271791468122176,0.4104039324185208,0.5139263409655728,0.6434103891179995,0.8049903091775591,1.0049767601380213,1.2551878395020708,1.5673426620118736,1.9582254350832455,2.439895459743425,3.040043167567799,3.7069544636329543,4.439197818675541,5.242972147198254,5.8052378535132165,5.805237857155088,5.805237860201779,5.805237855606621,5.80523784531355,0.7057096474051326,0.7373543482603434,0.7749958480570996,0.819770564475859,0.8523549012338834,0.9126712946271446,0.9880295122567309,1.0750659231626256,1.1673780461082484,1.2318946398854624,1.3570258866326856,1.5178316120858253,1.6932710303121554,1.8908008410709174,2.14844937547874,2.4652144423539957,2.7701086952887173,3.179555681426138,3.681720914529237,4.374380507186009,5.203343325164829,6.1893979536208095,7.362313926703227,8.757502225819312,10.417084356734193,11.711223404997858,11.71122340499929,11.711223404999629,11.7112234049993,11.711223404997563,9.985879105509964,9.448125570393216,9.707217623858956,10.241225037309649,10.639813523757379,11.014115381459794,10.505339858613626,9.897606685235173,10.651657289102628,10.71714259560506,11.077704082102777,11.368552321134892,9.940999747303948,10.065627547999892,10.429815055441532,10.14943783850868,10.578963264615426,9.436941739116023,8.030964073505416,7.411869057779716,6.890705185143151,5.931564958864994,4.691817679719877,2.004559865564229,1.360743973153293e-09,8.716617133119444e-10,1.0914316034600096e-09,1.8493637687865502e-09,1.1553733809372092e-09,4.966946178112905e-10,10.71065754,10.21202113,10.51806512,11.1084478,11.55367663,12.00624569,11.59526742,11.10247899,11.98340164,12.15560809,12.69488566,13.21356308,12.04467471,12.47035473,13.22167482,13.41964259,14.35404872,13.87168526,13.28002765,13.744475,14.53394397,15.16100608,15.76108607,15.20125991,14.8042261,15.6424182,15.83608994,16.47843888,16.2365392,15.48165327
1.404660000000104e-05,1.9550995957276568e-05,2.6409323127094977e-05,3.495461164437451e-05,4.530865797016293e-05,5.8531724072696826e-05,7.506094275720904e-05,9.561899822184853e-05,0.0001210768007768298,0.00015216584828102355,0.00019163793236693646,0.0002410092775459462,0.00030231497397654273,0.0003785724651303451,0.00047395402353037313,0.00059297829564218,0.0007402938887494083,0.00092460634282562,0.001154548284384474,0.001442483428359761,0.0017972949919632178,0.002239380518785084,0.0027306459653086202,0.0032700368271838167,0.0038621193975880365,0.00427629998638212,0.004276299989064825,0.0042762999913091015,0.00427629998792418,0.004276299980342017,0.6486715651081221,0.6777586233715381,0.7123577969494524,0.7535136540125137,0.7834644033051668,0.8389058011207515,0.9081732869108099,0.9881750908982069,1.0730262042275596,1.1323283265873596,1.247345999889556,1.3951548076500553,1.5564145586269331,1.7379792743305282,1.9748036945105047,2.265966628809448,2.5462181925663745,2.92257214819551,3.384150516718042,4.020826781110789,4.782789736459285,5.689147757034075,6.767264292350345,8.049688276400852,9.575136797962609,10.764678707998034,10.76467870799935,10.76467870799966,10.764678707999359,10.764678707997762,10.005167488310972,9.68341280565254,9.894701803748443,10.404993651397898,10.79428202806001,11.140225747179452,10.625523062171933,10.27638530013037,10.964294498999825,11.146632317594044,11.473845092209299,11.78839102310526,10.663897766433625,10.837541203240622,11.306021411504114,11.289430672935,11.774743943586904,10.874619425505768,10.088707665043906,9.838533725509585,9.897026278599883,9.501263362500579,8.955574141740316,7.067681056830922,5.350524502702031,4.944003972080837,5.228034472080012,5.743878062080715,5.381473012087948,4.93884310210112,10.6538531,10.36119098,10.60708601,11.15854226,11.57779174,11.97919008,11.53377141,11.26465601,12.03744178,12.27911281,12.72138273,13.18378684,12.22061464,12.57589905,13.28129906,13.55599028,14.32170243,13.79811618,13.47401273,13.86080299,14.68161331,15.1926505,15.72556908,15.12063937,14.92952342,15.71295898,15.99698948,16.51283307,16.15042802,15.70779811
4.85806800000036e-06,6.761783479858092e-06,9.133761022980655e-06,1.2089180319932453e-05,1.567016512236367e-05,2.0243410910996123e-05,2.5960101665785957e-05,3.307018036062956e-05,4.187485451257187e-05,5.262711533231498e-05,6.627868002349169e-05,8.33539403805248e-05,0.00010455673978017991,0.00013093067208654375,0.00016391873301611443,0.00020508371298063688,0.0002560333498162588,0.000319778486372373,0.00039930474811150835,0.0004988881710766197,0.0006216010484399617,0.0007744979452773779,0.0009444038972701522,0.0011309542002308909,0.0013357281233609356,0.0014789739952902063,0.0014789739962180297,0.001478973996994221,0.0014789739958235334,0.0014789739932012146,0.6468010438831217,0.6758042261717284,0.7103036289379929,0.7513408082166245,0.781205190979172,0.8364867169629454,0.9055544617602703,0.9853255710780592,1.0699320061804252,1.129063123852293,1.2437491300817605,1.391131713652655,1.5519264530533121,1.7329676054119065,1.9691091143493173,2.2594324458695434,2.538875871076016,2.914144565534501,3.3743919182059243,4.009232251242867,4.768997996235139,5.672742426194697,6.747750084891723,8.026476047615805,9.547525757836492,10.733637482998038,10.73363748299935,10.733637482999661,10.73363748299936,10.733637482997766,9.74477991806798,9.564332322064836,9.692767047322013,10.150455232625118,10.413267538878864,10.819304259650432,10.344262638163574,10.147694708768386,10.690512168993237,10.809672959062073,11.056403371269461,11.436674752439842,10.525812700241447,10.600928113952303,11.006451806955843,10.920639120457597,11.395955415616232,10.543981816023264,9.941807387092307,9.58448687063483,9.505082652767614,9.016153915913524,8.552362031267002,6.720805628242957,5.093522244102425,4.616321023071992,4.818505413072945,5.231029973075123,5.0177343730801205,4.789170673088287,10.39158582,10.24014331,10.40307981,10.90180813,11.1944884,11.65581122,11.24984306,11.13305335,11.76048605,11.93878871,12.30021878,12.82788982,12.07784371,12.33402665,12.97572484,13.18027665,13.93508732,13.45844616,13.31659861,13.59421801,14.27470225,14.68967084,15.30105652,14.74841263,14.64238373,15.35143748,15.55362187,15.96614643,15.75285083,15.52428713
0.0,0.0,0.0,0.0,0.0,0.0,0.0,0.0,0.0,0.0,0.0,0.0,0.0,0.0,0.0,0.0,0.0,0.0,0.0,0.0,0.0,0.0,0.0,0.0,0.0,0.0,0.0,0.0,0.0,0.0,0.6271245419191179,0.6552454108925854,0.6886952983980026,0.7284840750243665,0.7574399456692569,0.8110397380428579,0.8780063550992705,0.9553507268537759,1.037383327695664,1.094715602332247,1.2059127158826457,1.3488117357324887,1.5047148967482007,1.6802485493529868,1.909206336327776,2.190697666636999,2.461640071078427,2.825492619454012,3.2717386682864715,3.887266359239789,4.62391907385757,5.500170460602018,6.542475033075371,7.782300542321661,9.25707800562261,10.407106718998099,10.407106718999371,10.407106718999673,10.40710671899938,10.407106718997836,9.638766358099986,9.368479349127462,9.453503861623032,9.9291135349977,9.81767086435392,10.685014591981435,10.235760444926244,9.942413013173036,10.459657022332518,10.418667997697462,10.413749734148624,11.303256444300386,10.31787170328634,10.344474600683313,10.775850343710399,10.51993694340314,11.282450138963622,10.470162380590109,9.763422571759872,9.366046020808982,9.142144366193643,8.376738549451535,8.548862126980614,6.787717707737306,5.0181149744396585,4.600444451067199,4.592305631069168,4.6756520110722155,5.155200211075874,4.789085031081397,10.2658909,10.02372476,10.14219916,10.65759761,10.57511081,11.49605433,11.1137668,10.89776374,11.49704035,11.5133836,11.61966245,12.65206818,11.8225866,12.02472315,12.68505668,12.71063461,13.74409021,13.295655,13.03516124,13.25331238,13.76606344,13.87690901,15.09133716,14.57001825,14.27519298,15.00755117,14.99941235,15.08275873,15.56230693,15.19619175
0.0,0.0,0.0,0.0,0.0,0.0,0.0,0.0,0.0,0.0,0.0,0.0,0.0,0.0,0.0,0.0,0.0,0.0,0.0,0.0,0.0,0.0,0.0,0.0,0.0,0.0,0.0,0.0,0.0,0.0,0.6139046316361154,0.6414327070892214,0.6741774643019459,0.7131274855900779,0.7414729607130195,0.793942858784927,0.8594978062123169,0.935211743201248,1.015515080474384,1.0716387793395634,1.180491835582993,1.320378515625239,1.4729952069468182,1.6448285751838745,1.8689598863949517,2.1445173233809394,2.409748207958043,2.765930672125079,3.202769765344453,3.8053220099435183,4.526445938576979,5.384225771517028,6.4045583559487484,7.618248096454979,9.06193695701592,10.187722835998137,10.187722835999384,10.18772283599968,10.187722835999393,10.18772283599788,9.38367595338299,9.101070208930828,9.116883746719097,9.576275794432,9.35895092931017,10.297565791239377,9.963798523813207,9.656808446825574,10.084330219553811,10.03280700069016,9.917596714448292,10.886463914407642,10.017901353087732,9.963580864852442,10.37785864364324,10.11465493665922,10.850688042084029,10.182227807919052,9.466681904701902,8.989141080105282,8.750667931474272,7.869787898536569,8.155715274107255,6.570966753604001,4.719027723046396,4.301353594067217,4.278933274069222,4.21801336407231,4.967846144075893,4.582130284081393,9.997580585,9.742502916,9.791061211,10.28940328,10.10042389,11.09150865,10.82329633,10.59202019,11.0998453,11.10444578,11.09808855,12.20684243,11.49089656,11.60840944,12.24681853,12.25917226,13.26043625,12.94815848,12.66945167,12.79446309,13.27711387,13.25401367,14.56027363,14.18921485,13.78096468,14.48907643,14.46665611,14.4057362,15.15556898,14.76985312
0.0,0.0,0.0,0.0,0.0,0.0,0.0,0.0,0.0,0.0,0.0,0.0,0.0,0.0,0.0,0.0,0.0,0.0,0.0,0.0,0.0,0.0,0.0,0.0,0.0,0.0,0.0,0.0,0.0,0.0,0.606554568024114,0.6337530595397979,0.6661057753244726,0.7045894617465626,0.7325955664941564,0.7844372609841559,0.8492073421491939,0.9240147828771332,1.0033566766184938,1.0588084262336723,1.1663582232304375,1.3045700893947656,1.4553595549036362,1.6251356228335736,1.846583488913357,2.118841773903685,2.380897142654635,2.7328151598144386,3.1644241326569484,3.7597622317696793,4.472252397967651,5.319762335532585,6.327878837832813,7.5270374991807385,8.953441582246548,10.06574882399816,10.06574882399939,10.065748823999682,10.0657488239994,10.065748823997906,8.903958199995003,8.755388493480263,8.716943034696582,9.09138333227553,8.970563596529045,9.783996409040165,9.446793477876346,9.283831977149704,9.564193223409724,9.602392663796072,9.495225966800874,10.326598270638147,9.618761265130942,9.499529007202783,9.812936291124883,9.650993776136517,10.254177607387497,9.584527570229756,9.045505507389457,8.501530908279193,8.274892632083676,7.412951224521072,7.5457330322232385,5.970899110878298,4.2532437178158675,3.728500916067328,3.823456726069321,3.7733882960724223,4.351462526076035,4.168400536081479,9.510512768,9.389141553,9.38304881,9.795972794,9.703159163,10.56843367,10.29600082,10.20784676,10.5675499,10.66120109,10.66158419,11.63116836,11.07412082,11.12466463,11.65951978,11.76983555,12.63507475,12.31734273,12.20992964,12.26129314,12.74714503,12.73271356,13.87361187,13.49793661,13.2066853,13.79424974,13.88920555,13.83913712,14.41721135,14.23414936
0.0,0.0,0.0,0.0,0.0,0.0,0.0,0.0,0.0,0.0,0.0,0.0,0.0,0.0,0.0,0.0,0.0,0.0,0.0,0.0,0.0,0.0,0.0,0.0,0.0,0.0,0.0,0.0,0.0,0.0,0.6094209694411146,0.6367479931593911,0.6692535985194772,0.7079191477105691,0.7360576012072536,0.788144284548017,0.8532204503791643,0.9283814094307776,1.0080982500089721,1.0638120485510754,1.1718700947751342,1.3107351102353455,1.462237163136001,1.6328155436480896,1.8553099082798343,2.128854807162839,2.3921485737759425,2.74572965367772,3.179378285664791,3.7775297804072836,4.493386969012888,5.344901993364773,6.357782562614671,7.562608100888926,8.995752957003786,10.113316640998152,10.113316640999388,10.113316640999681,10.113316640999397,10.113316640997896,8.551804953578008,8.435713306860675,8.455387357501582,8.821300615311529,8.724681234815959,9.449180345476316,9.064645381646393,8.935171524596075,9.271687890019262,9.335284601478685,9.223348815256198,9.956028729797591,9.238371836898613,9.185477376388299,9.486710811758446,9.351620642877402,9.847069276266243,9.11924148636654,8.618730564381686,8.146089059641662,7.940370921038518,7.069701906688933,7.081169037441412,5.439597959170161,3.847222083058737,3.3053034390674614,3.434424339069442,3.380068329072552,3.7744025190762063,3.6407383490816643,9.161225923,9.0724613,9.124640956,9.529219763,9.460738836,10.23732463,9.917865832,9.863552934,10.27978614,10.39909665,10.39521891,11.26676384,10.700609,10.81829292,11.34202072,11.48047545,12.23921785,11.86497114,11.79810885,11.92361884,12.43375789,12.4146039,13.4389516,13.00220606,12.84297504,13.41862008,13.54774098,13.49338497,13.88771916,13.75405499
0.0,0.0,0.0,0.0,0.0,0.0,0.0,0.0,0.0,0.0,0.0,0.0,0.0,0.0,0.0,0.0,0.0,0.0,0.0,0.0,0.0,0.0,0.0,0.0,0.0,0.0,0.0,0.0,0.0,0.0,0.23546939235904427,0.2460280668920602,0.2585876530011856,0.2735273315317828,0.28439952805771435,0.30452489343116923,0.32966916314569744,0.3587100170783032,0.3895111823695871,0.41103800036003846,0.4527897019912098,0.5064446670317667,0.5649823579326574,0.6308908015584266,0.7168586554233745,0.8225515251353693,0.9242835401875721,1.0609009626410195,1.228455059056458,1.4595701274054116,1.7361645763483153,2.0651747932967317,2.4565337785188532,2.9220568760523555,3.475798485471103,3.9076051589992855,3.9076051589997634,3.9076051589998766,3.907605158999767,3.907605158999187,8.768637879660075,8.815428900128003,9.030494665019866,8.43915263849033,8.120351286965512,9.465124321593168,9.418101344879853,9.49287903894852,9.009420630658603,8.696748286669607,8.782136458039929,10.24561551300087,10.122647462101606,10.382365938477534,9.65328697461444,9.232333084904365,10.755805679854026,10.600581227402628,10.555343420989336,10.678932362642653,9.153628393702254,8.963736806756307,10.368481321536658,9.857156204005951,9.59862854459012,8.361200191065073,7.957841771067833,8.079676201071043,9.741934121074422,9.82976701107871,9.004107272,9.061456967,9.289082318,8.71267997,8.404750815,9.769649215,9.747770508,9.851589056,9.398931813,9.107786287,9.23492616,10.75206018,10.68762982,11.01325674,10.37014563,10.05488461,11.68008922,11.66148219,11.78379848,12.13850249,10.88979297,11.0289116,12.8250151,12.77921308,13.07442703,12.26880535,11.86544693,11.98728136,13.64953928,13.73737217
0.0,0.0,0.0,0.0,0.0,0.0,0.0,0.0,0.0,0.0,0.0,0.0,0.0,0.0,0.0,0.0,0.0,0.0,0.0,0.0,0.0,0.0,0.0,0.0,0.0,0.0,0.0,0.0,0.0,0.0,0.24121649652304536,0.2520328767466697,0.2648990048182248,0.2802033162543213,0.2913408706057436,0.31195743600303627,0.33771540219730395,0.36746505658541745,0.39901798627176,0.42107020955616975,0.4638409454486296,0.5188054678372334,0.5787718888323289,0.6462889605987225,0.7343550328604127,0.842627549657498,0.9468425391696138,1.0867943846221237,1.258437975793366,1.495193872270191,1.7785391651055167,2.1155795381981335,2.5164904266678745,2.993375551790058,3.560632339030382,4.002978122999268,4.002978122999758,4.002978122999874,4.002978122999761,4.002978122999167,8.686748660496074,8.762961350273393,8.98090927020283,8.3235211907678,8.076602669417484,9.5530305690213,9.327624294828249,9.433609846441406,8.882376516756436,8.548116345473485,8.730642318582515,10.3381805321954,10.054056971201943,10.315661509437247,9.506107877177417,9.059244655382253,10.847228820871985,10.476073935421539,10.464938924252442,10.586760287777885,8.945535994945079,8.865032691854921,10.433679773387636,9.677771708268272,9.452886271030861,8.112401027065129,7.681903777067881,7.93180683707107,9.531135517074459,9.663955487078757,8.927965157,9.014994227,9.245808275,8.603724507,8.36794354,9.864988005,9.665339697,9.801074903,9.281394503,8.969186555,9.194483264,10.856986,10.63282886,10.96195047,10.24046291,9.901872205,11.79407136,11.56286832,11.7233769,12.08195416,10.72407516,10.98061223,12.9501702,12.67114726,13.01351861,12.11537915,11.6848819,11.93478496,13.53411364,13.66693361
0.0,0.0,0.0,0.0,0.0,0.0,0.0,0.0,0.0,0.0,0.0,0.0,0.0,0.0,0.0,0.0,0.0,0.0,0.0,0.0,0.0,0.0,0.0,0.0,0.0,0.0,0.0,0.0,0.0,0.0,0.24352425772804578,0.25444412018865814,0.2674333408001104,0.28288407131081644,0.29412818062933793,0.3149419883814862,0.3409463856281888,0.37098066026097326,0.4028354624480935,0.4250986632821872,0.468278594426318,0.5237689721948322,0.584309102625103,0.652472122248064,0.74138073831572,0.850689117574261,0.9559011504612797,1.0971919401574834,1.270477676150915,1.5094986584772565,1.7955547662189018,2.135819664618674,2.5405661389973764,3.0220137090885486,3.5946975430928214,4.041275327999261,4.041275327999755,4.041275327999872,4.041275327999759,4.041275327999159,8.83551652429107,8.9036064378314,8.928918886220943,8.305812095711298,8.071276926393889,9.646673168642845,9.487946508397359,9.585624659765845,8.862346997580103,8.71424993774746,8.723415504604825,10.439560757837798,10.21724903740916,10.25084261778791,9.481194901722112,9.239039902465478,10.953692659580314,10.661338829886166,10.638934093894882,10.50782884157083,9.13197592383168,8.841461575434385,10.536450441058129,9.863549870969768,9.349211446968436,8.052941592065144,7.8652903720678635,7.88988919207108,9.72185743207444,9.842534892078751,9.079040782,9.158050558,9.196352227,8.588696167,8.365405107,9.961615157,9.828892894,9.95660532,9.26518246,9.139348601,9.191694099,10.96332973,10.80155814,10.90331474,10.22257564,10.08972902,11.90959381,11.75853077,11.90941177,12.0173275,10.92753069,10.97728124,13.07701658,12.88556358,12.94390899,12.09421692,11.9065657,11.93116452,13.76313276,13.88381022
0.0,0.0,0.0,0.0,0.0,0.0,0.0,0.0,0.0,0.0,0.0,0.0,0.0,0.0,0.0,0.0,0.0,0.0,0.0,0.0,0.0,0.0,0.0,0.0,0.0,0.0,0.0,0.0,0.0,0.0,0.24158618346304542,0.2524191408054174,0.2653049874268436,0.28063275415785227,0.29178737785754305,0.3124355400779589,0.33823298277503727,0.36802823130308454,0.39962951881814907,0.421715539206255,0.46455182526921124,0.5196005859515607,0.5796589111198781,0.6472794591410838,0.73548050093115,0.8439189555309884,0.9482936643041423,1.088459999106421,1.2603666502047632,1.4974853973330036,1.7812649434461174,2.1188218625709543,2.520347184637516,2.9979631810109577,3.5660893425639513,4.009113062999267,4.009113062999758,4.009113062999873,4.009113062999761,4.009113062999166,9.37649243055606,9.449734554214631,8.92857443659421,8.235426437864268,8.360460629165676,10.205752009946362,10.074217717250496,10.180124398723718,8.78719473421005,8.760173573823394,9.042317946761923,11.05626903408105,10.863647338914356,10.253103490894892,9.40063999910669,9.29277427450875,11.626709415737412,11.368194400937185,11.356613639840983,10.516610772715083,9.19712962660446,9.234861367482068,11.287304565417926,10.652637859047287,9.374339167497306,7.982819717065145,7.952873597067853,8.33116133707102,10.571159897074336,10.69956972707863,9.618078614,9.702153695,9.193879424,8.516059192,8.652248007,10.51818755,10.4124507,10.54815263,9.186824253,9.181889113,9.506869772,11.57586962,11.44330625,10.90038295,10.1361205,10.13669323,12.57500308,12.4566544,12.61698029,12.01409617,10.97839457,11.35368323,13.80765175,13.65060104,12.94042851,11.99193278,11.96198666,12.3402744,14.58027296,14.70868279
2.507832000000186e-05,3.4905680587137685e-05,4.715030372935006e-05,6.240677005776133e-05,8.089253081502262e-05,0.00010450054151515629,0.00013401124414213908,0.0001707148943863247,0.00021616638577716933,0.000271671709613925,0.00034214382071365247,0.00043028973454544545,0.0005397428315873885,0.0006758903523790553,0.0008461813298152028,0.0010586832010001847,0.0013216954306452854,0.0016507605925569608,0.0020612910833400855,0.0025753606574618173,0.0032088291076026233,0.003998113511587028,0.004875202064892464,0.005838212091459888,0.006895296095205958,0.007634759975687102,0.007634759980476712,0.007634759984483567,0.007634759978440243,0.007634759964903308,0.1585381746750298,0.1656471792496015,0.17410336897543413,0.18416204089344335,0.19148213534249664,0.20503225605674424,0.22196153329376017,0.2415143249638519,0.26225230909937886,0.2767460078199492,0.30485683148101056,0.3409819521795509,0.3803945423771229,0.4247697549829672,0.48265068165430597,0.5538121794287397,0.6223068904007554,0.7142894473164805,0.8271012244179525,0.9827076950035998,1.1689347821903282,1.3904526564323558,1.6539490647688597,1.9673791093815882,2.3402054165264268,2.6309346749995193,2.630934674999841,2.630934674999917,2.630934674999843,2.6309346749994527,9.841434542024068,9.903282715089855,9.075366959741892,8.125195072358624,8.831296160149895,10.629987853426053,10.603817635487621,10.70526353016855,8.701440189543037,9.171092699500038,9.608888924729342,11.583264818118444,11.49501114482545,10.540902504700556,9.406673651053639,9.875727377409873,12.330288114210033,12.235348872134438,12.264830264544322,11.101518104386896,10.12456040875247,10.445557170108899,12.564883623221517,12.21942818858499,10.671638617439417,9.062382625089008,9.67024511508701,10.23028940508619,12.520663855095519,12.626207225113115,9.999997795,10.0689648,9.249517479,8.30941952,9.022859188,10.83512461,10.82591318,10.94694857,8.963908665,9.448110379,9.9140879,11.92467706,11.87594543,10.96634815,9.890170514,10.43059824,12.9539167,12.95128908,13.09399278,12.08680116,11.29670402,11.84000794,14.22370789,14.19264551,13.01873933,11.70095206,12.30881455,12.86885884,15.15923329,15.26477666
0.13805344506001024,0.19215200448906947,0.2595573334043964,0.3435425340110983,0.4453046519318711,0.5752642029770287,0.7377174360403346,0.9397670694482796,1.1899726242709723,1.495523441663647,1.8834648076709568,2.3686985502996865,2.971226036954564,3.7207034453961008,4.658136897784256,5.827936764712467,7.275790703709098,9.087258906169769,11.34718495204457,14.177082477398423,17.66425792929301,22.00918339089395,26.837461218376284,32.13872748321998,37.95786083963951,42.02852969616012,42.0285297225264,42.02852974458371,42.02852971131587,42.0285296367965,0.1722753245280324,0.1800003161438751,0.1891892249494328,0.20011946917955623,0.20807384136386725,0.22279806439864078,0.24119424396870434,0.26244126246944527,0.28497616899481854,0.3007257299810978,0.33127232406726276,0.3705276447792123,0.4133552904279324,0.4615755639888108,0.5244718061508487,0.6017993655738115,0.6762290641958956,0.7761818035033614,0.8987685908848687,1.0678581825479063,1.2702216318986126,1.510933774270817,1.7972618422657352,2.137850238487494,2.5429815148354176,2.8589021279994777,2.8589021279998272,2.85890212799991,2.8589021279998295,2.8589021279994054,10.217829410431047,10.23480209938709,9.258239369667221,7.849665747831475,9.054857535727463,10.42357094264865,10.418783470016487,10.329640958109069,7.5794771107624355,8.361327158384869,8.45242538829286,9.610825794953673,9.12590156265169,7.326449680651027,4.80743240910274,4.784103839753381,5.463986702136508,3.7718843103704134,1.5476575471162755,4.347964463343712e-11,3.0740323414446165e-10,3.182713580558208e-10,3.77556449951681e-10,2.1380344720711807e-10,1.9181750366073727e-10,1.2369938395338054e-10,2.931373727736702e-10,1.5416976470998105e-10,8.105285693572685e-10,1.611647444403139e-09,10.52815818,10.60695442,9.706985928,8.393327751,9.708236029,11.22163321,11.39769515,11.53184929,9.054425904,10.15757633,10.66716252,12.35005199,12.51048289,11.50872869,9.990041113,11.21383997,13.41600647,13.63532502,13.79361109,12.68459777,12.14498231,12.73937554,14.73109343,14.94224499,13.66262832,11.81910787,13.23309299,13.84637801,15.95988411,16.080381
1.2642099651600938,1.7596118575307842,2.3768690978887363,3.14595477689377,4.07783071447226,5.267921692843734,6.755570161317898,8.605818519120444,10.89704968403459,13.69509929476846,17.247631725893754,21.69110890675305,27.208691264664147,34.07195214165484,42.656400806940816,53.368720578249295,66.62729139464714,83.21562174834423,103.91065783728686,129.82514805793363,161.7585920558756,201.5467919377838,245.76124049001933,294.30703112254713,347.59513541131173,384.8718591543753,384.8718593958218,384.87185959780925,384.87185929316246,384.87185861075915,0.20731483256403896,0.21661102949638858,0.22766889338774604,0.24082226725983166,0.2503944990467128,0.2681135185374753,0.2902513429637769,0.315819845562937,0.342938182944991,0.36189108643115636,0.3986506284939808,0.4458901868169212,0.4974286541575046,0.5554565694544454,0.6311454352189002,0.7242008398642054,0.8137689805709635,0.9340513568811734,1.0815713767690205,1.285052522313113,1.5285751784692274,1.8182463639900794,2.162811412045422,2.5726729318504775,3.060204869187554,3.440381363999371,3.4403813639997916,3.440381363999891,3.4403813639997947,3.440381363999284,9.529197942294978,9.06356863299288,7.668719688744607,5.442372558868626,6.043810976504339,6.175175568643264,4.863468045744065,3.0807901353436944,2.9114501085407733e-11,3.094893348468609e-11,3.250897202809605e-11,3.540626083462541e-11,3.686000120709098e-11,3.7545890472892094e-11,3.860403075635789e-11,4.0960604516712057e-11,4.4722604953735116e-11,4.6898203499710746e-11,4.894050994772751e-11,4.9874211723168976e-11,5.2134211595311023e-11,5.5125764752454284e-11,5.97974054674916e-11,6.279366546607763e-11,6.462375645551642e-11,6.652102166870358e-11,7.236679142686692e-11,7.958209706867979e-11,8.83945961481134e-11,9.126705490957715e-11,11.00072274,11.03979152,10.27325768,8.829149603,10.37203619,11.71121078,11.90928955,12.0024285,9.524575145,10.95898467,11.39652923,12.88886022,13.02099712,12.18010785,10.50877199,12.09858498,14.00132019,14.24735717,14.35648583,13.42457303,13.10319221,13.61042972,15.37378178,15.61293926,14.45965848,12.43281266,14.27715221,14.79312342,16.67625591,16.73657176
2.5633348513321903,3.567820633857166,4.819382510484441,6.378794458644835,8.26828286147538,10.681332722800676,13.697715500077614,17.449312331205906,22.095053829327327,27.76842951897578,34.971608138152504,43.98128234788993,55.16883152318701,69.08490265425668,86.49088508567428,108.21137722317502,135.0946937521858,168.72949057619175,210.69111777286258,263.23580399409406,327.98462909343067,408.6598984235147,498.30990912567444,596.7422268918739,704.7901450772972,780.3731002409013,780.3731007304625,780.373101140016,780.3731005223087,780.3730991386554,0.37581253642807066,0.39266433282426916,0.4127096128705183,0.43655355464891604,0.45390573665448464,0.48602610920807376,0.5261567252655515,0.5725063457708276,0.6216654485191261,0.6560225596033609,0.7226588758268857,0.8082929716294718,0.9017199681223395,1.0069107919609583,1.144116723010378,1.312804063011919,1.475169822016429,1.69321319291114,1.9606319403413124,2.329494913030897,2.770943631175366,3.2960486688339254,3.920663237278461,4.663644795506438,5.547424367350346,6.23659402799886,6.236594027999622,6.236594027999803,6.236594027999628,6.236594027998702,8.216276792258887,7.2468169533386595,5.393539906666223,2.418314401728745,2.0648813518938334,0.7074739280165238,2.6002501076169037e-11,2.7164027651304034e-11,2.835256740334656e-11,2.97998910783072e-11,3.126903294521494e-11,3.285184329192317e-11,3.447552403745763e-11,3.613798294960836e-11,3.7831307847467474e-11,3.974241401176331e-11,4.178949103400969e-11,4.3888761065540284e-11,4.606164452961894e-11,4.8243215540883716e-11,5.0647924636219375e-11,5.3225420553537465e-11,5.601991540731383e-11,5.88496392102053e-11,6.173474328656907e-11,6.469782828289521e-11,6.811529081644221e-11,7.153752611104702e-11,7.537503983430967e-11,7.894914841738457e-11,11.15542418,11.20730192,10.62563203,9.233662415,10.78706995,11.87483276,12.07676803,12.18454531,9.960949297,11.36655022,11.85255775,13.06893561,13.21856901,12.59788745,10.99023771,12.54853235,14.19693819,14.44771552,14.57432153,13.88503798,13.59050101,14.15504676,15.58857499,15.83250158,14.95562703,13.00242947,14.80812068,15.38506559,16.91077148,16.99052129
3.6912867461762744,5.1377794093685,6.940069798707518,9.18567444652862,11.906600077761455,15.381471480669811,19.72516218552256,25.127585381440067,31.817606394209555,39.98745454276269,50.36026937555319,63.334497452109716,79.44493732363381,99.48453882098295,124.54972771734474,155.8279529191415,194.54081555791308,242.97603254185884,303.4021599510664,379.06824147358816,472.30868557532267,588.483734756889,717.5827075764015,859.3284922821924,1014.9210587947232,1123.763007589376,1123.7630082943604,1123.7630088841308,1123.7630079946118,1123.7630060021056,0.5640042504031061,0.5892947446604812,0.6193778899809114,0.6551619131462866,0.6812033658820766,0.7294083215148509,0.789634726527406,0.8591943618126171,0.9329703543847808,0.9845321167124962,1.0845372041917074,1.2130533906689764,1.3532648472244146,1.511130979930556,1.7170440903017408,1.970203225583202,2.213875187856864,2.5411058575031795,2.9424370946716327,3.496011720974895,4.158520097451413,4.946576493766428,5.883972768022558,6.999009431765961,8.32535005807129,9.35962800299829,9.359628002999434,9.359628002999704,9.359628002999441,9.359628002998052,6.895298763439807,5.540140245991172,3.0970943713329238,2.2772233135325965e-11,2.3562405378086476e-11,2.4555841926848122e-11,2.5694410760337685e-11,2.693387815669576e-11,2.8240030854003374e-11,2.963477310106413e-11,3.109699644101471e-11,3.26337290075895e-11,3.426053922400622e-11,3.59439123893254e-11,3.768787206395035e-11,3.955702932909827e-11,4.1540496796255704e-11,4.3615748859090476e-11,4.577408864079774e-11,4.7999403626476294e-11,5.039816409774543e-11,5.2926479650889956e-11,5.5619752451056415e-11,5.839377221268403e-11,6.128199587942149e-11,6.431453703047501e-11,6.757513592207275e-11,7.093318689771403e-11,7.454911859101642e-11,7.803385355690053e-11,11.15058976,11.2672144,10.65654206,9.456582788,10.92414531,11.78980087,12.07153432,12.24968198,10.20142793,11.51063905,12.00317268,12.97535312,13.28923341,12.63453478,11.25556557,12.70760466,14.09527844,14.44145432,14.65223357,13.92542965,13.7627819,14.33492028,15.47695017,15.82564026,14.99913304,13.31633595,14.99583681,15.58056942,16.90344287,17.08134996
4.548349055556337,6.330695968950356,8.55145158992181,11.318452498114674,14.6711369076574,18.952822170924993,24.305053756702314,30.961839894035254,39.20518505994588,49.27195138445397,62.05318074764428,78.03983312020975,97.89087938480806,122.58338062129711,153.46833648721676,192.00890400163144,239.71032205140392,299.3914816505059,373.8476641232699,467.08229315530446,581.971792408941,725.1209735912352,884.194822759192,1058.8518869018021,1250.5707512468537,1384.6841943484724,1384.6841952171435,1384.68419594385,1384.684194847798,1384.684192392661,0.7266867943201366,0.7592721306638404,0.7980325201827947,0.8441381604564957,0.8776910632838862,0.9398003552867187,1.0173985882091117,1.107022147505624,1.202078238841344,1.2685125817539094,1.397363341981394,1.5629490011367406,1.7436033380826157,1.9470047022140933,2.212311812891323,2.538492688902554,2.8524498922459447,3.2740676480670325,3.7911596912387546,4.504408519271116,5.3580121720234954,6.373377173213357,7.5811579533403926,9.017818081603586,10.726731121208358,12.059338319997796,12.05933831999927,12.059338319999618,12.05933831999928,12.05933831999749,5.846547390142749,4.217595530406029,1.2440014899170284,2.2381610215083664e-11,2.33944073621641e-11,2.4465079288970157e-11,2.5634547740583666e-11,2.688496755812548e-11,2.821757284830766e-11,2.9596344776624344e-11,3.105776956618577e-11,3.258581313963177e-11,3.421225653022506e-11,3.590234185938046e-11,3.765689768085184e-11,3.951761762883332e-11,4.148483595453072e-11,4.354984207149273e-11,4.5703758638025143e-11,4.794656827766551e-11,5.0337342715225796e-11,5.2854315800910494e-11,5.552526924777067e-11,5.827791354808173e-11,6.116123722576682e-11,6.41971484493066e-11,6.741210441920632e-11,7.076893226171875e-11,7.43714950078431e-11,7.779867757062855e-11,11.12158324,11.30756363,10.5934856,9.571800059,11.02441341,11.7885125,12.04013211,12.29354953,10.32572026,11.49828858,12.1133447,12.97393521,13.33682372,12.55977422,11.39270132,12.69396989,14.09373814,14.40388713,14.70470494,13.84303066,13.74801496,14.46649443,15.47525889,15.78447232,14.91038077,13.47857974,14.97974685,15.72357685,16.8594712,17.14252028
5.067386561820376,7.0531270331682,9.527305477553517,12.610064308824931,16.345342255926866,21.115634531213253,27.078639147225758,34.49506831860277,43.679107627800654,54.89464886500645,69.13441567433998,86.94539421000628,109.0617542014221,136.57205462365135,170.9814652484112,213.92011211169321,267.06500531418436,333.5567152626317,416.5095084406347,520.383661563531,648.3838430581632,807.8685765731946,985.0952308525127,1179.6833877755316,1393.2803621860073,1542.6982390972764,1542.6982400650766,1542.6982408747115,1542.6982396535827,1542.6982369182767,0.8972918406481688,0.9375272717231702,0.9853874799002583,1.0423173913129957,1.0837475455037642,1.1604383033077714,1.2562543574788412,1.3669189369306323,1.48429144985657,1.5663226554601304,1.7254238483221842,1.9298842321488179,2.1529509835831737,2.404105106430049,2.7316986550362787,3.1344573688425075,3.5221226450999383,4.042724058429036,4.681214361030672,5.561913389480832,6.615918496975269,7.8696618400062315,9.360994622946881,11.13494100665839,13.245057412790707,14.890522247997279,14.8905222479991,14.890522247999531,14.890522247999112,14.890522247996902,5.06384224755071,3.137171875128933,0.061010222569058914,2.231404557456759e-11,2.3349153427410906e-11,2.4441454689725316e-11,2.562117424607568e-11,2.687330201933493e-11,2.8214550392288607e-11,2.958843237555325e-11,3.104994443152766e-11,3.2575219228706074e-11,3.419954604668925e-11,3.5888356200681364e-11,3.7642238702930444e-11,3.9500875847153386e-11,4.1465155110492e-11,4.352882073230785e-11,4.568056158083652e-11,4.7915444356646755e-11,5.032293574089121e-11,5.2809312291928886e-11,5.54704461771841e-11,5.821169012341618e-11,6.109063173983076e-11,6.412274602682981e-11,6.732018313448592e-11,7.067561964697174e-11,7.428133154652568e-11,7.770088573845557e-11,11.02852065,11.12782618,10.57370318,9.687017331,11.02187497,11.74341983,11.93938334,12.09813952,10.45001259,11.50926677,12.11055554,12.92430813,13.12483052,12.53631993,11.52983707,12.70608968,14.03982767,14.28335906,14.47096883,13.81717999,13.76114113,14.46316344,15.41606391,15.65239186,14.88253693,13.64082354,14.99404903,15.71995641,16.71839542,16.87003429
5.195526368832385,7.231480574157323,9.76822396094619,12.928937003305416,16.758669515781165,21.649588927775767,27.76338098646426,35.36735057757138,44.78362814416571,56.2827785499514,70.88262859915295,89.14399617153713,111.81961606281148,140.02557381134514,175.3051006553953,219.32954388634997,273.81832042506613,341.99141677984915,427.0418503843835,533.542685678123,664.77962804626,828.2972772910589,1010.005490062054,1209.5142285453599,1428.5124634962342,1581.7086939390476,1581.7086949313207,1581.708695761429,1581.7086945094213,1581.7086917049471,1.0523442247681978,1.099532354209173,1.1556628252440821,1.2224302478125106,1.2710195489950746,1.3609625000084768,1.473335606147685,1.6031230685950972,1.7407775980678248,1.8369838283677922,2.0235777701350206,2.26336898896347,2.52498176306401,2.8195354174399507,3.203737260508152,3.676092838981803,4.13074682794261,4.741308370915396,5.490130049743956,6.52301421781909,7.759151823780968,9.229542511193378,10.9785781874806,13.059063206266385,15.533808559994238,17.463610367996807,17.463610367998943,17.463610367999447,17.463610367998957,17.463610367996367,4.955897786418677,2.837162481653836,2.1678080797477293e-11,2.2296759567103913e-11,2.334018996918314e-11,2.4439012554809996e-11,2.5621991061558384e-11,2.6875299535163195e-11,2.821423750870732e-11,2.958663258494133e-11,3.1051749918951933e-11,3.257852783538884e-11,3.420367657978135e-11,3.589097051621192e-11,3.764510324183939e-11,3.950231262456762e-11,4.146518523691897e-11,4.3529524118286285e-11,4.568059398801254e-11,4.7915740619023737e-11,5.0322022880367187e-11,5.2799598572006446e-11,5.541851428177846e-11,5.8152935215791106e-11,6.102542595037925e-11,6.405282821479282e-11,6.724102490764522e-11,7.059672416694457e-11,7.420747132908926e-11,7.766955110812509e-11,11.20376838,11.16817541,10.51435592,9.675746076,11.03583635,11.7614569,12.12910505,12.14200708,10.43785356,11.40634618,12.12589595,12.94415896,13.17242083,12.46595705,11.51642161,12.59246661,14.06139186,14.51032751,14.5234402,13.739628,13.63808335,14.48148389,15.4397419,15.9011148,14.79900538,13.62495186,14.85996609,15.73986884,16.9840576,16.93120462
5.062532118528376,7.046370294799006,9.518178531424164,12.597984148499908,16.329683782648438,21.095406224342277,27.052698414944715,34.462022812608026,43.637264017008874,54.842061015885726,69.06818644625123,86.86210246177593,108.95727547365229,136.4412216417278,170.8176688186529,213.71518141603863,266.8091629963033,333.2371753697986,416.11050162230003,519.885145623544,647.762705799504,807.0946564973292,984.1515315951038,1178.5532774043163,1391.945630677847,1541.2203685959828,1541.2203695628557,1541.2203703717153,1541.2203691517564,1541.2203664190704,1.180471436325222,1.2334049134400495,1.296369498795935,1.3712661280205096,1.4257713752647319,1.5266652482686032,1.6527202394837612,1.7983098560809834,1.9527243872759796,2.0606441194250813,2.2699566364354387,2.5389434164702194,2.8324086153423056,3.162825381332161,3.593805369487101,4.123672170723023,4.633682141555312,5.318582048481479,6.158575828038664,7.317217866211878,8.703860279274833,10.35327704412789,12.315264964407136,14.649057539664666,17.425113257457753,19.589876324996418,19.589876324998816,19.58987632499938,19.589876324998833,19.589876324995924,4.934175515165663,2.9825483817812635,2.163668283479364e-11,2.2298379393819392e-11,2.3338572055217172e-11,2.4444699056631502e-11,2.5627082373187608e-11,2.6881929664817893e-11,2.821322643877609e-11,2.9587413872542045e-11,3.1050342610464703e-11,3.257615780126763e-11,3.420277870352293e-11,3.588824424057007e-11,3.764166670622163e-11,3.949705472557749e-11,4.145864960152299e-11,4.352255115283807e-11,4.567421668712954e-11,4.7914470403182695e-11,5.031670625333485e-11,5.279575491958865e-11,5.540680779589717e-11,5.813427327011039e-11,6.099930150341646e-11,6.402056326146299e-11,6.719656512499159e-11,7.052018375677052e-11,7.413290814282436e-11,7.763012813197999e-11,11.17717907,11.26232359,10.32889574,9.539238656,10.64237928,11.79495431,12.10031969,12.2443647,10.29059417,11.10581805,11.69357533,12.98102479,13.28346489,12.24607305,11.35394556,12.26068723,14.10143964,14.47589092,14.6458734,13.49727802,13.27875464,13.96518027,15.48371531,15.86337753,14.5379693,13.43272824,14.46844388,15.17870043,16.94375023,17.07393537
4.384177122636325,6.102190508780835,8.242788310204011,10.909914762425974,14.141584563533355,18.268723080885074,23.427766722170936,29.84427722677379,37.79008016514558,47.49348816654308,59.81338109666311,75.2229978044486,94.35752372376636,118.15875307080532,147.92892138618217,185.07837326998222,231.05801625179024,288.5849939245242,360.3536923794409,450.22303236344806,560.9656134860674,698.9478478303863,852.2799518121361,1020.6327971122196,1205.4315996607152,1334.7042394476337,1334.7042402849502,1334.7042409854264,1334.7042399289362,1334.7042375624171,1.2317031884042315,1.2869339466668934,1.3526311572498257,1.430778255246378,1.487648997519022,1.5929216040771046,1.7244473062807135,1.8763554248876122,2.0374714540910697,2.150074837865921,2.3684713925315135,2.649132037433514,2.9553334498638333,3.300090105254686,3.7497743663168146,4.302637068817677,4.834781166389059,5.5494053183505905,6.425854323962333,7.6347807314319285,9.081602593266153,10.802603056099203,12.849740074967961,15.284817847766254,18.18135271813776,20.440065203996262,20.44006520399876,20.440065203999353,20.440065203998778,20.440065203995747,5.518997578978679,3.8096185445725257,0.6333277725679983,2.2358756513850817e-11,2.336863448249684e-11,2.4471105843625404e-11,2.5646876851290012e-11,2.6898592569272732e-11,2.821228014579469e-11,2.9597702824398595e-11,3.105954283697768e-11,3.2586037263852095e-11,3.4215153936304514e-11,3.5895835895385253e-11,3.764504124501235e-11,3.949860140292459e-11,4.146311606444033e-11,4.3530801480568705e-11,4.5683682639082414e-11,4.7917729574576445e-11,5.03265044838101e-11,5.2800580826938875e-11,5.540970054416331e-11,5.813645987780684e-11,6.099898663237271e-11,6.402145703626228e-11,6.72000099055492e-11,7.053485804212788e-11,7.405573415888715e-11,7.76486306619394e-11,11.13487789,11.198743,10.22874724,9.403983599,10.20449963,11.65838794,12.05452479,12.17524007,10.14468578,10.73255937,11.21244433,12.83072565,13.2084741,12.12733569,11.19296012,11.84861422,13.93816792,14.42110543,14.56319124,13.36640904,12.83246509,13.3905843,15.30443909,15.80334096,14.39700982,13.24226813,13.98216973,14.55417429,16.87962488,16.97754577
3.5929753944602663,5.000943104500851,6.755232453404787,8.94102911460016,11.589487366537055,14.971811284476084,19.199814931130852,24.458353470164756,30.97019677580944,38.92245445523124,49.01900642430142,61.647687273729275,77.3290520748461,96.83493174386658,121.23255055671454,151.67773167109337,189.35954088147543,236.50476551863795,295.3215424023907,368.9723822856011,459.7295205038959,572.8104383144588,698.4710723118297,836.4416911601029,987.8903055544041,1093.8334280466865,1093.8334287328948,1093.8334293069577,1093.8334284411296,1093.8334265016906,1.2032961344792263,1.2572530930610422,1.3214351137659897,1.3977798872676714,1.453339006531052,1.5561836867514627,1.684675981434334,1.8330806081630449,1.990480781328413,2.1004871673645686,2.31384679205886,2.588034495955741,2.8871739147850772,3.2239793681388704,3.66329245766107,4.203404360496135,4.723275496352473,5.421418107134279,6.2776533677469635,7.458698027428893,8.872151503895658,10.553460137225532,12.553383564188094,14.93230057824622,17.762031998701435,19.96865127899635,19.96865127899879,19.96865127899937,19.96865127899881,19.968651278995846,6.0473325610797195,4.616530322458307,1.9839291128507215,2.2542678077816517e-11,2.344703342719186e-11,2.45294161226361e-11,2.568463422428489e-11,2.6928167014386535e-11,2.8230467494101192e-11,2.961592270799083e-11,3.1077192827099e-11,3.260707541832618e-11,3.423617352306576e-11,3.59133151501035e-11,3.765553997707632e-11,3.950670601109066e-11,4.1475585415601653e-11,4.354711007678508e-11,4.570231156622534e-11,4.7933699654468815e-11,5.033898400017844e-11,5.2822153252464416e-11,5.543797650256402e-11,5.816434718720149e-11,6.102199138058582e-11,6.404527494980082e-11,6.722338396269e-11,7.055160917674408e-11,7.40956707459083e-11,7.769733462698499e-11,10.84360409,10.87472652,10.06059668,9.335103708,9.941771841,11.4767289,11.73919423,11.82297032,10.07038059,10.4773163,10.92376572,12.63079944,12.82630949,11.92797419,11.11097679,11.56682899,13.72098572,14.04386822,14.14183021,13.14667839,12.5272818,13.04582672,15.06596789,15.38994628,14.16033711,13.14527455,13.64964402,14.17945861,16.43807603,16.48632952
2.5239921610681875,3.513060850115916,4.745413448941351,6.280891161105001,8.141379233779166,10.517393015625274,13.487479612259872,17.1814960176214,21.75593353892831,27.342232870841777,34.4348553427468,43.30624686903808,54.322086803231414,68.0245706708513,85.16340182658439,106.55052253814627,133.0212273496827,166.139789085303,207.4573789643701,259.1955964895797,322.9506407843846,402.3876863484362,490.6617267588541,587.5832812364295,693.9728535461159,768.3957430270433,768.3957435090906,768.3957439123582,768.3957433041315,768.395741941715,1.0663395404732003,1.114155233361108,1.1710321936571495,1.2386875682242315,1.2879230672895132,1.3790621858355965,1.4929297621872641,1.6244432915135087,1.7639285134087834,1.8614142077226603,2.0504896959859966,2.293469941495835,2.5585619510782873,2.8570329276459865,3.246344340341339,3.724981860873648,4.185682375260532,4.804363886348427,5.563144279783194,6.609764960758462,7.8623421837611165,9.352287862207534,11.124584279507847,13.232738043911395,15.74039548258231,17.695862072996764,17.695862072998928,17.69586207299944,17.695862072998942,17.695862072996317,6.992213708477791,5.903930706543115,3.982182473422767,1.8819001456933924,0.29543354095581137,2.4905371645090757e-11,2.5838051084600454e-11,2.7035231486933818e-11,2.8304312012658713e-11,2.968372372437071e-11,3.11382307466259e-11,3.267992331473421e-11,3.4301421197415965e-11,3.5970158930962854e-11,3.769870670029427e-11,3.954272956239904e-11,4.1524571602681466e-11,4.360430992319828e-11,4.5764936370979485e-11,4.798725603464016e-11,5.039064098988724e-11,5.2895068836897725e-11,5.5539310356950496e-11,5.826965750178758e-11,6.111481834142486e-11,6.414626134676899e-11,6.733360832751112e-11,7.066696954482284e-11,7.422493937529579e-11,7.786367221293189e-11,10.58254541,10.53114679,9.898628116,9.401478875,9.724735842,11.27960951,11.4565743,11.44943146,10.14198377,10.4128194,10.68529209,12.41385822,12.42107079,11.73594216,11.18997891,11.4956252,13.48531994,13.7057635,13.69502851,12.93502608,12.4501656,12.76102698,14.80720126,15.01943487,13.9323656,13.23874109,13.5656187,13.86991087,16.04233099,15.96545493
1.2090559491480897,1.6828448146821107,2.273172813334618,3.0087053919659534,3.899926136341709,5.0380967069599265,6.460843149891153,8.230370242741873,10.421641271413243,13.097619646129562,16.495164823563467,20.744785273075887,26.021650634520938,32.58548624930357,40.7954189463663,51.04038956486404,63.72052527375877,79.58515223707454,99.37732061948552,124.16123265457632,154.70150800955642,192.75385777648972,235.03935111510052,281.46722194977036,332.43051229291825,368.08095474184597,368.0809549727588,368.0809551659341,368.0809548745782,368.0809542219463,0.771378269973145,0.8059676151652718,0.8471117813236628,0.8960529335618908,0.9316693508930793,0.9975983846788447,1.0799689343193528,1.1751043718411789,1.2760064439003753,1.3465265206421597,1.483301644788994,1.6590708761689492,1.8508355139546524,2.0667461285416513,2.3483697133451162,2.6946108199710666,3.027876494060007,3.47542387983506,4.024317252875992,4.781431117237198,5.6875316739686745,6.765341955001619,8.047401648342866,9.572416844629544,11.386428595397847,12.80099157299766,12.800991572999225,12.800991572999594,12.800991572999235,12.800991572997336,8.611780030897897,8.017880290172691,6.72146906536283,5.662032287494382,5.111445570788599,5.362443718385772,3.9262296258153606,2.017370445444269,2.8923839957224903e-11,3.028009275656128e-11,3.1670338184128013e-11,3.3569860837142714e-11,3.493128345301949e-11,3.636388435143633e-11,3.8024898713092513e-11,3.986247527663075e-11,4.2019513822495847e-11,4.4100700991359606e-11,4.627934618755646e-11,4.8391704718594567e-11,5.083789519107859e-11,5.339205934106404e-11,5.6216273736526414e-11,5.891416514548877e-11,6.163574323500438e-11,6.467976089991757e-11,6.794629001664095e-11,7.133735269276727e-11,7.521667402512289e-11,7.892715662065461e-11,10.59221425,10.50669272,9.84175366,9.566790613,9.943041058,11.39813881,11.46704171,11.42284506,10.32031625,10.71060298,10.9251603,12.54430653,12.39222818,11.66851107,11.38673889,11.82437463,13.62702747,13.7182859,13.66322768,12.86070542,12.80621277,13.04749222,14.96279949,15.03315751,13.85231454,13.47152567,13.95356536,14.18126883,16.05698822,15.92838201
0.09432462514800699,0.13128731258384063,0.17734181256500797,0.23472446289846238,0.30425314161395367,0.3930476366112295,0.5040433477730716,0.6420931872697407,0.8130454236180674,1.021812153790596,1.286871992841617,1.6184065725308379,2.0300817704615186,2.5421600860545683,3.1826588360805332,3.981921280405831,4.971163381575837,6.20884389791763,7.752931965018725,9.686451430398556,12.069054176619836,15.037712186446317,18.336619330630487,21.95869448437834,25.93460086101342,28.71587382255428,28.715873840568968,28.71587385563956,28.7158738329094,28.715873781994254,0.6089003522191145,0.63620403095931,0.6686818673734447,0.7073143852908911,0.7354288006198304,0.7874709872567653,0.8524915597060432,0.9275883101208251,1.007237050055672,1.0629032533155673,1.1708689875210692,1.3096153731306404,1.460988000589994,1.6314206591019405,1.853724950854947,2.1270361653186587,2.390105004867848,2.7433840269002694,3.1766622007681913,3.774302705595431,4.4895483504577625,5.340335941050885,6.3523512248993566,7.556147502685076,8.988068049281347,10.104677018998153,10.10467701899939,10.10467701899968,10.104677018999398,10.104677018997897,10.553722022651968,10.378675396476877,9.686878260082578,9.423758491832732,9.761349387789398,11.008674466156293,10.830140862546388,10.548397822636225,9.361974046354481,9.327119872923575,9.41015717966859,10.486885264371368,9.655392708982962,8.31436470487979,7.301361703102767,6.489569064315699,7.211502823598325,5.62697276522614,3.565225284259315,0.30310886405486354,7.007685580415973e-10,3.2143196981122056e-10,1.6313722482551004e-09,4.692181776211506e-10,1.5048394200821672e-10,1.2863024108535716e-10,1.2752759773357623e-10,1.580489368875263e-10,1.9810087245666003e-10,1.5235502535266744e-10,11.256947,11.14616674,10.53290194,10.36579734,10.80103133,12.18919309,12.18667577,12.11807932,11.18225652,11.41183528,11.86789816,13.41490721,13.14646248,12.48794545,12.33774549,12.59852651,14.57277121,14.57920069,14.49481945,13.763863,13.64464643,14.17336722,16.00124856,15.97658935,14.82510899,14.59665112,14.86711718,15.40497801,17.06467233,16.89783898
1.713000000000127e-05,2.3842677996678748e-05,3.2206491618408515e-05,4.262757517606648e-05,5.52544609392231e-05,7.138015130816687e-05,9.153773506976713e-05,0.00011660853441688846,0.0001476546350936949,0.00018556810765978484,0.00023370479556943474,0.0002939137531048125,0.0003686767975323692,0.00046167373796383556,0.0005779927116224063,0.0007231442629782683,0.0009027974253041567,0.0011275687107629513,0.001407985712663993,0.00175912613214605,0.0021918231609307534,0.002730951852176932,0.0033300560552544157,0.003987849789248558,0.004709901704375655,0.0052149999833928295,0.005214999986664421,0.0052149999894013435,0.00521499998527339,0.00521499997602685,0.5202569993190977,0.5435858246679047,0.5713355568787902,0.604343975702367,0.6283655110871607,0.6728314269945194,0.7283863429888828,0.7925505529240914,0.8606040764391165,0.9081664267743296,1.000414573293425,1.1189623422026314,1.2482982321459362,1.3939194051018258,1.583860769631629,1.8173834992522235,2.04215493283643,2.3440038039286137,2.71420559767937,3.2248419515257916,3.8359625587252837,4.562892995416215,5.42757969320056,6.456128021329836,7.679590422230961,8.633644118998422,8.633644118999477,8.633644118999728,8.633644118999484,8.633644118998204,10.821275220699986,10.636792772674122,9.897241316650618,9.84531896674453,10.220840784475065,11.619359252878443,11.549787679301526,11.36263310856825,10.412022028953954,10.639338465147665,10.920244021942176,12.409084274076974,11.938175231090872,11.017337921196349,10.853177327694773,10.930402326524735,12.652937419780036,12.34364028740443,11.823727036653947,10.453247262390496,9.968928318164664,9.671032102784874,10.705641620799895,9.636546618939498,7.050316156126466,6.075947811083115,6.40524755108195,6.834907281082244,8.554063911089827,8.310881961104197,11.34154935,11.18040244,10.46860908,10.44970557,10.84926155,12.29226206,12.27826556,12.15530027,11.27277376,11.54769046,11.9208923,13.52834053,13.18684214,12.411719,12.43761609,12.74850897,14.69599515,14.68877166,14.53934062,13.67984834,13.8070827,14.23665605,16.13655137,16.09666249,14.73461648,14.71480693,15.04410667,15.4737664,17.19292303,16.94974108
4.700472000000348e-06,6.542430842288648e-06,8.837461300091296e-06,1.1697006628312641e-05,1.5161824081722816e-05,1.958671351896099e-05,2.5117954503144096e-05,3.199738184399419e-05,4.051643186970988e-05,5.0919888741844954e-05,6.412859590425288e-05,8.064993385196053e-05,0.00010116491324288211,0.00012668327369727645,0.0001586012000691883,0.0001984307857612368,0.00024772761350346054,0.0003094048542333538,0.0003863512795549996,0.0004827042106608761,0.0006014362753593987,0.0007493731882373501,0.0009137673815618116,0.0010942659821698041,0.0012923970276806796,0.0014309959954429922,0.001430995996340717,0.0014309959970917286,0.0014309959959590182,0.0014309959934217676,0.47895895593909005,0.5004359372136787,0.5259828934001597,0.5563711012236622,0.5784858051546283,0.6194220130013991,0.6705669751965622,0.729637824871714,0.7922892540949484,0.8360761011501104,0.9210015822141386,1.03013901948067,1.1492082158466448,1.2832699681207353,1.4581337715177214,1.6731194476614555,1.8800485063676764,2.157936589255403,2.4987517341812806,2.968853732276298,3.531463535431688,4.20069017429193,4.996737970914062,5.943640048192104,7.069983903120082,7.948304738998547,7.948304738999519,7.948304738999749,7.948304738999526,7.948304738998346,10.521759083607998,10.365725120375506,9.690391499159572,9.443724941791793,9.915379993044462,11.190973060309362,11.238697456874421,11.08399525777321,9.995433709501361,10.325954288990804,10.609343459221122,11.967820120618178,11.666905189274445,10.829280098641684,10.444196177320219,10.649483301592692,12.239626996060576,12.089111175934145,11.631561834585117,10.380915933561424,9.813961248343785,9.568877742573063,10.506358991760074,9.668204945884268,7.308331109913961,6.131967685070891,6.592006825072164,7.017168875074461,8.726520175079035,8.523618265086576,11.00072274,10.8661676,10.21638323,10.00010774,10.49388096,11.81041466,11.90928955,11.81366508,10.78776348,11.16208131,11.53040917,12.99803979,12.81621457,12.11267675,11.90248855,12.32280118,14.11992323,14.24735717,14.13069992,13.35025237,13.34602622,13.77031729,15.50401073,15.61293926,14.37960741,14.08170342,14.54174256,14.96690461,16.67625591,16.473354
0.0,0.0,0.0,0.0,0.0,0.0,0.0,0.0,0.0,0.0,0.0,0.0,0.0,0.0,0.0,0.0,0.0,0.0,0.0,0.0,0.0,0.0,0.0,0.0,0.0,0.0,0.0,0.0,0.0,0.0,0.48210183672009066,0.5037197477984648,0.5294343405571739,0.5600219527621024,0.5822817711691637,0.62348659831889,0.6749671686423383,0.7344256353269633,0.7974881769646671,0.841562348932254,0.927045102511899,1.0368986887298581,1.1567492052574613,1.2916906573460452,1.4677018995374713,1.6840982901930945,1.8923851966931065,2.1720967533965894,2.515148293227666,2.9883350536318583,3.5546366460639987,4.22825468321699,5.029526065889112,5.982641619923908,7.116376430612408,8.000460719998538,8.000460719999516,8.000460719999747,8.000460719999523,8.000460719998335,9.909483983299005,9.99808215222157,9.26657247446387,8.926617514259997,9.351874771854026,10.524709981705412,10.574875891383172,10.683102144699822,9.436363843063535,9.672805371097434,9.9883531275193,11.232332061302886,11.229710454776901,10.322582352690112,9.823638210500595,9.923635009846885,11.435824223348721,11.286349406647265,11.141719216818336,9.812590706416593,9.01694595398694,8.807579066836325,9.605164114166667,8.765771010134726,6.671549209449408,5.358199700066475,5.697453160068657,6.1681365700716935,7.7523901100751385,7.920506700080109,10.39158582,10.5018019,9.796006815,9.486639467,9.934156543,11.14819658,11.24984306,11.41752778,10.23385202,10.51436772,10.91539823,12.26923075,12.38645966,11.61427301,11.29134011,11.6077333,13.32820942,13.45844616,13.65686751,12.80092576,12.5715826,13.03583375,14.63469018,14.74841263,13.78792564,13.35866042,13.69791388,14.16859729,15.75285083,15.92096742
0.0,0.0,0.0,0.0,0.0,0.0,0.0,0.0,0.0,0.0,0.0,0.0,0.0,0.0,0.0,0.0,0.0,0.0,0.0,0.0,0.0,0.0,0.0,0.0,0.0,0.0,0.0,0.0,0.0,0.0,0.521084314176098,0.5444502371205792,0.5722440970717274,0.60530500602102,0.6293647405518854,0.6739013663447592,0.729544625998971,0.7938108701292725,0.8619726126421178,0.9096105968258281,1.0020054367334716,1.1207417208007848,1.250283281217401,1.3961360215717837,1.5863794316541504,1.8202735100964142,2.0454023761547186,2.347731248584607,2.7185217387766585,3.229970108689398,3.8420625224353024,4.570148926948036,5.436210653136927,6.466394583120897,7.691802539050731,8.64737337599842,8.647373375999477,8.647373375999727,8.647373375999484,8.647373375998201,9.293996914843014,9.513510232899465,8.883752384949325,8.372875633001094,8.686683429471325,9.845574543679563,9.896179444026556,10.141173819897531,8.82337195638612,9.053102743203908,9.234231053297794,10.456545819232035,10.612682968817026,9.81501631846445,9.099774658384035,9.1784401099437,10.531141003887248,10.364066991459378,10.361160661269462,9.126647361359202,8.069930387615857,7.654588483105466,8.373132386918993,7.463805346937911,5.617556961011295,3.9952981140669133,4.331855904069015,4.639646434072063,6.231540514075458,6.600720464080511,9.815081229,10.05796047,9.455996482,8.978180639,9.31604817,10.51947591,10.62572407,10.93498469,9.685344569,9.96271334,10.23623649,11.57728754,11.86296625,11.21115234,10.68615409,10.99871362,12.57654338,12.71179824,13.0796824,12.35661747,11.91199291,12.22473741,13.80934304,13.93019993,13.3093595,12.64267149,12.97922928,13.28701981,14.87891389,15.24809384
0.0,0.0,0.0,0.0,0.0,0.0,0.0,0.0,0.0,0.0,0.0,0.0,0.0,0.0,0.0,0.0,0.0,0.0,0.0,0.0,0.0,0.0,0.0,0.0,0.0,0.0,0.0,0.0,0.0,0.0,0.5576732224471048,0.5826798273081676,0.6124252850422153,0.6478076274562907,0.6735567611800036,0.7212206093273099,0.7807709643747247,0.8495497828570746,0.9224976294159374,0.9734806036254353,1.072363119769199,1.1994366937682732,1.3380742567749133,1.4941683196805984,1.6977700260910233,1.9480874140600513,2.1890241238881054,2.512581582710015,2.9094078196407676,3.4567684920024524,4.1118401176928545,4.891050468836384,5.817924336543405,6.920444555091438,8.2318968191578,9.254564846998308,9.25456484699944,9.254564846999708,9.254564846999449,9.254564846998074,8.835604860572014,9.147596052711886,8.373738735978847,7.984721197565831,8.301072204843218,9.335733340697026,9.388312575650817,9.729177207169743,8.38996995561233,8.507564364404347,8.788730640262115,9.868818846264615,10.138400993259577,9.159944550355727,8.57697682394727,8.518870215980197,9.834551826153984,9.652927087334094,9.744143430405467,8.285895698046344,7.224242392358556,6.885668631217272,7.384247343512627,6.411104984967514,4.416171280904516,2.901375253067381,3.0971562430694446,3.545505603072417,4.984927673075785,5.496751813080906,9.393278083,9.73027588,8.986164021,8.632528825,8.974628966,10.05695395,10.16908354,10.57872699,9.312467585,9.481044968,9.86109376,11.06825554,11.47647525,10.65411287,10.27474685,10.46695763,12.02357595,12.16550867,12.65355125,11.74266419,11.33608251,11.7767191,13.20217168,13.33154954,12.6480681,12.1559401,12.35172109,12.80007045,14.23949252,14.75131666
0.0,0.0,0.0,0.0,0.0,0.0,0.0,0.0,0.0,0.0,0.0,0.0,0.0,0.0,0.0,0.0,0.0,0.0,0.0,0.0,0.0,0.0,0.0,0.0,0.0,0.0,0.0,0.0,0.0,0.0,0.5751462799381082,0.6009363935401408,0.6316138380940013,0.6681047826038607,0.6946606900362408,0.7438179452997535,0.8052341363519656,0.8761679377187939,0.951401391449496,1.0039817678715584,1.1059624781187674,1.2370175304723698,1.3799988955683373,1.5409837088729514,1.7509646785834232,2.0091250289449936,2.2576107850837985,2.5913059694626748,3.000565594572626,3.5650762108647767,4.240672587817554,5.044297213692388,6.000211960045666,7.137276421329884,8.489819202000549,9.544529537998255,9.544529537999422,9.544529537999699,9.54452953799943,9.544529537998015,8.503894502081017,8.706284013479923,8.06152309492707,7.653838354418273,8.061663059986987,9.005217477724592,9.02365875767359,9.242614402308044,8.026017309578796,8.210841935158253,8.515263069912583,9.492355989560561,9.597499174466211,8.765712431163436,8.154111895454955,8.163927581095338,9.39783364495838,9.167224800581522,9.10283125547372,7.794675019184155,6.777100472234014,6.445956656361364,6.797742570010422,5.748287158729153,3.7458118880619553,2.174057722067742,2.460363662069726,2.9441829520726506,4.218603222076006,4.565425522081217,9.079040782,9.307220407,8.693136933,8.321943137,8.75632375,9.749035423,9.828892894,10.11878234,8.977418701,9.214823703,9.621225548,10.72937352,10.97749807,10.30669614,9.905076574,10.17305261,11.65544443,11.75853077,12.10339685,11.35975123,11.01777306,11.49025387,12.79795453,12.88556358,12.23563109,11.71858726,12.0048932,12.48871249,13.76313276,14.10995506
0.0,0.0,0.0,0.0,0.0,0.0,0.0,0.0,0.0,0.0,0.0,0.0,0.0,0.0,0.0,0.0,0.0,0.0,0.0,0.0,0.0,0.0,0.0,0.0,0.0,0.0,0.0,0.0,0.0,0.0,0.6229290930121171,0.6508618340124109,0.6840879425320074,0.7236105331486561,0.7523726896782026,0.80561390066119,0.8721325125741981,0.9489594522426507,1.0304432568526336,1.0873919798772451,1.1978451872697393,1.339788215930327,1.4946483883484636,1.6690077248138924,1.8964337894067553,2.176041949125234,2.4451717550497944,2.8065901381609804,3.2498508110869277,3.861260635802167,4.5929851605313425,5.4633744454490545,6.498706024063862,7.730237128881773,9.195148364531127,10.33748341199811,10.337483411999374,10.337483411999672,10.337483411999383,10.337483411997848,8.685746640007004,8.72482997900765,9.299851857489031,9.190084255873433,9.156399526344993,9.570853829363138,9.205361237451353,9.24426478778419,9.664100973175582,9.827679910152494,9.689661382761571,10.080110604102616,9.563608991686134,10.168081075222418,9.903202950631497,9.874063850914972,9.9603984049924,9.24934756188328,8.94258836895952,9.185246434246622,8.45770238951999,7.539149394604606,7.122904365992226,5.481239271177319,4.857293835531171,3.6225371580674257,3.882460078069343,3.7949094580724454,3.773758398076234,3.8762758380816518,9.308675733,9.375691813,9.9839398,9.913694789,9.908772216,10.37646773,10.07749375,10.19322424,10.69454423,10.91507189,10.88750657,11.41989882,11.05825738,11.8370888,11.79963674,12.0501058,12.40557016,12.0559377,12.19243918,13.04650707,13.05068755,13.00252384,13.62161039,13.2114764,14.0524422,13.96002057,14.21994349,14.13239287,14.11124181,14.21375925
0.0,0.0,0.0,0.0,0.0,0.0,0.0,0.0,0.0,0.0,0.0,0.0,0.0,0.0,0.0,0.0,0.0,0.0,0.0,0.0,0.0,0.0,0.0,0.0,0.0,0.0,0.0,0.0,0.0,0.0,0.5932112514181115,0.6198114157549536,0.6514524189377676,0.6890895203382184,0.716479531592748,0.7671807843493267,0.8305260181137476,0.9036878041574442,0.9812842918560155,1.0355161837857059,1.140700041973513,1.2758714484889349,1.4233437654917955,1.5893850073303375,1.8059613430572101,2.072230342521147,2.3285208750349597,2.6726972086433283,3.0948114130375686,3.6770529415153534,4.373869362320207,5.202735316277037,6.188674724585957,7.36145364283621,8.75647891467578,9.8443170179982,9.844317017999403,9.844317017999689,9.844317017999412,9.844317017997952,8.613941661601013,8.703304138265109,9.297868147083273,9.230867076683872,9.164369923430447,9.533273585675005,9.137059985911804,9.232375685869398,9.720014958172195,9.782124206244024,9.716125718057775,10.06037030154398,9.572902004542774,10.20665878270594,10.001128426980989,9.870312277519005,9.98617163500718,9.251755321400886,9.029255977008813,9.32421545853335,8.560323497731028,7.763147613776545,7.333149845470097,5.705934987222844,5.2472365453864,4.124521152067176,4.248694612069185,4.248251002072274,4.113023952076079,4.28973544208138,9.207152913,9.323115554,9.949320566,9.919956597,9.880849455,10.30045437,9.967586004,10.13606349,10.70129925,10.81764039,10.85682576,11.33624175,10.99624577,11.79604379,11.80708977,11.94254262,12.31469251,11.92445253,12.12406739,13.0012684,12.93419286,12.96588293,13.52182457,13.06738863,14.00371546,13.96883817,14.09301163,14.09256802,13.95734097,14.13405246
0.0,0.0,0.0,0.0,0.0,0.0,0.0,0.0,0.0,0.0,0.0,0.0,0.0,0.0,0.0,0.0,0.0,0.0,0.0,0.0,0.0,0.0,0.0,0.0,0.0,0.0,0.0,0.0,0.0,0.0,0.5650600155841062,0.5903978513698973,0.6205373096300644,0.6563883172652678,0.6824785172561388,0.7307737082260978,0.7911128516468183,0.8608026963070204,0.934716790895429,0.9863750722002581,1.086567360200047,1.215324117408442,1.3557980371876992,1.513959681082012,1.7202582422580195,1.9738912686495056,2.218019362899426,2.5458625788996403,2.947945072013323,3.5025559401802213,4.166304472693693,4.955836039636056,5.8949870353263805,7.01211094732062,8.340934363871588,9.377148383998286,9.377148383999431,9.377148383999703,9.37714838399944,9.377148383998048,8.54903031143502,8.876996737650162,9.426458950390975,9.327438723756822,9.336715522767053,9.505262561798233,9.075724383378738,9.43212053371981,9.835483639132772,9.96437595782945,9.922267899831208,10.050021812624447,9.810619142846827,10.397889678954222,10.162852437780126,10.115603861390577,10.019658187142662,9.25806188114453,9.363747228032972,9.62635011986839,8.927043107357418,8.191585910417436,7.542273274729647,5.923197222738395,5.800260096190458,4.681629286066938,4.889277186068981,4.9127336860720705,4.439116806075935,4.9756343360810655,9.114090327,9.467394589,10.04699626,9.983827041,10.01919404,10.23603627,9.866837235,10.29292323,10.77020043,10.95075103,11.00883526,11.26534593,11.16641718,11.91184936,11.88311068,12.08949513,12.23767755,11.80392446,12.3116923,13.12890606,13.09334758,13.14742195,13.43726031,12.93530817,14.14119446,14.05877767,14.26642557,14.28988207,13.81626519,14.35278272
5.049924000000374e-05,7.028821473420893e-05,9.494473729106829e-05,0.00012566609161904398,0.0001628901508488297,0.00021042868605647592,0.0002698532429856735,0.00034376195946098716,0.00043528586425621254,0.0005470547813810456,0.0006889617373386936,0.000866457744152987,0.0010868591991254244,0.001361014179517387,0.0017039225138628536,0.0021318292872599346,0.0026614468097966534,0.00332407255932918,0.004150741880933451,0.005185903837566555,0.006461494678423861,0.008050846060217595,0.009817005250890016,0.011756181178704746,0.013884790224499429,0.01537381995104206,0.015373819960686711,0.01537381996875516,0.015373819956585953,0.015373819929327152,0.5402779436911016,0.5645045274846463,0.5933221470005738,0.6276008220973762,0.6525467733464418,0.698723862058773,0.7564166865948192,0.8230501147807532,0.8937225282105635,0.943115210807542,1.0389133240013704,1.162023142608827,1.2963362393196478,1.4475613222795385,1.6448121617384068,1.8873214991037341,2.1207427660858467,2.4342076259389667,2.8186558200818372,3.3489428889557593,3.983581126282937,4.738485879233627,5.636448139476929,6.7045778838838235,7.975122539712298,8.965890890998361,8.965890890999457,8.965890890999717,8.965890890999466,8.965890890998136,8.405765789088026,9.28308061732067,9.782461888283164,9.629115391833084,9.64951962652589,9.501027839279503,8.928279541187756,9.8829478132866,10.170561395953364,10.274682304440757,10.280224904292512,10.062754669679881,10.317496691515693,10.852854653577118,10.56154669578581,10.495461801649016,10.0711449571464,9.148816111545848,9.983388688083412,10.204544557255167,9.423255189089625,8.772290734759542,7.743639185328171,5.980543144996456,6.615091110125085,5.4619602091156425,5.633776529108094,5.712296579103107,4.580331229119256,5.948001979151398,8.946094232,9.847655433,10.37587898,10.25684188,10.30222929,10.19996213,9.684966081,10.70634169,11.06471921,11.21834457,11.31982719,11.22564427,11.61491979,12.30177699,12.20806278,12.38491513,12.19454917,11.58634781,12.80619525,13.55867335,13.41329781,13.51882746,13.38990433,12.69687721,14.60409844,14.44322492,14.61504124,14.69356129,13.56159594,14.92926669
0.014808240912001098,0.0206110986434361,0.02784130104002931,0.03684993594288285,0.04776540391422705,0.06170545691222107,0.07913093014897506,0.100803693522506,0.1276418802242197,0.16041665171103597,0.2020290084694629,0.2540773884019936,0.31870722921914596,0.3990995875371884,0.49965296667161324,0.625131025120425,0.7804344289922519,0.9747407538710466,1.2171507083352255,1.5206983980976914,1.8947487100737854,2.360805192417316,2.8787082496597645,3.4473461996533024,4.071532931128669,4.508171401643725,4.508171404471892,4.50817140683786,4.508171403269399,4.508171395276113,0.43844967727808243,0.45811018344877885,0.4814964351442672,0.5093144762270366,0.529558767896291,0.5670326827210254,0.6138519182542694,0.667926687408197,0.725279198689834,0.7653626520260778,0.8431053255965129,0.943012162195165,1.0520107518928201,1.174733860608182,1.334808074100448,1.531610741961236,1.721038203091617,1.9754231326366933,2.2874128938705085,2.7177547150155212,3.2327802377000503,3.845405182271468,4.5741250343568485,5.440940248997706,6.472020456547112,7.27605487799867,7.276054877999559,7.27605487799977,7.276054877999566,7.276054877998486,8.333300453829045,9.884915107927823,10.332664503836721,10.102666657852149,10.18943830821265,9.64852571039108,8.81927105662232,10.498584269096083,10.634662251114094,10.760510886292504,10.785110095965157,10.113629699435597,10.852780918922376,11.280585341890673,10.840161399265853,10.744779602958152,9.78549448795799,8.429564373536248,9.972629207840232,9.92932650693503,8.845271552276857,7.9221884653643535,6.038548146039211,3.582167121407804,4.716615732385745,3.210980260422251,3.4404454175963677,3.5718757752335133,1.5355254688059912,3.927279126803751,8.786558372,10.36363639,10.84200224,10.64883107,10.76676248,10.27726385,9.512253905,11.26731465,11.48758333,11.68629019,11.83024443,11.31071925,12.2234989,12.85441879,12.67462244,12.90152137,12.28696712,11.37972826,13.47719281,14.16777962,13.9728005,14.12839884,13.49138143,12.47045357,15.26016912,14.99520654,15.2246717,15.35610206,13.31975175,15.7115054
0.33722029609202503,0.46936572876043314,0.6340153321450225,0.8391642453331656,1.0877364669193614,1.4051859754367655,1.802007129236306,2.29554959153049,2.9067215274753067,3.653084192076169,4.60070054641244,5.785970977671678,7.2577524124994675,9.088485383191188,11.37833469657477,14.23578064674622,17.77242353019048,22.197259457533985,27.71753408744059,34.63006626651872,43.148117648007705,53.76137724483951,65.55531167284597,78.50460517809798,92.71888192141118,102.6622205790721,102.66222064347646,102.6622206973554,102.66222061609272,102.6622204340658,0.4341307634760816,0.4535976053886993,0.4767534926650558,0.5042975143385219,0.5243423912169046,0.5614471722132,0.6078052185769162,0.6613473285023349,0.7181348934163719,0.7578235078718563,0.8348003833968413,0.9337230956184865,1.04164800334569,1.1631622378035873,1.3216596529405933,1.516523731716834,1.704085252652133,1.9559643836069271,2.264880914420684,2.690983687558045,3.2009359921434895,3.8075263232445877,4.529067978172881,5.3873446982308755,6.408268331901609,7.204382675998683,7.204382675999564,7.2043826759997724,7.20438267599957,7.204382675998501,8.214627137451025,10.162068225870897,10.434745705210936,9.92654069035038,9.892098341886907,8.929044472374386,7.318331777212397,9.094716409994,8.532824679136514,8.135798650081638,7.2049960102219055,5.27162505674267,4.774955534189265,3.436864479041371,0.7139686405227685,9.480109128211618e-11,9.73172604500703e-11,5.039485004404388e-11,7.507798328787938e-11,1.242078250638673e-10,1.1405505539219029e-10,9.796686965057404e-11,8.863207139768258e-11,6.658291255646939e-11,9.272217042265369e-11,9.103188854913688e-11,1.0304583016712218e-10,1.0382697047441455e-10,9.393421455715868e-11,9.771793728805343e-11,8.985978197,11.08503156,11.54551453,11.27000245,11.5041772,10.89567762,9.728144125,12.05161333,12.1576811,12.54670635,12.64049694,11.99131913,13.07435595,13.6885121,13.41396299,13.85141028,13.02631076,11.6380027,14.41531737,15.08709387,15.00156353,15.09605176,14.30319829,12.75348312,16.25036597,15.86991222,16.34560514,16.40784027,13.62205698,16.80515667
1.522686823728113,2.1193772112044504,2.862837152706183,3.789167953769481,4.911572657580178,6.344986332320879,8.136795275227021,10.365340273837072,13.125030199622602,16.495161263146137,20.774034609201642,26.12601279422898,32.77170471785022,41.03820885340255,51.37781005243758,64.28034097440192,80.24972235879758,100.22965666822617,125.15594236256507,156.36883728513664,194.83130455873402,242.754489290449,296.0089012032422,354.4802293692505,418.6634714715037,463.56169062778747,463.5616909185994,463.5616911618847,463.56169079495066,463.5616899730251,0.49129319412909234,0.5133232545336528,0.5395281005846542,0.5706988710658012,0.5933830768766333,0.6353734813970784,0.6878355379655932,0.7484275909107635,0.8126924311401004,0.8576068850485649,0.9447193825549319,1.056667346965804,1.1788028349437407,1.31631696985775,1.4956838977399631,1.7162059241369174,1.9284638576180368,2.2135081649838715,2.5631000435403664,3.0453081938352753,3.622406427020213,4.308867112064251,5.12541487640264,6.096701748283501,7.252051415125547,8.15299092899851,8.152990928999506,8.152990928999742,8.152990928999513,8.152990928998303,7.491698330161953,9.096695934281945,8.731676256730212,7.454912945186861,6.621137485566477,4.663856146306622,1.466136306833544,1.6383969952794457,2.924791362234209e-11,3.068592379949862e-11,3.201878922233044e-11,3.3333599491247715e-11,3.5082703034247636e-11,3.682550717857019e-11,3.8402915602852714e-11,4.0271895818110456e-11,4.2103687962270307e-11,4.403723196433714e-11,4.6589082696990356e-11,4.886386155418275e-11,5.135532237323102e-11,5.398585928751453e-11,5.652321353641197e-11,5.898861749460415e-11,6.259746907044328e-11,6.57119121202601e-11,6.938783092530368e-11,7.31911378699294e-11,7.55404520911823e-11,8.18110505399719e-11,9.505678348,11.7293964,12.13404151,11.81477977,12.12609322,11.64421596,10.29076712,12.75216486,12.74536765,13.2342159,13.32384242,12.81512857,13.83435877,14.38627734,14.06237658,14.61041241,13.92122463,12.31108154,15.25326931,15.85615113,15.82358949,15.91214458,15.28583495,13.49107529,17.07872046,16.63704322,17.24127923,17.29484841,14.40988274,17.78202823
2.754739770468204,3.834230782948817,5.179247129508128,6.855100797205183,8.885677819325656,11.478910778203776,14.720527687988959,18.752257287459962,23.744897582401713,29.841905796899987,37.5829477468894,47.26537681058607,59.28830336317548,74.24349135724458,92.94918328936862,116.29155055528346,145.1822517315513,181.32856809539,226.42348154852485,282.8916939575172,352.4753316549229,439.1746455589633,535.5188472444321,641.3011332805273,757.4170192667035,838.6437745033384,838.6437750294552,838.6437754695901,838.6437748057584,838.6437733187875,0.552850955520104,0.577641325283758,0.6071295704939016,0.6422059575693388,0.667732435459928,0.7149841286224105,0.7740195446408789,0.8422036244693083,0.9145206822907934,0.9650628006361855,1.0630902678587075,1.1890650214939449,1.326503768943343,1.481248067853281,1.6830892060033262,1.9312420696368313,2.1700953709730704,2.490854989823724,2.8842498229124196,3.426877402198758,4.076284545342335,4.8487569715609276,5.767616050287886,6.8606026448922695,8.160714624676023,9.174539519998323,9.174539519999446,9.17453951999971,9.174539519999453,9.174539519998092,6.5739637780308815,7.684335391787505,6.687675140019095,4.72699527524778,2.6704126252380527,2.56352662630073e-11,2.580120543147128e-11,2.7118469810545068e-11,2.8405188557425434e-11,2.979811574254299e-11,3.1240521283130376e-11,3.2756494497332124e-11,3.440793636165335e-11,3.611444332699184e-11,3.7846552853083344e-11,3.9701661600658893e-11,4.1660329092219165e-11,4.369184655996465e-11,4.594788521500756e-11,4.818826282785592e-11,5.059504864971013e-11,5.3138653537965385e-11,5.5779799758177646e-11,5.84558633017321e-11,6.160369871001928e-11,6.471566507283538e-11,6.796936660368508e-11,7.127653543978873e-11,7.460664321712963e-11,7.853369889443824e-11,9.881554504,12.0962075,12.47405184,12.22430203,12.22382288,12.10287284,10.69768747,13.15096081,13.18714581,13.44417391,13.43122529,13.31990681,14.26699795,14.78939801,14.54980473,14.84220349,14.46957116,12.79788972,15.73028179,16.30045942,16.07462735,16.04038774,15.88793246,14.02454311,17.5572866,17.2137141,17.51480844,17.4342354,14.9796823,18.3381221
3.8027914114802823,5.2929790491799835,7.14971218449425,9.463151008275753,12.266269089645927,15.846107784287208,20.321010668397083,25.88662773997743,32.778737781641354,41.195376885769164,51.881528862413056,65.24767635860094,81.84477287028865,102.48972128632468,128.31206769735687,160.53513091154662,200.41741361663188,250.3157390042573,312.5671906366129,390.51895779539,486.57596566669093,606.2603764520628,739.259110722035,885.2866858626237,1045.579319924971,1157.7091154532748,1157.7091161795547,1157.7091167871408,1157.7091158707517,1157.7091138180567,0.6185903965171162,0.6463285861843078,0.6793232751054401,0.7185705911726973,0.7471324194961553,0.8000028058410373,0.8660581161173154,0.9423499567229688,1.023266227240506,1.0798183028332455,1.1895022044585966,1.3304566009813568,1.4842381734515653,1.6573830984366518,1.8832251421828567,2.1608858331506338,2.428141151980653,2.7870422587443,3.22721562438348,3.8343669842216435,4.560995053083912,5.42532208311239,6.453442584990391,7.676396084832234,9.13110422463184,10.265482916998122,10.265482916999378,10.265482916999675,10.265482916999387,10.265482916997863,5.681347412021825,6.358645974655829,4.8045121404215365,2.245463010574131,2.3775439641605073e-11,2.4550019648328205e-11,2.5664431313701482e-11,2.6939765332119853e-11,2.8262298917883774e-11,2.965046848692559e-11,3.110695858551644e-11,3.262823190044234e-11,3.426486862732164e-11,3.59624267827084e-11,3.7713151047475134e-11,3.9571201960175404e-11,4.153203430766767e-11,4.3581616584261935e-11,4.577741344077135e-11,4.801645261763133e-11,5.0419239839682484e-11,5.292754859659439e-11,5.5590530193111125e-11,5.831688870309553e-11,6.131009846584902e-11,6.439919205197587e-11,6.762206803203175e-11,7.095184108277111e-11,7.442650377623676e-11,7.804129348748204e-11,10.10272922,12.29795361,12.6335476,12.42718461,12.46751242,12.20980689,10.93712935,13.37029857,13.40600839,13.644526,13.69898515,13.43759388,14.5049495,14.97849825,14.7912829,15.06338974,14.597416,13.08433955,15.99263866,16.5088804,16.31417983,16.36016289,16.02830912,14.33844861,17.78177763,17.49940426,17.77582324,17.78179777,15.31496628,18.64397373
4.5809864745483395,6.376122908335582,8.612813922742143,11.39966989634201,14.776412038588544,19.088821231401177,24.47945862611566,31.18401161591541,39.48650824684978,49.62551029170703,62.49845344661914,78.59982064546328,98.59331132372766,123.46299762208686,154.56957351602836,193.38669514596782,241.43040248541155,301.53981395963837,376.53026888911717,470.43391817775785,586.1478257340821,730.3241971666278,890.5395066320574,1066.4498509677019,1259.5444252303237,1394.620221172831,1394.6202220477355,1394.6202227796566,1394.6202216757397,1394.6202192029855,0.7363830911791385,0.7694032188207006,0.8086807943489286,0.855401629474748,0.8894022339926585,0.9523402601044206,1.0309738985247947,1.1217933191515141,1.2181177589518704,1.2854385458118804,1.416008582117366,1.5838036769185961,1.7668685132619897,1.9729838939733197,2.2418310394000964,2.5723641984420014,2.890510582417865,3.317754050655114,3.8417457347632205,4.5645115547445085,5.429504976076292,6.458418153108526,7.6823145432566085,9.138144254891913,10.869859591535437,12.220247978997767,12.22024797899926,12.220247978999614,12.220247978999272,12.220247978997458,4.975110644291777,5.235571332863884,3.2825277529302865,0.1207662542069669,2.3441930133978316e-11,2.4471682561528346e-11,2.5627261163998155e-11,2.689200461087387e-11,2.822859585957509e-11,2.960699568896663e-11,3.106536933838341e-11,3.258844790014813e-11,3.4218158346380346e-11,3.5914223453278183e-11,3.766699518805678e-11,3.952368196784205e-11,4.148585852891791e-11,4.354232371587797e-11,4.571397729116129e-11,4.795681325987342e-11,5.035402555614715e-11,5.2863947625182774e-11,5.552895983166319e-11,5.826198506233337e-11,6.119758012950045e-11,6.42541609576264e-11,6.745752261400421e-11,7.07989319951978e-11,7.434497762551329e-11,7.782805437029228e-11,10.29248021,12.38109746,12.70402247,12.37583778,12.42308985,12.40434955,11.14255217,13.46069232,13.35061725,13.5690509,13.65017476,13.65169926,14.60301438,15.06205417,14.73016805,14.98006615,14.83000118,13.33009159,16.10076149,16.60097339,16.22393746,16.30187054,16.28369317,14.60775552,17.88097134,17.42709996,17.67749575,17.71844005,15.60261429,18.77002167
4.99750770058837,6.955864967369649,9.395924686043164,12.43617251604122,16.119941274699723,20.824451595545856,26.70522684795945,34.01938404569065,43.076776176780584,54.13765598443185,68.18105753196697,85.74642407764274,107.55780120818085,134.6887367561888,168.62364432088233,210.97017062871743,263.3821999432891,328.95699445300244,410.7658751521417,513.2076118917378,639.4426809736469,796.7281325854804,971.5108452728335,1163.4156468510157,1374.0671358219427,1521.4245519890223,1521.4245529434768,1521.424553741947,1521.4245525376575,1521.424549840071,0.8456272561321589,0.8835459974356242,0.9286504937491866,0.9823024747423766,1.021347148974747,1.093622179410388,1.1839213031866198,1.2882139986436945,1.3988283958271128,1.476136379884611,1.6260767884256107,1.818764680514488,2.0289876162468454,2.2656806988629374,2.5744119511546923,2.9539804823844587,3.3193246313098315,3.809950673751051,4.411677757623777,5.241667588322108,6.234984819821689,7.41653968863158,8.822003989195219,10.49380946543795,12.482428848567707,14.033150531997434,14.03315053199915,14.033150531999556,14.033150531999162,14.03315053199708,4.618549953298744,4.528236755214933,2.3843928902291176,2.2553522003608242e-11,2.338792152062213e-11,2.4449639275994836e-11,2.5619186677109347e-11,2.6879731209691605e-11,2.8221623535445213e-11,2.95963655698093e-11,3.1055544933744456e-11,3.2577795703519915e-11,3.42056846783277e-11,3.590014829934464e-11,3.765448053430414e-11,3.951007941907951e-11,4.147029746237404e-11,4.3526760735587996e-11,4.569221196351003e-11,4.793130432676722e-11,5.033563911731503e-11,5.28317523286769e-11,5.549304092855696e-11,5.822734702090181e-11,6.113863972889578e-11,6.418613559678737e-11,6.738070752232123e-11,7.07264659951251e-11,7.429911897873514e-11,7.774433950845511e-11,10.46168491,12.36764772,12.70896807,12.51359757,12.46370477,12.41465645,11.32573175,13.4460698,13.49922764,13.63492008,13.6948014,13.66304259,14.58715094,15.06791775,14.89413471,15.05278492,14.84232358,13.54923354,16.08327103,16.60743605,16.30269443,16.3551664,16.29722346,14.84790181,17.8879323,17.62108711,17.76330883,17.77636711,15.8591157,18.74963156
5.1521279592123825,7.171075769362365,9.686629651799732,12.820941149913805,16.61868377560763,21.46874917032046,27.53147251464612,35.07192588744809,44.40954896517635,55.812646573966134,70.29054357590248,88.39937331980367,110.88558298185995,138.85593539973095,173.84077114831047,217.49747669784537,271.53110662079115,339.1347507679177,423.47475518897784,529.0859853596104,659.2267010554441,821.3784817783169,1001.5688796275244,1199.4111147883932,1416.5800499856427,1568.4966270711213,1568.496628055106,1568.4966288782805,1568.4966276367309,1568.4966248556825,0.9447458744431776,0.9871091901366447,1.0375005256832082,1.0974412233504773,1.1410624460966903,1.221809059139465,1.322692425935883,1.4392095947630799,1.5627894517689205,1.649158946685515,1.816674339968079,2.031947783185558,2.266811607413379,2.531248227317981,2.8761668363141024,3.3002257835007986,3.7083930639973217,4.256526921000489,4.928784320353564,5.85605985776776,6.965806912001646,8.285855526378308,9.856058698054632,11.72382172851328,13.945533415814849,15.678020042997133,15.678020042999051,15.678020042999504,15.678020042999064,15.678020042996737,4.362393866363726,4.450335380521201,2.1616432725385617,2.2496346497565285e-11,2.3379294756794826e-11,2.4443521280152827e-11,2.5617886139868877e-11,2.687888585319628e-11,2.8219933417147762e-11,2.959322861941752e-11,3.105643425197735e-11,3.257684273533982e-11,3.4206024791201684e-11,3.5898702871943854e-11,3.765268972337127e-11,3.9507784005590127e-11,4.14661648936204e-11,4.352421357149947e-11,4.568830851256523e-11,4.792614337427509e-11,5.0333408836453416e-11,5.2811744096696246e-11,5.545891335051514e-11,5.8191537171107696e-11,6.109249650871277e-11,6.413318692196396e-11,6.73235076802337e-11,7.067355346926631e-11,7.425367574034358e-11,7.771625125003736e-11,10.4592677,12.60852034,12.88577345,12.69268528,12.76577827,12.2974155,11.3231149,13.7079458,13.69242115,13.81057122,14.02671207,13.53401219,14.87125067,15.2775405,15.10729136,15.24670163,14.70215635,13.54610294,16.39650923,16.83847636,16.51271304,16.75155434,16.14331651,14.84447115,18.1367867,17.8732704,17.99214373,18.20719963,15.8554514,19.11479987
4.98997775685637,6.94538428880951,9.381767472400915,12.417434440004595,16.09565271767612,20.793074565602357,26.66498901991333,33.9681256859224,43.01187068384278,54.05608462371195,68.07832641926782,85.61722652814245,107.39573958875805,134.48579587648013,168.36957236548113,210.65229347691678,262.98535150114463,328.46134185837263,410.1469578613174,512.434341559423,638.4792072391283,795.5276706017271,970.0470312202666,1161.662682196917,1371.9967741863793,1519.1321610703226,1519.1321620233389,1519.1321628206058,1519.132161618131,1519.132158924609,1.052908751466198,1.1001221948284843,1.1562827768752892,1.2230860166142876,1.271701383372268,1.3616925839944474,1.4741259723275038,1.6039830588445816,1.7417114326499512,1.8379692724748633,2.0246633119661377,2.2645831660279914,2.52633628146556,2.8210479482085327,3.2054558951282384,3.6780648672431724,4.132962753884112,4.743851830646381,5.493075212472678,6.526513467960558,7.763314195992708,9.234493669792688,10.98446761068172,13.066068699010389,15.542141621978468,17.472978665996806,17.47297866599894,17.47297866599945,17.47297866599896,17.472978665996365,4.313649761696719,4.719519926382202,2.3848152307452666,2.2559804725846313e-11,2.339130562978977e-11,2.4448422011689888e-11,2.5621626127470438e-11,2.6886529239945576e-11,2.8219730819877015e-11,2.959481480504145e-11,3.105808860771995e-11,3.2580563528202676e-11,3.4211282445554653e-11,3.5901283834732633e-11,3.765405689500367e-11,3.950869024183457e-11,4.1467338686464273e-11,4.3527873416769824e-11,4.568956620492135e-11,4.793102185180188e-11,5.0328391636292295e-11,5.2819215236888977e-11,5.5411256464485696e-11,5.813763604674719e-11,6.103511397996379e-11,6.407020428802223e-11,6.725123940295143e-11,7.060150589638292e-11,7.418497187937881e-11,7.769624906961022e-11,10.35653627,12.76502641,12.92286548,12.78536004,12.81147006,12.09127758,11.21189872,13.87809874,13.79239541,13.89427997,14.07691704,13.30714557,15.05584338,15.3215173,15.2175962,15.33911507,14.45570847,13.41305247,16.60003456,16.88694636,16.61280004,16.81151218,15.87271089,14.69866804,18.18899391,18.00377085,18.10119786,18.27236758,15.6997184,19.35206658
4.547213548968337,6.3291154950483826,8.549316698888004,11.315626818462432,14.667474222052444,18.948090552007137,24.2989859399351,30.95411019414924,39.19539738855664,49.25965051996066,62.03768901763748,78.02035028290943,97.86644068472395,122.55277737722444,153.4300227375458,191.96096850398482,239.6504777767943,299.3167378268343,373.75433212954306,466.96568490590715,581.8265017119784,724.9399453472387,883.9740813354236,1058.5875419101123,1250.2585431666346,1384.338504515573,1384.3385053840275,1384.3385061105525,1384.338505014774,1384.3385025602502,1.1140721329382095,1.1640282012838608,1.2234511468532745,1.2941349812117333,1.3455744105660967,1.4407931925196251,1.5597578269945997,1.6971583008265119,1.8428873043681688,1.9447367540725546,2.142275834731979,2.3961326130869014,2.673090945148134,2.984922388008602,3.391660560473097,3.8917233483230684,4.373046215222446,5.01942178745459,5.812167492983278,6.9056380904572565,8.214284469528161,9.770924636141757,11.622554417162831,13.825075538932868,16.444983331284572,18.48798253799662,18.48798253799888,18.487982537999414,18.487982537998896,18.487982537996153,4.565929858112727,5.249874053687926,3.0450035342801067,0.03658610035041709,2.3431646749454464e-11,2.446633264519124e-11,2.5633338144890918e-11,2.6900934730134363e-11,2.8221821983965452e-11,2.960308326790189e-11,3.1062544503742416e-11,3.2582196704480466e-11,3.421625375874717e-11,3.590336035899776e-11,3.7652686819195354e-11,3.9505298097621524e-11,4.1463508333955956e-11,4.352538504960035e-11,4.5690095132461824e-11,4.792776951968309e-11,5.033111738542131e-11,5.281511237398283e-11,5.5428726015570354e-11,5.815086396477748e-11,6.105085944246667e-11,6.408687659526422e-11,6.726968431234756e-11,7.058013702129556e-11,7.41202407137321e-11,7.76960564651321e-11,10.22721554,12.74301775,12.81777138,12.6463479,12.62616447,11.94311595,11.07189719,13.85417098,13.64243402,13.81468804,13.87330798,13.14408518,15.02988503,15.19691636,15.05213894,15.25124655,14.27857405,13.24556541,16.57141381,16.74961471,16.51763535,16.56834983,15.6782131,14.51512767,18.04107347,17.80802018,17.99750705,18.00807536,15.50367804,19.31870095
3.7459654320962774,5.21388485605105,7.042872404649611,9.32174098444942,12.082971433008078,15.609315781563055,20.01734917126149,25.49979795756222,32.288917626954465,40.579784973322994,51.10625134373408,64.27266544940022,80.62174776252836,100.95819400578368,126.39467120496005,158.1362178362599,197.4225304947251,246.57521382551477,307.89642781811835,384.6833439413802,479.3049500358429,597.2008893738081,728.2121932238766,872.057645003877,1029.9549896766628,1140.409204096366,1140.4092048117932,1140.4092054102998,1140.4092045076045,1140.4092024855836,1.126719184656212,1.1772423589919656,1.23733987943282,1.3088261233322127,1.3608494979304746,1.4571492124594507,1.5774643446628358,1.7164246016068585,1.8638079345138354,1.9668135887581053,2.166595151655046,2.423333736052772,2.703436125168975,3.018807507920727,3.4301630104043093,3.935902558091642,4.422689447481806,5.0764027360516835,5.878147765448749,6.984031544070968,8.307533800016772,9.881845092324502,11.754494748909114,13.982019097771413,16.631668329987413,18.69785985599658,18.697859855998868,18.697859855999408,18.697859855998885,18.69785985599611,5.371451393266748,6.0682232749771154,4.250714015938835,1.715213992241075,2.3612882857319034e-11,2.452177388130742e-11,2.5667047215671013e-11,2.693696198243142e-11,2.824591504230959e-11,2.962986998100811e-11,3.1086944620022475e-11,3.260343330787798e-11,3.42427777668401e-11,3.5926074061038666e-11,3.766883766308434e-11,3.951844986899915e-11,4.1476408633629645e-11,4.354136208948847e-11,4.5712860103753916e-11,4.794602086769905e-11,5.0351335786757596e-11,5.284043555742298e-11,5.544179390791257e-11,5.816132618107592e-11,6.106649170443837e-11,6.41054464383406e-11,6.7289899066141e-11,7.061291875249833e-11,7.408115914075619e-11,7.775047679727871e-11,10.24413601,12.45935049,12.5309263,12.3457811,12.33932157,11.73568966,11.09021514,13.54576879,13.31819316,13.57728454,13.55813231,12.91580064,14.69531074,14.8568291,14.69439351,14.989156,14.03058587,13.26747961,16.20252416,16.37478008,16.23378208,16.19194783,15.4059162,14.5391423,17.63733767,17.3847755,17.68822238,17.59896548,15.52932818,18.88865503
2.6888508082801996,3.7425221250980396,5.055367835377745,6.69113776807839,8.673146640835126,11.204353621722895,14.368436248129822,18.30373333445398,23.1769576718021,29.128135217279773,36.68402384505468,46.1348647168992,57.87022212720332,72.46770598282008,90.72598773063959,113.51004296626746,141.70972485360096,176.99147923678922,221.00779460264266,276.12537783347204,344.04468639086286,428.67029159951585,522.7100943250755,625.9622375435033,739.3008175557401,818.5847589332163,818.5847594467493,818.5847598763569,818.584759228403,818.584757776998,1.0787970629612027,1.127171363165844,1.1847127891269424,1.2531585482930327,1.3029692415751035,1.3951730937972173,1.510370929263562,1.6434208667289358,1.7845356261425636,1.883160198068195,2.0744445626392833,2.3202634273296843,2.5884523770005607,2.8904102437767554,3.284269790996254,3.768498999212757,4.234581652027765,4.860490916138744,5.628135769209392,6.686983606896744,7.954194076000909,9.461546059935081,11.254547348091187,13.387329640211686,15.9242828123228,17.902594160996728,17.902594160998916,17.902594160999435,17.90259416099893,17.902594160996273,6.52362372877779,7.214286971756207,5.79010318551647,3.9606534936509568,1.9443642876135907,2.4793064865710027e-11,2.5784629776208503e-11,2.7058195113992183e-11,2.8337803435659912e-11,2.9715880284240457e-11,3.1160585906217915e-11,3.266706491216222e-11,3.43141677831456e-11,3.5990701770691053e-11,3.7718203501239414e-11,3.955903365111945e-11,4.1516494150720813e-11,4.358738700649794e-11,4.5776969313653076e-11,4.800317441788741e-11,5.0414262665696586e-11,5.2919406504018863e-11,5.552368703650626e-11,5.823990541538008e-11,6.115715253092144e-11,6.420797422893739e-11,6.740229859044772e-11,7.072451545375426e-11,7.418705031536671e-11,7.791061698286399e-11,10.2912716,12.08398046,12.03018381,11.90494981,11.92048017,11.55918406,11.14124374,13.13766761,12.8426399,13.10384982,13.09792004,12.72154609,14.25257664,14.2631423,14.16970021,14.46648985,13.81956488,13.32852629,15.71438138,15.72043514,15.6677163,15.6423343,15.17421013,14.60604019,16.93254026,16.76401662,17.07144083,17.00159266,15.60078214,18.31958564
1.467719730276109,2.0428703396580765,2.7594923053886045,3.652383720941985,4.734271016127396,6.115940246648146,7.843067123565356,9.991164429786059,12.651232994379397,15.899706533698023,20.02411789360061,25.182896347425697,31.58868708892168,39.55678074487994,49.52313524833228,61.959900911214284,77.35280756341413,96.6114911867283,120.63796908486032,150.7241174661333,187.79813768674694,233.99135527576587,285.3233493999983,341.683935613374,403.5502428005084,446.82769229507693,446.8276925753909,446.8276928098939,446.82769245620574,446.82769166395065,0.871763102661164,0.9108538005165187,0.957352343893809,1.012662549513803,1.0529139795669114,1.127422818207819,1.2205128217997203,1.3280288971358092,1.4420620593693365,1.5217594053970664,1.676334030110388,1.8749773371165503,2.0916976442916266,2.335706212586393,2.6539794380939967,3.045279314082961,3.4219151740279834,3.9277050216273146,4.54802971644789,5.403672086936608,6.427689826879867,7.645763074789861,9.094666135155945,10.818142192067144,12.868223940116179,14.466873860997357,14.466873860999124,14.466873860999543,14.466873860999138,14.46687386099699,7.949371557081876,8.847811769845457,7.927581980738658,7.0119737195663765,5.9213360343290375,4.154775745168702,2.0750469446610498,1.5114014031055567,2.8953236190351405e-11,3.0269294889616866e-11,3.161234385717654e-11,3.300908758258767e-11,3.4710641528778345e-11,3.630809649252299e-11,3.800059757511545e-11,3.981655598509147e-11,4.174798941689786e-11,4.3827902937324367e-11,4.6147176476725605e-11,4.8335799661091104e-11,5.079753940582103e-11,5.333295222248719e-11,5.5914578527427164e-11,5.860475977826491e-11,6.159792807157961e-11,6.469048827548496e-11,6.793716021850427e-11,7.129135123634383e-11,7.469132284463242e-11,7.872013269355391e-11,10.28885439,11.80153591,11.64442663,11.67701999,11.70852103,11.39813881,11.13862689,12.83059473,12.59675726,12.834884,12.86502474,12.54430653,13.91944448,13.80578357,13.89840993,14.16955489,13.62702747,13.32539569,15.34708176,15.21634719,15.34612531,15.36419654,14.96279949,14.60260953,16.38958522,16.44305607,16.72103739,16.6992858,15.59711783,17.89139336
0.2739300850920203,0.38127418636610416,0.5150220075624885,0.6816681433301528,0.8835878100872138,1.1414577303984812,1.4638026594740374,1.8647160394204123,2.3611819471946323,2.9674657047055617,3.7372314382220497,4.700047834075327,5.895602248656623,7.382739423536203,9.242825024943466,11.563979538320412,14.436857882919213,18.031231341878108,22.515449274860934,28.13062294607871,35.04998861531685,43.6713294366014,53.25175356549748,63.770696561761326,75.31720809425445,83.3943601404306,83.39436019274743,83.39436023651425,83.39436017050312,83.39436002263939,0.7512382487251412,0.7849244959506269,0.8249944234210519,0.8726577643903495,0.9073442677872852,0.9715519513704425,1.0517718770116158,1.1444234103223545,1.2426910163169176,1.311369874684687,1.444573918320514,1.6157539666854217,1.8025117951922554,2.0127851698741126,2.2870558058032486,2.62425685579833,2.9488212506075016,3.3846835601885985,3.9192458007278104,4.656592075167247,5.539035127953175,6.588704712253665,7.837290932890008,9.322489297860175,11.08913876655917,12.46676872499772,12.466768724999245,12.466768724999605,12.466768724999255,12.466768724997406,9.664942916201944,10.794288707703286,10.494815989037466,10.306791242301555,10.110509842148668,9.590470928255405,9.057449643539906,9.994266860284041,9.191481816516674,8.676808590639535,7.895195943488817,6.564550919272358,6.40880740618576,4.636006556626147,2.587648169291752,0.11463623592216009,4.8859778140426124e-11,1.046985953118969e-10,2.1710589164468032e-10,6.30985478209482e-11,1.0593602074287316e-10,8.075595834322767e-11,6.725524118731424e-11,6.322590335714446e-11,6.751849426607385e-11,7.151442136996996e-11,7.535892974356619e-11,7.950909512741484e-11,8.175481845947213e-11,1.0184952325480844e-10,10.69011125,11.96048739,11.83483242,11.86111715,11.90144192,11.70348061,11.57302418,13.00340631,12.79535478,12.95564417,13.0770013,12.88035272,14.10692145,14.03153115,14.117529,14.30287263,13.99207839,13.84507517,15.55378717,15.46515983,15.4905131,15.61735187,15.36363407,15.17209929,16.65758226,16.70229344,16.87836138,16.97443935,16.2053926,18.13236737
0.02065939668000153,0.028755128000402443,0.038842188325498926,0.05141039025504251,0.06663886905329686,0.08608703216309632,0.11039780385260166,0.14063409041400646,0.1780768054898594,0.22380181828957624,0.28185639682937874,0.3544705671395156,0.4446374901887484,0.5567951482389523,0.6970800179542403,0.8721380143452587,1.0888061956241237,1.3598884576537067,1.698081456958431,2.1215694439088932,2.643417637716282,3.293626247992058,4.016167484654813,4.809490408426173,5.680311011938397,6.289477719971154,6.289477723916811,6.289477727217638,6.289477722239178,6.2894777110875175,0.6762764950171272,0.7066013849473081,0.7426729643048232,0.7855802540044937,0.8168055902829476,0.8746063575900892,0.9468215972097591,1.0302279657109374,1.1186900112317875,1.1805158004505232,1.300428176990212,1.4545271506800321,1.62264948722765,1.8119408885461923,2.0588436316733434,2.3623973239856784,2.6545753004151096,3.0469454114069165,3.5281667536559964,4.191937474779492,4.986326599405421,5.931255679629267,7.055252646572264,8.392251589812544,9.9826172463045,11.222781416997949,11.222781416999322,11.222781416999645,11.22278141699933,11.222781416997664,10.53946481832196,11.569933317072294,11.44154724739067,11.406096805762498,11.419069830686889,11.176965220271095,11.107213138963125,12.207412433901794,11.910644053306482,11.942424801289555,11.93540483621162,11.54919284221334,12.446315302618006,12.123085623251027,11.816240170410508,11.5001049717091,10.767777744002847,10.145756730983468,10.775930699431688,9.658972201360152,8.328388422929343,6.91876653243209,4.862177018828933,2.745686731820237,1.5410895218190863,5.106417967508496e-08,2.8310861789814134e-09,0.034209935846121586,4.579163343708674e-09,1.1428364719936301,11.23640071,12.30528983,12.2230624,12.24308745,12.30251429,12.13765861,12.16443254,13.37827449,13.20741087,13.34674242,13.51768941,13.35819056,14.51360228,14.49182166,14.57216382,14.73464031,14.51115924,14.5525906,16.00217891,15.97247912,15.95813266,16.14364846,15.93359715,15.94742873,17.20401778,17.24016689,17.38787658,17.54646908,17.03352573,18.6550956
6.550512000000486e-06,9.117440065929953e-06,1.2315762394879415e-05,1.6300784747327823e-05,2.112930586315891e-05,2.729576986024301e-05,3.500402989067895e-05,4.4591103561018146e-05,5.646313245982893e-05,7.096124436910172e-05,8.936871382575185e-05,0.00011239261918728028,0.000140982007376378,0.0001765440373973707,0.00022102441292440818,0.0002765303661628898,0.0003452297354363095,0.0004311822749957526,0.0005384137365227108,0.0006726898329326495,0.0008381531767399201,0.0010443159882724587,0.0012734134355292883,0.0015249537594086485,0.0018010664117532502,0.001994215993649418,0.001994215994900474,0.0019942159959470736,0.0019942159943685447,0.0019942159908326674,0.6175523005561161,0.6452439409997485,0.6781832594309795,0.7173647120763036,0.7458786089756911,0.7986602701563448,0.8646047288074012,0.940768539214015,1.021549018982009,1.0780061909331957,1.1875060250141667,1.328223876982502,1.4817473787969804,1.654601738250648,1.8800647820725784,2.157259512942292,2.4240663335922634,2.782365145539457,3.221799828205894,3.8279322886594036,4.553340956658545,5.4162175044229794,6.442612651774899,7.663513835422012,9.11578073679816,10.248255755998127,10.248255755999379,10.248255755999676,10.248255755999388,10.248255755997867,10.366243418950974,11.263880781580195,11.197438084827622,11.083622777160988,11.159349831741586,11.011727094098077,11.026331857188197,12.006761749709165,11.708901127913663,11.894034307852076,11.893589656303192,11.669703520431153,12.564463609230023,12.425127347748088,12.165694113552538,12.163516276731507,11.69551166671429,11.442646652229548,12.264667178103632,11.689871851556099,10.956023230215633,10.205086529642072,9.060124664845501,7.923885840877418,7.597428386851915,6.367394528073198,6.649564678073863,6.729620038075853,6.4003557880812405,7.804264258089909,10.98380227,11.90913384,11.87563366,11.80100379,11.90524957,11.81041466,11.89097159,12.94757488,12.73050661,12.97211146,13.08118505,12.99803979,14.04635197,14.07990563,14.04597992,14.32105232,14.11992323,14.22544298,15.48700542,15.51847683,15.51020234,15.62234835,15.50401073,15.58892463,16.71501019,16.6176445,16.89981465,16.97987001,16.65060576,18.05451423
3.487668000000259e-07,4.854369240123792e-07,6.557241693507974e-07,8.678974305847135e-07,1.1249808247225821e-06,1.4532998806342774e-06,1.8637082860204586e-06,2.374149760727849e-06,3.006248370507628e-06,3.778166671953219e-06,4.7582296377936905e-06,5.984084013213981e-06,7.506259597759037e-06,9.39967730494369e-06,1.1767931608632191e-05,1.4723217194237541e-05,1.8380955579192628e-05,2.295729895113369e-05,2.8666589109838893e-05,3.581580805049358e-05,4.462551955655014e-05,5.5602179710322335e-05,6.77999412849799e-05,8.119262170910063e-05,9.589359870108832e-05,0.000106177399661878,0.0001061773997284876,0.00010617739978421135,0.00010617739970016622,0.00010617739951190665,0.5885423796781106,0.6149331873055937,0.6463251598349392,0.6836660382647635,0.7108404763163256,0.7611426846420849,0.8239893594680511,0.89657532535579,0.9735610895596988,1.0273661491475683,1.131722157321028,1.2658296966922795,1.4121413321813605,1.5768757457022646,1.7917475164347767,2.0559208445778077,2.3101942413383405,2.6516617336128343,3.07045368632146,3.648112680311461,4.339444804439057,5.161787165292373,6.139966733190643,7.303515289852848,8.68756100920971,9.766837277998215,9.766837277999409,9.766837277999691,9.766837277999418,9.766837277997968,9.855013101574189,10.666953177277502,10.552996374461904,10.759161453859855,10.748913018726,10.56098131208233,10.48211413684917,11.36905612052121,11.370555494220069,11.335451622715409,11.459959624480517,11.194813789256544,11.894390141593437,11.701176824656583,11.827907325671642,11.592468152244965,11.225937187748071,10.874069349132233,11.600831717135504,10.986558753928959,10.442210870092318,9.875916642581235,8.722979136924012,7.518575367584298,7.07544172725346,6.3463344646670725,6.3391001546690315,6.577539094671994,6.0646899546759165,7.336650254681173,10.44355583,11.28188685,11.19932219,11.44282836,11.45975462,11.32212545,11.30610536,12.26563382,12.34411959,12.36282155,12.59168654,12.46064947,13.30653898,13.27806197,13.61966661,13.64840372,13.53614981,13.52575404,14.67131407,14.63470725,14.7817003,15.03775941,14.86301367,14.82217185,15.76309863,16.11327792,16.10604361,16.34448255,15.83163341,17.10359371
0.0,0.0,0.0,0.0,0.0,0.0,0.0,0.0,0.0,0.0,0.0,0.0,0.0,0.0,0.0,0.0,0.0,0.0,0.0,0.0,0.0,0.0,0.0,0.0,0.0,0.0,0.0,0.0,0.0,0.0,0.5653594746961063,0.5907107385171417,0.620866169479602,0.6567361767088568,0.6828402034577813,0.7311609889391246,0.7915321096822698,0.8612588871609722,0.9352121532506715,0.9868978113696802,1.087143197257775,1.215968190375833,1.3565165556902834,1.514762018903123,1.7211699100303441,1.9749373517383673,2.2191948240725656,2.5472117838090753,2.9495073644940213,3.50441215414449,4.16851244672,4.9584624336804355,5.898111141676439,7.01582708447352,8.3453547240616,9.382117895998284,9.382117895999432,9.382117895999704,9.38211789599944,9.382117895998048,9.441889945323,10.244889271502887,10.04062149054142,10.4416927333132,10.298419846565382,10.151633011085183,10.04223162034325,10.919173202865805,11.03738145677748,10.802312978659987,10.978785692773423,10.76117177965701,11.423644754344128,11.125636341133054,11.488580070007687,11.040207098301623,10.791712945969437,10.413469096234962,11.141441515552076,10.427480155904018,9.927345833330964,9.45140514637291,8.388174298379516,7.187110405585355,6.6607392760003075,6.2461921540666605,5.976636754068777,6.279911454071805,5.7881083040756325,7.044894944080639,10.00724942,10.83560001,10.66148766,11.09842891,10.98126005,10.882794,10.83376373,11.78043209,11.97259361,11.78921079,12.06592889,11.97713997,12.78016131,12.64039836,13.20974998,13.01514445,13.01090777,12.96068088,14.09094888,13.93189231,14.09585828,14.40986758,14.28628544,14.20293749,15.006094,15.62831005,15.35875465,15.66202935,15.1702262,16.42701284
0.0,0.0,0.0,0.0,0.0,0.0,0.0,0.0,0.0,0.0,0.0,0.0,0.0,0.0,0.0,0.0,0.0,0.0,0.0,0.0,0.0,0.0,0.0,0.0,0.0,0.0,0.0,0.0,0.0,0.0,0.5440414582651023,0.5684368016799677,0.5974551614487644,0.6319726178891525,0.6570923397912394,0.7035910928402016,0.7616857990160446,0.8287833880677362,0.8999480974741428,0.9496848438682343,1.0461502757993473,1.1701176633709678,1.3053663698042528,1.4576448694551631,1.6562697357787333,1.900468365546542,2.1355156184687196,2.4511640388063456,2.8382902552495906,3.3722712434023125,4.011330298353622,4.771493631768105,5.675710994765074,6.751281209224356,8.030676334306602,9.02834626499835,9.028346264999453,9.028346264999715,9.028346264999461,9.028346264998122,9.049865055754012,9.74017791834007,9.633764878572267,9.786423912132921,9.811404300231937,9.684471897184121,9.624596391009488,10.378711861959056,10.339050572554033,10.320806156161447,10.456367234231864,10.262542396661885,10.853236650230178,10.672622600581027,10.744081204259334,10.542015784493469,10.283917241573308,9.97418437123771,10.56735068479654,9.997369126646218,9.464316781697372,8.96551374828527,7.961120965290906,6.8650132108345385,6.369813965755326,5.642372675066674,5.65463033506879,5.902353925071835,5.515283635075641,6.599745055080615,9.593906514,10.30861472,10.23122004,10.41839653,10.46849664,10.38806299,10.38628219,11.20749525,11.23899867,11.270491,11.50251751,11.43266006,12.15860302,12.13026747,12.40035094,12.44248415,12.41943286,12.42534841,13.40564094,13.36964037,13.47564708,13.73700738,13.63683196,13.61629442,14.4004903,14.67071894,14.6829766,14.93070019,14.5436299,15.62809132
0.0,0.0,0.0,0.0,0.0,0.0,0.0,0.0,0.0,0.0,0.0,0.0,0.0,0.0,0.0,0.0,0.0,0.0,0.0,0.0,0.0,0.0,0.0,0.0,0.0,0.0,0.0,0.0,0.0,0.0,0.5252621524350988,0.5488154136743215,0.576832113285598,0.6101580909128916,0.6344107264325027,0.6793044284491321,0.7353938127183335,0.8001753169825241,0.8688835521222307,0.9169034779370551,1.010039101411962,1.1297273638382712,1.260307534845373,1.407329662076803,1.5990983650446822,1.834867709356376,2.0618015654407396,2.3665543855805784,2.7403177203850175,3.2558666715457334,3.8728665888080984,4.606790488624142,5.479795939112331,6.5182394572654445,7.753472226765541,8.716704434998407,8.716704434999473,8.716704434999725,8.71670443499948,8.716704434998187,8.86559872058402,9.473686646345726,9.297067978735443,9.487633859109192,9.65385718359068,9.381514601575201,9.431072877307209,10.096259103044279,10.024258207905955,10.018752532092634,10.294447678619244,9.94278192619458,10.560836935189059,10.299294627959394,10.41965745499339,10.237962710683634,9.966395284601289,9.795823684463468,10.29325347966111,9.646846078502803,9.202432521242889,8.89371652142921,7.727449590943652,6.809879422793442,6.144088563296404,5.502553505066624,5.530055635068775,5.9569444250718,5.519123775075607,6.477633665080557,9.390860873,10.02250206,9.873900092,10.09779195,10.28826791,10.06081903,10.16646669,10.89643442,10.89314176,10.93565601,11.30448678,11.07250929,11.82114447,11.70662429,12.01875582,12.07283042,12.02819685,12.16237807,13.0335712,12.90271275,13.07529911,13.50050701,13.20724553,13.32811888,13.89756079,14.21925794,14.24676007,14.67364886,14.23582821,15.1943381
0.0,0.0,0.0,0.0,0.0,0.0,0.0,0.0,0.0,0.0,0.0,0.0,0.0,0.0,0.0,0.0,0.0,0.0,0.0,0.0,0.0,0.0,0.0,0.0,0.0,0.0,0.0,0.0,0.0,0.0,0.4984988289510937,0.5208519969669112,0.5474411808297664,0.5790691226942984,0.6020860302507546,0.6446922941493024,0.6979237943538399,0.7594045309035373,0.8246119222940147,0.8701851216460585,0.9585752693477964,1.0721651375347652,1.1960919463282405,1.335622955587131,1.5176205988891958,1.7413769489271298,1.9567479993311263,2.24597295729728,2.600692184336754,3.0899727221199065,3.675535064261461,4.3720638411805695,5.200587641570046,6.186120056824623,7.358414855189897,8.272568150998488,8.272568150999499,8.272568150999739,8.272568150999506,8.272568150998278,9.433817085068013,9.464968952053134,9.453808239191272,9.647716077327779,9.452646069772431,9.399378035875031,10.054717555671681,10.097150299123266,10.207683207734156,10.656921218383589,10.089308310683409,9.98191124249806,10.581788603706173,10.521988354449025,10.65466763114882,10.984407401112778,10.051424960710852,10.617659342746652,10.385177765709336,9.97915367792855,10.106936075789369,8.821991988872767,7.984671188485897,7.910466943234117,6.718390704871932,6.128332309066411,6.744721929068517,6.068000099071737,6.784064569075321,6.866160569080358,9.932315914,9.985820949,10.00124942,10.2267852,10.0547321,10.04407033,10.75264135,10.85655483,11.03229513,11.52710634,11.04788358,11.05407638,11.77788055,11.85761131,12.17228823,12.72578435,12.00817296,12.8636323,12.98586995,13.0691264,13.78247114,13.19405583,13.18525883,14.096587,14.07680556,14.40090046,15.01729008,14.34056825,15.05663272,15.13872872
0.0,0.0,0.0,0.0,0.0,0.0,0.0,0.0,0.0,0.0,0.0,0.0,0.0,0.0,0.0,0.0,0.0,0.0,0.0,0.0,0.0,0.0,0.0,0.0,0.0,0.0,0.0,0.0,0.0,0.0,0.48591618690909133,0.5077051371267656,0.5336231816342101,0.564452800518036,0.5868887367825312,0.6284195731449491,0.6803074535182388,0.7402363507143489,0.8037978380089521,0.8482207212100791,0.9343798073245493,1.045102546106215,1.1659013100901627,1.3019104078794554,1.4793142365822434,1.697422737731392,1.9073575931514493,2.1892822047489693,2.5350479402252937,3.011978515465911,3.5827606396479834,4.26170828745919,5.069319263588847,6.029975789710383,7.1726806172294495,8.063759708998525,8.063759708999513,8.063759708999745,8.063759708999518,8.063759708998322,9.364214587110018,9.429207663893283,9.400860569386829,9.568405279504047,9.372652134240658,9.424669286879386,9.983360956507287,10.063145679312457,10.127172022019224,10.549891818819571,10.008910072706653,10.0188992539266,10.554294009944245,10.476542662156694,10.581178553455768,10.885954022308509,10.111597456890507,10.567909725294953,10.38722033982078,9.969901894582529,10.045478090402835,8.80743537259413,8.12777855646707,7.949968720348338,6.810151962832352,6.204876781066347,6.785479741068489,6.141041991071707,6.868286611075283,7.000823161080279,9.850130774,9.936912801,9.934483751,10.13285808,9.959540871,10.05308886,10.66366841,10.80338203,10.93096986,11.39811254,10.94328988,11.0640018,11.72019532,11.77845307,12.06049279,12.58337676,12.01895505,12.75719193,12.92226828,12.98188041,13.62823873,13.06914366,13.19709782,13.97994451,13.98283258,14.26863649,14.84923945,14.2048017,14.93204632,15.06458287
0.0,0.0,0.0,0.0,0.0,0.0,0.0,0.0,0.0,0.0,0.0,0.0,0.0,0.0,0.0,0.0,0.0,0.0,0.0,0.0,0.0,0.0,0.0,0.0,0.0,0.0,0.0,0.0,0.0,0.0,0.4568952593760859,0.47738288322859074,0.501752994755592,0.5307413410915968,0.5518373103041425,0.5908877530823798,0.6396766743003199,0.6960263695074529,0.7557917014848186,0.7975614660845923,0.8785747746724007,0.9826846928380704,1.0962688542421897,1.2241549253097754,1.3909634624878862,1.596045620459531,1.7934422966833943,2.0585292026366835,2.383644376096369,2.8320906817546643,3.3687833330826007,4.007181414905548,4.766558518107026,5.6698406570816315,6.744298418780579,7.582158575998614,7.58215857599954,7.5821585759997605,7.582158575999547,7.582158575998422,9.41982482464302,9.453416399791458,9.527933645265444,9.77619500893048,9.35058882371905,9.578153686941949,10.052777095725205,10.10070907051935,10.362967648543343,10.460579063945048,10.001958885358786,10.208929577194706,10.616715815792192,10.667171934726333,10.876723547550066,10.832803759580337,10.364139693358496,10.733099317407184,10.530673703949654,10.274196048293698,10.092096816968164,8.987014945147719,8.582754961948826,8.34784113297702,7.372532681281112,6.931607134066127,7.0847280640683845,6.5411831940715945,7.390195114075147,7.473156064080063,9.876720084,9.930799283,10.02968664,10.30693635,9.902426134,10.16904144,10.69245377,10.79673544,11.11875935,11.25814053,10.88053366,11.19161427,11.71298467,11.89132686,12.26768701,12.42884938,12.15758199,12.79162852,12.91431808,13.10628673,13.46088015,12.99419636,13.34931348,14.01768179,14.1168311,14.51376571,14.66688664,14.12334177,14.97235369,15.05531464
0.00015005880000001115,0.0002088618592509058,0.00028212886657725855,0.0003734175585423424,0.00048402907782759433,0.0006252901254595418,0.00080187055921116,0.0010214907614919428,0.0012934546034207672,0.0016255766230997152,0.0020472540091882483,0.002574684477198157,0.0032296087463835545,0.004044261944563199,0.0050632161538122795,0.00633474374368963,0.007908505445664411,0.009877501906283453,0.012333954842936578,0.015409944917599398,0.0192003708897534,0.023923138225069925,0.02917129104402868,0.03493356415381736,0.04125873893033073,0.04568339985452118,0.04568339988318032,0.04568339990715577,0.0456833998709949,0.04568339978999521,0.4314417473610811,0.45078801119903744,0.4738004703673634,0.5011738837255862,0.5210946021671939,0.5579695552811165,0.6040404588200906,0.657250927662837,0.7136867490700033,0.7531295313181632,0.8296296102735807,0.9279395928992543,1.0351960112207206,1.1559575836648897,1.313473262101007,1.5071303482101803,1.6935301086926824,1.9438490944120947,2.2508521890001,2.67431567158261,3.1811093196519113,3.7839424160376582,4.501014825059002,5.353975359014712,6.368575367791545,7.159758560998691,7.159758560999566,7.159758560999774,7.159758560999573,7.15975856099851,9.58774366385802,9.664430666961755,9.796702280787088,10.083413328737938,9.19046504677817,9.868119004617744,10.242005660646216,10.339190311602467,10.703701946354725,10.51024679208837,9.839669405748413,10.544683282656285,10.892320770067242,11.017174214426612,11.280065061783079,10.922959158085954,10.764203225903469,11.022607283725435,10.891228216202927,10.73161608354807,10.268774309509046,8.93650646579051,9.157384393952745,8.831181876890048,8.046343893339696,7.699825079211398,7.470383549185092,6.646366709164375,7.983105769204006,8.129773259289832,10.01933547,10.11542754,10.27078488,10.58496063,9.712043678,10.42671385,10.84684799,10.99746273,11.41868215,11.2650019,10.67134627,11.47519756,11.93074639,12.17717606,12.59860154,12.43642425,12.46564184,12.97633388,13.15441436,13.4213417,13.469084,12.74437202,13.68757051,14.2200908,14.456178,14.90526704,14.67582551,13.85180867,15.18854773,15.33521522
0.01308495606000097,0.01821251569989902,0.02460131510062076,0.03256158482914049,0.04220678304195683,0.054524585138558956,0.06992219738586244,0.08907282831675324,0.11278776487193996,0.14174842585321856,0.17851821255325953,0.22450954727414824,0.2816181959166706,0.3526550248285313,0.4415066686853145,0.5523824230071059,0.6896126468876836,0.8613068905408094,1.0755067824469429,1.3437296055533459,1.6742504233548872,2.0860703437075756,2.543703278478748,3.0461669157149815,3.597714935707796,3.983540317314413,3.983540319813457,3.983540321904089,3.983540318750902,3.9835403116878214,0.3042593216880572,0.3179026029619217,0.33413134127886773,0.3534354912170733,0.3674838866671078,0.39348866782318614,0.4259785739253712,0.4635034107215842,0.503302815497038,0.5311184690486892,0.5850674952484607,0.6543971992277525,0.7300360665482766,0.8151989751972055,0.9262814417627264,1.0628513820155179,1.1943033451927334,1.3708321240289867,1.5873354037575145,1.8859683310490547,2.2433669660687943,2.668494089531729,3.174184524230112,3.7757053438434487,4.491216794330826,5.049171287999077,5.049171287999695,5.04917128799984,5.049171287999699,5.049171287998949,10.098413642271034,10.111887821358211,10.311409813641532,10.607233453975844,9.185585102314127,10.420608767062566,10.780110808714273,10.80646147098844,11.243018729659134,10.686821955127671,9.779458952229394,11.082636143530726,11.311351647569285,11.482805610010196,11.716750969589693,10.925723675017034,11.110048487961187,11.257613135473816,10.924063493841304,10.713504043445635,9.66467976062679,7.8365819968137265,8.54979350734666,7.96084698049985,6.9293439600225915,6.44746280475073,5.766470212254322,4.6525567501670055,6.7567822833235445,6.806695390391103,10.41575792,10.44800294,10.67014247,10.99323053,9.595275772,10.86862202,11.27601158,11.35903771,11.85910931,11.35968885,10.54304466,11.96154289,12.32300591,12.65065961,13.08453908,12.54095748,12.99396448,13.48975215,13.58690568,13.94320198,13.58229715,12.59114643,14.26768131,14.78271924,15.01827569,15.48017441,14.79918182,13.68526836,15.78949389,15.83940699
0.21782502518401617,0.3031834171091974,0.4095376443589095,0.5420521095306209,0.702615548488886,0.9076697756181658,1.1639935462264066,1.4827937504978435,1.877575867356592,2.3596834631838797,2.9717894326055863,3.7374063439567853,4.688092977655855,5.870641774592172,7.349753471413842,9.195500133970018,11.479969171215895,14.338160117841815,17.903941816681055,22.36904226716555,27.871216300561347,34.726775013235944,42.34498214243577,50.709485158965336,59.89109500115537,66.31392310082327,66.31392314242481,66.31392317722752,66.31392312473648,66.3139230071575,0.2897203992510545,0.3027117412281164,0.31816499511181184,0.33654670317672747,0.34992380109451476,0.3746859531205411,0.40562334072572687,0.44135506666961016,0.47925267117857145,0.5057391637129749,0.5571102550671726,0.6231270640359091,0.6951515552410373,0.7762449848794736,0.8820194156663476,1.0120634103620882,1.1372339886791065,1.3053274032045483,1.5114851514507015,1.795848011541217,2.1361684811170396,2.5409810576349483,3.022507256488647,3.595284619723786,4.276605612467066,4.807898450999121,4.807898450999709,4.807898450999849,4.807898450999714,4.807898450999,10.644252935584015,10.498699661682714,10.649661330550295,10.842253827314709,8.701388468439808,10.480389531285608,10.503225863073386,10.148733632859344,10.287213841492965,9.01161373313275,7.188467802358404,8.58504347203994,7.714185507137369,6.842263850564317,5.71880825295758,2.9045392557076246,1.445729000146679,2.0534089240623262e-10,1.5561665428192403e-10,1.8491206155518722e-10,1.5678555241553325e-10,1.4830128185909617e-10,3.025832427241099e-10,2.9217000974869475e-10,2.372381162712442e-10,1.2815573288516436e-10,1.1502164477608715e-10,1.2370498872517506e-10,1.6900075051728788e-10,1.8888100684362832e-10,11.15179836,11.10459482,11.37736397,11.72085264,9.753927818,11.76274526,12.07284275,12.07288245,12.64404238,11.87703636,10.71736749,12.94557688,13.09743004,13.48915061,13.95058114,13.1121028,14.06293216,14.44301962,14.44075804,14.86736322,14.20086759,12.79933338,15.44143318,15.82735559,16.01369326,16.50477925,15.4731721,13.91154595,16.90527502,16.83481501
1.3541435683321004,1.8847874524818107,2.5459552529834415,3.36975229178396,4.367920192790465,5.642672084093354,7.236149165464314,9.218020834398724,11.672246027234987,14.669343810568462,18.474596953222118,23.234175038599016,29.144268194494845,36.4957689977537,45.690899765689075,57.165274529375736,71.36703601764815,89.1354300952747,111.30267350305272,139.0606735394233,173.2658048041736,215.88446503501197,263.24424923571496,315.24349933362845,372.3224226769537,412.2509449131866,412.2509451718091,412.25094538816563,412.2509450618468,412.25094433089856,0.3199267654920601,0.3342725900486564,0.3513370064450117,0.3716351988423369,0.386406998410374,0.4137508624420001,0.4479137946169088,0.4873709247887108,0.5292197489025523,0.558467733882783,0.61519479604075,0.688094544267223,0.7676283381147895,0.8571766015920925,0.9739791174000477,1.1175815516857428,1.255802465226019,1.4414213672731622,1.6690732059010842,1.9830838530284758,2.3588862726840727,2.805904772488278,3.3376350879827594,3.9701304512384827,4.722486246804381,5.309171891999029,5.309171891999679,5.309171891999832,5.309171891999683,5.309171891998895,10.067527266194944,9.528676907489576,8.975868590592599,8.476652729395818,5.525056208822499,6.461302463489108,5.027291469944509,3.066712900839645,0.978925023891093,3.1336717649664005e-11,3.2005159312787884e-11,3.486387282266449e-11,3.6264788903130246e-11,3.7972256365935626e-11,3.9997447025847815e-11,4.105286668769885e-11,4.376454598730352e-11,4.583060893081346e-11,4.7851126801785475e-11,4.996212207933929e-11,5.211798901045089e-11,5.419238878693179e-11,5.829836782328135e-11,6.114894129490814e-11,6.438687079765285e-11,6.877609926492669e-11,7.195947326632745e-11,7.41544266055656e-11,8.554677137765878e-11,1.0413999750190018e-10,11.7415976,11.74773695,11.87316085,12.21804022,10.2793834,12.51772541,12.71135443,12.77210466,13.1803908,12.6084587,11.2947247,13.7764759,13.85599073,14.07697384,14.5423517,13.91958412,14.96554752,15.20688584,15.27711993,15.51524549,15.07539819,13.48884854,16.43252627,16.66443693,16.71152971,17.2048965,16.42605491,14.66097731,17.79936565,17.80983293
2.56357071772819,3.5681489284590384,4.819825968108834,6.379381406252949,8.269043671198943,10.682315570380068,13.698975901459336,17.450917937438,22.09708691552886,27.77098464336377,34.97482606622366,43.98532930513918,55.17390790774759,69.09125953228946,86.49884358291915,108.22133434116081,135.1071245504943,168.745016295284,210.7105046097374,263.2600257536328,328.0148087448982,408.69750144575767,498.35576133351043,596.797136393192,704.8549966558451,780.4449066186727,780.4449071082789,780.4449075178701,780.4449069001059,780.4449055163254,0.37270751756407006,0.3894200819213381,0.40929974489352866,0.43294668449174967,0.45015550019833594,0.4820104894742793,0.5218095404353216,0.5677762135078803,0.6165291564648594,0.6506024040062677,0.7166881611109613,0.8016147353247365,0.8942698241285354,0.9985915457933868,1.1346638611092537,1.3019574813115535,1.4629817503557538,1.6792236146103905,1.944432908723092,2.310248280874072,2.7480496842952076,3.2688162263223854,3.8882701366468293,4.625113071145462,5.5015907252080325,6.185066363998869,6.185066363999625,6.1850663639998045,6.18506636399963,6.185066363998713,9.169109474726866,8.098289269639695,6.885133377018758,5.6599415392775425,2.0742168586264174,1.6522993401706274,2.6157125802444505e-11,2.7235243867636777e-11,2.8536306786454704e-11,2.988694744699689e-11,3.127022287215163e-11,3.2916828600561e-11,3.453453586308245e-11,3.623271559206074e-11,3.800932549793092e-11,3.982625968547243e-11,4.185707355841303e-11,4.3969676195775264e-11,4.613672138527841e-11,4.835409287941508e-11,5.076107839025987e-11,5.322850977783293e-11,5.614304363608757e-11,5.900366740247545e-11,6.198599416690797e-11,6.526963292671518e-11,6.842831198379505e-11,7.154731224240435e-11,7.577944132555651e-11,7.930032517500581e-11,12.10538771,12.05585828,12.11425909,12.47226963,10.79341603,12.8166254,13.10519052,13.10709325,13.45464452,12.97760056,11.85953067,14.10543251,14.21940764,14.36282304,14.84494471,14.32711222,15.32289695,15.67804103,15.67781042,15.83030046,15.51676543,14.16337424,16.82490441,17.18075144,17.05087661,17.56289097,16.90696575,15.39411669,18.35084368,18.27695177
3.543374342028263,4.931905047207649,6.661976418412642,8.81759814020687,11.42949440599133,14.765125316721242,18.934761341130734,24.12070571595397,30.54265297562788,38.385129677779986,48.3422986707317,60.796640485741094,76.26152392745178,95.49812478045611,119.55893428149584,149.58381944086074,186.74543099075825,233.23981544606147,291.2446262811209,363.8787157639971,453.3829510043631,564.9027858912776,688.8286738881186,824.8946073021078,974.2524724319113,1078.733049318774,1078.733049995509,1078.733050561647,1078.7330497077717,1078.7330477951066,0.41511774072307805,0.43373202036793534,0.4558737813747638,0.48221149574442673,0.5013784949595952,0.5368582493402251,0.5811860166625743,0.6323832170816851,0.6866837357998867,0.7246341630703967,0.7982397891725281,0.8928301206082572,0.9960283908822589,1.1122208349973965,1.2637767587363664,1.4501066458007594,1.6294537950187054,1.8703017251216985,2.165689067213347,2.573130408352869,3.0607490393409953,3.640773375269046,4.330714671373315,5.151402636660341,6.127614294334169,6.88886232299874,6.888862322999583,6.888862322999782,6.888862322999589,6.888862322998566,8.288302417267811,6.92131220244452,5.076774970233808,3.3828567540711356,2.3681746337578995e-11,2.4671802945364718e-11,2.5753588483758685e-11,2.697927396062716e-11,2.830738652682672e-11,2.967860462320284e-11,3.112450477244489e-11,3.270280677152938e-11,3.433164950158625e-11,3.602607358594571e-11,3.779720289129311e-11,3.9645427712025985e-11,4.1640669160538667e-11,4.372076106463055e-11,4.5880362294795224e-11,4.811487176182355e-11,5.051224890305896e-11,5.302968173070771e-11,5.581272341470995e-11,5.862218492876075e-11,6.156374745165154e-11,6.477648068818967e-11,6.793825380749698e-11,7.115581301549801e-11,7.49199466808422e-11,7.840366650330742e-11,12.2467945,12.28694927,12.19462517,12.68266639,11.01552889,13.05368401,13.25827632,13.35833469,13.68161312,13.11757256,12.10358263,14.36632913,14.49197032,14.45810611,15.09536651,14.4816396,15.60631201,15.86118108,15.97832829,15.93531879,15.684124,14.45483596,17.13610088,17.38144513,17.16399225,17.85916225,17.08931855,15.71090531,18.56520557,18.62729091
4.216821181800313,5.8692533337555,7.928138706828323,10.493453702931056,13.60176189594026,17.57135633370502,22.53346527590138,28.70504015807294,36.34753023082558,45.68053281064352,57.53014198747408,72.35153179887382,90.75564092660154,113.64831274528221,142.28207293026162,178.01342940011156,222.23790460578346,277.5689213940531,346.59801382564467,433.03679716820596,539.5520333784373,672.2671113097273,819.7461126899105,981.6724729211899,1159.4170035730986,1283.7549558118815,1283.7549566172354,1283.7549572909725,1283.7549562748113,1283.7549539986287,0.489251784213092,0.5111903058292113,0.5372862661207212,0.5683275165500743,0.5909174654828706,0.6327333924628384,0.6849774599287713,0.7453177422017826,0.8093155506796885,0.854043377106486,0.9407939068137016,1.0522767076779271,1.173904701151089,1.3108474405685633,1.489469067214047,1.7090747856776474,1.9204507499897734,2.204310647959122,2.552449910570665,3.032654400909866,3.6073546891002306,4.290963008863945,5.104117873152164,6.071368876685503,7.221917861786944,8.119113812998517,8.119113812999508,8.119113812999744,8.119113812999515,8.119113812998311,7.596317364005768,6.005544630435423,3.8305850970722615,1.7386071605415472,2.3467519504519182e-11,2.4527713007218256e-11,2.566873007840747e-11,2.6911532479458117e-11,2.825323115529197e-11,2.962099911342625e-11,3.108860310756265e-11,3.264539404714726e-11,3.4274036410604616e-11,3.597318212156926e-11,3.774009401804226e-11,3.959545407867572e-11,4.1575996070018056e-11,4.364678739428719e-11,4.58037452623516e-11,4.804642780734026e-11,5.043936759040948e-11,5.2962469902831715e-11,5.568941347554058e-11,5.847263168198213e-11,6.139318342749294e-11,6.453732555553028e-11,6.771339864965137e-11,7.09969217261969e-11,7.466179764644713e-11,7.812042956018078e-11,12.30239033,12.38598827,12.29601007,12.80038838,11.31760239,13.15288789,13.31846389,13.4660096,13.80860745,13.22049316,12.43549329,14.47550869,14.6087829,14.57830937,15.23548347,14.59526267,15.72491505,15.93318486,16.10712166,16.06780344,15.80718178,14.85122391,17.26632983,17.46035033,17.30669197,18.02493308,17.2234015,16.14173783,18.6494846,18.77743625
4.641637952940345,6.460541686463018,8.726846107825391,11.55059957846078,14.972049209850477,19.341553963723708,24.80356247670741,31.596882602810254,40.00930287089321,50.282543570864746,63.32592229417234,79.64046884426936,99.89866992379574,125.0976266204679,156.616048265573,195.94710195509364,244.62689977281306,305.5321495869784,381.51546532974095,476.6623828942003,593.908322820146,739.9935647820336,902.3300975765648,1080.569464821943,1276.2205782630956,1413.0847546700306,1413.0847555565188,1413.0847562981303,1413.0847551795978,1413.0847526741047,0.5776929416881086,0.6035972500578541,0.6344105297502841,0.6710630507074686,0.6977365437281652,0.7471114599695566,0.8087995927347539,0.8800474783702701,0.9556140545875804,1.0084272490562953,1.1108595146435691,1.2424948591778133,1.386109324384403,1.5478069543770048,1.7587176884316833,2.018021134232736,2.2676071481540427,2.6027798849258654,3.0138516504763313,3.5808618353897637,4.259449652106021,5.066632607691853,6.0267800016440365,7.168879214385134,8.527410852299461,9.586791287998247,9.58679128799942,9.586791287999697,9.586791287999429,9.586791287998006,7.176122015390732,5.351194223499289,3.041083932445708,0.6876812208547424,2.3405422394520853e-11,2.4482706344995825e-11,2.5643410911957377e-11,2.689080783865093e-11,2.8235158528509992e-11,2.960016098106276e-11,3.1070725626174174e-11,3.2620327268010836e-11,3.424778059959445e-11,3.594705639538072e-11,3.771098899939606e-11,3.9567376564670596e-11,4.1541838128635943e-11,4.360919750813273e-11,4.576302373729833e-11,4.800915969470611e-11,5.039957793291795e-11,5.292190153972733e-11,5.562629089147094e-11,5.839628953136401e-11,6.130453470246529e-11,6.441048105259431e-11,6.758735618041363e-11,7.090014691724369e-11,7.45392999965461e-11,7.797177553930655e-11,12.39545291,12.41533316,12.40234057,12.90934385,11.4661007,13.24822668,13.41921266,13.49791327,13.92614477,13.23009908,12.59865946,14.58043451,14.64339403,14.7043762,15.36516619,14.60586749,15.83889719,16.05371294,16.14528266,16.20675076,15.81866717,15.04608689,17.39148493,17.59243079,17.45635265,18.17835928,17.23591591,16.35353365,18.79056038,18.82192376
4.771925608428354,6.64188474640129,8.971802808610935,11.87481713998023,15.392304561340532,19.884458374834026,25.49978179316518,32.48378584618843,41.13233709321041,51.693940750102236,65.10343834151875,81.875923240516,102.70275839917907,128.60903286213104,161.01215540430243,201.4472053177928,251.4934123194261,314.10823153250857,392.2243478436693,490.0419753906966,610.5789299936408,760.7646864440735,927.6578965306054,1110.900322935166,1312.043231540506,1452.7490933277195,1452.7490942390907,1452.749095001519,1452.7490938515898,1452.7490912757694,0.6774432150901274,0.7078204218730361,0.743954232338702,0.7869355461934917,0.818214752785184,0.8761152386481956,0.9484550648389819,1.0320053269769542,1.1206199882473806,1.1825524400365917,1.3026716908026374,1.4570365178337423,1.625448900991312,1.8150668700365045,2.0623955726471035,2.366472959319162,2.6591550045909975,3.0522020370607983,3.5342535879652064,4.199169454055163,4.994929068036116,5.941488350896874,7.067424450477167,8.406729999841055,9.999839373656489,11.242143089997946,11.24214308999932,11.242143089999646,11.24214308999933,11.242143089997661,7.093533896500708,5.256369761745841,2.854734099071769,0.4667544438494153,2.3388954857026236e-11,2.4475672207312715e-11,2.5638772175868418e-11,2.688710933023457e-11,2.8230394365211967e-11,2.959672281045212e-11,3.105705656138557e-11,3.260203872095443e-11,3.422915901997923e-11,3.592572170432469e-11,3.768647869446409e-11,3.954066096746328e-11,4.151297553408436e-11,4.357837748127157e-11,4.5731428677018946e-11,4.797724974931447e-11,5.036312026171711e-11,5.288291178294631e-11,5.557710807585793e-11,5.833563351716148e-11,6.123647200808212e-11,6.432424551258818e-11,6.749435691784323e-11,7.082083592502633e-11,7.445522580258265e-11,7.787498311123735e-11,12.54290272,12.60607493,12.57049114,13.12850713,11.52575387,13.49430382,13.57884058,13.70528716,14.16257039,13.18893084,12.66420484,14.85125654,14.86836641,14.90373769,15.62602223,14.56041826,16.13309435,16.24467949,16.39332915,16.4264814,15.76944406,15.12436518,17.71452039,17.80170113,17.69302536,18.4869752,17.18228273,16.43861402,19.01408304,19.11109258
4.694987686608348,6.534797408649516,8.827150121265133,11.683359052048393,15.144133901915653,19.563860563926408,25.08864792834454,31.960048642188937,40.4691589979857,50.86047755340557,64.05377335083105,80.55583489502851,101.04687826926703,126.53546497200794,158.4161508474236,198.1992650510325,247.43857532425108,309.0438536390259,385.90050110201025,482.14101165301,600.7345447631122,748.4988510618801,912.701236143251,1092.989238561838,1290.8891130868494,1429.3263693923093,1429.3263702889865,1429.3263710391218,1429.3263699077331,1429.3263673734427,0.760471895118143,0.7945721879486216,0.8351346243426578,0.8833838066707607,0.9184966500570678,0.9834935254138426,1.0646994530700897,1.1584897882160818,1.2579652245190462,1.3274882309236324,1.4623295168579427,1.6356135795469622,1.8246668925455445,2.0375247868401485,2.315166547805118,2.6565122153889438,2.9850659076793233,3.426285503646648,3.9674181746885218,4.713827345990471,5.607116714343018,6.669688034926727,7.933620923111076,9.437074211268222,11.2254379850123,12.620000717997693,12.620000717999236,12.6200007179996,12.620000717999247,12.620000717997373,7.2070950382926915,5.340285923422025,2.935407224413604,0.5742878913039147,2.339146926486207e-11,2.448284837128828e-11,2.5642397584910018e-11,2.688986343566805e-11,2.8229762181569454e-11,2.9600792587073266e-11,3.10565582196101e-11,3.2592105930655434e-11,3.421607230156449e-11,3.5908766831539984e-11,3.766817632924504e-11,3.951709499407089e-11,4.149106869160621e-11,4.355787072170411e-11,4.571049423314258e-11,4.794995927929791e-11,5.034396681113369e-11,5.2848241765205885e-11,5.5535790358372074e-11,5.828771515071588e-11,6.118077244909297e-11,6.425752762542536e-11,6.742600440978909e-11,7.075729457818871e-11,7.439329746594154e-11,7.781406121918982e-11,12.66255462,12.66965552,12.59769197,13.14103075,11.4661007,13.62958183,13.70837471,13.77441179,14.17608043,13.11482802,12.59865946,15.00013777,14.9433572,14.93598734,15.64092829,14.47860965,16.29482577,16.39964415,16.47601131,16.46202607,15.68084246,15.04608689,17.89210533,17.97151886,17.73131066,18.5046104,17.08574301,16.35353365,19.19546618,19.20748218
4.2929205901203185,5.975173572419338,8.071214886409406,10.682825171058026,13.847227849502167,17.888460086206106,22.940118368590362,29.223069374312733,37.00348063166246,46.50491244847024,58.568367128418664,73.65723306614684,92.39347432727439,115.699281705932,144.84978474390658,181.22597175519908,226.2485496669899,282.578104799144,352.8529396666688,440.8516516817241,549.2891288652385,684.3992665987568,834.5397668333604,999.3883520473343,1180.3405723383262,1306.9224054981048,1306.9224063179927,1306.9224070038886,1306.922405969389,1306.922403652129,0.8329767730711567,0.8703282545197917,0.9147579929391967,0.9676073466851904,1.0060679172401814,1.0772617218264553,1.166209981463114,1.268942470614516,1.377902089587175,1.4540535554084082,1.6017508732913752,1.7915561774583826,1.9986342031039006,2.2317863853876325,2.5358990549064258,2.909789286105071,3.269667930064868,3.7529542653311108,4.345679583678095,5.16325286533793,6.141710189330789,7.305589137993674,8.690027859972668,10.336823325356438,12.295693199303944,13.823216270997474,13.823216270999165,13.823216270999565,13.823216270999175,13.823216270997124,7.507650736827699,5.802145033081011,3.502915780672728,1.4805793422795372,2.343258536920837e-11,2.4516341627402737e-11,2.566435630423503e-11,2.690842280920056e-11,2.8237019917438275e-11,2.9610172576917885e-11,3.107038897637073e-11,3.260902944336596e-11,3.423448569622668e-11,3.592326759768905e-11,3.768194747082489e-11,3.9527354995037294e-11,4.150341298221968e-11,4.357327322103443e-11,4.572734056441366e-11,4.795989674480967e-11,5.0356359371518685e-11,5.284235334048401e-11,5.549164895371857e-11,5.823904718178404e-11,6.112421867542165e-11,6.420126586954566e-11,6.73617618033793e-11,7.069514309610836e-11,7.433403948483397e-11,7.784560984562313e-11,12.6335481,12.64764686,12.48888866,13.13101186,11.38106321,13.54454994,13.6769725,13.75048404,14.1652724,12.93917687,12.50522242,14.90655528,14.91739885,14.80698873,15.62900344,14.28469293,16.19316602,16.36207696,16.44739057,16.31984741,15.47082385,14.93449869,17.78048051,17.93035092,17.57816949,18.49050224,16.85690811,16.23224887,19.1514945,19.17411655
3.626062811700269,5.046996381499979,6.81744083787734,9.023366322176342,11.69621401005529,15.10968547297507,19.37662446022939,24.683588451600624,31.255398790915397,39.28088816244528,49.47041845477397,62.215395795711366,78.04116900576615,97.72667672908314,122.34897122286337,153.0745195259605,191.10333744272683,238.6827186067747,298.04113438971547,372.37021884789556,463.9631321467454,578.0854029026274,704.9032354252442,844.1444144448263,996.9877067716875,1103.9064508346091,1103.9064515271366,1103.9064521064859,1103.9064512326845,1103.9064492753853,0.8417216410051582,0.8794652507615291,0.9243614273907145,0.9777656112758513,1.0166299537258614,1.0885711746134692,1.1784532427411067,1.2822642518215195,1.3923677652085953,1.4693186945120238,1.618566588090314,1.8103645316342798,2.0196165314467214,2.2552164230886365,2.56252176882359,2.9403372243494283,3.303993994321182,3.792354030695115,4.391301977088464,5.217458415692908,6.206187910956313,7.382285648937532,8.781258670284547,10.445342743615928,12.424777486718678,13.968337004997446,13.968337004999155,13.96833700499956,13.968337004999167,13.968337004997094,7.982055687313733,6.482758007758607,4.465186914753191,2.851855636570317,2.3583153606212348e-11,2.4618127089344317e-11,2.5721815115063554e-11,2.6950566520289443e-11,2.8263676320482243e-11,2.963735084173306e-11,3.1091604869803344e-11,3.2636465133512087e-11,3.426105393998678e-11,3.59446710656209e-11,3.770018848417517e-11,3.9542287796488175e-11,4.152191862819697e-11,4.3595327088082444e-11,4.575031892211348e-11,4.7982601952595037e-11,5.037381639520593e-11,5.287523170091731e-11,5.554635935870274e-11,5.829296967576001e-11,6.117396879862658e-11,6.426953722085575e-11,6.741771476695554e-11,7.071093796912199e-11,7.433157649703879e-11,7.791195828299307e-11,12.44984014,12.40921964,12.20698918,12.85298757,11.30998709,13.3796396,13.47809181,13.49126667,13.8653496,12.89526409,12.42712579,14.72506198,14.63618338,14.47276505,15.29808892,14.23621376,15.99600772,16.12415142,16.13733245,15.95147545,15.4183192,14.84123093,17.56399601,17.66962067,17.18139465,18.0990009,16.79969939,16.13087651,18.87300726,18.81265553
2.6887024693321995,3.742315657043659,5.055088940042927,6.690768630328395,8.672668159305177,11.203735498164626,14.36764356795921,18.302723551189345,23.17567904172404,29.12652827169468,36.68200005500697,46.13231954136281,57.86702953360741,72.4637080729188,90.72098254495401,113.50378082620777,141.7019069890168,176.98171494278148,220.9956020095653,276.1101445048181,344.02570607901845,428.64664264885675,522.6812573716594,625.9277043594683,739.2600316909409,818.5395991193601,818.5395996328648,818.5396000624487,818.5395994145305,818.5395979632056,0.802592757954151,0.8385817908764079,0.8813908912571284,0.9323124894941398,0.9693701559167107,1.0379670650015518,1.1236708100817396,1.2226559852571766,1.3276411468175329,1.4010148793771726,1.54332472706364,1.7262066122140098,1.925731171706546,2.1503787958079976,2.443398522226032,2.8036505743012,3.150402131754075,3.6160599090685377,4.187164726562314,4.974915857410401,5.917682555824429,7.039107360849966,8.373046707075556,9.959772960528777,11.847190263664704,13.318994753997565,13.318994753999194,13.31899475399958,13.318994753999206,13.318994753997229,8.598380612732791,7.481074352100019,5.986137068721092,4.896778250199757,1.6590642648019407,0.7385448168591863,2.593198194493714e-11,2.709219015345709e-11,2.838947711973965e-11,2.9740081958735515e-11,3.117462486217833e-11,3.2736396185093425e-11,3.4352679323743536e-11,3.6030734717682625e-11,3.7780034809693896e-11,3.96050425744498e-11,4.1598069856787184e-11,4.368199565603836e-11,4.584306037843296e-11,4.806236748664272e-11,5.047054972308453e-11,5.297707586402595e-11,5.5678517182029526e-11,5.84314831399972e-11,6.131127761856424e-11,6.444619904270176e-11,6.759497212972824e-11,7.089022866972911e-11,7.451678822042529e-11,7.816458887309288e-11,12.08967584,12.0619718,11.9226169,12.51985937,11.30110258,12.98024738,13.08818099,13.11373985,13.50598266,12.84174538,12.41736372,14.28550789,14.22661829,14.13560958,14.90158774,14.17712976,15.51851495,15.65769213,15.68576063,15.57987215,15.35432916,14.82957247,17.03969763,17.15845215,16.78113933,17.62990471,16.72997626,16.11820496,18.32702569,18.28622001
1.565080983672116,2.178384234233317,2.942543349840211,3.8946647570408786,5.048319093930261,6.521641414129713,8.363337329019151,10.653928765308466,13.490453096098669,16.954414271706224,21.3524186420709,26.853404893403923,33.68412404781104,42.18078154979386,52.80825462120504,66.07001368586057,82.48400948345466,103.0202187389754,128.64049411396869,160.72240848232693,200.2557354783757,249.51318220466683,304.25028643552133,364.3495546347525,430.31976605269574,476.4680270786872,476.4680273775959,476.46802762765464,476.4680272505045,476.4680264056952,0.7045226467771325,0.73611412137998,0.7736923083340368,0.8183917138700514,0.8509212439121169,0.9111361853880071,0.9863676508157775,1.0732576668483926,1.165414521195504,1.2298225983361502,1.3547433748580935,1.51527862576437,1.6904229556347787,1.8876205220912536,2.144835692759088,2.4610679621379625,2.765449384234906,3.1742076822816006,3.6755282755965877,4.36702281776199,5.194591323803673,6.17898741256486,7.349930545964897,8.742772144290765,10.399562865113893,11.691525176997864,11.691525176999294,11.691525176999631,11.691525176999303,11.691525176997567,9.550553299569868,8.832015894406757,7.9009901418468225,7.59891086911121,5.398054592180985,5.296239180506831,3.446697110190973,1.04358890787064,2.909976013620649e-11,3.0257073491545614e-11,3.1575480063952775e-11,3.32629570358178e-11,3.4756793164403654e-11,3.636889115079699e-11,3.814959792329747e-11,3.9887495678000036e-11,4.193892321338207e-11,4.404594776960881e-11,4.623997872793986e-11,4.842630452976443e-11,5.088761619509284e-11,5.340654925737649e-11,5.625631354290344e-11,5.898100674260222e-11,6.18158667456627e-11,6.508704249851634e-11,6.82152376803771e-11,7.151687648924947e-11,7.54978370527777e-11,7.920519360338815e-11,11.82015693,11.74651425,11.6172258,12.31196734,11.29729493,12.72901678,12.79640209,12.77077534,13.28171606,12.72098522,12.41317997,14.00901419,13.8545486,13.77353392,14.65414715,14.04381202,15.2181566,15.30863031,15.27552989,15.18080253,15.20994137,14.82457598,16.70989703,16.77593342,16.35129992,17.33716047,16.57265226,16.1127743,17.91845559,17.80797928
0.4284998170680318,0.5964146619958011,0.8056319770513791,1.0663110429069997,1.3821673324371306,1.7855447622787894,2.2897783264573417,2.9169139326447335,3.6935192134787247,4.641908942549488,5.846028146492535,7.352130148230091,9.222296573253724,11.548576314220858,14.458247005069374,18.089152621130278,22.583101669135583,28.205661780124064,35.22017631703903,44.003807695512016,54.827543695518585,68.31362341385471,83.29996558684779,99.75440193740043,117.81622993188729,130.45105305857854,130.45105314041604,130.45105320887902,130.45105310562,130.45105287432165,0.5538158755291042,0.5786495132360919,0.608189225840023,0.6433268335887622,0.6688978641911265,0.7162320282324894,0.7753704818844955,0.8436735669932177,0.9161168436000503,0.9667471757774017,1.0649457355224383,1.1911403595570986,1.328818986120572,1.4838333684387162,1.6860267906011082,1.934612768550542,2.173882953184845,2.49520241076096,2.8892838566556827,3.432858512551839,4.083399100324842,4.857219763519452,5.777682575588395,6.872576817496581,8.17495795147227,9.19055232899832,9.190552328999445,9.19055232899971,9.190552328999452,9.190552328998088,10.784662617421949,10.598349554788129,10.31097150712961,10.592310573526289,9.34776704339493,10.225951629513034,9.673682551683697,9.039432880388873,8.661271982949414,7.314053461702831,5.6137726980163345,5.464325772245667,3.3351599106602348,0.8686569573768236,7.712146083445652e-11,6.73364807804932e-11,5.026487642844558e-11,9.665349293191235e-11,8.868235876275e-11,8.441079151416158e-11,7.55415895938205e-11,6.726740809484613e-11,7.719315714536663e-11,7.472536382933411e-11,7.209207185616795e-11,7.44951008051739e-11,7.830538313802039e-11,8.16435519916161e-11,1.0058389113212077e-10,1.2023789104045732e-10,11.76697831,11.77341373,11.72479271,12.30194845,11.39883224,12.72772842,12.73883136,12.80002038,13.27090804,12.92270958,12.52474658,14.00759628,13.88627547,13.90106664,14.6422223,14.26651324,15.2166163,15.23975713,15.3105108,15.32136551,15.45113461,14.95781562,16.70820574,16.70045887,16.50270085,17.32305231,16.83545484,16.25759196,17.83784086,17.8487595
0.04596712164000341,0.06398010973127165,0.08642380139060271,0.11438802879956171,0.14827136760921755,0.1915434966645716,0.24563492134279505,0.31291060629324213,0.3962205821402035,0.49795865600128103,0.6271299921652971,0.7886963946665406,0.9893176414486904,1.2388682353168192,1.5510018261634904,1.9405055633152484,2.422591889389082,3.0257494503852045,3.7782282849625126,4.72048831853241,5.88159964109009,7.3283126667834395,8.935965660239244,10.701107784263678,12.638682110769352,13.994076975435853,13.994076984214932,13.994076991559266,13.994076980482202,13.994076955669776,0.43455195472808167,0.4540376832624444,0.47721603625183867,0.5047867809819269,0.5248511052883633,0.5619918851367968,0.6083949078192421,0.6619889640018983,0.7188316238955508,0.7585587440240237,0.8356103020854818,0.934628988572296,1.042658604444676,1.1642907313369573,1.322941919784534,1.5179950546061296,1.7057385466857844,1.9578620493724272,2.2670782892861223,2.69359446496391,3.204041522438804,3.8112203641051567,4.533462054733699,5.392571470091583,6.4144855981931155,7.211372327998681,7.211372327999563,7.211372327999772,7.21137232799957,7.211372327998499,11.810993803650984,11.821507737026286,11.73855224237855,12.241326930240534,11.496124097125557,12.560397758222887,12.452658230863426,12.440595879731593,12.758403423992323,12.09708639000426,11.908517935780296,12.92942285679377,12.522005694140866,12.18247986338218,12.433088814089738,11.283714562118323,11.789122023966737,10.935485670286011,10.001393505797148,8.661798986551782,6.880695346521636,4.829238399164399,4.008312755082564,1.351233105703082,1.8829943998654865e-09,1.0134899246565238e-09,2.3578183799784783e-09,1.8006642527976433e-09,5.07375567078901e-09,9.233473043470977e-10,12.29151288,12.33952553,12.30219208,12.86050174,12.16924657,13.31393314,13.30668806,13.41549545,13.87345563,13.35360379,13.37125823,14.65274824,14.55398194,14.58563883,15.30703256,14.74221518,15.91745246,15.91909717,16.04670008,16.07588177,15.96633651,15.96877143,17.47774047,17.44491236,17.31539317,18.10958202,17.39681545,17.35639591,18.63299523,18.7069977
0.002708266704000201,0.003769546465417307,0.00509187209006368,0.006739453737396251,0.008735774478059923,0.011285259025942228,0.014472189144718239,0.018435902578137597,0.02334431593202124,0.02933846627549811,0.03694891514336408,0.04646799949687333,0.0582880966313056,0.07299098731107277,0.09138111010167174,0.1143296864922746,0.14273299517852742,0.1782695152265912,0.2226036675607474,0.2781192487931962,0.3465289952016809,0.4317656725906547,0.5264845263805673,0.6304822419600283,0.7446392273831545,0.824495669374393,0.8244956698916343,0.8244956703243439,0.8244956696717113,0.8244956682098258,0.37085039956506977,0.3874796889611023,0.40726029602972263,0.43078940822956935,0.44791247626570596,0.4796087392719756,0.5192094804850258,0.5649471119313916,0.6134571299040253,0.6473605980921564,0.7131170646856235,0.7976204688206284,0.8898138780901879,0.9936157880049122,1.129010085480972,1.2954701190810316,1.455692040294224,1.6708564198207034,1.9347442354807625,2.2987368316481165,2.734356768831075,3.2525284479351844,3.8688957583060413,4.602067169662245,5.474177532080903,6.154247564998875,6.154247564999628,6.154247564999806,6.1542475649996335,6.15424756499872,11.72941183375,11.756311814593488,11.762490581901208,12.240128078055063,11.663098889279373,12.589845611726343,12.568892000395717,12.623409225517198,13.03940766419202,12.440873495661885,12.566803530202046,13.552016901715064,13.379465465312686,13.368045044719905,13.869012894455041,13.071839794466309,14.04023325456876,13.825784494996245,13.639715637004171,13.332612039606664,12.603238236017644,12.219522979527008,12.776237575368759,11.944771368435903,10.91733164059709,10.873364935690871,10.110575315176133,10.307054064746538,11.36843613540267,11.437232006869193,12.1029705,12.14756105,12.17484275,12.67765694,12.11974714,13.08073961,13.10257367,13.20679224,13.67620911,13.11757256,13.31686951,14.39610537,14.32756744,14.43465182,15.08940409,14.4816396,15.63865829,15.67491043,15.79706354,15.90946812,15.684124,15.9038171,17.17161786,17.17732078,17.1361484,17.85210817,17.08931855,17.2857973,18.34717937,18.41597524
8.770560000000651e-07,1.2207451134299519e-06,1.648972370862516e-06,2.1825318490146038e-06,2.8290284000882228e-06,3.654663746978144e-06,4.686732035572077e-06,5.970356962144689e-06,7.559917316797179e-06,9.501087112180983e-06,1.1965685533155058e-05,1.5048384158966398e-05,1.8876252033657304e-05,2.363769538374838e-05,2.9593226835067205e-05,3.702498626448734e-05,4.622322817557282e-05,5.773151799106311e-05,7.208886848839644e-05,9.006725796587776e-05,0.00011222134583965458,0.00013982473483145893,0.00017049887002902608,0.00020417790920952616,0.00024114696726403352,0.0002670079991497129,0.0002670079993172183,0.0002670079994573488,0.0002670079992459976,0.0002670079987725747,0.36042468606606776,0.3765864764189865,0.3958109914829181,0.4186786299915697,0.43532031739072163,0.4661255036785087,0.5046129496579024,0.5490647595381003,0.5962110158704412,0.6291613562033334,0.6930692119224041,0.7751969727191919,0.8647985496146513,0.9656822774950855,1.0972702364676958,1.2590505808416315,1.4147681848185814,1.6238836503388618,1.880352790529848,2.2341124665551466,2.657485824888927,3.1610901488655454,3.7601295313290484,4.472689302278707,5.320282034977264,5.981233265998906,5.981233265999638,5.981233265999811,5.981233265999643,5.981233265998755,11.204715706897007,11.285559992855909,11.169484309565714,11.746760217498615,11.208467853604022,12.032270821682012,12.015706653635531,12.129981550131674,12.52743007424032,12.0767193427391,12.100819852423106,12.979995128929227,12.890224164167508,12.746260484845445,13.382446420343172,12.768059694211727,13.527628621994781,13.354410708186714,13.285392140647367,12.8787419962349,12.53429484381565,12.118026296452497,12.646856959856331,11.941105179870302,10.957686638116673,11.149328406066122,10.571486486068459,10.625464276071458,11.550371046075188,11.698577416080264,11.56514127,11.66214769,11.56529695,12.16544103,11.643791,12.49839998,12.52032429,12.67905228,13.12364865,12.7058902,12.79390103,13.75520715,13.75504159,13.7119664,14.47974625,14.0271473,14.94244303,14.97835209,15.16581702,15.11294453,15.19189289,15.27925627,16.40715699,16.41399866,16.27820982,17.13082868,16.55298676,16.60696455,17.53187132,17.68007769
0.0,0.0,0.0,0.0,0.0,0.0,0.0,0.0,0.0,0.0,0.0,0.0,0.0,0.0,0.0,0.0,0.0,0.0,0.0,0.0,0.0,0.0,0.0,0.0,0.0,0.0,0.0,0.0,0.0,0.0,0.3649528532190687,0.3813176909520339,0.4007837316966701,0.4239386659804579,0.4407894299083955,0.47198163472760707,0.5109526147029347,0.5559628913951258,0.6037014660052218,0.6370657753434119,0.701776532373834,0.7849360988242482,0.8756633780731828,0.977814550722305,1.1110557046523801,1.2748685636395376,1.4325425134682896,1.644285184667761,1.9039764546996492,2.2621805625492994,2.6908729387216948,3.200804255954048,3.8073696225132347,4.528881582017405,5.387122979248958,6.056378018998894,6.056378018999634,6.056378018999809,6.05637801899964,6.05637801899874,10.565670796800017,10.62179271906799,10.547549018324347,11.221772274041589,10.746083670114759,11.35389336529668,11.322448255322556,11.406586008631637,11.959280704022875,11.47325725468616,11.590074747657233,12.23011868120837,12.102069821961058,12.002671069313656,12.750089075385368,12.09477987640014,12.70586430657331,12.512284605375877,12.404808125346133,12.044546377498794,11.788925611328796,11.478873614098895,11.716936527542266,10.984568498040911,10.022706820812347,10.342590061065374,9.720715421067883,9.89890708107101,10.51361302107457,10.624584351079202,10.93062365,11.00311041,10.94833275,11.64571094,11.1868731,11.825875,11.83340087,11.9625489,12.56298217,12.11032303,12.29185128,13.01505478,12.9777332,12.98048562,13.86114478,13.36964844,14.13840682,14.15656979,14.30878458,14.30672694,14.47979855,14.67967787,15.52430615,15.51345008,15.4098298,16.39896808,15.77709344,15.9552851,16.56999104,16.68096237
0.0,0.0,0.0,0.0,0.0,0.0,0.0,0.0,0.0,0.0,0.0,0.0,0.0,0.0,0.0,0.0,0.0,0.0,0.0,0.0,0.0,0.0,0.0,0.0,0.0,0.0,0.0,0.0,0.0,0.0,0.37095357414306973,0.38758748998663445,0.4073736002333268,0.43090925848577255,0.44803709034398076,0.47974217159222526,0.519353930158278,0.5651042863066496,0.6136278002891001,0.6475407007874759,0.7133154615386397,0.7978423754314106,0.8900614339010435,0.9938922226258315,1.1293241882546612,1.2958305328300919,1.456097029508558,1.671321270084356,1.9352825021787832,2.299376365009322,2.7351174963536993,3.253433336403532,3.869972126803034,4.603347514347634,5.475700507268288,6.155959742998874,6.155959742999627,6.155959742999805,6.155959742999633,6.155959742998719,9.958993385876026,10.0775333000334,10.0006518197877,10.716361751536283,10.196880619679188,10.705816908432077,10.663759429867234,10.812543903720131,11.411654949739019,10.917989329242122,10.983049038492457,11.512507954601245,11.453134306133236,11.34599799741017,12.138559421783128,11.472373097209632,11.916781060533104,11.707294609959348,11.673883767867059,11.30130431503884,11.09329521369686,10.715077923649483,10.813765323252552,10.057583255710778,9.173644192793107,9.541127567065482,8.911387967067984,9.02636112707112,9.503451287074702,9.709398297079346,10.32994696,10.46512079,10.40802542,11.14727101,10.64491771,11.18555908,11.18311336,11.37764819,12.02528275,11.56553003,11.6963645,12.31035033,12.34319574,12.33989022,13.26788361,12.76820363,13.37287809,13.37861588,13.60916627,13.60068068,13.82841271,13.96851126,14.68373745,14.66093077,14.6493447,15.69708731,15.06734771,15.18232087,15.65941103,15.86535804
0.0,0.0,0.0,0.0,0.0,0.0,0.0,0.0,0.0,0.0,0.0,0.0,0.0,0.0,0.0,0.0,0.0,0.0,0.0,0.0,0.0,0.0,0.0,0.0,0.0,0.0,0.0,0.0,0.0,0.0,0.3840890919360722,0.40131201705939706,0.4217987562292643,0.44616781542267464,0.46390214619560227,0.4967299087923874,0.537744325253457,0.5851147078933144,0.6353564462728958,0.6704702073073583,0.7385740615095644,0.8260940852112676,0.9215786334020336,1.0290860848356433,1.1693137152545168,1.3417160727120738,1.5076576283884355,1.7305029893378534,2.0038111254723585,2.3807976027616786,2.8319683883347264,3.368637864564228,4.007008379513297,4.766352691806218,5.669595825863155,6.373943135998835,6.373943135999614,6.373943135999799,6.373943135999619,6.373943135998673,9.579650553083031,9.696997672960647,9.654871133791772,10.287823854599392,9.80405830382758,10.263669701231928,10.248916084772064,10.39373754213348,10.94409512375524,10.50121702272226,10.54359939852156,11.016343824821417,10.988977926632277,10.917944715200397,11.606669924783317,10.9916899273277,11.356921711653285,11.173827100705902,11.12834265457354,10.786884447286544,10.525543221715902,10.105221215488854,10.118604980542358,9.374832898252267,8.513364414198323,8.741182724065618,8.180313834068098,8.270742194071236,8.730325564074823,8.93532103407951,9.963739645,10.09830969,10.07666989,10.73399167,10.26796045,10.76039961,10.78666041,10.97885225,11.57945157,11.17168723,11.28217346,11.84243791,11.91055656,11.9470308,12.77598364,12.333406,12.86457934,12.90433009,13.13215378,13.16768205,13.35751161,13.47385908,14.12561336,14.14118559,14.18296024,15.11512586,14.55425697,14.64468533,15.1042687,15.30926417
