RE_PV_MY_y1,RE_PV_MY_y2,RE_PV_MY_y3,RE_PV_MY_y4,RE_PV_MY_y5,RE_PV_MY_y6,RE_PV_MY_y7,RE_PV_MY_y8,RE_PV_MY_y9,RE_PV_MY_y10,RE_PV_MY_y11,RE_PV_MY_y12,RE_PV_MY_y13,RE_PV_MY_y14,RE_PV_MY_y15,RE_PV_MY_y16,RE_PV_MY_y17,RE_PV_MY_y18,RE_PV_MY_y19,RE_PV_MY_y20,RE_PV_MY_y21,RE_PV_MY_y22,RE_PV_MY_y23,RE_PV_MY_y24,RE_PV_MY_y25,RE_PV_MY_y26,RE_PV_MY_y27,RE_PV_MY_y28,RE_PV_MY_y29,RE_PV_MY_y30,RE_WIND_MY_y1,RE_WIND_MY_y2,RE_WIND_MY_y3,RE_WIND_MY_y4,RE_WIND_MY_y5,RE_WIND_MY_y6,RE_WIND_MY_y7,RE_WIND_MY_y8,RE_WIND_MY_y9,RE_WIND_MY_y10,RE_WIND_MY_y11,RE_WIND_MY_y12,RE_WIND_MY_y13,RE_WIND_MY_y14,RE_WIND_MY_y15,RE_WIND_MY_y16,RE_WIND_MY_y17,RE_WIND_MY_y18,RE_WIND_MY_y19,RE_WIND_MY_y20,RE_WIND_MY_y21,RE_WIND_MY_y22,RE_WIND_MY_y23,RE_WIND_MY_y24,RE_WIND_MY_y25,RE_WIND_MY_y26,RE_WIND_MY_y27,RE_WIND_MY_y28,RE_WIND_MY_y29,RE_WIND_MY_y30,PP_CO2_MY_y1,PP_CO2_MY_y2,PP_CO2_MY_y3,PP_CO2_MY_y4,PP_CO2_MY_y5,PP_CO2_MY_y6,PP_CO2_MY_y7,PP_CO2_MY_y8,PP_CO2_MY_y9,PP_CO2_MY_y10,PP_CO2_MY_y11,PP_CO2_MY_y12,PP_CO2_MY_y13,PP_CO2_MY_y14,PP_CO2_MY_y15,PP_CO2_MY_y16,PP_CO2_MY_y17,PP_CO2_MY_y18,PP_CO2_MY_y19,PP_CO2_MY_y20,PP_CO2_MY_y21,PP_CO2_MY_y22,PP_CO2_MY_y23,PP_CO2_MY_y24,PP_CO2_MY_y25,PP_CO2_MY_y26,PP_CO2_MY_y27,PP_CO2_MY_y28,PP_CO2_MY_y29,PP_CO2_MY_y30,EL_Demand_MY_y1,EL_Demand_MY_y2,EL_Demand_MY_y3,EL_Demand_MY_y4,EL_Demand_MY_y5,EL_Demand_MY_y6,EL_Demand_MY_y7,EL_Demand_MY_y8,EL_Demand_MY_y9,EL_Demand_MY_y10,EL_Demand_MY_y11,EL_Demand_MY_y12,EL_Demand_MY_y13,EL_Demand_MY_y14,EL_Demand_MY_y15,EL_Demand_MY_y16,EL_Demand_MY_y17,EL_Demand_MY_y18,EL_Demand_MY_y19,EL_Demand_MY_y20,EL_Demand_MY_y21,EL_Demand_MY_y22,EL_Demand_MY_y23,EL_Demand_MY_y24,EL_Demand_MY_y25,EL_Demand_MY_y26,EL_Demand_MY_y27,EL_Demand_MY_y28,EL_Demand_MY_y29,EL_Demand_MY_y30,EL_Demand_MY_y31
0.0,0.0,0.0,0.0,0.0,0.0,0.0,0.0,0.0,0.0,0.0,0.0,0.0,0.0,0.0,0.0,0.0,0.0,0.0,0.0,0.0,0.0,0.0,0.0,0.0,0.0,0.0,0.0,0.0,0.0,11.491776138101063,11.866345530956986,12.25822174004672,12.208192965303189,11.43303873547724,11.169225072422371,10.596271221128214,9.046002527252528,9.500709493951371,9.671917693942031,9.975562486065654,10.477423197010825,10.64067117736518,10.843634043161153,11.19835082199723,10.343872588776732,9.695299069801312,10.0807758414396,10.530011235929337,11.374572749709166,11.900129947045256,12.449970286592418,13.025215760397625,13.627040201663437,14.256671680046084,14.915395007627277,15.60455436067334,16.32555602253157,17.079871253260883,17.869039291852133,160.0973714619281,152.7083409690737,153.8933259599855,145.8135688347307,158.0641877645583,164.99653342761496,161.89472077891102,156.2706303727887,149.0931426060919,150.31742480610345,160.1612418139821,166.46246840303937,155.16705382268754,156.57705565689423,147.81791277806087,149.95290241128433,167.3745260302628,163.32343815862774,155.4644437641414,156.09690865036512,148.53201835303275,157.94081211348953,163.97865623968843,159.58790639842695,153.02692332004878,143.81580929247235,144.14210143943131,152.96943697757834,154.57276514685452,146.029233108269,171.5891476,164.5746865,166.1515477,158.0217618,169.4972265,176.1657585,172.490992,165.3166329,158.5938521,159.9893425,170.1368043,176.9398916,165.807725,167.4206897,159.0162636,160.296775,177.0698251,173.404214,165.994455,167.4714814,160.4321483,170.3907824,177.003872,173.2149466,167.283595,158.7312043,159.7466558,169.294993,171.6526364,163.8982724,
0.0,0.0,0.0,0.0,0.0,0.0,0.0,0.0,0.0,0.0,0.0,0.0,0.0,0.0,0.0,0.0,0.0,0.0,0.0,0.0,0.0,0.0,0.0,0.0,0.0,0.0,0.0,0.0,0.0,0.0,11.764200844528064,12.147649800965722,12.548815850018752,12.497601090262233,11.704071009657584,11.434003364725111,10.847467036461401,9.26044758371809,9.725933859935726,9.901200731367583,10.212043744406603,10.725801594245144,10.892919540615926,11.100693855788007,11.46381957099544,10.589085027607048,9.92513638746847,10.319751293637575,10.77963628824045,11.644219025866452,12.182235112365912,12.745109998643082,13.333992274752962,13.950083600855562,14.594641159297051,15.268980219988286,15.97447682431551,16.712570593059972,17.484767664056218,18.292643765583186,148.31564555550116,141.63725939906496,143.78760575001346,138.16182030977166,147.49017449037797,151.73377553531222,150.07373276357782,145.2177648163231,141.47892374010758,141.63731426867787,149.58290245564115,153.15899290580504,144.04418825943674,146.4298972442673,140.14376912906266,141.24062347245396,154.08000471259564,151.45341630642974,144.33195921183022,145.93416337420774,139.77569628771207,147.28837610143876,150.610061925333,147.6465115992347,142.8069539407978,136.06683018011137,135.33417047578914,142.29173420704987,142.65430903605915,134.860198134538,160.0798464,153.7849092,156.3364216,150.6594214,159.1942455,163.1677789,160.9211998,154.4782124,151.2048576,151.538515,159.7949462,163.8847945,154.9371078,157.5305911,151.6075887,151.8297085,164.0051411,161.7731676,155.1115955,157.5783824,151.9579314,160.0334861,163.9440542,161.5965952,157.4015951,151.3358104,151.3086473,159.0043048,160.1390767,153.1528419,
0.0,0.0,0.0,0.0,0.0,0.0,0.0,0.0,0.0,0.0,0.0,0.0,0.0,0.0,0.0,0.0,0.0,0.0,0.0,0.0,0.0,0.0,0.0,0.0,0.0,0.0,0.0,0.0,0.0,0.0,11.811913760823064,12.196917898798652,12.599710985877625,12.5482885107329,11.751540053052425,11.480377075329654,10.891461889453408,9.298005847662699,9.765380030082138,9.941357743982296,10.253461465407549,10.769302999944202,10.937098738601255,11.145715739021496,11.510314209334288,10.632031942084275,9.96539047764681,10.361605851900032,10.823356035183618,11.69144532326176,12.23164348033616,12.796801258812163,13.38807190716415,14.00666195921175,14.65383369614608,15.330907722312864,16.039265660008457,16.78035296878776,17.555681895036955,18.366834557829606,139.56165713920615,131.99300040123205,135.65090651415463,130.65076408930096,138.93492524698317,142.82309872470768,141.2777036105858,135.5419589523785,133.95209986996116,133.5975875560632,141.0016014346402,144.21223550010595,134.33312986145143,138.23730826103383,132.58995419072383,133.18273505797674,145.12995672241726,142.6131915481673,134.6104735648871,137.73689807681248,131.70457761974185,138.68405334126973,141.64950699292186,138.8011662408786,134.6068659039488,128.51104037778677,127.28194644009619,133.72632263132212,133.87389790507842,125.23045254229156,151.3735709,144.1899183,148.2506175,143.1990526,150.6864653,154.3034758,152.1691655,144.8399648,143.7174799,143.5389453,151.2550629,154.9815385,145.2702286,149.383024,144.1002684,143.814767,155.0953472,152.9747974,145.4338296,149.4283434,143.9362211,151.4808546,155.0375789,152.8078282,149.2606996,143.8419481,143.3212121,150.5066756,151.4295798,143.5972871,
0.0,0.0,0.0,0.0,0.0,0.0,0.0,0.0,0.0,0.0,0.0,0.0,0.0,0.0,0.0,0.0,0.0,0.0,0.0,0.0,0.0,0.0,0.0,0.0,0.0,0.0,0.0,0.0,0.0,0.0,11.738322608604063,12.120928075314655,12.521211661563854,12.470109561192642,11.6783250440062,11.408851478886149,10.82360538067558,9.240076965220466,9.704539290569315,9.879420619667398,10.189579857502897,10.702207571344813,10.86895790093478,11.076275165703011,11.438602097121183,10.565791746220139,9.903303623440792,10.297050477646492,10.75592384276892,11.61860471928631,12.155437307866844,12.71707401321738,13.304660898788281,13.91939698139425,14.562536677901521,15.23539236496322,15.939337057026139,16.675807208073657,17.44630564282192,18.25240462335028,133.70757139142518,126.69856822471606,130.49249673846842,126.71386363884126,134.65508475602942,137.37283402115122,135.38672831936373,130.2052545348208,129.98332530947403,128.40647398037814,136.6960018425449,138.7332760287054,128.99061209911795,133.02983773435238,128.62131820293698,127.98583035384097,139.64191597662335,136.68736712242088,129.26115365730183,132.53122678078802,126.51319409221121,134.38777658686456,136.18485770129777,132.90458981869614,129.4255729221934,124.57345063513645,122.13679264307852,129.48300669203624,128.0534040572935,119.99653337677096,145.445894,138.8194963,143.0137084,139.1839732,146.3334098,148.7816855,146.2103337,139.4453315,139.6878646,138.2858946,146.8855817,149.4354836,139.85957,144.1061129,140.0599203,138.5516221,149.5452196,146.9844176,140.0170775,144.1498315,138.6686314,147.1048506,149.4895186,146.8239868,143.9881096,139.808843,138.0761297,146.1588139,145.4997097,138.248938,
0.0,0.0,0.0,0.0,0.0,0.0,0.0,0.0,0.0,0.0,0.0,0.0,0.0,0.0,0.0,0.0,0.0,0.0,0.0,0.0,0.0,0.0,0.0,0.0,0.0,0.0,0.0,0.0,0.0,0.0,11.23875326368606,11.605075487148033,11.988323469961239,11.939396215490724,11.181309125590625,10.923304041691312,10.362965336099563,8.846830046523277,9.291525396014471,9.458963979336266,9.755923201084954,10.246734076207247,10.406387705894192,10.604881789224681,10.95178850824879,10.116123949789817,9.481830550272738,9.858819996748405,10.298164245653963,11.124130428366705,11.638116046937125,12.175850147943816,12.738430019710897,13.327003650293284,13.942772070035732,14.586991802368823,15.260977427842908,15.966104266632097,16.70381118498215,17.475603531328684,130.86671563634317,123.89715561288267,127.631998230071,124.12400668454316,133.30782827444497,134.63035225834605,132.48938656393972,127.26628105351799,127.26447130402887,126.72447962070925,135.27842689896286,135.94653522384294,126.11106319415856,130.0819242108307,125.96792229180936,126.32900715027127,136.8187938497914,133.74983760331892,126.37303035441678,129.60535677170756,124.92224535314091,133.07500535213813,133.50770188037512,130.12490774979707,126.62883063005917,122.08727089773086,120.71589047226176,128.35063763347782,125.45423741513328,117.46970336879252,142.1054689,135.5022311,139.6203217,136.0634029,144.4891374,145.5536563,142.8523519,136.1131111,136.5559967,136.1834436,145.0343501,146.1932693,136.5174509,140.686806,136.9197108,136.4451311,146.3006244,143.6086576,136.6711946,140.7294872,136.5603614,145.2508555,146.2461319,143.4519114,140.5716027,136.6742627,135.9768679,144.3167419,142.1580486,134.9453069,
0.0,0.0,0.0,0.0,0.0,0.0,0.0,0.0,0.0,0.0,0.0,0.0,0.0,0.0,0.0,0.0,0.0,0.0,0.0,0.0,0.0,0.0,0.0,0.0,0.0,0.0,0.0,0.0,0.0,0.0,10.664749890739058,11.012362726520813,11.376036862515909,11.329608498130103,10.610239630472345,10.365411790073358,9.833691588639153,8.394990757284557,8.816973922910433,8.975860818217264,9.257653269158533,9.723396675390877,9.874896222521382,10.063252502247813,10.392441452926457,9.599457275818823,8.997559511495307,9.355294757014214,9.772200121922602,10.555981254061347,11.043715786609711,11.55398588155767,12.087832784785457,12.6463458524873,13.230664774087595,13.84198189786596,14.481544664036786,15.150658150248136,15.850687734694304,16.583061882275945,130.07890040929018,123.6600423735099,126.52719863751634,122.59555020190376,133.68465616956323,134.576983709964,131.64968421140009,126.88455324275668,125.5930374771329,126.19225278182822,135.58172223088923,135.8559258246593,125.80651137753132,128.89335129780756,124.37556824713168,125.82839272424225,136.68866718856881,132.87713894305313,126.06200957814815,128.44277894601294,124.49850541346831,133.50160411852426,133.54413031530058,129.4308437476031,125.6121525260073,120.68443690223368,120.48153333606787,128.97207394986177,124.94503836542108,117.53582971784526,140.7436503,134.6724051,137.9032355,133.9251587,144.2948958,144.9423955,141.4833758,135.279544,134.4100114,135.1681136,144.8393755,145.5793225,135.6814076,138.9566038,134.7680097,135.42785,145.6862267,142.2324337,135.8342097,138.9987602,135.5422212,145.05559,145.6319631,142.0771896,138.8428173,134.5264188,134.963078,144.1227321,140.7957261,134.1188916,
0.0,0.0,0.0,0.0,0.0,0.0,0.0,0.0,0.0,0.0,0.0,0.0,0.0,0.0,0.0,0.0,0.0,0.0,0.0,0.0,0.0,0.0,0.0,0.0,0.0,0.0,0.0,0.0,0.0,0.0,10.615624570397058,10.961636187951688,11.323635122126406,11.277420621947146,10.561365402188288,10.317665318765457,9.788394394200884,8.356320688652392,8.776360062027848,8.93451507241379,9.215009495312744,9.678607535337465,9.829409226084962,10.01689787528327,10.3445704741655,9.555239041109592,8.95611381442535,9.312201214592628,9.727186177258748,10.507356957575949,10.992844825608149,11.500764449881027,12.032152279956293,12.588092654097842,13.169720011948439,13.778221209442192,14.414837940676536,15.080869271685744,15.777674291286312,16.506674884403125,132.42011502963217,125.066627112079,126.33896357790584,122.46801927808676,136.09305409784727,136.36856108127193,133.9991176058384,128.28519411138888,125.4532819380155,128.3114354276317,137.99279320473505,137.65220876471273,127.21801507396776,128.69723112477212,124.24258942589266,127.9544406589515,138.48289298563876,135.23656748547475,127.47457862281202,128.24885474249837,126.63296417446989,135.92678825020093,135.35193792012976,131.80290374599255,125.4308209881465,120.56767199065749,122.62292515942815,131.39857132842417,127.31098920882913,118.9625022157181,143.0357396,136.0282633,137.6625987,133.7454399,146.6544195,146.6862264,143.787512,136.6415148,134.229642,137.2459505,147.2078027,147.3308163,137.0474243,138.714129,134.5871599,137.5096797,147.4390068,144.5487687,137.2017648,138.7562117,137.625809,147.4275527,147.3840902,144.3909964,138.600541,134.3458932,137.0377631,146.4794406,143.0886635,135.4691771,
0.0,0.0,0.0,0.0,0.0,0.0,0.0,0.0,0.0,0.0,0.0,0.0,0.0,0.0,0.0,0.0,0.0,0.0,0.0,0.0,0.0,0.0,0.0,0.0,0.0,0.0,0.0,0.0,0.0,0.0,10.388811936041057,10.727430695457675,11.081695187692612,11.036468103040493,10.335712065130132,10.097218859319387,9.579256297432153,8.177780170725438,8.58884501451229,8.743620896868189,9.0181222970714,9.47181513631938,9.619394809509929,9.802877590362527,10.123549161197287,9.351082524039555,8.764758161786064,9.113237425403547,9.519355850639274,10.282857560874175,10.757972531714502,11.255039983582591,11.775074221336952,12.319136415351867,12.88833676691821,13.483836773695664,14.106851599839183,14.758652555636075,15.44056969171363,16.153994513110618,139.72675606398815,131.456225204573,128.78334191233964,124.8124976969934,143.93502113490544,142.87129614071796,141.3252945026071,134.6468774293158,127.75193828553103,135.56041150317733,145.83473330297636,144.16889636373082,133.62953989054282,131.13051300969286,126.58037503886091,135.23024177602153,144.98877733827808,142.5902499746638,133.89090344943148,130.69328913920012,133.94545316836354,143.82897801649935,141.92119277874912,139.21876938473852,127.92964863317673,122.97502612640406,129.9782870002655,139.32801434447384,134.7305418084018,125.44527608701064,150.115568,142.1836559,139.8650371,135.8489658,154.2707332,152.968515,150.9045508,142.8246576,136.3407833,144.3040324,154.8528556,153.6407115,143.2489347,140.9333906,136.7039242,144.5813243,153.7535355,151.7034874,143.4102593,140.9761467,144.7034257,155.084018,153.696267,151.5379058,140.8179854,136.4588629,144.0851386,154.0866669,150.1711115,141.5992706,
0.0,0.0,0.0,0.0,0.0,0.0,0.0,0.0,0.0,0.0,0.0,0.0,0.0,0.0,0.0,0.0,0.0,0.0,0.0,0.0,0.0,0.0,0.0,0.0,0.0,0.0,0.0,0.0,0.0,0.0,10.509482623604057,10.852034591049861,11.21041402348396,11.164661606057022,10.45576597399199,10.214502563147073,9.690523634916929,8.272768737465878,8.688608282887346,8.845181956199232,9.122871812686324,9.581834496762713,9.731128373727849,9.916742388975463,10.24113870323351,9.459699521303655,8.8665647398835,9.219091745687585,9.62992741769868,10.402297541078104,10.882931184366807,11.385772296548645,11.91184696408578,12.462228683320037,13.038040551025807,13.640457556176512,14.27070897760114,14.93008089242342,15.619918800402333,16.34163036952875,151.55914817642514,143.0307411089808,134.3218234765483,129.34065259397684,157.75333232604353,155.64977443689023,153.22991326512232,146.30375136257533,132.32538101715593,145.7823976438462,159.7209436873614,157.0113074032874,145.30457912632485,136.72713731107987,131.14843839682464,145.4650094787574,157.84891266018056,154.56389765437973,145.580378782372,136.28607065899618,144.1726144157112,157.71009120353324,154.74153403600025,151.14199461677026,133.48575784906907,127.49565854392317,140.12231722250354,153.07832080768648,146.50867819971313,136.90867573059245,162.0686308,153.8827757,145.5322375,140.5053142,168.2090983,165.864277,162.9204369,154.5765201,141.0139893,154.6275796,168.8438155,166.5931419,155.0357075,146.6438797,141.3895771,154.924709,166.7154774,163.7829894,155.2103062,146.6883682,155.0555456,169.0958635,166.653381,163.6042233,146.5237984,141.1361161,154.3930262,168.0084017,162.128597,153.2503061,
1.1565228394720017,1.4013327923320031,1.682748035894352,1.9672571965872998,2.237078998514124,2.60415921462419,3.007200682147381,3.3990533703523247,4.04336011610855,4.758718739519741,5.5948031141009205,6.5737787085639425,7.669232310210647,8.935171557422029,10.40632919749224,11.996391210668424,13.85865828784934,16.101691206291274,18.687389390923805,21.694593708989387,24.938485144403888,28.667420539889996,32.953926257037004,37.84047545057784,43.19965841644809,49.07634296447258,55.51952548743475,62.58269025969175,70.32419665712222,78.80769589306088,10.461015615750057,10.80198782237497,11.158714501825067,11.113173082679792,10.407546693392687,10.167395926818388,9.64583345349277,8.234616873883883,8.648538675184563,8.804390271328055,9.080799494225715,9.53764556145135,9.68625093378057,9.871008945335424,10.193909227935771,9.416073840819083,8.825674443160352,9.176575685854017,9.585516690310559,10.354324843022471,10.832741928617663,11.333264068019746,11.856912615646275,12.40475611715239,12.977912489881476,13.577551304062586,14.204896169409604,14.861227231992153,15.54788378647333,16.266267009044363,163.02908544480712,154.9770603853237,139.51221626231282,133.43729172076675,170.15712510812875,167.68938335859477,162.9115036643991,156.30040425580506,134.35626510875016,151.48442288919765,168.81592899172108,165.14252193003483,151.07745885606144,134.7112457972979,126.83958527463012,143.95221904857354,158.70271496905443,151.21576530792203,140.34972251883636,121.5150814480624,129.73311042705643,143.76476089217215,136.50864762740272,126.05616063236009,97.21414549376533,84.52162253156447,95.07275084326022,105.13972560842583,88.83916345651976,71.41929439801588,174.6466239,167.180381,152.3536788,146.517722,182.8017508,180.4609385,175.5645378,167.9340745,147.0481639,165.0475319,183.4915316,181.2539462,168.4329421,153.5174263,147.4398237,165.3646841,181.3870477,176.4940322,168.6226286,153.564,165.5043375,183.7654455,181.3194865,176.3013922,153.3917164,147.1755168,164.7971725,182.5836431,174.7112439,166.4932573,
7.284968609828011,8.82703311654609,10.599675338306941,12.391806227657021,14.091421047353569,16.403669245470933,18.942438337749238,21.410729006831907,25.469234604592025,29.97529789919976,35.24181596188868,41.40840967888504,48.308701509838095,56.2828870279508,65.54974874675008,75.56559232399995,87.29606295316003,101.42498790298674,117.71237062180704,136.65483186230327,157.08819164919115,180.57685644425464,207.5776717584776,238.3581771409545,272.115815423752,309.1332101530812,349.71899093074495,394.21005664582106,442.9740145835744,496.41180545636695,10.072600605711056,10.400912595783014,10.74439409886886,10.70054362173383,10.021116971663833,9.789882945665791,9.287685962341712,7.928867517108105,8.32742050083762,8.477485364458744,8.743631578961212,9.183515060879111,9.326602751244623,9.504500741980387,9.815411814248328,9.066457269183031,8.497979260076994,8.835851623481123,9.229608746163107,9.969871235879921,10.430524809409944,10.912462681381253,11.416668283565942,11.944170486774317,12.496045700345938,13.07342006864674,13.677471769054321,14.309433416120648,14.970594576818012,15.662304402000489,161.23405388449012,152.96197468770157,133.4363701628564,125.827067650643,160.81360198101814,158.3192887089006,151.30014709994825,143.6266017761012,115.66189929461363,130.64786393638695,141.63848945919784,134.73172936028598,115.84471013896996,90.17533613012415,74.49147363905972,84.79353820687807,89.66570178682706,70.21992207359948,46.73340543210057,9.385336401891097,2.0499541414769253,8.219482215999812e-11,8.628448693086786e-11,9.060302915674285e-11,9.51295855270574e-11,9.98918211365204e-11,1.0488767582147258e-10,1.1013702977131553e-10,1.1564923985817789e-10,1.2144050464624003e-10,178.5916231,172.1899204,154.7804396,148.9194175,184.92614,184.5128409,179.5302714,172.9661983,149.4585544,169.1006472,185.623937,185.3236541,173.4800144,155.9627239,149.8566342,169.4255878,185.459744,180.4807616,173.6753848,156.0100395,169.5686706,185.9010341,185.390666,180.2837702,155.8350117,149.5879948,168.8441397,184.7054977,178.6577029,171.4822072,
14.665177361380023,17.76946657728696,21.337925684347866,24.945616911962794,28.367066490105625,33.02179209635955,38.13252091509774,43.10137148676703,51.27144161349485,60.34247828589404,70.94436631078533,83.35817279628209,97.24896752252009,113.30158918761627,131.9564630749566,152.11909250427902,175.73339223880498,204.1759568416644,236.96365561114675,275.0962226311579,316.230078027506,363.5144870141004,417.8691131892561,479.8325333332989,547.7891408677033,622.307877767881,704.0100381109684,793.573824127585,891.7392563073828,999.313457779246,9.303711005371051,9.606961376828831,9.924223300089173,9.883720138822099,9.256157362431008,9.0425745314713,8.578712636861159,7.323619278344276,7.691748813714253,7.830358511233655,8.076188516992099,8.482493596683243,8.614658721827979,8.778976911244055,9.066154659869458,8.374371384009612,7.849288010145617,8.161368966083788,8.52506873133235,9.208823457846249,9.634313149086937,10.079462406848862,10.545179592870879,11.032415039351761,11.542162988177074,12.075463619747199,12.63340517554647,13.217126178784675,13.8278177576423,14.466726075860006,153.2853433332781,142.02022054591487,122.52923261559519,114.18402434924897,141.2589368474989,138.64802697220654,131.4746173480803,119.7353428349299,90.58964797283421,100.80063780291776,100.53659657227035,89.66583990708484,64.80218835570463,32.88554490119503,8.92855156523206,8.804706911772438,6.43875301595897e-11,6.758236132657994e-11,7.096490539789652e-11,7.451676482975814e-11,7.824695578164076e-11,8.216315926192604e-11,8.627538907928089e-11,9.059334082122239e-11,9.512732966967808e-11,9.988782356725427e-11,1.0488632221720683e-10,1.1013518495311206e-10,1.1564625778605184e-10,1.2143258608702573e-10,177.2542317,169.3966485,153.7913816,149.0133614,178.8821607,180.7123936,178.1858509,170.1603336,149.5528384,168.9734746,179.5571514,181.5065063,170.6658146,154.966111,149.9511693,169.2981708,181.6397932,179.1292233,170.8580156,155.0131242,169.441146,179.8251921,181.5721379,178.9337071,154.8392149,149.6823604,168.7171599,178.6687296,177.3198166,168.7004158,
20.967704406376033,25.406097278626458,30.508142340838564,35.66627997436714,40.55813648779345,47.21328345258526,54.52040620547133,61.62467691825391,73.30592775997381,86.27534578468463,101.43351597094004,119.18229721863959,139.0428192302191,161.99423793637862,188.66625640361158,217.494005534192,251.25681960700533,291.9229003816254,338.8014862331853,393.32195835768175,452.13355673061017,519.7389791697564,597.4531251821363,686.0460310551897,783.2077648773718,889.7517779197344,1006.5663724671942,1134.6212158854407,1274.9743609002833,1428.779801000444,8.898741604653047,9.188792176468958,9.492244409073688,9.453504258387666,8.85325786374159,8.648971808123193,8.205300767825673,7.004838771455605,7.356944464593239,7.489520796920436,7.724650381088719,8.11326992384345,8.23968220138847,8.396847993373406,8.67152554710956,8.009854025418559,7.507626337755257,7.806123118773461,8.153991859618001,8.807984296474087,9.214953388227759,9.640726310241309,10.08617188533103,10.552199079894368,11.03975885872667,11.549846125538924,12.083501753136293,12.641814707400123,13.22592426940762,13.837022360223271,145.7409825890001,132.00237054493527,112.28191665012,103.46878746727907,124.23851224850051,121.89605213932892,113.80468542674224,98.71880901033173,68.46363857547627,73.78099251844043,65.14698764801895,51.2438715575671,20.56295076844511,5.5585845194111e-11,5.83675304563684e-11,6.129008141167161e-11,6.435862345063736e-11,6.758056634675891e-11,7.096370142040939e-11,7.451600957032625e-11,7.824603852363497e-11,8.216258205189095e-11,8.627493318330249e-11,9.059289583570678e-11,9.512675331397643e-11,9.988730761195182e-11,1.0488593038757989e-10,1.1013454424441189e-10,1.1564562737200804e-10,1.2143210099409797e-10,175.6074286,166.59726,152.2823034,148.5885717,173.6499066,177.7583074,176.5303924,167.3483247,149.1265108,167.5458591,174.305154,178.5394387,167.8454522,153.4455058,149.5237062,167.867812,178.6705468,177.4650003,168.034477,153.4920577,168.0095793,174.5653546,178.6039975,177.2713006,153.3198548,149.2556636,167.29171,173.4427183,175.6724042,165.912533,
24.92406184413604,30.19992687411534,36.264667400668856,42.39608450227287,48.21097639078123,56.12187075086411,64.80776100694024,73.25252344593349,87.13788794522314,102.55448151528742,120.57281885179066,141.67058486861728,165.27855211575698,192.560631648938,224.2653440438296,258.53254794142634,298.6660050750062,347.0052935608287,402.7293132381864,467.537152602291,537.4458029051643,617.8075677037864,710.1854524658288,815.4947902043107,930.9897922194646,1057.6373984010345,1196.4935231522597,1348.710798584042,1515.546919437843,1698.3736241034837,9.439166793857051,9.746832287210898,10.068713331158351,10.027620471045038,9.390920801789212,9.1742283481469,8.703612935650535,7.430246260131081,7.803735514483058,7.9443632761769,8.193772401841834,8.605993010820555,8.74008237149093,8.906792923470407,9.198151787389829,8.49629661129158,7.96356837588937,8.280193021107406,8.649188010857834,9.342897747319645,9.774582282917214,10.226212615130967,10.698710330837072,11.193039598433344,11.710209135299966,12.251274266165877,12.817339076581105,13.4095586658893,14.02914150429789,14.677351898855294,139.9027373620361,124.22830593870448,103.47933666820505,95.40923122671602,111.85852570746512,109.80455280102636,101.67050535744845,84.23244019397663,53.4265162403371,53.63796690858114,41.33327054641524,25.59352672061232,5.293713480329914e-11,5.5583874930851137e-11,5.836698929597674e-11,6.128959617849835e-11,6.435829860775968e-11,6.758036312697641e-11,7.096352475169456e-11,7.451586581873535e-11,7.824591567664863e-11,8.216248532011394e-11,8.627485819686976e-11,9.059282971827632e-11,9.51266617685645e-11,9.988722122344862e-11,1.0488583877276825e-10,1.101343670658664e-10,1.1564527927010509e-10,1.2143171640124044e-10,174.265966,164.1750651,149.8127174,147.8329362,169.4604229,175.1006519,175.1818793,164.9152099,148.3681397,164.1368117,170.0998618,175.8701046,165.4051096,150.9570559,148.7633151,164.4522139,175.9992525,176.1093478,165.5913861,151.0028529,164.5910966,170.3537848,175.9336982,175.9171277,150.8334426,148.4966357,163.8878337,169.2582332,174.3304453,163.5002935,
25.40244021515204,30.77956721978559,36.960710951878816,43.20981101155874,49.13631065191166,57.19904225188434,66.05164458151854,74.65849102288851,88.81036336875921,104.52285433166351,122.88702546192621,144.38973008796995,168.4508153294924,196.2565316938861,228.56976643813815,263.49467570022637,304.39843175084724,353.66551724770795,410.4590722972061,476.51079673983213,547.7612342064892,629.6654173467422,723.8163510727426,831.1469367825682,948.8586846584093,1077.9370934883232,1219.4583443004403,1374.5971921756275,1544.6354713381252,1730.9712485499308,10.289062205505056,10.624429666292516,10.975292635056197,10.930499805017092,10.236472180941092,10.0002689032916,9.48727963635802,8.099259992149237,8.506377935399914,8.65966771398827,8.931533447969915,9.380870087612038,9.527032752512904,9.70875379602145,10.02634639084064,9.26129670755395,8.680602026297818,9.025735314181288,9.42795433265786,10.184125167107487,10.65467825054368,11.146973034979988,11.662014086275217,12.2008523858177,12.764587475134682,13.354369699592471,13.971402555765762,14.616945147266128,15.29231475404097,15.998889520385447,135.9729625793721,120.62820051395259,99.29292721309729,92.74705988345806,106.8264265671828,104.03956294486142,97.02778098216265,80.00493058500346,50.10240959588415,47.76676875439367,35.00778359015159,18.220756624468184,5.2935030420078505e-11,5.5583746360975274e-11,5.836693634804613e-11,6.128952667098772e-11,6.435823662089084e-11,6.758032354855855e-11,7.09634918583496e-11,7.451583907056289e-11,7.824591841124721e-11,8.216245894726267e-11,8.627483190966636e-11,9.059281323102638e-11,9.512663322993755e-11,9.988719449375715e-11,1.0488580382014125e-10,1.101343246661553e-10,1.1564523121676184e-10,1.2143173152421867e-10,171.664465,162.0321974,147.2289308,146.8873707,166.1992094,171.2388741,172.5667052,162.7626816,147.4191509,160.9492908,166.8263425,171.9913568,163.2461869,148.3535331,147.8117988,161.2585679,172.1176564,173.4803281,163.4300321,148.3985403,161.3947536,167.0753788,172.0535479,173.2909775,148.2320518,147.546825,160.705148,166.0009108,171.7279816,161.3662331,
23.495562659296038,28.469046442519428,34.18619206449337,39.96619275627106,45.44780958012052,52.905298463383325,61.09336508108112,69.0541238959577,82.14366177627642,96.67666777198922,113.66230103488165,133.5508684168528,155.80576720431839,181.52419998451003,211.4117865796458,243.71499788484013,281.5482436339895,327.1170112219918,379.6472610723082,440.74070001958637,506.64260171962655,582.3985074803028,669.4818405795764,768.7554725789131,877.6309870778074,997.0199047148022,1127.9176211512995,1271.410706471829,1428.684771825531,1601.032935705361,10.919378326159059,11.275290663890118,11.6476477767201,11.600110902345426,10.863566594931633,10.612893316938074,10.068477920177257,8.595427090418722,9.027485402141574,9.190165834284732,9.478686279002831,9.955549637981473,10.11066634379342,10.303519762721393,10.640568332080981,9.828651097714774,9.212382599189082,9.578659026338526,10.00551830126566,10.808012761464868,11.307392300431147,11.829845454264625,12.37643832932629,12.94828629095884,13.546556239476567,14.17246899131634,14.827301770208642,15.512390813452077,16.229134098609595,16.978994196190186,134.12894411457415,121.75775029362117,98.89899405881881,94.52458644141741,108.59152642498343,105.83170261971598,98.26788099878085,84.58063071366475,55.44863952162528,53.562538993771504,42.38415688616324,26.587658245215852,5.2945060631242477e-11,5.5583968353637645e-11,5.836707378425935e-11,6.128964816030614e-11,6.435833800207282e-11,6.75803954498684e-11,7.096355417414855e-11,7.451586681858379e-11,7.82459616493814e-11,8.216249764109858e-11,8.627486494289038e-11,9.059284014641673e-11,9.51266449010359e-11,9.988720701368418e-11,1.0488582594288245e-10,1.1013434518885789e-10,1.1564525261706739e-10,1.2143182516514498e-10,168.5438851,161.5020874,144.7328339,146.0908901,164.9029026,169.3498944,169.429724,162.2301817,146.6197867,159.4293726,165.5251442,170.0940763,162.7121052,145.8383699,147.0103055,159.735729,170.2189826,170.3267387,162.8953489,145.882614,159.8706286,165.7722381,170.1555813,170.1408303,145.7189482,146.7467686,159.1875353,164.7061507,168.6062471,160.8383019,
19.41737906326403,23.52760282271234,28.252409174937593,33.02916068523909,37.55931956211697,43.72239344147773,50.489236850021996,57.068226839798676,67.88578088056312,79.89625666441476,93.93365106427505,110.37011004510346,128.76217036887786,150.01659042459315,174.71651383648336,201.41277593368002,232.6792105603989,270.3384931463359,313.75093610087816,364.2402339959566,418.70337773315725,481.31014139173953,553.2782024848441,635.3206617981318,725.2983808418804,823.9646653368011,932.1421376288934,1050.7287691145461,1180.7043814493773,1323.1376433141722,12.067255468031066,12.46058235673642,12.872082743630555,12.819548653309985,12.00557664358545,11.728551853876464,11.12690591056266,9.499003648260146,9.976481199537538,10.156263076827956,10.475113638660986,11.002106275444444,11.173529305261802,11.386656042386742,11.759136147948503,10.861867787668084,10.180815333354476,10.5855958150181,11.057327791471756,11.944182827871058,12.496058611657862,13.073433576520424,13.677485901053702,14.3094482010833,14.970610044914084,15.662320584794761,16.38599130996815,17.143098926924903,17.93518837273807,18.763875967627058,134.56156526873414,124.32931032058197,102.79874198146416,99.67851756148482,115.02313059433314,113.35719620468319,105.30276853945458,94.47301881198239,68.19182081994268,68.93995325880275,60.80031559711174,48.17772647950226,21.582938325913037,5.5585924501800057e-11,5.836772849713452e-11,6.129015088727046e-11,6.435871015686019e-11,6.758061367478477e-11,7.096372218787288e-11,7.451598688684476e-11,7.82460893311138e-11,8.216260815894084e-11,8.627496482494163e-11,9.059292722063131e-11,9.512671788657289e-11,9.988728062190759e-11,1.0488592594734632e-10,1.1013450735727206e-10,1.1564552301016374e-10,1.214322419049093e-10,166.0461998,160.3174955,143.9232339,145.5272269,164.5880268,168.8081415,166.9189113,161.0402493,146.0540829,158.992473,165.2090803,169.5499428,161.518638,145.0225858,146.4430949,159.2979899,169.6744496,167.802633,161.7005376,145.0665824,159.4325198,165.4557024,169.611251,167.6194795,144.903832,146.1805748,158.7512985,164.3916506,166.1076376,159.6585787,
13.119754562096022,15.896912423801414,19.089325750680526,22.316836900104548,25.37773262646873,29.541941214138237,34.114099196478946,38.559330123430186,45.868434689738336,53.98356155339671,63.46821798501246,74.57385211801467,87.00082882547883,101.36181820422772,118.05083332881043,136.08871605744534,157.2145305660805,182.659805281187,211.99232202553728,246.1064624683737,282.90561420683264,325.20717151029703,373.83388342518225,429.26757127533574,490.06288180952566,556.7288016491572,629.8211526300015,709.9466677352292,797.7673837718906,894.0053688808209,12.059649750430065,12.45272873411275,12.86396976164023,12.811468782366035,11.998009800749463,11.721159613486295,11.119892873973452,9.493016641568282,9.970193249567771,10.14986181441593,10.468511411967013,10.995171897236498,11.166486883003696,11.379479291177027,11.751724630971013,10.85502179860029,10.17439859621167,10.578923953912595,11.050358608393928,11.936654680165544,12.488182629154831,13.065193687664017,13.668865291708796,14.300429280224959,14.961174408731692,15.65244897913763,16.375663591055908,17.13229402024255,17.92388423003179,18.752049521913033,143.0082501875031,131.03608404211653,112.9528784877115,113.28667411756327,128.21007257281735,128.7184977724128,123.83762902958681,112.05193163504272,93.11366246073719,95.75541173223279,92.27390410306826,85.15953248479897,62.412570891570184,33.271736504650605,19.546463840276694,13.252336544015423,3.464999537771963,6.758347516211681e-11,7.096481849302154e-11,7.451684700311134e-11,7.824687958570469e-11,8.216319248435324e-11,8.627550559987406e-11,9.05934523074492e-11,9.512726174479686e-11,9.988779537821892e-11,1.0488639855488198e-10,1.1013515190310768e-10,1.1564607313941892e-10,1.214326386493872e-10,168.1876545,159.3857252,144.906174,148.4149798,165.585815,169.9815986,169.0716211,160.1042784,148.9522904,159.8888351,166.2106335,170.7285565,160.5798866,146.013034,149.3490218,160.1960744,170.8539287,169.9667399,160.7607291,146.0573311,160.3313628,166.4587507,170.7902909,169.7812244,145.8934693,149.0812923,159.6463008,165.3882483,168.2498847,158.7306381,
6.11249810007201,7.406376889719296,8.893723341425755,10.397421880559383,11.823494237581475,13.763600430876519,15.893770385505746,17.964804981981445,21.37011927832211,25.150959636362348,29.569864284592665,34.74398299365682,40.53371565629883,47.224505478416724,54.99992328507327,63.40377896592893,73.24630311036505,85.1012652299499,98.76729472932549,114.66108433152316,131.80582160697844,151.51413150132177,174.16933307431515,199.99590704414976,228.3204628408822,259.380137504049,293.433888615444,330.76439327770123,371.6800946637564,416.51740456531564,12.503570605726068,12.911118994594345,13.337497979894298,13.283064417161578,12.439661663185069,12.152620502347867,11.529220877486836,9.842458636491385,10.337200319126879,10.52348256054341,10.853861785804416,11.399908868355725,11.577530031879377,11.798362781519051,12.184310631173691,11.254599784761917,10.54892255175123,10.968338660551549,11.457127025908777,12.37604803442139,12.947877962647365,13.546129044532812,14.17202205801578,14.826834186549132,15.511901625292852,16.228622307724393,16.9784587582308,17.762941076503655,18.5836700598266,19.4423204696264,151.88810239423114,143.31726481571704,127.2286980787122,129.6645045023129,146.240037399269,147.53259586681293,143.97732173704662,136.56520598156837,122.1928301025943,128.7249195031397,130.72284092965063,128.06711893803754,112.74951141187447,91.5786947401196,87.12582568381119,90.05688954937017,90.5437147379478,76.23815670956584,54.82199884483645,23.610119834129726,20.100673630452153,6.3417919542272525,8.629224712627485e-11,9.0600438392763e-11,9.513224469689675e-11,9.989457297266027e-11,1.0489270916334072e-10,1.1014547590222555e-10,1.1565048011335248e-10,1.214442308042265e-10,170.5041711,163.6347607,149.4599194,153.3449908,170.5031933,173.4488168,171.400313,164.3724696,153.9001497,164.3993617,171.146567,174.2110108,164.8607571,150.601563,154.3100596,164.7152683,174.3389404,172.3077606,165.0464206,150.6472522,164.8543732,171.4020525,174.2740045,172.1196899,150.4782409,154.0334368,164.1499855,170.2997595,170.5672584,162.9622098,
0.7849660979160012,0.9511258198591039,1.1421306302215768,1.3352353732221203,1.5183713734483317,1.7675195225619549,2.041075631669541,2.307037586868417,2.744347542898443,3.2298824999823914,3.797357578419368,4.461817134351242,5.205333742743705,6.064563977691689,7.063081977277796,8.142303875305506,9.40627936369233,10.92869183787255,12.683681315906652,14.724759415380916,16.926484029209522,19.45742225790194,22.366799878165505,25.68344467048065,29.320879917896622,33.30955872380076,37.68273638237534,42.47671424514505,47.73110253855485,53.48910321491708,12.415269996566067,12.819940265884815,13.24330814937056,13.189258998171121,12.35181238098879,12.066798313863867,11.447801156774734,9.77295088381502,10.264198685116044,10.44916539548057,10.777211472254294,11.319402353122124,11.495769150398452,11.715042372209593,12.098264646002496,11.17511944685017,10.474425728669774,10.890879907708873,11.37621643424563,12.288647993673639,12.85643964094848,13.450465854864058,14.071938792186204,14.722126616858034,15.402356087787263,16.11401526620112,16.8585563480934,17.6374986275435,18.452431596954266,19.305018190534557,163.7282991055471,157.97437751428674,145.4361377204401,147.6900233286406,165.9034434455984,168.78545466361155,164.36956571159493,160.43972922935774,149.79324087202883,160.8838696045825,165.87741264937407,167.64104731257672,156.33110450691055,143.26276085015408,144.07405967677786,155.58093097790535,163.67625550770197,156.98050975448587,149.16717574991839,134.0778164910197,145.26313532991998,147.81347008731586,147.0498525297342,138.1993533127516,116.18725949441102,113.51920961009777,119.75683156963584,119.44491962742127,110.81046546460624,98.24543579466953,176.9285352,171.7454436,159.8215765,162.2145177,179.7736272,182.6197725,177.8584425,172.5197177,162.8017871,174.5629175,180.4519817,183.4222668,173.0322074,161.0423672,163.2354063,174.8983543,183.5569606,178.8000815,173.2270735,161.0912239,175.046059,180.7213582,183.4885912,178.6049246,160.9104955,162.9427836,174.2981243,179.5591325,176.9939996,171.0395572,
0.0,0.0,0.0,0.0,0.0,0.0,0.0,0.0,0.0,0.0,0.0,0.0,0.0,0.0,0.0,0.0,0.0,0.0,0.0,0.0,0.0,0.0,0.0,0.0,0.0,0.0,0.0,0.0,0.0,0.0,11.909284453151065,12.297462346050954,12.703575830023095,12.651729457268937,11.848413058905306,11.57501476797172,10.981244900582183,9.37465331436361,9.845880263459128,10.023308637445679,10.337985164264596,10.858079002734922,11.0272579539326,11.237594674135224,11.605198686665386,10.719676360424662,10.047539483284295,10.44702103151095,10.912577620423573,11.787822942375163,12.332474185512813,12.90229080296098,13.498435549917904,14.122124906181122,14.774631558469256,15.45728699743841,16.171484234692578,16.918680645332294,17.700400941842016,18.518240285384216,172.5061998468781,168.36402355397973,155.98485467000916,159.42076804276488,179.77599374113024,180.52441033206563,174.40349689945705,172.1013025856776,162.84957573658414,176.49793996259976,182.00949363578314,182.08549729731524,170.98779324612008,158.7393557259201,161.55022811339273,176.15998793963635,183.03772241677981,175.9192063685564,171.3074558796471,158.2406946576991,174.70501321456516,179.73232199712092,179.5149079501681,172.0406871939092,155.06313084162562,157.3877340026612,170.06683166541202,174.47709175477755,166.7833179582734,161.400713614737,184.4154843,180.6614859,168.6884305,172.0724975,191.6244068,192.0994251,185.3847418,181.4759559,172.695456,186.5212486,192.3474788,192.9435763,182.0150512,169.9769504,173.1554268,186.8796643,193.0852619,186.3662274,182.2200335,170.0285176,187.0374874,192.6346128,193.0133435,186.1628121,169.8377624,172.845021,186.2383159,191.3957724,184.4837189,179.9189539,
0.0,0.0,0.0,0.0,0.0,0.0,0.0,0.0,0.0,0.0,0.0,0.0,0.0,0.0,0.0,0.0,0.0,0.0,0.0,0.0,0.0,0.0,0.0,0.0,0.0,0.0,0.0,0.0,0.0,0.0,11.851915337735065,12.238223309530346,12.642380473504788,12.590783853836479,11.791337171689182,11.519255888353223,10.928346314727499,9.329493962423333,9.798450928520616,9.975024598859326,10.288185273566656,10.805773728647768,10.974137715116422,11.183461206386191,11.549294405807876,10.668037796179885,9.999138720456697,10.396695895885227,10.860009816920778,11.731038928394746,12.273066490810692,12.840138201508084,13.433411214489105,14.054096149554395,14.70345956266707,15.38282653045883,16.093583354152045,16.837180388415373,17.61513500092536,18.429034668672934,171.76357686229412,168.0216022905003,156.80670702652742,158.56473974619738,182.37456702834632,180.00366241168408,173.6521986853117,171.74299083761787,161.97671147152272,178.22203130118612,184.6103810264811,181.55876237140237,170.63624388493628,159.55995639366913,160.68338759425026,177.89065400388114,182.5066577796074,175.16107710418206,170.9548983831499,159.06417837167945,176.44486630926724,182.3493702985738,179.00068278559684,171.3011439505359,155.90014243742775,156.54110386964075,171.81799774595254,177.09705711169445,166.06829579918997,161.08990983144818,183.6154922,180.2598256,169.4490875,171.1555236,194.1659042,191.5229183,184.580545,181.0724848,171.7751624,188.1970559,194.8985663,192.3645361,181.6103816,170.7434176,172.232682,188.5586918,192.5057965,185.557773,181.8149082,170.7952173,188.7179328,195.1895085,192.434094,185.3552401,170.603602,171.9239304,187.9115811,193.9342375,183.6834308,179.5189445,
0.0,0.0,0.0,0.0,0.0,0.0,0.0,0.0,0.0,0.0,0.0,0.0,0.0,0.0,0.0,0.0,0.0,0.0,0.0,0.0,0.0,0.0,0.0,0.0,0.0,0.0,0.0,0.0,0.0,0.0,11.752227511356063,12.135286202260978,12.536043953731701,12.484881319180284,11.692158875249188,11.422366098957134,10.83642673388443,9.251022513056084,9.716035028042862,9.891123516882192,10.201650161048521,10.714885119958291,10.881832977525136,11.089395824775766,11.452151958978167,10.578307700298739,9.915034811822558,10.309248088011977,10.768665022239656,11.63236780743122,12.169836313526309,12.732138318684171,13.320421243951259,13.935885526465494,14.579787069041755,15.253439802939418,15.95821836904144,16.695560922916133,17.46697206948558,18.274025933288705,168.38441858867313,165.12941799776968,154.81256984630053,156.86324388085356,179.08371902478632,177.12806680108014,170.24698796615473,168.8128379869851,160.24518557200037,175.20661188316322,181.29409793899916,178.6641034800918,167.7109868225275,157.53750367527954,158.9617568410799,174.8751079997622,179.60302168824145,171.73287961205529,168.02528307783092,157.04568929264295,173.44019798655157,179.0494722813976,176.1270456561346,167.9075465736247,153.90903003105305,154.85497779716016,168.8587436310631,173.8526949771936,162.7363254306297,158.26210726683237,180.1366461,177.2647042,167.3486138,169.3481252,190.7758779,188.5504329,181.0834147,178.0638605,169.9612206,185.0977354,191.4957481,189.3789886,178.5928198,168.6268995,170.4139088,185.4534157,189.5180565,182.0421277,178.7939481,168.6780571,185.6100343,191.7816106,189.4474669,181.8434321,168.4888171,170.1084176,184.816962,190.5482559,180.2032975,176.5361332,
0.0,0.0,0.0,0.0,0.0,0.0,0.0,0.0,0.0,0.0,0.0,0.0,0.0,0.0,0.0,0.0,0.0,0.0,0.0,0.0,0.0,0.0,0.0,0.0,0.0,0.0,0.0,0.0,0.0,0.0,11.653568672962063,12.033411622387765,12.430805050439862,12.380071921366374,11.594004307373817,11.326476415920858,10.745455956397892,9.173361054050723,9.634469832956581,9.80808847049254,10.116008272851712,10.624934672824864,10.790481018917905,10.996301395697833,11.356012226464259,10.489503807685416,9.83179903237349,10.222702925395271,10.678263097913254,11.534715179914949,12.067671688736887,12.625253221745798,13.208597567496977,13.818895085572114,14.457391135600746,15.1253886185136,15.82425063521344,16.555403268088607,17.320338491045177,18.12061721399545,162.41901502706713,160.6580743776429,151.17162404959237,153.34100287866744,173.45685929266173,171.15836898411646,164.24202464364134,164.29666404599047,156.6865692670867,169.9053212295529,175.633122927196,172.6618121272253,163.19485688113477,153.85579840435744,155.40801957359383,169.56923969237556,173.5895419676906,165.69121687467202,163.50301420215746,153.36739702015927,168.14313461134105,173.4011619783361,170.14442463258902,161.9030180145182,150.2597172644941,151.33969488158604,163.6165530648912,168.27466913202124,156.81665290907023,153.86109408612572,174.0725837,172.691486,163.6024291,165.7210748,185.0508636,182.4848454,174.9874806,173.4700251,166.3210391,179.7134097,185.7491312,183.2867468,173.9853379,164.8520998,166.7640318,180.0587435,183.421341,175.9139198,174.1812773,164.9021122,180.2108063,186.0264152,183.3530222,175.7219131,164.7171084,166.4650835,179.4408037,184.8300724,174.1369914,171.9817113,
0.0,0.0,0.0,0.0,0.0,0.0,0.0,0.0,0.0,0.0,0.0,0.0,0.0,0.0,0.0,0.0,0.0,0.0,0.0,0.0,0.0,0.0,0.0,0.0,0.0,0.0,0.0,0.0,0.0,0.0,11.686725218948062,12.067648891418656,12.4661729768549,12.415295502699289,11.626991381785729,11.358702324282746,10.77602875470177,9.19946095324645,9.661881671426999,9.835994285915516,10.144790176739384,10.655164565912903,10.821181921804838,11.027587895407429,11.388322169638828,10.519348375056165,9.85977230870543,10.25178839519076,10.70864472017786,11.567533565855866,12.102006433957026,12.661174388967556,13.24617845666043,13.85821238340926,14.498525072120751,15.168423130718384,15.869273538377668,16.6025064349536,17.369618039292387,18.172173702382093,156.39711348108113,156.80296740861198,158.87945872317735,167.31566979733458,170.73107081824983,159.4958338757546,158.19123094533742,160.43246894679473,170.71976832861628,173.18390421412988,172.90137862330835,160.9501655341372,159.31465927824777,161.62686060464787,169.47377063041927,172.8522376250048,161.87157389135862,159.61003760487654,159.61880067989276,161.1392944342183,171.42444006612087,170.65824351111425,158.4212030434255,155.818212616681,158.01454292797405,165.36944856938115,166.87300336172686,165.53797746515613,150.77641246082294,150.00437189773902,168.0838387,168.8706163,171.3456317,179.7309653,182.3580622,170.8545362,168.9672597,169.6319299,180.38165,183.0198985,183.0461688,171.6053301,170.1358412,172.6544485,180.8620928,183.371586,171.7313462,169.861826,170.3274454,172.706828,183.5264465,183.3194179,171.6673815,169.676425,172.513068,180.5378717,182.7422769,182.1404839,168.1460305,168.1765456,
0.0,0.0,0.0,0.0,0.0,0.0,0.0,0.0,0.0,0.0,0.0,0.0,0.0,0.0,0.0,0.0,0.0,0.0,0.0,0.0,0.0,0.0,0.0,0.0,0.0,0.0,0.0,0.0,0.0,0.0,12.106431006664065,12.501034804834434,12.913871100241236,12.861166461506377,12.044551946035806,11.76662781385576,11.16302866718448,9.529841528951684,10.00886917919781,10.189234706341168,10.509120395219973,11.037823878389032,11.209803421619487,11.423622060456962,11.79731139779509,10.897130115731796,10.213866670128102,10.619961244581036,11.093224667378639,11.982958819400576,12.53662623104722,13.115875605157322,13.72188894520393,14.35590286861757,15.019211130200448,15.713167262133911,16.4391873359663,17.198752852217222,17.993413763494715,18.82479163729379,146.90065239336514,149.2396020951962,150.24807029979095,156.59724063852744,159.8469573539997,148.94384198618158,148.67976983285476,152.93996507108957,160.06303262084546,162.18713369370428,162.03100120482773,150.3788632216611,151.74263857843317,152.98462533959835,158.727573402263,161.8104734843292,151.32135462993597,150.06909575548633,152.04273173269206,152.4751663806737,160.31683196903077,159.68181179492458,147.75316545488215,146.15776503147276,149.2544083698944,154.5060273379657,155.67570466413832,154.48766614789264,141.0725030366207,142.25107936282748,159.0070834,161.7406369,163.1619414,169.4584071,171.8915093,160.7104698,159.8427985,162.4698066,170.0719018,172.3763684,172.5401216,161.4166871,162.952442,164.4082474,170.5248848,172.7076036,161.5352213,160.689057,163.1359564,164.4581252,172.8534582,172.7976874,161.4750544,160.5136679,164.2736195,170.2191946,172.114892,171.686419,159.0659168,161.075871,
0.0,0.0,0.0,0.0,0.0,0.0,0.0,0.0,0.0,0.0,0.0,0.0,0.0,0.0,0.0,0.0,0.0,0.0,0.0,0.0,0.0,0.0,0.0,0.0,0.0,0.0,0.0,0.0,0.0,0.0,12.259726883708067,12.65932729362075,13.077391067046891,13.024019063684529,12.197064288703372,11.915620983649768,11.304378852805776,9.650511726011976,10.13560499243618,10.318254371166907,10.642190564872735,11.177588677045504,11.351745885592733,11.568271971055138,11.946693093894519,11.035113400601976,10.343198233521631,10.754434919957802,11.233690970263103,12.134691248288247,12.695369390959778,13.281953423879113,13.895640317461991,14.537682347622722,15.209389651140743,15.912132899096777,16.64734609383395,17.416529495151245,18.221252681700435,19.063157753833092,140.00340271632118,142.79950620640994,143.80148293298532,149.28240023634933,150.98424471133217,140.5274960163876,141.75902074723348,146.50917147402924,152.7584165076071,154.47288102887856,153.15486383517506,141.93541602300468,145.27182771445996,146.50891512900023,151.3811932061636,154.07268159945912,142.8822429665425,143.11933078010955,145.5662695298076,145.99045295178598,152.55186200911822,150.7596151762028,139.27272908262404,139.16813305246762,142.7383537489541,147.12296490100283,147.89381890627067,145.57008170495862,134.09821491841498,135.75672844628812,152.2631296,155.4588335,156.878874,162.3064193,163.181309,152.443117,153.0633996,156.1596832,162.8940215,164.7911354,163.7970544,153.1130047,156.6235736,158.0771871,163.3278863,165.107795,153.2254412,153.8737657,156.7999605,158.1251442,165.2472314,164.0415686,153.1683694,153.7058154,157.9477434,163.0350978,164.541165,162.9866112,152.3194676,154.8198862,
0.0,0.0,0.0,0.0,0.0,0.0,0.0,0.0,0.0,0.0,0.0,0.0,0.0,0.0,0.0,0.0,0.0,0.0,0.0,0.0,0.0,0.0,0.0,0.0,0.0,0.0,0.0,0.0,0.0,0.0,12.125459914844065,12.520683951913803,12.934169144089136,12.881381664116375,12.063483592606474,11.785122618818084,11.180574734014716,9.544820549550284,10.02460113624541,10.205250162221162,10.525638647952189,11.055173148126187,11.227423009085719,11.441577728411605,11.815854431265146,10.914258242781264,10.229920842569314,10.63665371714269,11.110661016167102,12.001793653793433,12.556331320788884,13.136491160018492,13.743457032830309,14.378467500372176,15.042818350972226,15.737865244295916,16.465026477675174,17.225785880254566,18.02169584086019,18.854380475769513,136.61811148518518,137.75734374811688,139.94768695594308,145.17305633591747,146.4049119074291,136.57951538121927,138.3447684660245,141.4107004504909,148.60204546379785,150.8958273378243,148.54071855209554,137.96143035192398,140.17652879096696,142.60806037164372,147.23329096879294,150.49638805727977,138.89611095749476,139.68032408292464,140.46379948390359,142.09457964628083,148.99062907928905,146.16731834006342,135.32702996725575,135.77444209971816,138.88067414912268,143.02616185580374,144.3916780224295,141.0535349198553,130.77691135925522,130.80599352435166,148.7435714,150.2780277,152.8818561,158.054438,158.4683955,148.364638,149.5253432,150.955521,158.6266466,161.1010775,159.0663572,149.0166035,151.4039518,154.0496381,159.0491454,161.4106463,149.1260318,150.3169778,151.5744605,154.0963733,161.5469604,159.3038095,149.070487,150.1529096,153.9234925,158.7640271,160.8567045,158.2793208,148.7986072,149.660374,
0.0,0.0,0.0,0.0,0.0,0.0,0.0,0.0,0.0,0.0,0.0,0.0,0.0,0.0,0.0,0.0,0.0,0.0,0.0,0.0,0.0,0.0,0.0,0.0,0.0,0.0,0.0,0.0,0.0,0.0,11.872359997483064,12.259334353977886,12.664188692667697,12.612503068369907,11.81167733356003,11.539126707581715,10.947197809667017,9.345587422783742,9.815353343833461,9.992231605329605,10.305932484996083,10.824413784782214,10.993068200630345,11.202752776790982,11.569217041747102,10.68644025660139,10.016387324001975,10.414630289106722,10.878743430791607,11.751275075257688,12.294237640056949,12.862287554516987,13.456583968740965,14.078339590859489,14.728823161656013,15.409362043531255,16.12134492908957,16.86622467487436,17.645521266034965,18.460824917974286,133.36793810254616,135.43542654605284,138.00299320736457,144.04707263166398,144.16224756647554,134.4172665924557,135.05645939037225,139.01502067725752,147.41138105620985,149.5520065947159,146.2565416150517,135.77336231526797,137.80826229942238,140.61529442326437,146.07628755831104,149.1643751434596,136.68904087606217,136.36201661096064,138.09016466927912,140.1128303248166,147.69157456002102,143.93390114556493,133.1942010313451,132.53810330923088,136.96490573843886,141.95354045656836,143.180881771015,138.92160182523554,127.64851633408044,128.62689968214693,145.2402981,147.6947609,150.6671819,156.6595757,155.9739249,145.9563933,146.0036572,148.3606081,157.2267344,159.5442382,156.5624741,146.5977761,148.8013305,151.8180472,157.6455046,159.8508154,146.7054282,146.7766469,148.9689081,151.8641054,159.9858122,156.7961887,146.650785,146.6164429,151.6937289,157.3629025,159.3022267,155.7878265,145.2940376,147.0877246,
0.0,0.0,0.0,0.0,0.0,0.0,0.0,0.0,0.0,0.0,0.0,0.0,0.0,0.0,0.0,0.0,0.0,0.0,0.0,0.0,0.0,0.0,0.0,0.0,0.0,0.0,0.0,0.0,0.0,0.0,11.872403065589065,12.259378825869872,12.664234633206995,12.612548821414727,11.811720181533943,11.539168566852517,10.947237521659895,9.345621324783837,9.815388949953753,9.992267853092478,10.305969870738496,10.824453051364458,10.993108079022395,11.202793415833613,11.569259010173429,10.686479022671643,10.016423659391998,10.414668069160673,10.878782894459768,11.751317704116708,12.2942822385639,12.862334213678597,13.456632783768885,14.078390661364589,14.728876591851636,15.409417942445879,16.121403410789284,16.866285858695626,17.64558527682814,18.46089188635838,132.09360733444018,131.40654617416084,138.46586716682526,144.46160527861917,143.62650701850163,133.46251313318487,133.7754345783794,134.96798777525743,147.82742475008953,149.494537546953,145.71878512930928,134.81441604868573,133.74920132103034,141.08170968422175,146.4934330898847,149.1067931773894,135.72939344067214,135.07421173090668,134.02653290561102,140.5793850959576,147.63393816151407,143.3953325864033,132.23489851631714,131.2516907387258,137.43092630824327,142.36992425765376,143.12347758931534,138.38648204141427,126.37369322328732,124.61455561376286,143.9660104,143.665925,151.1301018,157.0741541,155.4382272,145.0016817,144.7226721,144.3136091,157.6428137,159.4868054,156.024755,145.6388691,144.7423094,152.2845031,158.0626921,159.7932722,145.7458171,145.4888798,144.9053158,152.3307028,159.9282204,156.2576668,145.6915313,145.3300814,152.1598029,157.7793422,159.244881,155.2527679,144.0192785,143.0754475,
0.0,0.0,0.0,0.0,0.0,0.0,0.0,0.0,0.0,0.0,0.0,0.0,0.0,0.0,0.0,0.0,0.0,0.0,0.0,0.0,0.0,0.0,0.0,0.0,0.0,0.0,0.0,0.0,0.0,0.0,11.947519937939065,12.336944099662022,12.744361435767319,12.69234860706826,11.886453112365935,11.612177059528586,11.016500857730675,9.40475121114357,9.877491063127142,10.055489081740221,10.37117589675921,10.892939528249208,11.062661638797929,11.273673657881632,11.642457885535919,10.754092535806455,10.079797722188673,10.4805618303139,10.94761311707704,11.825668467567699,12.372068346771915,12.943714395257194,13.541773101318325,14.167464850335504,14.822066415065756,15.506913560997225,16.223403772082698,16.972999102414445,17.757229159659435,18.577694226342437,132.86733706209014,135.54131650036868,140.7207329642649,147.44315039296558,146.06464638766963,134.8634812405088,134.55947924230858,139.14018378889767,150.83775063691613,151.32454781830526,148.17593340328852,136.22638337180095,137.92354326125474,143.3636578421737,149.50084551452215,150.93604916425457,137.14756037787546,135.86614366975346,138.2063776829937,142.8585765325066,149.45462345330603,145.8400721048247,133.63074729876772,132.01950594975486,139.68863818502913,145.3475174391024,144.91183692802196,140.7896429976954,127.11120994045599,128.69277577377878,144.814857,147.8782606,153.4650944,160.135499,157.9510995,146.4756583,145.5759801,148.544935,160.7152417,161.3800369,158.5471093,147.1193229,148.9862049,154.6373315,161.1433034,161.6901417,147.2273581,146.3467055,149.1539908,154.684245,161.8266918,158.7837865,147.1725204,146.1869708,154.5107046,160.854431,161.1352407,157.7626421,144.8684391,147.27047,
0.0,0.0,0.0,0.0,0.0,0.0,0.0,0.0,0.0,0.0,0.0,0.0,0.0,0.0,0.0,0.0,0.0,0.0,0.0,0.0,0.0,0.0,0.0,0.0,0.0,0.0,0.0,0.0,0.0,0.0,12.426016338384068,12.83103687999161,13.254771219945232,13.200675285175729,12.362503795509346,12.077243027459748,11.457710082181045,9.781410101439528,10.273083114338174,10.458209927180945,10.786539952292001,11.32920013979094,11.50571959567956,11.725182614812367,12.108736596054854,11.184792345906416,10.48349212507184,10.900306776252158,11.386063397737505,12.299284734707674,12.867567847985647,13.462108235877738,14.084119104361827,14.734869715071476,15.415687975323152,16.127963147814565,16.873148685523415,17.652765197591396,18.468403552245533,19.321728123088224,135.86972236164513,133.31621062003907,146.409779580087,154.52385471485806,152.35433580452622,139.54813377257761,137.61744661785823,137.02470799860174,158.05866438570507,158.47424117286448,154.5518392477557,140.96247096025925,135.73650310437318,149.158959485243,156.67135900400322,158.07227615415457,141.9200123749923,138.96410112381525,136.02198110233326,148.63366606536664,156.53244115209236,152.12308606420427,138.26261969572425,134.9659639850189,145.33671192477178,152.34957005228515,151.8030500145813,146.8675445025185,129.88220524786993,126.224843477033,148.2957387,146.1472475,159.6645508,167.72453,164.7168396,151.6253768,149.0751567,146.8061181,168.3317475,168.9324511,165.3383792,152.2916711,147.2422227,160.8841421,168.7800956,169.2570685,152.4035045,149.8644079,147.4080445,160.9329508,169.400009,165.5851943,152.3467388,149.7008337,160.7523999,168.4775332,168.6761987,164.5203097,148.3506088,145.5465716,
0.0,0.0,0.0,0.0,0.0,0.0,0.0,0.0,0.0,0.0,0.0,0.0,0.0,0.0,0.0,0.0,0.0,0.0,0.0,0.0,0.0,0.0,0.0,0.0,0.0,0.0,0.0,0.0,0.0,0.0,12.736463137626068,13.151602556220832,13.58592331148128,13.530475864743348,12.671363821878186,12.378976208830263,11.743965091412626,10.025785078533769,10.52974186033883,10.719493810066654,11.056026705881807,11.612244506190631,11.793174056078184,12.018120054629849,12.411256600595468,11.46422888368459,10.745407648637817,11.172635836289707,11.670528413840467,12.606565320446268,13.189046199828526,13.798440355445921,14.435991303546528,15.10300001650698,15.800827577567938,16.53089795823049,17.2947009239809,18.093795074273135,18.929811022972373,19.804454725749117,141.93682076240313,141.91372614380984,156.50146338855097,167.46873173529053,165.68532237815737,150.3329125912071,143.74225620862663,145.73861932150743,171.12474183970446,172.14041328997885,167.973667294166,151.81465649385947,144.4339465439745,159.36847244542554,169.72706009946268,171.74705831637647,152.80150375142628,145.13677886377764,144.73253258623026,158.83202207962808,170.1769661002495,165.49850704463603,149.0500038965395,141.03580578358333,155.44542262252693,165.28090984186915,165.28782727612378,160.05008692583678,135.80070277714302,134.62354407437206,154.6732839,155.0653287,170.0873867,180.9992076,178.3566862,162.7118888,155.4862213,155.7644044,181.6544837,182.8599071,179.029694,163.426901,156.2271206,171.3865925,182.1383167,183.2112872,163.5469114,156.3094147,156.403061,171.4385874,183.3660123,179.2969474,163.4859952,156.1388058,171.2462502,181.8118078,182.5825282,178.143882,154.7305138,154.4279988,
1.8285992462920029,2.2156727047711744,2.660623452573202,3.1104660488887323,3.537086195760882,4.117483386026507,4.754739563408875,5.3743049587937035,6.393030045285356,7.524096544754912,8.846044719936348,10.393920795596578,12.125962361877741,14.127561875778426,16.453635914261984,18.96771181455198,21.912176080629166,25.45867612722022,29.54697044375638,34.3017157559815,39.4306913640725,45.32657877842783,52.10405074532809,59.83026234038574,68.30376376868892,77.59549633846633,87.7829291353745,98.95062711605762,111.19086334863293,124.6042779214385,12.769854309860069,13.186082099039163,13.621541512574439,13.565948699322748,12.704584323303425,12.411430157952804,11.774754232545455,10.052069668904027,10.557347673682681,10.747597095900835,11.085012279660857,11.642688315601427,11.824092208302778,12.049627947546174,12.443795179187711,11.494284640690964,10.773578872755778,11.201927124105334,11.701125026111665,12.639615939707326,13.223623908608577,13.834615712253427,14.473838127015222,15.142595536028523,15.84225259088452,16.57423699630891,17.340042423504592,18.141231558104106,18.97943928895132,19.856376044218948,147.00402414387716,145.13797909622033,163.00855943488455,175.6981703518223,175.3847808809712,157.22451145605802,145.92233990408488,145.83711497234347,176.1206660810752,175.55172625938968,172.4184742004505,152.48034848885214,137.79248692987215,154.48303967673075,164.6878535066084,163.73387084481809,141.95935684667916,126.65130204874178,120.67659783020265,133.7737061043854,141.70555372739682,133.47547370940055,108.00217302774267,88.1607955236761,96.36627704052142,99.0685220653243,88.40643894122545,74.30595592594806,31.49196876253112,15.419249734463744,161.6024777,160.5397339,179.2907244,192.3745851,191.6264514,173.753425,162.4518337,161.2634896,193.0710438,193.8234199,192.3495312,174.5169576,161.7425415,180.6602295,193.5852846,194.1958673,174.6451118,163.3119053,161.9246933,180.7150378,194.359869,192.6366682,174.5800619,163.1336534,180.5122934,193.2382554,193.5294105,191.3978146,161.6622714,159.8799037,
10.385045377616017,12.58332662427418,15.110306615159702,17.665068564774653,20.08794475990407,23.384156967238013,27.00328474097068,30.52194240120937,36.307521867013335,42.73111465034807,50.23876938331061,59.02952182250896,68.86619341592746,80.23374801917014,93.44406979433774,107.72209837836199,124.44440375937245,144.58581199316106,167.8041973667586,194.80751475660938,223.93617405072192,257.4203059421434,295.91116393877854,339.79013751619846,387.9131458892264,440.68308143933774,498.5399093319653,561.963893853495,631.4790754690384,707.6570129202483,12.58577737766507,12.996005260136753,13.42518754387916,13.370396098776796,12.521448255318637,12.232519895377266,11.605021627624232,9.907169492131178,10.40516393495459,10.592670919464059,10.925222277028773,11.474859435519088,11.653648398461142,11.875933049166418,12.264418376143128,11.328594993566268,10.618278170058922,11.040451798730235,11.532453783216305,12.4574163883383,13.033005906043144,13.635190287607667,14.265198337174333,14.9243156352477,15.613887162021593,16.335320041915963,17.090086414923878,17.87972644062783,18.70585144101528,19.570147188506173,140.52883724474813,135.47623981561972,152.79044644099335,162.2438408364824,162.08811958481283,140.54908163742212,125.75068093144435,121.35254110670067,147.26635379807533,139.04535353023334,134.26818903970832,106.43551034202213,81.74240228566411,90.60131053171881,88.78721062957725,73.68809862813279,42.00714317063274,9.602892108176091,7.096883930284602e-11,7.45206460002576e-11,7.824903190779792e-11,8.21644976322322e-11,8.627668685548166e-11,9.059404241427481e-11,9.512805126426478e-11,9.988882276989062e-11,1.0488743186998805e-10,1.1013689945877994e-10,1.156466809945157e-10,1.2143320166383247e-10,163.49966,161.0555717,181.3259406,193.2793055,194.6975126,176.1657585,164.3589873,161.781653,193.9790396,192.3691391,195.4321807,176.9398916,162.2622441,182.7109916,194.4956988,192.738792,177.0698251,165.2291559,162.4449812,182.7664221,192.9015633,195.7239195,177.003872,165.0488114,182.5613763,194.1470375,192.0773358,194.4652117,163.5601556,160.3936214,
20.590600300816032,24.949168689576272,29.95945348550347,35.02482202800768,39.82869851561568,46.36415268071479,53.539856851168615,60.51635727489727,71.98752085264614,84.72368393017472,99.60923446769661,117.03880393391195,136.54213451222927,159.0807720166523,185.27309430577114,213.5823764482396,246.73796640365046,286.6726678283938,332.7081424435088,386.24806402814903,444.00193596755173,510.3914750717456,586.7079323837618,673.7074950905476,769.1217753995768,873.7495946630488,988.4632790517514,1114.2150564664933,1252.0439505577456,1403.0832002445393,13.253516434838073,13.68550897842269,14.137461549998894,14.079763141997383,13.18577432764252,12.881516858908856,12.220726638730962,10.432794872067472,10.957210435315151,11.154665612398874,11.50486049910752,12.083658684921332,12.27193330536117,12.506011279484781,12.91510771518977,11.929634175581588,11.18163145697295,11.626203528927755,12.14430870365704,13.11834524671159,13.724472695474466,14.358605999948097,15.02203915854105,15.716125958296766,16.442282737401474,17.201991275332603,17.996801816545222,18.828336233866597,19.69829133805397,20.60844234026853,128.86980036437512,123.61160263203175,134.52084206452992,137.01047893002877,136.61435755677735,114.31354226041377,97.80853121013969,92.02857745307651,103.84413001208189,90.60802915747182,79.23027743324354,45.19942818121684,14.64780598246226,8.395338403918188,5.837133843441743e-11,6.129063119937175e-11,6.435858053764595e-11,6.758049193512737e-11,7.096365542423983e-11,7.45160588191905e-11,7.824612011467971e-11,8.216263589426499e-11,8.627492168987146e-11,9.05928570786333e-11,9.512678222150912e-11,9.988741939502074e-11,1.0488603845327262e-10,1.1013467978696051e-10,1.15645297632467e-10,1.2143209320920266e-10,162.7139171,162.2462803,178.6177571,186.1150641,189.6288304,173.5592118,163.5691147,162.9777296,186.7888613,186.4863787,190.3443724,174.3218908,163.4618738,179.9821217,187.2863696,186.8447273,174.4499018,164.4351015,163.6459619,180.0367243,187.0025209,190.6285161,174.3849246,164.2556236,179.8347409,186.9506321,186.2034988,189.402577,162.774122,161.5794361,
29.942699053904047,36.28089705026529,43.56681623800522,50.93283780364676,57.918599552170015,67.4224087848902,77.85726485206509,88.00244030034291,104.68372174860781,123.20455613714036,144.8510139132662,170.19696524744452,198.55856469203263,231.33408507611915,269.4227669196916,310.589916164505,358.80453047811324,416.87727867871877,483.82172624537856,561.6790852323805,645.6643397375984,742.2075177257354,853.1863469375896,979.7004692017814,1118.451211725052,1270.6002146246055,1437.4160081825682,1620.2833151874017,1820.7130761664068,2040.353238795366,14.330711869907079,14.797815125295699,15.286500683876762,15.224112768602552,14.257463941747575,13.928477582532889,13.213980845128907,11.280732780957969,11.847770847719104,12.061274431007405,12.43993182690761,13.065772529071724,13.269349394970288,13.522452337027191,13.96479857592298,12.899229493108104,12.090431956922865,12.571137156928886,13.131351950780612,14.184554481437571,14.839945665156186,15.525618914078724,16.242973397885507,16.9934729342847,17.778648976046366,18.60010373605115,19.459513456730466,20.358631830569745,21.299293578654453,22.283418194560845,116.93008847621812,108.7739176244697,117.26834327815025,96.42108902778457,113.03428260611798,88.40174503261433,70.97951280284525,61.29011481874031,46.63513250371633,45.12446573189763,28.618269759873897,5.0410490960271507e-11,5.293284829706502e-11,5.5583609703627184e-11,5.836676574932515e-11,6.128936854753481e-11,6.435800560462135e-11,6.75801125299183e-11,7.096334854012257e-11,7.45157654846358e-11,7.824584370811022e-11,8.216236824994519e-11,8.627469361646808e-11,9.059265833421374e-11,9.512655829233512e-11,9.988708883489787e-11,1.048856985037733e-10,1.101341966525604e-10,1.1564499500962778e-10,1.2143165044321081e-10,161.2034994,159.8526298,176.1216602,162.5780396,185.2103461,169.7526314,162.0507585,160.5732879,163.1666251,180.3902963,185.9092155,170.4985831,161.0502894,177.4669585,163.6012161,180.7369309,170.6237865,162.9087066,161.2316616,177.520798,180.8895664,186.1867385,170.5602343,162.7308948,177.3216373,163.3079376,180.1166636,184.9893646,161.2631455,159.1956237,
35.91021092750006,43.51159738033268,52.249583704192396,61.08363662782867,69.46164481697431,80.8595416313968,93.37404079848163,105.54112665765207,125.54694958863737,147.75894418031345,173.71949179743117,204.11683363124368,238.13083539050174,277.43844250141336,323.1181120759834,372.4897806087296,430.3134579823961,499.9599729231205,580.2462967517093,673.6204504460069,774.3437753090311,890.1277892659546,1023.2244469289876,1174.952546244146,1341.3559964270464,1523.8279498303054,1723.8897519384122,1943.2020976446445,2183.5770544896272,2446.991002375797,15.354483967522084,15.854956624508695,16.37855340340626,16.311708556231814,15.276003278719665,14.923514454441314,14.157974766049866,12.086617343192948,12.694164057138222,12.922920128460309,13.328628439904508,13.999178592251125,14.217298791161951,14.488483160872581,14.962430184221892,13.820737884014175,12.954160639627213,13.469206950906152,14.069442943971358,15.19788523758024,15.900096929100911,16.634754007068395,17.403355596482164,18.207470088761667,19.048738342171195,19.928877030119008,20.84968214416313,21.81303265887201,22.82089436601843,23.875323885930094,108.67265920500711,97.43794329518938,103.96554299243363,98.04483591597341,94.87036260434162,70.11188621419933,53.2459430355078,39.883669599196246,37.834218054267716,14.233854691271722,4.800822114170475e-11,5.040808446569681e-11,5.2932420464190146e-11,5.5583272338377254e-11,5.836663497157662e-11,6.128919696936712e-11,6.435788251141094e-11,6.758001808770764e-11,7.096326396733089e-11,7.451567877603915e-11,7.824575868178087e-11,8.216228035379098e-11,8.627461541007997e-11,9.059258673385604e-11,9.512647639202918e-11,9.988703542289029e-11,1.0488559799463371e-10,1.1013408420229785e-10,1.156448805987363e-10,1.2143154183761182e-10,159.9373541,156.8044973,172.5936801,175.4401811,179.6080107,165.8949423,160.7779586,157.5114136,176.0753317,174.915719,180.2857403,166.6239419,157.9793195,173.9120301,176.5443047,175.2518338,166.7463,161.6291681,158.1572332,173.9647911,175.399837,180.5548687,166.6841921,161.4527529,173.7696198,176.2278239,174.6503906,179.3937136,159.9965317,156.1600193,
38.445874542348065,46.58400412625725,55.93899027875019,65.39682641032502,74.36641593473502,86.5691320886059,99.96729524363244,112.99351381505893,134.41197220490042,158.19238271629982,185.986036135752,218.52977120105257,254.94554294240444,297.02870793959823,345.9338744713531,398.79173649250765,460.6984139657595,535.2627539282503,621.2181926086863,721.1856087198453,829.0211299032231,952.9807937321108,1095.4755680694066,1257.9173727860798,1436.0707727218744,1631.4272924093307,1845.6157013856239,2080.413958227744,2337.762082766535,2619.7760094901146,16.49925196186709,17.03703782853075,17.599671857764566,17.52784333013599,16.41492007149351,16.03615111137655,15.21353589146447,12.987746467665598,13.640589398316374,13.88640059369965,14.322356869905379,15.04290051956739,15.277282875067877,15.568685650533336,16.077968239994345,14.851155996489773,13.919970270560857,14.473416344020324,15.118403496119488,16.330977866320534,17.085543610989983,17.874973738410326,18.700879142255413,19.56494514684218,20.46893494616617,21.414693201836258,22.404149807250363,23.43932382569322,24.5223276103922,25.65537111493797,102.02635359581413,91.53195884524276,95.66163136351751,88.82515095957288,85.66155969380708,62.588446900055004,42.615665264942386,29.87121141731668,24.319049396826482,0.23810119004608452,4.8004446685540444e-11,5.040788533110774e-11,5.293233059809393e-11,5.55831910603171e-11,5.836657361459626e-11,6.128914819346922e-11,6.435784464208811e-11,6.757998187711965e-11,7.096323150767488e-11,7.451564212745458e-11,7.824572596504878e-11,8.216224376827998e-11,8.627458133149504e-11,9.059254874159223e-11,9.512643446781649e-11,9.98869892721593e-11,1.0488554893088297e-10,1.1013402518714363e-10,1.1564481319090873e-10,1.214314857178784e-10,156.9714801,155.1530008,169.2002935,171.7498207,176.4428957,165.1937301,157.7964964,155.8524717,172.371611,172.3168845,177.1086821,165.9196484,156.3154495,170.4927232,172.8307193,172.6480053,166.0414893,158.6319211,156.4914894,170.5444469,172.7938095,177.3730678,165.9796439,158.4587773,170.3531129,172.5208956,172.0554982,176.232375,157.0295603,154.5153105,
36.79606634485606,44.58496852635575,53.53850893140428,62.59048576686085,71.17516787268137,82.8542350945934,95.67744971046915,108.1446808108787,128.6440198244584,151.40395371337345,178.0049122651577,209.15211463281864,244.00519494233163,284.2824665526471,331.0889906265505,381.6785901851528,440.92869799545264,512.293296483076,594.5601732815915,690.2377386728607,793.4457691580313,912.0860151825981,1048.4659839757387,1203.937006411422,1374.4454003973221,1561.418685434755,1766.415736504815,1991.1382155552692,2237.4428913358424,2507.354898317605,16.997356841292092,17.551378217595225,18.130997911145194,18.057000913080724,16.910479009673217,16.520275187682216,15.672825590073833,13.379840600371177,14.052392560862023,14.305624683940728,14.754742280968511,15.497038814250024,15.738497065990884,16.038697158126986,16.563354756309785,15.29950561161477,14.34020781401084,14.910362171598939,15.57482119117243,16.824002627673135,17.60134836746815,18.414611029802316,19.265450140493602,20.155601903030163,21.086882741428795,22.061193006789658,23.080520855110723,24.146946304274927,25.2626454784886,26.429895048831746,100.39538711388111,92.39071645607974,94.4596085574828,88.50049722009234,86.01817151768098,64.3268441177618,43.648926099496286,33.69919078879135,27.063942314722862,5.134564802731292,4.800490783803231e-11,5.0407961552793555e-11,5.29323688720334e-11,5.558321478509089e-11,5.836659228565276e-11,6.128916513756389e-11,6.435785752546552e-11,6.757998997527576e-11,7.096323986865221e-11,7.451564600970406e-11,7.824573222914517e-11,8.216224797486672e-11,8.627458463789681e-11,9.059254863466744e-11,9.512643294567906e-11,9.988698747360704e-11,1.0488554821597531e-10,1.1013402493277322e-10,1.1564481276274566e-10,1.2143149155415673e-10,154.1888103,154.5270632,166.1291154,169.1479839,174.1038184,163.7013544,154.9992014,155.2237122,169.7603547,170.8441432,174.7607786,164.4207146,155.6848222,167.3980861,170.212508,171.172434,164.5414548,155.8198163,155.8601519,167.4488709,171.3169921,175.0216593,164.4801682,155.6497419,167.2610099,169.9073778,170.5849909,173.8960885,154.2458609,153.8919456,
32.23981124291205,39.06425638244421,46.909128981302985,54.84024916722822,62.36193716719427,72.59484954426316,83.83023581812715,94.75371806299368,112.71473634707618,132.65643244042388,155.96354017722527,183.2539552902677,213.79136980305123,249.08132775470062,290.0920566444865,334.41742352848905,386.33091542252936,448.858827050475,520.9390476553282,604.7693848301363,695.1977309041391,799.1474058992054,918.6401910789384,1054.8600894260258,1204.2553640708106,1368.0767726034298,1547.690163065105,1744.5864899367064,1960.392608476397,2196.882891859748,16.24486324892109,16.774357427284137,17.328316654357998,17.257595593100532,16.161831604225434,15.788902578457668,14.978970601854247,12.787498837311544,13.430276107211881,13.67229733722183,14.101531953787411,14.810966119693276,15.041734721922353,15.328644592062716,15.830074962358987,14.622177951397857,13.705349430200418,14.250262363209774,14.88530497649782,16.079183636487294,16.822115338045986,17.599373876442815,18.41254530827603,19.263288973200655,20.15334087994031,21.084517248748256,22.058718217546293,23.077931719304182,24.14423753857164,25.25981155544007,103.59117960819613,97.85862339030238,99.5301663643713,95.58379783970511,93.82983092861585,74.14005647731658,54.06593338005789,46.84892819973605,42.14369234575525,24.365677822399782,2.9388835690350934,5.040847042585447e-11,5.2932555103628735e-11,5.558335111647865e-11,5.836669537506237e-11,6.128925306186263e-11,6.435792545318858e-11,6.758004410093335e-11,7.096329045027725e-11,7.451569409832187e-11,7.824578054904963e-11,8.216229567868767e-11,8.627463113689176e-11,9.059259195262936e-11,9.512647888173154e-11,9.988703794614851e-11,1.0488560843643914e-10,1.1013408937727184e-10,1.1564488598461786e-10,1.2143155716887867e-10,152.0758541,153.6972372,163.767612,167.6816426,172.3535997,162.5238086,152.8751398,154.3901451,168.2887048,170.6944076,173.0039557,163.2379943,154.8487789,165.0185444,168.7369383,171.0224108,163.357866,153.6845092,155.0231671,165.0686074,171.1668422,173.2622139,163.2970202,153.5167655,164.8834167,168.4344533,170.4354825,172.1479581,152.1321228,153.0655302,
25.079223745940038,30.387933071397022,36.49042894777805,42.66001648661608,48.51110832077727,56.471251050630585,65.21121432495798,73.70854866850318,87.68035491939916,103.1929227328524,121.32343117156046,142.55253892230903,166.30747487457793,193.75939587950654,225.6614823421606,260.14201280584865,300.52531619537814,349.1655354034969,405.2364586041797,470.4477517741056,540.7916103990163,621.6536581906938,714.6066309289234,820.5715599279071,936.7855628937726,1064.2215992901665,1203.9421569949072,1357.1070436985246,1524.9817837775208,1708.9466552224724,15.597571549498085,16.105967539387926,16.63785374534679,16.5699506306134,15.517848377984222,15.159779056429073,14.382119573445287,12.277969041526847,12.895134252709983,13.127511921498819,13.539643285168358,14.220809386280974,14.442382798718581,14.71786047798244,15.199310888364124,14.03954365830496,13.159247023062596,13.682447392965665,14.292186142129859,15.438493595462315,16.151822491734908,16.89811044007501,17.678880299179163,18.495725290769066,19.350312250684592,20.24438503019219,21.179768054449227,22.158370045385592,23.182187916599432,24.25331084821426,111.92424440459114,108.19831228924576,113.69419300690743,107.7470964828044,108.38802710127408,90.87233499297773,73.80975180163598,69.40308869001117,67.0060858279341,55.65390414569427,38.20450454331894,6.444112591460173,5.2933778237506794e-11,5.558411191853906e-11,5.836708754058717e-11,6.12895651561737e-11,6.435813318797626e-11,6.758019392657213e-11,7.09634206324851e-11,7.45158218110735e-11,7.82459022173935e-11,8.216240940544223e-11,8.627473449098275e-11,9.059268839195096e-11,9.512658756322211e-11,9.988714213297715e-11,1.0488572415741278e-10,1.1013421142194711e-10,1.1564501473306833e-10,1.214316879651691e-10,152.6010397,154.6922129,166.8224757,166.9770636,172.4169838,162.5033651,153.4030857,155.3896064,167.581575,171.9743388,173.067579,163.2174609,155.8512092,168.0967425,168.027925,172.3048014,163.3373175,154.2152503,156.0267263,168.1477393,172.4503158,173.3259321,163.2764794,154.0469272,167.9590942,167.726711,171.7134722,172.2112666,152.6575028,154.0564165,
14.936811895096023,18.098600051036446,21.733155646516497,25.407670036255954,28.892493130987756,33.6334355069727,38.83882737719793,43.89971307226738,52.22111264661205,61.4601668448897,72.25842746311453,84.90216765164367,99.0502534733404,115.40020849441774,134.4006157391154,154.9367058030119,178.98839944961628,207.95778910090166,241.35279530672798,280.19166964281374,322.08742347074536,370.2476540086654,425.6090592477605,488.7201917121875,557.9355198843075,633.8345239201757,717.0500057650424,808.2727295942035,908.2564228655725,1017.8231585793762,14.211104345021079,14.674309045700737,15.158915918544478,15.097048707628607,14.138467761466764,13.81222720054208,13.103693822605221,11.18658110593448,11.748886538315892,11.96060816998984,12.33610520133073,12.95672248835411,13.158600253379303,13.409590738168514,13.848245050294912,12.791569460123492,11.989522340268943,12.466215460505689,13.021754568633956,14.066166820828888,14.716087954069321,15.396038411205332,16.107405684114788,16.85164137313559,17.630264149169253,18.444862852647194,19.297099735683375,20.188713854029228,21.12152461575229,22.09743549387953,126.37421425991212,125.55667390329353,132.29190753497124,113.64287945614933,131.62491240758104,117.12045189252257,104.39700810023608,103.95708062183937,90.73566361511536,100.32782728516591,90.72038403560242,67.4303847600524,47.30697777333296,41.66648496746903,6.868857410647798,6.354199036925615,6.436081396511785e-11,6.758150978896877e-11,7.096445949516884e-11,7.45169246358151e-11,7.824698368478821e-11,8.216336816363966e-11,8.627548457918286e-11,9.059326951207093e-11,9.512730483510935e-11,9.988768120613504e-11,1.048863154793816e-10,1.1013476362866828e-10,1.1564562220808301e-10,1.2143224686529674e-10,155.5221305,158.329583,169.1839791,154.1475982,174.6558733,164.5661146,156.3395293,159.0433748,154.7056628,173.7486023,175.3149167,165.2892749,159.5158315,170.4762842,155.1177182,174.0824743,165.4106529,157.1672403,159.6954756,170.5280029,174.22949,175.5766246,165.3490425,156.9956952,170.3366874,154.8396475,173.4850443,174.4474848,155.5796744,157.6788367,
5.2317680775360085,6.33921606967491,7.612255596048364,8.899291090617133,10.119885307838537,11.780447893369868,13.603688569424103,15.376314509248376,18.29096811533493,21.527039451082533,25.309238463302183,29.737835192214835,34.693344057161745,40.42007967846965,47.07516275651454,54.268134134092925,62.692480903318376,72.83929998812299,84.53623562899563,98.13994064624086,112.81434834452904,129.68295179917843,149.07383887010187,171.17914557701295,195.42250801273894,222.00689491005278,251.15395149283586,283.105624836997,318.12591553926114,356.5027629075742,12.433290051850067,12.838547676951407,13.262530054738763,13.208402454283455,12.36974033116825,12.084312582403886,11.46441698629615,9.787135763826718,10.279096583253008,10.464331762232987,10.792853979150324,11.335831819113722,11.512454602722853,11.732046087091346,12.115824586126369,11.191339494444241,10.489628759353034,10.90668739784663,11.39272836263096,12.306484264352639,12.87510002877326,13.469988437809675,14.092363407604024,14.74349494276695,15.424711727920949,16.137403838984834,16.883025579731946,17.66309844941026,18.479214247480055,19.333038321804217,145.88956317064313,147.19318005340435,156.15232144924505,156.58784695513322,157.74200266102875,145.6200610242636,139.34613194431898,141.9575379269661,150.7724119014553,148.56096768672987,144.80961865759517,129.15592928872158,121.41164174016804,126.22719583449424,120.62916425741707,115.4398111715238,97.17249253739259,81.53871121409767,71.87724440844406,67.98701298948069,55.36260902677561,38.02883366309369,7.124948022380044,9.060960664975764e-11,9.513443424334501e-11,9.98961721424041e-11,1.0489894921520599e-10,1.1014701458777964e-10,1.156585660623311e-10,1.2143687487779521e-10,163.5546213,166.3709438,177.0271071,178.6955405,180.2316283,169.4848215,164.4142375,167.1209882,179.3424766,180.5523389,180.9117111,170.2295963,167.6174404,178.3793216,179.8201516,180.8992848,170.3546022,165.2846986,167.8062084,178.4334379,181.0520574,181.1817739,170.2911503,165.1042934,178.2332533,179.4977983,180.2784604,180.0165871,163.6151373,165.687147,
0.17249034639200025,0.2090026850400717,0.25097454342915443,0.2934078460883812,0.33365059313150897,0.38839900921932496,0.44851088939209727,0.5069540118417716,0.6030495578743359,0.7097421821229277,0.834440526558812,0.9804504743392934,1.1438326097847724,1.3326419370285043,1.5520586941145988,1.789209520779411,2.0669585476503416,2.401497142017699,2.7871427689869437,3.2356542006604117,3.719466485429593,4.275620965123602,4.914934630817859,5.6437421686268125,6.443040975888668,7.319522891099302,8.280495512928386,9.333935788043574,10.488547763279879,11.753824739989993,10.797039823693058,11.148964591701134,11.517149890879688,11.470145610014386,10.741853395794674,10.49398861042056,9.955672733464787,8.49912566675815,8.926343284692827,9.087201078233818,9.372488998344442,9.8440096768631,9.997388486530262,10.188081214825273,10.521353560300852,9.718532882131505,9.109168931005366,9.47134167127378,9.893418501367657,10.686921976222688,11.18070656801025,11.697306262558824,12.237775221789727,12.803216314718338,13.394783367944239,14.013683520124285,14.661179685233053,15.338593129637175,16.047306168242226,16.788764985213533,163.32086312994414,165.47041562328945,176.25893906572335,179.23250744393104,178.99088101110934,167.50557968039743,164.80225127718236,168.6194925214413,182.1581360574761,182.64398683968872,180.57664857514447,168.34740544884775,167.01200840373764,177.94257764820154,180.12467244564266,181.30297859715012,168.1273106214084,164.26119458677587,165.67330142971616,175.59820352319116,178.0733799466382,175.09545027239952,162.08394324747852,157.49482791674524,169.470331856262,170.52033578887605,169.2073427019432,165.16708068242906,147.8190275685932,147.55901547491763,174.2903933,176.8283829,188.0270635,190.9960609,190.066385,178.3879673,175.2064349,177.6255722,191.6875289,192.4409301,190.7835781,179.1718656,178.1532295,189.4633008,192.1980847,192.810721,179.3034381,176.1340334,178.3538627,189.5207797,192.973553,191.0683775,179.2366531,175.9417864,189.3081562,191.8535422,192.1490179,189.8396096,174.3548815,176.1016052,
0.0,0.0,0.0,0.0,0.0,0.0,0.0,0.0,0.0,0.0,0.0,0.0,0.0,0.0,0.0,0.0,0.0,0.0,0.0,0.0,0.0,0.0,0.0,0.0,0.0,0.0,0.0,0.0,0.0,0.0,9.549178474926052,9.860429750676795,10.186062256540563,10.144490467013275,9.500370185061369,9.281152222375644,8.80505187738509,7.516844357154395,7.894686557230267,8.036953308551773,8.289269249806214,8.706294211028668,8.841946357515098,9.010599889047299,9.305354484720818,8.595319320973681,8.056382240022979,8.376697084836914,8.749992640518107,9.451787431089965,9.888503167268023,10.345397164501545,10.823401750585225,11.323492331114888,11.846689379878576,12.394060521212818,12.966722708573256,13.56584450376515,14.192648461484739,14.848413624036924,169.8057959251031,172.25070314935382,183.41439404349163,188.25271373302056,188.22935541497418,172.0404577776617,171.49258282265416,175.4152938428868,191.220780242813,189.98726619149363,190.1865660502415,173.41210558902142,174.63361294253752,186.068665811008,190.3404523153372,189.80941977908725,174.19575376004107,172.87549041523036,174.93219375955258,185.68666096898423,188.68379223280985,188.42672043558025,171.3608509495007,169.7308617689754,183.0728330202162,186.89385267888673,184.75711529153128,183.92796219634462,165.2286881386306,166.5142290760842,179.3549744,182.1111329,193.6004563,198.3972042,197.7297256,181.32161,180.2976347,182.9321382,199.1154668,198.0242195,198.4758353,182.1183998,183.4755593,195.0792657,199.6458068,198.4047391,182.252136,181.2521875,183.6821864,195.1384484,198.5722954,198.7721176,182.1842527,181.0543541,194.9195224,199.2879132,197.723838,197.4938067,179.4213366,181.3626427,
0.0,0.0,0.0,0.0,0.0,0.0,0.0,0.0,0.0,0.0,0.0,0.0,0.0,0.0,0.0,0.0,0.0,0.0,0.0,0.0,0.0,0.0,0.0,0.0,0.0,0.0,0.0,0.0,0.0,0.0,8.355378690975044,8.627718587414849,8.91264183057415,8.876267178526955,8.312672216679992,8.120859999648678,7.704279799818372,6.577118788810805,6.907724680757916,7.032205816548517,7.252978236342146,7.617868418649664,7.736561880826946,7.884131027976301,8.142036592755952,7.520767161820769,7.049205821358268,7.329476196007651,7.656103846707046,8.27016308269036,8.652282378675546,9.052057330891937,9.470303711273143,9.90787498414091,10.36566404776557,10.844605056394506,11.345675326466678,11.869897330902912,12.418340785541517,12.99212483197644,168.48969680905412,172.40892211261578,184.42678476945798,188.18325802150684,189.0142576833555,170.46540930038864,170.07026430022086,175.2756831112304,190.86522021928533,190.16539148349688,190.81854156370554,171.75317058140047,174.65645481922573,186.93211107207895,190.1576725073021,190.0557613382402,172.4535518787057,171.3862627040596,174.94232085336355,186.60518191738382,189.09110292140227,189.31514116918984,169.9655947888128,168.61279901594935,184.29105015232923,187.09962354370504,185.55279437363782,185.22159436920685,164.49216821457378,167.30044186814465,176.8450755,181.0366407,193.3394266,197.0595252,197.3269299,178.5862693,177.7745441,181.8528019,197.7729449,197.1975973,198.0715198,179.371039,182.3930167,194.8162421,198.2997091,197.5765285,179.5027577,178.7157389,182.5984247,194.875345,197.7433853,198.3671985,179.4358985,178.520674,194.6567142,197.9442286,196.8984697,197.0914917,176.910509,180.2925667,
0.0,0.0,0.0,0.0,0.0,0.0,0.0,0.0,0.0,0.0,0.0,0.0,0.0,0.0,0.0,0.0,0.0,0.0,0.0,0.0,0.0,0.0,0.0,0.0,0.0,0.0,0.0,0.0,0.0,0.0,7.40232732126604,7.643602927153853,7.89602656769811,7.8638009690018675,7.364492135912841,7.194558866913657,6.82549564324037,5.826903591840065,6.119799116632375,6.2300813846808945,6.4256715279003265,6.748940725581836,6.8540954876130975,6.984832246546538,7.21331996434885,6.662915266660367,6.2451422939130286,6.4934437926649045,6.782814851964064,7.3268317813588695,7.665364863971789,8.019539720743468,8.390079073060381,8.777739035336998,9.183310657926155,9.607621541318919,10.05153752492786,10.515964453899807,11.001850027563389,11.51018573328305,166.8839947787631,169.64149007287676,180.73058963233407,183.85317703103195,185.45398906412265,166.83689783312366,168.37684665679882,172.2574377082011,186.29125688341085,186.63339011536456,187.12038737214735,168.0472702744683,171.75926591243956,183.08260085350872,185.7102189357092,186.57115903340062,168.67942800615103,169.63647530740238,172.03169804810662,182.79826351871532,185.73189893610612,185.81544237933838,166.4693371270256,167.1599375647533,180.72848314216864,182.9700743587806,182.51938077517667,182.07245764620995,163.34895877255192,165.046252466838,174.2863221,177.285093,188.6266162,191.716978,192.8184812,174.0314567,175.2023423,178.0843413,192.411056,192.8634715,193.5460589,174.796211,178.6133614,190.0674331,192.9235389,193.2340743,174.9245703,176.1299191,178.8145129,190.1250953,193.3972638,193.8349821,174.8594162,175.9376766,189.9117938,192.5776959,192.5709183,192.5884221,174.3508088,176.5564382,
0.0,0.0,0.0,0.0,0.0,0.0,0.0,0.0,0.0,0.0,0.0,0.0,0.0,0.0,0.0,0.0,0.0,0.0,0.0,0.0,0.0,0.0,0.0,0.0,0.0,0.0,0.0,0.0,0.0,0.0,4.353304269206023,4.495198308685898,4.643648500677935,4.6246966453635885,4.331053419334647,4.231115765498534,4.01406990444776,3.426798516425345,3.5990501993314217,3.6639071351945645,3.7789335814104206,3.9690480031716335,4.03088945581355,4.107775665529248,4.242149155676374,3.9184564822445114,3.6727644469038174,3.8187904097738192,3.9889693566318796,4.308905387351703,4.507996490709483,4.716286512092363,4.934200483515362,5.162183075413285,5.400699504025391,5.650236480705365,5.911303205093753,6.184432404179484,6.470181419370767,6.769133343793472,137.48957183082322,136.7464928913448,134.8400404993543,138.18428465467028,135.16709828070094,130.78187013453882,138.5743089955915,138.45164778361587,139.7269462007119,140.06169486485092,136.2455979186374,131.63723159687856,138.26902314423916,136.44135393452612,139.4655931443818,140.08332581781656,132.03309575316035,139.52449659029358,138.47119904343887,136.28286371272262,139.61539780936857,135.51727188798958,130.72111351657074,138.0246474246771,135.03333949606954,137.79988911939435,137.59628239501095,133.14727879593048,135.4251771807447,133.89204415632776,141.8428761,141.2416912,139.483689,142.8089813,139.4981517,135.0129859,142.5883789,141.8784463,143.3259964,143.725602,140.0245315,135.6062796,142.2999126,140.5491296,143.7077423,144.0017823,135.7058602,143.343287,142.4601684,140.5917691,144.1233943,140.2335584,135.655314,143.1868305,140.434039,143.4501256,143.5075856,139.3317112,141.8953586,140.6611775,
0.0,0.0,0.0,0.0,0.0,0.0,0.0,0.0,0.0,0.0,0.0,0.0,0.0,0.0,0.0,0.0,0.0,0.0,0.0,0.0,0.0,0.0,0.0,0.0,0.0,0.0,0.0,0.0,0.0,0.0,4.093873290300023,4.227311291036274,4.366914736684457,4.349092298950927,4.072948458415593,3.978966492893681,3.7748552710773406,3.2225817563154426,3.384568265929904,3.4455601151096187,3.5537316709487676,3.7325164066849204,3.7906724774642933,3.862976727496628,3.98934235880088,3.684939838765174,3.4538895838506094,3.5912132699785433,3.7512505662552553,4.052120317086473,4.239346777717361,4.435223955705408,4.64015155369169,4.85454774240434,5.078850013968496,5.313516074643066,5.559024778806,5.815877106093945,6.084597183690194,6.365733355846872,128.84323820972918,128.43067580899444,126.8902588633478,131.87360670108296,128.17079224161998,124.34490500714372,129.86095182896193,130.0334627437258,133.33130133411342,132.4855892849359,129.18901522909903,125.15525449336528,129.86122452258843,128.39679957255876,133.09066714125728,132.50741236129588,125.52852841621355,130.7521042300888,130.0511630338155,128.24778058298784,132.06802222236067,128.50567964437658,124.29422444639437,129.34213645768602,127.07262348612643,131.5207579254566,130.16593172129865,126.27007859401597,126.9017016164252,125.74701964427432,132.9371115,132.6579871,131.2571736,136.222699,132.2437407,128.3238715,133.6358071,133.2560445,136.7158696,135.9311494,132.7427469,128.8877709,133.651897,132.2597763,137.0800095,136.1923522,128.982418,134.3433175,133.8024136,132.2999009,136.307369,132.9409036,128.934376,134.1966842,132.1514735,136.834274,135.7249565,132.0859557,132.9862988,132.112753,
0.0,0.0,0.0,0.0,0.0,0.0,0.0,0.0,0.0,0.0,0.0,0.0,0.0,0.0,0.0,0.0,0.0,0.0,0.0,0.0,0.0,0.0,0.0,0.0,0.0,0.0,0.0,0.0,0.0,0.0,3.9564064910640213,4.085363821892602,4.220279570224642,4.203055586154935,3.9361842870969044,3.8453581104990944,3.6481006709963695,3.1143717635033425,3.2709189823979683,3.329862806714264,3.4344021061314036,3.6071834891423666,3.663386756710872,3.733263126562681,3.8553855686822573,3.5612044788524715,3.3379125830158545,3.4706251231085594,3.6252885806468647,3.916055526945344,4.0969951729998755,4.286295056872544,4.4843414597233915,4.691538510665813,4.908309011423495,5.135095299090266,5.372360148753399,5.620587717822214,5.880284533988967,6.151980528837909,124.60008660896524,123.54269497813812,122.2160009298076,126.79146271387893,123.07121301293867,124.16777218953827,125.58406422904287,125.08906823653788,128.19784221764533,128.0456342933312,124.05224259391638,124.9684807109078,124.92089634334182,123.66879587349266,127.96353993137592,128.06674122120862,125.33216941704829,126.4457358769588,125.10380401942389,123.52465447312896,127.64211262707815,123.39066014320942,124.13781494036267,125.08302118942457,122.38942508867143,126.44752600100941,125.80385435135128,121.23527228228774,122.72377506612649,120.95151757128332,128.5564931,127.6280588,126.4362805,130.9945183,127.0073973,128.0131303,129.2321649,128.20344,131.4687612,131.3754971,127.4866447,128.5756642,128.5842831,127.402059,131.8189255,131.6279457,128.670082,129.916361,128.7290926,127.44071,131.7391078,127.6769552,128.6221564,129.7745597,127.2977341,131.5826213,131.1762145,126.85586,128.6040596,127.1034981,
0.0,0.0,0.0,0.0,0.0,0.0,0.0,0.0,0.0,0.0,0.0,0.0,0.0,0.0,0.0,0.0,0.0,0.0,0.0,0.0,0.0,0.0,0.0,0.0,0.0,0.0,0.0,0.0,0.0,0.0,3.9104056069270214,4.037863559153464,4.171210650745784,4.1541869288324955,3.8904185252264827,3.8006483787498753,3.6056844388256746,3.07816116305669,3.232888217492834,3.291146705749984,3.3944705334477456,3.5652429984168266,3.620792794203456,3.6898567159914153,3.8105592483208435,3.51979858312617,3.2991028878195823,3.430272387733246,3.5831375831853585,3.87052380087626,4.049359673288538,4.236458579570849,4.432202309617002,4.636990293757148,4.85124041782649,5.0753898758938805,5.3098960623903775,5.555237505458202,5.811914843424671,6.08045184639354,122.07512049310223,120.96818964087726,120.12992814928651,123.7871555712014,119.87212247480912,122.02298272128753,123.04200086121364,122.49145253698457,125.17164358255049,124.33685959429552,120.83507376660005,122.81130050163335,122.32184000584927,121.56075138406395,124.93597545173732,124.3534553169349,123.17024361224456,123.88792591233411,122.50132971688537,121.41808259919804,123.93188542678949,120.1785341205111,121.99003819046904,122.54224260633323,120.29680458226841,123.44034822420576,122.12451223771428,118.05963769465171,120.22022645669075,118.41181725372768,125.9855261,125.0060532,124.3011388,127.9413425,123.762541,125.8236311,126.6476853,125.5696137,128.4045318,127.6280063,124.2295443,126.3765435,125.9426328,125.2506081,128.7465347,127.8732539,126.4693465,127.3181983,126.0844673,125.2886064,127.9812451,124.4149927,126.4222405,127.1792329,125.148045,128.5157381,127.4344083,123.6148752,126.0321413,124.4922691,
0.0,0.0,0.0,0.0,0.0,0.0,0.0,0.0,0.0,0.0,0.0,0.0,0.0,0.0,0.0,0.0,0.0,0.0,0.0,0.0,0.0,0.0,0.0,0.0,0.0,0.0,0.0,0.0,0.0,0.0,3.9720488571410217,4.10151604401743,4.23696520607471,4.219673123879916,3.951746701046121,3.8605614267906447,3.662524094451559,3.1266849935353487,3.283851150072458,3.3430280194209105,3.4479806337981302,3.6214451391450946,3.6778706164607575,3.748023255133736,3.870628530336861,3.575284342551786,3.351109621963821,3.484346865000935,3.6396218123917143,3.931538358213742,4.1131933817674815,4.303241696846236,4.502071111842226,4.71008735366613,4.927714895664444,5.155397823790414,5.393600742796022,5.642809724294158,5.903533298625597,6.176303492554607,120.49898834288821,119.37333485601327,118.75902489395753,122.28391967615397,117.98492369898948,121.62166317324674,121.46271240558771,120.9048233065059,123.67772584997088,122.30764878062459,118.94880336624968,122.41219166090511,120.72208758359199,120.18746684492166,123.4291080697213,122.31684045750931,122.77507827810034,122.30334233506646,120.90043358767906,120.04155104186059,121.8852494183106,118.27625470323575,121.57713868824388,120.9403069464243,118.90628890443051,121.91613577630928,120.0664774573087,116.1483733758158,118.61355880148987,116.79105660756665,124.4710372,123.4748509,122.9959901,126.5035928,121.9366704,125.4822246,125.1252365,124.0315083,126.961577,125.6506768,122.396784,126.0336368,124.3999582,123.9354901,127.2997366,125.8921248,126.1261879,125.7876892,124.5400554,123.9730894,125.9984428,122.5794964,126.0792098,125.6503943,123.8340038,127.0715336,125.4600782,121.7911831,124.5170921,122.9673601,
0.0,0.0,0.0,0.0,0.0,0.0,0.0,0.0,0.0,0.0,0.0,0.0,0.0,0.0,0.0,0.0,0.0,0.0,0.0,0.0,0.0,0.0,0.0,0.0,0.0,0.0,0.0,0.0,0.0,0.0,3.878979929150021,4.005413575220169,4.137689033034792,4.120802120970196,3.859153472114124,3.7701047566042094,3.576707629581294,3.0534237545677754,3.206907356778022,3.2646976551173537,3.367191128718301,3.5365911937379253,3.5916945678081285,3.660203462632061,3.7799359782243163,3.4915119890405535,3.272589897933793,3.4027052641199593,3.554341970034545,3.8394186302057083,4.016817301706796,4.2024126018335615,4.396583252254317,4.59972547330769,4.812253792521096,5.034601890486446,5.267223485819177,5.510593261006429,5.765207831033607,6.031586756765795,122.02919327087922,120.12595812481057,119.5333076669975,123.11596127906371,117.92416832792148,123.4661724434332,122.993218170458,121.6375651454735,124.49049464326532,122.07830344492818,118.87566557132953,124.25880610631233,121.46970333224462,120.95544923742335,124.25758542183388,122.09234581102056,124.6166522021304,123.83732193594744,121.64789803003626,120.8140396698686,121.67309819837126,118.22292679824841,123.44502404783175,122.50142162678272,119.70135570757382,122.77339400961321,119.8856457142855,116.1274242391035,120.18955196908185,117.58959584335543,125.9081732,124.1313717,123.6709967,127.2367634,121.7833218,127.2362772,126.5699258,124.6909889,127.697402,125.3430011,122.2428567,127.7953973,125.0613979,124.6156527,128.0375214,125.5838578,127.8892421,127.2400272,125.20224,124.6534583,125.6899155,122.4253394,127.8416073,127.1011471,124.5136095,127.8079959,125.1528692,121.6380175,125.9547598,123.6211826,
0.0,0.0,0.0,0.0,0.0,0.0,0.0,0.0,0.0,0.0,0.0,0.0,0.0,0.0,0.0,0.0,0.0,0.0,0.0,0.0,0.0,0.0,0.0,0.0,0.0,0.0,0.0,0.0,0.0,0.0,3.8732991360500213,3.9995476191656496,4.1316293586518,4.1147671775874395,3.853501714998425,3.7645834119520636,3.5714695163675207,3.048951994230484,3.2022108186372034,3.259916482682455,3.3622598538780637,3.5314118313236142,3.586434506119028,3.654843069189739,3.7744002356796926,3.4863986454352274,3.267797167254368,3.397721978581284,3.5491366114848204,3.833795774903319,4.010934644815479,4.196258139333654,4.390144425485637,4.592989143342614,4.805206213353552,5.027228680982114,5.259509600369671,5.502522958827554,5.756764644045068,6.022753455986795,126.9773189639792,125.40234078086503,124.42959644138044,127.40869592244643,120.00922698503717,128.91170998808533,127.96687788367173,126.93631450581076,128.7974101814061,124.42552271736308,120.96785024616976,129.7279070687266,126.7849681939337,125.88839253086563,128.57679896437844,124.44439845462588,130.08937893280978,128.8370312214861,126.96908828858597,125.74874032517103,124.02790215526261,120.31945046074836,128.91736017460045,127.49743225674779,124.6319510867414,127.0867121191176,122.23224439973504,118.21242044128242,125.14226875607041,122.84728364413444,130.8506181,129.4018884,128.5612258,131.5234631,123.8627287,132.6762934,131.5383474,129.9852665,131.999621,127.6854392,124.3301101,133.2593189,130.3714027,129.5432356,132.3511992,127.9307971,133.3571761,132.2347532,130.5182249,129.5825361,128.0388368,124.5157086,133.3075046,132.0904214,129.4371573,132.1139408,127.491754,123.7149434,130.8990334,128.8700371,
0.0,0.0,0.0,0.0,0.0,0.0,0.0,0.0,0.0,0.0,0.0,0.0,0.0,0.0,0.0,0.0,0.0,0.0,0.0,0.0,0.0,0.0,0.0,0.0,0.0,0.0,0.0,0.0,0.0,0.0,3.877947493718021,4.004347488008993,4.136587739178589,4.119705321761214,3.858126313723281,3.7691012995603046,3.575755647422548,3.052611050472702,3.206053801244672,3.26382871802681,3.366294911802745,3.5356498890331816,3.590738596702204,3.6592292570903533,3.7789299044869185,3.4905826826882183,3.2717188602314216,3.4017995947059645,3.553395940755112,3.8383967244715955,4.015748179261746,4.201294081049937,4.395413050703322,4.5985012031018995,4.81097295544178,5.033261872885764,5.265821553286824,5.509126552789857,5.763673354200439,6.029981380096514,137.6677305063112,136.0466351120217,134.74346996085364,137.64568217827266,124.16955028631233,139.8587770004771,138.7138631526167,137.62975854956852,139.07257059879865,128.8808577820187,125.14447908824506,140.723378811017,137.50954430335054,136.28165824296502,138.87865069557122,128.90803051737288,141.09324463983268,139.6411456053614,137.70579175931564,136.1449456756027,128.4946779208163,124.50131921903203,139.91577884938275,138.28831529698846,135.0153220446531,137.3685846272139,126.67841554681786,122.36579544732005,135.83437724591496,133.4453814200247,141.545678,140.0509826,138.8800577,141.7653875,128.0276766,143.6278783,142.2896188,140.6823696,142.2786244,132.1446865,128.510774,144.2590287,141.1002829,139.9408875,142.6575806,132.3986132,144.3649635,143.0429452,141.2591877,139.9833424,132.5104261,128.7026133,144.3111919,142.8868165,139.826295,142.4018465,131.9442371,127.874922,141.5980506,139.4753628,
0.6748883282960011,0.8177470546410323,0.9819667801861961,1.1479919595355488,1.3054463379751002,1.5196558156834346,1.7548504637846996,1.9835159052745222,2.359500786603606,2.7769479558324632,3.2648445771677657,3.8361252988622616,4.475376703770705,5.214114922433848,6.072608232276443,7.000488129961272,8.08721315748697,9.39613390247743,10.905016793282545,12.659869378805505,14.552840614047252,16.728859011169735,19.230247292439927,22.081790646197266,25.209139202945014,28.638475550811584,32.39839151045936,36.52009780361306,41.0376500150678,45.98819177873666,3.8838863956760212,4.010479965866307,4.142922737025632,4.126014464946217,3.864034860436691,3.7748735084734273,3.5812317561760083,3.057285986833763,3.210963728268829,3.268827124734345,3.371450240871872,3.541064577623679,3.5962376511677863,3.6648332019181034,3.7847171654658927,3.495928352881629,3.27672935033644,3.4070092975981394,3.5588378066246955,3.844275056207514,4.021898116764326,4.2077281737457515,4.402144427859751,4.605543600618423,4.818340743879155,5.040970086790267,5.27388592186942,5.5175635320228755,5.77250016039727,6.039216025042834,149.70942417605715,147.56412397952334,146.9045413828204,149.52915667555212,127.98208320162384,150.84477307588048,149.74292498007858,148.03857430793298,149.7931364851709,132.64420031947873,127.0177012820082,149.44824252356426,145.46250184511422,144.3117534757034,145.9200834023158,128.46006291721818,145.57665259224072,143.09690139999185,139.24316920016352,136.7330318650613,120.49909186926646,112.91692601516647,133.24974777978633,129.04254835327473,123.03777935327072,121.81870986249778,100.80732016777591,90.95503486447402,107.51512862465034,99.73859949634173,154.2681989,152.392351,152.0294309,154.8031631,133.1515644,156.1393024,155.0790072,153.0793762,155.363601,138.6899754,133.6539961,156.8254324,153.5341162,153.1907016,155.7774088,138.9564794,156.9405951,155.9000446,153.7070238,153.2371763,139.0738306,133.8535132,156.8821395,155.7298826,153.0652593,155.4981555,138.4795976,132.9926962,154.3252788,151.7660073,
9.313469111856014,11.284921690585435,13.551156380528907,15.842306360207276,18.01517915803121,20.971273181972272,24.216962873918238,27.37254941612663,32.56114645057919,38.321923683549045,45.054904418388894,52.938586996118886,61.760266027607656,71.95486458977024,83.80208521683561,96.60684180289046,111.60366357708831,129.66678960434643,150.48939626047746,174.7063884144157,200.82942001813237,230.8585067258551,265.3777027433492,304.7290440436083,347.8865013059348,395.2113946414915,447.0982916067558,503.97790063237386,566.3201893022812,634.6377403248277,3.3616570315900183,3.471228765165451,3.585863213136609,3.57122843602493,3.3444747439980214,3.267302073317676,3.099697490715891,2.646201739233019,2.779215892445433,2.8292989468356287,2.918123305949601,3.0649312116687235,3.1126856853424307,3.1720578430276603,3.2758221471236766,3.025864026940441,2.8361386351154065,2.9489010736035794,3.0803146431490687,3.327371853217331,3.4811116256159558,3.6419548774751926,3.8102298219806077,3.9862798372655606,4.170464167101035,4.363158653960541,4.5647565059559545,4.775669099209299,4.996326817297747,5.227179929484699,146.2749603565832,142.60292344427978,138.90778280636673,140.17055450380164,115.22691909800635,135.55602554474746,132.4688417354051,128.04973924468158,124.82147335701868,101.68417076966081,89.12893857570928,104.49327529226254,93.66509938710259,82.10982196725745,73.51051613609881,43.477157370230195,46.17484998786044,28.01576652211732,5.1468831964442145,7.452123266571548e-11,7.82483066512938e-11,8.216390510079802e-11,8.62771712757014e-11,9.059494868661322e-11,9.51286097660549e-11,9.988899745435183e-11,1.0488713826853548e-10,1.1013571899330831e-10,1.1564795818707261e-10,1.2143618386466422e-10,158.9500865,157.3590739,156.0448024,159.5840893,136.586573,159.7946008,159.7855021,158.0684904,160.1618357,142.8353934,137.1019663,160.4967935,158.5380511,157.2367444,160.5884235,143.1098632,160.6146522,160.6314572,158.7165941,157.2844466,143.230722,137.3066304,160.5548282,160.456131,157.107989,160.3005458,142.6187275,136.4236064,159.0088988,156.7123165,
23.035315079504038,27.91137477003571,33.516528929026286,39.1833069085769,44.55754597292734,51.86895232734764,59.89662534653419,67.70144322775516,80.53457404869116,94.78289731798357,111.43580406932817,130.93478022780673,152.75373443058731,177.96837649017482,207.27050405222835,238.9409373712848,276.0330789364562,320.709213506871,372.210463936741,432.10716170252937,496.7181306762092,570.9900765595719,656.3675601807824,753.6965505672578,860.4393350365139,977.4895787207626,1105.82317877223,1246.505420777648,1400.69869130244,1569.6707783265026,3.0514056876040168,3.150864914970398,3.254919612771943,3.241635496725675,3.0358091738634494,2.9657588611668513,2.8136227057489727,2.4019806190115953,2.52271873709743,2.5681795665582334,2.6488062194413677,2.7820650481341573,2.825412204375008,2.879304834689035,2.973492607181429,2.7466034205623004,2.5743880118345444,2.676743470144984,2.7960287243429076,3.020284729307609,3.159835674421788,3.305834510389852,3.45857915921032,3.618381308238352,3.78556704620808,3.960477528642072,4.143469674005752,4.334916892027325,4.535209845669399,4.744757248307071,130.00130743292118,124.7411653150246,118.79411955823404,114.9044938947313,91.55107245324481,102.3267664115229,94.1981532477561,86.40238425327446,74.84172741425472,46.66168911550372,25.584862411278255,24.135254124109267,1.3915800650904127,5.558496477094548e-11,5.836741361618664e-11,6.128958765014158e-11,6.435829379213682e-11,6.758034686781571e-11,7.096353370835671e-11,7.451590531463214e-11,7.824588325403709e-11,8.216241030313392e-11,8.6274786996483e-11,9.059274994166198e-11,9.512661186512189e-11,9.988716455442704e-11,1.0488573288747813e-10,1.1013424700523497e-10,1.1564524196948987e-10,1.2143169847932534e-10,156.0880282,155.803405,155.5655681,157.3294363,139.1444276,157.1614776,156.9084013,156.5058081,157.8990202,144.012766,139.6694727,157.8520994,156.9707267,156.7538495,158.319581,144.2894982,157.968016,157.7391241,157.1475046,156.8014052,144.4113532,139.8779695,157.9091777,157.5669548,156.6254895,158.0357706,143.7943141,138.9784091,156.1457815,155.1630415,
34.95155983337206,42.350021345033774,50.8547403075083,59.452961296937154,67.60731202182137,78.70093308932707,90.88134793863357,102.72362394929625,122.19537583067284,143.814403899232,169.0819144459867,198.66777552669532,231.77374697479715,270.0320068501688,314.4922220109099,362.5458753375244,418.825904535671,486.61315142907256,564.7561692120026,655.6376270326102,753.6720641645351,866.3651335462114,995.9086721047354,1143.586271446165,1305.547451715737,1483.148173977222,1677.8691702106053,1891.3268017634862,2125.2847616199065,2381.6666686790404,2.776834470771015,2.8673441699923203,2.962035830584941,2.9499470442590674,2.7626413606399702,2.698894306692208,2.5604476483762966,2.18584589000768,2.295719765382155,2.3370899439950565,2.4104616591682606,2.531729608085031,2.571176305765537,2.6202195759489966,2.7059321557100255,2.4994588843883414,2.3427397417008122,2.4358850635643137,2.544436806473191,2.748513834773005,2.8755077236537723,3.008369310054923,3.147369708393805,3.2927925598117547,3.4449346109659427,3.604106319564045,3.7706324878773776,3.9448529255252303,4.127123142882847,4.317815076527932,114.66297829588618,108.77550998500463,100.68224076193903,91.40567505883769,69.08526071757427,72.43140350401812,59.75052101302939,49.777646360737315,29.874325003988304,4.572478553251899e-11,4.8004017481715384e-11,5.040815625107238e-11,5.293249880265212e-11,5.5583252141124095e-11,5.836660592009445e-11,6.128915889521511e-11,6.435787148355372e-11,6.758001029738443e-11,7.09632577045886e-11,7.451567323612347e-11,7.824570421867943e-11,8.21622587980044e-11,8.627460365681076e-11,9.059257941351028e-11,9.512645208137957e-11,9.988700753377113e-11,1.0488559393517262e-10,1.101341121680912e-10,1.1564509790521921e-10,1.2143146139632808e-10,152.3913726,153.9928755,154.4990169,153.8085834,139.4552141,153.8312309,153.1923166,154.6871162,154.3654206,143.4733078,139.9814319,154.5072184,155.1466322,155.6791515,154.7765697,143.7490034,154.6206787,154.0033653,155.3213558,155.7263811,143.8704019,140.1903944,154.5630873,153.8352735,155.5516715,154.4991107,143.2556742,139.2888248,152.4477581,153.3599534,
43.48141288764007,52.685453029354115,63.26573037501956,73.96232871634915,84.10673120910364,97.90772665408147,113.0607455674105,127.79310358530275,152.01689466175765,178.91200006363314,210.34599225064923,247.15221913779243,288.33763176154883,335.9327377291892,391.2433728394331,451.02441697638255,521.0394663349667,605.370045134317,702.5836984506294,815.6445807164736,937.6041115203199,1077.799682267967,1238.9580429775488,1422.6760430276963,1624.1635012311128,1845.10729803475,2087.3495348756996,2352.9010426143204,2643.955939716619,2962.9073001395864,2.9821470769300165,3.07934885031901,3.181041789461877,3.16805918672311,2.9669045616359413,2.898444200532589,2.7497611221015994,2.3474621912540448,2.4654598824120577,2.5098888746768657,2.588685521807351,2.718919737492175,2.7612830311708936,2.8139524453402176,2.9060024115449052,2.6842629924267127,2.5159564051295495,2.6159886728966013,2.7325664762258306,2.9517324797520956,3.088115997927236,3.230801057369207,3.3800788180573726,3.536253892891579,3.699644969278506,3.8705854594381477,4.049424180757418,4.236526067579196,4.432272915879265,4.637064162350621,102.57924513545919,95.57548472035764,86.37594443555085,74.88100839696163,50.98508372929602,50.38989244542333,34.01564291052719,21.882003023484444,4.3546495815543526e-11,4.571372075563496e-11,4.8003317331248e-11,5.040768134457331e-11,5.293224769847151e-11,5.558309000628398e-11,5.836648844544908e-11,6.128907302112983e-11,6.435779194073697e-11,6.757994303313916e-11,7.096319831417445e-11,7.451562071513089e-11,7.824566023458463e-11,8.216222244727653e-11,8.627456336320351e-11,9.059254080913923e-11,9.512641194003607e-11,9.988696708711127e-11,1.0488555735852164e-10,1.1013407570209682e-10,1.1564510329111733e-10,1.2143139635576983e-10,149.0428051,151.3402866,152.8227166,152.0113963,138.0587195,151.1960633,149.8261496,152.0225688,152.5617271,141.5452064,138.5796678,151.860471,152.4741694,153.9900468,152.9680721,141.817197,151.9719877,150.6193767,152.6458833,154.036764,141.9369641,138.7865378,151.9153828,150.4549785,153.86395,152.693855,141.3304975,137.8939964,149.0979516,150.7182669,
47.65142189080007,57.73815943601326,69.33311981190508,81.05555674550382,92.17284045156613,107.29739627409754,123.9036390156614,140.04887811290445,166.59580958823537,196.07024312640144,230.5188574638946,270.85492129282136,315.9901490222581,368.1497805471587,428.76488556909163,494.2791263920265,571.0088468432094,663.4270025974233,769.9637616418463,893.867550465766,1027.5233971825153,1181.1641794216002,1357.7781514019116,1559.115305554327,1779.9260667263761,2022.0590926897082,2287.533148404224,2578.5519099538983,2897.519918906235,3247.0597527987934,3.396934357037018,3.50765593953184,3.623493364692674,3.6087050098096274,3.3795717580255005,3.3015892351223908,3.1322258052166454,2.67397105629187,2.8083810638486852,2.8589896912501964,2.948746175740029,3.097094687838559,3.1453502983306585,3.205345509143994,3.3101987188276354,3.057617530951603,2.86590115541524,2.979846926171804,3.11263955349072,3.362289389017708,3.51764251100378,3.680173656567958,3.850214483174405,4.028111972376475,4.214229137859604,4.408945766199013,4.6126591918437985,4.825785107908825,5.048758414428884,5.2820341058059626,96.59802495219219,87.76810392448563,77.49848202343453,63.830366144720514,39.87075609044401,37.81062819081751,21.38652147916125,6.962864430844948,4.353349384864768e-11,4.5713410620207474e-11,4.8003196828329475e-11,5.040759065569917e-11,5.293219114349599e-11,5.558304951789887e-11,5.836645826604079e-11,6.128905142960799e-11,6.435777316771568e-11,6.75799277649143e-11,7.09631861177351e-11,7.451561182896688e-11,7.824565479918795e-11,8.216222149061795e-11,8.627456143535487e-11,9.05925380638591e-11,9.51264108769837e-11,9.988696828022536e-11,1.0488556209033506e-10,1.101340804866758e-10,1.1564508096186933e-10,1.21431388157019e-10,147.6463812,149.0139193,150.4550952,148.4946279,135.4231683,148.4096137,148.4223863,149.6857136,149.0322268,137.3731232,135.9341716,149.0617768,150.1303723,151.6043405,149.4291711,137.6370967,149.1712384,149.2081815,150.2994467,151.6503339,137.7533336,136.1370925,149.1156767,149.0453236,151.4801972,149.161298,137.1647429,135.2615898,147.7010111,148.4014611,
48.686382065412076,58.992197473086165,70.8389934026526,82.81603460395773,94.17477901421486,109.62783107702401,126.59475140606563,143.09065536937558,170.2141702024515,200.32877067941652,235.52558816584354,276.73772699960887,322.85326468242033,376.1457719790958,438.0774005629361,505.01457122576244,583.4108149773008,677.8362373947402,786.6869106597271,913.2818151277962,1049.8405863107425,1206.8183537751179,1387.2682748210952,1592.9783506608214,1818.584988532259,2065.9769979400858,2337.2169902028727,2634.556503921476,2960.452305857566,3317.583934352777,3.9981873503320218,4.128506509906737,4.264847009691094,4.247441135096216,3.977751593723146,3.885966264998057,3.6866257267697478,3.1472604792237977,3.3054608844975797,3.365027173576796,3.4706704398807524,3.645276446995436,3.7020732382117227,3.772687523841784,3.8960996161980557,3.598811884333068,3.3731619579713503,3.5072759829653757,3.663572733788359,3.9574102677250194,4.14026069162932,4.331559640013028,4.531697473283053,4.741082588279491,4.960142251641184,5.1893234716765875,5.429093910519044,5.679942838427788,5.942382132181998,6.216947319605085,94.37759358428517,85.34883311703781,71.90076798768861,59.419527860979976,35.63491929209766,34.42357145801537,17.55372046720392,2.9009613514418797,4.353314437014006e-11,4.571334976369252e-11,4.8003173313576485e-11,5.0407576466845545e-11,5.293218322037543e-11,5.5583043503710796e-11,5.8366456211131e-11,6.128905208706524e-11,6.435777472780488e-11,6.757993070779013e-11,7.096319048004376e-11,7.451562050400926e-11,7.824566260935995e-11,8.21622433490976e-11,8.627457144501811e-11,9.059254905960846e-11,9.512642609727403e-11,9.988698297137308e-11,1.0488558078016339e-10,1.101341158574413e-10,1.1564505518158131e-10,1.2143140120399684e-10,147.062163,148.4695371,147.0046084,146.4830036,133.7874499,147.9373688,147.8350976,149.1388772,147.0133199,134.312775,134.2922811,148.5874567,149.5819115,148.1274972,147.4048868,134.5708678,148.6965699,148.6177835,149.7503682,148.1724358,134.6845153,134.4927509,148.641185,148.45557,148.006201,147.1406425,134.1090369,133.6278231,147.1165767,147.8593164,
46.744099681188075,56.63877745915503,68.01296026637897,79.51219237295274,90.41779386646358,105.25436572411463,121.54441196492859,137.38223244943865,163.42368854609538,192.33690466191052,226.12958908926598,265.6976211342896,309.97343705753383,361.1399063587305,420.60084999697176,484.8676458668318,560.1363694213802,650.7948075856481,755.3030192376638,876.8475781583784,1007.9585077801349,1158.6738433379614,1331.9249402361243,1529.4284696123223,1746.0348125365413,1983.5574268181288,2243.976638474107,2529.454163785902,2842.3487598746856,3185.2330682477414,4.536652291194025,4.684522478873453,4.839224944398956,4.819474894203201,4.5134643027586545,4.409317576911981,4.183130400013877,3.57112491561191,3.7506313189307856,3.8182198329624533,3.938090845532003,4.136212312293006,4.200658340061675,4.280782764613226,4.420815660145907,4.0834900293704575,3.827450187877877,3.979626323075712,4.156972692967154,4.490383462590507,4.697859681653217,4.914922249373033,5.14201409882918,5.379598628631574,5.628160648521784,5.88820736866508,6.160269434652283,6.44490201032342,6.742685910622767,7.054228786796798,94.28524262764721,87.40313666200228,72.88194248925439,60.392952132878015,37.29612533081342,37.73602139901084,20.603523135096832,8.443577434990726,4.3533386360292417e-11,4.5713395497755887e-11,4.8003206709424025e-11,5.040760631209147e-11,5.293220692395195e-11,5.558306157805674e-11,5.836647221385225e-11,6.128907132004306e-11,6.435778948000755e-11,6.757994540971405e-11,7.096320475801797e-11,7.451563676613201e-11,7.824567698847945e-11,8.2162260404277e-11,8.627458744414644e-11,9.059256711757957e-11,9.512644432152817e-11,9.98870030683352e-11,1.0488561441739794e-10,1.1013415427093552e-10,1.1564505533982875e-10,1.2143142372986076e-10,145.5659946,148.7264366,145.7341277,144.7246194,132.2273835,147.3997047,146.3310655,149.3969348,145.2485697,132.234938,132.726328,148.0474298,149.8407357,146.847312,145.6354363,132.4890382,148.1561465,147.1057886,150.0094839,146.8918622,132.6009274,132.9244602,148.1009629,146.9452254,146.7270641,145.374364,132.0343518,132.069618,145.6198547,148.1151599,
41.56455770667206,50.36284258746411,60.47669398007865,70.70173841854185,80.3989302715154,93.59151610272141,108.07652215992779,122.15941193566685,145.31530994370706,171.02475879239083,201.07299999339614,236.2566437578883,275.62641916276783,321.1233199571185,373.9956148563929,431.14124315545996,498.06971594728117,578.682625605951,671.6106662283584,779.6873190604413,896.2703281975726,1030.2854510644015,1184.3392303409755,1359.9581191422956,1552.5631088952198,1763.7667148108515,1995.3298302548549,2249.1746396684234,2527.39853496086,2832.2890926844434,5.204735093807028,5.37438114683094,5.551865622108443,5.52920711253789,5.178132363551808,5.058648637639761,4.799152369950079,4.097020882277496,4.302962007351231,4.380503835187964,4.518027459615154,4.7453249655071295,4.819261533895924,4.91118535295167,5.071839967606859,4.684838620391976,4.391093483473298,4.5656795924509455,4.769142590248895,5.151652560581038,5.389682431325633,5.638710368943008,5.89924453433986,6.171816567777032,6.456982673722886,6.75532475583185,7.067451604364152,7.39400013846976,7.735636705871495,8.093058442599258,98.63588909955018,91.54976026573569,78.12715389784522,69.1574077689542,46.47857046496845,48.6289232596763,33.29373317016144,21.694560082096896,4.353995056073896e-11,4.5713648429775234e-11,4.8003342732229764e-11,5.0407718227453276e-11,5.293228133141517e-11,5.558311705147135e-11,5.836651896305799e-11,6.128911219550201e-11,6.435782692306533e-11,6.75799797286987e-11,7.096323833324942e-11,7.451567382163406e-11,7.824570512792459e-11,8.216228352618613e-11,8.627462061784491e-11,9.059259762248942e-11,9.512647641309827e-11,9.988703402585734e-11,1.0488565771442662e-10,1.1013418199126201e-10,1.1564508692232704e-10,1.2143146893470407e-10,145.4051819,147.286984,144.1557135,145.3883533,132.0556331,147.279088,146.1694077,147.9509929,145.9147065,131.5272838,132.5539294,147.9262831,148.3904984,145.2568412,146.3033474,131.7800241,148.0349109,146.9432749,148.5576133,145.3009088,131.8913146,132.7518043,147.9797724,146.782889,145.1378956,146.0410777,131.327771,131.8980725,145.4589825,146.6816237,
33.54296457657605,40.64325805675083,48.8052253123477,57.056926336420695,64.88264566951347,75.52917876466891,87.21870637848903,98.58372260739053,117.27073648358581,138.01848840484018,162.26768401295178,190.66119477266784,222.43295067858105,259.1493508014657,301.8177590016558,347.93478493680954,401.9466526406255,467.00198156239657,541.9957297640685,629.214541596139,723.298057973596,831.4494438435324,955.772202132677,1097.498193964769,1252.9321190445746,1423.3752913662654,1610.2487674031092,1815.1037669485568,2039.632903767764,2285.6822723097757,5.254893049433028,5.426173978977328,5.605368869535305,5.582492000240942,5.228033949057212,5.107398760234122,4.845401730825484,4.136503812322599,4.3444295889927815,4.422718686285058,4.561567623860222,4.791055592476803,4.8657046864888125,4.958514374038165,5.1207172148542925,4.7299863413424985,4.433410386855325,4.609678979600001,4.815102747318253,5.201298960614279,5.4416227217258735,5.693050537919109,5.9560954672398685,6.231294273358382,6.519208520877299,6.820425721248016,7.135560531633553,7.465256009164369,7.810184923146498,8.171051127899519,107.05922827402017,101.85572286430259,90.0102276181493,82.80816046337229,64.24518248146495,67.47660537513437,54.55957859072477,45.87181438032814,24.358980327464756,4.5716468612162665e-11,4.8004007761234454e-11,5.0408167831376104e-11,5.293252279463195e-11,5.558326740602625e-11,5.836663277372095e-11,6.128919009892448e-11,6.43579080741923e-11,6.758004880648458e-11,7.096330022135761e-11,7.451572422678387e-11,7.824574924620962e-11,8.216231782529603e-11,8.627466087495279e-11,9.05926405943239e-11,9.51265175796444e-11,9.988707634722179e-11,1.0488567974763973e-10,1.1013421465925963e-10,1.1564518220169479e-10,1.2143152951569946e-10,145.8570859,147.9251549,144.4208218,145.4475788,134.3558621,148.1131829,146.6236867,148.5920408,145.9741464,133.0533555,134.862838,148.7640434,149.0334506,145.5239745,146.3629456,133.3090283,148.8732863,147.3999591,149.2012897,145.5681232,133.4216101,135.0641596,148.8178356,147.2390747,145.4048102,146.1005691,132.8515279,134.195557,145.9110537,147.3171716,
22.649117573628036,27.443427911720356,32.95460911879856,38.526380995133216,43.810518503873496,50.999345814387624,58.89243125414242,66.56639782340432,79.1843753851589,93.19381905195732,109.56753226803845,128.73959924669683,150.1927487854277,174.98465593379916,203.79552003614882,234.93498417524756,271.40525916248725,315.3323780722209,365.97018667822766,424.8626891374826,488.3904259094867,561.4171689311688,645.3632603131726,741.0604860284485,846.0136792987126,961.1015225548788,1087.2835515907595,1225.6071919970234,1377.2153424010787,1543.3545357422838,5.326744240177029,5.50036712770672,5.682012185402394,5.6588225161549515,5.299517890015887,5.177233232425111,4.911653865877104,4.193063046095119,4.40383183298446,4.483191392569653,4.623938839097229,4.85656464204296,4.9322344278639685,5.026313120605296,5.1907337929063,4.794660378973957,4.494029282873911,4.672708030908207,4.880940598382958,5.272417348794605,5.516027104166692,5.770892742559105,6.037534337161741,6.316495990920527,6.608346946821859,6.913682749477268,7.233126460378588,7.567329929303455,7.916975124465527,8.282775524123537,118.85220688622417,116.42285126060368,106.91396979583132,102.45301178874574,88.44774440614621,94.00344205322469,83.79568778001976,79.28056993054182,63.58088618189997,38.77103425551854,23.88536769291211,17.24380011131041,5.294134901856266e-11,5.558438664447713e-11,5.836724678649875e-11,6.12895515340215e-11,6.435827353207358e-11,6.758032795296189e-11,7.096353767467031e-11,7.451591074375307e-11,7.824589801000109e-11,8.216244222343251e-11,8.62748118720848e-11,9.05927760213577e-11,9.512664130209447e-11,9.988719925025358e-11,1.0488578130929551e-10,1.1013430310875721e-10,1.1564531743304296e-10,1.2143171354521313e-10,146.8280687,149.3666463,145.5505911,146.6382153,137.5577808,150.1800211,147.5997729,150.0400308,147.1690934,136.4480447,138.0768388,150.839964,150.4857421,146.6623735,147.5610753,136.7102407,150.9507313,148.3812129,150.6552167,146.7068676,136.8256948,138.2829582,150.8945068,148.2192576,146.5422771,147.296551,136.2410677,137.3936554,146.8823957,148.7527384,
10.114417945268016,12.255413432670457,14.716541991842245,17.204728530224532,19.56446616988858,22.774781261349766,26.299596952551173,29.726560715144075,35.36137179635815,41.61756998889504,48.92958019172234,57.49125142091896,67.07158584108684,78.14290946964529,91.00897897315596,104.91493155036619,121.20146468352915,140.81800110443848,163.4313306705316,189.7309594211546,218.10054506793418,250.71210256909742,288.1999141957136,330.93543066519265,377.80438518296023,429.1991710207864,485.54828814210333,547.3194854627859,615.0231472990928,689.2159379488816,5.366373292961029,5.5412878720501775,5.72428430335322,5.700922111344178,5.3389443885905985,5.215749977324437,4.948194796233676,4.224257920353775,4.4365947508743195,4.516544716913044,4.658339273595748,4.89269572847598,4.968928470166699,5.063707074394742,5.229350977098336,4.830330920053548,4.527463237205823,4.707471290575228,4.917253033124983,5.311642229133089,5.55706435307762,5.813826099745798,6.082451411484169,6.363488439168013,6.657510660745898,6.965118051466117,7.286938308172911,7.623628130170772,7.975874559270498,8.344396381751311,135.08871636180018,133.31523019531005,127.6180975048368,127.39841785846515,118.50819734155638,126.27819056136316,120.11308445125441,117.84236556454334,111.05025165281081,95.67159049423739,90.36483513472965,92.5626847506552,80.20358908879908,65.98324945601527,55.01166944980377,32.33293392964125,29.331486979329124,6.6367563050536145,7.096910610430703e-11,7.451802860131735e-11,7.824728460389475e-11,8.216357298852377e-11,8.627644144023327e-11,9.059409595579564e-11,9.512781034370078e-11,9.988867340373368e-11,1.0488682920189969e-10,1.1013568776926475e-10,1.1564662558047703e-10,1.214335029307691e-10,150.5695076,151.1119315,148.0589238,150.3040685,143.4116079,154.2687218,151.3608762,151.7931842,150.8482182,141.8057052,143.9527546,154.9466319,152.2441034,149.189866,151.2499994,142.0781964,155.0604149,152.1622287,152.4155583,149.2351269,142.1981839,144.1676455,155.0026596,151.9961464,149.0676999,150.9788622,141.5906012,143.2404981,150.625219,150.4908504,
1.1421451532400018,1.3839116723098857,1.6618284116190125,1.9428006050312792,2.2092680303091927,2.571784770464374,2.9698156981514656,3.3567969434346696,3.9930937823291566,4.699559194573452,5.525249516922431,6.492054660923444,7.573889778240535,8.82409109390057,10.276959563861183,11.84725420891059,13.68636991302557,15.90151784518904,18.455071089902987,21.42489037877157,24.62845433284523,28.31103226675265,32.544248907255955,37.37004939038306,42.66260794684835,48.46623459784548,54.82931662171767,61.80467338583643,69.44993875269972,77.82797263507958,5.611725647764031,5.79463737903139,5.9860004674582745,5.961570148334352,5.583042684849857,5.4542157845165695,5.174427892405412,4.417392384073155,4.639437324435398,4.723042629259396,4.871320079785132,5.11639138898673,5.196109516740965,5.295221429977308,5.468438626480719,5.051175240978334,4.734460347896858,4.922698428766515,5.142071461694219,5.554492261667778,5.8111351659686665,6.079636144279749,6.360543093764259,6.654429226936071,6.961894241344482,7.283565543303788,7.620099528164732,7.9721829197403435,8.340534171619343,8.72590493322643,148.33467619902518,146.8918040486894,145.80910842095494,146.4862562466682,140.82292618487654,150.76686864505643,147.75942330948237,146.99075377253342,146.31704029327875,137.82896427621267,138.77944940334024,147.88221385013998,142.45469100507123,140.5097994761775,139.61687820971628,130.63609245017219,141.18694943914167,135.90485412611187,131.80235924847355,127.69664035963498,117.21952790126419,115.00803868904957,120.64353869906589,112.53352488277132,104.87798961190212,99.3339671589504,84.5787851502223,78.66106219453317,77.35545757579641,66.88323503181525,155.088547,154.0703531,153.4569373,154.390627,148.6152369,158.7928692,155.9036669,154.7649431,154.9495714,147.2515661,149.176019,159.4906599,155.2246903,154.629112,155.3622764,147.5345219,159.6077797,156.7290704,155.3995018,154.676023,147.6591174,149.3987071,159.5483307,156.5580035,154.5024918,155.0837673,147.0282013,148.4379185,155.1459305,153.4371126,
0.0,0.0,0.0,0.0,0.0,0.0,0.0,0.0,0.0,0.0,0.0,0.0,0.0,0.0,0.0,0.0,0.0,0.0,0.0,0.0,0.0,0.0,0.0,0.0,0.0,0.0,0.0,0.0,0.0,0.0,5.715911692996031,5.90221932262041,6.09713521541408,6.072251328440794,5.686696208597533,5.555477536800763,5.270495165163602,4.499404704635889,4.7255720817764395,4.81072958402005,4.9617599205806755,5.211381168982476,5.292579325694884,5.393531328579869,5.569964436872741,5.144954232533457,4.822359281472065,5.01409214851604,5.237538012185282,5.6576157246342,5.919023403785873,6.192509311301808,6.47863151648162,6.777973873974714,7.091147215181172,7.418790594700813,7.7615725943738845,8.120192687574377,8.495382666539905,8.887908135650537,155.77053660703316,152.91057927741028,153.68161608461816,153.79979637159303,149.15653839143803,157.4242211632366,157.06469933487566,155.02936419540532,155.7252645182669,148.07130291602545,150.46575737946705,158.4845065310677,154.71008827435784,155.6056835714755,155.30822966318541,148.03085346752755,158.99373641859205,158.1805563515513,154.94532188788546,155.3904427754401,147.38614389629208,149.46702828878006,157.2764476836044,156.2385507261156,153.77623128491362,153.17100640539877,144.88855420573077,146.53829261253549,153.05081633357545,149.27215816447062,161.4864483,158.8127986,159.7787513,159.8720477,154.8432346,162.9796987,162.3351945,159.5287689,160.4508366,152.8820325,155.4275173,163.6958877,160.0026676,160.9992149,160.8781941,153.1758077,163.8160957,163.1946485,160.1828599,161.0480585,153.3051673,155.6595376,163.7550792,163.0165246,160.8673785,160.589797,152.6501268,154.6584853,161.546199,158.1600663,
0.0,0.0,0.0,0.0,0.0,0.0,0.0,0.0,0.0,0.0,0.0,0.0,0.0,0.0,0.0,0.0,0.0,0.0,0.0,0.0,0.0,0.0,0.0,0.0,0.0,0.0,0.0,0.0,0.0,0.0,5.860383404758032,6.051400026335371,6.251242488011487,6.225729651897729,5.83042948854538,5.695894217901771,5.403708814926168,4.613128767305588,4.845012605769405,4.932322494330248,5.087170176648268,5.343100691355383,5.42635116051106,5.529854761364304,5.710747279552853,5.274994790336696,4.944246136543555,5.140825120356062,5.369918658122507,5.800613984952159,6.068628836660583,6.34902719827374,6.642381244492332,6.949289587100782,7.270378496481213,7.6063031795669485,7.957749116843299,8.32543346112388,8.710106500956762,9.112553191646459,154.23981899527118,150.71843627369532,152.67304421202073,152.00434254813607,148.73268841149016,154.76107618213558,155.537953985113,152.8634675327356,153.95790399427386,147.06975730571517,150.0591733233995,155.81897300869474,152.51804763954158,154.60836883869104,153.51513762050524,147.01916930972433,156.33617476352052,156.65291387971124,152.75235454194814,154.38619201512205,146.3541503634174,149.02891690180817,154.57796765559368,154.66785451298952,152.73671370361365,151.3341466205327,143.81375988326133,146.05326923898596,151.44933369915867,147.0129475084747,160.1002024,156.7698363,158.9242867,158.2300722,154.5631179,160.4569704,160.9416628,157.4765963,158.8029166,152.0020798,155.1463435,161.1620737,157.9443988,160.1382236,159.2258849,152.2941641,161.2804209,161.793739,158.1222732,160.186806,152.4227792,155.3779441,161.2203489,161.6171441,160.0070922,158.9404498,151.771509,154.3787027,160.1594402,156.1255007,
0.0,0.0,0.0,0.0,0.0,0.0,0.0,0.0,0.0,0.0,0.0,0.0,0.0,0.0,0.0,0.0,0.0,0.0,0.0,0.0,0.0,0.0,0.0,0.0,0.0,0.0,0.0,0.0,0.0,0.0,5.980292906016032,6.17521792508947,6.379149370071746,6.35311451496319,5.949726101719835,5.812438100394581,5.514274282095976,4.707518149624404,4.944146571078715,5.033242910195629,5.1912589361313435,5.452426053677502,5.537379913472749,5.643001304972018,5.827595071037912,5.382926635535473,5.045410522451888,5.246011715440612,5.479792743761464,5.9193005421083145,6.1927992546801764,6.47893485656797,6.778291229758127,7.091479234250852,7.419137954567548,7.7619360038525596,8.120572888230381,8.495780434202386,8.888324281995768,9.29900544791184,145.93881969401318,143.21589497494122,146.27022712996046,145.60518308507068,142.58781419831573,147.13767779964277,147.20330021794328,145.35708955041682,147.5642895289646,142.20191388984986,143.90677026391646,148.16980544637266,144.97301208657993,148.17238139508333,147.0870441290202,142.1351543645256,148.68963137761224,148.28009808462673,145.20010155630928,147.94274635796597,141.44986334539783,142.84166604351395,146.8994890703279,146.2670596658395,146.27029094552734,144.87858189624708,138.89124391187426,139.8645340659075,143.08699911811962,139.47809895220936,151.9191126,149.3911129,152.6493765,151.9582976,148.5375403,152.9501159,152.7175745,150.0646077,152.5084361,147.2351568,149.0980292,153.6222315,150.510392,153.8153827,152.9146392,147.518081,153.7350419,153.5261098,150.6798943,153.8620469,147.6426626,149.3206009,153.6777803,153.3585389,153.6894289,152.6405179,147.0118168,148.3603145,151.9753234,148.7771044,
0.0,0.0,0.0,0.0,0.0,0.0,0.0,0.0,0.0,0.0,0.0,0.0,0.0,0.0,0.0,0.0,0.0,0.0,0.0,0.0,0.0,0.0,0.0,0.0,0.0,0.0,0.0,0.0,0.0,0.0,10.528624897831056,10.87180079929271,11.230832994343073,11.184997242145785,10.47481040716684,10.233107552199245,9.708174233663451,8.287836996623891,8.704433964165743,8.861292825274079,9.139488474060688,9.599287125983755,9.748852931114685,9.934805029073646,10.259792208118112,9.476929690364033,8.882714556176177,9.235883664818166,9.647467644750547,10.421244585309847,10.90275366855426,11.406510670015022,11.933543545097718,12.484927745441317,13.061788413461006,13.66530267828896,14.29670205779801,14.95727497160979,15.648369370215278,16.371395485572354,137.29078260219816,140.857912800738,141.67753400568915,136.46005125788813,139.93358279286875,136.58600164783817,138.88814776637577,144.1259144034173,139.47513773587755,132.12804607477142,141.8364530259871,137.8649958740664,143.11766116893799,144.1415463709817,138.31445269194003,131.78333160969706,138.68985694388797,140.14715443524918,143.39120215532017,143.70185021476442,130.47680443152376,139.79480583006688,135.58406165498832,136.73506155464904,140.8883954866339,134.6426017218107,126.47877114230664,135.27166022850008,132.22573202990014,134.73469781454884,147.8194075,151.7297136,152.908367,147.6450485,150.4083932,146.8191092,148.596322,152.4137514,148.1795717,140.9893389,150.9759415,147.464283,152.8665141,154.0763514,148.5742449,141.2602613,147.5725715,149.3830381,153.0386698,154.1230948,141.3795581,151.2013165,147.5176052,149.2199893,153.9501839,148.3079044,140.7754732,150.2289352,147.8741014,151.1060933,
0.0,0.0,0.0,0.0,0.0,0.0,0.0,0.0,0.0,0.0,0.0,0.0,0.0,0.0,0.0,0.0,0.0,0.0,0.0,0.0,0.0,0.0,0.0,0.0,0.0,0.0,0.0,0.0,0.0,0.0,10.382815376781057,10.721238680983943,11.075298687081824,11.030097708099433,10.329746155815917,10.091390611428881,9.5737270243634,8.173059848160074,8.583887419897856,8.738573963573232,9.012916917948047,9.466347879705786,9.613842367962649,9.797219240134316,10.117705715109285,9.345684955882025,8.759699027783032,9.107977144573715,9.513861152898393,10.276922159876877,10.751762888090088,11.248543426069498,11.76827749320347,12.312025647344758,12.880897448961404,13.476053725281329,14.098708939050706,14.750133666739782,15.431657191253082,16.144670214434313,127.06315752324818,129.46838811904678,130.80456171295046,128.35197459193446,128.64088634421967,126.96185688860851,128.5946392756759,132.64857895188115,131.30279338014546,123.95992883647226,130.4821048820997,128.18915892034443,131.62612343209008,133.16638485992104,130.14156038494886,123.60780874417905,128.9968932722811,129.79189635549366,131.88516674717235,132.73005394019742,122.31401241198795,128.45471477401244,125.93700470688259,126.43624125274563,129.9656389511335,126.53177767481833,118.39850446105396,124.05468773337014,122.06517130886232,123.46876688568693,137.4459729,140.1896268,141.8798604,139.3820723,138.9706325,137.0532475,138.1683663,140.8216388,139.8866808,132.6985028,139.4950218,137.6555068,141.2399658,142.9636041,140.2592661,132.9534937,137.7565923,138.8998735,141.3990279,143.0069761,133.0657753,139.7032582,137.7052822,138.7482669,142.8465364,140.0078314,132.4972134,138.8048214,137.4968285,139.6134371,
0.0,0.0,0.0,0.0,0.0,0.0,0.0,0.0,0.0,0.0,0.0,0.0,0.0,0.0,0.0,0.0,0.0,0.0,0.0,0.0,0.0,0.0,0.0,0.0,0.0,0.0,0.0,0.0,0.0,0.0,10.411682948958056,10.751047178989433,11.106091585985347,11.060764933717254,10.35846617845929,10.119447928858717,9.600345070225677,8.195783587965881,8.607753392725158,8.762870014833243,9.037975731016804,9.49266737694746,9.640571947405629,9.824458666367487,10.145836197006298,9.371668971316868,8.78405381352822,9.133300255701688,9.540312752348715,10.305495314791207,10.781656253226487,11.279818001168303,11.800997096471551,12.346257045681533,12.916710494201904,13.513521496734306,14.137907892622655,14.791143790949176,15.474562170453178,16.189557599577586,120.70967035107118,121.30750782104127,123.65255121404691,121.16319276631664,121.67263112157632,121.1544211711787,122.2101605298136,124.45812641207537,124.09489810731819,118.48772078521229,123.49132536903102,122.35806442310277,123.4074018526471,125.96353263368788,122.91026610305185,118.12344412874421,123.16350078653592,123.37505194436568,123.65749754772204,125.52369108528309,116.82112864685158,121.44732119891366,120.09741110361455,120.01746475440889,122.760089005893,119.30405870336537,112.91965740748202,117.08242220916075,115.69530662966224,115.32622700054361,131.1213533,132.058555,134.7586428,132.2239577,132.0310973,131.2738691,131.8105056,132.65391,132.7026515,127.2505908,132.5293011,131.8507318,133.0479738,135.7879913,133.0561023,127.4951131,131.9475546,132.5083522,133.1978103,135.8291864,127.6027849,132.7271392,131.8984082,132.3637218,135.6767995,132.8175802,127.0575653,131.873566,131.1698688,131.5157846,
0.0,0.0,0.0,0.0,0.0,0.0,0.0,0.0,0.0,0.0,0.0,0.0,0.0,0.0,0.0,0.0,0.0,0.0,0.0,0.0,0.0,0.0,0.0,0.0,0.0,0.0,0.0,0.0,0.0,0.0,10.109123558711055,10.438625998385069,10.783352955280177,10.739343477607143,10.057453246523778,9.825380772760942,9.321362837972918,7.957617357095444,8.357615482200316,8.508224476595162,8.77533572942923,9.216814215891086,9.360420738005683,9.538963781613964,9.851002208268733,9.099331976091506,8.528792682475057,8.86789016111324,9.263075035519737,10.006021695211906,10.468345585026064,10.952030949520502,11.458064786361938,11.98747969701592,12.541355993850559,13.120823904598074,13.727065878672523,14.361319000049914,15.024877511634385,15.719095456261254,116.8616345413182,116.61038960164566,118.5793156447521,116.30544772242679,117.57560635351182,117.87905262727644,118.31673276206635,119.6641689429458,119.147119217843,115.93636332345035,119.33933217061858,119.0487964841591,118.64048076204705,120.81183641844143,117.99333879178943,115.5843862239696,119.8310082175891,119.44596193895414,118.88197906455103,120.38432410486242,114.32067021505199,117.35388495056148,116.85392601372412,116.18632020307447,117.70270470624439,114.49433779550164,110.52875292143217,113.11945670006003,111.99286038848109,110.80773934385999,126.9707581,127.0490156,129.3626686,127.0447912,127.6330596,127.7044334,127.6380956,127.6217863,127.5047347,124.4445878,128.1146679,128.2656107,128.0009015,130.3508002,127.844341,124.6837182,128.3598009,128.3138521,128.1450541,130.3903458,124.7890158,128.3059159,128.3119908,128.1737999,130.2440607,127.6151617,124.2558188,127.4807757,127.0177379,126.5268348,
0.0,0.0,0.0,0.0,0.0,0.0,0.0,0.0,0.0,0.0,0.0,0.0,0.0,0.0,0.0,0.0,0.0,0.0,0.0,0.0,0.0,0.0,0.0,0.0,0.0,0.0,0.0,0.0,0.0,0.0,10.787986078426059,11.139615743586065,11.507492304817529,11.460527438902284,10.732845926531889,10.485188985591442,9.947324507806435,8.491998813469142,8.9188581925208,9.079581100434737,9.364629795331913,9.835755085097622,9.989005280561747,10.179538105455968,10.512530988878085,9.710383507625107,9.101530532292191,9.463399576382155,9.885122478347103,10.677960569129542,11.171331102991616,11.687497608247956,12.22751336286338,12.792480311053946,13.38355131188996,14.00193249179473,14.648885705739476,15.325731112156687,16.03384986682617,16.77468694123058,113.82554332160322,112.95301715644467,114.92674889521477,112.43918626113162,114.19923367350373,115.50607881444596,115.32115319223286,116.16007658657213,115.42941280752254,114.6347895996108,116.0388663047159,116.70916181495262,115.03336361949101,117.22046609459943,114.16693911118011,114.241714392436,117.53631296777198,116.46828912368524,115.27804452172369,116.7606939309448,112.88544649708645,113.90319929183401,114.36316143722271,113.00175628903646,113.91212958820498,110.45403190830498,108.87782359436524,109.45728728795326,108.6257871332893,106.80791615889068,124.6135294,124.0926329,126.4342412,123.8997137,124.9320796,125.9912678,125.2684777,124.6520754,124.348271,123.7143707,125.4034961,126.5449169,125.0223689,127.4000042,124.6794701,123.9520979,126.6378435,125.9316887,125.163167,127.4386545,124.0567776,125.5906969,126.5906748,125.7942366,127.2956809,124.4559644,123.5267093,124.7830184,124.659637,123.5826031,
0.0,0.0,0.0,0.0,0.0,0.0,0.0,0.0,0.0,0.0,0.0,0.0,0.0,0.0,0.0,0.0,0.0,0.0,0.0,0.0,0.0,0.0,0.0,0.0,0.0,0.0,0.0,0.0,0.0,0.0,10.124228272945054,10.454223044141358,10.799465080523074,10.755389845360778,10.07248075670587,9.840061528016417,9.335290506491491,7.969507362738798,8.37010315166079,8.520937180976636,8.788447542508834,9.230585671356078,9.374406765531852,9.55321658218297,9.865721246216012,9.112927893524004,8.541536119181675,8.881140265928378,9.276915612353825,10.020972358090603,10.483987036794485,10.968395107779493,11.475185043451239,12.005390988153842,12.560094868422008,13.140428600736426,13.747576401287509,14.38277720246076,15.047327180974763,15.742582402830346,115.26283042708422,113.15315535588941,113.75862491950923,112.13544835467316,115.07224224332975,116.48647967202098,116.71078199354778,116.19512593730248,114.96563994838256,115.5503374190689,116.82849425753899,117.65107802869414,115.1590719345209,115.95630541787244,113.79852405384219,115.19675970653711,118.43330148088249,117.83226013413902,115.39681058771697,115.52662644198372,113.93068226328356,114.83606619230248,115.45235825663484,114.56970411193655,112.84665193167292,110.30213089936328,110.13549539881718,110.61263089764921,110.38612531914067,107.35676049729089,125.3870587,123.6073784,124.55809,122.8908382,125.144723,126.3265412,126.0460725,124.1646333,123.3357431,124.0712746,125.6169418,126.8816637,124.5334787,125.509522,123.6642453,124.3096876,126.9748376,126.7134004,124.6737262,125.5475988,124.4146693,125.8044613,126.9275433,126.5750951,125.4067468,123.4425595,123.8830718,124.9954081,125.4334525,123.0993429,
0.0,0.0,0.0,0.0,0.0,0.0,0.0,0.0,0.0,0.0,0.0,0.0,0.0,0.0,0.0,0.0,0.0,0.0,0.0,0.0,0.0,0.0,0.0,0.0,0.0,0.0,0.0,0.0,0.0,0.0,9.34830797917105,9.653011969390521,9.971794675236566,9.931097363654548,9.300526389708693,9.08591975782579,8.619834359417133,7.358724760112674,7.728618909971904,7.867893027639903,8.114901409889162,8.523154097043966,8.655952750532386,8.821058592744645,9.10961291664458,8.414513604784583,7.886913264362459,8.200490168122679,8.565933313931158,9.252965591908808,9.680494851296173,10.127777914565817,10.595727497652966,11.085298488136516,11.59748989376151,12.133346880992288,12.693962907756054,13.280481954728947,13.89410085971767,14.536071759899896,120.3644078208582,117.2104651306402,114.84120712479572,114.43833573637936,120.00301061032692,122.34536434221161,121.77463014062215,120.07668653992859,117.09107199007143,121.76410807240559,121.67654719015864,123.48568440300625,119.15802014952035,116.94532240731074,116.0425326834136,121.46658589527651,124.2188642357017,122.8843240319447,119.39198158613962,116.5515701081655,120.3102914487819,119.85742178551617,121.46084460243313,119.8564391119539,114.06590560633342,112.79444571910743,116.74140039234867,115.86877804538102,115.8666092403978,111.80598704022137,129.7127158,126.8634771,124.8130018,124.3694331,129.303537,131.4312841,130.3944645,127.4354113,124.8196909,129.6320011,129.7914486,132.0088385,127.8139729,125.766381,125.1521456,129.8810995,132.1057775,131.0848142,127.9579149,125.8045357,129.9907863,129.9851997,132.0565721,130.9417376,125.6633955,124.9277926,129.4353633,129.14926,129.7607101,126.3420588,
0.03194773072400005,0.03871034896688501,0.046484149981539734,0.05434341721268169,0.06179696155890326,0.07193716761289363,0.08307076552862112,0.09389528514810605,0.11169358338705317,0.13145461524204521,0.154550569381488,0.18159374363609354,0.2118545007016631,0.24682474495668946,0.2874639321248183,0.3313877279182553,0.3828309031737552,0.4447923355274529,0.5162195365448485,0.5992904025118975,0.6888995019083486,0.7919074320903161,0.9103176577464039,1.045303455239253,1.1933452650944187,1.3556825135104487,1.533668674460936,1.7287811949420093,1.942632191517352,2.1769799622114125,8.385582473624046,8.658906849085442,8.944860058692264,8.908353916245291,8.3427216200824,8.150216022807424,7.732129930991021,6.600894355867804,6.93269535205521,7.057626473574571,7.279196961586166,7.645406182104253,7.764528708201442,7.912631301722416,8.171469166989057,7.54795391482273,7.0746879315475235,7.355971453032249,7.683779827063734,8.300058820209856,8.683559435772379,9.08477953083769,9.504537826265954,9.94369087155936,10.403134792718093,10.88380712085526,11.386688705302143,11.912805715107663,12.46323173301621,13.039089946196524,132.15512939568117,126.71082520197841,119.01927199135844,117.90441736657591,130.6601677183943,133.89699450961706,133.49628570351962,129.32410995902532,120.28202606460108,132.81774651122893,132.15568296908017,134.91666837430984,128.44657629114963,120.82896415337629,119.20661320094432,132.39652045732012,135.3909713653429,134.25887041150767,128.37659743646222,120.12820317735262,131.02186856239734,129.92112093715397,132.38042811607377,130.91558447329183,117.28631614228247,115.19719796573403,126.87409492034163,125.25717609006028,126.21880827558189,119.63583379171334,140.5726596,135.4084424,128.0106162,126.8671147,139.0646863,142.1191477,141.3114864,136.0188996,127.326415,140.0068276,139.5894305,142.7436683,136.4229595,128.9884202,127.6655463,140.2758621,142.8484902,142.0596342,136.5765968,129.0275524,140.3943275,139.7978079,142.7952836,141.9045788,128.8827962,127.4366876,139.7944523,138.898763,140.6246722,134.8519037,
2.9004482612560047,3.5144081225546584,4.220170539018471,4.9336922026459735,5.610379380397611,6.530981324622073,7.5417706352987235,8.524499561509467,10.14035902979055,11.934409786621893,14.031229138347289,16.486405952727075,19.233698427844455,22.408552536308324,26.098074674170466,30.085797565584866,34.75618462726161,40.38149586729302,46.86617870085827,54.40795845469082,62.543326778109915,71.89513879170698,82.64528364819681,94.90027994244906,108.3405963673349,123.0787570828201,139.23764033860826,156.95137956057667,176.36633446123435,197.64213617344134,6.8488988116450376,7.072135658480574,7.305687066939366,7.275870786864696,6.813892340739672,6.656663983549381,6.315193448090062,5.391260255551368,5.662257703330145,5.7642948143361785,5.945261832049188,6.244362091704238,6.3416550501830775,6.462617390003579,6.674022423990119,6.164768250766425,5.778229707899438,6.007967162881441,6.275703648738367,6.779047629562172,7.092270583179631,7.41996586743021,7.76280217006982,8.121479075281922,8.496728491233545,8.889316143590928,9.300043138042387,9.729747595016859,10.179306359933893,10.649636792474759,141.2089607271282,133.61153011899546,119.75986609407445,116.73248591052324,137.22964637889828,140.0813891918659,137.8947558166505,130.93239728298045,113.60624446692266,133.63059089908742,130.2421285296513,131.21178355561887,119.70309182202514,103.41737457374347,96.98144190189755,115.36952118370975,113.52118296490305,106.1656785698929,92.3001731504741,71.14167181582127,82.11253543878843,71.12775934094465,63.590130481819344,49.36687148235931,15.34289334152648,1.0020630130232606e-10,2.5620617234539185,1.102452428916823e-10,1.1573878647253569e-10,1.2144280224818758e-10,150.9583078,144.1980739,131.2857237,128.9420489,149.6539181,153.2690345,151.7517199,144.8481571,129.4088612,151.3292955,150.2186195,153.9425516,145.2784453,132.2885445,129.753539,151.620087,154.0555973,152.5551416,145.4420555,132.3286779,151.7481328,150.442864,153.9982163,152.3886305,132.1802182,129.5209373,151.0997452,149.4753603,151.0141631,143.6054092,
13.935965484532023,16.885896896941006,20.27691779791735,23.705220039886242,26.956541319752322,31.379815160241208,36.236417890890785,40.95819713421145,48.722018360957996,57.34200643613689,67.41672574876135,79.21326761460506,92.41335589770753,107.66777634884758,125.39505452666897,144.5551165484491,166.99521788049188,194.0235032417622,225.18086514125318,261.4173268445347,300.50584073860034,345.43907784550333,397.0909723733122,455.97332088857604,520.5508513001298,591.3642154894105,669.0038142815401,754.1141269517803,847.3983771807934,949.6235546741058,6.195343550690033,6.397278051016916,6.608542847291839,6.581571781789734,6.163677567629045,6.021452705575565,5.712566950684344,4.876799960532509,5.121937512790555,5.214237746008695,5.377936010052198,5.648494667089583,5.736503457906373,5.845922982488796,6.03715471913893,5.576496057869324,5.226842904201411,5.434657693004347,5.676845460199539,6.132157908395341,6.415491603196404,6.711916608398917,7.022037802318347,7.346488011410211,7.6859293016017505,8.041054329289036,8.412587754756299,8.801287720901678,9.20794740028683,9.63339661366708,134.48701356480714,124.72149645207278,109.04985525482311,101.31223487835794,121.21185371265423,119.61301653422063,113.48198625846418,102.8369187052973,78.23150222629481,92.3338854178999,82.1197647412342,72.84249701835553,50.96370354443877,23.45995306871897,0.9950290542502721,5.056150893742617,6.436255000724478e-11,6.758205542928624e-11,7.096482581587058e-11,7.451656752777438e-11,7.824688371429847e-11,8.216331226901723e-11,8.627555377890153e-11,9.059344751269108e-11,9.51271815392504e-11,9.988769075420436e-11,1.0488626302034495e-10,1.1013482234576723e-10,1.1564594565086381e-10,1.214324208806326e-10,154.6183226,148.0046714,135.9353159,131.5990267,154.3320726,157.0142844,155.4309711,148.6719158,132.0754581,154.8901296,154.9144265,157.7042593,149.1135629,136.9736524,132.4272383,155.1877635,157.8200674,156.253872,149.2814921,137.0152072,155.3188223,155.1456808,157.7612842,156.0833238,136.8614897,132.1898436,154.6551779,154.1479332,154.6755321,147.3963613,
26.26146226085204,31.82042497104721,38.210593453854784,44.67101631054098,50.79792952540787,59.133314623795535,68.28528112862558,77.18318113707299,91.81362051154687,108.05745318869899,127.04263662007494,149.27248781784564,174.14723515209909,202.8932439904122,236.29919977949658,272.4051478215643,314.69212642489333,365.6252531449884,424.33936840161556,492.6247320919731,566.2846111725552,650.9585084960369,748.2932988519067,859.2534311140215,980.9457802866983,1114.3891712942943,1260.696177858732,1421.081281185779,1596.8696626682242,1789.5066668161774,6.746118125677036,6.966004881223141,7.196051408878413,7.166682578503814,6.711636993105894,6.556768144918446,6.220422020964915,5.310354194221415,5.5772848125223025,5.677790663605856,5.856041928797235,6.150653623106818,6.246486516648604,6.365633587678463,6.573866089115204,6.072254238357569,5.691516437723975,5.917806247491035,6.181524840774012,6.6773151927518235,6.985837643278334,7.308615239732667,7.646306634945682,7.999600914516432,8.369219002945005,8.755915134735133,9.160478393468448,9.583734321990981,10.026546606997618,10.48981884145181,120.75375321350016,110.47011664776038,94.69902903729908,82.52858751098913,97.20281068152181,89.01613003132343,80.06377475044877,67.43589936874683,37.461830875974165,40.783623647740605,22.397487451175582,5.087112383718666e-11,5.293347662061576e-11,5.558360829768283e-11,5.836683753301602e-11,6.128944059980393e-11,6.435809958141387e-11,6.758020751536976e-11,7.096343013017665e-11,7.45158454139679e-11,7.824585278996879e-11,8.216240364583524e-11,8.627476227211472e-11,9.059273795667357e-11,9.512662672624651e-11,9.988719994378619e-11,1.048857564575023e-10,1.1013428894497889e-10,1.1564526582413546e-10,1.2143163461422497e-10,153.7613336,149.2565465,140.1056739,134.3662864,154.7123772,154.7062128,154.5694779,149.9294347,134.8527362,154.5188675,155.296166,155.3860453,150.3748174,141.1758655,135.2119137,154.815788,155.500151,155.3878178,150.5441671,141.2186951,154.9465326,155.5279902,155.442232,155.2182149,141.0602617,134.969527,154.284479,154.527784,153.818226,148.6430911,
36.01898558840406,43.64339719793867,52.40785152281571,61.26866344024115,69.67204923024983,81.10447110952114,93.65687761182134,105.86081846583414,125.92724050078508,148.20651685208625,174.24570087068977,204.73511848086102,238.85215114447163,278.2788238783357,324.0968605200948,373.618079455476,431.61690898603854,501.4743883251932,582.0039053131683,675.6608961627752,776.6893193592294,892.8240515807071,1026.3238687749938,1178.5115636237438,1345.4190620536301,1528.4437363778552,1729.1115403478861,1949.088199223551,2190.1912694308703,2454.4031174718607,7.299136688883039,7.537048841458185,7.785953621789203,7.754177257470753,7.261828937204884,7.094264588239883,6.730346215069322,5.745674832237752,6.03448730677928,6.143232207390957,6.336095766160562,6.654858495607026,6.758547369151984,6.88746161899544,7.11276415042751,6.570032257028277,6.158083163093549,6.402923265508053,6.688260406647902,7.2246935791329,7.558507410439946,7.907744964947318,8.27311888909159,8.655374756828646,9.05529259103542,9.473688455207336,9.911416118699451,10.369368798909306,10.848480983956572,11.349730339578556,109.86102882274216,99.6623527606339,83.07277575542739,66.34823670232201,77.5454091325809,64.28935700227639,53.597011673148614,39.91634480196932,3.8994369924789964,4.572996390659293e-11,4.8004310505747974e-11,5.04080042824214e-11,5.293244303710508e-11,5.558321768251861e-11,5.836658960006227e-11,6.128919742694838e-11,6.435790785864973e-11,6.758005588575221e-11,7.096331432026396e-11,7.451572985598669e-11,7.82457495048192e-11,8.216232673397246e-11,8.627469110383345e-11,9.059267918080185e-11,9.512655689632398e-11,9.98871198321735e-11,1.0488571448942632e-10,1.1013422730582018e-10,1.1564510482095618e-10,1.2143154658633999e-10,153.1791511,150.8427988,143.2665809,135.3710774,154.4792873,152.4880927,153.9842355,151.5228381,135.8611648,152.5989708,155.0621966,153.158178,151.9729543,144.360917,136.2230282,152.8922021,153.2706477,154.7994769,152.1441037,144.4047129,153.0213222,155.2936716,153.2135591,154.6305162,144.2427051,135.978829,152.3674945,154.2949722,153.2358281,150.2228237,
42.83736485828807,51.90507447342365,62.328636424580594,72.8667964212247,82.86093971124136,96.45751438584536,111.38608631546937,125.90022819181969,149.76521572740208,176.261949998191,207.23034092300733,243.49139284180706,284.0667658629654,330.95689165242095,385.4482639287497,444.3438293953418,513.3218136824457,596.40328534652,692.1770070302916,803.5632280194133,923.7162904898158,1061.8352801176814,1220.6065582157387,1401.60332158035,1600.1063413357708,1817.7775118037218,2056.4316491579693,2318.049799770122,2604.793582755766,2919.0206257866007,7.705629461471043,7.9567910673246764,8.219557486172652,8.186011479362886,7.666244021421633,7.489347925470524,7.10516274612669,6.065654494559,6.370551088159869,6.485352049650879,6.688956281746255,7.0254710757468395,7.134934437356669,7.271027989777755,7.508877738035125,6.93592081919476,6.501030062910608,6.759505439784733,7.060733156833501,7.627040575669264,7.979444675332688,8.348131453477668,8.73385324419676,9.137397142852752,9.559586612208061,10.001283162764661,10.463388110743361,10.946844417289757,11.452638612659857,11.981802809311613,101.78527458027015,93.0646732592824,73.45661168927904,54.655242099446326,64.97851686737262,46.46825908872153,34.637632138443195,21.650089613662516,4.3533520103899016e-11,4.57139700368628e-11,4.800348560063407e-11,5.0407700880381755e-11,5.293228300660336e-11,5.558311339853427e-11,5.836651121797174e-11,6.128912262974351e-11,6.435784255949532e-11,6.758000224754696e-11,7.096326686384122e-11,7.451568029705154e-11,7.824573286276166e-11,8.216228429550396e-11,8.627464559576842e-11,9.059263991108824e-11,9.512651510958346e-11,9.988707091745125e-11,1.0488567237878869e-10,1.1013417380466788e-10,1.1564501672127413e-10,1.2143151912267116e-10,152.3282689,152.9265388,144.0048056,135.70805,155.5057006,150.4151214,153.1288812,153.6159723,136.1993573,151.3723701,156.092483,151.0760974,154.0723063,145.1047806,136.5621215,151.6632444,151.1870381,153.9395941,154.24582,145.1488022,151.7913266,156.3254959,151.1307256,153.7715719,144.9859596,136.3173144,151.1427544,155.3201608,152.384631,152.2979995,
46.10704096143607,55.86686769294834,67.08603580555166,78.4285489650517,89.18552189211317,103.81989138545283,119.88792637621269,135.5098988347614,161.19644518249657,189.71561335283238,223.0477492954571,262.0765226958682,305.74891926136644,356.2180589391547,414.86863051145,478.25955706349987,552.5024699383674,641.9253564726852,745.0092628546734,864.8973341838639,994.221399548099,1142.8826893681253,1313.7726086473297,1508.5844326226525,1722.238724690087,1956.5242276870758,2213.394278471246,2494.9811320611875,2803.6113989156684,3141.822658925294,8.316515321166046,8.587588483146462,8.871186462930446,8.834981000288836,8.274007487479057,8.083087446541738,7.668444886040526,6.546526638625755,6.875594783510168,6.999496920239997,7.219242461359254,7.582435430097026,7.700576813417667,7.847459572247574,8.10416554096934,7.485785820308036,7.016417852933677,7.2953846060933145,7.6204930137220535,8.231696076208596,8.612038020853971,9.009953499983268,9.426254491130399,9.861790488898833,10.317450238421502,10.79416354891449,11.29290319102516,11.814686881846425,12.360579361647712,12.931694566560084,97.83753771742715,90.41513962393596,68.06389773155023,48.765154534693416,59.391549520443405,35.932172468042886,25.504982037786107,13.511363626654093,4.3532948687605955e-11,4.5713626759402896e-11,4.8003348399412485e-11,5.0407620098688204e-11,5.2932235807102434e-11,5.5583077230155835e-11,5.836648287870656e-11,6.1289094226154e-11,6.435781403666419e-11,6.757997940470753e-11,7.096324825454291e-11,7.451565732752775e-11,7.824572319256237e-11,8.216226129329708e-11,8.627461784129969e-11,9.059261595957799e-11,9.512648820984249e-11,9.98870431384294e-11,1.048856414688709e-10,1.1013413900802372e-10,1.1564496871160474e-10,1.214315367981914e-10,152.261094,154.8695958,144.02112,136.0286845,156.8510789,147.8351513,153.0613533,155.5677891,136.5211527,150.9723916,157.4429379,148.48479,156.0299212,145.1212196,136.884774,151.2624973,148.5938278,153.8717086,156.2056395,145.1652462,151.3902411,157.6779668,148.5384812,153.7037605,145.0023851,136.6393885,150.7433827,156.663934,152.3174313,154.2330704,
46.86356395120407,56.78352963643312,68.18678153377456,79.71540231996192,90.64887534657305,105.52336514977452,121.85504399226352,137.7333413214605,163.8413517760781,192.8284616299404,226.70751029159555,266.3766666730909,310.76563865377784,362.0628745104554,421.6757829586866,486.1068259935841,561.5679144278886,652.4580490888256,757.2333532145617,879.0885445381873,1010.5345554130905,1161.6350753613629,1335.3289514757598,1533.337242204159,1750.497167694194,1988.6268204238631,2249.7115875452546,2535.9187100554113,2849.6129733699763,3193.373593916742,8.770233021428048,9.056094912450241,9.355164928083067,9.316984231991835,8.725406120704111,8.524070202615993,8.086806308333006,6.90368043399263,7.250701295388783,7.381363065253842,7.613097094064057,7.9961045009605165,8.120691232443939,8.27558736045202,8.546298238354382,7.894182053090765,7.3992071401978015,7.693393266953856,8.03623836276854,8.680786358462708,9.081878324694467,9.501502571152034,9.940515373800235,10.399812572463215,10.880331398855402,11.38305238907582,11.909001384468391,12.459251624931083,13.03492593894548,13.63719903479542,97.80591132739715,91.24827775114738,66.33642293817468,45.7934079480802,59.83018723275843,34.321291347646934,24.304311899442748,13.15907444458806,4.3532830059545665e-11,4.571358599341496e-11,4.800333563728517e-11,5.040760688210723e-11,5.2932228658251815e-11,5.5583068327639246e-11,5.83664742268989e-11,6.128908760416443e-11,6.435780728534136e-11,6.757997316252081e-11,7.096324273229766e-11,7.451564909198899e-11,7.824572042565484e-11,8.216225524525496e-11,8.627460933604855e-11,9.059260745525553e-11,9.512647733978406e-11,9.988702971182893e-11,1.0488562942289976e-10,1.1013412741568947e-10,1.1564495156468136e-10,1.2143154990935987e-10,153.4397083,157.0879023,143.8783694,134.8257945,159.2044687,148.3687267,154.2461622,157.7960962,135.3139078,151.8913165,159.805208,149.0207101,158.2648478,144.9773786,135.6743136,152.183188,149.1301415,155.0627903,158.4430831,145.0213615,152.3117093,160.0437632,149.0745951,154.8935422,144.8586619,135.431098,151.6609137,159.0145158,153.4964817,156.4422594,
44.47882094947207,53.89399001338774,64.71696540449744,75.65893004630558,86.03603217223181,100.15360482121399,115.65421462962968,130.72451411908384,155.50396801565512,183.01601277552643,215.17106058472095,252.82157529474878,294.9517286675458,343.6386055608124,400.2179959782162,461.37034089421365,532.9914460371458,619.2564605773673,718.7000709051594,834.35442536891,959.1115519996293,1102.5230300329524,1267.3781576488611,1455.3104139106729,1661.4197369943645,1887.4317022292616,2135.230666506041,2406.8735865760545,2704.604911179816,3030.8726083336114,9.15957589434005,9.458128245197768,9.770475077855163,9.730599400356981,9.112758962761864,8.902485003395107,8.445809357975648,7.210160178290165,7.572586570965393,7.709048896954187,7.951070450885797,8.351080964060426,8.481198558389107,8.64297109473597,8.925699823324113,8.244633804182353,7.7276851359588,8.034931265964735,8.392996515479114,9.06615836530465,9.4850562778611,9.923309186665513,10.381811380919451,10.861498470068918,11.363349292988305,11.888387915377374,12.437685719447092,13.01236359015847,13.613594202475591,14.242604414299862,100.79875705621714,96.88789954144524,68.72815801767973,48.87260175337139,66.92022936504192,39.28606037542834,31.148826212433942,23.027748102667204,4.353305982479091e-11,4.5713809763857195e-11,4.800345587681271e-11,5.040764711270764e-11,5.2932267976282634e-11,5.558308775871913e-11,5.83664889645588e-11,6.128910476506287e-11,6.435782005895845e-11,6.757998556360411e-11,7.096325563012942e-11,7.451565605003343e-11,7.824573139524955e-11,8.216226704005428e-11,8.627461699414625e-11,9.059261555326832e-11,9.512648252433624e-11,9.988703401105026e-11,1.0488563785282937e-10,1.1013413866969608e-10,1.1564496353886264e-10,1.2143155933655424e-10,154.4371539,160.2400178,143.2155985,134.2621312,162.0690205,148.3421502,155.2488502,160.9624224,134.7482039,153.8399297,162.6805688,148.9940168,161.4405799,144.3095452,135.107103,154.1355456,149.1034286,156.0707869,161.6223916,144.3533255,154.2657157,162.9234164,149.0478921,155.9004385,144.1913754,134.8649042,153.606571,161.8756498,154.4942964,159.5814196,
40.02758894607206,48.500532003090385,58.240394726091246,68.0873388130826,77.42594917822348,90.13070130175015,104.080082705757,117.64221723138522,139.94185948149914,164.70062770435905,193.63774898529107,227.52037658760662,265.43434160383316,309.2488639709064,360.1660540875219,415.19855884223745,479.6521593498004,557.2841754134794,646.7759351441624,750.8561436900968,863.1281616138715,992.1876908533629,1140.5448896954372,1309.6697662721165,1495.1526339883994,1698.5463806795149,1921.5467856273228,2166.0049549889873,2433.9407235910185,2727.5570782801296,9.640563599854053,9.95479353359021,10.283542325038871,10.241572695719459,9.591288217277834,9.36997235046778,8.889315750756522,7.588780153772566,7.9702382834017165,8.113866519889381,8.3685971111447,8.789612978839315,8.926563309079036,9.09683084584625,9.394406227163211,8.677576065049179,8.13348138519085,8.45686162585915,8.833729599951054,9.542240528961274,9.983135611269834,10.44440205950798,10.926981123797312,11.431857544312793,11.960061560721789,12.512671014468367,13.090813548192724,13.695668906773811,14.32847134469062,14.99051214461419,107.29722075410314,102.50645746335015,75.75821264890217,55.99040299123189,76.4789474045343,49.113375147819504,44.820959043525754,36.4564440148834,4.353431421065124e-11,4.5715124885914e-11,4.8003830573418096e-11,5.040775785954591e-11,5.2932356705074435e-11,5.558314026837286e-11,5.836652632599143e-11,6.128914741434114e-11,6.435785172982438e-11,6.758001693051709e-11,7.09632820464659e-11,7.451567746780782e-11,7.824575608477969e-11,8.216229140407443e-11,8.627463764839187e-11,9.05926381095627e-11,9.512650168484224e-11,9.988705029533718e-11,1.0488566221774301e-10,1.1013416176217586e-10,1.156449975410034e-10,1.2143158984624e-10,156.9653733,160.961783,144.2821497,134.3193145,163.4961848,148.6140488,157.7903575,161.6874414,134.8055942,157.6879278,164.1131183,149.2671102,162.1677527,145.3842432,135.1646461,157.9909379,149.3767225,158.6257497,162.3503834,145.4283496,158.124364,164.3581044,149.3210843,158.4526126,145.2651933,134.9223442,157.4487321,163.3011113,157.0234512,160.3002182,
32.17225434441205,38.9823992033335,46.81083326730405,54.725334190872104,62.23126087297764,72.44273069823974,83.65457378680426,94.55516642553377,112.47854830163509,132.37845757654438,155.63672644453726,182.86995586905553,213.3433807698296,248.55939039437976,289.48418337008275,333.71666868325366,385.52137847319784,447.91826601581494,519.8474461536329,603.5021210847303,693.7409791201335,797.4728328137709,916.7152268885733,1052.649683308691,1201.7319076899519,1365.2100367230423,1544.4470563834982,1740.930796932268,1956.28470463437,2192.2794345558723,9.619552959242052,9.933098060381145,10.26113037683981,10.219252216114437,9.570384967415722,9.34955143632091,8.869942379418712,7.572241169216019,7.952867949143759,8.09618316230791,8.350358593810345,8.770456899684383,8.907108760426905,9.077005216189793,9.373932061834841,8.65866415910119,8.115755278979464,8.438430744875278,8.814477373048991,9.521444173612267,9.961378369347543,10.421639533665312,10.90316686532702,11.406942958365269,11.93399580714349,12.485400904058519,13.062283434166615,13.665820571211196,14.297243879737511,14.957841828195647,118.37353439637515,115.50627283631609,89.28618825588845,70.52043489304737,93.90889265964223,68.19557006547674,68.48262823381629,63.03561950529141,15.524032549264462,20.43157546119318,2.3487426617001907,5.040830367120097e-11,5.2932767498112526e-11,5.5583317624918014e-11,5.836664314468362e-11,6.128927534398088e-11,6.435794898026466e-11,6.758011056735857e-11,7.0963366910993e-11,7.451574503601275e-11,7.824582009298874e-11,8.216236365114189e-11,8.627470235417509e-11,9.059270649582473e-11,9.512656439174056e-11,9.988710963012836e-11,1.0488573548477619e-10,1.1013424278127035e-10,1.156450990681915e-10,1.2143161197348583e-10,160.1653417,164.4217701,146.3581519,135.4650213,165.7105385,149.9878522,161.0071444,165.1630271,135.9554488,160.9062162,166.3358277,150.6469506,165.653663,147.4761028,136.3175633,161.2154106,150.7575762,161.8595673,165.8402195,147.5208438,161.3515598,166.5841317,150.7014236,161.6829006,147.35534,136.0731947,160.6621388,165.512823,160.2246036,163.7459846,
22.545425410508035,27.317786442716397,32.80373636655142,38.34999956351302,43.60994524019964,50.76586067007648,58.622809995464856,66.26164362011242,78.82185357201094,92.76715922048719,109.06591032220945,128.15020376664356,149.50513652168843,174.183541390259,202.86250362886418,233.8594051103016,270.1627119279994,313.8887237542198,364.29470240513257,422.91758327971877,486.15447744284006,558.8468895165322,642.4086590028785,737.6677637932776,842.1404604790207,956.7014087081618,1082.3057513288845,1219.9961186092648,1370.910176759575,1536.288751843554,8.568936291320046,8.84823700388955,9.14044268466683,9.103138322107176,8.525138269591064,8.328423467254991,7.901195770630424,6.745225317272478,7.084281263197442,7.211944049231661,7.438359256735728,7.812575775359662,7.934302958915317,8.085643869633477,8.350141319181851,7.71299267872843,7.229378562202838,7.516812450424928,7.851788474055048,8.481542632046855,8.87342862837134,9.28342154707746,9.712358010655453,10.16111329737462,10.63060312735682,11.121785531174712,11.635662804787778,12.173283554805272,12.735744838249657,13.32419440118657,133.28096379820116,132.4334212534247,106.98348434881399,90.78935441441372,116.21918479024484,93.91716226270589,98.73535453394393,96.35266676265631,52.836840264834926,64.70332003032661,52.48526372110264,17.721051958046967,12.423198319448952,5.55844568037134e-11,5.836711542913188e-11,6.128982432859766e-11,6.435830736629392e-11,6.758043273536225e-11,7.096363323833142e-11,7.451594074567162e-11,7.824597972498494e-11,8.216253331419931e-11,8.627486979857327e-11,9.05928546577305e-11,9.512670959690005e-11,9.988725399480394e-11,1.0488587445570748e-10,1.1013441835414734e-10,1.1564535091038114e-10,1.2143190567258448e-10,164.3953255,168.5994447,148.9276634,138.2424923,168.3542683,153.0114464,165.2593603,169.3595357,138.7429751,164.6824233,168.9895333,153.6838315,169.8626378,150.0652414,139.1125142,164.998874,153.7966872,166.1342957,170.0539343,150.1107679,165.1382184,169.2417988,153.7394026,165.9529633,149.9423585,138.8631352,164.4326178,168.1533985,164.4561525,167.9064885,
11.429411572852018,13.848761725629691,16.629866025322464,19.441546160658966,22.10807752545082,25.735771442925746,29.718854747490557,33.591364218611275,39.958767200272064,47.028344946690005,55.291002717531384,64.96579218732138,75.79168307755172,88.30240935876462,102.84121964683867,118.55511007311434,136.95908460542026,159.12600212866812,184.6793312517087,214.39822193139548,246.45618831788602,283.30763293184964,325.6693022206492,373.96093987604064,426.9234112779136,485.0001254514583,548.6752924093041,618.4774739432635,694.9834103504467,778.8221388530202,6.912576705108037,7.137889104896063,7.373611966330724,7.343518468274263,6.877244760227054,6.718554566491375,6.373909195927067,5.441385699892958,5.714902756602015,5.817888561472947,6.0005381268175055,6.302419282349813,6.400616825757575,6.522703817467373,6.73607439768287,6.22208541469195,5.831953015231524,6.063826462813962,6.334052238685446,6.842076079041071,7.158211234812357,7.488953278253385,7.834977114269546,8.19698883145447,8.575727142918813,8.971964893691903,9.386510637772219,9.820210288044812,10.273948842432393,10.748652189802256,152.17846762206912,150.6344207695049,128.71523450837907,115.38264767110068,143.0227319143577,123.54800489062023,135.32391945662158,133.362035081537,97.00873584316923,115.7785418918825,111.36556545569883,85.41964753037898,90.71460369674341,59.06013512382333,33.48514335553657,44.17160611225471,14.011883079412303,7.134389108585269,7.096868619257109e-11,7.451757014749054e-11,7.824713667334375e-11,8.21637856746057e-11,8.627591926284584e-11,9.05939511283008e-11,9.512759915988713e-11,9.988801121312217e-11,1.0488726957510782e-10,1.1013593449634183e-10,1.1564661269725814e-10,1.21433394606352e-10,170.5204559,171.6210716,152.7187125,142.1677123,172.0080542,156.0023309,171.4166834,172.394785,142.6824058,168.6247754,172.6571063,156.687859,172.9069036,153.8852483,143.0624374,168.9488016,156.8029207,172.3242177,173.1016286,153.9319337,169.0914817,172.9148467,156.7445164,172.136129,153.7592373,142.8059776,168.3689897,171.8028249,170.5835493,170.9156964,
2.1157948429800033,2.5636611696042495,3.078494859647942,3.5989887006943735,4.092612827737969,4.764165867330547,5.501508035931364,6.218380948956046,7.3971046571628065,8.705813862582103,10.235384181178345,12.026366117266853,14.030438152840414,16.34640428801735,19.037806171176218,21.946737056650544,25.353652115889382,29.457157312241986,34.187549741885576,39.689064429529054,45.623585163568706,52.44546711029882,60.28739325408726,69.2270658924434,79.03139598846745,89.7824667292814,101.56991431716128,114.49158528656643,128.65424490170898,144.1743395519957,5.993400249399032,6.188752496569669,6.393130909537959,6.3670389923772275,5.962766450123437,5.82517754698551,5.526360226323018,4.71783588118681,4.954982934424366,5.044274550984931,5.202636909507445,5.4643764416733935,5.5495164996080195,5.655369387435099,5.84036773801152,5.3947246977585595,5.056468831679426,5.257509693554083,5.491803112866946,5.932274205106417,6.206372360146537,6.493135101481676,6.793147590825164,7.107022027033332,7.435398895344971,7.778948274341355,8.138371203293786,8.514401112688825,8.907805320850299,9.319386599711873,167.2641391076501,162.64234173385677,146.89130663084632,137.33387920696225,164.51461882217416,149.60186138572126,165.26719943778488,161.2312316698984,135.4810930084561,157.4509586864785,159.79069630936203,143.40439774110996,153.09893714760435,135.55553082460287,123.3487572908704,144.18856194565194,130.60317055249533,142.5137626942712,133.19400714531824,111.9837651654388,119.84492627636284,116.55169448830145,93.87277815517363,100.7009002806136,70.96149161628256,50.39979829647693,61.2330678796496,51.35572570085468,37.87617297755618,17.196584248413636,175.3733342,171.3947554,156.3629324,147.2999069,174.5699981,160.1912048,176.2950677,172.1674485,147.8331806,171.2010471,175.2287174,160.8951403,172.6788918,157.5573045,148.2269312,171.5300237,161.0132915,177.2284297,172.87336,157.6051038,171.6748838,175.4902967,160.953319,177.0349882,157.4282865,147.9612133,170.9413534,174.3617121,175.4382232,170.6903104,
0.029404523876000045,0.035628802254489104,0.04278376795510361,0.05001739631332596,0.05687759945522399,0.0662105919484319,0.07645789710343803,0.08642072821489055,0.1028021886084494,0.12099013873280674,0.14224753384481917,0.16713792965797178,0.19498977182252125,0.22717620130729213,0.26458029613048967,0.3050075275132311,0.3523555563333578,0.4093845338458911,0.4751257552132689,0.5515837447597093,0.6340594900786213,0.7288674490106657,0.8378515999522963,0.9620918203169189,1.0983487260151477,1.2477630784225737,1.4115806078890585,1.5911611488844888,1.7879884850427405,2.0036809446478374,5.51460561980703,5.6943517664450995,5.882403005778762,5.858395493011609,5.48641906215836,5.359821720600272,5.084876012446324,4.340942233305508,4.559144325287542,4.641302704504068,4.787013972888275,5.02784392499313,5.1061824010533705,5.203579021634909,5.373798413180811,4.9637564483623775,4.652522820973698,4.8375031360821374,5.053079562328002,5.458362750426425,5.710564032380613,5.974418165112128,6.250463563533798,6.539263519785825,6.841407352677275,7.15751161023702,7.488221327828021,7.834211344392214,8.19618767951192,8.574888974097576,171.0120096563461,168.898445831331,154.72842202629835,147.3324228107089,171.6724759384219,153.82681568748862,172.32263529048936,170.9883347385207,149.13367088614729,169.40679965680852,172.95521389331458,154.75767814539904,170.63561812717674,156.44999977711305,148.56687019074678,169.2350085241854,155.065240722757,173.1767379301392,170.60672218252938,155.91991950488807,168.3065204776187,171.44673348595907,152.9221827366,170.72752425998758,153.8084406214025,145.52353931144003,165.00509476438756,167.5789572068332,166.63717013556075,163.33212078137583,176.5560198,174.6284264,160.6536088,153.2408357,177.2157726,159.252848,177.4839692,175.4156977,153.7956174,174.1690925,177.8844754,159.95266,175.9367903,161.880755,154.2052489,174.5037725,160.0701191,178.4236256,176.1349275,161.929866,174.651144,178.1500191,160.0104979,178.2288796,161.7481967,153.928814,173.9048967,177.0043297,176.6213463,173.9106907,
0.0,0.0,0.0,0.0,0.0,0.0,0.0,0.0,0.0,0.0,0.0,0.0,0.0,0.0,0.0,0.0,0.0,0.0,0.0,0.0,0.0,0.0,0.0,0.0,0.0,0.0,0.0,0.0,0.0,0.0,5.095527067593028,5.261613532996855,5.435373951453148,5.4131908726322004,5.069482527449449,4.952505861289026,4.698454457688202,4.011055399722304,4.212675378113211,4.288590189432399,4.423228233073862,4.645756483367918,4.7181416823684055,4.808136715681901,4.965420405006126,4.586539289178579,4.298957641089721,4.469880508034452,4.66907435629902,5.043558335276319,5.276593759253599,5.5203964838583675,5.775464007543106,6.04231681546038,6.321499441553334,6.613581579719624,6.919159246316198,7.238855996377085,7.57332419602599,7.923246353679985,168.20963423243617,167.5420111670338,155.60570084857906,150.5520170274016,171.60241367258607,155.39202523874832,169.51757024235098,169.57161390031888,152.31717742193007,169.47231921061302,172.91531856697384,156.40338381668226,169.38017501768425,157.4630439843734,151.98134649505198,169.5082657108824,156.86844695897435,170.66849909203282,169.62530904377158,157.2768517647979,168.96523734082433,172.08287911622344,155.33191069254286,168.90490248462987,155.8168032585415,150.05183582038006,166.57817345378837,169.2222463037328,165.7959608040894,164.17014274644117,173.3051613,172.8036247,161.0410748,155.9652079,176.6718962,160.3445311,174.2160247,173.5826693,156.5298528,173.7609094,177.3385468,161.0491403,174.0983167,162.2711807,156.9467669,174.094805,161.1674046,175.1383796,174.2943834,162.3204101,174.2418311,177.6032756,161.1073747,174.9472193,162.1383027,156.6654174,173.4973327,176.4611023,173.369285,172.0933891,
0.0,0.0,0.0,0.0,0.0,0.0,0.0,0.0,0.0,0.0,0.0,0.0,0.0,0.0,0.0,0.0,0.0,0.0,0.0,0.0,0.0,0.0,0.0,0.0,0.0,0.0,0.0,0.0,0.0,0.0,4.813826880105027,4.970731451698293,5.13488573092545,5.113929017381348,4.789222181560592,4.6787124320413715,4.438705959823817,3.7893089457955518,3.9797826021356433,4.051500552894961,4.178695291529169,4.388921330688308,4.457304799571518,4.542324563904766,4.690913010483011,4.332977889043969,4.06129485224892,4.222768450643878,4.410950102592297,4.764731177691393,4.984883513863441,5.215207893182195,5.456174310486582,5.708274476523081,5.972022821319806,6.247957543921055,6.536641710624386,6.838664403961245,7.1546419247657385,7.485219049784297,159.32297691992414,160.6641750483324,150.47350756910674,144.96957568265248,162.39550751847491,155.16086416799592,160.56077394021543,162.59232365424563,146.64707329790767,160.0668505471505,163.63688620851855,156.1530454693619,162.41858370048118,152.25467733615056,146.33713438957508,160.10073991101706,156.5985638478152,161.65027104942348,162.65287129747844,152.07983942238286,159.5877014862146,162.8508867068998,155.14384348959948,159.9837177235673,150.69658367877508,144.50935055617856,157.33275948948028,160.1465908961487,157.0428932753497,157.46891575033695,164.1368038,165.6349065,155.6083933,150.0835047,167.1847297,159.8395766,164.9994799,166.3816326,150.6268559,164.1183511,167.8155815,160.5419668,166.8758885,156.7970019,151.0280474,164.4337178,160.6598587,165.8730395,167.0638214,156.8445706,164.572585,168.0660946,160.6000178,165.6919922,156.6686065,150.7573081,163.8694012,166.9852553,164.1975352,164.9541348,
0.0,0.0,0.0,0.0,0.0,0.0,0.0,0.0,0.0,0.0,0.0,0.0,0.0,0.0,0.0,0.0,0.0,0.0,0.0,0.0,0.0,0.0,0.0,0.0,0.0,0.0,0.0,0.0,0.0,0.0,8.474585162860047,8.7508105418625,9.03979879461996,9.00290518417519,8.431269393844115,8.236720585390387,7.814197021684478,6.670954766206965,7.006277423655797,7.13253453604335,7.356456723456912,7.726552806402463,7.846939672240461,7.996614193429866,8.258199305671573,7.628066202640739,7.149777080499758,7.434046082114059,7.765333740612026,8.38815378059445,8.775724785568334,9.181203340621208,9.605416856332587,10.049230973428726,10.513551329189932,10.999325405474004,11.507544462126761,12.039245559724964,12.595513675779156,13.177483918714458,140.61503883716915,136.1017452581682,133.37027830541228,138.66665041585867,139.81388630619145,144.67046391464697,142.05901747835478,138.8346348338343,141.1978900763875,142.02457006400212,141.44808447659082,145.85255869364767,138.09089112781223,135.50125660662545,140.34070699438655,141.81565589742033,146.54211321956436,143.23264481795326,138.33684985945868,135.15325101947985,140.79420511450968,139.8454714594607,144.02922784375343,140.45301002666164,132.86681427090497,137.33319609462566,137.42330483797787,136.02903314038494,136.54927412433622,131.07971728140674,149.089624,144.8525558,142.4100771,147.6695556,148.2451557,152.9071845,149.8732145,145.5055896,148.2041675,149.1571046,148.8045412,153.5791115,145.9378308,143.4978708,148.5989063,149.4437221,153.6918903,150.6666909,146.1021836,143.5414048,149.5699299,149.0266748,153.6346447,150.502241,143.3803656,148.3325215,148.9308493,148.0682787,149.1447878,144.2572012,
0.0,0.0,0.0,0.0,0.0,0.0,0.0,0.0,0.0,0.0,0.0,0.0,0.0,0.0,0.0,0.0,0.0,0.0,0.0,0.0,0.0,0.0,0.0,0.0,0.0,0.0,0.0,0.0,0.0,0.0,7.861553692093042,8.117797579718767,8.385881104962401,8.351656291141682,7.821371283480829,7.640895676238769,7.248936468983901,6.188393657532252,6.499459866089847,6.616583837230445,6.82430802258851,7.1676322291893015,7.27931059354818,7.41815801345796,7.660820676635014,7.076269913684128,6.632579096753759,6.89628475033342,7.203607842232185,7.781374551839587,8.14090958589102,8.517056780152581,8.9105836922771,9.322293344585631,9.753025862697061,10.203660189869872,10.67511588055434,11.168354976815,11.684383971452373,12.224255861829631,131.97625310793617,127.91658242031193,125.47547199506987,129.24752470889217,130.02674951655476,135.4799837237986,133.32383483105536,130.45926544250898,131.59787493395348,132.42824426281504,131.5439663774593,136.58216967086088,129.77427610650454,127.46568968659741,130.80433362342313,132.23574408637694,137.2227836033104,134.42072344973397,130.00432645783857,127.1433939482347,131.288755814187,130.0577720199294,134.89119730780897,131.84046995550474,125.02037033739788,128.0132755102298,128.15879611955032,126.51529402329494,128.20516342866307,123.25101273829158,139.8378068,136.03438,133.8613531,137.599181,137.8481208,143.1208794,140.5727713,136.6476591,138.0973348,139.0448281,138.3682744,143.7498019,137.0535867,134.8838477,138.4651543,139.312014,143.8553627,141.3170082,137.2079343,134.9247685,139.4296654,138.5748288,143.801781,141.1627633,134.7733962,138.2169357,138.833912,137.683649,139.8895474,135.4752686,
0.0,0.0,0.0,0.0,0.0,0.0,0.0,0.0,0.0,0.0,0.0,0.0,0.0,0.0,0.0,0.0,0.0,0.0,0.0,0.0,0.0,0.0,0.0,0.0,0.0,0.0,0.0,0.0,0.0,0.0,7.285656471631039,7.5231292424490945,7.771574339579627,7.7398566605979155,7.24841762078585,7.081162733600238,6.717916453437581,5.7350635848671025,6.023342673740181,6.131886741712633,6.3243941155273555,6.64256814647043,6.746065524965825,6.87474169294168,7.09962813036146,6.557898566983496,6.146710270321062,6.3910981962778255,6.6759083700766615,7.211350845166269,7.544548181241132,7.893140755621678,8.257839898612286,8.639389807225328,9.038569063773148,9.456192224625921,9.893111482377385,10.350218404810192,10.828445754209378,11.328769390736186,125.1853018283982,122.11323085758163,120.69380456045265,123.46705643943598,124.12021377924974,129.43646496643711,126.44928744660169,124.48573161517415,125.65858222630315,125.71948215833287,125.53994128452042,130.47496515357977,123.86156567508691,122.57191490711371,124.93302886969673,125.54683343307762,131.0715135297431,127.48113510378955,124.07881102999411,122.27457695490807,124.67174851883692,124.16804014446032,128.90927430147377,125.08672449286509,120.3020883363218,122.3397774754738,121.75825301772734,120.86167209529978,121.6915274459061,117.77477570938504,132.4709583,129.6363601,128.4653789,131.2069131,131.3686314,136.5176277,133.1672039,130.2207952,131.6819249,131.8513689,131.8643354,137.1175333,130.6076312,129.4466566,132.032657,132.104732,137.2182238,133.8722333,130.7547194,129.4859278,132.2162967,132.0611809,137.1671142,133.7261143,129.3406574,131.7959697,131.6513645,131.2118905,132.5199732,129.1035451,
0.0,0.0,0.0,0.0,0.0,0.0,0.0,0.0,0.0,0.0,0.0,0.0,0.0,0.0,0.0,0.0,0.0,0.0,0.0,0.0,0.0,0.0,0.0,0.0,0.0,0.0,0.0,0.0,0.0,0.0,6.6739781487930365,6.891513533496432,7.119100046239701,7.090045273031738,6.639865742066932,6.486652992234147,6.153903603640863,5.253567636132716,5.517643817515198,5.617074903876463,5.793420029579784,6.084881277896381,6.179689377238594,6.297562342658417,6.503568098645361,6.007320261183115,5.630653900691079,5.854523868210855,6.11542237253765,6.6059109637302695,6.9111342128442725,7.230460169716687,7.564540443838911,7.914056752036099,8.279722309563432,8.66228328547743,9.062520325252013,9.481250143746408,9.919327191775393,10.377645399682477,121.82551805123622,118.66096076653429,118.08544635379258,120.75735332700216,121.21810515796868,125.98929410780327,123.0209648963984,120.86493056390854,122.79260398252815,122.34732359616905,122.547007770468,126.97321082215385,120.31345842281414,119.86335405739696,122.1484315014128,122.20297223887798,127.52514769937304,124.0042373318565,120.52017992753309,119.59327983634404,121.40743408723377,121.30155263036525,125.54166465624716,121.80296604805427,117.77788549053149,119.75908921462224,118.70776987485269,118.22416855636352,118.62771440834005,114.65879900043875,128.4994962,125.5524743,125.2045464,127.8473986,127.8579709,132.4759471,129.1748685,126.1184982,128.3102478,127.9643985,128.3404278,133.0580921,126.4931478,126.1609164,128.6519996,128.2102925,133.1558016,129.8587612,126.6356023,126.1991908,128.3185683,128.5320128,133.1062051,129.7170228,126.0576078,128.4213725,127.7702902,127.7054187,128.5470416,125.0364444,
0.0,0.0,0.0,0.0,0.0,0.0,0.0,0.0,0.0,0.0,0.0,0.0,0.0,0.0,0.0,0.0,0.0,0.0,0.0,0.0,0.0,0.0,0.0,0.0,0.0,0.0,0.0,0.0,0.0,0.0,5.6813867104030304,5.866569013392708,6.0603075843229135,6.035573999840419,5.652347692007592,5.521921601097824,5.2386605666590915,4.472227610683096,4.697028902205416,4.781672040085031,4.931790130267329,5.179903628074159,5.260611335476352,5.36095357279295,5.53632099807324,5.113877920501265,4.793231492382176,4.983806263526015,5.205902479935466,5.623442858624001,5.883271595332696,6.155105606055335,6.439499589267442,6.73703387304686,7.048315599278406,7.373979962574181,7.714691506437655,8.071145479316447,8.444069253310907,8.834223808433318,120.2451068896262,117.38196568663798,117.41695611570934,119.96562330019349,120.019894508028,124.19006379893956,121.34968203338019,119.33194418935817,121.76033379783793,121.57255665996048,121.21466136978047,125.10208107197606,118.91133506457638,119.05948632726245,121.25785830198492,121.48315067955984,125.58442400768197,122.27473513654138,119.10588432013529,118.83474344145031,120.82067040474534,120.17965579402663,123.88959421081863,120.38260722704351,117.27024090081652,119.19290263752549,118.44787139366704,117.45115242079349,117.52901774680453,113.9077502916879,125.9264936,123.2485347,123.4772637,126.0011973,125.6722422,129.7119854,126.5883426,123.8041718,126.4573627,126.3542287,126.1464515,130.2819847,124.1719464,124.4204399,126.7941793,126.5970286,130.3776555,127.2585414,124.3117868,124.4581863,126.703942,126.3347614,130.3290938,127.1196411,124.3185565,126.5668826,126.1625629,125.5222979,125.973087,122.7419741,
0.0,0.0,0.0,0.0,0.0,0.0,0.0,0.0,0.0,0.0,0.0,0.0,0.0,0.0,0.0,0.0,0.0,0.0,0.0,0.0,0.0,0.0,0.0,0.0,0.0,0.0,0.0,0.0,0.0,0.0,5.300273792814028,5.4730338877450615,5.65377628788451,5.630701856180208,5.2731827398694096,5.151505757332308,4.887246147154408,4.172226255431464,4.381947658810811,4.460912853104554,4.6009608765498875,4.832430680860334,4.907724437160827,5.0013356201115755,5.164939228826403,4.770834041634945,4.471696886157199,4.649487717261101,4.85668550458346,5.246216870676211,5.488616044327845,5.742215166596803,6.007531726248168,6.285107122390825,6.57550776924451,6.879326251952161,7.197182535796053,7.529725231285247,7.877632917695827,8.241615527764564,119.82622770721522,116.69285311228568,118.36390051214778,120.69725674385369,120.79981046016621,124.3212906427051,120.8968996528849,118.54441694460982,122.40335934123254,122.14150764694095,121.94775382349795,125.20931391918988,118.17346276289193,119.96364527994383,121.95805777123178,122.07486325842615,125.66554211390695,121.80059928280627,118.36311369548729,119.7566756293981,121.4642046557502,120.99540993348516,124.08123517383788,120.02696197769956,118.2871439308504,120.0157846481475,119.2131956643086,118.39284546882465,117.2951659824196,113.42216067235665,125.1265015,122.165887,124.0176768,126.3279586,126.0729932,129.4727964,125.7841458,122.7166432,126.785307,126.6024205,126.5487147,130.0417446,123.0811872,124.9649809,127.122997,126.8456973,130.137239,126.450087,123.2197992,125.0028925,126.9528207,126.7376251,130.0887669,126.3120691,124.8626517,126.8951109,126.4103782,125.9225707,125.1727989,121.6637762,
0.0,0.0,0.0,0.0,0.0,0.0,0.0,0.0,0.0,0.0,0.0,0.0,0.0,0.0,0.0,0.0,0.0,0.0,0.0,0.0,0.0,0.0,0.0,0.0,0.0,0.0,0.0,0.0,0.0,0.0,4.992997845404028,5.155742415869787,5.326006528582782,5.304269804729063,4.967477358299078,4.852854428354084,4.6039148988463,3.93034728359708,4.127910382436968,4.202297680222437,4.334226615716991,4.552277282413693,4.623205988679854,4.711390194449091,4.865509113158716,4.494251622049983,4.212456524067377,4.379940180824487,4.575125966712684,4.942074797592944,5.170421218755417,5.409318287205346,5.6592534910216665,5.920736842458429,6.194301918664533,6.48050695048947,6.779935961596854,7.09319996021019,7.420938185922727,7.763819414115442,121.02509795462521,117.47093248416091,122.97826807144949,124.8733452953048,124.7777035417365,127.23466607168331,122.07651130119295,119.24916121644416,126.52099011760633,126.53118261982304,125.9005323843308,128.1156814176365,118.92222151137287,124.57293150560628,126.13137198689944,126.49044367801109,128.55292517599676,122.97117231924288,119.10943633335808,124.38146890248133,125.9248928813226,125.0198536128766,127.0566771090644,121.29137425763197,122.98415358143039,124.28154354961018,123.75523573850782,122.49717703989974,118.64378481419273,114.3588507860058,126.0180958,122.6266749,128.3042746,130.1776151,129.7451809,132.0875205,126.6804262,123.1795085,130.6489005,130.7334803,130.234759,132.6679587,123.5454275,129.2843217,130.9968811,130.9846953,132.7653817,127.3511125,123.6845623,129.3235437,131.0953141,130.4291719,132.7159306,127.2121111,129.1784555,130.7620505,130.5351717,129.590377,126.064723,122.1226702,
0.34909619763200056,0.4229920350241204,0.5079371724051948,0.5938162080796859,0.6752618673231059,0.7860649602637182,0.9077229500571602,1.0260036089559292,1.2204874767841112,1.4364183402767163,1.6887902486422017,1.984293844366774,2.3149563042553605,2.6970798236113387,3.1411484755544734,3.6211083897506406,4.183233350392073,4.860292407305272,5.640784909201112,6.548508956759485,7.5276769653664,8.653255400439834,9.947136330337438,11.422140268682163,13.039808620699851,14.813684726194392,16.75855813694514,18.8905730709251,21.227345294567996,23.78808791443034,4.772764738592025,4.928330907728522,5.091084944194259,5.070306992279653,4.748369919139357,4.638802822334151,4.4008436152076955,3.756985984450224,3.9458348926583326,4.016941086344443,4.143050848620425,4.351483651008763,4.419283806086478,4.503578348328985,4.650899329339283,4.296017409225312,4.026651839921598,4.186748061873024,4.373324516581302,4.724087824541664,4.942362252220641,5.170721955099417,5.409632918941584,5.65958266018071,5.921081220735584,6.194662208790493,6.480883887664292,6.780330314990175,7.093612534530755,7.421369823060267,123.0499031638052,118.68829895727806,131.3926485834328,133.23801839967453,132.9949458135731,134.0979550174395,123.53684723477441,119.81583590663512,134.2386902306009,133.77812527342434,133.10904260278517,133.8001567046747,118.23472058971092,130.8374179281151,131.98426719516445,131.58190350108512,132.0289560097505,120.48052183088912,115.09558927428837,126.80735701877316,127.146799382491,125.3243156445427,124.82983725080705,112.30446247122752,118.96415185865948,118.51739906511476,115.78084347549523,112.58252171419463,99.89823037101667,92.32035216263063,128.1717641,124.0396219,136.9916707,138.9021416,138.4185776,139.5228228,128.8454138,124.5988255,139.4050126,139.2314847,138.9408837,140.1359342,124.9689607,138.0380761,139.776315,139.4990293,140.2388412,129.5275623,125.1096987,138.0799538,139.6168386,139.148293,140.1866065,129.3861854,137.9250417,139.525746,139.0202855,138.2534251,128.2191882,123.5298099,
4.044506337508007,4.900637640785465,5.884782265701741,6.879746709315367,7.823347605592599,9.107073451516037,10.516560332397939,11.886918639837843,14.140140649443733,16.641840042858615,19.565732625238404,22.98933383823219,26.82027334335152,31.247422668464782,36.39224661457358,41.952894160676365,48.46547717134078,56.30964638638126,65.35215928599996,75.86873233366275,87.21303010361571,100.25358782064868,115.24403932498757,132.33291859938518,151.07465782800497,171.626165404692,194.1587878989771,218.85956656868217,245.93259151694937,275.60045907040194,5.155058181945027,5.323085037858633,5.498875501726079,5.476433257683468,5.128709363072876,5.010366056877511,4.753346567157542,4.057916616335538,4.261892123767901,4.338693848894768,4.474904870692529,4.700032921662565,4.773263797960403,4.864310244513044,5.023431481390381,4.6401238921611725,4.349182423635525,4.522102184837214,4.7236232176308715,5.102482298198205,5.338240278309293,5.584891353572441,5.842938834721547,6.112909287744528,6.395353608382239,6.690848146274152,6.999995881044688,7.323427652730104,7.661803449056699,8.015813752196975,121.00576728057621,116.45217702138662,135.02751583260442,136.481547233035,135.16837513137008,134.94227759164383,115.61976270048376,111.30215304386785,130.97453552683166,127.9160719082921,124.63870960411681,122.02537024015542,96.03145305874081,111.41779658707755,108.35875160409415,102.58970464722353,97.01001840508783,70.75089252884891,57.69293689643994,66.60307206821331,56.75743971815298,43.06281462586079,28.681894740376894,9.063544364794795e-11,9.517331273530771e-11,9.991260234062957e-11,1.0490984407561117e-10,1.101671673250711e-10,1.1565790141778555e-10,1.214449262942413e-10,130.2053318,126.6758997,146.4111736,148.8377272,148.1204321,149.0597171,130.8896696,127.2469883,149.3765683,148.8966058,148.6793471,149.714737,127.6249902,147.5295295,149.7744297,149.1827227,149.824678,131.5826411,127.7687194,147.5742867,149.3087101,148.9012938,149.7688729,131.4390211,147.4087229,149.5059377,148.6707457,147.943704,130.2535084,126.1552524,
12.45521687919602,15.091707014098269,18.12241922491897,21.186451494412673,24.092307692867305,28.045592096485603,32.38616257030573,36.606235058036916,43.54512115801789,51.24920316737729,60.25344576363226,70.79656080841904,82.59409019904932,96.2276712592404,112.07135963717691,129.19559320140291,149.25134959603164,173.40777825689995,201.25455358599302,233.64075531345867,268.5759679886358,308.7348801122337,354.89856710466177,407.5244452275685,465.24037080814827,528.5295494374969,597.9196496385246,673.9866723461101,757.3591210871143,848.7224900339389,6.410385451839034,6.619329148428008,6.837926997836321,6.810019760005089,6.377620334703645,6.230458812644727,5.910851557093182,5.0460748887839815,5.299721225881686,5.395225222937186,5.564605494060149,5.8445553087477276,5.9356189063787355,6.048836409619889,6.246705846967782,5.770057610061303,5.408267909276626,5.623296000603532,5.873890164872037,6.345006620331636,6.638174897491382,6.944888887662251,7.26577446463508,7.601486420427583,7.9527098014384645,8.32016130633797,8.704590748547353,9.106782586291548,9.52755752334726,9.967774183752693,115.48218226899421,109.98459743750446,127.13434207727695,125.8815489456161,123.80693907246462,119.60424439090703,96.7568803726404,90.63704245322037,105.59026641614368,97.19960360973097,89.04096144235531,77.91538228288336,44.15262419462468,50.97994983119507,36.528378015913404,19.17400498859686,0.010377394838509232,6.758206002537963e-11,7.09647761801526e-11,7.451689928607599e-11,7.824673576233689e-11,8.216318149180423e-11,8.627548518478544e-11,9.059344978470201e-11,9.512730800813472e-11,9.988797740235225e-11,1.0488661902173843e-10,1.1013516551944369e-10,1.1564592748533727e-10,1.21432431101389e-10,134.3477846,131.6956336,152.0946883,153.8780202,154.2768671,153.8802953,135.0538945,132.2893524,154.4351088,153.844032,154.8590127,154.5564984,132.6823333,153.2564575,154.8464435,154.1396558,154.6699949,135.7689126,132.8317579,153.3029521,154.2698294,155.0901843,154.6123851,135.6207234,153.1309614,154.5688592,153.6106671,154.0927936,134.3974939,131.1543548,
21.484209461260036,26.031934872239948,31.259660457880127,36.544860363456706,41.55721974968122,48.376305359433395,55.8634271129433,63.1426998985947,75.11169922198825,88.40059761702658,103.93216449813485,122.11815790100384,142.46791134263424,165.98470065631176,193.31374061217733,222.85161412539378,257.4461198225136,299.1139428897246,347.14730592093514,403.01080057671084,463.2711263475793,532.5418976370636,612.1704043478508,702.9456513500734,802.500805343001,911.6693556373897,1031.361486389988,1162.5707511338132,1306.3812659905823,1463.9754511884769,7.25994326349604,7.496577923595286,7.744146185464985,7.712540447429762,7.222835839424295,7.056171243551833,6.694206965531667,5.714822871597221,6.002084539426359,6.110245523702446,6.302073482808323,6.619124584731528,6.722256690770689,6.85047872299336,7.0745714705384355,6.534753828902907,6.12501673575191,6.3685421453890685,6.652347140957724,7.185899883274464,7.5179212687008325,7.865283558143534,8.228695571414686,8.6088988790382,9.006669315482197,9.422818562309677,9.85819580447799,10.313689463166858,10.790229008670977,11.288786857056254,110.51757837527317,103.58239820419548,113.91679605668713,109.56956288914742,107.02620821093008,100.04650069705217,77.43603372156433,68.87152062984933,73.2700837386287,59.72701385931646,46.159942319104594,27.42492301431484,5.293603612124093e-11,5.558555830427666e-11,5.83675770907729e-11,6.128982364630635e-11,6.435839321156843e-11,6.758036786177381e-11,7.096356835137916e-11,7.451600419251412e-11,7.824598364748593e-11,8.216252349817594e-11,8.627487518087791e-11,9.059284078942053e-11,9.51267027824014e-11,9.988726087280495e-11,1.048858498723959e-10,1.1013439115050335e-10,1.156453073263104e-10,1.2143175072158855e-10,139.2617311,137.110911,152.9206027,153.8269637,155.8062638,155.4789773,139.9936678,137.7290434,154.3838675,154.237857,156.3941803,156.1622055,138.1381835,154.0886807,154.7950657,154.5342375,156.2768812,140.7348387,138.2937524,154.1354277,154.6647444,156.6276437,156.2186729,140.5812293,153.962503,154.5175735,154.0038947,155.6203655,139.3132586,136.5473751,
28.996683480492045,35.13463119209665,42.19035760376737,49.32365562292298,56.08870782905154,65.2922518276756,75.39742698238202,85.22207374512652,101.3763234783774,119.31200695140316,140.27456224670868,164.81972856675353,192.28526601261694,224.0252701042607,260.91057057830835,300.7770767438703,347.46838896889216,403.7063752434033,468.5357666543867,543.9332847975878,625.2650925124586,718.7580661847107,826.2306082524286,948.7476182421718,1083.1146422832444,1230.456619404562,1392.0020016908882,1569.0917627242293,1763.1891060771532,1975.8899138396832,7.750204201736041,8.002818701659063,8.267105144916345,8.233365084584028,7.710590928805594,7.532671542340667,7.146263967711861,6.10074247471482,6.407402803067715,6.5228678534649225,6.727649874579079,7.0661113050761255,7.17620787918815,7.313088691726173,7.552314328975309,6.976043027323255,6.538636559298493,6.798607138199483,7.101577366656982,7.671160702954254,8.025603353950746,8.39642287380841,8.784375948645408,9.190254226933597,9.614885934918888,10.059137566681436,10.5239156522843,11.010168607618642,11.518888669720187,12.051113921505884,104.98403021780118,97.31519300627502,103.4991017513486,96.30261919252689,92.86776184217844,83.99105903002112,59.93214134994542,49.76302448019989,46.63293561859817,27.62353689517739,10.256013178759975,5.0410151143616216e-11,5.2932749777485297e-11,5.558353115750757e-11,5.836680950640899e-11,6.128934388087403e-11,6.435803436590185e-11,6.758014105134574e-11,7.096338728928612e-11,7.451581682006701e-11,7.824581999773768e-11,8.21623945128572e-11,8.627475974648734e-11,9.059273411555932e-11,9.512661451502455e-11,9.988717737637508e-11,1.048857774066278e-10,1.1013429633626988e-10,1.15645155428449e-10,1.214316258791974e-10,141.7309179,140.4526429,153.9565645,153.8596399,156.6670606,156.8159824,142.4758323,141.0858407,154.4166619,153.4584117,157.2582253,157.5050859,141.5049525,155.1325556,154.8279475,153.7532945,157.6207477,143.2301446,141.6643131,155.1796194,153.8831418,157.4929784,157.5620388,143.0738115,155.0055232,154.5503963,153.2256318,156.4801352,141.783359,139.8753722,
33.839500810024056,41.00256436170458,49.23668740490261,57.56133750703433,65.45624003142669,76.19689369294143,87.98976245543895,99.4552509934561,118.30746722368265,139.23863943246695,163.7022098050201,192.34673310466326,224.39936689198316,261.4403579726335,304.4859757967977,351.0106988255525,405.50005789044997,471.1305077786504,546.787237440208,634.7771062814898,729.6923670181079,838.7998641028072,964.2216964583112,1107.2006154639578,1264.0086525602485,1435.9586259943399,1624.4841550746407,1831.1501731372357,2057.6642574818684,2305.888822936578,8.270151255982045,8.539713201633706,8.821730139994331,8.78572652059657,8.227880400872715,8.038024727507764,7.625693773967009,6.510030152287355,6.837263762353973,6.960475152235881,7.178995625379081,7.54016381548943,7.657646567810708,7.803710464227476,8.058985312845772,7.44405302137446,6.977301751762834,7.254713282304803,7.578009230409202,8.185804873136934,8.564026434661164,8.95972355928745,9.373703697824524,9.806811608995302,10.259931083232862,10.733986746123671,11.229945945178123,11.748820723778472,12.291669886332144,12.85960115884428,101.59580103402317,91.66067483669245,95.52699525513533,87.947576772403,83.85804946773618,72.9306478795882,48.84528917063333,35.874251654297794,29.708506714006653,8.057202915342637,4.8005760663221394e-11,5.04082817858709e-11,5.293246287960326e-11,5.558330418296311e-11,5.836666518117771e-11,6.128923305970043e-11,6.435794218420245e-11,6.758007120795677e-11,7.096332462011917e-11,7.451575208132587e-11,7.82457850299124e-11,8.216234578636795e-11,8.627471056383025e-11,9.059268574272947e-11,9.512657702573847e-11,9.988714414838915e-11,1.0488573012621463e-10,1.1013424200478204e-10,1.1564507810017313e-10,1.2143162060294386e-10,143.7054531,141.2029524,153.5854128,154.2946408,157.5421699,157.1655663,144.4607454,141.8395328,154.8532377,154.2563175,158.1366367,157.856206,142.2608835,154.7585689,155.2656861,154.5527335,157.9721257,145.2255664,142.4210954,154.8055192,154.683256,158.3727011,157.9132859,145.0670554,154.6318427,154.9873502,154.0223272,157.3542004,143.7586248,140.6225979,
35.66881382027606,43.219101918261636,51.89834938854566,60.67301767573034,68.99470687122702,80.31598427160613,92.74635795406513,104.83165372473736,124.70299268421591,146.76567288587262,172.55170743456603,202.74471099810782,236.53006242594972,275.57343431230004,320.9460341200978,369.9858143777601,427.42078703244744,496.5991212858218,576.3457410630755,669.0922111540436,769.1384495109204,884.1441353736867,1016.346085171987,1167.054231573663,1332.3390775916548,1513.5844104721332,1712.3013488479598,1930.1394240204188,2168.8985223746613,2430.541738110286,9.05841425938705,9.353669291211636,9.662566453641007,9.623131177399076,9.012114390759875,8.804162772270354,8.352530816151225,7.1305285883210745,7.488952214180887,7.623907401393195,7.863255982648777,8.258848636527524,8.387529165567345,8.547515028114447,8.827121199418052,8.153577117187135,7.642337815103185,7.9461906088670355,8.300301257592189,8.966028466982198,9.380299921043033,9.813712607844922,10.267150939739368,10.741540192966738,11.23784839575451,11.75708830365428,12.300319466148363,12.868650388743028,13.463240794960281,14.085303992843698,99.61536892036621,88.62202569055749,91.34337255784565,83.55123744690452,78.82176653804876,67.14590505616097,44.00234922982294,29.86915818698282,22.2124191016465,4.572594950317221e-11,4.800447237606578e-11,5.040805876421353e-11,5.2932394685013666e-11,5.5583247158536703e-11,5.836662451941353e-11,6.128919606881945e-11,6.435791225617189e-11,6.758004598410213e-11,7.096330030600116e-11,7.451572553514642e-11,7.824578302963941e-11,8.216232310196173e-11,8.627468618827203e-11,9.059266021393261e-11,9.51265542988962e-11,9.988712272620579e-11,1.048856978290098e-10,1.1013420088325196e-10,1.1564503341674694e-10,1.2143162311637702e-10,144.342597,141.1947969,152.9042884,153.8473863,156.8285878,156.2660521,145.101238,141.8313405,154.404364,152.0061822,157.4203619,156.9527391,142.2526669,154.0722417,154.8156168,152.2982744,157.0679953,145.8694499,142.4128695,154.1189838,152.4268929,157.6553571,157.0094923,145.7102362,153.9460775,154.5380878,151.7756051,156.6414697,144.3960044,140.6144759,
36.37209144259606,44.07124764390959,52.92162277084022,61.869300115201625,70.35506703474553,81.89956467148802,94.57502650551824,106.89860656894709,127.16174627868756,149.65943363680339,175.95388826242566,206.74220356983028,241.19369662327094,281.006881878968,327.27408766587365,377.28077924928067,435.848190207359,506.390505182798,587.7094792701107,682.2846201235214,784.3034578774012,901.5766967267731,1036.3852561361664,1190.0648965549879,1358.6086435865868,1543.4275684403513,1746.0625842896773,1968.1957460419699,2211.6624282212283,2478.4644311143365,10.155780007371055,10.486803193484729,10.833121162248739,10.788908568457508,10.103871222159503,9.870727668654233,9.364383549329876,7.994343999471609,8.39618822843303,8.547492325699444,8.815836372096872,9.259352405950295,9.403621712557273,9.582988782531373,9.896467354293543,9.141327952569307,8.568155459634783,8.908817968516283,9.305826732273513,10.052202299771954,10.516659944377428,11.002577652877266,11.51094697821003,12.042805287587484,12.599237879323178,13.181380197468219,13.7904201487733,14.427600526704946,15.094221547462329,15.79164350316931,98.49258145006218,85.95168076263644,87.67105566694335,80.35797861637481,76.34102444313059,63.35501225989519,41.8432465451912,26.250236231622562,18.01222119292275,4.571792844493041e-11,4.800421054158517e-11,5.0407976350888676e-11,5.2932364499274734e-11,5.558321949987838e-11,5.836660408457302e-11,6.128917896013553e-11,6.435789463270441e-11,6.758003191325523e-11,7.096328427435063e-11,7.451570611570623e-11,7.82457736303774e-11,8.216230541822945e-11,8.627466510596922e-11,9.059263994058762e-11,9.512652834430275e-11,9.988709472495923e-11,1.0488566696867013e-10,1.1013416538919823e-10,1.1564499345010983e-10,1.2143160621779296e-10,145.0204529,140.5097316,151.4257996,153.0161873,156.7999627,155.1253046,145.7826566,141.1431868,153.5701557,151.6185107,157.3916289,155.8069788,141.562469,152.5824595,153.9791867,151.909858,155.9213936,146.5544762,141.7218943,152.6287497,152.0381485,157.6265811,155.8633176,146.3945147,152.4575153,153.703157,151.3885217,156.6128787,145.0741111,139.9322263,
34.18589479104806,41.42228218145553,49.74069283507628,58.15055721698411,66.12627496174788,76.97687403296293,88.89045907851877,100.47331271129207,119.5185073860818,140.66393902232056,165.37792779137968,194.3156673094299,226.69640402835705,264.1165607602246,307.6028098752421,354.6037776369332,409.65091047384647,475.9531785706191,552.3843592480428,641.2749258014103,737.1617751915097,847.3861380505273,974.0918359116381,1118.5343414292406,1276.9475251419453,1450.657643803036,1641.1129917925875,1849.894521698604,2078.727290230531,2329.49277660185,11.20814208273506,11.57346654820683,11.955670672054922,11.906876681568844,11.150854406202981,10.893552055082314,10.334739553430476,8.822733786996706,9.266217912298531,9.433200440339816,9.729350829270597,10.218824874572126,10.378043652987479,10.575997094650697,10.921958938020005,10.088570493148826,9.456004729213124,9.831967363204171,10.270114962802865,11.093831447556658,11.606417114868508,12.142686580476303,12.703734144001535,13.290704666704782,13.90479590766428,14.547260967896653,15.219410847407135,15.922617120387184,16.65831473401841,17.42800493659363,100.68492972624615,87.45281637036838,88.95246479290108,82.53804820148095,80.81914013208474,66.8398754119922,47.62153506809007,31.78569800175251,24.363202201663,2.229025437385182,4.800511333471501e-11,5.040813134488155e-11,5.293242304644027e-11,5.55832634521824e-11,5.8366636691719e-11,6.12892063585547e-11,6.435791557305897e-11,6.758004890456082e-11,7.096329533935158e-11,7.451571291069968e-11,7.824578363870233e-11,8.216231442257048e-11,8.627466920798208e-11,9.05926426845061e-11,9.512652653374056e-11,9.9887090971923e-11,1.0488566269816625e-10,1.1013416055588946e-10,1.1564498813253418e-10,1.2143160406728373e-10,146.0789666,140.4485651,150.6488283,152.5954821,158.0962695,154.7103015,146.8467337,141.0817445,153.1479275,152.3261649,158.6928271,155.390152,141.5008442,151.7995533,153.5558338,152.618872,155.5042607,147.6241869,141.6602001,151.8456059,152.7477613,158.9297218,155.4463401,147.4630578,151.6752502,153.2805631,152.0951025,157.9076389,146.1330165,139.8713112,
30.58368632337205,37.05756695207453,44.49945676348157,52.023163714856146,59.15847057754158,68.86572909580076,79.52396548970401,89.88632003386624,106.92469985283918,125.84201216213641,147.95185848712336,173.8403939119515,202.80913382016328,236.28628404992833,275.1903352804954,317.23875506604094,366.48550592557973,425.8014250318073,494.17896113115233,573.7030227709522,659.4861605886917,758.096050997542,871.4506185012983,1000.6730451048309,1142.3940428955557,1297.8001193723874,1468.186960410885,1654.9689317411012,1859.6893187915493,2084.0313470691462,11.791644071501064,12.175987527861253,12.578089406817524,12.526755174578772,11.731373967289043,11.460676315458873,10.872771730243656,9.282050119093856,9.748622269796286,9.924297999305042,10.235866138978038,10.750822469994231,10.91833026483786,11.126589270620531,11.490562076212926,10.613786974444702,9.948289491892556,10.343824945626263,10.80478274818738,11.671382362320267,12.21065351899169,12.774841465413415,13.365097471041961,13.98262599923944,14.628687165074858,15.30459930668709,16.01174167545655,16.751557250475035,17.525555683056933,18.33531637729983,105.33008330515615,91.32103262009494,92.9350221297332,87.84133741059898,87.29025555520495,73.77059098877777,58.08499188009161,42.01987434708117,36.26964017740784,16.795739538604014,0.5892493739463965,5.040867847662636e-11,5.293258162390157e-11,5.558338034215677e-11,5.836672162894196e-11,6.128927424402832e-11,6.435797122517173e-11,6.758009588093925e-11,7.096333103784535e-11,7.451574410834841e-11,7.824581560402667e-11,8.216234541555036e-11,8.627469608530409e-11,9.059266902035295e-11,9.512654825341272e-11,9.98871123865672e-11,1.0488568429756154e-10,1.1013418423409411e-10,1.1564502063401687e-10,1.214316360513852e-10,147.7054137,140.5545871,150.0125683,152.3912563,158.1801001,154.0969964,148.4817291,141.1882445,152.9429623,152.5620497,158.776974,154.7741518,141.6076605,151.1584333,153.3503228,152.85521,154.8878082,149.2678385,141.7671367,151.2042914,152.9842989,159.0139943,154.8301172,149.1049154,151.0346552,153.0754204,152.3306294,157.9913694,147.7600654,139.9768974,
24.71803693268004,29.950291108519572,35.964899853271206,42.045634017505,47.8124593992799,55.65796147618415,64.27205325165485,72.6470103978896,86.41759701669613,101.70675540604677,119.57615127476069,140.49952094308205,163.9123422548536,190.96890525484235,222.4115431690677,256.39549076225484,296.197200526402,344.13691137947677,399.4003104608902,463.6724414220008,533.0032194832336,612.700705498541,704.3149849683316,808.7538246668576,923.2941328719662,1048.894856646774,1186.6031820952255,1337.5622135502024,1503.019249516415,1684.3346894501642,12.444758209129066,12.85038963377693,13.274763082356628,13.220585555949897,12.381149871766649,12.095458851551125,11.474991479174752,9.796163174253277,10.288577766094491,10.473983801393056,10.802809039026352,11.346287708234602,11.52307340430319,11.74286743439123,12.126999921161508,11.201662107441262,10.499304131833602,10.916747454834747,11.403236731707425,12.31783545912945,12.886975700578315,13.482412819876442,14.105361852852004,14.75709397553629,15.438939098097414,16.152288578625623,16.89859806230786,17.67939045178514,18.496259014753935,19.350870635152557,111.65609355822014,99.16685335773421,101.68854876440443,97.79285512657898,98.45267052898903,86.07372187230213,73.85401166920967,60.164387927898375,56.907023617252676,41.864307592605634,28.865952486260696,2.657303048733535,5.293336332110457e-11,5.5583861777941365e-11,5.836701436255919e-11,6.128949277269167e-11,6.435813983700518e-11,6.758022396910822e-11,7.096343060296314e-11,7.45158338847108e-11,7.824590209180573e-11,8.216242665337278e-11,8.627476760130096e-11,9.059273518976165e-11,9.512661142324723e-11,9.988717464956091e-11,1.0488574944854593e-10,1.1013425607849368e-10,1.1564510061092521e-10,1.214317231432256e-10,148.8188887,141.9675341,150.9282117,153.0590747,158.6462798,153.8271422,149.6010564,142.6075615,153.6131984,154.0450468,159.2449128,154.5031117,143.0311937,152.0810708,154.022344,154.3410569,154.6165691,150.3930918,143.1922731,152.1272088,154.4714006,159.4826317,154.5589791,150.2289405,151.9565371,153.746237,153.811377,158.4569929,148.8739524,141.3840371,
16.523424214752026,20.02106262278035,24.04168659247328,28.10651384418484,31.961500484709067,37.206033428302796,42.96435044265788,48.56281160219471,57.76812369911523,67.98856517842101,79.93383450560312,93.92061322809386,109.57153161017281,127.65820529949417,148.67686653471145,171.39433330213603,198.0008367512809,230.04740182905306,266.98967961018445,309.95408199977913,356.30007056531866,409.57595868971634,470.81794193988327,540.6328409763709,617.2003332621042,701.1614522726188,793.2162171993408,894.1287663055707,1004.7328891989492,1125.9379808034828,12.288685488471065,12.689229791379374,13.10828106996735,13.054782997014252,12.225874878641948,11.943766778563827,11.331080837474344,9.673307124105685,10.159546225531665,10.342627038928029,10.667328399777542,11.203991171633868,11.378559755558117,11.595597295589558,11.974912283996598,11.061179355456774,10.367629820984478,10.779837886373825,11.260225983638469,12.163354507357026,12.725357023473977,13.313326621938998,13.928463100522267,14.57202169312921,15.245315631203084,15.949718823476024,16.686668659536846,17.45766894293645,18.264292959816036,19.10818668931954,122.44136059680613,112.005658185871,116.29677313759163,114.15651525883477,115.87993483668455,106.52339029317075,97.75300241990706,87.13224977374088,87.95244327539643,76.80918028269646,70.07014229466711,51.232667900322454,24.85011063432183,15.365035004971643,5.837828166075639e-11,6.129129564245228e-11,6.435920700890512e-11,6.758085406075953e-11,7.096383947399403e-11,7.45162191181359e-11,7.824625436745093e-11,8.216280574085735e-11,8.627509862124349e-11,9.059303422517437e-11,9.512693150807394e-11,9.988754093278211e-11,1.0488616129047229e-10,1.1013479213703818e-10,1.1564562137627188e-10,1.2143227641635757e-10,151.2534703,144.7159506,153.4467408,155.3178121,160.0673102,155.6731905,152.0484337,145.3683685,155.8801132,155.1403725,160.6713052,156.3572723,145.800202,154.6188376,156.2952967,155.4384873,156.4720912,152.8534263,145.9643998,154.6657455,155.5697578,160.9111534,156.4138101,152.6865897,154.4922259,156.0151151,154.9050412,159.8763278,151.3094348,144.1211573,
9.205564495400015,11.154176086328425,13.394154482072526,15.658759502312995,17.80645768442275,20.728302795522602,23.936388357671348,27.055414693211183,32.18389733138205,37.87793096426623,44.532904278340204,52.32524755654668,61.04471978614903,71.12120508304372,82.83116538503798,95.48756776154573,110.3106383499965,128.16448739758584,148.74584609789514,172.68226339635208,198.50263702461265,228.18381072110355,262.30307191711466,301.19849380227333,343.85593449535185,390.6325279006823,441.9182701674249,498.13887959553927,559.7588787869372,627.2849117347722,11.264627752385062,11.631793343434948,12.015923661269447,11.96688376372695,11.207051363170029,10.948452285482349,10.386823536665583,8.867197715310914,9.312916867400578,9.480740937228774,9.778383835168844,10.270324682641604,10.430345875877652,10.629296943430097,10.97700233057783,10.13941385825878,9.50366015286857,9.881517525611821,10.321873257511674,11.14974102593939,11.664909971055659,12.203882073697683,12.767757148428368,13.357685826265172,13.974871902632337,14.620574793799229,15.296112106817338,16.002862328200088,16.74226763683189,17.51583684684604,132.19191555224415,124.84762497026735,130.7795142566903,129.98970923399392,132.03727675244278,126.52325251903243,119.14126290570232,112.3765534915191,116.68915720126067,109.61544809855046,107.34720378653873,96.29962076086191,77.26464003802602,75.63213837358155,64.79912878444227,51.64877688025652,39.19757709719903,16.230959476869682,7.09720033684631e-11,7.451986844776617e-11,7.824836555141486e-11,8.216439904853401e-11,8.627647669782719e-11,9.05945589706855e-11,9.512813694376855e-11,9.98886688460106e-11,1.0488729886685175e-10,1.1013637648191639e-10,1.1564702194632962e-10,1.214336245452252e-10,152.6621078,147.6335944,156.1895924,157.6153525,161.0507858,158.2000076,153.4644748,148.2991659,158.1859714,156.97412,161.6584919,158.895193,148.7397057,157.3826404,158.6072965,157.2757585,159.0118756,154.2769644,148.9072139,157.4303867,157.4085806,161.8998138,158.9526486,154.108574,157.2537654,158.3229703,156.7360071,160.85863,152.7185935,147.0268095,
2.5887632035720043,3.13674632695027,3.766666811521988,4.403512726832498,5.007482426789787,5.829155569586379,6.731324454650543,7.6084483520989075,9.050665953256207,10.651926229698544,12.523419286407579,14.714760356072857,17.16682604675831,20.000507172013602,23.293549587852368,26.852747807394124,31.021250425838307,36.042060119760286,41.82989248023109,48.56122507352873,55.82235861778048,64.16921560223811,73.76413919018671,84.70220138224705,96.69820802366249,109.8525913161459,124.27502489035678,140.08522806069166,157.41383257924554,176.40331545842122,9.427921121817052,9.735220067432964,10.056717627463332,10.015673724724977,9.379732609250942,9.163298319525042,8.69324359068874,7.4213939838187,7.794438269058823,7.934898489091175,8.184010472720983,8.595739968672682,8.729669577427758,8.896181513127418,9.187193256765871,8.48617425967604,7.954080708155641,8.270328131845798,8.638883506879187,9.33176676867882,9.762937002239134,10.214029269313206,10.685964058813374,11.179704390442675,11.696257779811566,12.236678294352025,12.802068704224245,13.393582732605033,14.01242740994978,14.659865537031747,141.82810907464014,137.1083842056475,143.94258286104693,145.74286184847642,148.44241456399484,143.76566131092596,139.22880825469997,135.6266594641236,143.8967828777283,140.30719208125578,142.73661814091915,136.1452528753047,125.20754877586666,130.07436761491437,128.6892770554399,123.8604224329909,120.59751626607022,111.15977204846132,100.80543931296053,101.12629275786676,93.74849548005844,89.30479032853053,75.06330815108595,59.42055962740066,50.44641489662086,38.79182998960169,21.575898005523644,9.156540506813174,1.1570466038878117e-10,1.2153892855405667e-10,153.8447934,149.9803506,157.7659673,160.1620483,162.8296296,158.7581152,154.6533763,150.6565018,160.7418871,158.8940168,163.4440479,159.4557532,151.1040444,158.9710563,161.1700199,159.1993445,159.5728474,155.4721603,151.2742153,159.0192846,159.3337911,163.6880352,159.5134114,155.3024654,158.8408807,160.8810996,158.6529916,162.6353513,153.9017167,149.3639203,
0.27301406204800044,0.33080501729675454,0.397237184604631,0.46439971611685826,0.5280950826578116,0.6147497145226007,0.7098935235912823,0.8023960583273032,0.9544940505676838,1.1233648734627322,1.3207347684001125,1.5518362171291553,1.8104339960603681,2.1092773949031924,2.456565584569975,2.831922883457076,3.2715381526129668,3.8010387447939125,4.4114304642855515,5.121324846188286,5.887092669701011,6.767362185088196,7.779254296414383,8.93279541051381,10.197908610905653,11.585185597638889,13.106192682906375,14.773555608716459,16.601050955801856,18.60370452020714,8.160761164596044,8.426757588293352,8.705044261305158,8.669516865267074,8.119049430179945,7.931704996188581,7.524827984092545,6.423921353156355,6.746826612579584,6.868408273478092,7.084038355165688,7.440429338656833,7.556358135238377,7.700490030355209,7.952388333834901,7.345589811321151,6.885012305943936,7.158754487312204,7.477774168609236,8.077530439523315,8.450749227833526,8.841212428280647,9.24971681144338,9.677095962339223,10.124221981419627,10.592007264158903,11.081406362868268,11.59341793453417,12.129086778655623,12.689505969238649,147.68071587338517,145.95503909444056,152.6892538541224,154.18954721864995,155.74664068719784,152.44409108932615,148.70028169235542,148.18376978855756,156.213427336896,154.62306915310464,156.60933267648196,152.70572824426424,146.50495866875397,153.21760607479698,153.94237768165328,152.74980720528285,151.66018414150724,146.80607366796124,144.1580864671759,149.87797711436275,148.7270729025435,149.65186218671315,144.7274917922283,138.98377702723735,142.57174570776962,141.87951553830186,138.18057395433001,137.83066725685927,127.44211646565792,122.7835110106754,156.1144911,154.7126017,161.7915353,163.3234638,164.3937852,160.9905458,156.9350032,155.4100872,163.914748,162.6148423,165.0141058,161.6979938,155.8717508,163.0273735,164.3513316,162.9273199,161.8167346,157.7658669,156.0472911,163.0768324,163.0649148,165.2604368,161.7564629,157.5936684,162.8938763,164.0567084,162.368173,164.1976408,156.1722542,154.0767215,
0.000628919200000001,0.0007620472926324313,0.0009150814081798941,0.0010697980014270888,0.001216527582563463,0.0014161464642425906,0.0016353211391130285,0.0018484113356682598,0.002198786502734227,0.0025877998086489347,0.0030424639951635375,0.003574832684026007,0.004170542322669459,0.004858962361973023,0.005658980532378768,0.006523659114717622,0.0075363633003968835,0.008756128635324642,0.01016223595825738,0.011797559074589268,0.013561593070994518,0.015589394845191633,0.017920404363044557,0.020577718602480945,0.02349205193729646,0.026687803563164293,0.03019161780659537,0.034032579512171444,0.03824242461344904,0.042855766754710166,7.411053958772039,7.6526140055742085,7.905335229501822,7.8730716399000125,7.37317416934593,7.203040565239366,6.833542251245156,5.8337729551121145,6.127013775777069,6.237426056095356,6.433246781428432,6.756897082644355,6.862175812105108,6.993066697201092,7.221823780218059,6.670770207916246,6.252504720702208,6.501098943225644,6.7908111433889715,7.335469416827875,7.674401597638906,8.028993992767733,8.399970175620371,8.788087151998036,9.194136904826433,9.618948010258633,10.063387328449247,10.528361772450085,11.014820158836846,11.523755143842958,150.06055562205717,150.1032803471638,156.1387057891222,157.6243272621324,158.91887250310708,156.04509618833373,151.46470912765497,152.63224393359343,159.9684145377635,158.98391884414144,160.48446195462415,157.2064558847218,152.07226604562496,158.3000813404923,159.31254193930772,158.8641300330301,157.82729371606155,152.62812142820638,152.31663312072348,158.00088772417186,157.99326320936814,159.12534501246898,155.6083267201026,150.1556155294898,155.94502154333114,156.59584218627785,154.87972675384881,155.53245804814765,146.47744141666513,145.54165398952347,157.4722385,157.7566564,164.0449561,165.4984687,166.2932632,163.2495529,158.2998867,158.4678653,166.0976271,165.2239327,166.9207512,163.9669278,158.9386124,165.298007,166.5400247,165.5414239,164.0873348,159.1379765,159.1176065,165.3481547,165.6812264,167.1699284,164.0262173,158.9642804,165.1626505,166.241478,164.9733057,166.0948524,157.530504,157.1082649,
0.0,0.0,0.0,0.0,0.0,0.0,0.0,0.0,0.0,0.0,0.0,0.0,0.0,0.0,0.0,0.0,0.0,0.0,0.0,0.0,0.0,0.0,0.0,0.0,0.0,0.0,0.0,0.0,0.0,0.0,6.671116368079035,6.888558474297743,7.116047398664422,7.087005084051283,6.637018588645005,6.483871535954589,6.151264829246329,5.251314922952421,5.515277869303853,5.614666319929882,5.790935829401251,6.082272100056741,6.1770395459859255,6.294861967851122,6.500779389221693,6.004744341262042,5.628239494113627,5.852013466899646,6.112800098773259,6.603078370009862,6.908170740360359,7.2273597712728,7.561296792830499,7.910663229540586,8.276171990833804,8.658568925811737,9.058634345209999,9.477184613683068,9.915073815659916,10.373195498169549,146.25969113195018,145.30194302573298,151.21072600136782,152.60328161598255,153.86784621139054,152.38668296408278,147.5833218707929,147.62530177708877,154.75313973073943,153.7900921801156,155.31957517064652,153.48641439999346,147.15371475406675,153.24128413220424,154.19450981083648,153.70632335879904,154.0576242059506,148.6964928331677,147.39063280129747,152.98146743006447,152.9377756597177,154.12365502880917,152.06508880725553,146.46915627054975,151.12933580926105,151.7486510742879,150.10432425489464,150.83617578642682,143.07231878445543,141.1917918019516,152.9308075,152.1905015,158.3267734,159.6902867,160.5048648,158.8705545,153.7345867,152.8766167,160.2684176,159.4047585,161.110511,159.5686865,153.3307543,159.5361461,160.6952892,159.7110677,159.6858637,154.5485063,153.5034329,159.5845458,159.8459464,161.3510148,159.6263856,154.3798195,159.4055078,160.40722,159.1629586,160.3133604,152.9873926,151.5649873,
0.0,0.0,0.0,0.0,0.0,0.0,0.0,0.0,0.0,0.0,0.0,0.0,0.0,0.0,0.0,0.0,0.0,0.0,0.0,0.0,0.0,0.0,0.0,0.0,0.0,0.0,0.0,0.0,0.0,0.0,4.133930675883022,4.268674329498072,4.4096437551496654,4.391646929932768,4.11280110047098,4.017899548150992,3.811791156091623,3.25411380209012,3.417685303621709,3.479273940695617,3.588503924437659,3.769038017955037,3.827763129343635,3.9007748558945265,4.0283769389545245,3.7209959268520523,3.487684910918798,3.6263522702517474,3.78795548594756,4.0917691617038265,4.280827579992662,4.478621360447173,4.685554116685075,4.902048111116123,5.128545116601448,5.365507317925499,5.6134182549200995,5.872783809165127,6.144133236279269,6.428020245907173,176.52586542414616,177.47953707053256,177.38737404488253,170.16832087010107,162.83883869956455,167.06764825188628,177.79752314394756,179.313466797951,171.77424649642148,167.08180755934978,163.99310817561005,168.0683187820951,179.282155570709,179.2848922441607,171.63017496110345,167.16783247320888,168.4758583891452,178.9444593298155,179.52817861412302,179.14947233837037,166.75231942008529,163.35315453963466,167.21393798340085,177.4694908889741,177.9071178834933,169.97815158217404,164.68894034518442,160.87965969094472,174.582507863836,174.57319265421393,180.6597961,181.7482114,181.7970178,174.5599678,166.9516398,171.0855478,181.6093143,182.5675806,175.1919318,170.5610815,167.5816121,171.8373568,183.1099187,183.1856671,175.6585519,170.8888284,171.9635433,182.5708116,183.3161341,183.2412415,171.033147,167.8317759,171.8994921,182.371539,183.035663,175.3436589,170.3023586,166.7524435,180.7266411,181.0012129,
0.0,0.0,0.0,0.0,0.0,0.0,0.0,0.0,0.0,0.0,0.0,0.0,0.0,0.0,0.0,0.0,0.0,0.0,0.0,0.0,0.0,0.0,0.0,0.0,0.0,0.0,0.0,0.0,0.0,0.0,3.816248784574021,3.9406377365555776,4.0707740260786425,4.054160210379978,3.796742962438398,3.7091343492102666,3.518864854543654,3.004043564286266,3.15504501855655,3.2119007280022984,3.3127366697190928,3.479397184608521,3.533609422919179,3.601010386930259,3.7188065796017327,3.4350470040770107,3.219665336895854,3.347676467948849,3.4968608940642345,3.7773272738237744,3.9518570411508818,4.134450880631412,4.325481389219408,4.52533837954946,4.734429675379764,4.953181943788265,5.182041565820064,5.42147554736271,5.671972472108069,5.9340434985452575,161.82893711545518,162.2875841634751,162.67828707395358,157.44556718965384,144.3932072375972,154.0676926508271,162.99692494549552,163.97357923575493,158.92936398148674,155.3621332720432,145.43639073032867,154.9907557154416,163.94003977713353,164.42175681312506,158.7973109204564,155.443699795984,155.36685806316822,164.04970073211848,164.16539440600644,164.29641422625053,155.0610656589271,144.83672741945048,154.20197331086663,162.6893277205409,163.15074972471513,157.27160225631138,153.1514526342846,142.59166355274715,160.0345029280073,159.61096820157593,165.6451859,166.2282219,166.7490611,161.4997274,148.1899502,157.776827,166.5157898,166.9776228,162.084409,158.574034,148.7491274,158.4701529,167.4736492,168.0227672,162.5161175,158.8787468,158.5865234,167.3973772,167.6622553,168.0737415,159.0129227,148.9711783,158.5274547,167.2146661,167.8851794,162.2247842,158.3334942,148.0131391,165.7064754,165.5450117,
0.0,0.0,0.0,0.0,0.0,0.0,0.0,0.0,0.0,0.0,0.0,0.0,0.0,0.0,0.0,0.0,0.0,0.0,0.0,0.0,0.0,0.0,0.0,0.0,0.0,0.0,0.0,0.0,0.0,0.0,3.595095259376019,3.7122758093955226,3.834870635872324,3.8192195991003373,3.5767198093861055,3.4941881590990236,3.314944876783465,2.8299577377081557,2.972208582202451,3.025769474857851,3.120761923333987,3.277764378054986,3.328834990049315,3.392330034495338,3.50329987890317,3.2359843126604546,3.0330841207837054,3.1536769427863605,3.2942160568158516,3.558429269634582,3.7228449496798546,3.8948573848652077,4.074817579964896,4.263092757776432,4.460067108467309,4.66614257354497,4.881739666049763,5.107298328644548,5.343278831351957,5.590162710771079,152.01049494065316,151.22664209063515,152.3363680641599,148.0941483009335,143.29238779064949,145.0237761409383,153.10848282325574,152.80746596233305,149.49113521784085,146.26671252518764,144.30253887671378,145.89283912199517,152.77092771000335,153.97181646556004,149.36612692115497,146.3433752874006,146.2470608792804,154.09790595728103,152.9813435432549,153.85345803043973,145.98283695039814,143.7485151152167,145.1497251201211,152.81685294231391,152.7752195916276,147.92924392655465,144.18428163405483,141.58657417146532,150.31988616876342,148.7119447893501,155.6055902,154.9389179,156.1712387,151.9133679,146.8691076,148.5179643,156.4234277,155.6374237,152.4633438,149.292482,147.4233008,149.1706035,156.0997627,157.3641465,152.8694268,149.5793596,149.280145,157.2515829,156.2755596,157.4118873,149.7056819,147.6433725,149.2245427,157.0799457,157.2352867,152.5953865,149.0660213,146.6938725,155.663165,154.3021075,
0.0,0.0,0.0,0.0,0.0,0.0,0.0,0.0,0.0,0.0,0.0,0.0,0.0,0.0,0.0,0.0,0.0,0.0,0.0,0.0,0.0,0.0,0.0,0.0,0.0,0.0,0.0,0.0,0.0,0.0,3.2806064034710176,3.387536327442757,3.499406902144029,3.4851249741975487,3.263838386338132,3.1885263734742995,3.0249627910601724,2.582400967447271,2.7122081068075063,2.7610836427095586,2.847766418065639,2.991034738140077,3.037637836152801,3.09557851209318,3.196841025570974,2.9529094757528638,2.7677584239134494,2.877802123880169,3.006047270158523,3.2471478517339936,3.397180908961295,3.5541461784834323,3.718363960160906,3.8901693531702617,4.069912939800061,4.257961500841357,4.454698764032463,4.660526187085293,4.8758637768910775,5.10115094657701,145.18205169655818,144.11149167258793,145.1815017978882,141.99308772583626,137.1728067136974,139.02670582656307,146.21799070897907,145.58159183259394,143.29268309323578,140.04559335733592,138.11879978198212,139.84914026191007,145.56649326389987,146.72102338796213,143.19693117448716,140.12818212430818,140.17730937615067,147.15529087618714,145.7654393299122,146.61490514834026,139.80474519111672,137.6228531215985,139.17346113992514,145.97916534692007,145.62400966029483,141.87337899925828,138.1353558360722,135.60855861302463,143.64172622322434,141.79164525354415,148.4626581,147.499028,148.6809087,145.4782127,140.4366451,142.2152322,149.2429535,148.1639928,146.0048912,142.806677,140.9665662,142.840175,148.6041311,149.8166019,146.3937722,143.0810916,142.9450678,150.033093,148.7714866,149.862053,143.2019261,141.1769993,142.8918251,149.8693347,149.6939226,146.1313405,142.5900546,140.2690848,148.51759,146.8927962,
0.0,0.0,0.0,0.0,0.0,0.0,0.0,0.0,0.0,0.0,0.0,0.0,0.0,0.0,0.0,0.0,0.0,0.0,0.0,0.0,0.0,0.0,0.0,0.0,0.0,0.0,0.0,0.0,0.0,0.0,2.743187787755015,2.83260078813034,2.926145077382769,2.9142027699218898,2.72916665441359,2.6661920184619174,2.5294229073228407,2.15936016874591,2.2679027110879777,2.308771610528226,2.381254286448727,2.501052841247789,2.540021566421523,2.58847058319042,2.673144590421448,2.4691731393503273,2.314352950083339,2.4063696374703696,2.51360606752105,2.71521031065692,2.840665424659632,2.9719171377573153,3.109233279295428,3.2528940535580966,3.403192611546786,3.560435649177753,3.7249440331189576,3.897053455543487,4.077115119135568,4.265496453746898,141.1556477122742,140.24000881190037,141.0399139226495,137.813717530112,133.15609204562202,136.16768468157545,142.1257211927164,141.55825873129533,138.96949858895533,136.15557488951728,134.01675141359908,136.94290785880239,141.60452713363122,142.47726751686497,138.94043960963668,136.26124386071075,137.23200654998078,143.01462466259696,141.79327583254968,142.3945374894174,136.0069117754184,133.62970186232462,136.38514952079063,142.00937594653226,141.5437563885481,137.7992860509219,134.52936686698573,131.82607544456644,139.87496358097982,138.21907414637434,143.8988355,143.0726096,143.966059,140.7279203,135.8852587,138.8338767,144.6551441,143.7176189,141.2374013,138.4643465,136.3980057,139.4439607,144.1445487,145.0657381,141.6135842,138.730417,139.5463595,145.4209943,144.3068819,145.1097478,138.8475772,136.601619,139.4943828,145.26227,144.946949,141.3597217,138.2543109,135.7231289,143.9520787,142.4845706,
0.0,0.0,0.0,0.0,0.0,0.0,0.0,0.0,0.0,0.0,0.0,0.0,0.0,0.0,0.0,0.0,0.0,0.0,0.0,0.0,0.0,0.0,0.0,0.0,0.0,0.0,0.0,0.0,0.0,0.0,2.582323415545014,2.666493112404264,2.754551833577252,2.7433098397445566,2.5691245010916686,2.50984278595378,2.38109400696233,2.032732265446271,2.1349097211508603,2.173382011113363,2.2416142014454916,2.3543876012786993,2.3910711458538327,2.4366790444530184,2.5163876493603246,2.3243773697306134,2.1786360531033466,2.2652567531228947,2.3662046887893604,2.555986576871126,2.6740848273573605,2.797639756252667,2.9269034870147363,3.0621397923562017,3.2036246324934035,3.3516467182647096,3.5065081002674723,3.6685247852157943,3.838027380776834,4.015361770201397,139.22391178448422,138.45082618762643,139.24562696645498,136.37122666028932,130.98932489894392,134.96454091408359,140.1704514930769,139.720781334595,137.48326667889248,133.75981858893212,131.82080219860228,135.7241059987715,139.78353765419888,140.64816245560235,137.47365895069782,133.87002993033045,136.00125364696078,141.04100184694445,139.96851881128137,140.57226372320315,133.63534097272066,131.46490334382923,135.2015185130713,140.08770270773414,139.76404996760147,136.38744768183494,132.22049639983717,129.73057091489412,138.02067681933855,136.5219549299198,141.8062352,141.1173193,142.0001788,139.1145365,133.5584494,137.4743837,142.5515455,141.7535136,139.6181764,135.9332006,134.0624164,138.0784936,142.1746088,143.0848415,139.9900466,136.1944073,138.1798897,143.3062586,142.3347235,143.1282503,136.3094258,134.2625431,138.128422,143.1498425,142.9676746,139.7390944,135.7270045,133.3990957,141.8587042,140.5373167,
0.007071425088000011,0.008568287219349406,0.010288968165331367,0.012028566509630769,0.013678360698136206,0.01592283020700839,0.018387180626796906,0.020783118550026968,0.024722657598290197,0.029096635131510812,0.03420877630184633,0.040194609303109016,0.04689263360236196,0.0546330726556031,0.06362829582745576,0.07335054603099103,0.08473716260325492,0.09845192785589926,0.1142618802310328,0.13264908308923087,0.1524834819408878,0.17528362596503014,0.20149296920802853,0.23137120886019708,0.2641393130278058,0.3000716207426578,0.3394677147793644,0.38265461854515487,0.42998916369144435,0.48186053819748836,2.4441779189170134,2.5238448240253724,2.60719270390883,2.596552118409327,2.431685101376677,2.375574755839275,2.2537135974715445,1.9239880211616842,2.0206993314262696,2.0571134850719606,2.1216954859031514,2.2284358934192063,2.263156993455867,2.3063250250096563,2.381769491372519,2.2000311069196283,2.062086453732538,2.144073241690401,2.2396208070460584,2.4192500112996744,2.5310304081173456,2.6479755696572806,2.770324131631964,2.898325755813405,3.032241639487436,3.172345048447118,3.3189218746128826,3.472271219417258,3.632706004144629,3.800553608471397,141.14835245602418,140.52184648878597,141.49744592795807,138.61152381511494,129.41398343796075,138.0022184139911,142.08223692194093,141.75441506032953,139.68594541101876,133.59264517984204,130.2009983378428,138.74202399732786,141.81601167299448,142.85478560239008,139.66346811285817,133.66619154711046,138.96738018372838,142.8760701305211,141.93449101279367,142.70789980568543,133.37086271001982,129.73122410445964,138.08982599924607,141.8305041354168,141.80045084757967,138.38169883090993,131.81465541071248,127.84709466214753,139.59003913227932,138.18388195345233,143.5996018,143.0542596,144.1149276,141.2201045,131.8593469,140.393716,144.3543377,143.6991862,141.7313674,135.6788553,132.3569026,141.0106545,144.1260613,145.2157437,142.1088659,135.9395732,141.1142038,145.1185953,144.2883737,145.2597989,136.0543766,132.5544833,141.0616431,144.9602011,145.0968318,141.8541155,135.473045,131.7020205,143.6527343,142.4662961,
0.7200372510240011,0.872452991954034,1.047658747910736,1.2247907395712043,1.3927785577922698,1.6213182983769492,1.8722470828500406,2.1162098674935885,2.5173475209811174,2.962721221454222,3.4832573268824514,4.09275579228116,4.7747720681673655,5.5629306625463775,6.478855767374156,7.468809309016066,8.628234459269063,10.02471985620996,11.634544538695732,13.506793885224845,15.526401792702494,17.847992253153503,20.51671930957919,23.559026238785215,26.89558928689723,30.554342614264804,34.56579078747823,38.963232474377676,43.783001522549164,49.06472641412003,2.1350960089090116,2.2046885249948938,2.2774965330833754,2.2682015175869137,2.1241829879443928,2.0751681540044413,1.9687171174991875,1.680687446432386,1.7651689937715298,1.7969783450936967,1.8533935394029275,1.9466359405853384,1.9769663357416989,2.0146754939701608,2.080579525660698,1.921823120773909,1.801322450102359,1.872941485033198,1.9564064504405556,2.1133203944366348,2.2109654460805936,2.313122144957805,2.419998949770627,2.5318139509652866,2.648795315762427,2.771181753750095,2.8992230039892517,3.033180344625774,3.1733271260488563,3.319949328683684,146.5744364400962,145.73900598308177,146.71392381903814,143.43726594287574,128.01524165429893,142.89774414765597,146.37398279969,145.69015288611524,143.17967708529068,132.4390740334976,126.69187363376241,141.1990245671837,143.17938039614364,143.60754044353882,139.29552080702328,128.07177967027107,136.91698199069273,139.11257125882418,136.50901771093444,135.6108985204128,119.84113426129493,112.06450060197065,124.35493854073623,124.75456751033987,121.51696199743525,114.26438063208475,99.5256439086372,89.3788543811065,102.52853075151741,95.81982635731752,149.4295697,148.8161475,150.0390791,146.9302582,131.5322032,146.5942306,150.214947,149.4870502,147.4621936,137.1987736,132.0285245,147.2384163,149.9311188,151.1851466,147.8549561,137.4624121,147.3465389,151.0102326,150.0999687,151.2310128,137.5785015,132.225615,147.2916568,150.8454077,151.0613466,147.589905,136.9906577,131.3752672,149.4848594,148.2045021,
4.521153638092007,5.478180487228369,6.5783070984998995,7.69052865006448,8.7453334319354,10.180347076192794,11.755942762678611,13.28779855178065,15.806564016847371,18.60309006232742,21.87156499673972,25.698639499246276,29.98105733606747,34.929948648707864,40.681092931899784,46.89706585548288,54.17716036268634,62.94576924221671,73.05394726989523,84.80990424633968,97.49113375971051,112.06852838964181,128.82561286419406,147.9284259778365,168.8788895021079,191.85240357153174,217.04050804327784,244.65228709047074,274.91588294737096,308.08012504035503,1.5354853993500084,1.585533871132083,1.6378948108318139,1.6312101650257258,1.5276371413400396,1.4923874094533607,1.415831595748752,1.2086908617221601,1.2694469972366638,1.2923231556455497,1.3328949645018553,1.3999515956877688,1.4217641412242599,1.448883231719478,1.496279076213997,1.382107094841823,1.2954472820483958,1.3469531543805884,1.4069782001890614,1.5198251489703103,1.5900480103744157,1.6635154886129735,1.740377499798655,1.8207908868530545,1.9049197395568864,1.9929357293879686,2.0850184598302435,2.181355832868676,2.2821444324178826,2.387589925466861,152.19319996258716,150.55225904167023,150.7162419907005,145.79388978494364,122.32449422676017,144.87134931439118,145.90979974161186,143.8300585865384,138.60118668595925,120.02526518207253,109.89334573880623,130.1334014051161,127.39405392276093,123.76761121962797,113.91446869194435,91.91037434973637,101.87484615532938,95.63108000347002,84.51478432998643,73.86529850476434,41.22675802999315,19.564448621827175,26.722856336093326,10.000031735400782,9.517803486916139e-11,9.989409754855301e-11,1.049004367573986e-10,1.1014198520817803e-10,1.1567544005199147e-10,1.2144604970725436e-10,158.249839,157.6159734,158.9324439,155.1156286,132.5974648,156.5440838,159.0815741,158.326548,155.6771977,139.9206784,133.0978057,157.2319925,158.7968754,160.1464431,156.0918407,140.1895473,157.3474538,159.9238024,158.9757098,160.1950279,140.3079398,133.2964925,157.2888467,159.7492486,160.015305,155.8120238,139.7084338,132.4392578,158.3083922,156.9681601,
13.794180694112022,16.714099445573616,20.070620032360146,23.464042659033385,26.6822849314374,31.060556295769175,35.86774785350198,40.54148762075142,48.22631957569512,56.75860772050187,66.73082663816868,78.40735025210253,91.47314057408975,106.57236224771819,124.11928274426165,143.08440991339683,165.29620520751934,192.04950425516734,222.889870534092,258.75766175423666,297.4484883293683,341.92457378695315,393.0509609110195,451.3342392396544,515.254756570528,585.3476641820672,662.1973561496388,746.4417548035216,838.7769292126434,939.9620657139898,1.4713044284400079,1.519260949681299,1.5694332811734162,1.5630280434673371,1.4637842157629646,1.4300078694374652,1.356651973136465,1.1581694089827126,1.2163860297823832,1.2383059993157546,1.2771819678305794,1.3414357330971638,1.3623365471700126,1.3883221006358875,1.4337368704044304,1.3243371054390594,1.2412995419527995,1.2906525466020782,1.3481686361413896,1.4562987528771647,1.52358640472024,1.5939830533138817,1.667632348503644,1.7446845774138515,1.825296971120182,1.9096340254919268,1.9978678368586242,2.090178453186024,2.186754241477979,2.2877922721539306,151.48706897747715,147.40766270477576,144.8398208864987,137.27526409753312,109.52416725283524,132.1021269348307,130.40457827340074,124.68811977030707,113.4472164945658,87.27116938022792,70.18171019404853,85.56718221485043,74.04657387879287,59.79083975170124,37.770756485392006,1.1384804812251963,6.440182696707318e-11,6.758330058972471e-11,7.096492149436501e-11,7.451682603473266e-11,7.824680661593031e-11,8.216316298076309e-11,8.627538096398055e-11,9.059345077804923e-11,9.512735291269511e-11,9.988784375657421e-11,1.048861947558269e-10,1.1013469390772206e-10,1.1564585138708763e-10,1.2143246953680083e-10,166.7525541,165.6410231,166.4798742,162.3023348,137.6702364,164.5926911,167.6289781,166.3877768,162.8899221,145.2680831,138.1897188,165.3159682,166.882051,167.7515241,163.3237761,145.5472275,165.4373658,168.5164591,167.0699908,167.8024161,145.6701446,138.3960067,165.3757455,168.3325266,167.6141584,163.0309949,145.047727,137.5059768,166.8142533,164.9602263,
24.099948848612037,29.201367636200093,35.06557778718042,40.99425985522494,46.61688260225649,54.26620359243155,62.66489527379335,70.83043201861167,84.25667755876007,99.16352214861185,116.58608396306705,136.98625328559393,159.8136241464809,186.19362293420332,216.85002042491215,249.98418075084385,288.79062691061364,335.5315789742,389.4130864211626,452.0780574612441,519.6751813534374,597.3797879758384,686.7032020898982,788.5304912633012,900.2066561774249,1022.6666648975965,1156.9315180643105,1304.115736059024,1465.4354280025516,1642.2169758159105,1.7503849559120095,1.8074379842969188,1.8671271230973414,1.8595069246509544,1.7414382913871753,1.701255167262066,1.6139849498748644,1.3778537403236693,1.447113028382648,1.4731908299331702,1.51944088472775,1.5958824571918384,1.6207477874472622,1.651662342571616,1.7056914940119812,1.5755405211241136,1.4767521948658648,1.5354665949569097,1.6038924733179523,1.7325329680767343,1.8125839019474652,1.8963335544755848,1.9839528233514137,2.075620502518883,2.171523647018506,2.2718579546877593,2.3768281654977668,2.4866484793411536,2.601542993123604,2.721746158050986,147.5688211955051,141.72549697953366,135.71195758975446,124.25808582015794,95.70348500639192,115.72321674034374,110.05173737637107,101.30474894110586,82.0130614129006,50.61668912150047,26.499881252253015,33.86300785726447,12.594103366124546,5.558648613314113e-11,5.836744603036172e-11,6.128956941748941e-11,6.435831858380692e-11,6.758037166631009e-11,7.096354637895402e-11,7.451590819136595e-11,7.824585898329104e-11,8.216237872879181e-11,8.627477144415742e-11,9.059273389478638e-11,9.512659217835332e-11,9.988713421316785e-11,1.0488569535545083e-10,1.1013420267505723e-10,1.156452435547788e-10,1.2143175294500077e-10,173.419155,172.7343026,172.6446625,167.1118526,144.0618059,171.6906755,174.3306176,173.5130347,167.716852,151.2534021,144.6054061,172.4451436,174.0284753,173.9634019,168.1635624,151.5440478,172.5717765,175.2535792,174.2244633,174.0161785,151.6720294,144.8212713,172.5074988,175.0622932,173.8209496,167.8621052,151.023967,143.8899203,173.4833209,172.0243519,
32.19148633755605,39.005702178194674,46.83881593879558,54.758048008209705,62.26846159785191,72.48603565552393,83.70458098158487,94.61168979790793,112.54578594829256,132.4575910299005,155.7297632713599,182.97927222904283,213.4709135933725,248.70797471305283,289.65723179156635,333.91615848634444,385.7518361970579,448.1860234731839,520.1582015770273,603.8628837633677,694.155684959871,797.9495476839511,917.26322271037,1053.2789382957894,1202.4502813408064,1366.0261346497,1545.370298966429,1741.9714939500261,1957.4541363323938,2193.58993964525,2.211780320495012,2.2838723280160873,2.3592953154567464,2.349666459298528,2.200475346430156,2.1497000910466237,2.0394257489766745,1.7410511768141204,1.8285669714528656,1.8615187904663961,1.9199601982669836,2.016551502409947,2.0479712469271756,2.087034770873699,2.1553058180426237,1.9908475029991892,1.8660189187642484,1.9402102297741062,2.026672930827592,2.1892226109795043,2.2903746915972665,2.396200460199966,2.506915862512565,2.6227468219385277,2.743929700574122,2.8707117815236924,3.0033517735000967,3.142120338739981,3.28730064531115,3.4391889449389743,144.45094934197814,136.7458280938199,128.38368404577992,113.46372333252567,85.65116085575355,102.81387475346679,94.05023756947766,82.48529242531912,56.814609080297814,22.31246457967861,4.8008130036383995e-11,5.0413270328177456e-11,5.2933191312810535e-11,5.558352821147837e-11,5.836673175658299e-11,6.128922547475199e-11,6.435795261593536e-11,6.758007380313046e-11,7.09633021584789e-11,7.451570316017912e-11,7.824572135713685e-11,8.216226905194666e-11,8.627461898159222e-11,9.059259347592466e-11,9.512646446114665e-11,9.988701709281311e-11,1.0488559642414773e-10,1.1013411235116582e-10,1.1564508838582948e-10,1.214314687592226e-10,178.854216,178.0354026,177.5817953,170.5714378,150.1200978,177.4496105,179.7942443,178.8380334,171.188962,156.6315744,150.6865583,178.2293853,179.3692925,178.9382468,171.6449203,156.9325546,178.3602657,180.7461321,179.5712952,178.9925327,157.0650869,150.9115013,178.293832,180.548851,178.7917208,171.3372223,156.3939811,149.9409839,178.9203929,177.3036639,
38.10374303153606,46.16945104608649,55.44118676965624,64.81485720586774,73.70462596272127,85.79874961444644,99.07768193243515,111.98797961786126,133.2158342143072,156.78462181758331,184.3309383056072,216.58506525617773,252.6767714598988,294.385436540219,342.85539386653386,395.2428714730571,456.5986387291427,530.4994273850825,615.6899448757079,714.7677466000642,821.6436347871623,944.5001761726052,1085.726883311348,1246.723111337978,1423.291116414067,1616.9091499304252,1829.1914869332286,2061.9002638687093,2316.9582362468022,2596.4625087625245,2.722509800797015,2.811248811274933,2.9040879692192574,2.892235682164209,2.7085943579276988,2.6460944210493835,2.5103562673639,2.1430830397771,2.2508073948682052,2.2913682269667333,2.363304532772124,2.482200053165455,2.5208750343984683,2.568958845350488,2.6529945849335554,2.4505606585714177,2.2969074947150805,2.3882305657663276,2.494658653963086,2.6947432162630873,2.8192526570520506,2.9495150025155663,3.08579606311736,3.228373930978272,3.3775395473448935,3.5335972962778417,3.696865625771151,3.867677697570204,4.04638206701421,4.233343394290419,143.48134446769612,133.81957604266924,123.91874156115672,107.28787591200194,79.1619982793866,94.17901716454156,83.68824950024015,69.49332534240283,40.16186599086787,1.07949735549544,4.800405265302645e-11,5.0408429833510626e-11,5.2932556370985736e-11,5.558325546193498e-11,5.836658174828796e-11,6.128913039756986e-11,6.435784987269592e-11,6.757998638573596e-11,7.096322901070752e-11,7.451564133881194e-11,7.824567437145048e-11,8.21622292932016e-11,8.627456400674694e-11,9.059253802316415e-11,9.5126412101658e-11,9.988696827946259e-11,1.0488555514694048e-10,1.1013407166962076e-10,1.1564504923750784e-10,1.2143141014950386e-10,184.3075973,182.8002759,182.2640163,174.9949688,155.5752186,182.6238612,185.2762877,183.624388,175.6285076,160.1554874,156.1622633,183.4263735,184.1698655,183.6562327,176.0962906,160.4632391,183.5610702,186.2571992,184.3772746,183.7119499,160.5987531,156.3953804,183.4926994,186.0539029,183.5058433,175.7806128,159.9125487,155.3895959,184.375792,182.0489533,
40.65117158866406,49.25611310877106,59.14771140953742,69.14805927569455,78.63215417994863,91.53483136244748,105.70152768217791,119.47494427373505,142.1219886584596,167.2664692992354,196.65439681238092,231.06487580456354,269.5694956945526,314.0665966620601,365.7770165684851,421.66686286304804,487.1245744746604,565.9660058191837,656.8519416542094,762.5535971370064,876.5746807294719,1007.6448052712003,1158.3132343556488,1330.0728771083727,1518.445349216314,1725.0077306762937,1951.4822190120317,2199.748758432136,2471.8586504082946,2770.0492017249353,3.5341937598600195,3.649389252267576,3.769907302406986,3.754521396748259,3.5161295929872214,3.4349960423045673,3.2587891703991967,2.782017792488666,2.9218588844973974,2.974512446903447,3.0678957078233404,3.2222385153777546,3.272443982882924,3.334863410929489,3.443953408090473,3.1811662110990846,2.9817031815353925,3.1002531414826757,3.238411500019604,3.498148897959539,3.659779349593246,3.8288778660970664,4.005789506167182,4.190875271787077,4.384512844880204,4.587097357999372,4.799042200625504,5.020779862721062,5.252762817259492,5.4954644435314295,145.3211628515051,135.87074423899205,122.86825978808783,104.75345042759105,78.64078712709977,92.79148619528524,81.54222654746206,67.37033793381741,33.25535625708625,4.5718031204625057e-11,4.800379978697632e-11,5.0408171515151885e-11,5.293246605196503e-11,5.558319932924877e-11,5.836654763848732e-11,6.12891099704224e-11,6.435782914521795e-11,6.757996923155523e-11,7.096321572355841e-11,7.451563292889859e-11,7.824566742495264e-11,8.21622253654126e-11,8.62745573467476e-11,9.059253064109459e-11,9.512640657658593e-11,9.988696610220748e-11,1.0488555615828027e-10,1.101340732737082e-10,1.1564505087463504e-10,1.2143139621745024e-10,189.5065282,188.7762466,185.7858785,177.6560311,160.7890709,187.7613136,190.5025434,189.6273,178.2992038,163.7511914,161.3957895,188.5864017,190.1906099,187.2049965,178.7741001,164.0658526,188.7248876,191.5111243,190.4047994,187.2617904,164.204409,161.6367191,188.6545934,191.3020935,187.0517012,178.453622,163.5027984,160.5972274,189.5766465,188.0003623,
40.86199889153207,49.51156782435863,59.45446646677088,69.50667867744671,79.03996050721035,92.00955425136917,106.24972265711624,120.09457168611105,142.85906939626187,168.1339557013357,197.67429647226302,232.263236950125,270.9675515805635,315.69542581771617,367.6740290982727,423.8537343339559,489.65092626683986,568.9012493031651,660.2585426900621,766.5083938106038,881.1208197084554,1012.8707072130651,1164.3205410464998,1336.970972940298,1526.320392542667,1733.954058987932,1961.6031015536778,2211.157214316758,2484.6783373194057,2784.415380587396,4.609716383726025,4.759968063391583,4.917162056706866,4.897093926261097,4.586154946054538,4.480330907174873,4.2505009206097135,3.6286389115123816,3.8110363171872534,3.879713363715206,4.001514933486877,4.202827203565142,4.2683111531832205,4.349726004682606,4.4920141703528245,4.149255813082503,3.8890923761565666,4.043719351866212,4.223921936152818,4.562702382303996,4.773520065665659,4.994078488592165,5.224827717727626,5.466238614850114,5.718803797701799,5.983038645213832,6.259482349177196,6.548699014505552,6.851278810335232,7.167839174311148,149.53501312477107,140.12387661228044,125.38271777655449,105.52324949632607,81.55894854677072,96.93223464149327,85.53142822231321,71.54858810241768,33.90831088659413,4.5718662778055004e-11,4.8003870290356635e-11,5.0408251111314233e-11,5.293249396110507e-11,5.5583209848042025e-11,5.836655446187654e-11,6.128911816923455e-11,6.435783957816735e-11,6.757997967945394e-11,7.096322689980855e-11,7.451564715570585e-11,7.824567894919248e-11,8.21622385877887e-11,8.627457184610228e-11,9.059254515328104e-11,9.512642277725111e-11,9.988698582044351e-11,1.0488557950364794e-10,1.1013409803069827e-10,1.1564507798682875e-10,1.2143141362398809e-10,195.0067284,194.3954125,189.7543463,179.9270221,165.185064,193.4221198,196.0316518,195.2717987,180.5784166,166.2659279,165.8083703,194.2720833,195.8518761,191.2037773,181.0593835,166.5854214,194.4147445,197.0695055,196.0724413,191.2617842,166.7261056,166.055887,194.3423309,196.8544078,191.0472075,180.7348087,166.0137203,164.9879754,195.0788818,193.5964331,
39.31797508147606,47.64070879475167,57.20790207126613,66.8802783605956,76.05333272884414,88.53285349343845,102.23493860237849,115.55664199172548,137.4609535278778,161.78079535862025,190.20491590672995,223.4868682510893,260.7286899795058,303.7664632752269,353.7809873806145,407.83786933601516,471.1488287365927,547.404575172602,635.3098143272507,737.5448765388969,847.8265227559915,974.5980692886064,1120.3251740385085,1286.45178465846,1468.646390002662,1668.4343481258322,1887.4813753327355,2127.605761150093,2390.7915325320228,2679.202621512019,5.718681092123031,5.905078989094868,6.1000893199996105,6.075193376609333,5.689451452618343,5.558169204458844,5.273048756872716,4.501584697632685,4.72786165444669,4.813060416094755,4.964163927908023,5.213906119547673,5.29514361733398,5.3961445321692665,5.5726631235350625,5.147446998784114,4.824695748216391,5.016521511173236,5.2400756359236516,5.660356878957473,5.921891211954992,6.195509625302751,6.481770458688842,6.781257849644319,7.094582925521346,7.422385050546156,7.765333130491569,8.124126977631306,8.499498738761433,8.892214389202683,155.29317502643013,147.09472821618414,130.5902020087665,109.81028906282891,88.84219511857307,105.92412700214008,93.87474444078799,81.48683001068301,41.23861731771878,2.7016527253304607,4.800439551999428e-11,5.040876480405154e-11,5.293264109545244e-11,5.558327010566463e-11,5.836659042237702e-11,6.128914638205764e-11,6.435787264066538e-11,6.75800088833039e-11,7.096325435175415e-11,7.451567492678095e-11,7.8245700584229e-11,8.216226036994684e-11,8.627459799497464e-11,9.059257306016406e-11,9.512645103383455e-11,9.988701628374188e-11,1.0488561184800797e-10,1.1013413130376575e-10,1.1564511798746814e-10,1.2143144812927463e-10,200.3298312,200.640516,193.8981934,182.7657608,170.5849793,200.0151497,201.3827318,201.5450567,183.4274325,169.2955085,171.2286615,200.8940853,202.1437697,195.379277,183.9159877,169.6208236,201.0416092,202.4489159,202.3714207,195.4385507,169.7640713,171.4842696,200.9667274,202.2279467,195.219288,183.586292,169.0387054,170.3814479,200.4039541,199.8158687,
35.232946411936055,42.69097115285932,51.26415955652354,59.931602749410175,68.15160218530542,79.33453532045425,91.61301175202708,103.55062707071883,123.1791413302745,144.97221897971335,170.44315215983488,200.26720187255472,233.63970151225172,272.20596941071204,317.02412304075017,365.46464474066585,422.1977708802093,490.53075654934906,569.3028849218331,660.9160074404675,759.7396961816913,873.3400302855249,1003.9264926295348,1152.7930087062211,1316.0580993761732,1495.088642218654,1691.3772902296946,1906.5534176922686,2142.3949166572625,2400.8408926156676,6.744226326645037,6.964051419833095,7.194033436047827,7.164672841509578,6.7097548635418764,6.554929444884067,6.218677641732493,5.3088650233031105,5.575720786839242,5.676198453288574,5.854399731870667,6.148928808872381,6.244734828207125,6.363848487086554,6.572022594342032,6.070551409489741,5.68992037831812,5.9161467301327555,6.17979136939207,6.675442687974606,6.983878620230551,7.306565700875178,7.644162398034783,7.997357604069663,8.36687204131264,8.753459732759126,9.157909540709783,9.581046776505485,10.02373488463936,10.486877204682276,163.6879747614481,156.98796972733825,139.05974870746084,118.77167530911414,102.10701315118827,118.79702543469902,108.91440030627962,98.71510160601922,57.785991282929515,21.660262367043533,1.3385875083422254,5.043883963233625e-11,5.2933378981690135e-11,5.5583476290176665e-11,5.836669608597414e-11,6.12892178469541e-11,6.4357959636839e-11,6.758008332914553e-11,7.096331940530407e-11,7.451572997077219e-11,7.824574168477089e-11,8.216229957909102e-11,8.627464996087284e-11,9.059262557397407e-11,9.512650069862553e-11,9.988706423197731e-11,1.0488565944175725e-10,1.1013418029213099e-10,1.1564517844934232e-10,1.2143151109062683e-10,205.6651475,206.6429923,197.5179417,185.8679509,176.9683702,204.6864902,206.7460897,207.5745937,186.5408534,172.3086798,177.6361394,205.5859533,208.1912181,199.0266747,187.0377012,172.6397849,205.7369226,207.8406691,208.4256796,199.0870549,172.7855821,177.9013125,205.6602919,207.6138149,198.863699,186.7024094,172.047306,176.7572225,205.7412446,205.7936743,
29.507339408820048,35.753381530214895,42.93336520472755,50.192286587826246,57.07647704012121,66.44210317161011,76.7252389404335,86.72290597691031,103.16164560361834,121.4131915131285,142.7449149976738,167.72234229341126,195.6715709010891,227.97054309904948,265.5054246663247,306.0740134589866,353.5875988727737,410.8159832770443,476.7870746716203,553.5124063782914,636.2765354756808,731.4159988678648,840.7812225857542,965.4558599301698,1102.1892000171629,1252.1259929959278,1416.5163250232831,1596.7247853512765,1794.2403457952196,2010.686993267907,7.572265423943041,7.819080087603809,8.07729871568147,8.044333301402588,7.533561641548087,7.359727148506505,6.982191197098157,5.960674080215299,6.260293721303143,6.373107782202438,6.5731881642884415,6.903878778468258,7.011447619203619,7.145185752677666,7.378918951740551,6.815878399682189,6.388514450576044,6.642516303251546,6.938530566323344,7.495036703610906,7.84134162165555,8.2036474081421,8.582693376252534,8.979252998813541,9.394135486628075,9.828187439733037,10.282294574952605,10.757383533272384,11.25442377072249,11.774429536627789,173.49745346726604,168.8242629822119,149.3969585796232,129.50408161080503,119.87036811836629,134.22308397992074,127.97638666250751,120.67068534291553,78.99844477512185,49.53954650471454,35.85841863808553,34.31282652817067,11.305040379759914,5.558439914970721e-11,5.836699629976078e-11,6.128939670410726e-11,6.435822286887405e-11,6.758030579817638e-11,7.096350286365382e-11,7.451584231816012e-11,7.82458190828983e-11,8.216237585249213e-11,8.62747590578665e-11,9.059273322360107e-11,9.512658541045302e-11,9.988713810409963e-11,1.0488572759412047e-10,1.1013425022007732e-10,1.156452459913962e-10,1.214316513303003e-10,210.5770583,212.3967246,200.4076225,187.7407015,184.4804068,208.0249143,211.6838168,213.3542654,188.4203841,177.3258458,185.1765218,208.9390476,213.9880589,201.9384282,188.9222379,177.6665918,209.0924793,212.804538,214.2290488,201.9996918,177.8166343,185.4529511,209.0145987,212.5722659,201.7730682,188.5835678,177.0568615,184.2602962,210.6549728,211.5237584,
21.491929622436032,26.04128921843077,31.270893341150835,36.55799243669723,41.57215297005744,48.39368895807814,55.88350114275264,63.16538967087531,75.13868994860736,88.4323635920739,103.9695116047502,122.16203998394535,142.51910592998715,166.044345794483,193.38320619981053,222.93169388734555,257.53863081495894,299.2214268468728,347.27205024342726,403.1556189532832,463.4375987407124,532.7332618708812,612.3903823832196,703.1982486698014,802.7891769292252,911.9969559792794,1031.7320970433614,1162.9885106791871,1306.8507025760398,1464.5015178543815,8.156659502074044,8.422522233884033,8.700669037832888,8.6651594981425,8.114968732302584,7.9277184590920715,7.521045946571249,6.4206926399362185,6.7434356046452635,6.864956157648097,7.080477861966616,7.436689720556215,7.552560250415994,7.696619703712694,7.948391401130783,7.341897860310285,6.881551844797087,7.155156441199522,7.47401578070439,8.073470609416065,8.446501815038138,8.836768765620423,9.24506783127849,9.672232178063473,10.119133468102298,10.586683638292161,11.075836761178808,11.587590991815855,12.122990604577902,12.683128124083407,185.44547307551903,181.99844904771587,162.49370862104848,145.5074154651941,141.36069429767548,154.8967821828671,152.82001411071525,147.85204748922956,109.53894864679059,87.72052755032338,80.71872293333085,82.5476254955485,68.01238871964942,30.270828501859512,5.837212932528782e-11,6.129032216664056e-11,6.435971641817973e-11,6.758160165518102e-11,7.09645019133455e-11,7.451616343336315e-11,7.824604017066238e-11,8.216257969226733e-11,8.6275209384935e-11,9.059331612746097e-11,9.512693733132436e-11,9.988738887143116e-11,1.0488595089282922e-10,1.1013466942882709e-10,1.1564587984706624e-10,1.2143187388613003e-10,215.0940622,216.4622605,202.465271,190.7305674,191.047816,211.2181896,216.2245612,217.4381298,191.4210742,183.0178473,191.7687124,212.1463552,218.0840549,204.011794,191.9309203,183.3695309,212.3021421,217.3693226,218.3296576,204.0736866,183.5243897,192.0549824,212.2230661,217.132068,203.8447361,191.5868567,182.7402288,190.8198697,215.173648,215.5725846,
12.70621081875602,15.395830742724849,18.487616992227053,21.613394756618053,24.577808931390482,28.610758782530826,33.038799181100444,37.34391335290649,44.422629885009556,52.28196233384161,61.46765583086435,72.22323269032618,84.25850249186614,98.16682354685601,114.32978936505785,131.79910554694663,152.25901976212296,176.90224180877476,205.31017732573784,238.34901645308202,273.98823346184525,314.9564164042582,362.05038070740875,415.73676035357164,474.6157606262524,539.1803245363046,609.9687540305788,687.5686574487256,772.6212037394739,865.8257009561515,7.878552053990043,8.135349995751419,8.404013174961584,8.369714359767348,7.838282762409114,7.657416928272265,7.264610221309995,6.201774289284171,6.513513089570333,6.630890307807656,6.839063637319124,7.183130184345279,7.295050021233353,7.434197658986135,7.6773850107844375,7.091570323957308,6.646920152505944,6.911195994156486,7.219183584364365,7.798199549272513,8.158511975028286,8.535472480040498,8.929850281585924,9.342450138291772,9.774113992308346,10.225722687357598,10.698197766163362,11.192503350931048,11.70964811071406,12.250687319681264,196.8136022272831,195.26560256155435,177.3926918328436,162.2689405836485,164.09911300623594,178.8874326892342,178.23756579762875,176.2374896578505,142.0119217254634,128.37758535839623,128.95001213186424,136.69471352537872,128.88251618695315,100.24371849421317,71.45480362421583,48.75965582915712,57.35382738543514,35.88456269713606,8.15495928996847,7.451870345709389e-11,7.824685157502238e-11,8.216427736997099e-11,8.627559045930541e-11,9.059515218406897e-11,9.512815126475524e-11,9.98889645181568e-11,1.0488721303537439e-10,1.10135535139223e-10,1.1564645482981126e-10,1.214358099929044e-10,217.3983651,218.7967833,204.284322,192.2520497,196.5152047,215.1556084,218.5409752,219.7831773,192.9480647,187.290438,197.2567316,216.1010764,220.4360687,205.8447397,193.461978,187.6503317,216.2597673,219.6980005,220.6843202,205.9071884,187.8088057,197.551194,216.1792172,219.4582042,205.6761809,193.1151698,187.0063385,196.2807349,217.4788035,217.8975124,
4.573808355480008,5.541981027631414,6.654920044860459,7.78009486370113,8.847184219849948,10.298910465344706,11.892856013885792,13.44255225702035,15.990652023538884,18.81974725387306,22.126287832087257,25.99793359725883,30.33022576240086,35.33675335425449,41.15487719645492,47.4432432134346,54.80812389459266,63.678854634912625,73.9047555492612,85.79762594245062,98.62654487529464,113.37371223491719,130.32595476378117,149.65124499417985,170.84570392854388,194.08677446420742,219.56822718922345,247.5015813339889,278.1176361459584,311.6681189939747,7.002066283779038,7.230295557055279,7.4690700648517545,7.438586979152842,6.966276934807524,6.805532352501208,6.456425234846279,5.51182937588284,5.788887359110099,5.8932064086855975,6.078220538409607,6.384009819460051,6.483478619182348,6.607146137794835,6.823278993806876,6.302635956981673,5.907452939561693,6.142328199350252,6.416052293122631,6.930652963127705,7.250880775385848,7.585904574730497,7.936408003323523,8.303106290716183,8.686747713330737,9.088115121376783,9.508027536318082,9.947341822149651,10.406954433895457,10.88780324689443,205.96091156077009,205.09477531534392,189.09785929031995,176.73724035717984,182.588953645378,197.3008889821914,200.33084255130703,199.89487286713793,170.87132581739422,164.02356033748674,170.94655442955084,182.9655593833312,182.68566711846938,162.83025190800592,145.18583070979633,135.3533073296448,154.79006356590972,150.01670286580446,139.42576025768687,112.10799649449598,83.38145844939756,78.48873629043422,77.1630084329813,61.64358541519425,25.07401765822024,1.0000830633353697e-10,1.049281088171489e-10,1.1016736757492625e-10,1.1566288329016116e-10,1.2150945234125204e-10,217.5367862,217.8670519,203.2218494,191.9559222,198.4024148,214.4053318,218.6801238,218.8492545,192.6508652,188.736514,199.1510628,215.3475028,219.4993715,204.7741514,193.1639869,189.0991865,215.5056404,219.8378857,219.7465681,204.8362754,189.2588841,199.4483531,215.4253712,219.5979367,204.6064693,192.8177129,188.450221,198.1656933,217.6172758,216.9716023,
0.6176883050520009,0.7484390690498747,0.8987403850975388,1.0506941340787743,1.1948034986412124,1.39085769555674,1.606118469009107,1.8154034174307776,2.1595217764779946,2.541588295632015,2.988133337882357,3.510995277995195,4.096067059866083,4.772193670790428,5.557925554454857,6.407163179796321,7.401783048248881,8.599766481244266,9.980764308983552,11.586884719903424,13.319417562427018,15.311007962092436,17.60039158743358,20.210252963184246,23.072543727941845,26.21122736989374,29.652472415747006,33.42484432884319,37.55951231980232,42.09047192138636,6.193057593551034,6.394917584109595,6.606104427924689,6.579143314203178,6.161403294600773,6.019230910660265,5.71045912839877,4.875000519453247,5.120047620885921,5.212313797174799,5.3759516598519745,5.646410486187719,5.734386803531163,5.843765954510198,6.034927130496501,5.574438443005873,5.2249143043177195,5.432652413644179,5.674750818425348,6.129895265487247,6.413124415854729,6.709440046193479,7.019446811631036,7.343777305122682,7.683093348306652,8.038087342002742,8.409483679110114,8.79804022278743,9.204549852931628,9.629842084110866,205.90980280142603,205.70803924687107,192.60504068700988,182.57382735175185,188.2000580067935,203.34403339382027,206.5219953026312,207.12058256315706,183.61269470267928,179.16937610723858,187.9300883023133,202.52284263586714,204.6156828366553,191.0224572747546,179.80784901510668,175.30086487725876,199.20899564749735,200.93828320517872,199.03212737266168,183.98280951468348,167.70808772179615,174.56675079179593,187.13695230102132,187.18203533178328,170.71766542384628,156.80827388820308,148.57777960524746,153.10005464847916,166.03519412738132,160.25624689462384,212.7205487,212.8513959,200.1098855,190.2036648,195.5562648,210.754122,213.8385729,213.8109865,190.8922641,186.9232782,196.2941733,211.6802484,214.4461367,201.6384169,191.4007017,187.2824665,211.835693,214.9707021,214.6876425,201.6995895,187.4406297,196.5871988,211.7567907,214.7360656,201.4733025,191.0575886,186.6397357,195.3229392,212.7992563,211.9765609,
0.021098637196000036,0.02556474560395948,0.03069865037669763,0.035888997990705385,0.040811401692671244,0.04750810670981679,0.054860858776604744,0.062009492094117,0.07376368648413201,0.08681409201462142,0.10206691736529618,0.11992653084317925,0.13991107184605922,0.1630058106419522,0.18984438247693275,0.21885214643121986,0.25282579233122954,0.2937458123686178,0.34091713145888675,0.39577805656614784,0.45495690385140225,0.5229844882202529,0.6011839200671446,0.6903300441696256,0.7880985042507956,0.8953078311765955,1.0128518742338428,1.141706355874217,1.2829359358317283,1.4377018137052076,5.751950054859031,5.939432339050321,6.135577160815367,6.110536382943224,5.722550369189537,5.590504374258438,5.303725211770533,4.527773088127965,4.755366432326227,4.841060845747973,4.993043416390158,5.244238506614886,5.325948611151436,5.427537108266243,5.605082613066055,5.1773927536932245,4.852763867503728,5.045705594798646,5.270560266602829,5.693286535122053,5.956342368591187,6.231552582679521,6.519478765268562,6.820708452164152,7.135856326009046,7.465565470590735,7.810508683104005,8.171389847046012,8.548945368545358,8.943945679055933,201.54297310797406,201.49966571537632,190.7092880888401,182.13751681909991,185.75676792915337,200.85159471906908,203.04705472949206,203.81018591981913,184.13646128123295,179.55861126228294,187.14769796629233,202.0328287625921,203.5531851170552,192.78884708114717,183.6739704045152,179.44474709993662,202.44370344022917,204.1695548929001,203.642961202009,192.35050930838608,178.5857941276355,185.77524892918223,200.3513246147503,201.7692926037566,190.29298956983504,180.7683740983323,175.3832794427668,181.97852359718965,197.56084839573825,196.23032020736,207.3160218,207.4646628,196.8755639,188.2839422,191.5201297,206.4896072,208.4056408,208.3999685,188.9655914,184.4864862,192.2428083,207.3969938,209.0190448,198.37939,189.4688974,184.840992,207.5492931,209.5090063,209.2544386,198.4395739,184.9970934,192.529786,207.4719873,209.2803311,198.2169444,189.1292474,184.20664,191.2916198,207.3927297,206.6119677,
0.0,0.0,0.0,0.0,0.0,0.0,0.0,0.0,0.0,0.0,0.0,0.0,0.0,0.0,0.0,0.0,0.0,0.0,0.0,0.0,0.0,0.0,0.0,0.0,0.0,0.0,0.0,0.0,0.0,0.0,5.236580510747028,5.407264551140788,5.585834973544075,5.563037826814951,5.209815010433111,5.089600217713507,4.828516209881432,4.1220886976142,4.32928988316649,4.407306154330933,4.54567122353486,4.77435945992783,4.848748412694507,4.941234671968974,5.102872259454638,4.7135030262597235,4.41796059587833,4.593614918190973,4.798322813928962,5.183173189540027,5.42265945726572,5.673211084054629,5.935339340019904,6.209579118288377,6.496490026491662,6.796657528689116,7.110694140052865,7.439240676752709,7.782967563591413,8.142576202058528,192.1294121892821,192.13210804888985,182.99183812648812,176.11624167321892,178.03971368960245,192.2658495823238,193.57479969015776,194.30784380242696,178.00772781687672,174.5164024457145,179.39532797651287,193.44833834012223,194.17064318735814,185.07688152808632,177.7197964406035,174.5540219738013,193.9502994041857,194.86011108187625,194.4452011861417,184.89259021053425,173.99626004281225,178.54237291602726,192.35903466006607,193.02644688180192,183.36602727360315,175.6982753714105,171.54160636005176,175.59164612335718,189.656051436524,188.58489499806265,197.3659927,197.5393726,188.5776731,181.6792795,183.2495287,197.3554498,198.4033159,198.4299325,182.3370177,178.9237086,183.9409992,198.2226978,199.0193916,190.0181162,182.8226687,179.267525,198.36826,199.453726,199.243524,190.0757634,179.4189195,184.215584,198.294374,199.236026,189.8625173,182.4949329,178.6523005,183.0308868,197.439019,196.7274712,
0.0,0.0,0.0,0.0,0.0,0.0,0.0,0.0,0.0,0.0,0.0,0.0,0.0,0.0,0.0,0.0,0.0,0.0,0.0,0.0,0.0,0.0,0.0,0.0,0.0,0.0,0.0,0.0,0.0,0.0,7.725674417219042,7.977489379595995,8.240939343021893,8.207306071670613,7.686186522281703,7.508830259587167,7.123645684287754,6.081433319187673,6.387123052240289,6.502222649969186,6.706356525728699,7.0437467088442185,7.153494821784289,7.289942399694078,7.528410875818176,6.953963501702082,6.5179414470589165,6.777089206055397,7.079100518563627,7.646881095070298,8.000201917321862,8.36984777482431,8.75657295874634,9.161166611952739,9.584454339311863,10.0272998924067,10.490606932087251,10.975320872460873,11.482430810083372,12.012971542287264,191.2952637828101,188.47515772043465,183.92385345701024,178.6511399283632,198.0912733777538,194.97998334045013,192.94331391575142,191.2568744808535,181.14781144780298,190.24821925007626,199.847580374319,196.33487259120588,190.77102917826838,186.34269350036124,180.50601912423994,190.17455029835895,197.01002625300518,194.34908829401186,191.06832288150707,186.04449860500395,189.29479038275608,198.49243032525757,194.6955868413397,191.7454853881376,183.88962286078302,177.67005150769293,185.96138566801736,194.55661822764895,187.61214609003198,183.63224065783388,199.0209382,196.4526471,192.1647928,186.858446,205.7774599,202.4888136,200.0669596,197.3383078,187.5349345,196.7504419,206.5539369,203.3786193,197.924524,193.6326359,188.03443,197.1285138,203.5279677,201.1261775,198.1474234,193.6913797,197.2949923,206.8622781,203.4521598,200.906652,193.4740772,187.6973514,196.4519926,205.5319391,199.0945769,195.6452122,
0.0,0.0,0.0,0.0,0.0,0.0,0.0,0.0,0.0,0.0,0.0,0.0,0.0,0.0,0.0,0.0,0.0,0.0,0.0,0.0,0.0,0.0,0.0,0.0,0.0,0.0,0.0,0.0,0.0,0.0,7.38496073205904,7.625670281603858,7.877501711417461,7.845351717150773,7.347214311778376,7.17767972297087,6.809482357982127,5.813233101920284,6.105441464954019,6.215464999936181,6.410596269409179,6.733107045702961,6.838015104302166,6.968445141918362,7.19639680502305,6.6472834109837455,6.230490574791386,6.478209533763384,6.766901700047262,7.309642312126659,7.647381162773933,8.000725090436692,8.370395120925828,8.757145594736903,9.161765706340685,9.585081114595951,10.027955627570703,10.491292965209807,10.976038603445895,11.483181703516365,175.04988146797012,172.7972661184268,169.25564868861477,165.52193738288307,180.88512148825714,178.81527087706647,176.5842074420571,175.42309779812095,167.88949373508927,175.04863050010925,182.53201203063855,180.07716075434718,174.9366992957505,171.51772985813696,167.26197039503512,174.96512568907727,180.7169589252727,177.88642456630387,175.21252440002345,171.23068138794758,174.11840273730402,181.22393440964518,178.50742217916016,175.40625800535335,169.17825339375415,164.5605444855036,170.96118167253388,177.5164557349,171.52630539666944,168.19820319660477,182.4348422,180.4229364,177.1331504,173.3672891,188.2323358,185.9929506,183.3936898,181.2363309,173.9949352,181.2640955,188.9426083,186.8102678,181.7747144,178.486175,174.4583672,181.6124091,186.9474495,184.3646341,181.9794261,178.5403237,181.7657839,189.2246595,186.8778173,184.1634036,178.3400191,174.1456256,180.9891373,188.0077487,182.502344,179.6813849,
0.0,0.0,0.0,0.0,0.0,0.0,0.0,0.0,0.0,0.0,0.0,0.0,0.0,0.0,0.0,0.0,0.0,0.0,0.0,0.0,0.0,0.0,0.0,0.0,0.0,0.0,0.0,0.0,0.0,0.0,6.882225331757037,7.1065484418694025,7.34123630392829,7.311274938799088,6.8470485204964175,6.68905509520508,6.345922975163975,5.417493953592016,5.68981006618715,5.792343686475279,5.974191283843688,6.274746955688789,6.372513338556961,6.494064277210893,6.706498001255601,6.194765813695178,5.806346386779939,6.037201736787769,6.306241019725805,6.812034256081267,7.126781342460845,7.456071181366345,7.800575714366669,8.160997929799288,8.538073297272705,8.932571268449482,9.345296847172307,9.777092232137017,10.228838535464615,10.701457580678907,162.84841646827218,161.32978545816127,157.50924129610397,155.10951086123478,168.6675769795391,166.70660860483224,164.27679522487517,163.77819564644912,157.3189918338561,163.53598361357018,170.20271791620405,167.88287714436132,163.32579166149569,159.61561712284438,156.73647449880247,163.4589395863658,168.4791681132841,165.4888472632795,163.58317538034487,159.34804114399296,162.67019955761714,168.98383271871552,166.42002278571925,163.177833570291,157.43558690282217,154.21740643165015,159.7261775529323,165.52812006797285,159.5646043646508,157.04259061944228,169.7306418,168.4363339,164.8504776,162.4207858,175.5146255,173.3956637,170.6227182,169.1956896,163.0088019,169.3283273,176.1769092,174.1576241,169.698305,166.1096814,163.4429725,169.6537054,174.2855145,171.526049,169.8894164,166.1600754,169.7969809,176.4399039,174.2205985,171.3388315,165.9736602,163.1499777,169.0714744,175.3052123,169.7934429,167.7440482,
0.0,0.0,0.0,0.0,0.0,0.0,0.0,0.0,0.0,0.0,0.0,0.0,0.0,0.0,0.0,0.0,0.0,0.0,0.0,0.0,0.0,0.0,0.0,0.0,0.0,0.0,0.0,0.0,0.0,0.0,6.368121800102035,6.575687931536523,6.79284456599025,6.765121320492942,6.335572703284009,6.189381416691291,5.87188133080103,5.012806132429057,5.264780179999712,5.359654519493842,5.527918067005777,5.806022173418762,5.896485389028267,6.008956449615781,6.205521334366595,5.732015637832614,5.372611215442016,5.5862216272184835,5.8351636249260945,6.303174011031408,6.594409430633788,6.899101256402713,7.217871235745026,7.551369843636664,7.900277609967515,8.265306508215676,8.6472014082848,9.046741596469138,9.464742365647895,9.902056678953615,154.95547819992717,153.47879136849417,149.665934734042,147.92367527954093,160.50770079675152,158.08030238334604,156.29960906923816,155.76324126761213,149.98404032004356,155.82346988055158,161.9449188330419,159.1855193266314,155.35716591102442,151.64492695043955,149.45680126569152,155.76083516222846,159.74008958462213,157.44385607284886,155.60008887514462,151.39853808904283,155.03482486944424,160.82373704367922,157.83333016434102,155.30076355645372,149.62450879012735,147.11796909188394,152.2914254918198,157.5974649036407,151.91854813446744,149.49458692116752,161.3236,160.0544793,156.4587793,154.6887966,166.8432735,164.2696838,162.1714904,160.7760474,155.2488205,161.1831244,167.4728369,164.9915415,161.2536513,157.6538834,155.6623226,161.4928508,165.1127008,163.0300777,161.4352525,157.7017121,161.6292343,167.7228383,165.0512014,162.8521334,157.5247864,155.3832756,160.9386269,166.6442065,161.3832905,159.3966436,
0.0,0.0,0.0,0.0,0.0,0.0,0.0,0.0,0.0,0.0,0.0,0.0,0.0,0.0,0.0,0.0,0.0,0.0,0.0,0.0,0.0,0.0,0.0,0.0,0.0,0.0,0.0,0.0,0.0,0.0,7.062878699266038,7.293090126499451,7.533938372816435,7.503190543826368,7.026778522508631,6.864637885676362,6.512498799138549,5.559699196663619,5.839163407496726,5.944388460118881,6.131009423550507,6.439454461352896,6.539787140069129,6.664528701716818,6.882538655218016,6.3573738730404195,5.958758721036906,6.195673854672271,6.47177522147302,6.990845159332175,7.313854125892535,7.6517875815669125,8.005335105897592,8.375218140150325,8.762191459471444,9.167044713065335,9.590604035535161,10.033733732674856,10.497338045152384,10.98236299368299,148.23533540076315,147.23193417353122,142.6540092272158,141.49179055620746,154.43498157752694,151.38852281436098,149.6019372009007,149.6619650033776,143.69522809254659,150.16208593992658,155.94000747649727,152.5091252386973,149.14298095998356,144.67062359833852,143.0501346448401,150.04907182702067,153.10654277902717,150.74528154539504,149.3863202785977,144.39021884074208,149.22467947418545,154.66116701851502,151.00071939418842,148.39443915994,142.44903794062347,140.4968528870343,146.27907356456947,151.23538016743504,144.85833715496298,142.90755210643815,155.2982141,154.5250243,150.1879476,148.9949811,161.4617601,158.2531607,156.114436,155.2216642,149.5343915,156.1064744,162.0710169,158.9485797,155.6827681,151.3351523,149.9326733,156.4064457,159.0653015,156.9409554,155.8580955,151.381064,156.5385336,162.3129546,159.0060545,156.7696573,151.2112294,149.6638976,155.8696776,161.2691139,155.3556752,153.8899151,
0.0,0.0,0.0,0.0,0.0,0.0,0.0,0.0,0.0,0.0,0.0,0.0,0.0,0.0,0.0,0.0,0.0,0.0,0.0,0.0,0.0,0.0,0.0,0.0,0.0,0.0,0.0,0.0,0.0,0.0,6.523600160912035,6.73623404118804,6.958692577619104,6.930292466178971,6.49025637448568,6.34049581231727,6.015243928571877,5.135194319243559,5.3933203395799225,5.4905110460108855,5.662882765660924,5.947776812963376,6.040448697458005,6.155665750771103,6.357029787773272,5.871963400058711,5.503784081047848,5.722609813403519,5.977629756061826,6.457066664767971,6.755412627646841,7.067543536258372,7.39409631803747,7.735737329374748,8.093163715368641,8.467104832404296,8.858323736462083,9.26761874019276,9.695825041936581,10.143816430010316,145.9491965391172,144.95677955884267,139.18533332241313,138.38658183385488,152.14375552554986,149.2509206877201,147.25892477146738,147.2416916807977,140.44964836046339,148.5053076540346,153.5697158343869,150.32736208708678,146.7890905025947,141.10467554928425,139.87438871228485,148.4197708000023,150.88611341901623,148.36304088666378,147.02402354400886,140.8479501353063,147.66662357243115,152.40275556382352,148.9375507820485,146.18173177071557,139.0465913847262,137.50217296769532,144.90389986364252,149.1771209599171,142.83338735817878,140.92572777011083,152.4727967,151.6930136,146.1440259,145.3168743,158.6340119,155.5914165,153.2741687,152.376886,145.8429687,153.9958187,159.2325986,156.2751389,152.8295392,147.2603413,146.2314185,154.2917342,156.3898975,154.0856507,153.0016533,147.3050168,154.4220362,159.4702991,156.3316471,153.9174691,147.1397551,145.9692778,153.7622236,158.4447397,152.5292124,151.0695442,
0.0,0.0,0.0,0.0,0.0,0.0,0.0,0.0,0.0,0.0,0.0,0.0,0.0,0.0,0.0,0.0,0.0,0.0,0.0,0.0,0.0,0.0,0.0,0.0,0.0,0.0,0.0,0.0,0.0,0.0,6.338548400624035,6.545150600099351,6.761298764536079,6.733704265102314,6.306150461003227,6.16063808311457,5.844612459737602,4.989526785250472,5.240330671602354,5.334764417020217,5.50224655279658,5.779059150646508,5.869102257329509,5.981051005105039,6.176703047413048,5.70539629957356,5.347660942394207,5.560279352723713,5.808065269976811,6.273902227472777,6.563785157019784,6.867062001517308,7.184351620992677,7.516301469632195,7.8635889169618425,8.22692263007257,8.607044019710694,9.004728753184272,9.420788337172628,9.856071773668699,147.38207319940517,146.30798839993133,138.22848633549617,137.1576738349316,154.1639553390323,150.9272429169228,148.68393944030163,148.55271471479074,139.17198112844096,150.80247758302522,155.57337424725114,151.99912024940366,148.12925424272316,140.11623279495035,138.62024795264512,150.7318761004875,152.5463807576699,149.78639574734362,148.36372163009392,139.86770417260152,150.00560114305821,154.44901049856455,150.65087937909334,147.6608156304582,138.11406108313307,136.3104592700271,147.29335448039393,151.27391404692557,144.3567105629428,142.3688295264525,153.7206216,152.853139,144.9897851,143.8913781,160.4701058,157.087881,154.5285519,153.5422415,144.4123118,156.137242,161.0756208,157.7781794,153.9983565,146.0972838,144.796951,156.4372724,157.8940417,155.3466751,154.1717869,146.1416064,156.5693863,161.3160725,157.835231,155.1771171,145.97765,144.5373819,155.9003985,160.2786428,153.7774989,152.2249013,
0.3259017168680005,0.3948878027630903,0.47418905639995496,0.5543621587113946,0.6303964448449184,0.7338376122611745,0.8474124607222508,0.9578343732749117,1.1393964379959618,1.340980527465801,1.5765844635254758,1.852454352228261,2.1611470968427,2.5178817500944493,2.9324458073864323,3.3805164570393935,3.905292982851106,4.53736720928437,5.266002605762084,6.113416091065904,7.027526692303695,8.078319989246793,9.28623350803254,10.663235947916874,12.173423961483673,13.82944104850221,15.645094120503733,17.635454749136926,19.816968282599902,22.20757127951349,6.042753900651032,6.239714808394458,6.445776209399145,6.419469434006614,6.011867842259901,5.873145940413553,5.571867958820979,4.7566856854807265,4.995785565573472,5.08581246880272,5.245478888507323,5.509373758386729,5.595214916289992,5.701939467328678,5.888461217594192,5.439148455601267,5.098107165329901,5.30080353162133,5.537026279066177,5.98112450377943,6.257479765668709,6.546603902495388,6.849086894584255,7.165545982044956,7.496626924298511,7.843005317799729,8.205387974644399,8.584514364874414,8.98115812542397,9.396128638785745,152.89491378251014,151.57468618887313,139.13229243423316,136.35184100731584,160.41160791293072,156.53830754736262,153.68135218049596,153.20801824128554,137.70937629647383,155.8557594037769,160.86216694801485,156.50037968943508,151.63827408692,138.94805078263224,135.4067782750775,153.77472658742036,154.9791377518831,151.11008535916162,148.77111481524244,135.11797890522897,149.44669884210558,153.3096233083397,147.78613899746918,142.94380217012852,127.37731071431271,122.29669023379775,138.18590510495653,140.63458478609857,130.52437129209156,125.95533708182194,159.2635694,158.2092888,146.0522577,143.3256726,167.0538722,163.1452911,160.1006326,158.9225383,143.8445583,162.2825524,167.6842303,163.8622078,159.3946361,147.167872,144.2276853,162.5943915,163.9825379,160.9482561,159.5741437,147.2125195,162.7317053,167.9345472,163.9214594,160.7725841,147.0473616,143.9691366,162.0363872,166.8545539,159.3224977,157.559037,
3.5836106149480056,4.342180628242811,5.214176078413621,6.095758364133693,6.931830286388864,8.069267883029848,9.318135291424246,10.532333061688984,12.528786927164516,14.745402690257707,17.336100199620482,20.369561548031363,23.763942550343764,27.686591692540684,32.24513213401123,37.17211058559564,42.942545753742,49.892824902466856,57.90488929518674,67.22303585289525,77.27458294296183,88.82909099904148,102.11129076607445,117.25278988980403,133.8587956758282,152.0683358666783,172.0332310639717,193.91920805387943,217.90709964985112,244.19413599380485,4.908791654131027,5.068791560798885,5.2361841937143785,5.21481405658534,4.88370156637434,4.771011735673942,4.526270535563884,3.864062541368213,4.058293766931867,4.131426533628088,4.261130506580965,4.475503780113164,4.545236283939123,4.631933275748295,4.783453001037558,4.41845671417441,4.141414050031196,4.3060731189810095,4.497967124634332,4.8587274162046965,5.083222807782886,5.318090911497937,5.563810994012376,5.8208844662968655,6.0898359067983545,6.371214131883264,6.665593315740029,6.973574162026259,7.295785129651307,7.63288371519544,159.37362683095014,157.07007141098896,139.50102912790425,133.30784957931482,162.76060024727235,158.66436008133354,154.90389957305112,152.83518869698406,128.55490710594694,152.2380685761596,153.63764379384628,147.41322487190556,139.41918626576975,118.77826223176638,108.49998536500935,129.85314170029093,125.30082609629086,115.44281447861948,105.51440158024963,79.06086323097436,89.23069044933325,81.34928108954244,64.64547603999918,46.38287734398936,11.024427917468369,9.994783291830361e-11,1.05124239854992e-10,1.1015813127463438e-10,1.1575831797253491e-10,1.2153391477643377e-10,167.8660291,166.4810436,149.9513894,144.618422,174.5761321,171.5046397,168.7483054,167.2315843,145.1419878,171.1148978,175.2348745,172.2582902,167.7283651,151.0967872,145.5285705,171.443709,172.3847859,169.6417125,167.917258,151.1426265,171.5884962,175.496463,172.3205778,169.4565517,150.9730595,145.2676898,170.8553349,174.3678387,167.9281404,165.7967942,
12.93938783337202,15.678366102898677,18.826891021212006,22.010031246989048,25.028846632100155,29.135806840836395,33.64510806967757,38.02922720090716,45.2378482349749,53.24141059651926,62.595674615262894,73.54863158578507,85.80476568136606,99.96832418111296,116.42790337765301,134.21780632240763,155.05318902178004,180.14864919271005,209.07791067299425,242.72305942198582,279.0163066797269,320.7363139645042,368.6945193981758,423.3661203593317,483.3256339103607,549.0750492664716,621.1625469797672,700.1865188374856,786.79990014919,881.7148322641843,5.42073228751603,5.5974186741431975,5.78226877858259,5.758669937872669,5.39302554044217,5.268583224126242,4.998317827059422,4.267047789927818,4.481535498887854,4.5622953228196685,4.705526195821394,4.942256578223864,5.019261523964555,5.115000193650197,5.282321996028967,4.879260041798853,4.5733244429072695,4.7551558984626165,4.967062637537671,5.3654468221512985,5.613354963965044,5.872717593879151,6.144063961545047,6.427947770364609,6.724948307365085,7.035671625279405,7.360751779243991,7.700852120637644,8.056666650701677,8.428921436703293,158.8452570791411,154.76762752298876,132.94268150023765,124.1630470151722,154.16281162749317,146.58194653507468,139.4933137033022,134.54078780920622,102.76240696618056,124.05522938070652,117.97999148896339,103.29076483604113,86.53835049472201,53.671970425292194,31.177697426376145,43.11132563585452,22.288628535376738,6.759316311306818e-11,7.096568306624951e-11,7.451685356458589e-11,7.824699022787663e-11,8.216318040465641e-11,8.627562117092476e-11,9.059361563075703e-11,9.512729743977178e-11,9.988777796910744e-11,1.0488673409895952e-10,1.1013601762675739e-10,1.1564686136604468e-10,1.2143346359639311e-10,177.2053772,176.0434123,157.5518413,151.9317482,184.5846838,180.9863366,178.1367396,176.8370628,152.4817907,181.8589353,185.2811923,181.781653,177.3623777,158.7552948,152.8879228,182.208392,181.915142,179.079852,177.5621203,158.8034576,182.3622701,185.5577778,181.8473842,178.8843897,158.6252959,152.6138494,181.5830748,184.3644489,177.2709441,175.3198609,
23.207076710272037,28.119494486693885,33.76644318662004,39.47547520192439,44.889787000797625,52.25571047705058,60.343241423263024,68.20625552374555,81.13507591827997,95.48964107017727,112.26671935600127,131.9110886177097,153.89273471954124,179.2953884483609,208.81600580305061,240.7225880636447,278.09130525636544,323.10056510436993,374.9858319338375,435.3291463163451,500.4218836252145,575.2476344164419,661.2617308109977,759.3164497604247,866.8551562593938,984.7781790077711,1114.0686918842243,1255.7999237221475,1411.1429283620312,1581.3749469790132,7.56004767177504,7.806464103173307,8.064266098839612,8.031353873829623,7.5214063374316,7.347852324092632,6.970925522051161,5.951056609803337,6.250192818481653,6.362824855355116,6.562582410336529,6.892739459494237,7.000134739298553,7.133657088026726,7.367013161600776,6.8048810681793555,6.378206665268885,6.631798689245516,6.927335337138509,7.482943558982716,7.8286897185282385,8.190410929321716,8.568845311672886,8.96476509042005,9.378978170715014,9.81232978661649,10.265704225856028,10.740026634296012,11.236264903761809,11.755431647100139,154.26311211798208,148.50746381016347,125.03663091457258,113.71310892427987,140.23349276180627,129.6051508988941,118.68855805472502,111.10758506649226,74.41833796328162,88.19679797451303,74.54230633370989,51.23633402284619,24.922378641212845,5.5585625898496765e-11,5.836739193952404e-11,6.12900800513185e-11,6.435849204448939e-11,6.758047885748453e-11,7.096364721062982e-11,7.451597490271099e-11,7.824600215358943e-11,8.216253178907703e-11,8.627487241734051e-11,9.059283229164003e-11,9.512668142998958e-11,9.988723426236849e-11,1.0488585317575314e-10,1.1013445788801624e-10,1.156454900552334e-10,1.2143209265304923e-10,185.0302365,184.4334224,166.8673402,161.219938,192.6446861,189.2087137,186.002725,185.2648972,161.8036067,190.0492639,193.3716081,190.0401621,185.8152481,168.1419497,162.2345673,190.414459,190.1797156,186.9874824,186.0245101,168.1929602,190.5752673,193.6602708,190.1088795,186.7833891,168.0042644,161.9437387,189.7609796,192.4148344,185.0986985,183.6753875,
31.84942531316005,38.5912345048337,46.341114987882094,54.17619870186806,61.606807968740824,71.71581189664745,82.81515094977564,93.6063627622826,111.34989438773381,131.05012016006825,154.0750064268025,181.03496693522732,211.20260952636488,246.0652478841723,286.5793854196596,330.3680246090664,381.6529056019129,443.42367827726326,514.6310927814375,597.4463438605848,686.7797097657507,789.4706773132262,907.5165463900835,1042.0869831052066,1189.673257915801,1351.5109832189676,1528.9494682538407,1723.4616138083932,1936.6545758504383,2170.2812419979336,9.22570287413705,9.526410604839999,9.841012405732938,9.800848848298967,9.178547950677544,8.966755931738675,8.506783345333433,7.262213474419033,7.62725638155113,7.7647038886856246,8.008472701943637,8.41137106575987,8.542428035844662,8.705368478802717,8.990138349594282,8.304155417332556,7.783474670840965,8.09293894488173,8.453589223855309,9.131610923149534,9.5535330427348,9.994949890741287,10.456762212634983,10.939912372435208,11.445386275681797,11.974215381252169,12.527478806133512,13.106305527445036,13.711876686203679,14.345427997534,151.7311130127321,144.00848889035697,118.32645060641724,105.64065574986687,130.24443148061718,116.5502209716512,102.49766480493015,92.12371336333956,51.25462383075833,59.63398805129152,39.70487037130151,8.6531597990629,5.293369518624899e-11,5.558351082222724e-11,5.83667668812359e-11,6.128939040517388e-11,6.435804898310392e-11,6.758015433798716e-11,7.096338856642747e-11,7.451579561900963e-11,7.824580945992881e-11,8.216236787887739e-11,8.627472877662305e-11,9.059270638741245e-11,9.512660853545868e-11,9.988717085734756e-11,1.0488572784520775e-10,1.1013426652341798e-10,1.156452119331076e-10,1.2143159556716862e-10,192.8062412,192.126134,174.508578,169.6177033,201.0297874,197.2327888,193.8195991,192.9922896,170.2317746,198.4488121,201.7883495,198.0994978,193.5655955,175.8415548,170.6851835,198.8301476,198.2449695,194.8457416,193.7835859,175.8949012,198.9980631,202.0895767,198.1711294,194.6330711,175.6975646,170.3792059,198.1477865,200.7899311,192.8775804,191.3364814,
37.97708707046806,46.015984858017134,55.2569015463581,64.59941411871222,73.45963348970517,85.51355655396792,98.74835000787445,111.61573416221599,132.77302786066565,156.2634733587415,183.71822652749287,215.86514150563454,251.83687971219496,293.4069061538849,341.7157504624311,393.9290933043279,455.0809154082941,528.7360595509599,613.643405730627,712.3918751322371,818.9125103374397,941.3606794191489,1082.1179522478208,1242.5790325339217,1418.5601296425107,1611.5345812909454,1823.1112967124623,2055.0465550524777,2309.256720626056,2587.831927400683,10.393885179061055,10.732669298604339,11.08710679135883,11.041857620640187,10.340759377509446,10.102149706601523,9.583934204342675,8.18177368475049,8.593039266779824,8.74789073195209,9.022526181392223,9.47644057571735,9.624092317547847,9.80766469986238,10.128492866544525,9.355649005215323,8.769038318982094,9.11768775797696,9.52400450593513,10.287879062434461,10.76322604957505,11.26053623795586,11.780824427758162,12.32515230756518,12.89463062082034,13.490421432385812,14.113740499826367,14.765859754257384,15.448109895819313,16.161883109074555,152.3171250505001,142.32192074340918,115.72831426231535,103.1196209606815,126.21766693282092,109.0810057394679,93.4105967878221,80.1705300530747,38.041998272597766,41.921094209351764,18.06978549116252,5.040938316134978e-11,5.29327096769524e-11,5.55832844419507e-11,5.836663327546805e-11,6.128924874665371e-11,6.435794431808888e-11,6.758008103925227e-11,7.09633331899694e-11,7.451572642414277e-11,7.824575306245025e-11,8.216233099882109e-11,8.62747033341939e-11,9.059268909020288e-11,9.512655940097431e-11,9.988712137597824e-11,1.0488571449300208e-10,1.1013424699910724e-10,1.1564510659878575e-10,1.2143154681761193e-10,200.6880973,199.0705749,182.0723226,178.7608927,210.0180598,204.696712,201.742881,199.9680379,179.4080654,206.9324583,210.8105382,205.59622,200.5620661,183.4630748,179.8859151,207.3300958,205.7471968,202.8109718,200.7879358,183.5187334,207.5051896,211.1252335,205.6705623,202.5896074,183.3128435,179.563444,206.618564,209.7674793,200.7623529,198.2523802,
41.03351785442006,49.719393505787856,59.704027641066574,69.79843419024459,79.37173213906057,92.39576598229486,106.6957077467263,120.59867077433135,143.45872286615293,168.83970095341456,198.50403782707386,233.2381659942093,272.1049426696967,317.0205629498588,369.21734733679517,425.6328678786008,491.70624468807944,571.2892223566905,663.0299895980011,769.7258263473803,884.8193399295682,1017.1222499166411,1169.2077971055978,1342.582932240155,1532.7271493794692,1741.232361811113,1969.8369652584242,2220.438585822559,2495.1078185755373,2796.1030133827344,11.606130353315063,11.9844270715599,12.380202825490478,12.329676216364764,11.546808457093382,11.280369594588155,10.701714301912684,9.136018944853816,9.595250682806844,9.768162568904232,10.074828918486844,10.581683625752273,10.746556080378868,10.951538621719923,11.309785173358705,10.446804060635236,9.791776611920868,10.181089247848035,10.63479496619075,11.487760678585973,12.018547675052258,12.573859454328693,13.154829173361257,13.762642346120836,14.39853926273681,15.063817520405697,15.759834671239318,16.488010992455592,17.249832384564783,18.046853403464787,156.39035159229408,143.20204202268292,116.90538023347517,104.9774488934245,129.65194730388154,108.61738232315435,92.73120505140017,76.094942880856,34.72896885108341,36.91900427772654,12.823917854486943,5.0408649292462985e-11,5.293255442946413e-11,5.558322445704637e-11,5.836659302697846e-11,6.128921557125232e-11,6.435791361037819e-11,6.758005596199857e-11,7.096330799707225e-11,7.451569722059884e-11,7.824574217712241e-11,8.216232364176432e-11,8.627468370395554e-11,9.059267052216023e-11,9.51265273729747e-11,9.988708964854152e-11,1.0488570718795478e-10,1.1013422310064604e-10,1.1564504999152013e-10,1.2143154270512664e-10,209.0299998,204.9058626,188.9896107,187.1055593,220.5704879,212.2935179,210.1286271,205.8296326,187.7829424,215.5268678,221.4027846,213.2264089,206.4410734,190.4332003,188.2830984,215.9410201,213.3829889,211.2411148,206.6735639,190.4909735,216.123386,221.733292,213.3035102,211.010549,190.2772615,187.9455741,215.1999366,220.3073169,209.1073419,204.0636844,
42.282113990116066,51.232289446631206,61.52074290449098,71.92230900684609,81.78690985752795,95.20724797049436,109.94231820943519,124.26833016919808,147.82398366680025,173.97727163186403,204.54425537386746,240.3352975097277,280.38473922836704,326.66708292993223,380.45214701329894,438.5843178601475,506.6682208752855,588.6728041867943,683.2051226636016,793.1475738010714,911.743232064401,1048.071946096286,1204.785257036551,1383.4359701637823,1579.3660264696869,1794.215779075494,2029.7765208066176,2288.0036200378668,2571.030677333861,2881.1847611847097,12.76486775264507,13.180933007183219,13.616222376235001,13.560651271668254,12.699623253655826,12.406583563379304,11.77015625638626,10.048144391503296,10.55322508802618,10.743400218901145,11.080683643905099,11.638141910449624,11.819474965937953,12.044922634727259,12.438935946253094,11.489796186350336,10.769371850016466,11.197552833751883,11.696555801748822,12.634680239852845,13.21846015688441,13.829213371621915,14.468186173579445,15.136682436537194,15.83606627919748,16.567764848775226,17.33327123320303,18.134147507893356,18.97202792327506,19.84862223960815,162.19464195726803,146.63987714621626,120.49870731930623,110.4798723215195,136.13135488885175,112.93068436616367,96.67093553421778,77.68810843933987,38.29507314521688,40.18005064928028,15.863158382275165,5.040865370207529e-11,5.2932528000528805e-11,5.558321100002173e-11,5.836658544233959e-11,6.128920997286447e-11,6.435790494830934e-11,6.758004757611633e-11,7.096329484648468e-11,7.451568330837309e-11,7.82457490446749e-11,8.216231941554371e-11,8.62746707892605e-11,9.059265862537876e-11,9.512650963401137e-11,9.988707343156591e-11,1.0488569851844626e-10,1.10134201907118e-10,1.1564501896824033e-10,1.2143155929713438e-10,217.2416237,211.0530996,195.6356726,195.9628326,230.617888,220.5445159,218.38341,212.004583,196.6722819,224.9007225,231.4880974,221.5136646,212.6343672,197.1300279,197.1961145,225.3328875,221.6763303,219.539601,212.8738325,197.1898328,225.523185,231.8336599,221.5937626,219.2999776,196.9686053,196.8426123,224.5595722,230.3427291,217.3220041,210.1856559,
40.83565791614406,49.4796510551143,59.41614018121483,69.46187240849241,78.98900877428325,91.95024189588626,106.18123062526722,120.01715481364198,142.766977787114,168.02557107725568,197.5468691823735,232.11351250261862,270.792877071221,315.4919182638238,367.4370144437279,423.5805044116058,489.33528133151145,568.5345170283716,659.8329185283836,766.0142775342646,880.5528205293793,1012.217777765322,1163.5699821030457,1336.1091179051054,1525.3364767043622,1732.8362957254699,1960.3385883036967,2209.731830357546,2483.076632735541,2782.620455742806,13.445969014464074,13.884234465303217,14.3427497810912,14.28421354204954,13.37724323298531,13.068567681321266,12.398182212735893,10.584288122610443,11.116318655699466,11.316641053597914,11.67192107447833,12.259123913086771,12.450132444678408,12.68760943446516,13.102646306035176,12.102862833981275,11.343998465676023,11.795026110572397,12.320654622816258,13.308835023184635,13.92376396939689,14.567105440689701,15.240172225453367,15.944337768896023,16.681038975665547,17.45177914196546,18.258131023147918,19.101740043043495,19.984327651576624,20.907694837517717,171.36703856942106,154.31151127961311,127.72751953772618,122.2319803494919,147.93508869276695,122.13713532282978,108.25522496203608,88.05529236378871,52.84047755722977,55.5538701691917,31.989299243195806,5.040982349271193e-11,5.2932670047143474e-11,5.55832595937976e-11,5.836662706447799e-11,6.128925154952173e-11,6.435793041434973e-11,6.758007014710191e-11,7.096331009438757e-11,7.451569296166016e-11,7.824576033305256e-11,8.216233567987383e-11,8.627468214149005e-11,9.059267143615032e-11,9.512651642204601e-11,9.988708645446427e-11,1.0488571614199834e-10,1.101342241107031e-10,1.156450396370821e-10,1.2143158357110346e-10,225.6486655,217.6753968,201.4864095,205.9780663,240.3013407,227.1559449,226.8346378,218.6567353,206.723774,234.8960823,241.2080895,228.1541465,219.3062804,203.0254554,207.2743785,235.3474541,228.3216885,228.0355723,219.5532595,203.0870488,235.5462091,241.5681619,228.2366457,227.7866757,202.8592053,206.9028096,234.5397701,240.0146281,225.7321565,216.7807349,
37.04212593863606,44.883113418841596,53.896527194437716,63.00903565635032,71.65112453418531,83.40829104283686,96.31725599272289,108.86785692379253,129.5042774118746,152.41640963728247,179.1952519061485,210.55073925433268,245.636886183048,286.18349661339164,333.3030213812263,384.23091950142526,443.877239703631,515.7190615974077,598.5360666106317,694.8534390577257,798.7516336984343,918.1852409064811,1055.4771984814242,1211.987873804635,1383.6364773381276,1571.8600745728709,1778.2279648690499,2004.453189386646,2252.4049333049024,2524.121873405652,12.370707946903067,12.773925735797024,13.195774027630325,13.141918874705643,12.307478099341921,12.023487031396025,11.406711636867277,9.737872893343681,10.227357462034826,10.41166027256185,10.738528895637911,11.278773694224263,11.45450745927646,11.672993645106683,12.05484042162877,11.13500866167045,10.436829938997741,10.85178934169981,11.335383852927615,12.244540427560564,12.810294103885832,13.402188183288594,14.021430471748104,14.6692845813947,15.34707250900879,16.05617733365826,16.79804603897906,17.574192465858005,18.38620040154297,19.235726811483627,184.08104681449,166.71405464539203,140.49975707796415,139.4257247689779,166.02414616650822,139.02658632580443,126.99711857044908,106.77688848290492,76.6255022261338,81.53416979020112,60.99224839826124,13.659142451493185,5.293343119771803e-11,5.5583437957029865e-11,5.836675965119229e-11,6.128937714702662e-11,6.435801861948062e-11,6.758013631892811e-11,7.096336950318926e-11,7.45157470238926e-11,7.824578640928142e-11,8.216235338006968e-11,8.627473402390694e-11,9.059271027749651e-11,9.512657577098475e-11,9.988715131741856e-11,1.048857323834261e-10,1.1013429873874936e-10,1.1564516275315486e-10,1.2143160318698634e-10,233.4938807,224.3710938,207.5920583,215.5766793,249.9827488,234.4583644,234.7210862,225.3826183,216.3571371,244.3622397,250.9260292,235.4886554,226.0521434,209.177742,216.9333999,244.8318016,235.6615834,235.9637741,226.3067196,209.2412018,245.0385663,251.3006085,235.5738066,235.706224,209.0064539,216.5445159,243.9915684,249.6844849,233.5802745,223.4489121,
31.117049794740048,37.70383151093204,45.275503982983125,52.930420443071306,60.19016332034696,70.0667113430178,80.9108217974122,91.45389037757332,108.78941061679014,128.0366309448774,150.5320614098081,176.8720793334045,206.3460188933271,240.4069930895448,279.9895105976958,322.7712328015708,372.8768212032657,433.2271788721757,502.79718338856924,583.7081030128846,670.9872538255111,771.316849076465,886.6482608683808,1018.1242589120307,1162.3167966782892,1320.4330737354223,1493.7913720420477,1683.83072312578,1892.1213265047154,2120.3757622570265,13.16441881590207,13.59350726175378,14.042421553021704,13.98511102628888,13.097132109390746,12.79492003111183,12.138572015802623,10.362659735742024,10.883549881546864,11.079677653469002,11.427518332468116,12.00242551015182,12.189434442314154,12.421938812161322,12.828285070695163,11.849436440508962,11.106462218413935,11.548045625945123,12.062667805225333,13.030156324804791,13.632209042704952,14.262079345144791,14.921052531545124,15.610473288028688,16.331748431356917,17.086349779649144,17.875817155742116,18.70176152931843,19.565868304215577,20.469900757623247,195.245940389387,178.5970934273448,154.05349436402733,157.80229503067355,182.90913857029773,157.71342922590762,147.73693188682427,129.1143071867258,105.85841780170618,113.21473320169893,95.20358125777133,52.75772565649368,13.081410764411297,5.558422670105912e-11,5.836724706003947e-11,6.128987361895139e-11,6.435835414632199e-11,6.75803972880131e-11,7.096353349964124e-11,7.451583786649978e-11,7.824596912350628e-11,8.21625211607308e-11,8.62748624769369e-11,9.059282969017469e-11,9.512664496018934e-11,9.988724474535437e-11,1.0488582627836166e-10,1.101343631120928e-10,1.1564524871718882e-10,1.214317051990504e-10,239.527409,229.8944322,213.3714199,224.7178265,256.196434,240.5750606,240.7863257,230.9308573,225.5313783,252.3310418,257.163161,241.6322305,231.6168641,215.001249,226.1320765,252.8159164,241.8096699,242.0611249,231.8777072,215.0664756,253.0294238,257.547051,241.7196032,241.7969197,214.8251923,225.7267025,251.9482827,255.8907563,239.6160353,228.9495491,
23.20081409900804,28.111906221049363,33.757331047677,39.46482243601432,44.87767314047736,52.24160886463607,60.32695732733136,68.18784953192456,81.11318098309727,95.4638724432525,112.23642330320718,131.87549137813758,153.85120556074477,179.2470041846599,208.75965516973423,240.65762718941104,278.0162601413576,323.013373888359,374.88463907252935,435.21166933941663,500.2868408637211,575.0923993405269,661.0832841580423,759.1115422742049,866.6212286116498,984.5124289094975,1113.7680517292506,1255.461036285103,1410.762120399503,1580.948200574061,13.09165035444107,13.518366944271486,13.964799788940038,13.907806055444667,13.02473558611996,12.724194034149786,12.071474089014048,10.305378452294637,10.823389293283176,11.0184329371164,11.364350870311213,11.936080155268472,12.122055365208565,12.353274529418222,12.757374643062004,11.783936757536692,11.045069446031727,11.48421192961313,11.995989451279234,12.958130021052815,13.556854794847531,14.183243386968858,14.838573992136476,15.524183863502348,16.241472041419946,16.991902208295087,17.77700567534389,18.598384507352588,19.457714791815434,20.35675005912129,207.09037724658,191.5956964347097,171.74678066341508,179.2140184085747,201.53479227343806,179.83901860125138,172.2635904836937,155.78418621582182,141.49211612366267,150.37157011967633,136.8153824265292,102.06900686664397,69.00010137409923,29.545037285977195,12.533389087261765,4.905877053113179,6.436099700440517e-11,6.758202643536888e-11,7.096419257072975e-11,7.451609458160095e-11,7.824718819370695e-11,8.216396247980988e-11,8.627556463270276e-11,9.05935055452298e-11,9.512690045631212e-11,9.988774812048197e-11,1.048868295690253e-10,1.1013481835486742e-10,1.1564596084514349e-10,1.2143205704538686e-10,243.3828417,233.2259696,219.4689115,232.5866469,259.437201,244.8048215,244.6620219,234.2774142,233.4286864,256.8538755,260.4161566,245.8805784,234.9733623,221.145316,234.0504189,257.347441,246.0611376,245.9573403,235.2379855,221.2124066,257.5647753,260.8049027,245.9694873,245.6888824,220.9642282,233.6308501,256.4642557,259.1276566,243.4728945,232.2673937,
13.723282870024022,16.628194141840176,19.967463250529764,23.343444734029866,26.545146236122033,30.90091463925,35.68339871859208,40.33311690839524,47.97845120297265,56.46688602460111,66.38785082009352,78.00436071262575,91.00299691184479,106.02461325422367,123.48134800431095,142.34900028315286,164.44663381657625,191.06242917830664,221.74428550932367,257.4277273716673,295.9196950600574,340.1671871888452,391.0308004895902,449.0145207867735,512.6065064205618,582.3391581572608,658.7938664673646,742.6052749575972,834.4658751170729,935.1309512997187,12.549370588640068,12.95841180782341,13.38635259901525,13.331719648737826,12.485227550689949,12.197134971767744,11.571451863806761,9.878511093153374,10.375064990981317,10.562029575365557,10.893618963975033,11.44166619095226,11.61993797232829,11.8415796217998,12.228941180024359,11.295824847114101,10.587562752048102,11.008515162055701,11.499093935888064,12.421380908237431,12.99530542222361,13.595747869295261,14.223933499041811,14.881144173178205,15.56872098128359,16.288066977399083,17.040650043068823,17.8280058826666,18.651741157120174,19.513536762427563,218.020102941365,204.37947875036704,188.98846205048713,200.25945001726606,219.73413801322343,202.52655638901956,198.32186841764027,184.80923789849254,179.4388787060892,190.45466960007866,182.45945931597907,157.257938396472,133.09608771587946,106.17443772403173,102.71546091572266,104.33353556979392,71.8509325314396,44.80593565970487,2.741106054858842,7.451955965326165e-11,7.825090326190496e-11,8.216365253834713e-11,8.627897669114619e-11,9.059661063786606e-11,9.512929682674203e-11,9.988922627219874e-11,1.0488945998595393e-10,1.1013928277977694e-10,1.1564634801496836e-10,1.2143268829412316e-10,244.2927564,233.9660847,222.3422779,236.9346144,258.7645118,245.624606,245.576719,235.0208659,237.7923949,257.4835852,259.7409291,246.7039653,235.7190226,224.0406306,238.4257501,257.9783607,246.8851291,246.87688,235.9844855,224.1085995,258.1962279,260.1286672,246.793172,246.6074185,223.8571718,237.9983379,257.0930102,258.4557701,244.3831459,233.0044668,
4.476192501144007,5.423702085734346,6.512888360271293,7.614049295564157,8.658364448891705,10.079107433457706,11.639034425821318,13.155656497285866,15.649373806930347,18.418089474667397,21.65406068085001,25.44307639690709,29.682907232656778,34.5825837214138,40.27653508297047,46.43069254256942,53.63838930522932,62.31979773632672,72.32745381474695,83.96650231298365,96.52162186804297,110.95404990564721,127.54449160930095,146.4573345814162,167.19945379026717,189.94450508338772,214.88212352761352,242.21931403424915,272.181950050635,305.01638649004514,11.613922033202064,11.992472717828555,12.388514172547234,12.337953642799219,11.554560311714631,11.287942577676612,10.708898809543069,9.142152335819869,9.601692375212496,9.774720344278464,10.081592571785526,10.588787551778212,10.753770692167377,10.958890846846895,11.317377904353354,10.453817436377602,9.798350240388112,10.187924238142415,10.641934548077039,11.49547289196814,12.026616227906647,12.582300811165966,13.16366055942765,13.771881782547604,14.40820560331376,15.073930490053815,15.770414906261,16.499080082644625,17.261412917262017,18.058969009649342,225.05152786568294,213.32847219646766,202.25604506721362,216.32091986167032,234.52771983942904,220.39168948890293,220.06111006467475,209.4870963669354,211.8772415179004,225.5289264810995,223.9662251474121,206.78924685136474,192.03677107522842,177.30527543179457,186.16598111273422,197.32477312111388,179.56268375444657,171.1847117255981,149.76586843724664,127.45238149512238,145.87572920412828,132.5472362832686,102.2007613313573,83.19723153612638,41.05660950651388,32.31524002665796,22.684329166230004,1.2047378296909955e-10,1.1588473658276111e-10,1.2151669751921482e-10,241.1416424,230.744647,221.1574476,236.2729228,254.7406446,241.7587395,242.4090433,231.7849052,237.1283077,253.7217363,255.7018784,242.8211108,232.473449,222.84675,237.7598941,254.2092831,242.9994233,243.6924337,232.7352568,222.9143567,254.4239673,256.083587,242.9089135,243.4264479,222.6642689,237.3336756,253.3368676,254.4367039,241.230866,229.7962695,
0.4867830454760008,0.5898241012587238,0.7082724056321948,0.8280229466341884,0.941591545536849,1.096096428132704,1.26573748174443,1.4306691531582378,1.7018593010874692,2.0029553429698734,2.354865123082242,2.7669181366975644,3.227997003614439,3.760833659418391,4.380047194998551,5.049307846714665,5.8331402176635,6.7772377813921745,7.865563920780675,9.131302932891195,10.496664081180748,12.066181315294935,13.87038114276719,15.9271406092608,18.182832685848258,20.656342333867943,23.368292244444003,26.341194068075737,29.59961139637821,33.17033516716763,10.797165580564059,11.149094447562076,11.517284035122627,11.470279206782148,10.74197850989019,10.494110837548876,9.955788690641208,8.499224659025247,8.926447252911828,9.087306920019383,9.37259816297745,9.844124333461139,9.99750492958454,10.188199878943955,10.52147610615824,9.718646077257755,9.109275028658137,9.471451987278186,9.893533733447427,10.687046450512891,11.18083679358101,11.697442505145565,12.237917759406058,12.80336543822337,13.394939381636103,14.01384674236107,14.66135044908245,15.338771783556123,16.047493076787966,16.788960529787506,222.627230773989,212.3059537512098,203.1280580592773,218.6688340466174,236.24839684460835,222.62692373435561,223.91905192765344,215.1250321878576,221.1750060460439,235.6246714370561,237.14004561398795,222.6353194298914,212.49797576685364,203.04955096169294,217.51919259890124,232.42106247608854,220.4766967537424,220.13679713139686,208.21858614584255,197.24606761667008,225.72027092531616,225.47539147964136,209.22312669791273,207.3969705526061,185.24312013261053,197.3338795238706,208.31105090657812,205.95618404847792,188.35062312694913,173.164735603166,233.9111794,224.0448723,215.3536145,230.9671362,247.9319669,234.217131,235.1405781,225.054926,231.8033126,246.7149337,248.8675089,235.2463619,225.7234777,216.9985845,232.4207159,247.1890164,235.419112,236.3854869,225.9776838,217.064417,247.3977718,249.2390153,235.3314256,236.1274766,216.8208922,232.0040686,246.3406936,247.6361499,233.9977276,223.1240313,
0.008297520868000013,0.010053919983712536,0.01207294526910849,0.014114167990714804,0.016050015650369596,0.01868364781866623,0.021575285470171502,0.024386648762440608,0.029009254115177255,0.034141624098089136,0.0401401459678892,0.04716384679512764,0.05502322389462275,0.0641057572980722,0.07466063853515455,0.08606860410699478,0.0994295161506796,0.11552224844542602,0.1340734468421072,0.15564875839832398,0.1789221914514634,0.2056755924250193,0.23642930469503942,0.27148805366399603,0.30993773314895967,0.35210024910424176,0.3983271281730713,0.44900209549034564,0.5045438528081353,0.5654090683848549,10.285407911685056,10.620656262371428,10.971394617603496,10.926617696318633,10.232836565150045,9.996717178156524,9.483910106011008,8.096383434971845,8.503356785007483,8.656592120743868,8.928361298085878,9.377538349995655,9.523649103331365,9.70530560625565,10.02278540394782,9.25800743797353,8.677518997961027,9.022529707283322,9.424605872461495,10.18050814303698,10.650894103445783,11.143014043007751,11.657872170797106,12.196519094932514,12.760053966424795,13.349626722080187,13.966440431035974,14.611753749716762,15.286883490220902,15.993207307377741,215.725439867476,207.02022001767546,198.24206593715954,213.03779723572438,229.67419431923503,218.09934437406204,217.70157940855793,210.51138831630684,216.2570382609205,230.5476790552034,231.85990085599386,219.69245800325928,209.7029581728266,201.05428303650152,215.290680257575,230.35405275798038,220.50846078595228,219.27191904433843,209.96990258076696,200.55149669863883,229.07074170518052,229.8392183646489,217.3057060245937,215.69265865149362,197.581066800521,211.28235892891507,224.5107462408954,224.57606365490264,210.31134605708624,200.1977524243584,226.0191453,217.6509302,209.2255335,223.9785291,239.9230809,228.1147452,227.2070648,218.6321584,224.7894043,239.2384128,240.8284023,229.1171602,219.2816305,210.8236944,225.3881263,239.6981288,229.2854093,228.409971,219.5285819,210.8876536,239.900558,241.187908,229.2000075,228.1606658,210.6510585,224.9840859,238.8755138,239.6368195,226.1027734,216.7563688,
0.0,0.0,0.0,0.0,0.0,0.0,0.0,0.0,0.0,0.0,0.0,0.0,0.0,0.0,0.0,0.0,0.0,0.0,0.0,0.0,0.0,0.0,0.0,0.0,0.0,0.0,0.0,0.0,0.0,0.0,9.464600758785052,9.773095261048097,10.095843617901608,10.054640032510765,9.416224767227114,9.19894843278404,8.727064940577101,7.45026716101288,7.824762787304629,7.965769472439168,8.215850634428218,8.629181977515186,8.763632643814649,8.930792399672473,9.222936334063498,8.519189999526875,7.985026320557316,8.302504115242641,8.672493367074974,9.368072313975874,9.800920029500034,10.253767285864063,10.727538153172665,11.22319939778868,11.741762455095161,12.28428549340807,12.85187557325115,13.445690906399145,14.0669432192991,14.716900225692186,203.92159024124408,197.54272893898252,190.04463128213052,203.08154086752302,218.1653610328083,208.07051816725317,205.78064875946208,200.80019183902826,206.08304051273856,217.8702873276062,220.2244873656194,209.59504162253484,200.10545835623788,192.73844760038273,205.2546060659945,217.750829100534,210.39944737950665,207.34088148482454,200.43182263299562,192.36234958609828,216.6601879705778,218.52758361421766,207.57559404691318,204.1848155023015,189.76233794499953,201.80877530669142,212.6416121268533,213.86435869371056,199.3982015808161,191.74684067442882,213.386191,207.3158242,200.1404749,213.1361809,227.5815858,217.2694666,214.5077137,208.250459,213.9078033,225.8360568,228.440338,218.2242236,208.869091,201.66924,214.4775424,226.2700191,218.3844737,215.6433856,209.104316,201.7304219,226.461108,228.7813509,218.3031322,215.4080149,201.5041004,214.0930608,225.4934877,227.3100496,213.4651448,206.4637409,
0.0,0.0,0.0,0.0,0.0,0.0,0.0,0.0,0.0,0.0,0.0,0.0,0.0,0.0,0.0,0.0,0.0,0.0,0.0,0.0,0.0,0.0,0.0,0.0,0.0,0.0,0.0,0.0,0.0,0.0,4.770361818070025,4.925849665068134,5.088521760555072,5.067754269614302,4.745979280557806,4.636467346962996,4.398627943994827,3.7550944730899625,3.9438483024618107,4.0149186966603265,4.140964967071028,4.349292830815678,4.4170588508808875,4.5013109537624505,4.6485577637989035,4.293854514349722,4.024624561211869,4.184640180301369,4.371122700274438,4.721709411147529,4.939873945267862,5.168118677003809,5.406909357511393,5.656733257776661,5.918100162930096,6.191543412502882,6.477620988747769,6.776916655245313,7.09004114811891,7.417633422289246,171.4742106819592,169.7963654349625,185.88736213947712,191.2381777304195,184.4146267194777,193.40588425307428,172.7722570560444,171.75481472695117,193.07277509758137,193.8287977033851,185.7334162329766,194.56332516923436,171.61422284917168,187.9333346462928,192.8928154362591,193.93003468571118,195.03406233885212,173.92424371976585,171.8584025997962,187.7713164889266,193.45141875481,184.98970462307796,193.5776342425745,172.25774804231358,186.35896763716468,190.99570868759665,191.06598771135677,182.15799464486454,169.21974265199643,166.58646047783188,176.2445725,174.7222151,190.9758839,196.305932,189.160606,198.0423516,177.170885,175.5099092,197.0166234,197.8437164,189.8743812,198.912618,176.0312817,192.4346456,197.5413732,198.2238892,199.0586869,178.1088839,176.2295253,192.4930259,198.3912927,190.1578233,198.9845436,177.9144813,192.2770678,197.1872521,197.5436087,188.9349113,176.3097838,174.0040939,
0.0,0.0,0.0,0.0,0.0,0.0,0.0,0.0,0.0,0.0,0.0,0.0,0.0,0.0,0.0,0.0,0.0,0.0,0.0,0.0,0.0,0.0,0.0,0.0,0.0,0.0,0.0,0.0,0.0,0.0,4.318180629947023,4.458929829841265,4.606182285431475,4.587383338824671,4.296109305965811,4.1969779762193244,3.9816833000283207,3.399150176805346,3.570012086427036,3.6343457389454294,3.7484441206033567,3.93702464765955,3.9983671466930053,4.074633017620728,4.207922346013464,3.8868413128413515,3.6431315874621184,3.7879793732681883,3.9567852702383277,4.274139970310429,4.471624752662008,4.678234233673738,4.894390016087091,5.120533182615233,5.357125196006658,5.604648840695876,5.863609207962661,6.134534726610145,6.417978241264929,6.714518140499438,159.3463632700822,155.9605098701894,170.43669091460072,175.1905539612091,169.1288859940697,178.50252422381794,160.54305450001087,157.74350292323584,176.85877991361616,178.03588176109997,170.33094987944435,179.56532225239053,157.62297885335965,172.30529828243456,176.70143805404462,178.13248018721964,179.99396781260197,161.60780462679912,157.84657602983242,172.1593010297638,177.70141524741595,169.66102336640822,178.67431018399893,160.09472431747514,170.87837490408828,174.9804056594038,175.53104399214203,167.08354057349982,157.30712225885054,153.0455858596218,163.6645439,160.4194397,175.0428732,179.7779373,173.4249953,182.6995022,164.5247378,161.1426531,180.428792,181.6702275,174.079394,183.5023469,161.621346,176.3799313,180.9093604,182.0193215,183.6370994,165.395784,161.8033613,176.433441,182.17304,174.3392576,183.5687002,165.2152575,176.2355001,180.5850545,181.3946532,173.2180753,163.7251005,159.760104,
0.0,0.0,0.0,0.0,0.0,0.0,0.0,0.0,0.0,0.0,0.0,0.0,0.0,0.0,0.0,0.0,0.0,0.0,0.0,0.0,0.0,0.0,0.0,0.0,0.0,0.0,0.0,0.0,0.0,0.0,4.009955185685022,4.140657912681381,4.27739970245363,4.2599425972763765,3.989459280664374,3.897403800857904,3.6974765450929956,3.1565237877902246,3.315189823150572,3.3749314332493037,3.4808856386001543,3.656005562288357,3.712969523081516,3.783791647217894,3.9075669774757853,3.6094042408212483,3.3830901606947954,3.517598922509877,3.6743557004073146,3.969058084191397,4.1524466904003745,4.344308687568576,4.5450355850478195,4.755036981709607,4.974741401763532,5.204597169194308,5.445073322601787,5.696660572310749,5.959872301703523,6.235245614818617,149.5376401143442,151.31409778734928,159.17004299757863,163.81177130275748,158.4578211193712,161.16753219917942,150.65713965494623,152.99906321225097,165.36499847689277,160.3967716667962,159.57937036144767,162.13428283776184,152.90649577697116,160.9121378528375,165.2218975225824,160.47699945923986,162.5289441393694,151.65421957755746,153.12149179966343,160.7768365158829,160.07253080967766,158.95936171251333,161.30520151503825,150.24741441838074,159.5863245983314,163.62167863090536,158.07820567750287,156.55679782779916,147.64453629841185,148.58057958530256,153.5475953,155.4547557,163.4474427,168.0717139,162.4472804,165.064936,154.3546162,156.155587,168.6801883,163.7717031,163.060256,165.7902884,156.6194653,164.6959295,169.1294645,164.0864037,165.9120343,155.1718185,156.7958475,164.7458946,164.2249775,163.3036704,165.8502371,155.0024514,164.561066,168.8262758,163.523279,162.2534584,153.6044086,154.8158252,
0.0,0.0,0.0,0.0,0.0,0.0,0.0,0.0,0.0,0.0,0.0,0.0,0.0,0.0,0.0,0.0,0.0,0.0,0.0,0.0,0.0,0.0,0.0,0.0,0.0,0.0,0.0,0.0,0.0,0.0,3.827576645749021,3.952334824387248,4.082857400524411,4.066194269645199,3.8080129240220115,3.7201442600832464,3.5293099839930187,3.0129605375709847,3.164410213015452,3.221434688603023,3.3225699440212284,3.4897251612433906,3.544098319018223,3.61169935089869,3.7298452007840535,3.445243335026154,3.229222345368085,3.3576134548772236,3.507240708639313,3.788539603361455,3.9635874315087,4.146723268584725,4.338320817531886,4.538771048074805,4.7484829945245455,4.96788459044499,5.197423541884615,5.437568240955546,5.688808721624133,5.951657659663276,142.03154485428018,144.45195797564344,151.2522703995078,154.64993533038864,150.89618567601354,152.8178064399541,143.09642311604622,146.06037816247024,156.12632348702786,152.02559881144245,151.9653866560265,153.73610733880676,145.97207998103448,152.90994964915663,155.98515609927406,152.10010986503488,154.11206685469602,144.04440274519013,146.1773202914314,152.7805945967128,151.7131265685693,151.37304523149717,152.94436358255413,142.70235855201554,151.64499610557036,154.4608048096546,149.81411685822,149.08204685915433,140.22428127849128,141.84268254045787,145.8591215,148.4042928,155.3351278,158.7161296,154.7041986,156.5379507,146.6257331,149.0733387,159.2907337,155.2470335,155.2879566,157.2258325,149.5161783,156.521649,159.7150013,155.5453532,157.3412892,147.4020162,149.684561,156.5691342,155.676714,155.5197685,157.2826844,147.2411296,156.3934791,159.4286894,155.0115404,154.5196151,145.91309,147.7943402,
0.0,0.0,0.0,0.0,0.0,0.0,0.0,0.0,0.0,0.0,0.0,0.0,0.0,0.0,0.0,0.0,0.0,0.0,0.0,0.0,0.0,0.0,0.0,0.0,0.0,0.0,0.0,0.0,0.0,0.0,3.67530725854002,3.7951022834209858,3.9204323854355416,3.904432150420422,3.6565218245377533,3.572148768617103,3.38890629824839,2.8930983643992554,3.0385230398483487,3.0932789568263153,3.1903908301432486,3.3508962464989867,3.4031063208972423,3.4680180355799552,3.5814637846369495,3.308184004811836,3.100756803538396,3.2240402333385596,3.3677149870336875,3.6378231952494,3.805907237170744,3.9817575293005834,4.1657329078592475,4.358208788938892,4.559577934569274,4.770251254179279,4.990658643089613,5.221249859747689,5.46249544349475,5.714887674737909,136.6245815414892,140.2785996166097,146.00444621459673,149.07090994961348,145.73977067549782,146.40139303142027,137.6483756017909,141.830126035642,150.49063966019494,146.71609834321916,146.76963086990455,147.2816810535512,141.75003517915547,147.60205576447538,150.35662071542117,146.7890640952492,147.64243549652568,138.55993776672878,141.948895613037,147.47808190482485,146.41810056290723,146.20212267078128,146.52131219222673,137.27101471115142,146.3867900655256,148.89187724592028,144.591473857015,143.99679224036217,134.88930495662063,137.76666072538328,140.2998888,144.0737019,149.9248786,152.9753421,149.3962925,149.9735418,141.0372819,144.7232244,153.5291627,149.8093773,149.9600217,150.6325773,145.1531415,151.0700738,153.9380845,150.0972481,150.7431923,141.783978,145.3166106,151.1159051,150.2240078,150.1838802,150.6870451,141.6292235,150.946368,153.6621285,149.5821325,149.2180421,140.3518004,143.4815484,
0.0,0.0,0.0,0.0,0.0,0.0,0.0,0.0,0.0,0.0,0.0,0.0,0.0,0.0,0.0,0.0,0.0,0.0,0.0,0.0,0.0,0.0,0.0,0.0,0.0,0.0,0.0,0.0,0.0,0.0,3.462333875554019,3.575187126613352,3.6932547131595754,3.6781816453008407,3.4446370029015627,3.365153120562396,3.192529019237646,2.7254517153889806,2.862449453191413,2.914032423785047,3.005516946044362,3.1567215396105417,3.2059061918091407,3.2670564611217348,3.3739283584535684,3.116484348297994,2.921076950994922,3.0372164640382895,3.172565682970839,3.427021904881918,3.5853659646695863,3.751026243018416,3.9243407826317855,4.105663245329471,4.295363633722142,4.493829046230509,4.701464466989807,4.918693592251465,5.145959694968291,5.383726529327329,133.3505663244752,139.10595657341733,143.89051338687264,146.52785845473304,143.833400197134,142.74865517947495,134.3394373808016,140.59893648465223,147.88738554685187,144.07498367626044,144.82825655400345,143.59916126043964,140.54424370824358,145.44402443893364,147.77742574160456,144.15498315176305,143.94257414906917,135.22288773602907,140.73947331709988,145.32917459519234,143.8104748354084,144.3034316570635,142.88460801745424,134.00353265476087,144.29394316637274,146.38656465386916,142.06458513311483,142.18362060785842,131.71756200514713,136.71098717079389,136.8129002,142.6811437,147.5837681,150.2060401,147.2780372,146.1138083,137.5319664,143.3243882,150.749835,146.9890161,147.8337735,146.7558828,143.7501499,148.7110809,151.1513541,147.2714675,146.8636511,138.2601042,143.912039,148.7561965,147.3958408,148.0544579,146.8089488,138.1091959,148.5893068,150.8803937,146.7660496,147.1023142,136.8635217,142.0947137,
0.0,0.0,0.0,0.0,0.0,0.0,0.0,0.0,0.0,0.0,0.0,0.0,0.0,0.0,0.0,0.0,0.0,0.0,0.0,0.0,0.0,0.0,0.0,0.0,0.0,0.0,0.0,0.0,0.0,0.0,3.3852967252620183,3.4956389842636,3.6110795594538145,3.596341868319489,3.367993609158533,3.2902782482877284,3.121495044263979,2.6648102403150564,2.798759769684655,2.849195015881694,2.9386440016664817,3.086484283349962,3.134574573889729,3.1943642457970025,3.29885823657428,3.047142372118968,2.856082801910358,2.9696382033565354,3.101975893506598,3.3507704481970477,3.505591342521721,3.6675656690763927,3.8370239490926576,4.0143119753921725,4.19979151800384,4.39384106238374,4.596856581744182,4.809252345067889,5.031461762456102,5.263938269535527,131.99250317476722,142.21324841576708,146.09355514057842,148.45589953171438,146.05078999087706,141.48448055174967,132.96782835577528,143.70097145972616,149.80396033035862,146.56430608416377,147.0439536983813,142.32446481670024,143.66600362616296,147.65378335425837,149.71031606348387,146.6534689279421,142.66164689815378,133.84018519671082,143.86392670656414,147.54314115187722,146.3214446575563,146.53892423100552,141.6265048509934,132.6461860246982,146.52483208209105,148.3410425377159,144.5900003183605,144.43125405504202,130.39642853765935,139.8460748305857,135.3777999,145.7088874,149.7046347,152.0522414,149.4187836,144.7747588,136.0893234,146.3657817,152.6027201,149.4135011,149.9825977,145.4109491,146.8005782,150.8481476,153.0091743,149.7006113,145.5177297,136.8098234,146.9659026,150.8939116,149.827036,150.2064899,145.4635288,136.660498,150.7246236,152.7348836,149.1868569,149.2405064,135.4278903,145.1100131,
0.04897969330800008,0.05934759612892755,0.07126576311313754,0.08331496003208386,0.09474213522926485,0.11028828424670559,0.12735742183391022,0.14395270541599303,0.17123962593874117,0.20153565190906225,0.23694451271918948,0.27840493419664764,0.3247982950629971,0.37841186321637815,0.4407165990668668,0.5080570328983562,0.5869255750358807,0.6819198636702418,0.7914263081155354,0.9187838839335715,1.0561653538088984,1.2140888342648821,1.3956258763562432,1.6025752531133461,1.8295410587948149,2.07842348204338,2.35129756038517,2.6504283968215336,2.978287558912249,3.337570727885055,3.358200841065018,3.467659921629203,3.5821765115056197,3.5675567807170823,3.34103621894544,3.263942891116161,3.096510626322199,2.6434811233901674,2.776358521945071,2.826390084890298,2.9151231218064746,3.0617800912200868,3.1094854675117927,3.1687965834289558,3.2724542052545087,3.022753072288739,2.833222741142238,2.9458692461881184,3.0771477066699373,3.3239509120076316,3.4775326213023505,3.6382105068205655,3.8063124443049396,3.9821814588545306,4.1661764248942195,4.358672798485939,4.5600633834760105,4.7707591330419845,4.991189988274596,5.221805755505918,132.0642570656562,150.48829568227256,153.63125142541347,155.4737094592847,152.79781684586084,142.26937652467447,132.95958525188317,151.92221127123506,156.75306595215955,154.05490646324614,153.6710566655221,142.94343097463346,151.7349442374779,154.93889815341,156.41285269573686,153.85386939487395,142.970889183886,133.27666259020899,151.47540298528523,154.29145290413302,152.98389562496675,152.2049285589964,141.13457297942486,131.1702662881225,152.3606106164058,153.40187851957026,149.93319335624344,148.62599947024637,127.55208515292861,144.82291241673022,135.4714376,154.0153032,157.2846937,159.1245812,156.2335952,145.6436077,136.1834533,154.7096451,159.7006641,157.0828322,156.8231243,146.283616,155.169228,158.4861066,160.1260235,157.3846795,146.3910375,136.9044517,155.343977,158.5341877,157.5175936,157.0572279,146.3365113,136.755023,158.3563281,159.8389748,156.8445543,156.047187,135.5215627,153.3822889,
2.5248276930240037,3.059277102420035,3.673640239865463,4.294757768477798,4.883811036113657,5.685191055222537,6.565078787577367,7.420540076363867,8.827138769417068,10.388852210075694,12.214124405833589,14.351345226153336,16.742851468367455,19.506548267044153,22.718261363993356,26.189556929868704,30.255108709563647,35.15191786504228,40.79680628362517,47.361893008846884,54.443696021952185,62.58440801715932,71.94236271686889,82.6102840981783,94.31002153733613,107.13952682993583,121.2057649619991,136.62549850182927,153.52613294747366,172.04662651111542,2.9415773707450157,3.037456792390342,3.1377662811011255,3.124960296203478,2.926542217579987,2.8590132044831664,2.7123528394365333,2.315526861130215,2.4319192888530936,2.475743860505577,2.55346854279329,2.6819310269942975,2.723718002224181,2.7756708914862274,2.8664685921295843,2.6477457589983304,2.481728847099295,2.58040025652917,2.6953921128521805,2.9115765396354387,3.0461046700251657,3.186848614294337,3.3340955714255873,3.4881460103059,3.649314282856776,3.817929265493819,3.9943350302246796,4.178891546754785,4.3719754170335445,4.573980643739853,130.75209903626023,157.8560928052203,159.61136737906563,160.79495393535254,157.29292484634186,139.53013604033166,127.65701447302537,154.955902662547,157.56460584177302,153.64952362946408,150.95868285142083,131.69175374690258,145.71463662946107,145.41176844152497,143.68859234393514,137.99678741119402,116.09740674340118,99.92710237849592,121.87503210359336,117.47139275159196,109.48518360810063,100.20241326862826,73.50234981179152,51.41073769160614,69.59733327990195,58.01241960466994,41.0614356078809,24.10189705152585,1.157391638243107e-10,1.223102859438113e-10,136.2185041,163.9528267,166.4227739,168.214672,165.1032781,148.0743403,136.9344461,164.6919696,168.8236639,166.5141197,165.7262758,148.72503,165.1812061,167.6939876,169.2733223,166.8340901,148.8342443,137.6594205,165.3672305,167.7448623,166.9749843,165.9736699,148.7788081,137.5091678,167.5566691,168.9698757,166.2615356,164.9062871,136.2689056,163.2789685,
12.23147442389602,14.82060329790023,17.79687253932637,20.8058632860795,23.65951939786387,27.54178797192707,31.80438550439783,35.94864964699084,42.762887302218516,50.32857507554612,59.17106767048494,69.52478878744931,81.11039025920549,94.49906101951782,110.05813727282656,126.87475531337667,146.5702350285902,170.29272354114286,197.63926624123005,229.44369019937818,263.7513352989615,303.18884259373476,348.52325645719475,400.2037762376703,456.8829071141064,519.0351744911025,587.1787679838909,661.879341388102,743.7541079476867,833.4762477861859,2.189297919792012,2.26065712334266,2.3353134479234745,2.3257824675807046,2.1781078590187284,2.1278487261572896,2.0186953055110015,1.7233536641638567,1.8099798744507214,1.8425967433825958,1.9004441034219095,1.9960535720796553,2.027153939812636,2.0658203891536493,2.133397471815953,1.9706108497989396,1.847051128580797,1.92048829652891,2.0060721177619474,2.1669695058623137,2.267093391415983,2.37184345764789,2.481433455228509,2.596087011085276,2.7160380847307533,2.841531445675242,2.9728231728980337,3.110181177396513,3.2538857488794037,3.4042301277196674,126.43280055634118,155.4613870787878,153.7768393127824,153.00086084637363,146.5548208431529,124.32514220195301,107.77079529013044,135.6485121888865,132.19729652337404,121.42359258111676,111.971438826141,83.15064274052122,90.69784000103456,78.6725410913839,65.04945265541562,45.082974636885496,6.3677799428931525,6.75825994254899e-11,7.096711225299261e-11,7.451756321723346e-11,7.824696289804663e-11,8.216328163039817e-11,8.627574136546694e-11,9.059335499250277e-11,9.512764542722677e-11,9.988863702858127e-11,1.0488722206792117e-10,1.1013594093015332e-10,1.1564601096249599e-10,1.2143291876043924e-10,140.8535729,172.5426475,173.9090253,176.1325066,172.3924481,153.9947789,141.5938761,173.3205155,176.7701637,173.5947644,173.0429506,154.6714851,173.8353842,175.2374225,177.2409874,173.9283408,154.7850661,142.343519,174.0311547,175.2905856,174.0752263,173.301267,154.7274134,142.1881537,175.0939269,176.9232576,173.3314398,172.1867601,140.9056894,171.8334845,
23.713037282116037,28.732555566642592,34.50261901424068,40.33611931735228,45.868473915329425,53.394989218839726,61.658844474806386,69.69328796988114,82.90398244281647,97.57150575327456,114.71435781704321,134.7870135203942,157.24790336199553,183.20438562197612,213.36861133046403,245.97082073995327,284.15425052038813,330.1448020293493,383.16127119003056,444.8201902147386,511.33207906099705,587.7891805014956,675.6785558009198,775.8710632487014,885.7543280957497,1006.2483080037994,1138.3576120035664,1283.1788674581705,1441.9086595181507,1615.8520757644378,2.8957344196510157,2.990119610452332,3.088865828031455,3.0762594177379676,2.88093358151645,2.8144569729137663,2.670082233262925,2.2794405811270644,2.394019093491171,2.437160682022095,2.5136740656221206,2.640134528921278,2.681270275908491,2.732413506452967,2.821796172227128,2.6064820205203705,2.4430523957172507,2.540186062627803,2.6533858307677693,2.866201135867242,2.9986327154187835,3.1371832386281935,3.2821354286315616,3.4337850716647775,3.592441620638387,3.7584288266003636,3.9320853993753424,4.113765698728393,4.303840457463714,4.5026975379336776,121.89866969826217,148.4882172229357,143.83642055776005,140.68289216494358,129.93033300318967,107.07486070828386,84.9590453919699,109.05060244903298,99.46375416373564,80.0472888647488,62.12593551738243,26.57468645073465,21.631908062148668,5.5597792772007006e-11,5.836812868396957e-11,6.128989053605227e-11,6.435829006999028e-11,6.758027664634897e-11,7.096358739260126e-11,7.45159516680527e-11,7.824594187390303e-11,8.216246270347709e-11,8.627477788709722e-11,9.059272140311989e-11,9.512662071484938e-11,9.988717188667005e-11,1.0488574605317625e-10,1.1013427716550195e-10,1.1564521594641284e-10,1.2143190917483403e-10,148.5074414,180.2108924,181.4279054,184.0952709,178.6797405,163.2843069,149.2879721,181.023331,184.7617557,180.0559553,179.3539674,164.0018345,181.5610817,182.8137352,185.2538649,180.4019474,164.1222671,150.07835,181.7655528,182.8691968,180.5543,179.6217048,164.0611366,149.9145423,182.6640357,184.9217709,179.7828298,178.466551,148.5623899,179.4702124,
33.27269788278805,40.31578196397157,48.41198556591343,56.59719992185631,64.35986486135666,74.92061533901678,86.51595658559084,97.78940114216682,116.32584760367938,136.9064280662963,160.96023993278718,189.12497484114567,220.64073526386517,257.0612992794089,299.3859140862889,345.1313599812117,398.7080363090149,463.2391930568913,537.6286919729951,624.1447531624932,717.4702077158905,824.7501823120582,948.071231263058,1088.6552901825467,1242.8368330247029,1411.9066886690034,1597.2744636694988,1800.4788791317567,2023.1989108753328,2267.2657787593403,3.801936583446021,3.925859035521686,4.055507270713169,4.038955762344347,3.782503914625428,3.695223862810309,3.505667941977561,2.99277740264001,3.143212551277162,3.1998550329186455,3.300312806344993,3.4663482889202712,3.520357213321879,3.587505401319758,3.704859819123607,3.4221644363038584,3.207590521948576,3.335121568720468,3.4837465036621236,3.7631610412951786,3.9370362639964465,4.118945315900774,4.309259396599804,4.508366856801213,4.716673990788575,4.934605865496506,5.162607187892852,5.4011432124378915,5.650700690472283,5.911788863470945,119.04596343379514,143.1522418005374,137.27665696340563,131.82624651583322,116.2276270240535,92.89288919821031,66.91951757247087,87.45652565523442,73.69011874508669,46.09498270083047,20.805141460915547,5.040931183738955e-11,5.2933222864856806e-11,5.558355973489179e-11,5.836679194303813e-11,6.128927712768009e-11,6.435792665262443e-11,6.758004365210226e-11,7.096330705077927e-11,7.451571440330561e-11,7.824573039372482e-11,8.216227760484149e-11,8.62746290921682e-11,9.059260998334168e-11,9.512647544264738e-11,9.988702958589547e-11,1.0488560771477919e-10,1.1013412396364092e-10,1.156451375884316e-10,1.2143148249546863e-10,156.1205979,187.3938828,189.7441498,192.4624022,184.3699958,171.5087284,156.9411421,188.2387042,193.1591789,186.2012658,185.0656942,172.2623969,188.7978891,191.1935029,193.6736544,186.5590666,172.3888955,157.7720383,189.0105102,191.2515068,186.716619,185.341958,172.324686,157.599833,191.0369415,193.3264667,185.9188184,184.150017,156.1783632,186.6236802,
40.247383272096066,48.76685185957204,58.56019685865135,68.4612112130753,77.85110054917723,90.62561536648133,104.65159381180075,118.288198978704,140.71029014387858,165.60501051669334,194.7010275801714,228.76970709052983,266.8918603740754,310.9469713868127,362.1437514007811,417.47844353701174,482.28596333015713,560.3442622926534,650.3274276146452,754.9791479576207,867.8676594839493,997.6358637396748,1146.807702468609,1316.8612557215463,1503.3626230020582,1707.8732191624656,1932.098135128777,2177.898641613177,2447.3056644982717,2742.5342873875848,4.567731975196025,4.716615191516708,4.87237749223218,4.852492138451379,4.544385130558558,4.439524916632703,4.211788177296908,3.5955899675455405,3.776326132797531,3.844377682019783,3.965069906565153,4.1645486632804465,4.22943619770417,4.310109538424752,4.451101770900995,4.111465190699109,3.8536712722231647,4.006889935234686,4.185451269108673,4.521146168239343,4.7300437647655444,4.948593384077674,5.177240993699577,5.416453166890986,5.666718034726604,5.9285462821655885,6.202472190143994,6.48905472581663,6.788878683173061,7.10255587635511,118.17157265273714,141.29321684894194,135.55977754914866,128.17956414850718,109.38840362029978,83.95453121692334,54.97993721094159,73.7709999537916,57.73612252336709,23.520744201332338,4.800876930040282e-11,5.0408048551597896e-11,5.2932528985285036e-11,5.558325602444452e-11,5.836659859116407e-11,6.128914530273353e-11,6.435783919049578e-11,6.757998073280028e-11,7.096323166882519e-11,7.451564922062846e-11,7.824567030410647e-11,8.21622254203218e-11,8.627458475367856e-11,9.059257359163064e-11,9.512641986876906e-11,9.9886971970497e-11,1.0488555514220575e-10,1.1013407219441834e-10,1.1564514097529562e-10,1.2143141912206799e-10,162.9866879,194.7766839,198.9923519,201.4932675,191.7838893,179.0196715,163.8433192,195.6547889,202.2227388,192.9701324,192.5075632,179.8063458,196.2360041,200.5123471,202.7613549,193.3409402,179.9383842,164.7107577,196.4570019,200.5731781,193.50422,192.7949361,179.8713627,164.530979,200.3481548,202.3978763,192.6774175,191.5550647,163.0469938,193.9761374,
44.19657109030807,53.55199418781616,64.30629007675682,75.17882014468908,85.49007215249054,99.51805872866653,114.92030610655934,129.8949737915354,154.5171843704294,181.85464557360956,213.80564665850204,251.21724198515795,293.0800494705822,341.45797338683826,397.67832719679603,458.4426168457778,529.609234967511,615.3268364314638,714.1394060884237,829.0598511417568,953.0253047768896,1095.5267346431672,1259.335738833167,1446.075430819893,1650.8768431682968,1875.454601200863,2121.681104219113,2391.60025611596,2687.4422630030135,3011.6395587926177,5.166270928368028,5.334663258823553,5.510836083825511,5.488345025747687,5.139864798285386,5.021264084038278,4.763685552254712,4.066742974529517,4.271162148271865,4.348130924523725,4.484638218369935,4.7102559444627605,4.783646104946591,4.874890586260797,5.0343579271037235,4.650216607071031,4.358642312921429,4.531938191203751,4.733897551589427,5.113580687026856,5.349851463377071,5.597039028407022,5.85564778759977,6.126205452274803,6.4092641164241,6.7054013833029265,7.015221544074273,7.339356810912033,7.678468607079169,8.033248916613193,121.03140648135314,144.18217015339096,138.82516893944992,131.4274640295971,108.73959624925966,81.27576928733257,51.60582104122522,70.02259903397625,54.07413438134201,14.147471801912198,4.8004885789542355e-11,5.0407863602877566e-11,5.2932406559143267e-11,5.5583184513842334e-11,5.83665486657137e-11,6.128910719558963e-11,6.435781143515224e-11,6.7579959799514e-11,7.09632078523739e-11,7.451562811016996e-11,7.824565033593407e-11,8.21622089655426e-11,8.627457107365504e-11,9.059256150522312e-11,9.512640016914805e-11,9.988695043845518e-11,1.0488553801722177e-10,1.1013405478768356e-10,1.1564511480295861e-10,1.2143138586087556e-10,170.3942485,203.0688276,208.6422951,212.0946292,199.3695332,185.8150921,171.2898127,203.9843158,212.8624809,200.3502483,200.1218306,186.6316278,204.5902748,210.236001,213.4294358,200.7352375,186.7686783,172.1966753,204.820681,210.2997819,200.9047619,200.42057,186.6991126,172.0087258,210.0638464,213.0468331,200.0463384,199.1316579,170.4572952,202.2341997,
45.324534174920075,54.91872176556845,65.94748348894981,77.09749690571253,87.67190760057969,102.05790952996097,117.8532454672994,133.21008923372918,158.4606957245546,186.49585012663005,219.26228889935845,257.628684506305,300.5598939128939,350.172495337869,407.8276772835182,470.14276315709105,543.1256605990903,631.0309044019762,732.3653197161696,850.2187076763737,977.3479464653794,1123.4862275268586,1291.4758843126406,1482.9814545970844,1693.0097075601907,1923.3190283460765,2175.829602707558,2452.637498044418,2756.029838688456,3088.5011379303755,5.68523241247603,5.870540064434683,6.064409776028571,6.0396594495072105,5.656173737715178,5.525659362040835,5.242206589633386,4.475254839046524,4.700208297431774,4.784908729825458,4.935128434187539,5.183409878772417,5.264172216815593,5.364582375287664,5.5400685058956,5.1173394787303375,4.796476006657691,4.98717977690506,5.209426329125711,5.627249338795331,5.88725395226833,6.159271966064837,6.443858454132982,6.7415941373717665,7.05308656863729,7.378971372501691,7.719913542294594,8.076608797073792,8.44978500129415,8.840203650071492,127.43529311263315,151.29755227002752,147.1450061350538,140.332850444814,113.98695386174063,85.05147600803552,56.287485543106456,75.35761372726542,61.118137078056776,23.932279643589855,4.80051485689081e-11,5.040786407866051e-11,5.293241264941956e-11,5.558318800324708e-11,5.836654953998661e-11,6.128910829858873e-11,6.435780888916336e-11,6.757995767079371e-11,7.09632052007573e-11,7.451562583557564e-11,7.824564344640628e-11,8.216220682680476e-11,8.627457031974489e-11,9.059255984050363e-11,9.512639591111171e-11,9.988694530979076e-11,1.0488552915313832e-10,1.1013405405546061e-10,1.1564510899301411e-10,1.2143137984774718e-10,178.4450597,212.0868141,219.1568994,223.4700068,207.3150352,192.6350449,179.3829376,213.0429578,224.2790411,215.2130385,208.097314,193.4815498,213.6758265,220.8309206,224.8764037,215.6265878,193.6236304,180.3326478,213.9164648,220.8979158,215.8086882,208.4079591,193.5515115,180.135818,220.6500902,224.4732806,214.8865834,207.0676798,178.5110852,211.2151217,
43.50077096128407,52.70890877313009,63.293896494434904,73.99525699790874,84.14417581332819,97.95131550865214,113.11108059779683,127.8499975118362,152.08457310287915,178.99165229761132,210.4396390053955,247.2622521505584,288.4660006607932,336.0822961322981,391.41755572635367,451.22521458849405,521.2714348863752,605.6395579476624,702.8964911147231,816.0077084718122,938.0215360756496,1078.2795223706046,1239.5096313332392,1423.3094232649867,1624.8865843735116,1845.928746110707,2088.278830023521,2353.9485622010848,2645.1330379384453,2964.2263965972998,6.0639080349990335,6.261558452454787,6.468341221668813,6.441942352990661,6.032913852424883,5.893706320715577,5.591373642042253,4.7733376242649665,5.013274531823869,5.103616596192749,5.263841967155145,5.5286606654119685,5.614802331232107,5.721900497600496,5.909075212760627,5.458189521820448,5.115954333304799,5.319360287680548,5.5564099904867525,6.002062889387263,6.279385600296292,6.569521886704807,6.873063794307667,7.190630724014114,7.522870695883577,7.870461671461086,8.234112937210622,8.614566551869375,9.012598860676382,9.429022079565215,137.6721515037461,162.9723149744457,161.2857898839284,154.44290334913435,126.37362033428239,95.85734217066963,69.51846226020007,90.32002406393991,78.63259766534004,40.49162430624121,1.6643576274969882,5.0408064199495766e-11,5.293256718015459e-11,5.5583278143441134e-11,5.83666044693965e-11,6.128914139151639e-11,6.435782909534256e-11,6.757997268895497e-11,7.096322207707293e-11,7.451564116177076e-11,7.824565527712682e-11,8.216221622172758e-11,8.627457961853365e-11,9.05925662893128e-11,9.512640601008277e-11,9.988695693818068e-11,1.0488554130452748e-10,1.1013406659219192e-10,1.1564513047004523e-10,1.21431403508319e-10,187.2368305,221.9427822,231.0480276,234.8801027,216.55071,199.702364,188.2209165,222.9433592,235.7304453,224.5868932,217.3678386,200.5799252,223.6056383,232.8128788,236.3583085,225.0184552,200.7272184,189.2174177,223.8574593,232.883509,225.2084871,217.6923226,200.6524537,189.0108905,232.6222368,235.9346025,224.246219,216.2923352,187.306109,221.0305811,
39.35546922689206,47.686139610035774,57.26245628965504,66.94405628601314,76.12585820124697,88.61727960328001,102.33243120332273,115.66683834669149,137.5920381264594,161.93507168272197,190.38629785127483,223.6999883092665,260.9773243355722,304.0561390258968,354.1183576485079,408.22678896749034,471.5981225433216,547.9265874761444,635.9156542392309,738.2482091696968,848.6350214354349,975.5274590055576,1121.393531066091,1287.6785622375369,1470.0469107872989,1670.0253893718796,1889.2813027453267,2129.6346743795043,2393.0714232230957,2681.757544864042,6.475315667897035,6.686375736343115,6.907187743651687,6.878997835925552,6.4422186758454245,6.293566568002782,5.970722039386681,5.097186126202568,5.353401624171144,5.449872972598852,5.620968881210794,5.903754282321314,5.99574025491926,6.110104528039109,6.309978167071097,5.8285020031642025,5.463047767131841,5.680253858601374,5.933386268557455,6.409274620102131,6.705412372298963,7.015233040812254,7.339368838852018,7.6784811907652575,8.033262081723862,8.404435469774267,8.792758763130237,9.199024365723316,9.624061294164738,10.068736869418148,150.32402380524007,177.62400685365168,176.68535246672542,170.8619296780951,142.37386842294308,112.30859412875452,88.88261295732981,112.27839962714705,102.62538344941264,65.31638384472453,29.78347036756201,5.040920247454517e-11,5.2933303673356567e-11,5.5583587649332496e-11,5.836678012909144e-11,6.128923874688409e-11,6.43578844434608e-11,6.7580014334361e-11,7.096327312369331e-11,7.451568961690237e-11,7.82456946622977e-11,8.216224883132283e-11,8.627460716850051e-11,9.059258961059333e-11,9.512644854059165e-11,9.988700415714276e-11,1.048855845647431e-10,1.1013410922948196e-10,1.156451757506369e-10,1.2143146102072025e-10,196.1548087,231.9965222,240.8549965,244.6849838,224.9419453,207.2194403,197.1857662,233.0424241,245.5708232,232.7013285,225.7907371,208.130034,233.7347036,242.6947579,246.2248961,233.148483,208.2828716,198.2297301,233.9979318,242.768386,233.3453809,226.1277948,208.2052926,198.0133661,242.4960239,245.7835028,232.3483456,224.6735585,196.2273869,231.0429994,
32.47888888426005,39.353941399721776,47.25698845945067,55.24692268411241,62.82438853626371,73.13318412917394,84.45188756732746,95.45637402002676,113.55058408538902,133.640159880344,157.12010387547124,184.61289387301517,215.37676172882774,250.92841599894444,292.24326417339535,336.8973303815555,389.1957921224306,452.1873859201566,524.8021248260077,609.2541145016371,700.3530412911249,805.0735658091446,925.4524620465271,1062.682513082044,1213.185643775411,1378.2218868385178,1559.1672188994335,1757.5236507655668,1974.9301018078331,2213.1741032488676,6.714060166135036,6.93290200657859,7.161855339282488,7.132626071358237,6.6797428899821085,6.525609987886475,6.190862200966618,5.285119071334361,5.5507812192642,5.650809460491576,5.828213664937595,6.121425346736157,6.216802836597378,6.335383713571416,6.542626681622879,6.043398520583954,5.664470008904605,5.889684475869903,6.152149862518125,6.645584188889964,6.952640522154291,7.273884260034638,7.60997092540395,7.961586329285021,8.329447970301306,8.71430649878876,9.11694724855632,9.538191839420705,9.978899853785622,10.439970590686348,165.86965984963408,193.21481299373025,194.95428730129893,189.6391838445631,161.83347267378963,133.74276168297686,115.4976345317451,139.83990030867994,133.82975729538984,100.04795085920973,69.2622116596388,23.604996580298778,19.702503734627374,5.559098045053901e-11,5.836763512911484e-11,6.128967273782547e-11,6.435808117432394e-11,6.758014712450605e-11,7.096349418237398e-11,7.451590049292484e-11,7.824585007986461e-11,8.216236618079152e-11,8.627468919911262e-11,9.059265917861391e-11,9.512657799695965e-11,9.988711861121834e-11,1.0488568875747973e-10,1.1013420076781071e-10,1.1564519920409783e-10,1.2143161657640565e-10,205.0626089,239.5016564,249.3731311,252.0187326,231.3376041,213.4015558,206.1403843,240.5813934,252.9311226,239.3389202,232.2105292,214.3393158,241.2960683,251.2779579,253.6047994,239.7988293,214.4967131,207.2317569,241.5678119,251.35419,240.0013436,232.5571702,214.4168197,207.0055673,251.0721955,253.1501766,238.9758687,231.0615864,205.138483,238.5172869,
23.405061661072036,28.359388412239653,34.05451254048376,39.81224963126043,45.272752179123664,52.7015160559686,60.858043603367385,68.78813889978247,81.82725805799447,96.30428533258109,113.22449276217685,133.03645269160842,155.20562931166535,180.82499896776352,210.5974635519652,242.77624826174858,280.4637666428838,325.85701091976756,378.184922987527,439.0430401725712,504.69109871187504,580.1552053276607,666.9031079165678,765.7943544023698,874.2504985338809,993.1795499238015,1123.5730701350572,1266.513443964993,1423.181715785863,1594.8660232133332,6.373519802622035,6.581261879576367,6.798602589036322,6.770855843651018,6.340943115234582,6.1946279081268045,5.876858690094048,5.017055287986147,5.269242923893591,5.3641976845762205,5.532603862377274,5.810943706534348,5.901483604198806,6.014050002012514,6.210781506965726,5.736874438563656,5.3771653633980865,5.590956844189447,5.840109860086272,6.308516959904496,6.599999248140718,6.90494934900157,7.223989536924342,7.557770838266626,7.906974359776323,8.272312678443011,8.654531295566812,9.054410158011844,9.472765249748527,9.910450256932183,182.81779543633505,210.3697883082145,213.96493327051198,209.71620012512227,183.55353440567723,159.22990543594184,146.9788462065777,172.61116891227243,170.13069161815503,141.37075098288796,117.29750887549346,80.23717420190728,86.04125858418831,69.92541693027908,41.104066841126986,6.130099769079595e-11,6.435919683056059e-11,6.758069325366606e-11,7.096519248810686e-11,7.451790292851305e-11,7.824690001532363e-11,8.2163063645547e-11,8.627496913816926e-11,9.059290109701278e-11,9.512790199530197e-11,9.988809611410573e-11,1.0488674865369847e-10,1.1013514359092336e-10,1.1564601445097658e-10,1.214322155076201e-10,212.5963769,245.3104386,254.8180484,256.2993056,235.1672297,218.1260494,213.7137485,246.4163631,257.2271926,243.039234,236.0546055,219.0845706,247.1483715,256.7644659,257.9123119,243.5062536,219.2454524,214.8452169,247.4267059,256.8423625,243.7118988,236.4069849,219.1637902,214.6107173,256.5542108,257.4499673,242.6705695,234.8866428,212.6750385,244.3021946,
12.49284582691602,15.137301166311515,18.177169581511592,21.25045871993013,24.165093915333113,28.130321742625913,32.48400568536581,36.716827600791085,43.67667704366875,51.40403415951344,60.43547982876176,71.01044709488471,82.8436184675833,96.51838847806935,112.40994284882218,129.58591111151094,149.7022587440264,173.93166734574987,201.86257166779362,234.3466166286186,269.38737345482025,309.66761125419305,355.97076518495294,408.7556334270854,466.64592687033246,530.1263109372888,599.7260483110831,676.0228801057718,759.6472086450478,851.2865990748356,6.065359010482033,6.263056721845985,6.469888970162713,6.443483784747729,6.034357411601637,5.895116570232225,5.592711549217637,4.774479791300633,5.014474111103971,5.104837792575175,5.265101502358621,5.5299835665894,5.616145844438027,5.723269637318688,5.910489139754808,5.459495560621171,5.117178481868222,5.320633107340431,5.557739531539017,6.003499066527427,6.280888135377917,6.571093845767779,6.874708385056913,7.192351302365176,7.524670772810618,7.872344920161308,8.236083200599708,8.61662785042326,9.014755400635346,9.431278261517043,198.40657676263112,226.28130341187304,230.3606442483578,228.46648949535586,205.07001077310073,184.94083908717917,180.0283956654557,207.30696860794936,208.39666514527036,185.96423864795668,170.45664226892725,143.3880601385759,161.07759578803118,154.7139108846671,139.4521324114809,107.89363562792872,65.27055517416939,40.007530046976946,42.39807380073791,16.683407904928146,7.825204125354682e-11,8.216806030983875e-11,8.627754822697016e-11,9.059541358599356e-11,9.512798454304344e-11,9.9893937185957e-11,1.0488963928252804e-10,1.1014188009850686e-10,1.1564890582642897e-10,1.214365997404441e-10,216.9647816,247.6816613,255.0077028,256.160432,235.2694621,218.9662774,218.1051129,248.798276,257.0878163,242.4731106,236.1572236,219.9284908,249.5373601,256.955569,257.7725644,242.9390423,220.0899924,219.2598305,249.818385,257.0335236,243.1442085,236.5097562,220.0080156,219.0205125,256.7451574,257.3104703,242.1053049,234.9887532,217.0450596,246.6636715,
2.9142848396480048,3.5311735943400957,4.240302847969037,4.957228364223408,5.637143675814526,6.562137348427748,7.577748626012685,8.565165657164735,10.188733577446838,11.991342847204514,14.098165068390317,16.56505429526585,19.325452719627517,22.515452458627788,26.222575449079326,30.22932175874589,34.92198888573636,40.574135653569385,47.08975364414896,54.66751143219541,62.841689502045234,72.23811430248696,83.0395426878089,95.35300139946888,108.8574348073433,123.66590386751362,139.90187301994834,157.7001155735687,177.20768944938564,198.58498730002614,5.913671342482032,6.106424860970689,6.308084472126097,6.282339650094679,5.883445058010942,5.747686470285739,5.452844251794451,4.655075531106979,4.889067868399256,4.977171657901894,5.133427356228793,5.391685024022568,5.475692482185527,5.580137231945854,5.762674589486746,5.322959842188707,4.989203720718398,5.187570179500332,5.4187468441426665,5.853358444732749,6.123810331314242,6.406758329939103,6.702779818040983,7.01247885052727,7.336487392400182,7.675466608330593,8.03010821181604,8.401135876675989,8.789306713764605,9.19541281591419,206.7790780178991,234.77980864471976,240.23389657993698,240.33803688571567,218.47981556621002,202.9929777813238,203.70963642223202,232.29906451176936,237.410596354197,219.9971999949389,211.63669127542852,194.29217708076163,221.44750399823945,224.6022847094815,221.17564546149185,201.8687816991262,176.49652339360924,172.12601506699747,194.0174699117789,192.2536674231459,168.65606966671828,152.56804836765562,126.58478819423601,115.28442025009409,136.29702710035127,121.36569792425529,88.67428176834018,63.62473064986511,29.689813636965063,35.63243348418073,215.6070342,244.4174071,250.7822839,251.5776049,230.0004043,215.3028016,216.7402293,245.5193057,252.4883978,236.9657145,230.8682837,216.2489164,246.2486492,252.6978744,253.1608955,237.4210633,216.407716,217.8877209,246.5259704,252.7745373,237.6215695,231.212921,216.3271107,217.6499005,252.4909493,252.7070684,236.606263,229.7259821,215.6868098,243.4128336,
0.08112476226400012,0.09829705540668948,0.11803704146860239,0.1379940515987982,0.15692081100888566,0.1826698012124361,0.21094130793882282,0.23842797321527195,0.2836231304491994,0.3338022503740854,0.3924497269353863,0.46112036589944594,0.537961401780245,0.6267612222123056,0.7299561698002409,0.8414917127237389,0.9721211899395528,1.1294596410694955,1.3108344858676635,1.521776048849439,1.7493201253921646,2.010887806662284,2.3115664836225984,2.6543354528876795,3.030257509242389,3.4424799233511,3.894439566999383,4.389888116240663,4.932919213096047,5.527997697664973,6.145229912245034,6.345530980550567,6.555086872786505,6.528333974075956,6.1138200727882115,5.972745656267981,5.66635845354175,4.837351915724163,5.080506569929399,5.172060193943701,5.334434315822814,5.602804445524145,5.690101340271429,5.79863577907146,5.988320657499563,5.531388227295037,5.184563390020024,5.3906971816184655,5.6309259113362815,6.082555373556938,6.363597204763292,6.6576244518083705,6.9652371001953295,7.287062857497102,7.623758434242602,7.976010883985714,8.344539005291592,8.730094808501113,9.133465050266523,9.55547283898943,204.31813402552004,229.41230266407328,235.752129685777,236.10505997435897,215.92728681623845,202.45827174255692,205.77377613855865,231.84365291110166,238.2861697996646,224.38125845572762,217.30958165728953,203.46648298862655,231.3951665580009,237.85161219877145,237.58098027275824,223.95598776004218,203.52758912010447,206.2514670773793,230.94907630286662,236.74678597766774,222.4104670699224,214.70089954161114,200.32936911626797,202.5979892897054,233.42296375660968,232.4428249927626,217.29942822781348,208.81293187536798,196.55600683675272,219.80327406346657,210.5444887,235.8561307,242.4252536,242.771388,222.1980277,208.6136872,211.6510759,236.9194328,243.6502995,229.8871209,223.0364657,209.5304078,237.6232293,244.2770092,244.2992571,230.3288677,209.6842737,212.7716239,237.8908367,244.3511174,230.5233844,223.3694118,209.6061727,212.5393876,244.0769797,243.8613158,229.5384068,221.9329148,210.6223911,234.8867446,
0.0,0.0,0.0,0.0,0.0,0.0,0.0,0.0,0.0,0.0,0.0,0.0,0.0,0.0,0.0,0.0,0.0,0.0,0.0,0.0,0.0,0.0,0.0,0.0,0.0,0.0,0.0,0.0,0.0,0.0,5.918902118841032,6.111826132186308,6.313664115839189,6.287896521929077,5.88864909853613,5.752770429262583,5.457667416145283,4.659193050939803,4.893392359758771,4.981574079060442,5.13796798909466,5.396454091650021,5.480535856314084,5.585072989823225,5.767771805794788,5.327668120834903,4.9936167845092605,5.192158702920741,5.423539848563479,5.858535872966462,6.129226980372488,6.412425252916261,6.708708578734856,7.0186815470359205,7.342976681809046,7.682255732540242,8.037211024563316,8.408566871803632,8.797081054797069,9.203546366999994,198.5717022811881,220.90166206784428,226.80016918419295,227.49347137810472,209.40664710149935,195.78950897077473,200.10770598389394,223.37773224910134,229.7343402402844,217.55824982098497,210.96971961095306,197.03147160840012,223.23379954373857,229.30939101023202,229.48488699426326,217.63978407922608,197.5829592155548,201.46154299714652,223.54836985150712,229.10718992710773,217.02652501970545,210.01786524716556,195.7924138213511,199.40946145305435,227.3591408182857,227.14867906755927,214.16504377554116,206.62985232830616,195.76918584531822,216.876899733121,204.4906044,227.0134882,233.1138333,233.7813679,215.2952962,201.5422794,205.5653734,228.0369253,234.6277326,222.5398239,216.1076876,202.4279257,228.7143354,234.894464,235.2526588,222.9674522,202.576576,206.6537017,228.9719097,234.9657258,223.155752,216.4302905,202.5011224,206.428143,234.7021175,234.8309348,222.2022548,215.0384192,204.5662669,226.0804461,
0.0,0.0,0.0,0.0,0.0,0.0,0.0,0.0,0.0,0.0,0.0,0.0,0.0,0.0,0.0,0.0,0.0,0.0,0.0,0.0,0.0,0.0,0.0,0.0,0.0,0.0,0.0,0.0,0.0,0.0,5.6253342699260305,5.80868956825209,6.000516718561115,5.976027155097194,5.5965817498686015,5.467442439998395,5.186976052902231,4.428104708172623,4.650688114932912,4.734496165414041,4.88313319371068,5.128798809023982,5.208710255901098,5.308062518837986,5.4816997728294385,5.063424509678045,4.74594157240062,4.934636136904697,5.15454115676566,5.567962090956547,5.825227362873818,6.09437946502689,6.37596762324792,6.670566440110279,6.978777067449855,7.301228433062213,7.638578524078751,7.991515729640685,8.36076024561069,8.747065544188429,183.69391843010314,204.7673110317785,210.14026558147108,210.9750918449366,197.21409405016695,184.92290576003896,185.12730754713704,207.09722849186855,213.08586458511036,203.19893393463144,198.69282470633703,186.09819029102619,206.94498334415155,212.48370258121733,212.83478982722872,203.269566490383,186.6214725276635,186.38723166316268,207.23807654330506,212.28987610911773,202.68370443720414,197.78547413505498,184.92016797683812,184.44247705998006,210.63464623264494,210.6238976670373,199.97943887602585,194.5771788704691,181.02854145450468,200.96345225593268,189.3192527,210.5760006,216.1407823,216.951119,202.8106758,190.3903482,190.3142836,211.5253332,217.7365527,207.9334301,203.5759579,191.2269891,212.1536936,217.7917651,218.3164896,208.332991,191.3674141,191.3218678,212.3926177,217.8578382,208.5089318,203.8798536,191.2961356,191.1130435,217.6134233,217.9251261,207.6180174,202.5686946,189.3893017,209.7105178,
0.0,0.0,0.0,0.0,0.0,0.0,0.0,0.0,0.0,0.0,0.0,0.0,0.0,0.0,0.0,0.0,0.0,0.0,0.0,0.0,0.0,0.0,0.0,0.0,0.0,0.0,0.0,0.0,0.0,0.0,11.264969699157062,11.632146435811705,12.01628841422879,11.967247028041035,11.207391562164752,10.948784634495535,10.38713883698955,8.867466886179415,9.313199568429917,9.481028732691787,9.778680665819738,10.270636446549815,10.430662497356986,10.62961960422798,10.977335546250439,10.139721648264365,9.503948644062676,9.881817486968258,10.322186586218045,11.150079485233054,11.665264068714094,12.20425253228475,12.76814472389367,13.35809130948664,13.975296121030075,14.621018613023923,15.29657643251669,16.003348107866863,16.74277586173734,17.516368554062677,156.40767710087212,156.68389326421897,154.73481198580347,152.23438777199277,148.19131873787083,153.80541016554176,158.1667678630496,160.20738621386175,155.48289873161332,154.48348446735363,150.221501834228,155.2075451535003,159.14644700269562,157.39520239582734,154.25769375380762,154.1398626517966,156.09574965600137,159.56446711309903,159.44589791385258,156.92571751484112,152.75305723136384,148.03477626779716,152.76987277619233,155.9032457906036,153.9119364790648,150.3178032870757,148.41922026758795,143.205177492243,150.99191063837807,150.10787984605847,167.6726468,168.3160397,166.7511004,164.2016348,159.3987103,164.7541948,168.5539067,169.0748531,164.7960983,163.9645132,160.0001825,165.4781816,169.5771095,168.024822,165.2350293,164.2795843,165.5996983,169.4462846,169.7680845,168.075797,164.4183213,160.2390288,165.5380175,169.2613371,167.8872326,164.9388219,163.7157967,159.2085256,167.7346865,167.6242484,
0.0,0.0,0.0,0.0,0.0,0.0,0.0,0.0,0.0,0.0,0.0,0.0,0.0,0.0,0.0,0.0,0.0,0.0,0.0,0.0,0.0,0.0,0.0,0.0,0.0,0.0,0.0,0.0,0.0,0.0,10.91928014886406,11.275189286549335,11.647543051476807,11.600006604511238,10.863468919445861,10.612797895282476,10.06838739341855,8.595349808017115,9.027404235057611,9.190083204523654,9.478601055123667,9.955460126572994,10.110575437714099,10.303427122676414,10.640472661596371,9.828562727264602,9.2122997696747,9.578572903593729,10.005428340583599,10.807915585469537,11.307290634461125,11.829739090862583,12.376327051449415,12.948169871535962,13.54643444094478,14.172341565136252,14.827168456357207,15.512251339891995,16.228988180734202,16.978841536242687,144.52956865116516,144.37529931348135,142.34165014855543,141.32223679552266,137.93169708058974,142.0838185047549,146.19747500662072,147.75685259202413,144.4484675649857,143.75553559552185,139.8780258449241,143.41215797347715,146.7060892623386,144.86200647737894,143.24417893846177,143.41095347279645,144.26794183038942,147.5146104964736,146.98784065948715,144.40459171460472,142.06163896561688,137.74984560921934,141.04674784863658,143.97354932855436,141.49193975915009,139.43644983496338,137.88644824374742,133.1053814602179,139.2773774193812,138.03191216387853,155.4488488,155.6504886,153.9891932,152.9222434,148.795166,152.6966164,156.2658624,156.3522024,153.4758718,152.9456188,149.3566269,153.3676181,156.8166647,155.1654336,153.8846516,153.2395162,153.4802416,157.0931834,156.993269,155.2125073,153.3689296,149.5795847,153.4230749,156.9217192,155.0383742,153.6087914,152.7136167,148.6176328,155.5063656,155.0107537,
0.0,0.0,0.0,0.0,0.0,0.0,0.0,0.0,0.0,0.0,0.0,0.0,0.0,0.0,0.0,0.0,0.0,0.0,0.0,0.0,0.0,0.0,0.0,0.0,0.0,0.0,0.0,0.0,0.0,0.0,10.412619405467057,10.75201415888679,11.10709049959098,11.06175977051429,10.359397848499919,10.120358100915137,9.601208552687996,8.19652074015587,8.608527598656321,8.763658172396545,9.038788632374152,9.493521174570427,9.641439047988204,9.825342306246903,10.146748742498943,9.372511885997561,8.784843876422892,9.134121730819114,9.541170835332862,10.306422220481029,10.782625986191428,11.280832540224026,11.802058511864034,12.347367503311572,12.9178722600448,13.514736941463767,14.139179496448337,14.792474148677748,15.475953996783222,16.191013734639156,137.15844449456216,136.4269089411439,135.84245690044128,134.39194582951959,130.76220435153567,139.6262607991222,138.74546454735125,139.64592405988537,137.371767801387,135.73523552764897,132.61531926767367,140.91113602547975,138.6401888520645,138.2466733938085,136.22236215755925,135.40404811406353,141.7302610236413,139.99794576924828,138.9074493647379,137.8105151795933,134.11620031388662,130.58473485985795,138.65698408822206,136.62192509677882,135.03289264005014,132.59198645863592,130.14052490365637,126.16075045143216,132.14971190333222,130.38299316548205,147.5710639,147.1789231,146.9495474,145.4537056,141.1216022,149.7466189,148.3466731,147.8424448,145.9802954,144.4988937,141.6541079,150.4046572,148.2816279,148.0720157,146.3691109,144.77656,150.5151049,149.1320675,148.4486202,148.1169374,144.8988263,141.8655674,150.4590426,148.9692926,147.9507649,146.1067234,144.2797044,140.9532246,147.6256659,146.5740069,
0.0,0.0,0.0,0.0,0.0,0.0,0.0,0.0,0.0,0.0,0.0,0.0,0.0,0.0,0.0,0.0,0.0,0.0,0.0,0.0,0.0,0.0,0.0,0.0,0.0,0.0,0.0,0.0,0.0,0.0,9.929349290187053,10.252992066585094,10.591588617005653,10.54836177608751,9.878597850197147,9.650652406732533,9.155597608562957,7.816104115986327,8.20898892707005,8.356919586232053,8.61928070125112,9.052908213144127,9.193960927570204,9.36932887445736,9.675818206813554,8.937515203296272,8.377122020129299,8.710189203378722,9.09834635957448,9.828080925110037,10.282183138867927,10.757266948332123,11.254301799026221,11.774301929283489,12.318328439879199,12.887491459289423,13.482952408994665,14.105926373450838,14.757684579563707,15.439556990726006,132.18222640984217,131.4046316334456,129.7975472830266,129.6056840239464,125.33806104983847,134.99735669330485,133.7028931914763,134.4801497840549,132.45246027297327,130.43151201381346,127.10760229879668,136.2307341869061,133.52500037248248,132.092163825598,131.36027979324462,130.11760969676482,137.01320747993483,134.9046397966886,133.78134274049629,131.67632807496426,128.89037616121007,125.1722274517498,134.0818743010598,131.68377417080686,129.02732656021567,127.8957792408102,125.09495209110996,120.94940032665906,127.4064731205517,125.6358434093952,142.1115757,141.6576237,140.3891359,140.1540458,135.2166589,144.6480091,142.8584908,142.2962539,140.6614492,138.7884316,135.726883,145.2836424,142.7189613,141.4614927,141.036098,139.0551249,145.3903295,143.614829,142.8796891,141.504409,139.1725593,135.9294944,145.3361761,143.4580761,141.345655,140.7832707,138.5779045,135.0553267,142.1641577,141.0754004,
0.0,0.0,0.0,0.0,0.0,0.0,0.0,0.0,0.0,0.0,0.0,0.0,0.0,0.0,0.0,0.0,0.0,0.0,0.0,0.0,0.0,0.0,0.0,0.0,0.0,0.0,0.0,0.0,0.0,0.0,9.709786037316054,10.026272245979651,10.357381562559551,10.315110577410596,9.660156841183866,9.437251853199419,8.953143980015446,7.643270106996394,8.027467232250554,8.172126767013996,8.428686408224765,8.852725309196444,8.99065898813484,9.162149102170861,9.461861173216601,8.739883933283533,8.191882473540419,8.517584691368482,8.897158702249397,9.610756974231485,10.054817829157619,10.51939632316319,11.005440464857202,11.513942065175003,12.045938761245758,12.602516133771841,13.184809922240834,13.794008342490388,14.431354511355162,15.098148983343165,128.95551326271314,127.95728135405106,126.04085433747274,125.8361094226233,121.62873325885174,131.79055914683795,130.4409573200238,130.96234999304485,128.61666456779278,127.17033643303152,123.35560689182306,132.99568939085376,130.02670521191786,128.2779592978845,127.54621942684153,126.86265076677752,133.76069672652372,131.61451320869884,130.2767644978213,127.87104762584279,125.66223557092037,121.46162287691871,130.8942657352288,128.46520423491532,125.28162493884912,124.15995796632778,121.95235327786379,117.3382360576195,124.2852515887602,122.318282116778,138.6652993,137.9835536,136.3982359,136.15122,131.2888901,141.227811,139.3941013,138.6056201,136.6441318,135.3424632,131.7842933,141.8484147,139.0173642,137.4401084,137.0080806,135.6025347,141.9525792,140.1320979,139.1739232,137.4818046,135.7170534,131.9810192,141.8997062,139.9791463,137.3275637,136.7624741,135.1371632,131.1322444,138.7166061,137.4164311,
0.0,0.0,0.0,0.0,0.0,0.0,0.0,0.0,0.0,0.0,0.0,0.0,0.0,0.0,0.0,0.0,0.0,0.0,0.0,0.0,0.0,0.0,0.0,0.0,0.0,0.0,0.0,0.0,0.0,0.0,9.06811232750205,9.363683463594771,9.672911335752799,9.633433839539006,9.021762889572036,8.813588635099771,8.361473155336446,7.138162634409642,7.496969993739581,7.632069665909255,7.871674497185842,8.267690678228755,8.396508974486984,8.556666120191158,8.836571641868574,8.162306453691198,7.6505198114842745,7.9546979144034005,8.309187679063555,8.975627625543943,9.390342604560088,9.824219309195358,10.278143098665794,10.753040239825763,11.249879797287635,11.769675610873614,12.313488364434876,12.882427750259566,13.477654733486316,14.10038392114368,128.5753140725272,127.20284533643591,125.69955926427946,124.99426156049486,119.80537111046357,131.98490876493761,130.0053844447028,130.04404436563158,127.61812160630373,125.54845853413622,121.44157350286193,133.1495239218214,129.19321362556568,127.84984167986421,126.63839625818956,125.27413894636985,133.87054268857986,131.14471778566394,129.43548622100718,127.47226287453033,124.15879209551792,119.68206589088659,131.1902071014202,128.1945510602646,125.04492970280728,123.46243398922604,120.66501923566977,115.79099764985035,124.2167003666291,121.90484647897752,137.6434264,136.5665288,135.3724706,134.6276954,128.827134,140.7984974,138.3668576,137.182207,135.1150916,133.1805282,129.313248,141.4172146,137.5897226,136.4065078,135.4749679,133.4364454,141.5210625,139.0994157,137.7446739,136.4478905,133.5491347,129.5062852,141.4683502,138.9475913,136.2948095,135.2321096,132.9785076,128.6734254,137.6943551,136.0052304,
0.0,0.0,0.0,0.0,0.0,0.0,0.0,0.0,0.0,0.0,0.0,0.0,0.0,0.0,0.0,0.0,0.0,0.0,0.0,0.0,0.0,0.0,0.0,0.0,0.0,0.0,0.0,0.0,0.0,0.0,8.354094941653045,8.626392994847876,8.911272461413231,8.874903398093565,8.311395028928624,8.1196122825907,7.703096087585174,6.576108257499403,6.90666335401218,7.031125364089922,7.2518638636443,7.616697982960365,7.735373208663008,7.882919682777471,8.140785622052862,7.519611645104892,7.048122756960053,7.328350069898321,7.654927536394147,8.268892426189572,8.650953012042603,9.050666541450665,9.46884866100934,9.90635270391116,10.364071431238473,10.842938853711972,11.343932137612327,11.86807359876409,12.416432788650722,12.990128676917376,131.6241684583762,131.44497850518283,129.730187738619,128.33012170194033,120.17837207110696,136.24218771744668,133.01087011245406,134.12674214254181,130.79508874603113,126.08376533595555,121.72274413640348,137.3794776170898,133.3854512913897,131.8175478172779,129.92773227800527,125.85107005495618,138.05452894310406,134.13060053016906,133.6248248636766,131.47395707388475,124.83236258803544,120.11647315863132,135.57975673907674,131.39819799617922,129.22200036885644,126.97807144638772,121.56903756249235,116.46838750134586,127.61362321146471,126.50553912320385,139.9782634,140.0713715,138.6414602,137.2050251,128.4897671,144.3618,140.7139662,140.7028504,137.7017521,133.1148907,128.974608,144.9961756,141.1208245,139.7004675,138.0685179,133.3706817,145.1026517,141.4589506,141.2797524,139.7428495,133.4833156,129.1671397,145.0486054,141.3045507,139.5860718,137.8210103,132.9129697,128.3364611,140.030056,139.4956678,
0.0,0.0,0.0,0.0,0.0,0.0,0.0,0.0,0.0,0.0,0.0,0.0,0.0,0.0,0.0,0.0,0.0,0.0,0.0,0.0,0.0,0.0,0.0,0.0,0.0,0.0,0.0,0.0,0.0,0.0,7.7660660053090425,8.019197513748635,8.284024853676616,8.250215739910919,7.726371658649729,7.548088136958622,7.160889728838422,6.113228439763549,6.420516388468805,6.5362177531490016,6.7414188873741985,7.080573023326203,7.190894924434416,7.328055881405396,7.567771125117652,6.990320409097457,6.552018731695396,6.812521374287864,7.116111670827077,7.686860733699241,8.042028797802493,8.413607248164684,8.802354319560795,9.209063280674517,9.634564052824778,10.079724903484864,10.545454218049828,11.032702353467627,11.542463577516479,12.075778097685392,141.13831809472015,140.93355518628204,140.70889594635563,137.86109696012298,122.54019444138588,146.62863796307872,142.52611127120082,143.51104286027766,140.2197668115745,129.5262066468965,124.0166928126736,147.77365877672398,142.8778525756183,142.80294141864994,139.4630854749405,129.33355899096364,148.41592826836876,143.66697012577947,143.1216408292437,142.48968296637506,128.39697850227554,122.53969855191728,146.10787188052527,141.10618261941588,140.37349644727013,136.6875578966148,125.31057808205486,119.07843784664232,137.41701582259896,136.26476790243584,148.9043841,148.9527527,148.9929208,146.1113127,130.2665661,154.1767261,149.687001,149.6242713,146.6402832,136.0624244,130.7581117,154.8542318,150.0687475,150.1309973,147.0308566,136.3238794,154.967947,150.4794915,150.2377525,150.1765437,136.4390073,130.9533058,154.9102262,150.3152459,150.0080605,146.7672828,135.8560323,130.1111402,148.9594794,148.340546,
1.5170947952160023,1.8382297461440287,2.207382508832049,2.5805937867654785,2.934538592149409,3.4160643055037525,3.9447629976236627,4.458784557317651,5.303968393856137,6.242356125814348,7.33910857180808,8.623301782969733,10.060287634643503,11.720911858788403,13.650735916315638,15.736535454318332,18.17940609523288,21.121754875495597,24.513602510511927,28.45837027763291,32.71361768386647,37.60513239253527,43.22805248645771,49.638093079752224,56.668121633138895,64.37699450330594,72.828983808312,82.09424874560989,92.24934353650484,103.37776408887133,7.2298387573280385,7.465492174278961,7.7120338550865295,7.680559175256734,7.19288520507544,7.026911710382743,6.666448374648868,5.691125452190091,5.977195943953918,6.084908421554389,6.2759409356039475,6.591677334848772,6.694381787253503,6.822072126483569,7.0452356379098715,6.507656435740381,6.099618382430377,6.3421339753333825,6.624762128476482,7.156102409725821,7.4867470158189775,7.832668912436898,8.19457398015793,8.573200714466196,8.969321732709146,9.383745350683448,9.817317232066344,10.270922114058232,10.745485612757816,11.241976111953566,151.84995604748514,150.83639057960764,150.38343373611363,146.92532533801162,122.52320190281071,155.84857028415087,150.82974912776666,150.71215659053345,146.4743802622332,127.95442005267675,119.53611759263575,151.80730958223174,144.58525657815574,142.9843330147834,137.47975164583258,118.30705541000233,142.86591482240095,134.83179124923848,130.3832597610824,125.96184811271554,100.46958050039261,87.9121322951098,115.66005653347048,103.90724360587198,95.75760483424688,84.13143084611032,57.422591359726354,40.12718434044184,57.661482050852825,44.86218459929635,160.5968896,160.1401125,160.3028501,157.1864783,132.6506257,166.2915463,161.4409605,160.8620666,157.7555446,140.2816846,133.1511671,167.0222887,161.339926,161.527317,158.1757232,140.5512473,167.1449393,162.2956801,161.5216244,161.5763208,140.6699452,133.3499336,167.082683,162.1185374,161.3950482,157.8921707,140.0688924,132.4923552,160.6563112,159.4819248,
9.470319068392014,11.474973265935294,13.779374057934712,16.109109742940923,18.318576316918907,21.324454499008006,24.624805486438703,27.833535879348325,33.10951509218817,38.967310702279676,45.81368288373666,53.83013610308358,62.80038275809108,73.16667055035393,85.21341253923518,98.2338165376404,113.48320272314515,131.85053339190182,153.0238176430036,177.64865290257288,204.21162759542435,234.74644003094556,269.8469805861167,309.86104552871035,353.7453259773813,401.86722710601737,454.62796146055575,512.4654911166397,575.8576984742873,645.3257987475841,6.437307614685035,6.647128827340317,6.866644738063939,6.838620296172651,6.4044048914999285,6.256625324474558,5.935675791045128,5.067267257153966,5.321978851254379,5.417883943404782,5.587975573193512,5.869101113515118,5.960547157572037,6.074240148610636,6.272940592651426,5.794290541415581,5.430981406064338,5.646912566533445,5.898559169372046,6.371654206935421,6.666053724269143,6.974055843531868,7.296289067042195,7.633410936795581,7.986109376230007,8.355104093987341,8.741148052534895,9.145029004643963,9.5675711008607,10.009636571249247,149.72941681695215,147.45163780675506,144.52054950403354,139.82636636092025,110.82695529161676,145.05408557655477,135.9471233225554,133.41938716353886,124.93189775660072,99.84294435436101,84.65975974311763,113.6945466834514,98.05333378438958,87.18727580109078,72.31215356817148,40.477178021005095,54.60692927085457,29.891702641632076,8.079750387695023,7.452221997358374e-11,7.824782854672433e-11,8.216365852419859e-11,8.627663486467687e-11,9.059502024910859e-11,9.512875177572496e-11,9.988925209156646e-11,1.048873239886021e-10,1.1013566729055664e-10,1.1564775765101894e-10,1.2143670859624314e-10,165.6370435,165.5737399,165.1665683,162.7740964,135.5499365,172.6351654,166.5076046,166.3201903,163.3633917,144.228139,136.0614182,173.3937839,166.8142637,166.4281865,163.7985067,144.5052851,173.5211134,167.3891486,167.0021272,166.4786771,144.6273223,136.264529,173.4564821,167.2064465,166.2919046,163.5048745,144.0093604,135.3882067,165.69833,164.8932197,
19.927615573684033,24.1458449615559,28.994806520192643,33.897078215984614,38.546277487009164,44.87130037603905,51.81595823400438,58.56782639047569,69.66963666412595,81.9957154566262,96.40197483618525,113.27033976305896,132.14569397775765,153.95862304155767,179.3075940251239,206.70536210669422,238.79339456313227,277.44226183343704,321.9954670571694,373.81148794033015,429.7057766490757,493.957677713369,567.8168659371846,652.015180477375,744.3572720366342,845.6162411844512,956.6363265701302,1078.3390958638035,1211.7301177995575,1357.9061427975666,8.008618033888043,8.269655419103254,8.542753923412121,8.50788887358784,7.967683941867468,7.783832217457144,7.384540716220311,6.3041585655463885,6.621043820695523,6.740358803994639,6.951968839630023,7.301715536039263,7.415483042798034,7.556927850605769,7.80412995041788,7.208644125955477,6.756653283291265,7.0252920200616344,7.338364136898556,7.926939000235791,8.293199776450404,8.676383472872823,9.0772720056867,9.496683419173598,9.935473554996074,10.394537798609266,10.874812906364657,11.37727891703437,11.902961151656585,12.452932305782662,140.90077829245712,136.9281371193715,131.10396625642747,124.53329361046144,96.00209067115895,124.85171970654115,110.52389254981453,105.23509864401912,91.25195111522179,61.110224039424665,39.699875924232494,57.71482340095193,31.05122937949697,8.414137407891946,5.836923624368299e-11,6.128997438854174e-11,6.435887265478726e-11,6.75806061431123e-11,7.096374431280817e-11,7.45161094295336e-11,7.824603208435712e-11,8.216256830796309e-11,8.627497660502676e-11,9.059290947347844e-11,9.512678302015246e-11,9.98873510794211e-11,1.0488592341403784e-10,1.1013443314533031e-10,1.156457067741512e-10,1.2143224520543355e-10,168.8370119,169.3436375,168.6415267,166.9382607,142.5160521,177.5068523,169.7243915,170.1070836,167.5426316,149.8462983,143.0538196,178.2868787,170.6124064,169.9296883,167.9888779,150.1342402,178.4178013,170.6229663,170.8045473,169.9812412,150.2610311,143.2673685,178.3513461,170.4367345,169.7905391,167.6877339,149.6189976,142.3460108,168.8994824,168.6476227,
28.473460203916044,34.50065327989901,41.42906443173245,48.43364746991836,55.07662941294669,64.11410240381873,74.036937296806,83.68430572101695,99.54706420556194,117.15911180206754,137.74341360247274,161.84568091461148,188.81562345890575,219.98290312327018,256.20263617873684,295.34978131821396,341.1985840408493,396.4217982823318,460.08139223646805,534.1184190491649,613.9826556553932,705.7886191544115,811.3219002842206,931.6281832628471,1063.5706557296048,1208.2539580373536,1366.8843757798059,1540.7786856823907,1731.373688913137,1940.2364710737822,9.653980464022052,9.96864771454937,10.29785402882173,10.25582598996952,9.604636504426658,9.383012630217197,8.901687096138877,7.599341531379734,7.981330539920475,8.125158665192616,8.380243767437557,8.801845566924534,8.938986492243014,9.109490991962586,9.407480511771505,8.68965273029456,8.144800828688915,8.468631120717669,8.846023585557992,9.55552055597519,9.997029236168398,10.45893763331515,10.942188307483802,11.447767369321602,11.976706492290266,12.530085017876065,13.109032158070196,13.714729299613795,14.348412414709564,15.011374583118934,134.70138943209113,128.57491210558229,121.13798783947804,111.24069534014595,83.38396068266222,109.6276120660014,90.79856560709433,82.54069504764453,63.01697665456085,28.53924983278535,2.500275930137504,13.281913818514138,5.293390877628068e-11,5.558379719729075e-11,5.836692320590152e-11,6.12893538841444e-11,6.435814048521678e-11,6.758021321059995e-11,7.096344557267283e-11,7.451584232679029e-11,7.824585875984873e-11,8.21623813868693e-11,8.62747960880329e-11,9.059276649375942e-11,9.512664455204523e-11,9.988720670396951e-11,1.0488576144912892e-10,1.1013424359692465e-10,1.1564518947267077e-10,1.2143165446335884e-10,172.8288301,173.0442131,172.8649063,169.9301688,148.0652266,183.1247271,173.73719,173.8243423,170.5453714,153.8235203,148.6239333,183.9294403,174.3407077,174.185328,170.9996155,154.1191047,184.0645065,174.6570098,174.5370473,174.238172,154.2492609,148.8457973,183.9959481,174.4663749,174.042694,170.6930742,153.5901865,147.8885644,172.8927776,172.3329886,
34.237290720724054,41.48455747701325,49.81547423736553,58.237982219828474,66.22569085822926,77.0926029916068,89.02409921903846,100.62436680380559,119.69819450084483,140.875416708136,165.62656110633841,194.60780634610055,227.0372250748869,264.51364020676453,308.0652676368751,355.1368978296229,410.26678990350933,476.66873848924644,553.2148277162681,642.2390345717357,738.2700426506227,848.6601195749503,975.5563099528323,1120.2159739476717,1278.8673200048058,1452.8385988051084,1643.5802821306668,1852.6756994131665,2081.852500855477,2332.9949943340107,10.795537186468058,11.147412976676158,11.515547035056747,11.468549295834647,10.740358438932276,10.492528149203206,9.954287190325788,8.497942833054157,8.925100994590936,9.08593640135625,9.371184617598443,9.842639674008128,9.995997137758938,10.186663327113946,10.519889290669987,9.717180342035373,9.107901196834884,9.470023533080504,9.892041622226207,10.685434664233073,11.179150535415646,11.695678334153506,12.236072075658962,12.801434475459766,13.392919199576044,14.011733218665686,14.65913927094199,15.336458438889334,16.045072845034838,16.786428472276608,131.6840044928371,125.03235514634132,115.12916182760995,103.49737698437076,76.80578980287406,99.07427765922736,78.66724069067497,69.34297386318146,45.207667604607465,7.4865875905532135,4.80046525783791e-11,5.040971883224852e-11,5.2932745681812215e-11,5.558338597900828e-11,5.836669840784187e-11,6.128921858402552e-11,6.435798007396811e-11,6.758009928372179e-11,7.096334991156756e-11,7.451575116969671e-11,7.824579329278897e-11,8.216231290660278e-11,8.627472057531991e-11,9.05926944667915e-11,9.512657552708535e-11,9.988713549108481e-11,1.0488568127448714e-10,1.101341618245367e-10,1.1564507750912126e-10,1.214316141800793e-10,176.7168324,177.6643256,176.4601831,173.2039085,153.7718391,186.6594088,177.6456271,178.4652835,173.8309631,157.4479407,154.352079,187.4796547,178.9954353,177.8080672,174.2939583,157.7504897,187.6173279,178.5861394,179.197017,177.8620102,157.8837127,154.5824938,187.5474462,178.3912159,177.6624667,173.9815115,157.2091091,153.5883681,176.7822185,176.9341121,
36.53992262502406,44.274604924445086,53.16581820127503,62.15478267566189,70.67970533905856,82.27747257378306,95.01142259650551,107.3918671659817,127.74850676979774,150.35000486085332,176.76578958425353,207.69617094169993,242.30663298994514,282.3035276143551,328.784223457699,379.02166014937126,437.85931781152914,508.72713510657553,590.4213380859757,685.4328755580075,787.9224572666907,905.7368282193488,1041.1674326921336,1195.5561947133604,1364.8776505660153,1550.5493825436765,1754.1194140317098,1977.2775614176219,2221.867668165865,2489.900771439615,11.963429106436065,12.353371820514475,12.76133166846176,12.709249580128896,11.902280965039846,11.627639689632295,11.031170292835483,9.417274460526508,9.890643806999273,10.068878845553309,10.384986025196797,10.907444430629178,11.077392541022922,11.288685541078738,11.65796083720977,10.768412551263486,10.093219855084117,10.494517615695955,10.962190822125809,11.841415380166922,12.388542838633626,12.960950083865445,13.559805157438433,14.186330069782729,14.841803293790036,15.527562373637155,16.24500665414907,16.995600136271044,17.78087446447653,18.60243205220654,131.83074786856912,124.87556855507111,113.84076953029545,101.11734724424309,76.64292889593717,97.564652936622,75.2393131106982,65.51266977353296,38.97933882324621,0.3027270936389061,4.800421003382677e-11,5.04088664791488e-11,5.293260136690776e-11,5.558330753545793e-11,5.836664493972779e-11,6.128918159353548e-11,6.435794089144316e-11,6.758006522822817e-11,7.096331841080215e-11,7.451571927537285e-11,7.824576706554685e-11,8.216228749057382e-11,8.627468913977114e-11,9.059266149388453e-11,9.512654036286669e-11,9.988709716107772e-11,1.0488564185406134e-10,1.1013412136673527e-10,1.1564502000136245e-10,1.214316461248865e-10,180.3340996,181.5035453,179.7679194,175.9813795,159.2249152,191.4697652,181.281906,182.3218114,176.6184894,160.7216108,159.8257316,192.3111494,182.8634195,181.1410695,177.0889091,161.0304504,192.4523706,182.2416699,183.0693572,181.1960237,161.1664434,160.0643175,192.380688,182.0427565,180.9927397,176.771452,160.4778133,159.0349379,180.400824,180.7575523,
36.92577814125206,44.74213740157225,53.727240414404946,62.811126861211214,71.42607129254769,83.14630902370345,96.01472744445898,108.52590745307415,129.09750979131093,151.93767594970058,178.63240697398965,209.88940802322577,244.8653508043549,285.2846059953483,332.2561302696475,383.02406595190496,442.483039510209,514.0992091897677,596.6560893890112,692.670932922063,796.2427875973319,915.3012587466303,1052.16198791722,1208.181069632356,1379.2905319465176,1566.9229265869435,1772.6426238089311,1998.1572841804812,2245.3302218468984,2516.193710189911,12.874997546246071,13.294652433007188,13.733697291680901,13.677646743504186,12.809190145756668,12.5136222349586,11.87170410664885,10.134835463385338,10.644273779112572,10.836089659293926,11.176283020750065,11.738550797665193,11.921448316833127,12.14884105122849,12.546253740289233,11.588925210406078,10.86228536248188,11.294160507745362,11.797468658916674,12.74368683153816,13.332503350829688,13.948525881848692,14.593011466559624,15.267275228005348,15.972693053918151,16.71070440432585,17.482815248882098,18.290601139914777,19.13571042746315,20.019867622864027,134.56788971253107,128.02366246545122,116.85053059394639,103.12374079531847,81.84331376173121,99.80858324137527,77.45124524893137,68.23851928358167,40.52098662961972,2.2614592910510063,4.8004458150207634e-11,5.0408925812440555e-11,5.293261091433714e-11,5.5583308632684433e-11,5.83666407945299e-11,6.128917822001665e-11,6.435793593241875e-11,6.758005966581068e-11,7.096331254948148e-11,7.451571137705737e-11,7.824576095554255e-11,8.216228277072273e-11,8.627467916373977e-11,9.059265039937602e-11,9.512652879168898e-11,9.988708244054033e-11,1.0488562631090856e-10,1.1013410798557233e-10,1.1564499735143263e-10,1.2143164846453867e-10,184.3686654,186.0604523,184.3114683,179.6125144,166.0785752,195.4685145,185.3376768,186.8992622,180.2627702,165.0352249,166.705253,196.3274706,187.4544681,185.7193241,180.7428964,165.3523534,196.4716411,186.3189133,187.6655763,185.7756672,165.4919964,166.9541086,196.3984614,186.1155496,185.5672453,180.418889,164.7848841,165.8804205,184.4368827,185.2957301,
35.336836269280056,42.81685216352169,51.415319955115216,60.10832046093044,68.35255785180053,79.5684656157106,91.88314705693442,103.85596230293247,123.54235430914203,145.39969225919882,170.94573047264805,200.85772106416496,234.32862474269095,273.0086113186475,317.9589182898399,366.54227445015624,423.44268709229317,491.97716326552126,570.9815635883446,662.864821738499,761.9799075943864,875.9152100646544,1006.8867270329741,1156.1921993336925,1319.9387026786064,1499.4971450994722,1696.364580913318,1912.1751888682288,2148.7121034080883,2407.9201477799475,13.211347612875073,13.641965682240015,14.092480272611741,14.034965444108282,13.143821041297693,12.840531631048206,12.181843852534499,10.399600763039903,10.92234778898807,11.119174721315085,11.468255390079944,12.045212008957911,12.232887594493427,12.466220800806562,12.874015611026136,11.89167756066304,11.14605476844027,11.58921234178679,12.10566905703148,13.076606500026699,13.680805428113613,14.31292110545043,14.974243413320362,15.666121831411509,16.389968191535274,17.147259558579165,17.93954124457276,18.768429962017237,19.635617122913132,20.542872290217726,141.56698971787404,135.11477835426894,122.30513737230525,112.5027652949951,90.20497810693735,107.88418405327849,87.04939679057033,78.18169783406881,52.85706860191318,13.52531921953156,4.800650699489142e-11,5.041076621346718e-11,5.293280782026489e-11,5.558338425240036e-11,5.836669692893558e-11,6.128921047210714e-11,6.435797153244918e-11,6.758008736187952e-11,7.096333571573184e-11,7.451572784897146e-11,7.82457772427618e-11,8.216229933941651e-11,8.627469718243734e-11,9.059266775465493e-11,9.512654221141897e-11,9.988710168368095e-11,1.0488564080940702e-10,1.1013412589835004e-10,1.1564502475552197e-10,1.2143167920418776e-10,190.1151736,191.5735962,187.8129376,186.6460512,171.701357,200.2931813,191.1143877,192.4372609,187.3217707,170.0441862,172.3492518,201.1733387,193.008918,189.2475392,187.8206984,170.3709399,201.3210677,192.1262079,193.2262815,189.3049527,170.5148211,172.6065327,201.2460817,191.9165057,189.0925713,187.484003,169.7862474,171.4964937,190.1855171,190.7862147,
30.586337039804047,37.06077876573921,44.50331357263173,52.02767261065913,59.163597897001814,68.87169775235137,79.53085790547861,89.89411056451078,106.93396711565012,125.85291900593367,147.96468161178822,173.85546081996955,202.82671147571114,236.30676320110598,275.214186281841,317.2662504428908,366.5172695639578,425.8383296358555,494.2217920796118,573.7527461435196,659.5433188652992,758.1617558847215,871.5261479338759,1000.7597743648575,1142.4930552457772,1297.912600911254,1468.314209535142,1655.1123694318826,1859.850499787967,2084.2119719970265,12.765639031476068,13.181729425508752,13.617045095614507,13.561470633330519,12.70039059028375,12.40733319396325,11.770867432759882,10.048751520477143,10.553862734985543,10.744049356622142,11.08135316096498,11.638845110252522,11.820189122246612,12.045650413034812,12.4396875316327,11.490490422807989,10.77002255699534,11.198229412281878,11.697262531035822,12.635443652494029,13.21925884267536,13.830048960343206,14.469060370314958,15.13759702515347,15.83702312598384,16.56876590625208,17.33431854410614,18.135243209342214,18.973174251133827,19.849821533048125,152.88018552874908,145.4414794087827,133.695714631786,123.15430705604425,106.08376811275,123.64255955372276,105.96180026180078,96.62332091505327,71.93893324940761,40.19967513748973,19.573186627294554,20.327780769828127,5.29345473118096e-11,5.558379076472194e-11,5.83668996815835e-11,6.128934524124394e-11,6.435813336937724e-11,6.75802014998548e-11,7.09634274887346e-11,7.451580436162691e-11,7.824584409739287e-11,8.216236560628461e-11,8.627477514105515e-11,9.059274147835983e-11,9.512661044701973e-11,9.988716715496138e-11,1.0488571422127347e-10,1.1013420813790692e-10,1.1564513639148215e-10,1.214316969352635e-10,196.2321616,195.6839876,191.8160733,188.7434503,177.9477566,204.9215905,197.2635256,196.566183,189.4267631,176.7966435,178.6192214,205.8220867,197.1501055,193.2812528,189.9312974,177.1363726,205.9732294,198.3079013,197.3721328,193.33989,177.2859673,178.885862,205.8965107,198.0914519,193.1229818,189.5908184,176.5284619,177.7354404,196.3047685,194.879712,
24.010958799100038,29.09354038859524,34.93609670308975,40.84288686945056,46.444747851393366,54.065823410097806,62.433502577978544,70.56888774348117,83.94555632133459,98.79735677617796,116.15558506659819,136.4804259272487,159.22350578503438,185.5060953453351,216.04929283102751,249.06110391105562,287.72425567684826,334.29261485799714,387.9751626289203,450.4087406934169,517.7562594333411,595.1739386089631,684.1675223530697,785.6188100850533,896.8826061801622,1018.8904262957975,1152.6595009857153,1299.3002352191556,1460.0242475841294,1636.1530222820122,12.61752886416507,13.02879167238519,13.45905670017108,13.40412702683082,12.553037451862409,12.263380181449728,11.63429885671265,9.932163368070924,10.431414154730232,10.619394183161317,10.95278450359844,11.503808290526077,11.683048303504444,11.905893735468934,12.295359135924206,11.357174851624183,10.645066035905666,11.068304727136818,11.561547937643308,12.488844044843741,13.065885663777816,13.669589240278658,14.30118667852434,14.961966802290847,15.653277984897363,16.37653090066709,17.133201403518086,17.92483353855813,18.753042692828966,19.619518891628907,163.90286823676408,157.96156843905018,146.7694420967714,139.20792580375246,125.87928319677981,141.13351440848982,127.51751426534801,120.48488078848908,99.77833912397844,73.70160374070616,58.466310729851116,60.390146582275364,30.67642971151384,5.5618357931027276e-11,5.836802694945741e-11,6.128983049965423e-11,6.435855843598678e-11,6.758051906109224e-11,7.096368513044286e-11,7.451600911314438e-11,7.82460079374572e-11,8.216252605207929e-11,8.627493599593285e-11,9.059289623117193e-11,9.512675324126111e-11,9.988730919916963e-11,1.0488585356511646e-10,1.1013435879665466e-10,1.1564543993216841e-10,1.2143223453447652e-10,200.5313559,200.0839005,195.1645955,193.4549397,184.8770685,207.462718,201.5853157,200.9859319,194.1553096,183.1183547,185.5746803,208.3743808,201.5829838,196.6553525,194.6724383,183.4702315,208.5273978,202.6525723,201.8100033,196.7150133,183.6251752,185.8517039,208.4497277,202.4313808,196.4943186,194.3234602,182.8405838,184.6564847,200.6055534,199.261541,
15.707864164356026,19.03286679669738,22.855041568165486,26.71923784441028,30.383950782706677,35.36962506019159,40.84372415134945,46.16585752276742,54.91681556449321,64.63279842435072,75.9884754050643,89.28489734608307,104.16332065580067,121.35727572252628,141.33850184783782,162.93468418287648,188.22794886190775,218.6927656355655,253.81165344998385,294.65542698428305,338.7138790029839,389.36018590747716,447.57939891966487,513.9483873605899,586.7366758290239,666.5536577913359,754.0648010239661,849.9965275981939,955.1414730917454,1070.3641466857923,11.237216451769061,11.603488583521992,11.98668416016048,11.937763596110686,11.179780168711806,10.921810364996894,10.361548281356006,8.84562031146422,9.290254852332207,9.457670539732703,9.754589154622238,10.245332915182605,10.404964713479988,10.60343165429159,10.950290936525569,10.114740648682021,9.480533983843817,9.85747187995083,10.296756051954482,11.122609290229095,11.636524625272042,12.174185195331374,12.736688138685587,13.325181286411176,13.940865504621357,14.584997144926927,15.25889060811959,15.963921026309142,16.7015270689876,17.473213878745913,177.5333101839041,172.80558811981123,163.33898687170623,157.27111275951287,150.12610454861706,162.04626447484887,154.34782316733384,149.34763596580953,132.43036748321788,113.47277483596206,106.6700899403612,109.72297743878445,90.39790073077197,67.73380072323744,44.87238481569468,14.874236968502558,11.698387154312567,6.75838394577758e-11,7.096509108640042e-11,7.451669772899182e-11,7.824698384445201e-11,8.216327904404587e-11,8.627562429430283e-11,9.059349282312597e-11,9.512721313495388e-11,9.98877973523005e-11,1.0488632527715099e-10,1.1013511777047408e-10,1.1564592051877777e-10,1.2143247964076024e-10,204.4783908,203.4419435,198.1807126,195.9281142,191.6898355,208.3376999,205.5530956,204.3591138,196.6374379,187.5632438,192.4131545,209.2532077,204.9661861,199.6945081,197.1611776,187.9236618,209.40687,206.6413589,205.1970157,199.7550909,188.0823666,192.7003864,209.3288724,206.4158137,199.5309855,196.8077381,187.2787305,191.4611231,204.5540487,202.6057821,
6.306905390604009,7.641935844538796,9.176587177003457,10.7281106731324,12.199539095464024,14.201350140393851,16.399269902462244,18.536173513194836,22.0497934343264,25.950882979835825,30.510330376009343,35.849011328308926,41.822885764317796,48.72647537786985,56.749189442749945,65.42032877526316,75.57589325436918,87.80790106416059,101.9085770409351,118.30786677127392,135.99789041999858,156.33302081633587,179.70876843812232,206.3567535866599,235.5821685833159,267.6296925835648,302.76651928494476,341.2843163024333,383.50133680817635,429.7646921317543,9.849487831431054,10.170527558678176,10.506400787191524,10.463521618459366,9.799144583751954,9.573032498657545,9.081959411392736,7.75323942483196,8.14296427515499,8.289705132458868,8.54995608489286,8.980095943703635,9.120014175374967,9.293971643121127,9.59799589096274,8.865631036375628,8.30974507878575,8.6401334126624,9.02516863248404,9.749033964779313,10.1994838480415,10.670746572664553,11.163783786950772,11.679601571744907,12.219252493420502,12.783837751723562,13.37450942685643,13.992472830387163,14.638988964781614,15.315377096576816,189.6247836779941,186.28600089681365,177.89613263583723,174.27493160844202,173.36333952081955,183.54318646098585,181.3814995861842,178.72918146201434,165.9814588905618,156.13891448775072,157.03891233914553,163.39948682803754,154.6847258603599,141.0678737790643,130.34953726634535,116.45937238842222,124.49586566690911,111.50989132324422,94.92545462665147,71.09181906402101,44.7090456320379,29.3881658110814,17.43133607501284,9.063399942088083e-11,9.513211841151441e-11,9.989719125788344e-11,1.0488883736601446e-10,1.1014806925338784e-10,1.1570366058493633e-10,1.2145853030978687e-10,205.7811769,204.0984643,197.5791206,195.4665639,195.3620232,207.3175691,206.8627289,205.0185944,196.1742166,190.3795026,196.0991988,208.2285941,205.6276258,199.0883208,196.6967226,190.7453322,208.381504,207.9579258,205.8592003,199.1487198,190.9064199,196.3919332,208.3038883,207.7309436,198.9252947,196.3441156,190.0907173,195.1289294,205.8573169,203.2596046,
0.4740859974760008,0.5744393728980312,0.689798120599129,0.806425137926132,0.9170314603794356,1.0675063014017685,1.2327225078038462,1.393352169589086,1.6574687056549102,1.9507110826820553,2.2934417933685625,2.6947469862842093,3.1437992623831876,3.6627376268276146,4.265799852175054,4.917603785342064,5.680990996315864,6.600463108943167,7.660401798604535,8.893125796857033,10.222873428615387,11.751452023137293,13.508591847135913,15.511703648795617,17.708559184472648,20.117550827970096,22.758763356650473,25.654121236414916,28.82754735229537,32.305133838346116,9.35896568662705,9.664017060137237,9.983163199968182,9.942419490680605,9.31112962290011,9.096278324848118,8.629661557357823,7.367114207263671,7.737430061633243,7.876862961276077,8.124152949895501,8.532871072904314,8.665821125897605,8.831115200009101,9.119998495480806,8.424106723088359,7.895904882363246,8.20983928513962,8.575699061010832,9.263514602553164,9.69153127439908,10.139324270808387,10.607807348274607,11.097936483013473,11.61071182170687,12.147179722380047,12.708434889576681,13.295622608188754,13.909941080499543,14.552643871208339,194.19547071592612,191.8435509669954,184.0837751794649,182.04236117142716,185.14613001675605,194.70465277378747,195.23847873487756,194.23258042318847,184.09427403275512,179.62069655608727,185.69391815678367,194.54108194086163,191.78644071177183,183.7505252732186,180.61872885240226,176.47060029163057,192.34290772138493,191.37642940598448,187.5892468404553,178.14727390066403,170.0582058970635,174.5134895061362,181.72670550467544,179.35204276828117,166.7644096939153,161.39201584974944,153.69369965387747,156.1914388555062,161.36652546732046,154.39365779056672,204.0285224,202.0820074,194.7567365,192.7912058,195.3742911,204.8684374,205.1008628,202.9930468,193.4891728,189.4482706,196.1115129,205.7687,203.5960611,196.2443781,194.0045272,189.8123108,205.9198036,206.1867318,203.8253477,196.3039143,189.9726106,196.4042658,205.8431047,205.9616829,196.0836807,193.6567464,189.1608979,195.1411827,204.1040139,201.2514355,
0.0,0.0,0.0,0.0,0.0,0.0,0.0,0.0,0.0,0.0,0.0,0.0,0.0,0.0,0.0,0.0,0.0,0.0,0.0,0.0,0.0,0.0,0.0,0.0,0.0,0.0,0.0,0.0,0.0,0.0,8.794044487894048,9.080682503201121,9.380564503604571,9.342280145687889,8.749095880684006,8.547213329062863,8.108762249156635,6.9224241497803805,7.2703871840451395,7.401403704843718,7.633766899041278,8.017814183441935,8.142739171933076,8.298055847941281,8.569501714637601,7.915615012827914,7.4192962270286005,7.7142810786389315,8.058057009983536,8.70435497434418,9.106535918243964,9.527299458110091,9.96750419472434,10.428048400144972,10.909871850700846,11.413957744678227,11.941334708613484,12.493078896285635,13.070316184691933,13.67422447148722,193.64263611213508,191.8778994968295,185.40676139642758,181.45772405434587,185.50063881935148,194.84111437097437,195.3918922508825,194.94213255026074,184.22037521599808,180.11876549520167,187.3489463010064,196.26427201660815,194.32147952811954,187.977145352114,183.43129238542045,179.96488938723306,197.01280187303544,196.86377052142834,194.6341735900871,187.63039172573002,178.93263678183396,185.74648154197183,194.38844920536167,193.9267099999454,185.20460674939406,180.24264755542146,175.29438649149122,181.5248891038243,189.44126691542345,186.45840302863397,202.4366806,200.958582,194.7873259,190.8000042,194.2497347,203.3883277,203.5006545,201.8645567,191.4907624,187.5201692,194.9827132,204.2820862,202.4642187,196.2752012,192.0007941,187.8805044,204.4320981,204.5780516,202.6922306,196.3347467,188.0391727,195.273781,204.3559534,204.3547584,196.1144786,191.6566053,187.2357212,194.017968,202.5115831,200.1326275,
0.0,0.0,0.0,0.0,0.0,0.0,0.0,0.0,0.0,0.0,0.0,0.0,0.0,0.0,0.0,0.0,0.0,0.0,0.0,0.0,0.0,0.0,0.0,0.0,0.0,0.0,0.0,0.0,0.0,0.0,8.243254024673044,8.51193926689089,8.793038994116028,8.757152470240335,8.201120648181979,8.011882447436784,7.600892528744119,6.488857409321137,6.815026748876902,6.937837415102014,7.1556471883402235,7.515640741608975,7.632741401672664,7.778330250622195,8.032774862109617,7.419842531167578,6.954609289035006,7.231118586730947,7.553363070886469,8.159181963796087,8.536173425348563,8.930583613767766,9.343217353768837,9.774916656643597,10.226562438450154,10.69907631759077,11.193422495445985,11.710609723902637,12.251693363790622,12.81777753842854,186.86932577535606,185.60210723313975,180.03342810591616,175.50762582979348,178.8984801518535,188.2028198526005,188.53716697129508,188.50030669072004,178.11685005116635,173.38887258494339,180.64995191170746,189.56129675844113,187.93566059837997,182.49048034943306,177.39166423794845,173.2533798688934,190.26704901102903,189.94535801333632,188.2352848291842,182.16735193627815,172.28963057472942,179.1553693863141,187.80498194631713,187.18634544344673,179.8864439616447,174.3929629825089,168.85975120465866,175.16575547620727,182.9330790363248,180.4984458616927,195.1125798,194.1140465,188.8264671,184.2647783,187.0996008,196.2147023,196.1380595,194.9891641,184.9318768,180.32671,187.8055991,197.0769375,195.568402,190.2688106,185.4244391,180.6732224,197.2216583,197.1764766,195.7886479,190.3265339,180.825804,188.085953,197.1481993,196.9612621,190.1130064,185.0920393,180.0531737,186.8763652,195.1847724,193.3162234,
0.0,0.0,0.0,0.0,0.0,0.0,0.0,0.0,0.0,0.0,0.0,0.0,0.0,0.0,0.0,0.0,0.0,0.0,0.0,0.0,0.0,0.0,0.0,0.0,0.0,0.0,0.0,0.0,0.0,0.0,7.773970151909042,8.027359292533376,8.29245616842938,8.258612644424131,7.734235405137887,7.555770430045425,7.168177939132344,6.119450361358619,6.42705106158998,6.542870184804243,6.748280168638276,7.087779488884198,7.198213673416085,7.33551423006481,7.575473451155994,6.997435017350426,6.558687245270463,6.8194550222405335,7.123354306909456,7.694684266758502,8.050213813811345,8.422170449285927,8.811313179673418,9.218436081030497,9.644369919353412,10.089983845820708,10.556187170363918,11.043931217185287,11.554211266008886,12.088068583026093,174.4288132481201,173.4374471074972,169.76245553160277,166.4953697556097,167.79879189489756,175.41358596999186,175.9922333609068,176.16344763868247,168.95959763845323,164.85714051524113,169.44710033140942,176.6856074111659,175.62617672663657,172.07946286999046,168.2783140489021,164.7319346827106,177.34965125479366,177.31066557782674,175.90692989316125,171.77472333331576,163.82418428626667,168.03623235079598,175.02852512041264,174.71071001905983,169.62369078074144,165.44856065427894,160.5838281297407,164.27966098292458,170.7159880341065,168.63090411709507,182.2027834,181.4648064,178.0549117,174.7539824,175.5330273,182.9693564,183.1604113,182.282898,175.3866487,171.4000107,176.1953805,183.7733869,182.8243904,179.4149771,175.8537875,171.7293697,183.9083385,184.1301206,183.0302842,179.4694076,171.8743981,176.4584028,183.8398383,183.9291461,179.2680607,175.5385445,171.1400153,175.3235922,182.2701993,180.7189727,
0.0,0.0,0.0,0.0,0.0,0.0,0.0,0.0,0.0,0.0,0.0,0.0,0.0,0.0,0.0,0.0,0.0,0.0,0.0,0.0,0.0,0.0,0.0,0.0,0.0,0.0,0.0,0.0,0.0,0.0,7.42318792298904,7.66514347102227,7.918278470143679,7.885962056038915,7.385246113773032,7.214833953461667,6.844730667577467,5.843324470008811,6.137045407758961,6.24763846380307,6.44377980232927,6.767960009439229,6.8734111095699575,7.004516299584638,7.233647921806845,6.681692120973819,6.2627418163932775,6.511743057057107,6.801929596968811,7.347479628049363,7.686966735457451,8.042139697325913,8.41372327175243,8.80247570396803,9.20919027359557,9.634696913398587,10.079863902823758,10.545599639792737,11.032854494358832,11.542622748010833,146.0165203770402,145.37557282900843,142.34716232988856,139.53852254399496,147.35575608626255,145.24463784657567,147.40143153246174,147.8873400300324,141.82116389228435,141.8756756362424,148.88111929771853,146.36147129061092,147.31392819048276,144.40872110047073,141.1186450782513,141.72625297908726,146.97913808367085,148.55104724301023,147.55905290310193,144.11169317202493,140.84631136462056,147.51462650275604,144.77107872833363,146.09106649612238,142.0800603264994,138.4516533867011,137.81876299728094,144.01077526031722,142.4636272057566,140.86908495211037,153.4397083,153.0407163,150.2654408,147.4244846,154.7410022,152.4594718,154.2461622,153.7306645,147.9582093,148.1233141,155.3248991,153.1294313,154.1873393,151.4132374,148.352293,148.4079451,153.2418799,155.0627903,154.3609825,151.4591728,148.5332781,155.5567662,153.184802,154.8935422,151.2892506,148.0863503,147.8986269,154.5563749,153.4964817,152.4117077,
0.0,0.0,0.0,0.0,0.0,0.0,0.0,0.0,0.0,0.0,0.0,0.0,0.0,0.0,0.0,0.0,0.0,0.0,0.0,0.0,0.0,0.0,0.0,0.0,0.0,0.0,0.0,0.0,0.0,0.0,7.515169905915041,7.760123566257825,8.01639520416687,7.983678351883623,7.476757953293842,7.3042341869470695,6.929544888358325,5.915730096433396,6.213090580233226,6.325054013627108,6.523625772807962,6.851822951949976,6.958580714581017,7.09131045128299,7.323281282370943,6.76448610341967,6.340344514425673,6.592431171773668,6.886213462410859,7.438523496628166,7.7822172464709025,8.141791216862023,8.517979146499947,8.911548676161209,9.323302915131267,9.754082080011555,10.204765209246917,10.67627195687201,11.169564469136963,11.685649347841448,135.72413009411417,135.1249086337729,133.8695830958654,131.48212654815026,136.91014704674177,134.8374014130903,137.0625973116809,137.6134658036078,133.7576259198101,132.5495268864184,138.40810612723982,135.9144320481002,136.99698518547171,135.87845824877235,133.0202444176872,132.37695349664142,136.53074898563847,138.16205112829368,137.23147283765988,135.5746190034461,131.47672975360712,137.00629298321988,134.2998992535861,135.68493682392912,133.52939308496363,130.3378578200881,128.45915779085774,133.5383595432379,132.12273473097844,130.61211485227975,143.2393,142.8850322,141.8859783,139.4658049,144.386905,142.1416356,143.9921422,143.5291959,139.9707165,138.8745809,144.9317319,142.766255,143.9555659,142.9697687,140.3435257,139.1414396,142.8710935,144.7544823,144.1176863,143.0131425,139.258947,145.1480842,142.8178784,144.5964855,142.852696,140.0919399,138.663923,144.2146315,143.2922992,142.2977642,
0.0,0.0,0.0,0.0,0.0,0.0,0.0,0.0,0.0,0.0,0.0,0.0,0.0,0.0,0.0,0.0,0.0,0.0,0.0,0.0,0.0,0.0,0.0,0.0,0.0,0.0,0.0,0.0,0.0,0.0,7.695368510198042,7.946195664854379,8.208612179332638,8.175110842973613,7.656035516491042,7.479374978482345,7.095701386858212,6.057577362701216,6.362067950653112,6.476716041171304,6.680049150301976,7.01611583530366,7.125433433582242,7.261345761443161,7.498878784806171,6.92668482544305,6.492373177313737,6.750504363844861,7.05133096078499,7.616884274734286,7.968819106920843,8.33701493528885,8.722223092109596,9.125229624635885,9.546856899092688,9.987965278779487,10.449454879708615,10.932267407362072,11.437388078314886,11.965847630645966,127.99591428983119,128.83645493517633,127.85314002069961,125.27828615706026,130.27796048354458,128.06718632155503,129.30875251318105,131.34172573734003,127.57447384939022,127.02789725887419,131.77442444974582,129.12608386474653,130.6820301664705,129.83970873861222,126.79440031525203,126.83446837461803,129.74980072275042,130.3761179362225,130.91132923928578,129.52576362534003,125.9052976931572,130.3241418647931,127.4692048079765,127.8517215754545,127.44193050100225,124.06457392132019,122.85264622039605,126.83715429274785,124.30410112180051,124.25461616947523,135.6912828,136.7826506,136.0617522,133.453397,137.933996,135.5465613,136.4044539,137.3993031,133.9365418,133.5046133,138.4544736,136.1421997,137.8074636,137.1010545,134.2932791,133.7611532,136.2421739,137.1266223,137.9626602,137.1426479,133.8741168,138.6611568,136.1914279,136.9769512,136.9887874,134.0525392,133.3021011,137.7694217,135.7414892,136.2204638,
0.0,0.0,0.0,0.0,0.0,0.0,0.0,0.0,0.0,0.0,0.0,0.0,0.0,0.0,0.0,0.0,0.0,0.0,0.0,0.0,0.0,0.0,0.0,0.0,0.0,0.0,0.0,0.0,0.0,0.0,7.849913961872042,8.1057784576066,8.373465061321394,8.339290920384858,7.8097910468935545,7.629582649857269,7.238203773108148,6.1792311897178465,6.489836837056846,6.606787395729645,6.814204026935866,7.15701991147976,7.2685329260765466,7.407174770018404,7.649478149516338,7.065792866017443,6.622758972847042,6.88607418672666,7.192942259424324,7.769853533974751,8.12885624439586,8.504446519244787,8.897390779736915,9.308490859247252,9.7385856395139,10.18855276244159,10.659310420998358,11.151819232859802,11.66708420062424,12.206156762598486,123.8169810381572,124.07918744242411,122.68589693871087,121.58916867964903,125.78546195314208,123.75263705018014,125.12071082693114,126.60165961032342,123.90900616298649,123.83542650431589,127.28515487311195,124.80253858857047,125.90679887397619,124.65327893003699,123.09667945054183,123.62707633404362,125.43370232721712,126.17359051334074,126.13236944064643,124.33066436609958,122.6743853556822,125.79509428083716,123.10988352034919,123.60594164084314,122.21372856058103,120.32322373765811,119.58503667910632,122.28403626725016,120.04852819949123,119.43551913752275,131.666895,132.1849659,131.059362,129.9284596,133.595253,131.3822197,132.3589146,132.7808908,130.398843,130.4422139,134.0993589,131.9595585,133.1753318,132.0604537,130.7461576,130.6928692,132.0564613,133.0596647,133.3253117,132.1005179,130.8032416,134.2995408,132.0072743,132.9144325,131.9523142,130.5117765,130.2443471,133.4358555,131.7156124,131.6416759,
0.0,0.0,0.0,0.0,0.0,0.0,0.0,0.0,0.0,0.0,0.0,0.0,0.0,0.0,0.0,0.0,0.0,0.0,0.0,0.0,0.0,0.0,0.0,0.0,0.0,0.0,0.0,0.0,0.0,0.0,8.828862253667047,9.1166351387479,9.417704445090498,9.37926851006859,8.783735683964343,8.58105383011023,8.140866815501361,6.949831714406669,7.299172419143913,7.4307076662850555,7.663990843009539,8.049558664224904,8.174978261197326,8.330909873786,8.603430460836499,7.946954862182245,7.448671029326769,7.744823797870439,8.089960821926415,8.738817637470229,9.142590913762955,9.565020359049171,10.006967973520439,10.469335585713065,10.953066692759474,11.459148385667614,11.988613363557047,12.54254204096193,13.122064752500991,13.72836405941301,120.34441864636221,120.94585186128285,119.1720714549418,118.0535516899653,122.42745781607127,120.3663445699272,121.71132768453793,123.6990114856346,120.59499608089945,121.42800173376048,124.04231255703829,121.46447913582533,122.86197243885545,121.24109392626941,119.6313815392217,121.15936693787887,122.16047367073742,122.79484940219697,123.09456157814435,120.87249536260408,120.07276338631507,122.3378926410328,119.55390132656565,119.92785591437732,118.51283530733545,116.54578441443206,116.67463113654763,118.51209845914799,116.09901084761447,115.79955654070821,129.1732809,130.062487,128.5897759,127.4328202,131.2111935,128.9473984,129.8521945,130.6488432,127.8941685,128.8587094,131.7063034,129.5140378,131.0369507,129.5720038,128.234812,129.1063218,129.6091447,130.5396732,131.1845224,129.611313,129.2153543,131.902913,129.5608693,130.3971915,129.465902,128.0049328,128.6632445,131.0546405,129.2210756,129.5279206,
0.0,0.0,0.0,0.0,0.0,0.0,0.0,0.0,0.0,0.0,0.0,0.0,0.0,0.0,0.0,0.0,0.0,0.0,0.0,0.0,0.0,0.0,0.0,0.0,0.0,0.0,0.0,0.0,0.0,0.0,8.719585778143047,9.003796844528638,9.301139759888986,9.263179553606749,8.675017748413888,8.474844525684091,8.040105787891175,6.863812350482417,7.2088292001323415,7.338736410975965,7.569132198292951,7.949927774640593,8.073795029858777,8.227796647782581,8.496944196676521,7.848593919001043,7.35647743812146,7.648964668588615,7.989829867297444,8.630655660962656,9.029431360073145,9.446632317292368,9.883109863674669,10.339754665656288,10.817498542529592,11.317316367892936,11.840228058956184,12.387300657761207,12.959650508564243,13.558445535822962,120.23995682188618,121.08315675550207,118.55245074014327,117.21999064642716,122.4952827516217,120.8323595743533,121.5972269121481,123.80960774955882,119.73225129991098,122.12917098906955,124.09612400175482,121.9254967254096,122.98780557019391,120.60239835227279,118.78224120338164,121.86809648106002,122.61431946194269,122.67470923147874,123.2193702327733,120.23862353911163,120.79680704000486,122.41517218278959,120.03927683641142,119.84167333443412,117.90720215756534,115.73370293220673,117.43129034114848,118.6264956423487,116.04760769155119,115.99384116429826,128.9595426,130.0869536,127.8535905,126.4831702,131.1703005,129.3072041,129.6373327,130.6734201,126.9410805,129.4679074,131.6652562,129.8754245,131.0616006,128.830195,127.2791854,129.7166904,129.9707969,130.3236739,131.2092001,128.8692792,129.8262384,131.8618045,129.9223867,130.181428,128.7247007,127.0510193,129.2715184,131.0137963,129.0072582,129.5522867,
0.0,0.0,0.0,0.0,0.0,0.0,0.0,0.0,0.0,0.0,0.0,0.0,0.0,0.0,0.0,0.0,0.0,0.0,0.0,0.0,0.0,0.0,0.0,0.0,0.0,0.0,0.0,0.0,0.0,0.0,8.560428191976046,8.839451586786542,9.131367136458117,9.094099813410931,8.51667365731562,8.320154173164186,7.893350671044258,6.738527981086754,7.0772472782640765,7.204783307880791,7.430973707659261,7.804818666592658,7.926424987192243,8.077615631475991,8.341850461429532,7.7053344460471305,7.2222005101189515,7.509349005149555,7.843992430988068,8.473121305892649,8.864618198497032,9.274204035114538,9.702714607552684,10.151024325016724,10.62004799840974,11.11074270707556,11.624109751793709,12.161196698011638,12.723099513483568,13.310964804677738,124.49067710805319,124.67282811324417,119.96007526357418,118.33872038662297,126.95147694271999,125.6665678268732,125.85704932899506,127.3756605189545,120.81692122177928,126.84133929216473,128.54834989238856,126.77068723345755,126.5861652128605,121.9998866685794,119.89296153862865,126.59836865401398,127.45212918994521,126.94916809491784,126.82008366908268,121.64384359418167,125.55250670158102,126.90810786496742,124.92145299253337,124.16073377507368,119.3509385016852,116.89419009302415,122.21867924831102,123.1453217020983,120.37723528663192,119.65256959544348,133.0511053,133.5122797,129.0914424,127.4328202,135.4681506,133.986722,133.7504,134.1141885,127.8941685,134.0461226,135.9793236,134.5755059,134.5125902,130.0775023,128.234812,134.3037031,134.6743297,134.4585171,134.6640761,130.1169649,134.4171249,136.1823119,134.6241676,134.3117581,129.9709865,128.0049328,133.842789,135.3065184,133.1003348,132.9635344,
0.0,0.0,0.0,0.0,0.0,0.0,0.0,0.0,0.0,0.0,0.0,0.0,0.0,0.0,0.0,0.0,0.0,0.0,0.0,0.0,0.0,0.0,0.0,0.0,0.0,0.0,0.0,0.0,0.0,0.0,8.691689886390048,8.974991698443539,9.271383347769987,9.233544584619604,8.647264439687719,8.447731615561159,8.01438370355732,6.841853490140459,7.185766554251062,7.315258163071398,7.544916863087808,7.924494189802029,8.047965166156605,8.20147409869687,8.469760584797168,7.823484523675577,7.332942432730307,7.624493931578111,7.964268626801169,8.603044276408228,9.00054420347872,9.416410442164521,9.851491599922834,10.306675493750127,10.782890961841865,11.281109758959222,11.802348539370357,12.347670931412628,12.918189707909029,13.515069056867466,134.12013341363917,134.07111240158716,124.04547805226225,121.08702851541429,136.99505436034784,135.6810124844762,135.5480350964819,136.84914040990077,123.60660954579227,138.5517670369741,138.64696603695998,136.8376014102482,136.06987943389612,126.13372280135852,122.670978315261,138.3238359763855,137.5354572673338,136.69798976848924,136.31587917326954,125.77290692366607,137.27020029659928,136.9937058579174,134.96294910016323,133.85828290634024,123.44230373825307,119.62454064114048,133.8434120607343,133.1208764686973,129.94647459220639,128.94310504325375,142.8118233,143.0461041,133.3168614,130.3205731,145.6423188,144.1287441,143.5624188,143.6909939,130.7923761,145.8670252,146.1918829,144.7620956,144.1178446,134.3351969,131.1407389,146.1473205,144.8683997,144.3224837,144.2801478,134.3759512,146.2707445,146.4101163,144.8144407,144.1649584,134.2251947,130.9056504,145.6457606,145.4685474,142.8646643,142.4581741,
0.620125426284001,0.7513920742000794,0.9022864118826708,1.0548397022586442,1.199517657790399,1.3963453967044033,1.6124554926987493,1.8225661857349202,2.168042281608779,2.551616264022587,2.999923172888521,3.524848091894163,4.112228304813817,4.79102260833575,5.579854637883914,6.432442974305391,7.43098716701559,8.633697305756023,10.020143932023306,11.63260137429473,13.371970014972696,15.37141833781518,17.669834844944564,20.289993564063067,23.163577645430184,26.314645126418323,29.769467783013397,33.55672378507357,37.70770532295535,42.25654206055773,8.895665782447049,9.185616099189906,9.488963444479444,9.45023668420535,8.850197762848392,8.645982318066242,8.202464631276278,7.002417570840967,7.3544015597469325,7.486932067479476,7.721980379842328,8.110465597467462,8.236834181004088,8.39394564912454,8.668528261423262,8.007085444424442,7.5050313501907295,7.803424956730085,8.151173457832266,8.804939844247828,9.211768268407678,9.637394023342283,10.082685631562047,10.548551745283023,11.03594300060255,11.545853957346264,12.07932512854489,12.63744510368213,13.221352770046245,13.832239636717935,146.27096769129815,146.1824239266407,129.04553534367014,124.91297291356989,148.89508297939673,146.42815948526672,146.7906284760642,147.9982761434653,126.3858629586876,149.66363006854337,148.82265434731687,145.52275881068852,144.94005911423477,127.31689924259508,122.02191290075098,145.56953068133117,142.33746098285775,140.99754573758116,139.29494061021512,120.10695148153172,137.56045121669763,134.77391163892443,129.46237942357942,126.42428569074423,106.18729505406218,98.16551271633509,117.61113448854633,112.56098651135419,104.91534270711385,99.38898800284557,155.7867589,156.1194321,139.4367852,135.4180493,158.9447984,156.4704872,156.6055486,156.8232599,135.9083068,159.7021784,159.5445579,157.1580725,157.2891216,140.5018675,136.2702958,160.0090591,157.2734795,157.434668,157.466258,140.5444927,160.1441895,159.782724,157.2148999,157.262831,140.3868157,136.0260118,159.4599274,158.7551554,155.8444008,155.4777697,
6.518337820540011,7.89812377902613,9.484222697942764,11.087759402225752,12.608515928840333,14.67743560269185,16.94903833403243,19.15757941115691,22.788989778123153,26.820859284789726,31.533157402899633,37.05081206995945,43.22495442024837,50.35997968042497,58.651646872768566,67.6134771140305,78.1094963078034,90.75156943077889,105.3249558734423,122.2740147000602,140.55707795442845,161.5739224032975,185.73331760105808,213.2746486782103,243.47981525284885,276.60169909412207,312.9164512897993,352.7255173076635,396.357819425762,444.1721055192274,8.689113594258048,8.972331433201715,9.268635229477248,9.230807682063856,8.644701315642742,8.44522763477274,8.012008170841796,6.839825505531557,7.183636630832476,7.313089857218864,7.542680484408283,7.922145301116616,8.04557967960483,8.199043110768462,8.467250074431549,7.82116557512971,7.330768885107141,7.622233965566535,7.961907948628275,8.60049425960249,8.99787636425318,9.413619336585407,9.848571532521778,10.303620505902112,10.779694819606199,11.277765940358682,11.798850221082596,12.344010974846652,12.914360644638343,13.51106307339017,145.78638088523113,144.76823748780282,124.50964437261223,118.81639191574428,142.84613865555247,138.65291306257276,136.878942895165,136.3699978833527,109.66604649108764,130.7597448580369,125.6427276127398,117.51351672897404,111.57919990019941,85.79778450886192,72.89170075285799,89.77590791090076,77.16552870715351,64.32301820372183,49.746268878000045,13.52609294041159,15.795119481396245,8.219094981833617e-11,8.628171010786094e-11,9.06005354033218e-11,9.513216991481523e-11,9.989060517185429e-11,1.0488909983224768e-10,1.1013820376202876e-10,1.1564934220606544e-10,1.2143866578506535e-10,160.9938323,161.6386927,143.2625023,139.134959,164.0993559,161.7755763,161.8399894,162.3674028,139.6386729,164.893694,164.7185655,162.4864741,162.849734,144.3568073,140.0105977,165.2105506,162.6057939,162.6968216,163.0331327,144.4006019,165.3500738,164.9644553,162.5452282,162.5192411,144.2385987,139.7596087,164.643568,163.9035628,161.0534008,160.9743457,
16.010820001540026,19.39995159155379,23.29584422470174,27.234568826736965,30.96996267776878,36.051795103099764,41.63147253741348,47.05625330597419,55.97599010666767,65.8793640523262,77.45405671782586,91.00692527682811,106.17230708979034,123.69788006441485,144.06448188596477,166.07718739887355,191.85828047365456,222.91066879578955,258.7068907116149,300.33841358442163,345.24661608967466,396.86973270858766,456.2118132369285,523.860853010472,598.0530011405006,679.4094043977054,768.6083653618596,866.3903165263121,973.5631809434273,1091.0081414872475,7.804421501223042,8.058803190195613,8.32493847470552,8.290962382533507,7.7645311098288445,7.585367071170321,7.196256345159646,6.143420805921962,6.452226406119355,6.568499203390673,6.774713796844769,7.115542966857369,7.22640973215091,7.364248107588467,7.605147270809577,7.0248446077979825,6.584378220723715,6.846167448832802,7.151257134685791,7.724825046037217,8.081747234715534,8.455160858217491,8.845827896131828,9.254545534983482,9.682147794954792,10.129507231768653,10.597536717206438,11.087191301893963,11.59947016415665,12.135418648920407,137.77705819726617,134.5754815182813,114.86788410062503,106.82598429076346,123.62077741243799,117.8992251257673,113.61387331746617,109.56505548814508,80.43865788725634,91.90637264432863,78.73912918537714,64.12376575636472,49.84952427811149,16.545486428052126,5.837277248134547e-11,6.129621179794658e-11,6.436020378062831e-11,6.758162796544422e-11,7.096445110908394e-11,7.451631150265776e-11,7.82466018036626e-11,8.216304940575136e-11,8.627538736458058e-11,9.05933871832815e-11,9.512699444861861e-11,9.988754122058875e-11,1.0488639973967994e-10,1.10134880364227e-10,1.156457937563109e-10,1.2143215159294676e-10,161.5922997,162.0342363,146.4886668,142.3515155,162.3552712,161.5363873,162.4416022,162.7647296,142.8668744,164.3542359,162.9678997,162.246234,163.2482411,147.6076146,143.2473974,164.6700559,162.3653774,163.3016196,163.4320886,147.6523955,164.8091226,163.2111761,162.3049013,163.1233789,147.4867441,142.990606,164.1049281,162.161559,161.6520896,161.3682636,
25.27697896323604,30.62754863400722,36.77816403794248,42.99640013690858,48.89362912223542,56.916539335293,65.72541915001983,74.28975685126731,88.37173387974212,104.00662171592991,122.2800932173031,143.67659717053297,167.61884603841213,195.28723150246904,227.4408729615826,262.19329002205706,302.89502467635884,351.91878275379304,408.43183756563997,474.1573361823377,545.0558716660192,626.5555345607013,720.2414620150885,827.0419478786798,944.1723239206087,1072.6132216047445,1213.4355067604433,1367.8081324179864,1537.0066018930413,1722.4220769729366,8.872026438516048,9.16120624123241,9.463747471229262,9.425123623455237,8.826679245641264,8.62300648302066,8.18066740021537,6.983809345065194,7.3348579716525375,7.4670362927887926,7.701459987721963,8.088912844656381,8.214945616295239,8.371639576370622,8.645492512783546,7.985807414051588,7.4850874784627495,7.78268813377571,8.129512527945359,8.781541595442139,9.187288913670761,9.611783610643787,10.055891900859734,10.52052002188209,11.006616083587645,11.515172002858565,12.047225527666056,12.603862354675917,13.186218344697114,13.79548184049389,127.64481899827716,122.06809842479109,101.80069789086052,91.91098213967008,103.86208593215889,96.2442078817237,88.73809954980403,81.31298080370867,49.14844474864865,52.81083799132675,32.2105531950227,10.729177384860822,5.293549518022574e-11,5.5583802666075576e-11,5.836694162746527e-11,6.128957578990916e-11,6.435819460298258e-11,6.758029010413733e-11,7.096350585803831e-11,7.451586145649414e-11,7.82458973392682e-11,8.21624611568958e-11,8.627482067359099e-11,9.059280141786157e-11,9.512666186756395e-11,9.988722093283946e-11,1.048858347240959e-10,1.1013434832381782e-10,1.1564524327020851e-10,1.2143169294148106e-10,161.7938244,161.8568533,148.0426094,144.3325059,161.5823943,161.7837537,162.6441861,162.586547,144.8550366,164.284496,162.1921064,162.4946874,163.0695291,149.173427,145.240855,164.600182,162.6140132,163.5052761,163.2531754,149.2186829,164.7391897,162.4342248,162.5534445,163.3268131,149.0512743,144.9804901,164.0352941,161.3896042,161.8536889,161.1916097,
31.804120584600046,38.53633978108763,46.275196321687936,54.09913489451619,61.519174371430076,71.61379858370722,82.69734920303941,93.47321088231186,111.19150293511514,130.86370580366366,153.85583994968673,180.77745082759816,210.90218096912486,245.71522840489342,286.1717359522149,329.89808728578186,381.1100172727697,442.7929231165687,513.8990474858707,596.5964966758512,685.8027888943212,788.3476820192741,906.2256348463537,1040.604649674029,1187.980988008416,1349.588504629839,1526.7745894307498,1721.0100480476474,1933.899750323425,2167.194090452786,11.462353976624062,11.835964367056992,12.226837263432984,12.17693657634721,11.403766958181413,11.140628731899845,10.569141802735833,9.022842230368937,9.476385020039084,9.647154879146159,9.950022255664209,10.450598062805222,10.613428082664953,10.815871306750234,11.169679911408526,10.317389381485958,9.670476392142831,10.054966235417352,10.503051461633792,11.345450661691437,11.869662285589653,12.418094880062222,12.991867564542627,13.592151166892075,14.220170612564953,14.877207424164643,15.564602336490227,16.28375803241025,17.03614200514634,17.823289552806955,119.08714073880513,111.29085515188608,90.09730331491137,78.35051952917051,90.39944837042408,79.90021968443034,69.94042819426402,59.895926587360435,24.482298444889114,24.038236517235692,0.13280529469739563,5.0408777133441664e-11,5.2932733720721575e-11,5.5583327126284267e-11,5.836666505682697e-11,6.128928093231336e-11,6.435796879377847e-11,6.758010585223292e-11,7.096335080631722e-11,7.451573159917395e-11,7.824582201991154e-11,8.216234292815678e-11,8.627470034061991e-11,9.059268511583537e-11,9.51265397259009e-11,9.988709298124704e-11,1.0488570371552743e-10,1.1013419078227307e-10,1.1564505148841586e-10,1.2143167466494882e-10,162.3536153,161.6631593,148.5993369,144.626591,163.3223897,162.654647,163.2069192,162.3919797,145.1501864,164.5490972,163.9386675,163.3694077,162.8743839,149.7344071,145.536791,164.8652916,163.4893758,164.0709884,163.0578104,149.7798331,165.0045232,164.1833931,163.428481,163.891908,149.611795,145.2758955,164.2994939,163.1275236,162.4136869,160.9987118,
35.50236809938006,43.01742337039881,51.656169813390335,60.38989179952775,68.67274848536499,79.94119603309285,92.31356435212686,104.3424650383725,124.12107595382513,146.08080238949552,171.74650843129962,201.79861871284243,235.42631344925448,274.2874925042822,319.4483646352924,368.2593046063476,425.42626146784596,494.281780452588,573.6562688860654,665.9699448518172,765.5493252876499,880.0183461413969,1011.6033859143483,1161.6082645763365,1326.1218218296594,1506.5213875858835,1704.311028961343,1921.1325798489358,2158.7775276052275,2419.199805804771,14.145015387067076,14.606065947206767,15.08841914838179,15.02683965187584,14.072716601054733,13.747993226844775,13.042754894210985,11.13455773952959,11.694248161903635,11.904985178893606,12.278735955551282,12.896467052396066,13.09740598178958,13.34722923149323,13.783843575036846,12.732082070847374,11.933764883381912,12.408241134977388,12.961196699992643,14.000751897046316,14.647650562123449,15.324438899266429,16.03249794780093,16.773272557375307,17.548274336288834,18.35908473604621,19.207358278432547,20.09482593169392,21.023298642712835,21.99467103238587,113.59375491358212,103.24450498242514,81.98322353826016,69.57950834863033,82.14721421361587,71.88479004009974,58.742787753701364,46.1162071221391,9.70584928431455,6.860729531656343,4.800485474633687e-11,5.0408139375071176e-11,5.2932470252279924e-11,5.558320621669136e-11,5.836657807360861e-11,6.128919128870376e-11,6.435789556359294e-11,6.758003614827798e-11,7.09632830334745e-11,7.451566728522318e-11,7.824576096851352e-11,8.216227886339315e-11,8.62746340665483e-11,9.059261241235451e-11,9.512646432122358e-11,9.988701219098618e-11,1.0488560913647275e-10,1.101340859902114e-10,1.1564492617337878e-10,1.214315834996605e-10,163.2411384,160.8679943,148.7278125,144.9962398,164.8926793,165.5739793,164.099107,161.5932299,145.5211734,164.8465171,165.5148824,166.3015685,162.0732613,149.863864,145.9087661,165.163283,166.4236899,164.9678997,162.2557856,149.9093294,165.3027663,165.761961,166.3617022,164.7878403,149.7411459,145.6472038,164.5964626,164.6959396,163.3015383,160.206815,
36.405051139912054,44.11118417010507,52.96957933860459,61.92536489795321,70.41882145804483,81.97378049892112,94.66072859532504,106.99547605256134,127.27697783401713,149.7950521684168,176.1133343285903,206.92954942160398,241.41226176263822,281.2615249694007,327.5706572179947,377.6226639139782,436.2431475456697,506.84938662492965,588.2420504195333,682.9028934663708,785.0141787501982,902.3936883775879,1037.3244087388955,1191.143310724235,1359.8397888929871,1544.8261931404252,1747.6448329861485,1969.9792875837193,2213.6665946386142,2480.7103684310546,16.735012419930094,17.280482795113137,17.8511563922474,17.778301495264937,16.649475497646595,16.265294247097103,15.430924546345265,13.173330460412656,13.835501968427371,14.084825599414062,14.527011324785805,15.257850938246133,15.495582420823556,15.79114909729394,16.30770890737394,15.063366546918953,14.118874958773125,14.680229311959062,15.334432788942234,16.56433382883805,17.32968168447914,18.13039210562913,18.96809900428,19.8445117866182,20.76141884120112,21.72069118830329,22.724286297878983,23.774252083932094,24.87273108344413,26.021964828387127,110.94788574018709,98.89728413481251,77.2483845691803,66.2177163068158,81.10808704434419,69.94553995401917,54.858715558368985,40.84276968706721,5.337185797598822,2.937815332214651,4.800454700199686e-11,5.040805445902197e-11,5.293241174696445e-11,5.5583170906709755e-11,5.836655187580284e-11,6.128916515378358e-11,6.435787060469481e-11,6.758000829686121e-11,7.096325207502654e-11,7.45156318891941e-11,7.824573300454956e-11,8.216224687228622e-11,8.627459647952973e-11,9.059256819027007e-11,9.512641445604814e-11,9.988695910925647e-11,1.0488554977146135e-10,1.1013402235133396e-10,1.1564484739344801e-10,1.2143151695031494e-10,164.0879493,160.2889511,148.0691203,145.9213827,168.176384,168.1846147,164.9503687,161.0115762,146.4496656,166.8176931,168.8109777,168.9236759,161.4898797,149.2001404,146.8397313,167.1382468,169.0477228,165.8236682,161.671747,149.2454044,167.279398,169.0629766,168.9847577,165.6426748,149.0779658,146.5765001,166.5646486,167.9757263,164.1486627,159.6301517,
33.802811206528055,40.95810839182501,49.1833038000887,57.49892811566391,65.38527079619551,76.11427918178431,87.89436183134815,99.34741920997234,118.17919541236304,139.08767353906387,163.5247199181898,192.13818613433472,224.15606768251075,261.15689802664554,304.155844753057,350.6301245542279,405.0604049409243,470.61969671136217,546.1943975206424,634.0888656224873,728.9012169426311,837.890417045677,963.1762640234799,1106.0001618343383,1262.638183872241,1434.4017249951153,1622.7228501467157,1829.164795924634,2055.433288232093,2303.3887226220268,18.468068758515102,19.070027343416804,19.699799163483892,19.61939950717624,18.373673742695328,17.949707176502006,17.02893122385584,14.537543601211059,15.268288737998743,15.543432003186956,16.03140991292987,16.83793433574762,17.10028498456309,17.426460165483785,17.99651424438496,16.623309391268293,15.581007470360058,16.200494957574783,16.92244690429675,18.279714912291453,19.124321206418173,20.007952167805854,20.93241091426858,21.89958387589647,22.911444644463245,23.97005800069397,25.07758412761099,26.236283018555596,27.448519088880417,28.71676600072237,114.62620203498611,101.57385696478893,79.9058884364597,70.44298827719378,88.57216406114472,78.26043774175106,62.850972544835265,48.4455745888578,14.648051849681535,15.361801357794606,4.800836758640509e-11,5.040843154271501e-11,5.293251441236094e-11,5.558321948570688e-11,5.836658720806558e-11,6.128920351681363e-11,6.435790264475493e-11,6.758002961479874e-11,7.096326443805014e-11,7.451563534667461e-11,7.824574367062184e-11,8.216225501958582e-11,8.627460082152462e-11,9.059256670096266e-11,9.51264060710979e-11,9.988694908218068e-11,1.0488554539162838e-10,1.1013401878926979e-10,1.1564484111603426e-10,1.2143151341538035e-10,166.897082,161.6019927,148.7889914,147.5613159,172.3311086,172.3244241,167.7742656,162.3305374,148.095536,169.9929069,172.9813797,173.0816771,162.8127591,149.9255102,148.4899854,170.3195621,173.2087774,168.6625158,162.9961161,149.9709942,170.4633999,173.2396042,173.1442624,168.4784238,149.8027416,148.2237959,169.7350459,172.1254938,166.9588347,160.9377967,
28.565172702248045,34.61177925769466,41.56250669605089,48.589651369022505,55.254030236274524,64.32061276355925,74.27540892757064,83.95385135031135,99.86770349191929,117.53647917395611,138.18708263671687,162.36698291424977,189.42379515379335,220.69146406006092,257.0278602180675,296.30109760125487,342.2975784849957,397.69866569687724,461.56330604729,535.8388047790805,615.9602826413444,708.0619514818974,813.9351533940867,934.6289407258191,1066.996397500749,1212.145722098256,1371.2870855360477,1545.7415058534773,1736.9504121290486,1946.4859375187689,17.052613720920093,17.608436170930602,18.18994015601693,18.11570260036147,16.965453457277878,16.57398111772715,15.723776537632778,13.423337259787099,14.098075626262792,14.352130984216988,14.802708622192872,15.547418294797799,15.789661505616486,16.09083752127472,16.617200734160996,15.349242929472048,14.386826540935154,14.958834419102999,15.625453535237689,16.878695948331092,17.65856876927021,18.474475275435985,19.328080387615696,20.221125953539005,21.155434302253962,22.132911962731374,23.155553554285703,24.225445856751094,25.34477206871812,26.515816262519873,123.67927187686107,110.71113007140544,91.45922674796446,84.16237783064996,104.31542110648316,95.37133771875095,80.18767033483584,66.28869468994274,37.44814298186125,41.87640154187237,24.211247141137946,5.043764078434235e-11,5.2933056257599e-11,5.5583438981993213e-11,5.836674104979625e-11,6.128936726282015e-11,6.43580413554614e-11,6.758013623783242e-11,7.096335167723141e-11,7.451571224801471e-11,7.824582529899525e-11,8.216233929040669e-11,8.627468619803732e-11,9.059264838298175e-11,9.512648296457054e-11,9.988703289288535e-11,1.0488564446112546e-10,1.1013412753258283e-10,1.1564496150881117e-10,1.2143162220641086e-10,169.2970583,162.9313455,151.2116736,150.8677318,176.5349048,176.2659316,170.1868558,163.6658833,151.4139221,173.7650117,177.2010384,177.040505,164.1520717,152.366698,151.81721,174.0989152,177.1705123,171.087879,164.3369371,152.4129227,174.2459448,177.465562,177.1045218,170.9011398,152.2419304,151.545056,173.5014288,176.3242743,169.359699,162.2616857,
20.782310299296032,25.181459396096685,30.23839274410973,35.350922699170994,40.199525962136825,46.79582885868392,54.03834284602085,61.07979838840021,72.65776491117866,85.51250878618585,100.53665211989782,118.12850062057835,137.81341810850003,160.56190292667736,186.99809037722306,215.5709477606857,249.0352347918056,289.34175060940726,335.8058412259771,389.8442494081744,448.1358421784398,515.143505001943,592.170511190706,679.9800884570778,776.2827290502067,881.8846917956039,997.6664247083178,1124.5890214631872,1263.7011796016607,1416.1466891305595,17.753177319944097,18.331834332583558,18.937227941354912,18.85994052307875,17.662436296836596,17.2548813041746,16.369748214569285,13.974801194614448,14.67725948403884,14.941752065214796,15.410840548323641,16.18614473840292,16.438339900188634,16.751888972371948,17.299876489476233,15.979827838328148,14.977873001319514,15.573380379584973,16.26738585975866,17.572114574584752,18.384026502206257,19.233452468073708,20.122125792043157,21.051859881262352,22.024551930569253,23.042186793865937,24.106841034367562,25.220687161991368,26.385998066532267,27.60515165567084,132.8399216807891,121.60373607135047,105.32135691456763,101.34385087778415,123.6577942410621,115.00575973717882,101.8680392394491,90.80682161702656,68.78284840482577,77.75358874864476,66.2572072318263,45.52866044106886,12.102373691363994,5.558517411911729e-11,5.836747911177721e-11,6.129012930377427e-11,6.435854687481816e-11,6.758047214130115e-11,7.09635989200586e-11,7.451588724386448e-11,7.824603749390959e-11,8.216253746183907e-11,8.627486205113316e-11,9.059280051931833e-11,9.512660701783408e-11,9.98871570733542e-11,1.0488581272452853e-10,1.1013435036058451e-10,1.1564518532065155e-10,1.2143192765870222e-10,171.3754093,165.1170298,154.4969776,155.5547141,181.5197565,179.0564699,172.2761303,165.8614212,156.1178728,178.2078496,182.2046999,179.8433058,166.3541317,155.6770967,156.5336896,178.5502904,179.9753714,173.1882148,166.541477,155.7243256,178.7010793,182.4766928,179.908336,172.9991831,155.5496183,156.2530806,177.9375274,181.3031784,171.438819,164.4383866,
11.119189701620018,13.472872840240738,16.17849124335496,18.913855579988244,21.508010834740507,25.037240365998986,28.912213156900084,32.679613355611,38.874189621279605,45.75188193043469,53.79027118677892,63.20246347263139,73.73451350252402,85.90566841624431,100.04986023211576,115.33723766939795,133.24168382431313,154.80693759701046,179.66668756890857,208.57893568271817,239.76677133177583,275.61797861655793,316.8298497524502,363.8107355722968,415.3356774146965,471.83604911154555,533.7829180447063,601.6904995606757,676.1198798300986,757.6830224836546,17.485603621113093,18.05553918663151,18.6518083776027,18.57568582576191,17.396230235513574,16.994817861431805,16.1230253885778,13.764174714707094,14.456045639436793,14.71655182105265,15.17857026040299,15.942189161357962,16.19058326877182,16.49940656801336,17.03913488485043,15.738981844153312,14.752128346863673,15.338660311375751,16.022205826553176,17.30726983111893,18.10694472231121,18.943568244792093,19.818847594034565,20.7345688457375,21.69260060045228,22.694897796607783,23.743505699714518,24.840564075888217,25.988311558209148,27.18909021482664,145.6957779772961,135.73760207315846,122.95809987907461,124.29201759428369,146.31019432978144,134.84104547260654,130.18142795456134,121.57630562972308,109.03702573932688,122.75863304855801,116.94447875286572,98.50569246606071,78.5941201287568,56.58858491579769,45.71072768309191,52.502932986509684,29.78698812888726,5.998721191681037,7.096655203374954e-11,7.451736629215701e-11,7.824785753904792e-11,8.216427637839869e-11,8.62757689950594e-11,9.05936529814002e-11,9.512747994674777e-11,9.988804542718084e-11,1.0488737990791898e-10,1.101357387298066e-10,1.1564668246179561e-10,1.21433375202628e-10,174.3005713,167.2660141,157.7883995,161.781559,185.2144354,176.8731037,175.2166665,168.0200937,162.367261,183.2270668,185.9133202,177.6503451,168.5192169,158.9936599,162.7997228,183.5791525,177.7808003,176.1443191,168.7090005,159.0418951,183.7341882,186.1908493,177.7145824,175.9520608,158.8634658,162.5078811,182.949131,184.9934491,174.3650633,166.5785385,
2.478728330988004,3.003419539108856,3.6065653769449195,4.216342281443571,4.794640367679026,5.5813884545846175,6.445210828009436,7.285052746108379,8.66596917079547,10.199168193026129,11.991113804162438,14.089312351152795,16.437153470247505,19.15038953466026,22.303461828032606,25.711377024836676,29.702698256488244,34.51009941842209,40.05192109879545,46.49713971952038,53.44964020561729,61.44171566989016,70.62880891128701,81.10195091367589,92.5880696439515,105.18332845277712,118.99273931463647,134.13093289793207,150.72298847773916,168.9053271089732,16.158686516928086,16.68537180258447,17.236392353283218,17.16604645738411,16.076095343517554,15.705144654176111,14.89950925365405,12.719662940925218,13.35903036713093,13.599767708298257,14.02672529513776,14.732396011820006,14.96194041882614,15.24732827215378,15.746098624327889,14.54460933840536,13.632644464537178,14.174666710498702,14.806340511365805,15.99388581171183,16.732876364296025,17.50601165464045,18.314869325534488,19.161099914067915,20.046430219680392,20.972666827830253,21.941699796472854,22.955506512871043,24.0161557286078,25.12581178103437,158.87533855211308,150.83943815833734,141.36867226980408,147.10798806120619,167.5762880888389,161.04498599127663,157.10101111837574,151.2923003130076,147.0753673621169,164.05762549872102,163.1402673007475,154.31103833707732,140.40677971097907,129.05295929324132,131.50120174769762,147.96155663681898,139.9318851790387,130.70571337114652,117.14109698990943,101.00923886884205,118.19397933016462,110.49275197555124,94.2552881632645,78.93162737234654,50.682333436463,43.090823019492255,46.6371639889953,31.13574118930674,2.839289693768216,1.2214821056397412e-10,177.5127534,170.5282295,162.21163,168.4903768,188.4470238,182.3315191,178.4457312,171.297016,169.1003669,187.8565614,189.1581064,183.1327467,171.8058736,163.4506771,169.5507622,188.217543,183.2672279,179.3904795,171.9993586,163.5002644,188.3764959,189.4404793,183.1989664,179.1946782,163.3168333,169.2468183,187.5716031,188.2221806,177.5784339,169.8273459,
0.0,0.0,0.0,0.0,0.0,0.0,0.0,0.0,0.0,0.0,0.0,0.0,0.0,0.0,0.0,0.0,0.0,0.0,0.0,0.0,0.0,0.0,0.0,0.0,0.0,0.0,0.0,0.0,0.0,0.0,15.907835484160087,16.42634439064653,16.968810776124336,16.89955694551276,15.826526474440634,15.46133450586092,14.668205967950726,12.52220007277382,13.151641817271807,13.38864189857,13.808971301151171,14.503687029141208,14.729667937870222,15.01062536687645,15.50165269749829,14.318815597687397,13.421008268754463,13.954616041173212,14.576483597878452,15.745593181637087,16.473111481007674,17.23424444765771,18.03054523270007,18.863638749920735,19.73522499154193,20.64708249718872,21.60107198313763,22.599140139253134,23.643323601359892,24.735753107156146,164.99623301586908,157.04807330938414,149.75170022390787,156.63723955452113,173.70825012559487,170.58681359417642,167.18666463208854,161.7342864272674,161.01341448277148,176.31807640147545,176.44099229889653,172.36202077090894,160.04446756218246,152.9833735331789,159.12728870255984,175.75243950237362,173.58192193130967,168.8630518588941,160.39447970219226,152.29937141843718,173.75866201907033,173.2997220524242,168.90273216738592,163.75448715016958,148.12120980855292,153.6688116029109,167.8178815169669,166.70949526085664,157.32768029875544,148.02567199296496,180.9040685,173.4744177,166.720511,173.5367965,189.5347766,186.0481481,181.8548706,174.2564865,174.1650563,189.7067183,190.2499636,186.8657078,174.7741355,167.9939989,174.6289414,190.0712551,187.0029302,182.8176679,174.9709633,168.0449646,190.2317735,190.5339665,186.9332774,182.6181259,167.8564348,174.3158941,189.4189535,189.3086354,180.9710039,172.7614251,
0.0,0.0,0.0,0.0,0.0,0.0,0.0,0.0,0.0,0.0,0.0,0.0,0.0,0.0,0.0,0.0,0.0,0.0,0.0,0.0,0.0,0.0,0.0,0.0,0.0,0.0,0.0,0.0,0.0,0.0,16.110110639697087,16.635212615983082,17.184576701189137,17.114442277528156,16.02776775000044,15.657932204215086,14.854718686577364,12.681425378435792,13.318870752773716,13.558884394801439,13.98455847141878,14.688107816783923,14.91696217259548,15.201492099425696,15.698763059469863,14.500885663411413,13.59166231768078,14.132055148649401,14.761830026050863,15.94580535462626,16.682574370557735,17.453385479112544,18.259811580406073,19.103498249720904,19.986167095431348,20.909619272079475,21.875739155771253,22.886498189392743,23.9439589054928,25.050279135040764,163.7496933603321,154.89207028404758,148.49181529884308,155.2664362225057,170.4461708500351,167.58741149582227,165.95039891346184,159.61914812160543,159.68608264726953,172.851600905244,173.19301742862896,169.3624791832662,157.89545012745722,151.74041240062965,157.76698554058828,172.26780253664964,170.59407978238332,167.6303020514179,158.24520077401985,151.04674564544806,170.24384312952031,170.0036068209694,165.85732701967999,162.46046875036944,146.81903480466352,152.2451672280202,164.25198144433338,163.3649512107172,155.98239409462263,145.7720140650804,179.859804,171.5272829,165.676392,172.3808785,186.4739386,183.2453437,180.8051176,172.3005735,173.0049534,186.4104853,187.1775759,184.050587,172.8124123,166.9419045,173.4657486,186.7686882,184.1857421,181.7623572,173.0070308,166.992551,186.9264175,187.4569923,184.1171386,181.563967,166.8052019,173.1547865,186.1277206,186.2514494,179.926353,170.8222932,
0.0,0.0,0.0,0.0,0.0,0.0,0.0,0.0,0.0,0.0,0.0,0.0,0.0,0.0,0.0,0.0,0.0,0.0,0.0,0.0,0.0,0.0,0.0,0.0,0.0,0.0,0.0,0.0,0.0,0.0,15.982060267145087,16.50298849781288,17.047985991295846,16.97840902743631,15.900371875604195,15.533475948327983,14.736646731361596,12.580627731509786,13.21300640460083,13.451112310737312,13.873402939201153,14.571360159360108,14.79839547828376,15.080663833859274,15.573982261663469,14.385626131489992,13.483629700009526,14.019727246800555,14.644496391499198,15.81906095404653,16.549973799956284,17.314658156695096,18.11467442226398,18.951655092176377,19.827308090692405,20.74342025597138,21.701860986254253,22.704586054516334,23.753641599374298,24.85116830039079,158.0966302328841,149.8353332022178,143.6668016087364,149.58816067259758,162.9674762244313,160.58117375170934,160.25697276867763,154.5075912685314,153.95658859544244,165.11979468930815,165.66938186084658,162.31719814069007,152.78617842176894,146.86173726619612,152.04086543839466,164.52841936857098,163.5348243000545,161.90036395326675,153.1288085085715,146.17246994602772,162.51516770012165,162.49614594338672,158.83784567782197,156.7764226079139,141.98248430940248,146.57095394412826,156.59817311385032,155.94984804559346,150.38945890074106,140.80349059973034,174.0786905,166.3383217,160.7147876,166.5665697,178.8678481,176.1146497,174.9936195,167.088219,167.169595,178.570907,179.5427848,176.8885583,167.5845739,161.9424011,167.6148477,178.9140455,177.018454,175.9200912,167.7733049,161.9915309,179.0651415,179.8108041,176.9525201,175.7280777,161.8097924,167.3143742,178.3000341,178.6544341,174.1431005,165.6546589,
0.0,0.0,0.0,0.0,0.0,0.0,0.0,0.0,0.0,0.0,0.0,0.0,0.0,0.0,0.0,0.0,0.0,0.0,0.0,0.0,0.0,0.0,0.0,0.0,0.0,0.0,0.0,0.0,0.0,0.0,15.701464112068086,16.213246434376558,16.748675436773787,16.68032003185062,15.621209919134735,15.260755563519892,14.477916233388898,12.359750340803554,12.98102637623362,13.214951870042388,13.629828365115955,14.315531588661756,14.538580860949882,14.815893446496345,15.300550709734976,14.133058482926595,13.24689835329558,13.773583664876544,14.387383771986611,15.54132656896483,16.259406818148598,17.01066565359905,17.796636077495123,18.61892192371611,19.47920113058962,20.37922916485546,21.320842603832254,22.30596288309651,23.336600217321486,24.414857702276223,148.9503473879611,143.42530046565412,138.38048356325842,141.24954016818322,152.50814718090078,150.6893842365174,151.03927806665033,147.99848945923765,145.52059142380966,154.5360243300031,155.1339449349318,152.36385031138843,146.2960216391028,141.498213553559,143.62323289032315,153.94026481713445,153.55488244676854,152.6199112351908,146.62834802808413,140.8202026311094,151.9558572819294,152.00503614648287,148.94301612259096,147.59295757637423,136.70690586950522,138.25966083524418,146.17567339627243,145.62279271701337,141.3761331827939,134.56756299784493,164.6518115,159.6385469,155.129159,157.9298602,168.1293571,165.9501398,165.5171943,160.3582398,158.5016178,167.7509762,168.7637733,166.6793819,160.8346025,156.314107,158.9237836,168.0733233,166.8017808,166.3934949,161.0157318,156.3615292,168.2152641,169.0157018,166.7396522,166.2118795,156.186107,158.63889,167.496516,167.9287556,164.7127334,158.9824207,
0.0,0.0,0.0,0.0,0.0,0.0,0.0,0.0,0.0,0.0,0.0,0.0,0.0,0.0,0.0,0.0,0.0,0.0,0.0,0.0,0.0,0.0,0.0,0.0,0.0,0.0,0.0,0.0,0.0,0.0,7.040825031066038,7.2703176286765405,7.510413832159859,7.479762012523385,7.00483757623889,6.843203219630123,6.492163678887365,5.542339170165108,5.82093076074776,5.925827250683839,6.1118654946632525,6.419347420282738,6.519366812632287,6.643718871765707,6.861048094451111,6.33752312662537,5.940152640809128,6.176328012660209,6.451567259609795,6.969016414121315,7.291016792982881,7.62789505960157,7.980338640324194,8.349066723733575,8.734831728208873,9.138420837293898,9.560657606006467,10.00240364136654,10.46456036057243,10.948070830412535,146.10982756896317,145.87642067135414,153.24312036787234,154.89813628751043,160.87302782379666,151.4753766804072,147.46342362115186,148.2948253298761,157.14482853929553,161.1626205493616,162.39946720538447,152.5949389797674,147.7747887874204,155.33772482828954,156.53876710560698,161.07199867343562,153.19090375925495,148.5943489874071,148.01635184046089,155.06156888595294,160.2598852070951,161.1349892404803,151.09144635976187,146.25268097635674,153.11397127188607,153.96847686280577,157.2743348940982,157.67516025874335,142.742758739543,141.56922316970866,153.1506526,153.1467383,160.7535342,162.3778983,167.8778654,158.3185799,153.9555873,153.8371645,162.9657593,167.0884478,168.5113327,159.0142864,154.2941556,161.9814437,163.3998152,167.4095218,159.1310564,154.770677,154.4679191,162.0305853,167.550902,168.7628843,159.071785,154.6017477,161.848803,163.1068977,166.8349925,167.6775639,153.2073191,152.517294,
0.0,0.0,0.0,0.0,0.0,0.0,0.0,0.0,0.0,0.0,0.0,0.0,0.0,0.0,0.0,0.0,0.0,0.0,0.0,0.0,0.0,0.0,0.0,0.0,0.0,0.0,0.0,0.0,0.0,0.0,7.003591804058038,7.231870800997343,7.470697329917154,7.440207602955003,6.967794657762789,6.807015054491217,6.457831877860844,5.513030222482475,5.790148567545047,5.894490344815367,6.079544783041946,6.385400685533895,6.484891156240864,6.608585617944127,6.824765562207184,6.3040090943633915,5.90873997954265,6.143666410936464,6.417450140199137,6.932162924789516,7.252460504170919,7.587557294198481,7.938137085977244,8.304915264883498,8.688640270364358,9.090095123186773,9.51009902325238,9.949509021238725,10.409221767477876,10.890175341641003,138.96952349597117,136.21997129903335,142.47457417011503,144.53647029707884,151.16118924227274,143.05408744554612,140.28249412217838,138.58553087755874,146.73673443249822,150.5627344552301,152.64612011700578,144.1342432145163,138.04173134381182,144.4820368821112,146.10836963785093,150.45386090569764,144.72143602052145,141.37354938913086,138.2719359598716,144.20429717528475,149.63779419590705,151.37505140588345,142.6359338141088,139.05128823520687,142.2782596297305,143.56888567691288,146.70979687685227,147.99080517887117,135.61790423263756,131.97206915848022,145.9731153,143.4518421,149.9452715,151.9766779,158.1289839,149.8611025,146.740326,144.0985611,152.526883,156.4572248,158.7256649,150.5196439,144.5266225,151.0906225,152.9331352,156.75787,150.630176,147.5172158,144.6893861,151.1364601,156.8902547,158.9626087,150.5740709,147.3562035,150.9668999,152.6589808,156.2198959,157.9403142,146.027126,142.8622445,
0.0,0.0,0.0,0.0,0.0,0.0,0.0,0.0,0.0,0.0,0.0,0.0,0.0,0.0,0.0,0.0,0.0,0.0,0.0,0.0,0.0,0.0,0.0,0.0,0.0,0.0,0.0,0.0,0.0,0.0,7.013200338477038,7.241792521373005,7.480946706870683,7.4504151497163775,6.977354080508536,6.81635389665558,6.46669166032769,5.520593790167133,5.798092326027679,5.9025772543533845,6.087885576870887,6.394161096474822,6.4937880625171704,6.617652226071421,6.834128757070722,6.312657840614677,5.916846438778818,6.152095176035843,6.4262545211909865,6.941673462799792,7.262410472462388,7.59796699645657,7.949027764010358,8.316309141968578,8.700560596595212,9.102566222917702,9.52314634473392,9.963159188546781,10.423502634842228,10.905116050284027,132.58440526155218,128.52753247865772,133.78916459316156,135.89976455031749,143.92584391952704,135.5113175033818,133.86461603971156,130.8608153098741,138.07106177401562,141.88639584569208,145.38472782317683,136.55894730357534,130.29275783753553,135.73154517398393,137.4182179429874,141.76030375944637,137.14123766128532,134.9221709240315,130.51433817887974,135.4507095372745,140.93560132761561,144.10076290362534,135.0557715360757,132.60397705812179,133.5320722034997,134.89118747718197,138.04164675537075,140.7599905115631,129.2257547652732,124.30618694983717,139.5976056,135.769325,141.2701113,143.3501797,150.903198,142.3276714,140.3313077,136.3814091,143.8691541,147.7889731,151.4726134,142.9531084,136.7865459,142.3491974,144.2523467,148.0729616,143.0580841,141.0742661,136.9405927,142.392383,148.1980118,151.6987299,143.0047993,140.9202862,142.2326328,143.9937537,147.5647931,150.7231497,139.6492574,135.211303,
0.0,0.0,0.0,0.0,0.0,0.0,0.0,0.0,0.0,0.0,0.0,0.0,0.0,0.0,0.0,0.0,0.0,0.0,0.0,0.0,0.0,0.0,0.0,0.0,0.0,0.0,0.0,0.0,0.0,0.0,6.912001680941038,7.13729533806905,7.372998590847225,7.3429075961248165,6.876672675155422,6.717995682097342,6.373378980931664,5.440933057063391,5.71442736119777,5.817404599172567,6.00003897077409,6.301895014258114,6.40008438908229,6.522161224959654,6.735514055897944,6.221567829190159,5.831467882976559,6.063322042116823,6.33352533919953,6.841506919483682,7.157615777484634,7.488330308078264,7.834325360027852,8.196306963190901,8.575013769228056,8.971218558879366,9.38572981888358,9.819393391758299,10.273094201807494,10.747758060878196,127.44799651908819,123.98133386196164,128.70506800918503,130.79134500390907,139.29725462488014,130.18601431794005,128.6927933191076,126.26881374297787,132.91991623884556,137.17798020087292,140.7254583292737,131.2037183857921,125.70092141097044,130.5953322750957,132.26807924416022,137.04859417087093,131.7751210170876,129.71793345795055,125.91625046087127,130.31758498059065,136.23354042259342,139.4561969920037,129.7210092400582,127.43674573689948,128.4301991308669,129.7831910412203,133.3927463812211,136.18012820835162,124.13661789830793,119.83196393924304,134.3599982,131.1186292,136.0780666,138.1342526,146.1739273,136.90401,135.0661723,131.7097468,138.6343436,142.9953848,146.7254973,137.5056134,132.1010058,137.1174935,139.0035933,143.270162,137.6065889,135.7812555,132.2497758,137.1590919,143.3911562,146.9445273,137.5553346,135.6330527,137.0052129,138.7544096,142.7784762,145.9995216,134.4097121,130.579722,
0.0,0.0,0.0,0.0,0.0,0.0,0.0,0.0,0.0,0.0,0.0,0.0,0.0,0.0,0.0,0.0,0.0,0.0,0.0,0.0,0.0,0.0,0.0,0.0,0.0,0.0,0.0,0.0,0.0,0.0,7.20797015208004,7.442910771453642,7.688706720181183,7.657327244044251,7.171128375853691,7.005656912943291,6.646283896186109,5.673911102035374,5.959116296125564,6.06650296816771,6.256957652644647,6.571739021644776,6.674132816619621,6.8014369218386195,7.023925414789276,6.487972266499599,6.081168434783397,6.322950473599556,6.6047237413544035,7.134456840029825,7.4641013219693555,7.808976884131184,8.16978727196669,8.54726874718041,8.942191590129394,9.355361671640281,9.787622097451504,10.239854928636202,10.712982981516522,11.20797171074191,124.2797917479492,122.11393282857708,125.36916417985108,127.53811595598964,136.0973541241819,127.1957218870941,125.53255610385317,124.46700919800587,129.72577850391772,134.40799183187778,137.55213154740312,128.21936697840542,123.8533860834331,127.27279127821674,129.02236328526885,134.25645563356147,128.80891966528074,126.55568622646781,124.06979315871632,126.98044646004446,133.39918767810866,136.21478881595075,126.67005832811935,124.18633335290998,125.0222481099655,126.44704462845938,130.47378790265316,132.85768857147372,120.8234300185989,117.8163836893793,131.4877619,129.5568436,133.0578709,135.1954432,143.2684825,134.2013788,132.17884,130.1409203,135.6848948,140.4744948,143.8090892,134.791106,130.5275189,134.0742282,136.0462887,140.7444279,134.8900881,132.8786367,130.6745169,134.1149033,140.863289,144.0237657,134.8398456,132.7336021,133.9644397,135.8024063,140.26141,143.0975435,131.536413,129.0243554,
0.0,0.0,0.0,0.0,0.0,0.0,0.0,0.0,0.0,0.0,0.0,0.0,0.0,0.0,0.0,0.0,0.0,0.0,0.0,0.0,0.0,0.0,0.0,0.0,0.0,0.0,0.0,0.0,0.0,0.0,7.30046315657004,7.538418544776492,7.787368558422397,7.7555864194045165,7.263148624976782,7.095553824644192,6.731569316808219,5.746718990242983,6.035583950500482,6.144348613257045,6.337247221004304,6.656067879008412,6.759775595869521,6.888713273221476,7.1140567487460435,6.571226225008734,6.159202267814816,6.404086864872753,6.689475860158339,7.22600651831868,7.5598810134109895,7.909182034647495,8.274622357973575,8.65694769283782,9.056938203870242,9.475410102868995,9.913217314344122,10.37125321801702,10.85045247183132,11.351792919194931,122.2697604434592,121.17840465525423,124.03265034160988,126.15936098062937,135.54528807505883,124.92041447539322,123.51965408323106,123.55039380979831,128.36417914954288,133.76402278678847,137.01006027904353,125.94002412104183,122.92142920418323,125.93820762683393,127.64367735131215,133.60599047505235,126.53425993224937,124.53672783519467,123.13777383991244,125.64121108175566,132.73571768666704,135.65211256543444,124.3694156421125,122.14094750725259,123.6612155962247,125.04075159723067,129.78292808576055,132.26679338209289,118.76771272828412,116.83599458092631,129.5702236,128.7168232,131.8200189,133.9149474,142.8084367,132.0159683,130.2512234,129.2971128,134.3997631,139.9083714,143.3473075,132.596092,129.6812048,132.8269209,134.7577341,140.1772167,132.6934622,130.9408147,129.8272497,132.8672176,140.2955987,143.5612946,132.644038,130.7978952,132.7181538,134.5161617,139.6961454,142.6380466,129.6181652,128.1877875,
0.0,0.0,0.0,0.0,0.0,0.0,0.0,0.0,0.0,0.0,0.0,0.0,0.0,0.0,0.0,0.0,0.0,0.0,0.0,0.0,0.0,0.0,0.0,0.0,0.0,0.0,0.0,0.0,0.0,0.0,7.314455094868039,7.552866544154187,7.802293690984043,7.770450638881804,7.277069046904863,7.10915303734828,6.744470923255575,5.757733050009185,6.047151643729889,6.156124762911429,6.349393076711508,6.66882478073821,6.772731261971418,6.901916058990592,7.127691423826533,6.583820520728146,6.171006885720272,6.41636082425678,6.702296791032712,7.23985575434342,7.574370147375684,7.924340632758745,8.290481352531724,8.673539445356724,9.074296571113463,9.493570505937157,9.932216810954435,10.391130578122429,10.871248256733624,11.373549564313274,122.17637990516121,122.80525875587652,125.19235910904821,127.1921751611521,137.78661435313072,124.9211256626891,123.42694667678367,125.18808125003203,129.4040828563134,135.68239923713404,139.26167102333622,125.94164051931193,124.5620727380813,127.10861104106475,128.6843145762316,135.52725767933293,126.53683921434387,124.44422557581056,124.78041430903802,126.81132714573084,134.6567233527023,137.90408986732317,124.36793514755433,122.04421505473367,124.82649422898147,126.07497309416252,131.6911532891502,134.49947192198746,118.66749904338182,118.44879423580792,129.490835,130.3581253,132.9946528,134.9626258,145.0636834,132.0302787,130.1714176,130.9458143,135.4512345,141.838524,145.6110641,132.6104653,131.334804,134.0105271,135.812006,142.1110782,132.7078461,130.8605864,131.4827111,134.0511829,142.2310935,145.8284305,132.6584165,130.7177545,133.9007908,135.5685436,141.6233701,144.8906025,129.5387473,129.8223438,
0.0,0.0,0.0,0.0,0.0,0.0,0.0,0.0,0.0,0.0,0.0,0.0,0.0,0.0,0.0,0.0,0.0,0.0,0.0,0.0,0.0,0.0,0.0,0.0,0.0,0.0,0.0,0.0,0.0,0.0,7.295951397744039,7.53375972715437,7.782555887216302,7.750793389876374,7.258659926902358,7.091168701822924,6.727409140032227,5.743167460762084,6.0318538996016935,6.140551344715125,6.333330739204628,6.651954362871761,6.755597987332588,6.884455979917793,7.109660190933689,6.567165141857913,6.155395819566676,6.400129075508517,6.685341697557131,7.2215407744355105,7.55520893176983,7.904294081501789,8.269508559074144,8.651597613079627,9.051340925998758,9.469554205202678,9.907090847467591,10.364843680397346,10.843746784307667,11.34477739828952,123.69512330228523,129.3263684728763,130.92824031281594,133.3161418101575,144.04119977313323,126.87102109821447,124.95213316000707,131.7339625392792,135.54578960044165,142.2822338553304,145.53744116084314,127.89891153717845,131.12992371272017,132.88587712013756,134.84507240912447,142.14082645820318,128.4942757804975,125.9765664245589,131.35546450251363,132.59119552563882,141.27836916830822,144.19318861858017,126.33001014101194,123.58061118701079,130.60453937409616,132.23070429489698,138.29055285263706,140.75449441971256,120.1957952158078,124.9528456018317,130.9910747,136.8601282,138.7107962,141.0669352,151.2998597,133.9621898,131.6795423,137.47713,141.5776435,148.4227852,151.8707719,134.5508659,137.8855217,139.7703331,141.9547326,148.7079916,134.6496716,132.3766955,138.0408062,139.8127363,148.8335781,152.0974827,134.5995187,132.2322088,139.6558803,141.7002585,148.1976437,151.1193381,131.039542,136.297623,
0.0,0.0,0.0,0.0,0.0,0.0,0.0,0.0,0.0,0.0,0.0,0.0,0.0,0.0,0.0,0.0,0.0,0.0,0.0,0.0,0.0,0.0,0.0,0.0,0.0,0.0,0.0,0.0,0.0,0.0,7.28202940764604,7.5193839559075135,7.767705368059547,7.736003479288583,7.244809095651162,7.077637474013409,6.714572031021101,5.732208462248935,6.020344035337959,6.128834066137335,6.321245602800646,6.639261235173448,6.742707088920794,6.871319197234158,7.096093678030529,6.554633807273483,6.143650215055691,6.3879164758408855,6.672584860807381,7.207760773216604,7.540792231575124,7.8892112639314345,8.253728846463893,8.635088805696615,9.034069336335435,9.451484589234832,9.888186332736165,10.345065690767314,10.823054961250428,11.323129518528171,127.4749114923832,141.86561234412318,142.95249823197264,145.51912802074528,155.9651250043844,131.86458982602397,128.7506291690182,144.32625503779227,147.78962096470534,154.71994933390812,157.50454189724707,132.91352616487674,143.76152241113192,145.0001547028212,147.1235410220276,154.60323359278752,133.51161588500847,129.7944805242265,144.00114003926336,144.70978752685767,153.75317576850287,156.1811333361504,131.34951995362218,127.39866759439377,142.71304246375945,144.49168941086484,150.7166067673685,152.6701364093426,123.98374663886497,137.44788338159302,134.7569409,149.3849963,150.7202036,153.2551315,163.2099341,138.9422273,135.4652012,150.0584635,153.809965,160.8487834,163.8257875,139.5527874,150.5042295,151.8714739,154.2196347,161.1578674,139.6552661,136.182397,150.6737249,151.9175483,161.293968,164.0703446,139.6032488,136.0337564,151.7471118,153.943174,160.6047931,163.0152021,134.8068016,148.7710129,
4.349534522788007,5.270233453362355,6.328600201806379,7.398602776981095,8.413368073806001,9.793909830622614,11.309697255890924,12.783405112774064,15.20656040057739,17.896932715335645,21.04133914388893,24.72314117991946,28.843002107741764,33.604037749728725,39.136873527420796,45.11689344889597,52.12064181114006,60.55640181650856,70.28088207381501,81.59059300392938,93.79045391887097,107.81450314847169,123.93550306523159,142.31318977335675,162.46839166684634,184.56985084151938,208.8018364658091,235.36549605691366,264.4803117655084,296.3856676663109,7.334846993688039,7.573923107954465,7.824045630321548,7.79211380328144,7.297356717522289,7.128972576542008,6.763273768700337,5.773784978453006,6.064010439480056,6.173287363769648,6.367094488437934,6.687416733031763,6.7916128941419505,6.921157844210905,7.147562646009144,6.602175490464979,6.188210976305149,6.434248934720765,6.720982059620969,7.260039678381391,7.595486660864007,7.9464328255882295,8.313594305542884,8.697720322330744,9.099594715013566,9.520037539596771,9.959906742417598,10.420099910851418,10.901556104908664,11.405257773459635,126.8445323835532,147.20216723871386,147.91623356790427,150.98578181977135,159.83661510870726,127.34283319287273,121.18402807544803,142.21066500881415,145.50754065998584,149.75222442094017,148.8013133677209,113.48911098709895,125.61081959816897,122.7816405061157,120.93788542662817,122.43738946070008,86.69722131261895,73.00361904883806,84.42516246663477,74.50574711776348,72.91759602034301,60.71185482602197,12.70296642931157,9.061943817334559e-11,9.519395918061867e-11,9.99195309231259e-11,1.0492122417179305e-10,1.1014196549607357e-10,1.1565558898991434e-10,1.2145384896755286e-10,138.5289139,160.0463238,162.0688794,166.1764984,175.5473399,144.2657156,139.2569991,160.7678551,166.7781115,173.8224445,176.209747,144.8996689,161.2454346,163.3068361,167.2223216,174.1564584,145.0060741,139.9942698,161.4270266,163.3563798,174.3035366,176.4727908,144.9520638,139.8414687,163.1731101,166.9225517,173.5587745,175.3378877,138.5801702,159.3885216,
14.239524787488023,17.253712897742073,20.71859850096328,24.2215775236726,27.54372050745992,32.063344035761446,37.025735413870464,41.85036652040832,49.783302701011635,58.591055131268384,68.88522639183374,80.93872569848493,94.42634408509001,110.01304300264026,128.12646451677657,147.70387939999858,170.63278084611872,198.2498081552268,230.08585335589666,267.1116335364986,307.05159055766137,352.96358311217705,405.7405818257434,465.9055314418456,531.8897179003096,604.245569798614,683.5763483311988,770.5405711031267,865.8567797212246,970.3086707966613,6.961514814089037,7.18842233003215,7.425814009271564,7.395507462022257,6.925932734035186,6.766119081085013,6.419033767584229,5.479908401014271,5.755361842388614,5.859076743044993,6.0430193897853135,6.347037735763239,6.445930476097698,6.56888179188813,6.78376294524493,6.266135138420625,5.873240767166425,6.106755780337451,6.3788946400029,6.890515073513997,7.208888332002383,7.541971888725218,7.890445426628154,8.255020033112363,8.636439651063768,9.035482596926466,9.452963148918052,9.88973320862775,10.346684039387913,10.824748084966023,120.05761829845218,139.0050480722565,137.5421759897974,139.01357831433904,144.40432885854045,109.82342828319094,98.55632101858461,116.85377167861863,115.70973735664303,113.1115986257321,104.62069611842873,62.02036006580204,63.79949973886506,50.37025410552704,36.794291038036704,23.932915261641867,6.436066144085709e-11,6.758156763342579e-11,7.096479551035218e-11,7.451700983960628e-11,7.824661726112624e-11,8.216309744491332e-11,8.627553279483147e-11,9.059335147526074e-11,9.51271634072075e-11,9.988776227599413e-11,1.0488667665577587e-10,1.10135180684605e-10,1.1564579220575829e-10,1.2143249906153455e-10,141.2586579,163.4471833,165.6865885,170.6306633,178.8739821,148.6528914,142.0010902,164.1840466,171.2484019,177.5617305,179.5489419,149.3061235,164.6717743,166.9521789,171.7045185,177.9029298,149.4157645,142.752889,164.857225,167.0028285,178.0531719,179.8169704,149.3601117,142.5970769,166.8154678,171.3967137,177.2923884,178.6605608,141.3109243,162.7754033,
23.532660644948034,28.51399723990043,34.240169867923555,40.02929680987204,45.51956875491309,52.98883253455113,61.18982758398328,69.16315592616066,82.27336134679398,96.82931402634351,113.84176651413446,133.76173666768742,156.0517745121688,181.8108150472845,211.74559222366992,244.09980822651252,281.9927902428168,327.6335079905438,380.2466997343361,441.4366013011464,507.4425578748306,583.3180773491989,670.5389094430143,769.9692881365646,879.0167100859551,998.5941351623218,1129.698530692938,1273.4181823867684,1430.9405733968733,1603.5608639673248,6.615751818186036,6.831389341232399,7.056990302444445,7.028189014158488,6.581937021105565,6.4300609577326515,6.100214601705187,5.207733508536265,5.4695057886023495,5.5680694002464355,5.742876023820859,6.031794453053357,6.125775410380201,6.242620007096808,6.446828490304666,5.954910108229132,5.5815299287142555,5.803446769260707,6.062069095537601,6.548278477204354,6.850838842290924,7.16737887773511,7.498544508138606,7.845011502768994,8.20748685451958,8.586710222583461,8.983455441785738,9.398532101653734,9.832787198447457,10.28710686352119,112.68376683689519,127.26177631889787,123.04757232966426,122.53571037600337,123.65847742401692,91.47460590775361,76.29283961435085,88.9693496653443,82.46431166464701,72.53269377345552,56.838550262092426,11.76304637930943,1.6479102775037053,5.5585122720051877e-11,5.836753339844104e-11,6.128983742957768e-11,6.435822163545565e-11,6.75802746721086e-11,7.096355448665667e-11,7.451594104163551e-11,7.824596072673749e-11,8.216249617204797e-11,8.627480619446451e-11,9.059277891811023e-11,9.512665886086016e-11,9.988721837481191e-11,1.0488580437538978e-10,1.101343311256616e-10,1.1564529130277685e-10,1.214317462359825e-10,142.8321793,162.6071629,164.3447325,169.5931962,175.7599832,150.8934994,143.5828818,163.3402391,170.2071788,174.9300772,176.4231928,151.5565775,163.8254602,165.6000732,170.6605221,175.2662195,151.6678711,144.3430551,164.0099577,165.6503125,175.4142349,176.6865552,151.6113795,144.1855073,165.4644693,170.3545888,174.6647271,175.5502774,142.8850279,161.9388354,
30.090622867032042,36.460133017795066,43.782046320375905,51.18445772500996,58.20473074165854,67.75549097563663,78.24189762935414,88.43719257535864,105.2008833867623,123.81321495262452,145.5666112037754,171.03777736117186,199.53948962353567,232.47692860900614,270.753777292354,312.12430171323086,360.57710729960735,418.93674821944273,486.2119167386118,564.4539089679511,648.8540699273457,745.8741933970438,857.40128352432,984.5404146210878,1123.9766176925687,1276.8772716250505,1444.5171735317176,1628.2878870497684,1829.7078170998707,2050.433052597967,6.843835361373038,7.066907167272226,7.300285909149832,7.270491672509532,6.808854771055121,6.651742654152485,6.31052457082061,5.38727445010174,5.658071547117803,5.760033221203,5.940866448430815,6.239745580670676,6.336966609621774,6.457839520935692,6.669088261347706,6.160210584149555,5.773957812578632,6.003525420668322,6.2710639666199555,6.774035820874702,7.08702720604688,7.414480222332667,7.757063063121315,8.115474795387632,8.490446786192598,8.882744195094824,9.293167535518247,9.722554308262103,10.17178071048652,10.641763423660802,106.88091747162419,119.1677947149634,113.09721737050653,109.33289060251438,107.27254088732194,76.07944007024832,60.01882349986452,69.60383937458086,57.536331766163194,42.18161522621795,21.42875004784152,5.040887612335969e-11,5.293303782920709e-11,5.558354024733466e-11,5.836681762393866e-11,6.128935021479621e-11,6.435798755088951e-11,6.758011859509745e-11,7.096336930886135e-11,7.451579130109655e-11,7.824580043666648e-11,8.216235447549293e-11,8.627472837555025e-11,9.059271496011121e-11,9.512656503806671e-11,9.98871238617895e-11,1.0488570915741642e-10,1.1013423307917364e-10,1.1564517477016272e-10,1.2143157989488343e-10,143.8153757,162.6948349,164.1795496,167.78784,172.2861264,150.4866737,144.5712457,163.4283064,168.3952867,171.7548634,172.9362277,151.1479641,163.9137891,165.4336285,168.8438041,172.0849043,151.2589576,145.3366517,164.0983861,165.4838174,172.230233,173.1943848,151.2026183,145.1780195,165.298161,168.5411275,171.4943297,172.0805653,143.8685881,162.0261471,
32.36478887969605,39.21568898261105,47.09097223216781,55.052837407585024,62.60368323306623,72.87626349766299,84.1552037493801,95.12103087604913,113.15167505224576,133.17067513575748,156.56813288184608,183.96433929627003,214.62013210446435,250.04689158741843,291.21659857855906,335.713792758975,387.82852731803086,450.5988284118893,522.9584680109231,607.1137735098935,697.8926650912958,802.2453010288893,922.201300021879,1058.9492548408266,1208.923660307164,1373.3801225731556,1553.6897843903153,1751.349379924951,1967.9920709400637,2205.399108969307,7.425015869307041,7.667030998447166,7.9202283315946564,7.887903959632596,7.3870647169905785,7.2166105929994275,6.846416169864531,5.844763377868971,6.138556643857643,6.249176933237575,6.445366571206183,6.769626607093495,6.875103674362899,7.006241148788514,7.235429194249567,6.683337475319857,6.264284005000468,6.513346561759992,6.8036045595712755,7.34928893133954,7.688859636820914,8.044120059375357,8.415795135570889,8.804643297355033,9.211458019694284,9.637069439721591,10.08234605069584,10.548196474229997,11.035571314404237,11.545465097547337,105.27543145102615,115.9140591189725,108.72786133626981,103.15815123281628,98.44326164997875,69.41251140937499,54.826055280794606,62.56491594612311,47.409993003939846,29.500292031050414,6.056076046995503,5.040831757404769e-11,5.29327476372807e-11,5.558340302193891e-11,5.836672493002011e-11,6.128927725794642e-11,6.43579547419589e-11,6.758009337815725e-11,7.096334429002471e-11,7.451578135753982e-11,7.824577750285023e-11,8.216234026380029e-11,8.627471949398021e-11,9.059270399707836e-11,9.512655745835871e-11,9.988711400554899e-11,1.0488570071878203e-10,1.1013424572868924e-10,1.1564512725410803e-10,1.214315672211301e-10,145.0652362,162.7967791,163.7390619,166.0988926,168.4340096,149.5053855,145.8276752,163.5307102,166.7002247,168.9201441,169.0695755,150.1623638,164.0164971,164.9897762,167.1442273,169.2447379,150.2726336,146.5997332,164.2012098,165.0398304,169.387668,169.3219604,150.2166616,146.4397223,164.8546721,166.8445975,168.6639104,168.2330446,145.118911,162.1276724,
32.79126284579605,39.73243792467662,47.71149454640285,55.77827399243482,63.42861804664146,73.83656109898288,85.2641250417253,96.3744499373636,114.64268566287463,134.92547805458602,158.6312463735853,186.38845526045188,217.4482024275468,253.34178376059623,295.0539879788608,340.137526008235,392.9389814855785,456.53641293274455,529.8495425298152,615.113770661895,707.0888645134494,812.8165652687595,934.3532361097315,1072.9031320092924,1224.8537647808803,1391.4772858209628,1574.1629055622466,1774.4270807825005,1993.9244935758775,2234.4598672004718,7.996439952342044,8.257080398341243,8.529763623029893,8.494951589770778,7.955568105606301,7.7719959501906235,7.3733116204335785,6.294572322730802,6.610975715158853,6.7301092654579024,6.941397522197225,7.290612386051674,7.4042068954257845,7.54543661913331,7.792262817970108,7.197682502410626,6.746378967009256,7.0146092057804745,7.3272052582386875,7.914885121633196,8.28058895361836,8.66318997244492,9.063468905297505,9.482242552521466,9.920365454367616,10.378731634748185,10.85827642556225,11.359978375313322,11.88486124591375,12.43399610175034,105.31569110189116,115.61465907701287,107.78330503059951,100.42876241782831,94.17913774778783,67.38574085086391,54.23385263788041,61.67272623994682,44.0446015220098,22.651471580001523,0.6154136042652706,5.040823673348029e-11,5.293272027569766e-11,5.5583390123166006e-11,5.836671593406857e-11,6.128926963069293e-11,6.435794652411512e-11,6.758008843741593e-11,7.096335226218185e-11,7.45157772442813e-11,7.824577986951524e-11,8.216235735344743e-11,8.627471495856109e-11,9.059270038052867e-11,9.512657650895189e-11,9.988713661056483e-11,1.0488573604678843e-10,1.1013426349002439e-10,1.1564510618380735e-10,1.2143157317235966e-10,146.1033939,163.6041774,164.0245632,164.701988,165.5633239,148.9942979,146.8712893,164.3417485,165.2982629,164.3070589,166.1880575,149.6490303,164.8299447,165.2774583,165.7385315,164.6227883,149.7589231,147.6488725,165.0155734,165.3275998,164.761815,166.436141,149.7031425,147.4877165,165.1421186,165.4414215,164.0578227,165.365784,146.1574528,162.9317522,
29.523408591040045,35.77285219799792,42.95674596634872,50.2196204313844,57.10755989368947,66.47828638176513,76.76702216691572,86.77013375842877,103.21782563592663,121.47931101889976,142.8226513878747,167.81368095472993,195.77813022467024,228.09469187936125,265.6500142882574,306.2406960265653,353.7801565099872,411.0397064939262,477.04672459386126,553.8138395775335,636.6230405756226,731.8143152596475,841.239097370251,965.9816303469341,1102.7894330253173,1252.8078789655533,1417.2877350995707,1597.594333810916,1795.2174577829726,2011.7819783234738,8.461980397294045,8.737794929502373,9.026353352467892,8.989514616132192,8.41872905445394,8.224469610266967,7.8025744915367445,6.6610326497477494,6.995856561428513,7.121925883939381,7.345515018274459,7.715060634822803,7.835268441958581,7.984720343135969,8.245916383942083,7.616720516172498,7.139142782511484,7.422988973562887,7.753783887791958,8.375677569676265,8.76267211673935,9.167547578893839,9.591130136061206,10.03428414144764,10.497913885324085,10.982965440300985,11.490428591863148,12.021338858104109,12.57677960278142,13.157884246004452,109.57549691169515,121.06920947253043,112.83474958121563,104.74130205251728,98.37678075189217,74.10550610800532,63.766844941586804,72.89516809186469,54.33030890268812,35.27097359720633,14.35337219389859,5.0408884450423236e-11,5.2933205257543414e-11,5.558359219592947e-11,5.836683541741757e-11,6.128936111340247e-11,6.435800583602987e-11,6.758013992165952e-11,7.09634085357996e-11,7.451582112376569e-11,7.824582234101032e-11,8.216239763814407e-11,8.627474563098115e-11,9.059273181556419e-11,9.512661724849362e-11,9.988718178766372e-11,1.048857799893273e-10,1.1013429443042422e-10,1.1564514010098608e-10,1.2143161715568292e-10,147.5608859,165.5798566,164.8178489,163.9504371,163.9030697,148.8082621,148.3364416,166.3263345,164.5439911,163.8722105,164.5215386,149.4621769,166.8204262,166.0768034,164.9822506,164.1871043,149.5719325,149.1217818,167.0082966,166.1271874,164.3257631,164.7671343,149.5162216,148.9590182,165.9408092,164.6864964,163.623634,163.7075108,147.6154841,164.8993112,
23.808763352920035,28.848544700207803,34.64190105185513,40.49895034434364,46.05363825043557,53.610536997799116,61.90775223139897,69.9746296023088,83.23865372084965,97.96538768231935,115.17744293802478,135.33112902302716,157.88269019895475,183.94395498970442,214.22994927518081,246.9637690460578,285.3013397599891,331.47754841348575,384.70803732289323,446.61586440514094,513.3962520398615,590.161999640651,678.4061715214973,779.0031414996529,889.3299890504173,1010.3103855703463,1142.952995550199,1288.3588732777173,1447.7294343430622,1622.375034775263,7.801789999976042,8.05608591632195,8.322131465118204,8.288166829032836,7.761913058856753,7.582809430875828,7.193829905539099,6.1413493622526145,6.45005083912429,6.5662844314383975,6.77242949328663,7.11314374223996,7.223973125386589,7.36176502436759,7.6025829610111355,7.022475964927719,6.582158094671343,6.843859052473642,7.148845867935962,7.7222203831883025,8.07902222455011,8.452309940140028,8.842845252621894,9.251425079724637,9.67888316041499,10.12609175620679,10.593963431078556,11.08345291363135,11.595559045286821,12.131326818500625,118.92231334713317,131.58471428350094,122.4554082830589,115.44515152665737,109.70925859074325,88.89263457136245,82.22246056310121,93.13296063547979,75.13813844006934,59.23182628628772,42.19197896873637,8.30123783478303,4.645049875711364,5.558492861152527e-11,5.836734569127534e-11,6.128968567655063e-11,6.435821214750084e-11,6.75803046894873e-11,7.096356980513487e-11,7.451595618317393e-11,7.824593258857167e-11,8.216247698103817e-11,8.627483347103573e-11,9.05928053310867e-11,9.512667053455045e-11,9.988722802650317e-11,1.0488581920612747e-10,1.1013436270097349e-10,1.1564527205685241e-10,1.2143178044688206e-10,150.5328667,168.4893449,165.4194408,164.2322687,163.5248099,150.085981,151.3240427,169.2489396,164.826843,163.7634984,164.1418514,150.7455106,169.7517132,166.6829907,165.2658559,164.0781833,150.8562086,152.1252002,169.9428848,166.7335586,164.2167501,164.3868804,150.8000193,151.9591584,166.5465,164.9695933,163.5150868,163.3297022,150.5885646,167.7968413,
16.056667914560023,19.455504479730422,23.362553227715875,27.3125565964193,31.058646964703886,36.15503151234943,41.75068667707692,47.191001620452255,56.13628060555355,66.0680134377164,77.67585090794876,91.26752889325176,106.47633765787599,124.05209612863928,144.47701889744474,166.55275907113875,192.40767780336512,223.54898644305533,259.4477129194643,301.1984500760728,346.23524982757226,398.0061922393139,457.51820226197344,525.3609589901218,599.7655606455728,681.3549326888734,770.8093200586311,868.8712755196458,976.3510356588681,1094.1323066686814,8.206600218576044,8.474090746092644,8.753940557342272,8.718213603665884,8.164654189048628,7.976257440028141,7.5670949968375645,6.460004565461121,6.784723586041991,6.9069881720015935,7.123829449404249,7.482222283605242,7.5988022530684765,7.743743738073707,7.997056956130335,7.386850041964448,6.92368546943686,7.198965262600801,7.519776879735276,8.122901985923757,8.498217146844153,8.890873581888084,9.301672537100307,9.731452279751347,10.181089808887137,10.651502644913913,11.143650701870069,11.658538246205504,12.197215946065516,12.76078301526065,130.37744616689318,143.64662097420762,134.6590781149741,129.2981910999487,124.5243753462831,108.52239614765983,106.1356988261248,118.69872111412786,103.00650180844778,91.17206589032749,79.56587864269481,54.57474692319324,58.78657218910829,36.25364063334234,13.895374646483061,6.129543967861739e-11,6.435949526273632e-11,6.758122233291719e-11,7.096491193546752e-11,7.451673570387969e-11,7.824656158975328e-11,8.216306171119073e-11,8.627520833676039e-11,9.059321860065516e-11,9.512733402161229e-11,9.988785446445643e-11,1.0488640584930409e-10,1.1013489999975364e-10,1.1564582842902961e-10,1.2143237111334754e-10,154.6407143,171.5762162,166.7755719,165.3289613,163.7476765,152.6536851,155.4534805,172.3497273,165.927506,164.1470675,164.365559,153.3244981,172.8617121,168.0494805,166.3694505,164.4624894,153.4370899,156.2765005,173.0563861,168.100463,164.6013808,164.6109219,153.3799393,156.1059276,167.9118709,166.0712095,163.898074,163.5523029,154.6979321,170.8710253,
6.788366533676011,8.225311515985515,9.87711618102532,11.547081009263382,13.130836407550571,15.285463163865879,17.651169327582615,19.951201444506335,23.73304664551427,27.931940409651325,32.8394502261695,38.585679298283935,45.01559171748728,52.44619258945976,61.081350451256725,70.414433541637,81.34526090798025,94.51104465025062,109.68814831277732,127.3393389818714,146.3797965564917,168.26728496659032,193.42750745729026,222.10976592936535,253.56621196891703,288.0602032272247,325.87933062916255,367.3375273248012,412.77734152903076,462.572382609243,8.848055839895048,9.136454331483874,9.438178150211629,9.399658657035577,8.802831166871453,8.599708690938636,8.15856472772432,6.964940364926746,7.315040522099273,7.446861721499664,7.680652046329911,8.06705807625333,8.192750330311117,8.349020931861892,8.6221339675469,7.964231217732356,7.464864136159533,7.761660728735834,8.107548066596847,8.757815470377395,9.162466533294538,9.585814322955192,10.028722713504159,10.492095494016176,10.97687821274793,11.484060106602938,12.0146761197465,12.56980901548988,13.150591585753137,13.758208962614923,144.52688372645818,157.66016525256126,150.39482286879533,148.1011736337349,146.41651142561352,133.30697094523285,135.1953640447323,148.89483469060818,138.61183463242975,133.8285059688945,128.46532632754835,111.23016202551293,123.12490125225425,110.2112276787337,100.40832308125447,91.15378894069167,69.18871355592437,59.58480482108091,58.73613052069661,34.96116624782548,14.133363710291793,8.218303576057467e-11,8.628063777776002e-11,9.060002904958485e-11,9.513169131668686e-11,9.989334477361632e-11,1.0489146107824446e-10,1.1013867275643298e-10,1.1565463471591294e-10,1.214452794451616e-10,160.1633061,175.0219311,169.7101172,169.0479133,168.350179,157.1921428,161.0050981,175.8109765,169.6599218,169.2073081,168.9854286,157.8828994,176.3332433,171.0064412,170.1118075,169.5324537,157.9988386,161.8575102,176.5318269,171.0583207,169.6756268,169.2376879,157.9399889,161.6808457,170.8664102,169.8068578,168.9506388,168.1493141,160.2225673,174.3025781,
0.5043328577560008,0.6110888152858696,0.7338074933421506,0.8578753570909919,0.975538403428023,1.1356135944212242,1.3113706553046414,1.4822485483447767,1.7632158161482008,2.0751671642340495,2.4397642197925644,2.8666728310002108,3.3443748067863632,3.8964216289512206,4.537959445156316,5.231348707992243,6.043440302628064,7.021575072811294,8.149138239091329,9.460510479935794,10.875096497640131,12.501198966357126,14.370444954705391,16.501356022980403,18.838371746464567,21.40105793914609,24.210780794539552,27.290863567500754,30.66675543188878,34.36621320946722,9.697689595312053,10.013781525764632,10.344478346679889,10.302260022683132,9.64812222718415,9.425494934016992,8.94199016195071,7.633748128529014,8.017466621378105,8.161945939433798,8.41818595889301,8.841696592614174,8.979458433909468,9.150734905728171,9.450073595767225,8.728995794377653,8.18167703432024,8.506973492642027,8.886074630589267,9.598783902537983,10.042291546882833,10.506291269452303,10.991729897827197,11.499598007345762,12.030931942449838,12.586815931426415,13.168384298859925,13.776823780309885,14.413375943937208,15.079339724020365,157.91031464696113,170.31186495898018,165.1759285600102,165.48702022025975,166.43262946942338,153.92527637159907,158.74254718278388,172.63644952316744,167.50599346251704,167.47845529637766,166.86644092136223,153.50082547643572,169.96852955935682,164.55336866537593,163.77084225913455,164.09671879769118,151.1053967631158,154.362077334614,165.46244463039008,158.59511081760047,157.29004745555497,154.9822055642724,139.90675864755335,141.7042394697641,146.58579091118037,143.45234332952705,140.06682790670504,135.77735015229916,123.09440812428942,130.74751906663352,168.1123371,180.9367353,176.2542144,176.6471556,177.0562901,164.4863849,168.995908,181.7524462,177.2866759,177.7155684,177.7243911,165.2091949,182.2923628,177.6005252,177.7588753,178.0570633,165.3305141,169.8906259,182.4976575,177.6544052,178.2074355,177.9896958,165.2689335,169.7051935,177.4550946,177.4402172,177.445993,176.8450375,168.1745395,180.193072,
0.0,0.0,0.0,0.0,0.0,0.0,0.0,0.0,0.0,0.0,0.0,0.0,0.0,0.0,0.0,0.0,0.0,0.0,0.0,0.0,0.0,0.0,0.0,0.0,0.0,0.0,0.0,0.0,0.0,0.0,10.034429473267053,10.361497292052315,10.703677137457133,10.659992836112842,9.983140941625937,9.752783200211931,9.252489342834547,7.898820276680953,8.295862903818024,8.445359081554667,8.71049670822556,9.148713207473792,9.291258652654186,9.468482481072618,9.778215324580938,9.032099018045422,8.465775313495527,8.802367275617254,9.19463221610429,9.93208940670875,10.39099728721923,10.871108807182663,11.373403671557584,11.898906852144954,12.448690679122944,13.023877029220216,13.625639614992773,14.255206379875842,14.91386200389805,15.602950525170701,164.98878102676215,175.34418910797834,171.8703119625751,173.43323576392098,173.7141656584096,160.85234229982538,166.6906143572046,178.64407662336018,176.46384319622516,177.17542511849072,175.6799699918221,162.2061100925763,177.8057855473984,174.5000908189826,175.4735944754771,176.94537058201553,163.01488018656855,168.07223502444995,178.11311758396633,174.09229579336545,175.74353351285868,173.79461369289916,160.0433805285284,164.78264014794536,171.36923742097184,171.89584247087936,171.7135777851118,169.222924020234,160.17410789621738,169.33947177495048,175.0232105,185.7056864,182.5739891,184.0932286,183.6973066,170.6051255,175.9431037,186.5428969,184.7597061,185.6207842,184.3904667,171.3548233,187.0970442,183.9685733,185.2518098,185.9774696,171.4806555,176.8746023,187.3077498,184.0243852,186.1345308,184.6657225,171.4167842,176.681547,183.8179281,184.9197195,185.3392174,183.4781304,175.0879699,184.9424223,
0.0,0.0,0.0,0.0,0.0,0.0,0.0,0.0,0.0,0.0,0.0,0.0,0.0,0.0,0.0,0.0,0.0,0.0,0.0,0.0,0.0,0.0,0.0,0.0,0.0,0.0,0.0,0.0,0.0,0.0,10.421670102991056,10.761359859919018,11.116744834640498,11.071374703881922,10.368402285597497,10.129154763545278,9.609553968100913,8.203645194347427,8.616010171137702,8.771275585098717,9.046645189759898,9.501772987610249,9.649819431935937,9.833882539767483,10.155568343998272,9.380658517197364,8.792479703838167,9.142061152180242,9.549464065680844,10.315380610914778,10.791998295167229,11.290637892668471,11.812316916362652,12.3580998929379,12.929100535075957,13.526484014069666,14.151469337445764,14.80533183644467,15.489405768433178,16.20508703956013,161.70691239703808,171.9920216401116,169.59332876539168,171.45339969615188,171.374220914438,157.93279893649205,163.42370813193827,175.37363710569377,174.56956342890555,176.19108251494666,173.38176231028777,159.29870291243984,174.47280036811665,172.25653776028778,173.51791625605978,175.9371196828636,160.13195259622591,164.80729394788702,174.78051163438985,171.83028188915944,174.6822840049107,171.41009650741336,157.04919618372332,161.40139270715235,169.01221256501884,169.8177395860299,170.5303206626588,166.72044736366513,156.7028651316822,165.797164560561,172.1285825,182.7533815,180.7100736,182.5247744,181.7426232,168.0619537,173.0332621,183.5772823,183.1855736,184.9623581,182.4284075,168.8004759,184.1226198,182.0904203,183.6734846,185.3177782,168.9244323,173.9493551,184.3299757,182.1456625,185.4742823,182.7007344,168.8615131,173.7594926,181.9413131,183.3442236,184.68179,181.5257792,172.1922709,182.0022516,
0.0,0.0,0.0,0.0,0.0,0.0,0.0,0.0,0.0,0.0,0.0,0.0,0.0,0.0,0.0,0.0,0.0,0.0,0.0,0.0,0.0,0.0,0.0,0.0,0.0,0.0,0.0,0.0,0.0,0.0,10.588766959747058,10.933903165285841,11.294986239412445,11.248888662269033,10.534645067645245,10.29156154728119,9.76362968216866,8.335179133953085,8.754155804529193,8.911910681539737,9.191695451422069,9.65412058489056,9.8045407462171,9.991555047711412,10.318398632434079,9.531064213888456,8.93345477857025,9.288641274915275,9.702576322479462,10.480773264807263,10.96503284485241,11.471667428624865,12.001710843461098,12.55624468424097,13.136400520466347,13.74336220531683,14.378368291394368,15.042714558086322,15.737756655704175,16.464912871793175,157.09405784028212,166.77323893474482,165.4527374606198,168.84968313776477,167.85475543239028,153.82275155275613,158.80050851787055,170.17311396608807,171.99643149551403,173.1275277185057,169.87083644862565,155.18136751515956,169.23403195383557,168.1062491523439,170.913614167624,172.85817768617255,156.02307812149382,160.167928925152,169.53762667759116,167.6710618352669,171.57823995522546,167.8581667714569,152.89338075662488,156.71536681584928,164.81556587962842,167.1637662947827,167.3849358087101,163.13384284202343,152.0071116444111,160.51183982832788,167.6828248,177.7071421,176.7477237,180.0985718,178.3894005,164.1143131,168.5641382,178.5082931,180.7505873,182.0394384,179.0625319,164.8354881,179.0385727,178.0978042,181.2320128,182.3892419,164.9565329,169.4565702,179.240203,178.1518351,182.5432728,179.3298342,164.8950916,169.2716115,177.9519664,180.9071285,181.7633041,178.1765574,167.7448683,176.9767527,
0.0,0.0,0.0,0.0,0.0,0.0,0.0,0.0,0.0,0.0,0.0,0.0,0.0,0.0,0.0,0.0,0.0,0.0,0.0,0.0,0.0,0.0,0.0,0.0,0.0,0.0,0.0,0.0,0.0,0.0,10.608692403999058,10.95447807063647,11.316240613929901,11.27005629253128,10.554468667863093,10.310927724349392,9.782002421852965,8.35086388249797,8.770628963691118,8.928680696418606,9.208991952137866,9.672287255499857,9.822990470419914,10.010356686641684,10.337815310268434,9.548999322799437,8.950265334118864,9.306120203727641,9.72083417481952,10.500495491597185,10.985666328571714,11.49325427350449,12.024295099139696,12.57987243565163,13.161119981876494,13.769223818713185,14.405424829413763,15.071021231702366,15.76737122688955,16.495895771387445,151.02635489603014,159.03140812939418,159.47062428610232,163.42878510750256,162.90324093217245,149.05844827568797,152.70257217818627,162.40136381754323,166.56067913635218,167.9869307036268,164.90323984790984,150.39741274455028,161.43647642963268,162.08105691341362,165.4604841897896,167.70656977726156,151.23697976594525,154.03869929633964,161.73150232525117,161.6431268084771,166.41959817150624,162.8788901265774,148.10328520094637,150.58665916443877,158.7893742182184,161.71393208138645,162.24182457069085,158.1797294684075,145.92748187322576,152.7913359287338,161.6350473,169.9858862,170.7868649,174.6988414,173.4577096,159.369376,162.4845746,170.7522277,175.3313081,176.9156114,174.1122318,160.0697,171.2594669,172.0914136,175.7982995,177.2555691,160.1872451,163.3448195,171.4523365,172.1436223,177.4052645,174.3721444,160.1275803,163.1665316,171.9504942,175.4831559,176.6472494,173.2507507,161.6948531,169.2872317,
0.0,0.0,0.0,0.0,0.0,0.0,0.0,0.0,0.0,0.0,0.0,0.0,0.0,0.0,0.0,0.0,0.0,0.0,0.0,0.0,0.0,0.0,0.0,0.0,0.0,0.0,0.0,0.0,0.0,0.0,10.107946630283056,10.437410708492191,10.782097531447587,10.73809317746357,10.05628233367754,9.824236878349105,9.320277622538763,7.9566909121833485,8.356642468546445,8.507233928680682,8.774314083781592,9.215741172258443,9.35933097535706,9.537853232555676,9.84985533094788,9.098272610023194,8.527799739960681,8.86685774005652,9.261996606091442,10.004856770150313,10.46712683510758,10.95075588779097,11.45673081095857,11.986084085857984,12.539895899084767,13.11929634678731,13.725467740716072,14.359647020822777,15.023128279332697,15.717265401440235,176.5874133697461,175.68013039153848,173.86585446858462,170.86153832257023,156.05091786635802,167.44751512168824,178.35632247750047,178.99991748785783,173.90043883149684,167.59816467136477,157.95967201626618,168.83500412779173,178.1526536246956,176.5205247674997,172.89266396911026,167.34552679003787,169.65369476010346,179.80336186001082,178.46116089397933,176.10996722992394,166.12568236497043,156.03212871229096,166.65839648912745,176.47820551423231,173.36612570101008,169.2956309533123,162.11279785938854,151.54936437928708,171.74130992078264,169.63531889868088,186.69536,186.1175411,184.647952,181.5996315,166.1072002,177.271752,187.6766001,186.9566084,182.2570813,176.1053986,166.7339861,178.0507453,187.5119846,186.058378,182.7425193,176.4437994,178.1814945,188.6702196,187.7231575,186.114824,176.5928092,166.9828846,178.1151273,188.4642896,185.9060216,182.4149273,175.8382656,165.9090114,186.7644382,185.3525843,
0.0,0.0,0.0,0.0,0.0,0.0,0.0,0.0,0.0,0.0,0.0,0.0,0.0,0.0,0.0,0.0,0.0,0.0,0.0,0.0,0.0,0.0,0.0,0.0,0.0,0.0,0.0,0.0,0.0,0.0,10.299735701269055,10.635451059960191,10.986678001099202,10.941838704621066,10.247091121742434,10.010642815475844,9.49712139229146,8.107661867411638,8.515202139884936,8.668650935667447,8.940798693190409,9.39060145818235,9.536915746871031,9.7188253011252,10.036747354854034,9.270904037085336,8.689606964464787,9.035098280962785,9.437734546697092,10.194689805036589,10.665731022983243,11.158536495973218,11.674111831965098,12.213509102596761,12.777828990019504,13.36822303292573,13.985895976353337,14.632108230061807,15.308178440496444,16.015486181588756,164.23900119876015,162.87974434007046,161.625355798933,159.82157139541275,153.5619247782931,156.42196358456152,165.95896240774778,166.18978613262962,162.8664271601584,156.8855203643781,155.48633120685741,157.77336734186784,165.27830295318168,164.21169859893016,161.80135334520415,156.60139306297577,158.5971164355994,167.3499057191046,165.57435825337367,163.78860079503775,155.34664807709484,153.51404820410875,155.550302368121,163.97897389749366,161.0102695100754,158.16183336717398,151.31714742375132,148.9814609700481,159.295138559619,156.7865490185325,174.5387369,173.5151954,172.6120338,170.7634101,163.8090159,166.4326064,175.4560838,174.297448,171.3816293,165.5541713,164.4271299,167.1639688,174.8152187,173.9305239,171.8381007,165.8722971,167.2867234,176.385004,175.0120928,173.9832906,166.0123791,164.6725847,167.2244142,176.192483,173.7880985,171.5300564,165.3030434,163.6135692,174.603317,172.8020352,
0.0,0.0,0.0,0.0,0.0,0.0,0.0,0.0,0.0,0.0,0.0,0.0,0.0,0.0,0.0,0.0,0.0,0.0,0.0,0.0,0.0,0.0,0.0,0.0,0.0,0.0,0.0,0.0,0.0,0.0,10.414342429485057,10.75379334411543,11.10892844093462,11.063590210773725,10.361112065702136,10.122032763111038,9.602797308820715,8.19787705613645,8.609952091306491,8.765108335216157,9.04028432229623,9.495092111177463,9.64303446124599,9.826968150822557,10.14842777167567,9.374062798641125,8.786297544938378,9.135633195947406,9.542749656748391,10.308127671562454,10.784410236899907,11.282699231462125,11.804011452760646,12.349410678994735,12.920009839773666,13.516973287136294,14.14151917150209,14.79492192740194,15.47851487406103,16.193692936140167,154.01965947054413,153.1745667559152,151.7471187590976,149.62536068926013,148.60413283433343,147.6527499369263,155.6954426912185,156.46951554390475,152.6607452087368,144.7425315648293,150.5247971777515,148.9730074888727,155.51352173880667,154.27304854923278,151.55181072838246,144.42855440141992,149.79817095512578,157.0377481041199,155.7998031433223,153.84167322851184,143.1480959631781,148.52057906861975,146.72138924732536,153.64259552109556,151.0456312603212,147.89339441296335,139.13326602860252,143.98065557270795,149.0163284260544,147.06090946398103,164.4340019,163.9283601,162.8560472,160.6889509,158.9652449,157.7747827,165.29824,164.6673926,161.2706973,153.5076399,159.5650815,158.4680996,165.1565562,164.1000167,161.7002385,153.8026172,158.5844685,166.1733813,165.3425528,164.1498009,153.9325062,159.8032783,158.5254007,165.9920062,163.9656411,161.4103677,153.2747852,158.7755775,164.4948433,163.2546024,
0.0,0.0,0.0,0.0,0.0,0.0,0.0,0.0,0.0,0.0,0.0,0.0,0.0,0.0,0.0,0.0,0.0,0.0,0.0,0.0,0.0,0.0,0.0,0.0,0.0,0.0,0.0,0.0,0.0,0.0,10.592466220267058,10.937723001576751,11.298932222625433,11.252818540967885,10.538325420300007,10.295156976991349,9.767040675153247,8.338091087650298,8.757214130685272,8.915024120476236,9.19490663514389,9.657493320098613,9.807966031770846,9.995045668032164,10.32200343786947,9.53439395848422,8.9365757440892,9.291886327345209,9.705965986041658,10.484434796967236,10.968863556516729,11.475675136659106,12.005903725905716,12.56063129699923,13.140989814763314,13.748163545965033,14.38339147590344,15.047969836655573,15.743254752138927,16.47066500538752,149.42631207976214,147.25117689845393,146.5689997774068,143.54626005906596,133.7381685797356,142.36057242304602,151.09277002488597,150.56396641239093,146.60228756935803,138.92522827956924,135.62599766490388,143.66905807995155,149.56612836828182,149.0787542320232,145.45129506218865,138.58994544157684,144.50256895597494,152.41956717272205,149.84761291402899,148.63762460310699,137.2805694435613,133.5614159634228,141.3760895741803,148.97431720309115,145.8025503853316,141.74588915413455,133.2326031242012,129.05638236345433,144.3347312479764,141.06806689473362,160.0187783,158.1888999,157.867932,154.7990786,144.276494,152.6557294,160.8598107,158.9020575,155.3595017,147.8402524,144.8209043,153.3265514,159.3740944,159.0737999,155.7732985,148.1243394,153.4391447,161.7114535,159.5535789,159.1220594,148.249433,145.0370911,153.3819933,161.5349485,158.9435402,155.4940527,147.6159946,144.1043522,160.077986,157.5387319,
0.0,0.0,0.0,0.0,0.0,0.0,0.0,0.0,0.0,0.0,0.0,0.0,0.0,0.0,0.0,0.0,0.0,0.0,0.0,0.0,0.0,0.0,0.0,0.0,0.0,0.0,0.0,0.0,0.0,0.0,10.103701374099055,10.433027080048562,10.777569137314128,10.733583264804412,10.052058776082053,9.820110777976161,9.316363180994806,7.953349166076585,8.353132746006874,8.50366095894059,8.77062894252719,9.211870635181757,9.35540013171942,9.533847411007677,9.845718471031153,9.094451408796656,8.524218132745471,8.863133731211752,9.258106642105046,10.000654810877371,10.462730726130081,10.946156658506078,11.451919076280634,11.981050027067548,12.534629243792699,13.113786347973202,13.719703154798095,14.353616084714291,15.016818686438747,15.710664276544982,146.09424942593014,144.54666851998215,144.2435072627181,140.50583943522943,130.39889882395352,140.4805270220612,147.70253841904443,147.72503603396464,143.43382595403645,135.38808594110486,132.2103037575206,141.74924006486842,146.78544576833326,146.6713512890477,142.34552172902698,135.07379509126443,142.54774886731866,148.9870757688556,147.05858245796566,146.25193308919694,133.82726837394793,130.24523064157586,139.5637782238054,145.69686887302285,143.54265875630222,138.80462935212643,129.95377534530652,125.92976421539561,141.23892611367665,138.63205332357617,156.1979508,154.9796956,155.0210764,151.2394227,140.4509576,150.3006378,157.0189016,155.6783852,151.7869587,143.8917469,140.9809327,150.9611107,156.1408459,156.2051987,152.1912402,144.1682465,151.071967,157.8502095,156.3166891,156.2525879,144.2899991,141.1913873,151.0156973,157.6779189,156.077288,151.9184157,143.6734785,140.2833803,156.2557448,154.3427176,
0.0,0.0,0.0,0.0,0.0,0.0,0.0,0.0,0.0,0.0,0.0,0.0,0.0,0.0,0.0,0.0,0.0,0.0,0.0,0.0,0.0,0.0,0.0,0.0,0.0,0.0,0.0,0.0,0.0,0.0,10.139270983096054,10.469756064818814,10.815511066312062,10.771370343591654,10.087446579723666,9.854682019518917,9.349161002639805,7.9813485605142676,8.382539559873837,8.533597700353786,8.801505532263226,9.244300595697448,9.388335381127009,9.567410875731204,9.880379863261815,9.126468000407566,8.554227244729338,8.894335979737772,9.290699374324587,10.035861649259271,10.49956428119965,10.984692092001874,11.492235022756725,12.023228754353447,12.578756820867277,13.15995282059514,13.768002729251284,14.404147320043075,15.069684695565337,15.765972936679415,145.55792141693317,143.54350823521187,143.01869573372016,138.81382335644219,128.4333634203119,140.07183968051845,147.1663502973994,146.72624843952693,141.74420124016945,133.22903289969165,130.24199636778454,141.34105000435272,145.77883841892563,145.4418524243241,140.6462204367963,132.90857099965345,142.14170375533473,148.44981802032953,146.05122112574608,145.020427950815,131.65542571887832,128.26637220808004,139.14756627732928,145.14918704573688,142.30357497922756,137.0968070795045,127.77958917085336,123.95138818006684,140.68511640455006,137.6142854634418,155.6971924,154.0132643,153.8342068,149.5851937,138.52081,149.9265217,156.5155113,154.707597,150.1267408,141.7626306,139.0435019,150.5853506,155.1671738,155.0092633,150.5266003,142.035039,150.695931,157.344154,155.3419205,155.0562896,142.15499,139.2510643,150.6398013,157.1724158,154.8823318,150.2567599,141.5475919,138.3555355,155.7548011,153.3802584,
0.0,0.0,0.0,0.0,0.0,0.0,0.0,0.0,0.0,0.0,0.0,0.0,0.0,0.0,0.0,0.0,0.0,0.0,0.0,0.0,0.0,0.0,0.0,0.0,0.0,0.0,0.0,0.0,0.0,0.0,10.108999350693054,10.438497741861308,10.783220463191206,10.739211526250505,10.057329673364679,9.825260051012435,9.321248308954015,7.9575195840418065,8.35751279447984,8.508119938383437,8.775227909295081,9.216700971432317,9.360305729093113,9.538846578992173,9.850881171716702,9.099220175104675,8.528687891547449,8.867781203788269,9.262961222667014,10.005898753978117,10.468216963345926,10.951896384931455,11.457924004274453,11.987332410153183,12.541201901662252,13.120662692647082,13.7268972179933,14.361142546477208,15.024692905100933,15.718902320063043,147.74593254933615,145.65442885816938,144.74971893684105,140.46140827378338,142.84553402667092,142.51359504902493,149.36334319108525,148.83911531599944,143.3905026055635,146.86608616166205,144.7045966907527,143.79158362861787,147.9021117709596,147.1821250210632,142.30131192834145,146.5735500249564,144.5919564085167,150.65693689627906,148.1765625774037,146.76261844609616,145.33602163673203,142.75704101515046,141.6056874958116,147.36326738993714,144.05143659843262,138.75877590745253,141.41162288211132,138.35928695363265,142.88864609501445,139.7324708800581,157.8549319,156.0929266,155.5329394,151.2006198,152.9028637,152.3388551,158.6845915,156.7966349,151.7480154,155.3742061,153.4798246,153.0082846,157.2624175,156.7209716,152.1521931,155.6727702,153.1206443,159.5247181,157.4395238,156.7685172,155.8042386,153.7089374,153.0636115,159.3505998,156.5926385,151.8794386,155.1385201,152.7204295,157.913339,155.4513732,
0.0,0.0,0.0,0.0,0.0,0.0,0.0,0.0,0.0,0.0,0.0,0.0,0.0,0.0,0.0,0.0,0.0,0.0,0.0,0.0,0.0,0.0,0.0,0.0,0.0,0.0,0.0,0.0,0.0,0.0,10.046189714244054,10.373640852915612,10.71622172933571,10.672486230470716,9.994841073007962,9.764213354854654,9.263333158579005,7.908077607168478,8.305585563897601,8.455256949510288,8.720705314563471,9.15943539872901,9.302147905603341,9.479579438399448,9.7896752853937,9.042684538753234,8.47569710905043,8.81268355324969,9.205408223932574,9.94372970625335,10.403175421752401,10.883849627136629,11.386733175568008,11.912852240103174,12.463280407679475,13.03914086985276,13.641608714757238,14.271913324964332,14.93134088613354,15.621237011574046,155.37915098578515,153.21014774711506,151.71361287069652,147.00209176956318,129.98789222702766,150.41676974518273,157.03145604146013,156.41319009287267,149.93982573614574,135.87954305053526,131.79023628548435,151.72543820132114,155.50725519444924,154.19096896165587,148.8772194146645,135.5694664613079,152.5273201910137,158.36252294681753,155.78960047613805,153.7764726938209,134.33110297832567,129.8368449729454,149.55631542451806,155.07988565998713,151.07324419241547,145.34332083024694,130.47425078534746,125.54380117514567,150.55520801398188,147.29021018854715,165.4253407,163.5837886,162.4298346,157.674578,139.9827333,160.1809831,166.2947892,164.3212677,158.2454113,144.3348,140.5109416,160.8848736,164.8094031,163.6705484,158.6668947,144.612151,161.0030173,167.1752065,164.9950087,163.7202024,144.7342784,140.7206946,160.9430486,166.9927379,163.5365246,158.3824617,144.1158595,139.8157145,165.4865489,162.9114472,
0.0,0.0,0.0,0.0,0.0,0.0,0.0,0.0,0.0,0.0,0.0,0.0,0.0,0.0,0.0,0.0,0.0,0.0,0.0,0.0,0.0,0.0,0.0,0.0,0.0,0.0,0.0,0.0,0.0,0.0,10.064830909544055,10.392889649784049,10.736106201739354,10.692289549521787,10.013386988398175,9.782331329258486,9.280521725334141,7.922751431107296,8.320996983249753,8.47094609142287,8.736887008872115,9.17643117812021,9.31940849501586,9.49716926068028,9.807840505652269,9.059463681225946,8.491424178676583,8.829035917669039,9.222489308144556,9.96218078200816,10.422479021454693,10.904045141285403,11.407861814683175,11.934957118818827,12.48640663272267,13.063335632087293,13.66692138548029,14.298395556652446,14.959046717843513,15.650222979213845,168.91559249048512,165.9502386502466,164.04165869829282,158.91724465051203,148.2505437116374,164.81336607077887,170.64059337470505,169.21537856893383,161.9025790167935,140.89948040862257,150.12423389117558,166.1864999219299,168.34493080503674,166.615628639375,160.86912249440581,140.5979902188351,167.00028242138745,172.0446385823982,168.6419326919261,166.204045818066,139.3613631786233,148.1942216587964,164.01847948540274,168.74129718127142,163.4821788673721,157.30766456801226,135.47692621462434,143.77670444345745,164.08760028227178,159.96812212090725,178.9804234,176.3431283,174.7777649,169.6095342,158.2639307,174.5956974,179.9211151,177.13813,170.223576,149.3704265,158.8611209,175.3629311,177.6643393,176.1127979,170.676963,149.6574539,175.4917066,180.8736745,177.864422,176.1662266,149.7838422,159.0982668,175.4263413,180.6762543,175.9685855,170.3710002,149.1438476,158.0751,179.046647,175.6183451,
1.6262624712880025,1.970505771416658,2.3662221670070456,2.7662891220045127,3.1457032203972686,3.661878741569535,4.228621732399744,4.779631448206092,5.685633340135366,6.691545928335516,7.8672188980387565,9.243820565766235,10.78420958411769,12.56432962879433,14.633020689393767,16.86891097257194,19.487566614960432,22.641642031915506,26.27756151074323,30.50618835584557,35.06763645033855,40.31113660836837,46.33867289458661,53.209969592182446,60.74586757595218,69.00945841036535,78.06963913064916,88.00161747609118,98.88745638535549,110.81665999616018,9.983445978992053,10.308852013187469,10.64929329196668,10.605830944280386,9.932418037010395,9.703230710179687,9.205478774002843,7.858687505861418,8.253712816462308,8.402449425601446,8.666239926089682,9.102229910273936,9.244051102530173,9.42037448214226,9.728533617579195,8.986208220785393,8.422761925601485,8.757643712329628,9.147915611019831,9.881625887606367,10.338202123117888,10.815874265437118,11.315617041782478,11.838450216220483,12.385440670573761,12.957704581476522,13.556409698019923,14.182777724635045,14.838086814075892,15.52367417558925,181.0397913497491,177.27370381542653,174.09182604105845,168.6298362337489,137.5429153426279,175.5021977482881,180.2279333936366,177.7692981459737,168.7215165434456,141.21964744610852,134.6559284759193,171.35120482400995,170.9449843134048,166.5518493891188,158.7858218930852,130.75889290670366,161.92622845950223,163.28805635582228,155.76283877830772,148.2059370566224,111.34043672662156,100.2880700262764,132.11155876371697,129.42642469168743,115.25085955356893,100.85189540825773,64.45048287143557,48.25692969938369,78.99523780068401,62.43365042837177,192.6494998,189.5530616,187.1073415,182.0019563,150.6210366,188.8673072,193.6620339,190.4076171,182.6608627,156.3136428,151.1893873,189.6972553,190.973245,188.5365535,183.1473762,156.6140121,189.836557,194.6873421,191.1883159,188.5937513,156.7462753,151.4150809,189.7658487,194.4748445,188.3821678,182.8190584,156.0765317,150.4413249,192.720781,188.7739846,
12.090476791120018,14.649759627799948,17.59172009311278,20.566024868442206,23.386785620061957,27.224301561713634,31.437762241117763,35.53425361213366,42.269940526439775,49.74841525991688,58.4889765193096,68.72334569902405,80.17539480209666,93.40972841401639,108.78944829180821,125.41221371468997,144.88065489636355,168.32968375818996,195.3609907269423,226.79879097853694,260.71095663079296,299.6938502806007,344.50567424062706,395.5904497390033,451.6162151253587,513.0520257394074,580.410097794767,654.2495645447855,735.180524342494,823.8683972654601,9.368884341387052,9.674259009090125,9.993743380781828,9.952956491211344,9.320997580882594,9.105918582898637,8.638807293815152,7.3749218929466895,7.745630208965832,7.885210879937257,8.13276294709237,8.541914230569127,8.675005184354248,8.840474437530384,9.129663892226265,8.433034612028813,7.904272981699038,8.218540092924473,8.58478760788235,9.27333209802045,9.70180238298364,10.150069951507437,10.61904952848673,11.109698103283192,11.623016882536607,12.160053333205026,12.72190332000268,13.309713341597288,13.92468287012984,14.568066798830566,172.1957266675221,168.79505216314055,163.04781882613756,154.28495304038023,134.12117779909102,157.040790855425,154.59633756510624,151.0805272949608,135.4574141646376,111.68034296019133,100.83673083364576,116.95549007045693,105.71557171360173,89.83922424850851,68.04787621602351,35.79407127334221,41.57844552200146,19.155343448952905,7.097339025717045e-11,7.451940969387797e-11,7.824735804867225e-11,8.216373745877742e-11,8.627722963034331e-11,9.059506197961803e-11,9.512874100213234e-11,9.98888274248475e-11,1.0488658552485747e-10,1.1013516325621112e-10,1.1564716947674145e-10,1.214340833499431e-10,193.6550878,193.1190708,190.6332823,184.8039344,166.828961,193.371011,194.6729071,193.9897028,185.4729849,169.3139691,167.4584703,194.22075,194.5659717,192.0894271,185.9669884,169.6393196,194.3633734,195.7035673,194.7850887,192.1477027,169.7825829,167.7084503,194.290979,195.4899605,191.932132,185.633616,169.0571379,166.629911,193.7267411,192.3253372,
23.413338593736036,28.369417385958222,34.066555529786015,39.82632877850525,45.288762370710714,52.720153345030376,60.87956535521159,68.81246503923043,81.85619533296659,96.33834224285526,113.26453331050264,133.0834995132204,155.26051600931604,180.88894566280314,210.67193893896783,242.8621033083355,280.56294944978305,325.97224652890765,378.31866376494673,439.1983027278564,504.86957695306273,580.3603705880092,667.1389505816106,766.0651688269437,874.5596672347637,993.5307765249967,1123.9704089149868,1266.9613319750974,1423.6850077404315,1595.4300293618064,8.821842701982048,9.109386787860657,9.410216723433168,9.371811347618628,8.776752011000665,8.574231303136587,8.134394267427755,6.944306121015395,7.293369075906496,7.424799743494897,7.657897444076565,8.043158712400817,8.168478592182286,8.324286228432623,8.59659014290504,7.940636487425602,7.44274882442962,7.738666131188327,8.083528747612927,8.731869677437606,9.13532192625244,9.557415511125473,9.99901174689893,10.461011745093511,10.944358252696642,11.450037575911141,11.979081592789866,12.53256985886324,13.111631810056359,13.717449067390621,160.3166095043111,152.5962119262118,141.895129346813,131.17409427390996,105.86889361832417,126.09076855187035,124.54985177739987,115.17515353979542,91.87567619117019,67.26150431369537,39.61547084546854,47.08192997442903,28.07011549855435,5.560122145867612e-11,5.836783953554494e-11,6.128979961203127e-11,6.435846988957989e-11,6.758049924103168e-11,7.096366188090144e-11,7.451603419301031e-11,7.824596750655262e-11,8.216250491535892e-11,8.627488342439735e-11,9.059284854367578e-11,9.512670724528299e-11,9.988726079603359e-11,1.0488586196712609e-10,1.1013438127817596e-10,1.1564556451077699e-10,1.214321714583132e-10,192.5517908,190.0750161,185.3719016,180.3722344,159.934408,187.3851532,193.5638114,190.9319247,181.0252406,171.0246463,160.5379016,188.2085882,191.4991101,186.7878575,181.5073977,171.353284,188.3467967,194.5885996,191.7147732,186.8445248,171.4979948,160.7775506,188.2766433,194.3762098,186.6349037,181.1820197,170.7652202,159.7435842,192.6230359,189.2937938,
31.944869200972047,38.706881723594776,46.479986447460945,54.33854973269953,61.791426473169345,71.93072428008006,83.06332497171374,93.88687505090718,111.68357911589841,131.4428409970479,154.5367264573349,181.57747848462958,211.83552512754233,246.80263713633514,287.43818429726207,331.35804588472286,382.796613431716,444.752495968212,516.1732993299399,599.2367247310852,688.837797939271,791.8365018144681,910.2361215971563,1045.2098285609059,1193.2383784743354,1355.5610865219535,1533.531305448182,1728.6263499158495,1942.4581920931364,2176.7849725156752,8.615312897217047,8.896125234874335,9.189912384720536,9.152406124321773,8.571277832811619,8.373498375009348,7.943958446172866,6.781731675306962,7.122622652261055,7.250976371978796,7.4786169788195505,7.854858823740045,7.97724481644386,8.1294048110639,8.39533376781007,7.754736765694064,7.268505243632261,7.557494775134022,7.894283748528814,8.527446247930135,8.921453200904338,9.333665074141683,9.764923018081989,10.216107048156086,10.688137840525856,11.18197861079566,11.698637079528815,12.239167528579882,12.804672952438876,13.396307308977097,145.04205890184008,138.07821284156157,124.32438226785075,112.05133814301254,89.77821319405466,101.52438624494798,95.57045248215263,85.84971327382706,57.3716125318838,25.278900531018746,4.802650044225022e-11,5.041318874865938e-11,5.2933346454694485e-11,5.558354782255416e-11,5.836678198626055e-11,6.128929235067409e-11,6.435800940622556e-11,6.758013642647896e-11,7.096337400978391e-11,7.451580354576586e-11,7.82457972669353e-11,8.216236544121477e-11,8.627472622140127e-11,9.059269522452375e-11,9.512657550736782e-11,9.988714498227233e-11,1.0488575380477774e-10,1.101342600147838e-10,1.156452058336163e-10,1.214315863875699e-10,185.602241,185.6812198,179.9942811,175.542294,160.1409175,181.8286089,186.5777359,186.51832,176.1778143,163.9727179,160.7451903,182.6276266,187.0723943,181.3691603,176.6470603,164.2878048,182.7617368,187.5655376,187.2830721,181.4241836,164.4265487,160.9851488,182.6936637,187.3608133,181.2206437,176.3303952,163.7239889,159.9498473,185.6709147,184.9180563,
36.26887239284406,43.9461794357652,52.77143840153166,61.69372345426666,70.15540892116067,81.66714484339441,94.3066354403089,106.59524285923924,126.80087853380118,149.2347205143591,175.45455505319075,206.1554973082508,240.509221709011,280.20942255862354,326.34532830677443,376.2101076992197,434.61131230881045,504.9534377864704,586.0416396828205,680.3483891465181,782.0777113110516,899.0181446550135,1033.444135703645,1186.68765419983,1354.7530969953993,1539.0475308715224,1741.1074960995372,1962.6102741437423,2205.3860309848064,2471.430886072598,8.419046641801046,8.693461767117455,8.980556124202957,8.943904297458658,8.376014744349733,8.182740919023516,7.762986379805514,6.62723640658857,6.96036151405538,7.085791195582256,7.30824590029522,7.6759165442721935,7.795514450136921,7.944208073572947,8.20407887768207,7.57807537627068,7.102920740357855,7.38532677409477,7.714443326132127,8.333181690936144,8.718212734365252,9.121033970052515,9.542467386110275,9.983372950254859,10.444650364637697,10.927240901757651,11.432129325200869,11.960345899127582,12.512968490606326,13.091124769085337,135.7825659653841,129.514308197148,113.93937447429767,100.14212034830852,80.67917903452516,86.35062663761944,79.34938637992477,69.75266853421338,37.63678645218667,13.512403790104058,4.8004475808930256e-11,5.0408418360826305e-11,5.293265593029932e-11,5.5583312148757333e-11,5.836665087178619e-11,6.128921937838588e-11,6.435792670704451e-11,6.75800652235114e-11,7.096331491393218e-11,7.451575077967237e-11,7.824575396505997e-11,8.216232698969666e-11,8.627469771284015e-11,9.059266457860937e-11,9.51265494148282e-11,9.988712212325695e-11,1.048857209734815e-10,1.1013421720460076e-10,1.156451379440491e-10,1.2143153748671216e-10,180.470485,182.1539494,175.691369,170.7797481,159.2106027,176.2005124,181.4190082,182.9751478,171.3980265,169.8329155,159.8113651,176.9747983,183.5186966,177.0333805,171.8545416,170.1592632,177.1047574,182.379498,183.7253724,177.0870885,170.3029657,160.0499295,177.0387913,182.1804342,176.8884143,171.5464678,169.5752972,159.0206425,180.5372599,181.4052833,
37.46326785656006,45.39340163769072,54.509291344900085,63.725402372634804,72.46574548919547,84.35658239411444,97.41231284731998,110.10560494454909,130.97664646161405,154.14927289637484,181.23257104370686,212.9445473823213,248.429598176182,289.43719395359346,337.0924333039352,388.5993444301833,448.9237997299447,521.5824106684329,605.340984542628,702.7534151683203,807.8328563992573,928.6243364920166,1067.4772033523618,1225.767290745236,1399.3674135360418,1589.730975600809,1798.445118087298,2027.2423581823466,2278.013132335512,2552.8192955946743,8.309901369115044,8.580758952235035,8.864131392430908,8.827954723242405,8.267427341026066,8.07665913483534,7.662346330957855,6.541320321843259,6.870126765660852,6.993930365592551,7.213501147643104,7.576405276549802,7.694452704479953,7.841218650499866,8.097720466291857,7.479832530189809,7.010837841419602,7.289582738109556,7.614432593768342,8.225149579142945,8.605189045732581,9.00278807093885,9.41875798654678,9.853947611574409,10.309244984354113,10.785579174643996,11.283922179467115,11.805290906547102,12.350749249387537,12.921410258229198,129.75690647435408,123.49850981010495,108.65537266270128,93.71708520415669,77.44283796981405,79.57635267108762,71.37797372176142,61.625839033648845,29.025622272768402,4.57303148393367e-11,4.800410742689173e-11,5.040816258943235e-11,5.293254338234216e-11,5.558326638137232e-11,5.83666215395807e-11,6.128918645073729e-11,6.435791068880978e-11,6.75800526821119e-11,7.096330519674313e-11,7.451573797857772e-11,7.824575697602638e-11,8.216231794709152e-11,8.627468994347093e-11,9.059266459311297e-11,9.512654821655517e-11,9.988712401301774e-11,1.0488570619943002e-10,1.1013420682728654e-10,1.1564511227453653e-10,1.2143152934781317e-10,175.5300757,177.4726704,172.0287954,166.2704423,158.1760108,172.0095942,176.4526329,178.2727643,166.8723955,159.4416796,158.7728693,172.7654637,178.8023442,173.3428306,167.3168567,159.7480597,172.8923318,177.3868292,179.0037085,173.3954189,159.8829697,159.0098835,172.8279347,177.1932147,173.2008864,167.0169173,159.1998237,157.987285,175.5950227,176.7432447,
34.83009583762806,42.20284614493011,50.67800942654843,59.246349795980784,67.37236244306634,78.42743085230578,90.56551620717856,102.36663782674064,121.77072128934213,143.31461870433878,168.4943193562521,197.97736336895224,230.96828462775653,269.09358903170346,313.39929562656636,361.2859524365454,417.370396737778,484.9220687410341,562.7935231595633,653.3591488668529,751.0528957831958,863.3543331299927,992.4476807416419,1139.6120694743488,1301.0104006978484,1477.9939232270256,1672.0382231878957,1884.7540447336105,2117.898951645448,2373.389877843747,8.351637761313047,8.623855723794568,8.908651399089965,8.872293032961077,8.30895040786486,8.11722407036561,7.700830384789631,6.574174034338559,6.904631905060857,7.029057307270676,7.249730881263977,7.614457692339998,7.733098012234953,7.880601088674628,8.138391182137783,7.517399910377453,7.046049700717186,7.326194590718093,7.652676001359183,8.266460306367483,8.648408517179675,9.048004479306908,9.466063599439563,9.903438959780269,10.36102305882458,10.839749632573687,11.34059555989547,11.8645828559219,12.412780757550491,12.986307905305141,130.4816938010881,123.383753231306,110.17239947439384,98.58271587109199,81.2556412491044,83.61480217736597,76.30982730807102,66.05503023896196,38.62951880564025,17.03398698843598,4.800489552185456e-11,5.0408491153367885e-11,5.29326787872014e-11,5.558333851453172e-11,5.836667381229247e-11,6.128923962672718e-11,6.4357943997437e-11,6.758008229864792e-11,7.096333259801956e-11,7.451576006729745e-11,7.824576510628387e-11,8.216233697937942e-11,8.627470985081191e-11,9.059268338797101e-11,9.512656680790311e-11,9.988713590395997e-11,1.048857310693321e-10,1.101342281188183e-10,1.1564514099735792e-10,1.2143155418523326e-10,173.6634274,174.2104551,169.7590603,166.7013587,156.9369541,170.1594571,174.5761739,174.9958421,167.304872,167.377663,157.5291372,170.9071965,175.5156874,171.0557581,167.7504851,167.6992927,171.0327,175.5004355,175.7133503,171.1076526,167.8409177,157.7642948,170.9689955,175.3088801,170.9156868,167.4497684,167.123769,156.7497067,173.7276837,173.4944373,
28.109760739788044,34.059966794304984,40.899879414343054,47.8149909559429,54.37312023422347,63.295155057050195,73.09124280700095,82.61538269836052,98.27552173591509,115.66260572676222,135.98397848796245,159.77838080431508,186.40382873570755,217.17300002718451,252.93008831068485,291.57719602557773,336.8403591785327,391.3581918723138,454.2046440431222,527.2959752226026,606.1400836165005,696.7733838884568,800.95865892699,919.7282361333921,1049.9853705278463,1192.820592583292,1349.4247796704549,1521.0978889576757,1709.2583689501482,1915.4532884272949,7.843664689758042,8.099325493214453,8.36679899313779,8.3326520580416,7.803573716405276,7.623508782254797,7.2324414800162184,6.174311938711094,6.484670314650713,6.601527769645105,6.808779277644158,7.151322248400981,7.2627464881174495,7.4012779600713605,7.643388443219095,7.06016782827367,6.617486631880277,6.880592222007166,7.187215998767486,7.763667997514661,8.122384907908154,8.497676177463227,8.890307617251665,9.301080422313463,9.730832806557714,10.180441713203395,10.650824604250307,11.142941332631752,11.657796100869161,12.19643951022526,137.24588447048313,131.54755831251126,121.12660259255141,109.58160088604939,94.73776904940685,98.34332346073236,93.78593271302205,85.70027256296962,61.569045649477424,33.73157760363812,14.71380343444112,3.076079847334104,5.293438690782702e-11,5.558381768693736e-11,5.836691383271582e-11,6.128938038659233e-11,6.435808515154909e-11,6.758020434030513e-11,7.096343117201284e-11,7.451584954363478e-11,7.824583380245558e-11,8.216240668382388e-11,8.627475823726346e-11,9.059273044736078e-11,9.512660279765055e-11,9.988716564349391e-11,1.0488578310171843e-10,1.1013430608469407e-10,1.1564526184236965e-10,1.2143162146253873e-10,173.1993099,173.7068506,170.393281,165.7292439,156.914463,169.2619873,174.109617,174.4899672,166.3292377,155.9957111,157.5065612,170.0057829,175.0083098,171.6948233,166.7722523,156.2954695,170.1306244,175.0314085,175.2054013,171.7469117,156.4274638,157.7416851,170.067256,174.840365,171.5542286,166.4732892,155.7590824,156.7272424,173.2633944,172.9929026,
17.81257122117203,21.583093144423774,25.917403628915654,30.299366107263833,34.455116343930804,40.108824398956266,46.31640162987383,52.351651154254064,62.27515582304551,73.2929896204384,86.17022123303282,101.24823950037892,118.12023254093982,137.61801696249472,160.2765407260943,184.76640974477408,213.4487356037888,247.9955532260166,287.82004393062687,334.13650156030434,384.09837456010655,441.5308134573529,507.5508571354359,582.8126700153657,665.3539091580681,755.8656210615161,855.1024399674629,963.8881217185815,1083.1215076552953,1213.7829431128991,8.401563289063045,8.675408552180482,8.961906716831429,8.925331002839883,8.358620753492493,8.16574828886743,7.746865429898365,6.613474003705656,6.945907329310753,7.071076538190398,7.293069283938624,7.659976407313616,7.779325951046154,7.927710790937079,8.187041936207399,7.562338420470877,7.0881705110198725,7.369990088295239,7.698423182808722,8.315876649031624,8.70010812050992,9.1020928403714,9.522651089752694,9.962641050524349,10.422960556477783,10.904548925425084,11.408388875950173,11.935508532722611,12.486983524466034,13.063939178862007,148.10272158979413,145.41791140342642,137.46761505428515,127.78504258993016,114.9717459026123,122.29171011221369,121.16976984026707,117.5032838420815,98.39330624768701,86.0577508414167,64.91757738307626,62.40759409235767,51.09307030806671,28.117662846623585,5.838931263238517e-11,6.129147850373485e-11,6.435945859066369e-11,6.758129323162145e-11,7.09642501181619e-11,7.451637349338035e-11,7.824622860784365e-11,8.216268808438755e-11,8.6275167732289e-11,9.059321984655975e-11,9.512707834871085e-11,9.988759307368656e-11,1.0488624653555474e-10,1.1013475079095777e-10,1.156458855954633e-10,1.2143204646976783e-10,174.3168561,175.6764131,172.3469254,167.0097397,157.785483,170.5662828,175.2330369,176.468409,167.6143694,166.421817,158.3808679,171.31581,176.9926288,173.6633906,168.0608068,166.74161,171.4416135,176.1607762,177.191955,173.7160762,166.8824261,158.6172969,171.3777567,175.9684999,173.5211839,167.7595338,166.1693729,157.5972232,174.3813542,174.9543701,
6.043286016768009,7.322514160295129,8.793019323083035,10.27969141789705,11.689616295254389,13.607754581276406,15.713804528350991,17.761388709518577,21.12814448315772,24.86617422047699,29.235043418124157,34.35057535476669,40.074750621268166,46.689780337623,54.37715674841369,62.68585520387056,72.41693201697773,84.13765988203139,97.6489483317313,113.36277185918277,130.31337852468008,149.79853036418945,172.19720609899557,197.7313446423004,225.73518025503324,256.4431648636613,290.1113238619549,327.0191335873524,367.4715446972536,411.8011597779347,9.227168938446049,9.527924454870849,9.842576249404178,9.802406309545056,9.180006521557454,8.968180846568297,8.508135165527204,7.263367518953572,7.628468435365255,7.765937784400287,8.009745335168237,8.41270772390695,8.54378552036659,8.70675185632935,8.99156698014386,8.30547503774954,7.784711549436623,8.094225000709006,8.454932590925885,9.133062035226386,9.55505120281538,9.996538196749508,10.458423905632989,10.941650843237012,11.447205071772501,11.976118214026886,12.529469558470756,13.108388261630036,13.714055652217791,14.347707641727123,165.1043566448151,164.12707438486464,108.89782562754509,151.55948327259173,141.46724658322373,155.13330757219256,157.10089230616097,156.768651471569,143.5063665815203,129.7242825951682,125.7046396467554,135.7268756213765,133.71490995841793,73.11104790610305,109.35307467150056,91.67704535844098,98.41958703364973,90.0509277173269,76.43490607741349,6.050732605665188,22.937322072582628,3.39760873914303,8.633783612383106e-11,9.060600478654978e-11,9.513019737901705e-11,9.989075843647904e-11,1.0489680977583814e-10,1.1014643714135884e-10,1.156607464066086e-10,1.2144678143574267e-10,180.3748116,180.977513,127.5334212,171.641581,162.3368694,177.709243,181.322832,181.7934077,172.2629795,162.3563946,162.9494284,178.4901587,182.3334461,128.5075801,172.7217984,162.6683756,178.6212306,182.2828126,182.538787,128.5465665,162.8057518,163.1926773,178.5546997,182.0838543,128.4023499,172.4121699,162.1101174,162.1431791,180.4415512,180.2336821,
0.05741670370800009,0.06957053245084564,0.08354166653230555,0.097666401145568,0.11106196751610678,0.129286022663243,0.14929540919069065,0.16874931786241062,0.20073655430560974,0.23625123047414512,0.27775945423921355,0.32636165190122296,0.3807465137689968,0.4435953016949219,0.5166323567748159,0.5955725353618323,0.6880265996883748,0.7993841553629931,0.9277536621970636,1.0770492518964576,1.2380954042518626,1.4232220368107549,1.6360297914906712,1.8786272894598357,2.1446891517649616,2.4364428845605457,2.7563209615264777,3.1069786615980224,3.4913132928775745,3.9124848818963556,9.650416952973053,9.964968052423808,10.294052848909521,10.252040323594073,9.601091207392683,9.379549139763151,8.89840127425017,7.596536435842912,7.978384443264208,8.122159478195481,8.377150422534918,8.798596598890446,8.935686902270703,9.10612846477273,9.404007989647406,8.686445175272901,8.141794391307661,8.46550514996591,8.842758310379082,9.55199338879197,9.993339097756266,10.455076993659205,10.938149288648074,11.443541729373502,11.972285608482292,12.525459869050406,13.104193306250362,13.70966687074569,14.3431160785127,15.005833532006704,182.9925561433481,182.88879921515596,124.43610928459044,172.74077317529415,162.84386672512673,182.76231533761091,184.66549471659826,186.0278017463358,175.57420610247343,163.75951009137577,164.5522298232736,183.99109804925837,185.0523388840129,126.2937491335877,174.32210995363585,163.16664158942623,184.428047609068,185.4738811947383,184.81715522749448,125.25564215938586,161.36286069806982,161.58740206961187,180.61170681994716,181.20404778125692,121.61526083984764,168.9505661464886,155.99632213232775,155.53349126776612,174.93726052872506,173.21209028621806,192.7003898,192.9233378,134.8137038,183.0904799,172.5560199,192.2711505,193.7131914,193.7930875,183.7533271,172.1179208,173.2071397,193.1160563,194.3687723,135.8434729,184.2427503,172.4486593,193.2578686,194.7387705,194.5876672,135.8846848,172.5942952,173.4657011,193.1858859,194.5262168,135.7322356,183.9124689,171.8568364,172.3501368,192.7716899,192.1304087,
0.0,0.0,0.0,0.0,0.0,0.0,0.0,0.0,0.0,0.0,0.0,0.0,0.0,0.0,0.0,0.0,0.0,0.0,0.0,0.0,0.0,0.0,0.0,0.0,0.0,0.0,0.0,0.0,0.0,0.0,9.950019333028054,10.274335840388499,10.613637251218183,10.570320424478457,9.89916224317045,9.67074228300347,9.174656923455927,7.832374991569969,8.22607767557158,8.374316283721276,8.637223558949714,9.0717537583186,9.21310010383417,9.388833116232583,9.695960471025593,8.956120533489138,8.394560773262045,8.728321306372116,9.117286493871147,9.848540156408063,10.303587680068775,10.779660477069587,11.277730011040207,11.798812631665736,12.343971648627374,12.914319501368658,13.5110200291148,14.135290845777277,14.788405824589805,15.471697697545514,192.01236566700106,191.52018885964213,128.24806674881407,179.67623177555535,170.53693085686507,194.26547131703379,193.84920917658323,194.8718930084712,182.7092290244717,171.32883751632417,172.47972384109804,195.76062594173146,194.09332439621843,130.53356058382275,181.74789852903248,171.09234746657188,196.58823492680202,195.37041759369515,194.41809830619954,130.11630284366618,169.89693432000922,170.60765612301228,193.62871588904574,192.07715626842457,127.46384465146748,178.18634909873097,165.91954337098986,166.08551715433256,187.24870627552554,185.49343660257554,201.962385,201.7945247,138.861704,190.2465522,180.4360931,203.9362136,203.0238661,202.704268,190.9353067,179.7031538,181.1169474,204.8323797,203.3064245,139.9223937,191.443859,180.048468,204.9827957,204.0987389,203.5353848,139.964843,180.200522,181.3873166,204.9064459,203.8759689,139.8078163,191.1006686,179.4305634,180.220808,202.0371121,200.9651343,
0.0,0.0,0.0,0.0,0.0,0.0,0.0,0.0,0.0,0.0,0.0,0.0,0.0,0.0,0.0,0.0,0.0,0.0,0.0,0.0,0.0,0.0,0.0,0.0,0.0,0.0,0.0,0.0,0.0,0.0,10.107721147264055,10.437177875953282,10.781857009807387,10.737853637450497,10.056058003159833,9.824017724185383,9.320069710446118,7.956513418301183,8.356456052744955,8.5070441535602,8.774118350770562,9.215535592112657,9.359122192081749,9.53764046689512,9.849635605300527,9.098069650307355,8.527609506068366,8.866659942627884,9.261789994102568,10.004633586808364,10.466893339676176,10.950511603804497,11.45647523993652,11.985816706287778,12.539616165357561,13.119003688084645,13.725161559845063,14.359326692997506,15.022793150899282,15.716914788542999,192.66686965276506,190.98830872407729,186.9726428902248,177.9708782625833,169.62147069687572,194.21236907585188,194.5202709895931,194.37705278173993,181.03546294729827,170.0679652464852,171.5814023492771,195.71745750793738,193.5754992079708,189.72739933316018,180.04672489475755,169.82008604975366,196.55587349399568,196.05287615743933,193.90137310596805,189.3208588132659,168.60236186040183,169.6742415962774,193.55062036014948,192.7100535938025,186.56225273473729,176.43694051201498,164.57896864025957,165.10382200711246,187.82682514921612,184.88069821157822,202.7745908,201.4254866,197.7544999,188.7087319,179.6775287,204.0363868,203.8403407,202.3335662,189.391919,178.5750094,180.3555207,204.9329931,202.9346214,199.2650398,189.8963605,178.9181557,205.083483,204.9195361,203.1631631,199.3254924,179.0692552,180.6247532,205.0070956,204.6958703,199.1018689,189.5559442,178.3041302,179.4631487,202.8496183,200.597613,
0.0,0.0,0.0,0.0,0.0,0.0,0.0,0.0,0.0,0.0,0.0,0.0,0.0,0.0,0.0,0.0,0.0,0.0,0.0,0.0,0.0,0.0,0.0,0.0,0.0,0.0,0.0,0.0,0.0,0.0,10.527193507844057,10.870322753778145,11.229306137602544,11.183476616877776,10.473386333379615,10.231716338453078,9.706854385770212,8.28671024673908,8.70325057699603,8.860088112793099,9.138245940262115,9.59798208153514,9.747527552861994,9.933454370219389,10.258397366533583,9.475641280681105,8.881506931363207,9.234628025878875,9.646156050053177,10.419827793915317,10.901271414928233,11.404959929503502,11.931921153293885,12.483230391728304,13.060012634256337,13.663444849976827,14.294758389335012,14.95524149678901,15.646241939572933,16.369169757920485,189.6214689921851,187.6660643462525,184.00870396242965,173.89616268315606,166.83644006665597,191.79507406158427,191.493756514269,191.14473165330213,177.04643732304723,167.57965148725236,168.84063815978567,193.316583818515,190.27634844719066,186.79587352983592,175.98603103352454,167.30314161937994,194.1820665687008,193.03120277418842,190.6029836500175,186.3691834061589,166.02680418514973,166.83960887057833,191.05601734679206,189.56183100836193,183.50822076583842,172.2471137501227,161.87734101076956,162.14302980332081,184.5764764605423,181.3512182422006,200.1486625,198.5363871,195.2380101,185.0796393,177.3098264,202.0267904,201.2006109,199.4314419,185.7496879,176.4397396,177.9788841,202.9145659,200.023876,196.7293279,186.2444284,176.7787829,203.0635735,202.2658308,200.2491397,196.7890112,176.9280756,178.2445688,202.9879385,202.0450614,196.5682334,185.9105586,176.1720994,177.0982713,200.2227184,197.720388,
0.0,0.0,0.0,0.0,0.0,0.0,0.0,0.0,0.0,0.0,0.0,0.0,0.0,0.0,0.0,0.0,0.0,0.0,0.0,0.0,0.0,0.0,0.0,0.0,0.0,0.0,0.0,0.0,0.0,0.0,10.802522463535059,11.154625935779292,11.52299819614568,11.475970046928754,10.747308012464279,10.499317363578507,9.96072813465564,8.503441446431435,8.930876001635172,9.091815477318876,9.377248264072838,9.849008376556785,10.002465070605828,10.193254630955437,10.526696209134553,9.723467865835875,9.113794485168743,9.476151133501581,9.898442290418629,10.692348699210836,11.186384030378868,11.703246049612165,12.243989454126,12.809717672962732,13.401585118624727,14.020799542743005,14.668624500588516,15.346381929455088,16.055454846175387,16.797290169274067,184.37316103649408,182.59446016425133,178.5902639038865,169.40478655310505,162.40165978757122,186.34504493645875,186.2407666653835,186.1191169536097,172.60472789840807,163.3583951227265,164.42507673597484,187.86035592349327,185.19824222944672,181.37218006909978,171.49242409092346,163.05811983422504,188.74075511489525,187.76409666656562,185.522096809652,180.93120270086334,161.74112066969903,162.35852895046966,185.5368654459599,184.2152460271275,178.00698368147007,167.6720254573566,157.51999769951607,157.5959952706547,179.1924445539399,176.15547293084705,195.1756835,193.7490861,190.1132621,180.8807566,173.1489678,196.8443623,196.2014948,194.6225584,181.5356039,172.4502106,173.802325,197.7093643,195.2007073,191.5654347,182.0191203,172.7815877,197.8545496,197.2402478,195.4205391,191.6235514,172.9275047,174.061775,197.7808549,197.0249637,191.4085688,181.692825,172.1886222,172.9423772,195.2478994,192.9527631,
