country_1,country_2,country_3,country_4,collaboration_emissions,technology_cost,technology_name,collaboration_emissions_MtCO2e/y,technology_cost_G$/y,technology_size
MX,,,,,,RE_PV_Existing_[MX],77.65338138847146,0.0,10.893
MX,,,,,,RE_WIND_Existing_[MX],77.65338138847146,0.0,7.318
MX,,,,,,RE_PV_Openfield_Lim_[MX],77.65338138847146,1.5532801939134246,58.24800727175342
MX,,,,,,RE_WIND_Onshore_Lim_[MX],77.65338138847146,2.1090344090277277e-08,7.908879033853978e-07
MX,,,,,,BESS_[MX],77.65338138847146,7.98605948057762e-06,0.00044407494976059437
MX,,,,,,PP_CO2_[MX],77.65338138847146,6.807327962222329,31.222618295600565
MX,,,,,,PP_CO2_Existing_[MX],77.65338138847146,0.5908511281717235,11.175115934468172
MX,,,,,,EL_Demand_[MX],77.65338138847146,0.0,45.58846579
