country_1,country_2,country_3,country_4,collaboration_emissions,technology_cost,technology_name
MX,,,,77.65338138848698,0.0,RE_PV_Existing_[MX]
MX,,,,77.65338138848698,0.0,RE_WIND_Existing_[MX]
MX,,,,77.65338138848698,1.5532801939134246,RE_PV_Openfield_Lim_[MX]
MX,,,,77.65338138848698,2.1090344090277277e-08,RE_WIND_Onshore_Lim_[MX]
MX,,,,77.65338138848698,7.98605948057762e-06,BESS_[MX]
MX,,,,77.65338138848698,6.807327962222329,PP_CO2_[MX]
MX,,,,77.65338138848698,0.5908511281717235,PP_CO2_Existing_[MX]
MX,,,,77.65338138848698,0.0,EL_Demand_[MX]
