country_1,country_2,country_3,country_4,collaboration_emissions,technology_cost,technology_name,collaboration_emissions_MtCO2e/y,technology_cost_G$/y,technology_size
MEX,,,,,,RE_PV_Existing_[MEX],71.26726632190585,0.0,10.893
MEX,,,,,,RE_WIND_Existing_[MEX],71.26726632190585,0.0,7.318
MEX,,,,,,RE_PV_Openfield_Lim_[MEX],71.26726632190585,6.59855579554453,62.84338852899552
MEX,,,,,,RE_WIND_Onshore_Lim_[MEX],71.26726632190585,2.420880331432589e-08,3.0261004142907356e-07
MEX,,,,,,BESS_[MEX],71.26726632190585,4.165190143649116,153.69705327118507
MEX,,,,,,BESS_Existing_[MEX],71.26726632190585,6.881243377871423e-07,2.5392041984765396e-05
MEX,,,,,,PP_CO2_[MEX],71.26726632190585,2.05184455658578e-06,3.155569722732325e-06
MEX,,,,,,PP_CO2_Existing_[MEX],71.26726632190585,11.927359372991,43.24250384630558
MEX,,,,,,EL_Demand_[MEX],71.26726632190585,0.0,46.2074085
