country_1,country_2,country_3,country_4,collaboration_emissions,technology_cost,technology_name,collaboration_emissions_MtCO2e/y,technology_cost_G$/y,technology_size
MX,,,,,,RE_PV_Existing_[MX],74.98769710358465,0.0,10.892999999985511
MX,,,,,,RE_WIND_Existing_[MX],74.98769710358465,0.0,7.31799999998551
MX,,,,,,RE_PV_Openfield_Lim_[MX],74.98769710358465,1.3636219667830831,51.13582375436562
MX,,,,,,RE_WIND_Onshore_Lim_[MX],74.98769710358465,0.2510573423722641,9.414650338959905
MX,,,,,,BESS_[MX],74.98769710358465,3.954882359418541e-08,2.19447310120236e-06
MX,,,,,,PP_CO2_[MX],74.98769710358465,6.478915772203152,29.553808998071183
MX,,,,,,PP_CO2_Existing_[MX],74.98769710358465,0.6693801853045579,13.702482029443416
MX,,,,,,EL_Demand_[MX],74.98769710358465,0.0,46.7132696
