,scenario,total_system_cost,asset_name,asset_cost
0,slow_fast_2055,489.96054466650463,RE_PV_MY,84.94560722888015
1,slow_fast_2055,489.96054466650463,RE_WIND_MY,180.85654639913938
2,slow_fast_2055,489.96054466650463,PP_CO2_MY,224.1583910384851
3,slow_fast_2055,489.96054466650463,EL_Demand_MY,0.0
