,scenario,total_system_cost,asset_name,asset_cost
0,linear_red_2055,518.8531672433201,RE_PV_MY,93.63045155206547
1,linear_red_2055,518.8531672433201,RE_WIND_MY,216.86801235147493
2,linear_red_2055,518.8531672433201,PP_CO2_MY,208.35470333977972
3,linear_red_2055,518.8531672433201,EL_Demand_MY,0.0
