,scenario,total_system_cost,asset_name,asset_cost
0,linear_red_2055,518.8531672433202,RE_PV_MY,93.6304515520653
1,linear_red_2055,518.8531672433202,RE_WIND_MY,216.86801235147502
2,linear_red_2055,518.8531672433202,PP_CO2_MY,208.35470333977983
3,linear_red_2055,518.8531672433202,EL_Demand_MY,0.0
