,scenario,total_system_cost,asset_name,asset_cost
0,slow_fast_2055,489.05578182852764,RE_PV_MY,90.86456475125351
1,slow_fast_2055,489.05578182852764,RE_WIND_MY,172.08092702814758
2,slow_fast_2055,489.05578182852764,PP_CO2_MY,226.11029004912658
3,slow_fast_2055,489.05578182852764,EL_Demand_MY,0.0
