,scenario,total_system_cost,asset_name,asset_cost
0,scenario_2055,532.8601242486657,RE_PV_MY,83.84324065331501
1,scenario_2055,532.8601242486657,RE_WIND_MY,243.84069238479984
2,scenario_2055,532.8601242486657,PP_CO2_MY,205.17619121055077
3,scenario_2055,532.8601242486657,EL_Demand_MY,0.0
