,scenario,total_system_cost,asset_name,asset_cost
0,linear_red_2055,541.0227580077308,RE_PV_MY,87.82102720037463
1,linear_red_2055,541.0227580077308,RE_WIND_MY,246.31856344585384
2,linear_red_2055,541.0227580077308,PP_CO2_MY,206.8831673615023
3,linear_red_2055,541.0227580077308,EL_Demand_MY,0.0
