,scenario,total_system_cost,asset_name,asset_cost
0,linear_red_2055,541.0227580077229,RE_PV_MY,87.82102720036549
1,linear_red_2055,541.0227580077229,RE_WIND_MY,246.31856344586333
2,linear_red_2055,541.0227580077229,PP_CO2_MY,206.8831673614941
3,linear_red_2055,541.0227580077229,EL_Demand_MY,0.0
