,scenario,total_system_cost,asset_name,asset_cost
0,slow_fast_2055,506.58468698333445,RE_PV_MY,87.2700960070712
1,slow_fast_2055,506.58468698333445,RE_WIND_MY,194.3861062845878
2,slow_fast_2055,506.58468698333445,PP_CO2_MY,224.92848469167538
3,slow_fast_2055,506.58468698333445,EL_Demand_MY,0.0
