,scenario,total_system_cost,asset_name,asset_cost
0,slow_fast_2055,506.5846869833383,RE_PV_MY,87.27009600708706
1,slow_fast_2055,506.5846869833383,RE_WIND_MY,194.38610628457917
2,slow_fast_2055,506.5846869833383,PP_CO2_MY,224.92848469167214
3,slow_fast_2055,506.5846869833383,EL_Demand_MY,0.0
