,scenario,total_system_cost,asset_name,asset_cost
0,linear_red_2055,587.814258861023,RE_PV_MY,85.99425419183106
1,linear_red_2055,587.814258861023,RE_WIND_MY,299.9464249606428
2,linear_red_2055,587.814258861023,PP_CO2_MY,201.87357970854907
3,linear_red_2055,587.814258861023,EL_Demand_MY,0.0
