,scenario,total_system_cost,asset_name,asset_cost
0,linear_red_2055,587.8142588608551,RE_PV_MY,85.99425415748348
1,linear_red_2055,587.8142588608551,RE_WIND_MY,299.9464249741694
2,linear_red_2055,587.8142588608551,PP_CO2_MY,201.87357972920222
3,linear_red_2055,587.8142588608551,EL_Demand_MY,0.0
