,scenario,total_system_cost,asset_name,asset_cost
0,linear_red_2055,587.8142588612802,RE_PV_MY,85.99425424253545
1,linear_red_2055,587.8142588612802,RE_WIND_MY,299.9464249405498
2,linear_red_2055,587.8142588612802,PP_CO2_MY,201.87357967819509
3,linear_red_2055,587.8142588612802,EL_Demand_MY,0.0
