,scenario,total_system_cost,asset_name,asset_cost
0,linear_red_2055,519.033446617103,RE_PV_MY,93.70277357608613
1,linear_red_2055,519.033446617103,RE_WIND_MY,216.90598598101383
2,linear_red_2055,519.033446617103,PP_CO2_MY,208.42468706000295
3,linear_red_2055,519.033446617103,EL_Demand_MY,0.0
