,scenario,total_system_cost,asset_name,asset_cost
0,fast_slow_2055,598.3786598077597,RE_PV_MY,89.11200886887781
1,fast_slow_2055,598.3786598077597,RE_WIND_MY,327.73844033804323
2,fast_slow_2055,598.3786598077597,PP_CO2_MY,181.52821060083863
3,fast_slow_2055,598.3786598077597,EL_Demand_MY,0.0
