,scenario,total_system_cost,asset_name,asset_cost
0,fast_slow_2055,598.3786598077519,RE_PV_MY,89.11200886960347
1,fast_slow_2055,598.3786598077519,RE_WIND_MY,327.7384403374136
2,fast_slow_2055,598.3786598077519,PP_CO2_MY,181.52821060073484
3,fast_slow_2055,598.3786598077519,EL_Demand_MY,0.0
