,scenario,total_system_cost,asset_name,asset_cost
0,fast_slow_2055,668.2109551041693,RE_PV_MY,87.25571723628453
1,fast_slow_2055,668.2109551041693,RE_WIND_MY,406.3004954849047
2,fast_slow_2055,668.2109551041693,PP_CO2_MY,174.65474238298017
3,fast_slow_2055,668.2109551041693,EL_Demand_MY,0.0
