,scenario,total_system_cost,asset_name,asset_cost
0,fast_slow_2055,668.210954507249,RE_PV_MY,87.25565549129982
1,fast_slow_2055,668.210954507249,RE_WIND_MY,406.30053590202397
2,fast_slow_2055,668.210954507249,PP_CO2_MY,174.65476311392518
3,fast_slow_2055,668.210954507249,EL_Demand_MY,0.0
