,scenario,total_system_cost,asset_name,asset_cost
0,slow_fast_2055,486.3792906784889,RE_PV_MY,90.17602057538124
1,slow_fast_2055,486.3792906784889,RE_WIND_MY,170.25885599921884
2,slow_fast_2055,486.3792906784889,PP_CO2_MY,225.94441410388887
3,slow_fast_2055,486.3792906784889,EL_Demand_MY,0.0
