,scenario,total_system_cost,asset_name,asset_cost
0,fast_slow_2055,569.8154509049668,RE_PV_MY,93.18974727013324
1,fast_slow_2055,569.8154509049668,RE_WIND_MY,292.7740195038994
2,fast_slow_2055,569.8154509049668,PP_CO2_MY,183.8516841309342
3,fast_slow_2055,569.8154509049668,EL_Demand_MY,0.0
