,scenario,total_system_cost,asset_name,asset_cost
0,linear_red_2055,516.2208585221617,RE_PV_MY,91.92541503757715
1,linear_red_2055,516.2208585221617,RE_WIND_MY,216.10369595614185
2,linear_red_2055,516.2208585221617,PP_CO2_MY,208.19174752844282
3,linear_red_2055,516.2208585221617,EL_Demand_MY,0.0
