,scenario,total_system_cost,asset_name,asset_cost
0,linear_red_2055,516.2208585220637,RE_PV_MY,91.92541501031675
1,linear_red_2055,516.2208585220637,RE_WIND_MY,216.10369595613554
2,linear_red_2055,516.2208585220637,PP_CO2_MY,208.19174755561144
3,linear_red_2055,516.2208585220637,EL_Demand_MY,0.0
