,scenario,total_system_cost,asset_name,asset_cost
0,linear_red_2055,519.6464807050911,RE_PV_MY,91.72850327649451
1,linear_red_2055,519.6464807050911,RE_WIND_MY,219.60771895045218
2,linear_red_2055,519.6464807050911,PP_CO2_MY,208.31025847814448
3,linear_red_2055,519.6464807050911,EL_Demand_MY,0.0
