,scenario,total_system_cost,asset_name,asset_cost
0,slow_fast_2055,489.3091694149486,RE_PV_MY,91.5406813757076
1,slow_fast_2055,489.3091694149486,RE_WIND_MY,171.16500238294233
2,slow_fast_2055,489.3091694149486,PP_CO2_MY,226.6034856562987
3,slow_fast_2055,489.3091694149486,EL_Demand_MY,0.0
