,scenario,total_system_cost,asset_name,asset_cost
0,slow_fast_2055,487.51815045610715,RE_PV_MY,90.7804887665478
1,slow_fast_2055,487.51815045610715,RE_WIND_MY,170.45347326026146
2,slow_fast_2055,487.51815045610715,PP_CO2_MY,226.28418842929793
3,slow_fast_2055,487.51815045610715,EL_Demand_MY,0.0
