,scenario,total_system_cost,asset_name,asset_cost
0,fast_slow_2055,568.7900327412233,RE_PV_MY,95.97250897436331
1,fast_slow_2055,568.7900327412233,RE_WIND_MY,289.0188753307684
2,fast_slow_2055,568.7900327412233,PP_CO2_MY,183.79864843609153
3,fast_slow_2055,568.7900327412233,EL_Demand_MY,0.0
